t;max_slip_rate;moment_rate
0.00000000000000E+00;-0.3000000E+01;0.4613852E+16
0.10000000000000E+01;-0.2981961E+01;0.4725126E+16
0.25000000000000E+01;-0.2953574E+01;0.4912612E+16
0.47500000000000E+01;-0.2907613E+01;0.5244852E+16
0.81250000000000E+01;-0.2829369E+01;0.5885809E+16
0.13187500000000E+02;-0.2682429E+01;0.7348827E+16
0.20781250000000E+02;-0.2330404E+01;0.1258053E+17
0.23525674286573E+02;-0.2114511E+01;0.1754288E+17
0.24884164308427E+02;-0.1968935E+01;0.2203037E+17
0.26921899341207E+02;-0.1659517E+01;0.3643742E+17
0.27677416114828E+02;-0.1497612E+01;0.4816544E+17
0.28810691275259E+02;-0.1169116E+01;0.8903982E+17
0.29157898906924E+02;-0.1039018E+01;0.1160426E+18
0.29678710354421E+02;-0.8088471E+00;0.1916865E+18
0.29887834724184E+02;-0.7028467E+00;0.2450343E+18
0.30201521278830E+02;-0.5276864E+00;0.3746364E+18
0.30349090124605E+02;-0.4382816E+00;0.4691671E+18
0.30570443393268E+02;-0.2956011E+00;0.6786972E+18
0.30678176452555E+02;-0.2225203E+00;0.8235636E+18
0.30731504316902E+02;-0.1855678E+00;0.9092760E+18
0.30811496113422E+02;-0.1295858E+00;0.1058889E+19
0.30851092052699E+02;-0.1020553E+00;0.1143586E+19
0.30910485961616E+02;-0.6261080E-01;0.1285411E+19
0.30994396172899E+02;-0.2123568E-01;0.1516748E+19
0.31019840965636E+02;-0.1479596E-01;0.1593055E+19
0.31058008154741E+02;-0.5789367E-02;0.1710993E+19
0.31096723952581E+02;0.1862175E-02;0.1833074E+19
0.31133874949556E+02;0.9726610E-02;0.1951096E+19
0.31170509273571E+02;0.1714712E-01;0.2067468E+19
0.31206590444970E+02;0.2380498E-01;0.2181580E+19
0.31242140677907E+02;0.2834185E-01;0.2293202E+19
0.31277364729289E+02;0.3639648E-01;0.2402735E+19
0.31311896695715E+02;0.3987959E-01;0.2508912E+19
0.31346272189807E+02;0.4445222E-01;0.2613445E+19
0.31380158176251E+02;0.5041903E-01;0.2715407E+19
0.31413554980683E+02;0.5295342E-01;0.2814732E+19
0.31446863832404E+02;0.5673260E-01;0.2912440E+19
0.31479692284112E+02;0.5947635E-01;0.3007285E+19
0.31512247398947E+02;0.6242857E-01;0.3099526E+19
0.31544911765640E+02;0.6488932E-01;0.3189436E+19
0.31577201168988E+02;0.6927935E-01;0.3275228E+19
0.31608773684580E+02;0.7166990E-01;0.3356186E+19
0.31640170675599E+02;0.7515939E-01;0.3433615E+19
0.31671629219409E+02;0.7799607E-01;0.3507438E+19
0.31702735103789E+02;0.8076831E-01;0.3576163E+19
0.31733384965384E+02;0.8057130E-01;0.3639987E+19
0.31763964092306E+02;0.8510358E-01;0.3700902E+19
0.31794504912438E+02;0.8592158E-01;0.3759897E+19
0.31824731946221E+02;0.8805692E-01;0.3816146E+19
0.31856117114743E+02;0.8903108E-01;0.3871121E+19
0.31886160653016E+02;0.8864662E-01;0.3919953E+19
0.31915981662807E+02;0.9117057E-01;0.3965069E+19
0.31945778107574E+02;0.8815789E-01;0.4007172E+19
0.31975716733893E+02;0.9158673E-01;0.4046568E+19
0.32006094305848E+02;0.8882766E-01;0.4083338E+19
0.32035890897649E+02;0.8899891E-01;0.4115706E+19
0.32066998882215E+02;0.8913665E-01;0.4145078E+19
0.32096948755996E+02;0.8460381E-01;0.4169208E+19
0.32127253778278E+02;0.8373142E-01;0.4190185E+19
0.32157866006408E+02;0.8280043E-01;0.4208666E+19
0.32188163472343E+02;0.7599996E-01;0.4224643E+19
0.32218802225114E+02;0.7740496E-01;0.4238541E+19
0.32250164958051E+02;0.7288188E-01;0.4250524E+19
0.32281107747540E+02;0.6754473E-01;0.4259745E+19
0.32313659911852E+02;0.6688143E-01;0.4265849E+19
0.32345542165660E+02;0.5991991E-01;0.4268164E+19
0.32377811916867E+02;0.5095381E-01;0.4267627E+19
0.32410657321628E+02;0.5029604E-01;0.4265438E+19
0.32443470625794E+02;0.4423541E-01;0.4262680E+19
0.32477250773733E+02;0.3116527E-01;0.4259344E+19
0.32511517222355E+02;0.2884049E-01;0.4255020E+19
0.32546489980545E+02;0.2231998E-01;0.4249573E+19
0.32581500620028E+02;0.1343403E-01;0.4243219E+19
0.32618323805910E+02;0.7040158E-02;0.4235482E+19
0.32655871369645E+02;-0.8189113E-03;0.4226176E+19
0.32693223643128E+02;-0.1355351E-01;0.4215378E+19
0.32731572727932E+02;-0.1994988E-01;0.4202979E+19
0.32771285095444E+02;-0.2789712E-01;0.4188973E+19
0.32811411086736E+02;-0.3659158E-01;0.4173952E+19
0.32852587848527E+02;-0.3941486E-01;0.4158556E+19
0.32896065314982E+02;-0.4014806E-01;0.4143501E+19
0.32939324740564E+02;-0.4249206E-01;0.4130469E+19
0.32984415633094E+02;-0.4567745E-01;0.4119056E+19
0.33029774533090E+02;-0.4889181E-01;0.4109054E+19
0.33076294363541E+02;-0.5275147E-01;0.4098322E+19
0.33120927243103E+02;-0.5066104E-01;0.4086029E+19
0.33165584695134E+02;-0.4970030E-01;0.4072177E+19
0.33210324427070E+02;-0.5020808E-01;0.4058001E+19
0.33256231331384E+02;-0.5274759E-01;0.4044197E+19
0.33302892323342E+02;-0.5644609E-01;0.4031305E+19
0.33351228756148E+02;-0.6063298E-01;0.4018697E+19
0.33399429950809E+02;-0.6254149E-01;0.4005961E+19
0.33446048842416E+02;-0.5965644E-01;0.3993450E+19
0.33492135553614E+02;-0.5886108E-01;0.3981747E+19
0.33539125119510E+02;-0.5976704E-01;0.3970820E+19
0.33586787488206E+02;-0.6296972E-01;0.3959866E+19
0.33635560939097E+02;-0.6733322E-01;0.3947441E+19
0.33684851306248E+02;-0.7181364E-01;0.3932780E+19
0.33734834812675E+02;-0.6974107E-01;0.3915598E+19
0.33782422694969E+02;-0.6756691E-01;0.3897936E+19
0.33830163646210E+02;-0.6743353E-01;0.3880306E+19
0.33879050483496E+02;-0.6924732E-01;0.3863471E+19
0.33928586647509E+02;-0.7352404E-01;0.3848437E+19
0.33978988493203E+02;-0.7811048E-01;0.3835656E+19
0.34031116841161E+02;-0.7953066E-01;0.3824217E+19
0.34082794628053E+02;-0.7588252E-01;0.3813177E+19
0.34131341693395E+02;-0.7491492E-01;0.3802582E+19
0.34180806800844E+02;-0.7590394E-01;0.3791575E+19
0.34231297746783E+02;-0.7919656E-01;0.3779858E+19
0.34283322037418E+02;-0.8353967E-01;0.3766933E+19
0.34335389853293E+02;-0.8762992E-01;0.3753140E+19
0.34389631325338E+02;-0.8350173E-01;0.3738426E+19
0.34439820192301E+02;-0.8175247E-01;0.3725642E+19
0.34490138063291E+02;-0.8216265E-01;0.3714437E+19
0.34541622786093E+02;-0.8479491E-01;0.3704187E+19
0.34593714392102E+02;-0.8839813E-01;0.3693871E+19
0.34646645657441E+02;-0.9202972E-01;0.3682664E+19
0.34701126688318E+02;-0.9030574E-01;0.3670195E+19
0.34753438979998E+02;-0.8778140E-01;0.3657899E+19
0.34804530593011E+02;-0.8769427E-01;0.3646586E+19
0.34856407974305E+02;-0.8971910E-01;0.3636457E+19
0.34909050656729E+02;-0.9269243E-01;0.3627562E+19
0.34963197656867E+02;-0.9580976E-01;0.3619626E+19
0.35017637263618E+02;-0.9612418E-01;0.3612319E+19
0.35072204947907E+02;-0.9290384E-01;0.3604956E+19
0.35123997658037E+02;-0.9241440E-01;0.3597759E+19
0.35176522499606E+02;-0.9390538E-01;0.3590348E+19
0.35229888994501E+02;-0.9630761E-01;0.3582642E+19
0.35284885596952E+02;-0.9884426E-01;0.3574698E+19
0.35339569165711E+02;-0.1007952E+00;0.3567093E+19
0.35395715755002E+02;-0.9706869E-01;0.3560080E+19
0.35448286602010E+02;-0.9629063E-01;0.3554942E+19
0.35501476056685E+02;-0.9731061E-01;0.3551306E+19
0.35555493298206E+02;-0.9918752E-01;0.3548488E+19
0.35610644139863E+02;-0.1011144E+00;0.3545742E+19
0.35665607995555E+02;-0.1031605E+00;0.3542610E+19
0.35722216150566E+02;-0.1003467E+00;0.3538862E+19
0.35775484093052E+02;-0.9934233E-01;0.3535452E+19
0.35829224321369E+02;-0.9991709E-01;0.3532942E+19
0.35883712855098E+02;-0.1012982E+00;0.3531941E+19
0.35939059994854E+02;-0.1026487E+00;0.3532623E+19
0.35994226498693E+02;-0.1040221E+00;0.3534397E+19
0.36050939226953E+02;-0.1028012E+00;0.3536478E+19
0.36104766608854E+02;-0.1014620E+00;0.3538368E+19
0.36158897237233E+02;-0.1017686E+00;0.3540324E+19
0.36213651532373E+02;-0.1026987E+00;0.3542612E+19
0.36269181298033E+02;-0.1035157E+00;0.3545336E+19
0.36324454431912E+02;-0.1042403E+00;0.3548256E+19
0.36380974629406E+02;-0.1045069E+00;0.3551529E+19
0.36435207473206E+02;-0.1027070E+00;0.3555782E+19
0.36489563342547E+02;-0.1025419E+00;0.3561925E+19
0.36544397535987E+02;-0.1030371E+00;0.3569675E+19
0.36600068706004E+02;-0.1037830E+00;0.3577820E+19
0.36655362750120E+02;-0.1039049E+00;0.3585051E+19
0.36711496282920E+02;-0.1047792E+00;0.3591390E+19
0.36765993932894E+02;-0.1032986E+00;0.3597447E+19
0.36820427399937E+02;-0.1026912E+00;0.3604452E+19
0.36875191492600E+02;-0.1026894E+00;0.3612978E+19
0.36930953475968E+02;-0.1032192E+00;0.3622885E+19
0.36986203775062E+02;-0.1030878E+00;0.3633328E+19
0.37041850847656E+02;-0.1032459E+00;0.3644170E+19
0.37096493885401E+02;-0.1033054E+00;0.3655142E+19
0.37150879939293E+02;-0.1022866E+00;0.3666231E+19
0.37205459420348E+02;-0.1018334E+00;0.3677141E+19
0.37260961823823E+02;-0.1018156E+00;0.3687877E+19
0.37316121822899E+02;-0.1018456E+00;0.3698432E+19
0.37371258355422E+02;-0.1013524E+00;0.3709286E+19
0.37425960301840E+02;-0.1023961E+00;0.3721153E+19
0.37480199975498E+02;-0.1011830E+00;0.3734462E+19
0.37534512857769E+02;-0.1005323E+00;0.3748941E+19
0.37589455009205E+02;-0.1000323E+00;0.3763805E+19
0.37644494408676E+02;-0.1002285E+00;0.3778031E+19
0.37699136289130E+02;-0.9915917E-01;0.3791156E+19
0.37753843001603E+02;-0.9970079E-01;0.3803689E+19
0.37807857753181E+02;-0.9853450E-01;0.3816393E+19
0.37861842261547E+02;-0.9884071E-01;0.3830316E+19
0.37916209411083E+02;-0.9791701E-01;0.3845738E+19
0.37971106384493E+02;-0.9777807E-01;0.3862150E+19
0.38025284602985E+02;-0.9671149E-01;0.3878523E+19
0.38079963332623E+02;-0.9650873E-01;0.3895140E+19
0.38133686446412E+02;-0.9574219E-01;0.3911547E+19
0.38187292106593E+02;-0.9589082E-01;0.3927846E+19
0.38241080936170E+02;-0.9463633E-01;0.3944083E+19
0.38295821492257E+02;-0.9485874E-01;0.3960216E+19
0.38349576460590E+02;-0.9371701E-01;0.3975838E+19
0.38403908814949E+02;-0.9318527E-01;0.3992597E+19
0.38457274211785E+02;-0.9283831E-01;0.4010838E+19
0.38510460106597E+02;-0.9204030E-01;0.4030470E+19
0.38563679060219E+02;-0.9134999E-01;0.4050571E+19
0.38617890087014E+02;-0.9154092E-01;0.4070366E+19
0.38671256260070E+02;-0.8980488E-01;0.4088671E+19
0.38724750137536E+02;-0.8977741E-01;0.4106288E+19
0.38777709984166E+02;-0.8910881E-01;0.4124022E+19
0.38830437825978E+02;-0.8818002E-01;0.4142775E+19
0.38883100049636E+02;-0.8807232E-01;0.4162722E+19
0.38936368571248E+02;-0.8711649E-01;0.4183797E+19
0.38989063254260E+02;-0.8602695E-01;0.4205171E+19
0.39041660006279E+02;-0.8630722E-01;0.4226614E+19
0.39094221435348E+02;-0.8452422E-01;0.4247944E+19
0.39146453813730E+02;-0.8420358E-01;0.4269068E+19
0.39198560854956E+02;-0.8476914E-01;0.4290066E+19
0.39251029585790E+02;-0.8234814E-01;0.4310936E+19
0.39303278817239E+02;-0.8234351E-01;0.4331496E+19
0.39355128798364E+02;-0.8210899E-01;0.4352370E+19
0.39406987231134E+02;-0.8017293E-01;0.4374557E+19
0.39458598953896E+02;-0.8006998E-01;0.4398136E+19
0.39510138762785E+02;-0.7939209E-01;0.4422713E+19
0.39561561537631E+02;-0.7786489E-01;0.4447191E+19
0.39613164887752E+02;-0.7731700E-01;0.4470578E+19
0.39664341613065E+02;-0.7739361E-01;0.4492537E+19
0.39715342060162E+02;-0.7549919E-01;0.4514278E+19
0.39766237754292E+02;-0.7547809E-01;0.4536809E+19
0.39817050235901E+02;-0.7451040E-01;0.4560542E+19
0.39867765252081E+02;-0.7333990E-01;0.4585476E+19
0.39918352181516E+02;-0.7311578E-01;0.4611014E+19
0.39968872583061E+02;-0.7209310E-01;0.4636511E+19
0.40019123097599E+02;-0.7112912E-01;0.4661719E+19
0.40069421638123E+02;-0.7007891E-01;0.4686829E+19
0.40119853559214E+02;-0.6980386E-01;0.4711905E+19
0.40169821712062E+02;-0.6840699E-01;0.4736657E+19
0.40219550042635E+02;-0.6824744E-01;0.4761227E+19
0.40269436776505E+02;-0.6695729E-01;0.4786139E+19
0.40319341529353E+02;-0.6623114E-01;0.4811748E+19
0.40368639507791E+02;-0.6560600E-01;0.4838123E+19
0.40417950208633E+02;-0.6479500E-01;0.4865741E+19
0.40466973415527E+02;-0.6377159E-01;0.4893813E+19
0.40515928671223E+02;-0.6284245E-01;0.4921354E+19
0.40564704961869E+02;-0.6253249E-01;0.4947766E+19
0.40613734022130E+02;-0.6111197E-01;0.4973481E+19
0.40662780196157E+02;-0.6088925E-01;0.4999093E+19
0.40711129423505E+02;-0.5968364E-01;0.5025209E+19
0.40759285776067E+02;-0.5928352E-01;0.5052702E+19
0.40807498128779E+02;-0.5787505E-01;0.5081510E+19
0.40855667917228E+02;-0.5768698E-01;0.5110805E+19
0.40903575211535E+02;-0.5658341E-01;0.5139750E+19
0.40951220136432E+02;-0.5558042E-01;0.5168107E+19
0.40998936583153E+02;-0.5457124E-01;0.5196046E+19
0.41046962895460E+02;-0.5390784E-01;0.5223952E+19
0.41094510193607E+02;-0.5370591E-01;0.5251820E+19
0.41142176666874E+02;-0.5237391E-01;0.5280137E+19
0.41189187312915E+02;-0.5122773E-01;0.5308397E+19
0.41236309980791E+02;-0.5050447E-01;0.5337449E+19
0.41283298642105E+02;-0.5048728E-01;0.5367497E+19
0.41330168666100E+02;-0.4904826E-01;0.5398233E+19
0.41377598246980E+02;-0.4828396E-01;0.5429524E+19
0.41423998964712E+02;-0.4734897E-01;0.5459802E+19
0.41470270988122E+02;-0.4679078E-01;0.5489149E+19
0.41516548684912E+02;-0.4569946E-01;0.5517759E+19
0.41563350038566E+02;-0.4560368E-01;0.5546727E+19
0.41609526045456E+02;-0.4407881E-01;0.5576049E+19
0.41655292182603E+02;-0.4305601E-01;0.5606305E+19
0.41701266631267E+02;-0.4228891E-01;0.5637995E+19
0.41747680012890E+02;-0.4189150E-01;0.5670909E+19
0.41793481348566E+02;-0.4157829E-01;0.5703453E+19
0.41839413874788E+02;-0.4007906E-01;0.5735319E+19
0.41884628398621E+02;-0.3901201E-01;0.5765819E+19
0.41929856412821E+02;-0.3853358E-01;0.5795995E+19
0.41975019657588E+02;-0.3810979E-01;0.5826330E+19
0.42020138328222E+02;-0.3713089E-01;0.5857197E+19
0.42065444311174E+02;-0.3600571E-01;0.5888911E+19
0.42110087829018E+02;-0.3499097E-01;0.5920868E+19
0.42154638920557E+02;-0.3438739E-01;0.5953528E+19
0.42199296638378E+02;-0.3371404E-01;0.5987067E+19
0.42244648225475E+02;-0.3404843E-01;0.6021441E+19
0.42289087397313E+02;-0.3218646E-01;0.6054587E+19
0.42333266575390E+02;-0.3096987E-01;0.6086674E+19
0.42377464892552E+02;-0.3038297E-01;0.6118135E+19
0.42421858842605E+02;-0.3042587E-01;0.6149739E+19
0.42465828799111E+02;-0.2942948E-01;0.6181743E+19
0.42510348681793E+02;-0.2826934E-01;0.6215138E+19
0.42554107338340E+02;-0.2699956E-01;0.6249024E+19
0.42597531959636E+02;-0.2657683E-01;0.6283649E+19
0.42640931041356E+02;-0.2593288E-01;0.6318733E+19
0.42684725260654E+02;-0.2563473E-01;0.6353806E+19
0.42728386572322E+02;-0.2465309E-01;0.6387861E+19
0.42771812625085E+02;-0.2312212E-01;0.6420842E+19
0.42814887832797E+02;-0.2251083E-01;0.6453314E+19
0.42858003169684E+02;-0.2227848E-01;0.6486433E+19
0.42901282315256E+02;-0.2207520E-01;0.6520669E+19
0.42944115084124E+02;-0.2111275E-01;0.6555319E+19
0.42987222840160E+02;-0.1917700E-01;0.6590797E+19
0.43029607767464E+02;-0.1877082E-01;0.6626275E+19
0.43072007709106E+02;-0.1831162E-01;0.6662222E+19
0.43114394606797E+02;-0.1779937E-01;0.6698164E+19
0.43157642038860E+02;-0.1768727E-01;0.6734149E+19
0.43199986336903E+02;-0.1537396E-01;0.6768456E+19
0.43241906406872E+02;-0.1484478E-01;0.6802011E+19
0.43284064428093E+02;-0.1452473E-01;0.6836107E+19
0.43326106639122E+02;-0.1466966E-01;0.6871100E+19
0.43368021325266E+02;-0.1365495E-01;0.6907163E+19
0.43410626501356E+02;-0.1170785E-01;0.6944744E+19
0.43452038680222E+02;-0.1104107E-01;0.6981781E+19
0.43493457281617E+02;-0.1073544E-01;0.7018927E+19
0.43534826163416E+02;-0.1025859E-01;0.7055589E+19
0.43576296715580E+02;-0.1051200E-01;0.7091471E+19
0.43618096698603E+02;-0.8190560E-02;0.7126895E+19
0.43659051434570E+02;-0.7349682E-02;0.7161554E+19
0.43700225914711E+02;-0.7051452E-02;0.7197151E+19
0.43741571292893E+02;-0.6976203E-02;0.7234106E+19
0.43782717853485E+02;-0.6347127E-02;0.7271854E+19
0.43823695063460E+02;-0.4905650E-02;0.7309884E+19
0.43864317450690E+02;-0.3570313E-02;0.7347705E+19
0.43904757727381E+02;-0.3226411E-02;0.7385268E+19
0.43945198316210E+02;-0.2890618E-02;0.7422639E+19
0.43985878888799E+02;-0.2651151E-02;0.7459973E+19
0.44026496706617E+02;-0.1971088E-02;0.7496838E+19
0.44066897535037E+02;0.1311996E-03;0.7533177E+19
0.44106933173568E+02;0.3887291E-03;0.7569446E+19
0.44146946068403E+02;0.5669515E-03;0.7606614E+19
0.44187200989273E+02;0.9104205E-03;0.7645158E+19
0.44227188840423E+02;0.1614898E-02;0.7684320E+19
0.44267149621703E+02;0.3606311E-02;0.7723839E+19
0.44306741627321E+02;0.4113947E-02;0.7762763E+19
0.44346308099772E+02;0.4466930E-02;0.7801031E+19
0.44385865175823E+02;0.4309938E-02;0.7838688E+19
0.44426170485165E+02;0.5119305E-02;0.7876646E+19
0.44465689648855E+02;0.6758446E-02;0.7913853E+19
0.44504795341041E+02;0.7732175E-02;0.7951225E+19
0.44543973181052E+02;0.8174049E-02;0.7989752E+19
0.44583139422154E+02;0.8381558E-02;0.8029568E+19
0.44622262242710E+02;0.8304128E-02;0.8070114E+19
0.44662211078610E+02;0.9669309E-02;0.8111323E+19
0.44701103649125E+02;0.1131857E-01;0.8150730E+19
0.44739851159098E+02;0.1176215E-01;0.8189331E+19
0.44778734332766E+02;0.1213296E-01;0.8227821E+19
0.44817412182172E+02;0.1197368E-01;0.8266335E+19
0.44856140297512E+02;0.1273897E-01;0.8305293E+19
0.44895100429451E+02;0.1468761E-01;0.8344826E+19
0.44933384339160E+02;0.1526615E-01;0.8384111E+19
0.44971700604449E+02;0.1567458E-01;0.8424237E+19
0.45010037596279E+02;0.1590238E-01;0.8465306E+19
0.45048344501576E+02;0.1576966E-01;0.8506694E+19
0.45086764524617E+02;0.1763813E-01;0.8547779E+19
0.45124639337856E+02;0.1868285E-01;0.8587569E+19
0.45162793214165E+02;0.1911819E-01;0.8627161E+19
0.45200997195512E+02;0.1951860E-01;0.8666761E+19
0.45238849433591E+02;0.1924016E-01;0.8706223E+19
0.45277080330001E+02;0.2039530E-01;0.8746479E+19
0.45314662220309E+02;0.2198776E-01;0.8786756E+19
0.45352293483706E+02;0.2250549E-01;0.8828101E+19
0.45390030004971E+02;0.2293914E-01;0.8870607E+19
0.45427683456991E+02;0.2312034E-01;0.8913491E+19
0.45465199722421E+02;0.2316078E-01;0.8955595E+19
0.45502908802898E+02;0.2515376E-01;0.8996570E+19
0.45540045478031E+02;0.2583876E-01;0.9036080E+19
0.45577216657279E+02;0.2626063E-01;0.9075844E+19
0.45614386199248E+02;0.2665138E-01;0.9116461E+19
0.45651441242885E+02;0.2612427E-01;0.9157800E+19
0.45688778077881E+02;0.2790328E-01;0.9200119E+19
0.45725504891054E+02;0.2907089E-01;0.9242293E+19
0.45762503725513E+02;0.2953030E-01;0.9285282E+19
0.45799459451595E+02;0.2998245E-01;0.9328527E+19
0.45836250984425E+02;0.2999222E-01;0.9371331E+19
0.45873111061345E+02;0.3043843E-01;0.9413425E+19
0.45909627031551E+02;0.3215662E-01;0.9454384E+19
0.45946209860829E+02;0.3275497E-01;0.9495371E+19
0.45982936582946E+02;0.3320311E-01;0.9537163E+19
0.46019646803049E+02;0.3351105E-01;0.9579697E+19
0.46055939182749E+02;0.3321177E-01;0.9622255E+19
0.46092702835095E+02;0.3501518E-01;0.9665839E+19
0.46128757941531E+02;0.3590688E-01;0.9709264E+19
0.46164838041055E+02;0.3636277E-01;0.9753338E+19
0.46200994375844E+02;0.3678354E-01;0.9797424E+19
0.46237036341878E+02;0.3650076E-01;0.9840344E+19
0.46273234929202E+02;0.3749011E-01;0.9881928E+19
0.46308926002989E+02;0.3890482E-01;0.9921616E+19
0.46344738525750E+02;0.3947144E-01;0.9960880E+19
0.46380595621494E+02;0.3991942E-01;0.1000048E+20
0.46416353678962E+02;0.4000654E-01;0.1004059E+20
0.46452002498418E+02;0.4031743E-01;0.1008109E+20
0.46487692359367E+02;0.4175262E-01;0.1012200E+20
0.46523134734550E+02;0.4249618E-01;0.1016285E+20
0.46558908144549E+02;0.4297301E-01;0.1020396E+20
0.46594590285477E+02;0.4326690E-01;0.1024425E+20
0.46629858828849E+02;0.4303233E-01;0.1028293E+20
0.46665441297687E+02;0.4420343E-01;0.1032093E+20
0.46700455605360E+02;0.4538770E-01;0.1035770E+20
0.46735637387403E+02;0.4595145E-01;0.1039440E+20
0.46770838340735E+02;0.4632882E-01;0.1043096E+20
0.46805885642158E+02;0.4606089E-01;0.1046695E+20
0.46840992562385E+02;0.4708149E-01;0.1050224E+20
0.46875795542793E+02;0.4818208E-01;0.1053632E+20
0.46910570213471E+02;0.4882084E-01;0.1056950E+20
0.46945356446528E+02;0.4925497E-01;0.1060167E+20
0.46980193339740E+02;0.4926575E-01;0.1063234E+20
0.47014864756759E+02;0.4981653E-01;0.1066076E+20
0.47049657671731E+02;0.5052273E-01;0.1068736E+20
0.47084051755076E+02;0.5152128E-01;0.1071259E+20
0.47118603113635E+02;0.5206418E-01;0.1073766E+20
0.47153119671405E+02;0.5223610E-01;0.1076289E+20
0.47187449451504E+02;0.5249523E-01;0.1078822E+20
0.47222556936215E+02;0.5329409E-01;0.1081407E+20
0.47256684322320E+02;0.5427339E-01;0.1083884E+20
0.47290859863348E+02;0.5473905E-01;0.1086320E+20
0.47325127446132E+02;0.5503345E-01;0.1088710E+20
0.47359199963969E+02;0.5515062E-01;0.1090990E+20
0.47393410674940E+02;0.5598210E-01;0.1093126E+20
0.47427864600716E+02;0.5651492E-01;0.1095118E+20
0.47461674940766E+02;0.5743095E-01;0.1096965E+20
0.47495585709483E+02;0.5764216E-01;0.1098739E+20
0.47529412338165E+02;0.5782930E-01;0.1100412E+20
0.47563311794877E+02;0.5852877E-01;0.1101966E+20
0.47597402294933E+02;0.5862622E-01;0.1103415E+20
0.47630962959076E+02;0.5994517E-01;0.1104766E+20
0.47664519717886E+02;0.6032024E-01;0.1106083E+20
0.47698078251484E+02;0.6050266E-01;0.1107393E+20
0.47731642723752E+02;0.6099074E-01;0.1108671E+20
0.47765456698290E+02;0.6122480E-01;0.1109865E+20
0.47799011745295E+02;0.6193908E-01;0.1110934E+20
0.47832333143542E+02;0.6287490E-01;0.1111931E+20
0.47865620096293E+02;0.6308855E-01;0.1112917E+20
0.47898924054841E+02;0.6338133E-01;0.1113891E+20
0.47932391695661E+02;0.6360026E-01;0.1114822E+20
0.47965886729613E+02;0.6328431E-01;0.1115686E+20
0.47998944188251E+02;0.6510959E-01;0.1116464E+20
0.48032015956604E+02;0.6550115E-01;0.1117168E+20
0.48065103372611E+02;0.6568450E-01;0.1117809E+20
0.48098295303087E+02;0.6580731E-01;0.1118386E+20
0.48131727478773E+02;0.6517299E-01;0.1118890E+20
0.48164853874932E+02;0.6689305E-01;0.1119327E+20
0.48197708419160E+02;0.6764792E-01;0.1119742E+20
0.48230626332213E+02;0.6785545E-01;0.1120163E+20
0.48263596168953E+02;0.6787538E-01;0.1120562E+20
0.48296549437019E+02;0.6734735E-01;0.1120890E+20
0.48329411254061E+02;0.6779195E-01;0.1121136E+20
0.48362024878771E+02;0.6977553E-01;0.1121355E+20
0.48394818529503E+02;0.6982853E-01;0.1121608E+20
0.48427720471557E+02;0.6979255E-01;0.1121904E+20
0.48460506285902E+02;0.6954312E-01;0.1122202E+20
0.48493204636373E+02;0.6937191E-01;0.1122445E+20
0.48526129817254E+02;0.7127028E-01;0.1122615E+20
0.48558570716065E+02;0.7194851E-01;0.1122740E+20
0.48591319586596E+02;0.7202127E-01;0.1122877E+20
0.48624046381839E+02;0.7205846E-01;0.1123046E+20
0.48656606846366E+02;0.7184468E-01;0.1123219E+20
0.48689200969885E+02;0.7197859E-01;0.1123370E+20
0.48721420083749E+02;0.7391016E-01;0.1123493E+20
0.48753765685427E+02;0.7411840E-01;0.1123606E+20
0.48786185348021E+02;0.7414104E-01;0.1123721E+20
0.48818593726865E+02;0.7425230E-01;0.1123823E+20
0.48850991023651E+02;0.7398088E-01;0.1123896E+20
0.48883513830388E+02;0.7502499E-01;0.1123958E+20
0.48915609808386E+02;0.7600270E-01;0.1124049E+20
0.48947670918372E+02;0.7605382E-01;0.1124170E+20
0.48979839917230E+02;0.7612379E-01;0.1124279E+20
0.49012287086483E+02;0.7634252E-01;0.1124336E+20
0.49044444737060E+02;0.7596954E-01;0.1124328E+20
0.49076333301356E+02;0.7744860E-01;0.1124293E+20
0.49108204317413E+02;0.7785645E-01;0.1124282E+20
0.49140076936210E+02;0.7780276E-01;0.1124319E+20
0.49172056846947E+02;0.7801982E-01;0.1124364E+20
0.49204522709470E+02;0.7833349E-01;0.1124347E+20
0.49236431022957E+02;0.7809167E-01;0.1124245E+20
0.49268162632020E+02;0.7938547E-01;0.1124095E+20
0.49299908831244E+02;0.7955360E-01;0.1123949E+20
0.49331629281209E+02;0.7949209E-01;0.1123829E+20
0.49363455128620E+02;0.7983923E-01;0.1123706E+20
0.49395755124296E+02;0.8021919E-01;0.1123544E+20
0.49427395216194E+02;0.8031048E-01;0.1123348E+20
0.49458988353221E+02;0.8107057E-01;0.1123129E+20
0.49490681249014E+02;0.8139308E-01;0.1122894E+20
0.49522258336373E+02;0.8126630E-01;0.1122644E+20
0.49553973113476E+02;0.8159758E-01;0.1122369E+20
0.49586223311688E+02;0.8198836E-01;0.1122082E+20
0.49617661562635E+02;0.8214172E-01;0.1121826E+20
0.49649278429726E+02;0.8280450E-01;0.1121598E+20
0.49680835513421E+02;0.8309314E-01;0.1121368E+20
0.49712273908161E+02;0.8290962E-01;0.1121102E+20
0.49743923931310E+02;0.8328806E-01;0.1120786E+20
0.49775463160194E+02;0.8361328E-01;0.1120450E+20
0.49806868091430E+02;0.8379955E-01;0.1120153E+20
0.49838439397547E+02;0.8435365E-01;0.1119929E+20
0.49870061917064E+02;0.8466349E-01;0.1119744E+20
0.49901346426689E+02;0.8440151E-01;0.1119520E+20
0.49932893572515E+02;0.8492473E-01;0.1119227E+20
0.49964144945624E+02;0.8508360E-01;0.1118913E+20
0.49995535923935E+02;0.8522884E-01;0.1118627E+20
0.50027086846378E+02;0.8576724E-01;0.1118396E+20
0.50058648680644E+02;0.8612493E-01;0.1118206E+20
0.50089784014788E+02;0.8575256E-01;0.1118017E+20
0.50121335482265E+02;0.8648268E-01;0.1117797E+20
0.50152597197811E+02;0.8640036E-01;0.1117562E+20
0.50183750444189E+02;0.8659530E-01;0.1117334E+20
0.50215051351634E+02;0.8707086E-01;0.1117119E+20
0.50246240315388E+02;0.8747561E-01;0.1116914E+20
0.50277241784159E+02;0.8692824E-01;0.1116720E+20
0.50308395454453E+02;0.8796388E-01;0.1116551E+20
0.50339443657264E+02;0.8746899E-01;0.1116412E+20
0.50370447794070E+02;0.8826243E-01;0.1116279E+20
0.50401427681609E+02;0.8829650E-01;0.1116120E+20
0.50432757098979E+02;0.8870961E-01;0.1115922E+20
0.50463646442715E+02;0.8807407E-01;0.1115718E+20
0.50494742437679E+02;0.8932008E-01;0.1115551E+20
0.50525598641869E+02;0.8840087E-01;0.1115457E+20
0.50556488566627E+02;0.8970579E-01;0.1115412E+20
0.50587370436574E+02;0.8945077E-01;0.1115343E+20
0.50618507219417E+02;0.8990247E-01;0.1115202E+20
0.50649362236576E+02;0.8948700E-01;0.1115020E+20
0.50680271074305E+02;0.9051980E-01;0.1114863E+20
0.50711079271212E+02;0.9026773E-01;0.1114773E+20
0.50741878245578E+02;0.9089339E-01;0.1114749E+20
0.50772882359853E+02;0.9053629E-01;0.1114741E+20
0.50803804377189E+02;0.9080798E-01;0.1114687E+20
0.50834726965576E+02;0.9109748E-01;0.1114586E+20
0.50865417687724E+02;0.9154108E-01;0.1114482E+20
0.50896165906902E+02;0.9154784E-01;0.1114406E+20
0.50926893068317E+02;0.9180928E-01;0.1114363E+20
0.50957591655266E+02;0.9185215E-01;0.1114346E+20
0.50988272552220E+02;0.9183230E-01;0.1114341E+20
0.51019158934710E+02;0.9260899E-01;0.1114339E+20
0.51049805864038E+02;0.9234799E-01;0.1114336E+20
0.51080482740825E+02;0.9261530E-01;0.1114319E+20
0.51111152776656E+02;0.9275142E-01;0.1114279E+20
0.51141894229978E+02;0.9332851E-01;0.1114228E+20
0.51172418916561E+02;0.9252734E-01;0.1114209E+20
0.51203226133287E+02;0.9364102E-01;0.1114251E+20
0.51233772374672E+02;0.9297958E-01;0.1114339E+20
0.51264295020601E+02;0.9388891E-01;0.1114417E+20
0.51294736539467E+02;0.9412478E-01;0.1114434E+20
0.51325661352103E+02;0.9444461E-01;0.1114391E+20
0.51356107367637E+02;0.9309603E-01;0.1114351E+20
0.51386731944063E+02;0.9438120E-01;0.1114375E+20
0.51417127824309E+02;0.9478111E-01;0.1114481E+20
0.51447561046910E+02;0.9489814E-01;0.1114624E+20
0.51478064936005E+02;0.9482852E-01;0.1114724E+20
0.51508912263446E+02;0.9518608E-01;0.1114749E+20
0.51539363412618E+02;0.9499749E-01;0.1114737E+20
0.51569707827067E+02;0.9502174E-01;0.1114751E+20
0.51600153921577E+02;0.9597169E-01;0.1114822E+20
0.51630621916605E+02;0.9562767E-01;0.1114948E+20
0.51661038745947E+02;0.9519521E-01;0.1115086E+20
0.51691519166392E+02;0.9639012E-01;0.1115191E+20
0.51722023370642E+02;0.9641775E-01;0.1115256E+20
0.51752320387461E+02;0.9561835E-01;0.1115308E+20
0.51782938973587E+02;0.9665261E-01;0.1115369E+20
0.51813363907720E+02;0.9657523E-01;0.1115441E+20
0.51843578186130E+02;0.9656326E-01;0.1115535E+20
0.51873768788372E+02;0.9705537E-01;0.1115659E+20
0.51904580861369E+02;0.9735340E-01;0.1115798E+20
0.51934899428144E+02;0.9611871E-01;0.1115925E+20
0.51965124523894E+02;0.9699046E-01;0.1116021E+20
0.51995334293753E+02;0.9794686E-01;0.1116077E+20
0.52025982961403E+02;0.9756040E-01;0.1116114E+20
0.52056174431194E+02;0.9708225E-01;0.1116186E+20
0.52086416768278E+02;0.9840979E-01;0.1116325E+20
0.52116609453140E+02;0.9791930E-01;0.1116506E+20
0.52146676805248E+02;0.9745437E-01;0.1116667E+20
0.52176822971396E+02;0.9865144E-01;0.1116758E+20
0.52206975374262E+02;0.9824998E-01;0.1116784E+20
0.52237008792628E+02;0.9759522E-01;0.1116807E+20
0.52267180188241E+02;0.9897084E-01;0.1116893E+20
0.52297351796544E+02;0.9908762E-01;0.1117056E+20
0.52327610438625E+02;0.9837385E-01;0.1117250E+20
0.52357648353372E+02;0.9866837E-01;0.1117398E+20
0.52388047379443E+02;0.9970819E-01;0.1117469E+20
0.52418175609617E+02;0.9915696E-01;0.1117498E+20
0.52448119720418E+02;0.9877721E-01;0.1117551E+20
0.52478162914550E+02;0.1002308E+00;0.1117661E+20
0.52508549339186E+02;0.9959015E-01;0.1117820E+20
0.52538440242963E+02;0.9939945E-01;0.1117984E+20
0.52568418137201E+02;0.1003523E+00;0.1118111E+20
0.52598821646090E+02;0.1000758E+00;0.1118196E+20
0.52628708378528E+02;0.9961985E-01;0.1118267E+20
0.52658834151130E+02;0.1006216E+00;0.1118353E+20
0.52688733542297E+02;0.1009625E+00;0.1118456E+20
0.52718940087337E+02;0.1000200E+00;0.1118580E+20
0.52748888721446E+02;0.1003089E+00;0.1118719E+20
0.52779133067080E+02;0.1015201E+00;0.1118862E+20
0.52809113682676E+02;0.1012367E+00;0.1118991E+20
0.52838964886425E+02;0.1002083E+00;0.1119100E+20
0.52868951126475E+02;0.1018588E+00;0.1119184E+20
0.52898878883417E+02;0.1017822E+00;0.1119257E+20
0.52928652355143E+02;0.1012997E+00;0.1119357E+20
0.52958443515014E+02;0.1018407E+00;0.1119509E+20
0.52988531894787E+02;0.1021115E+00;0.1119690E+20
0.53018311531015E+02;0.1020619E+00;0.1119853E+20
0.53048056034895E+02;0.1019635E+00;0.1119966E+20
0.53077995420628E+02;0.1024509E+00;0.1120028E+20
0.53107883741333E+02;0.1021419E+00;0.1120086E+20
0.53137669894090E+02;0.1023427E+00;0.1120201E+20
0.53167380186612E+02;0.1030223E+00;0.1120384E+20
0.53197587509633E+02;0.1026754E+00;0.1120594E+20
0.53227313793706E+02;0.1025322E+00;0.1120761E+20
0.53257137330163E+02;0.1032575E+00;0.1120856E+20
0.53286799069765E+02;0.1035157E+00;0.1120910E+20
0.53316470294936E+02;0.1023329E+00;0.1120988E+20
0.53346466497351E+02;0.1031495E+00;0.1121136E+20
0.53376348005684E+02;0.1038585E+00;0.1121342E+20
0.53406163010300E+02;0.1037838E+00;0.1121550E+20
0.53435784911786E+02;0.1030183E+00;0.1121702E+20
0.53465551608602E+02;0.1040048E+00;0.1121794E+20
0.53495155937644E+02;0.1042231E+00;0.1121870E+20
0.53524714175234E+02;0.1036117E+00;0.1121981E+20
0.53554371277406E+02;0.1041542E+00;0.1122147E+20
0.53584178576929E+02;0.1042192E+00;0.1122348E+20
0.53613729434627E+02;0.1046249E+00;0.1122542E+20
0.53643269754462E+02;0.1043615E+00;0.1122694E+20
0.53672995787930E+02;0.1046853E+00;0.1122809E+20
0.53702578047420E+02;0.1045726E+00;0.1122920E+20
0.53732274905994E+02;0.1047022E+00;0.1123055E+20
0.53761743033222E+02;0.1052048E+00;0.1123214E+20
0.53791463565556E+02;0.1047176E+00;0.1123397E+20
0.53821019646698E+02;0.1052135E+00;0.1123590E+20
0.53850749457976E+02;0.1053071E+00;0.1123768E+20
0.53880442793164E+02;0.1056865E+00;0.1123920E+20
0.53910017738640E+02;0.1045050E+00;0.1124058E+20
0.53939874649035E+02;0.1056284E+00;0.1124191E+20
0.53969325398323E+02;0.1058936E+00;0.1124330E+20
0.53998827696461E+02;0.1058440E+00;0.1124506E+20
0.54028234790324E+02;0.1055151E+00;0.1124717E+20
0.54058245983873E+02;0.1057758E+00;0.1124936E+20
0.54087653430859E+02;0.1063935E+00;0.1125119E+20
0.54117048545774E+02;0.1052611E+00;0.1125261E+20
0.54146767912954E+02;0.1063668E+00;0.1125374E+20
0.54176151411296E+02;0.1061780E+00;0.1125501E+20
0.54205605281515E+02;0.1067535E+00;0.1125688E+20
0.54234943213246E+02;0.1062669E+00;0.1125931E+20
0.54264807104847E+02;0.1065067E+00;0.1126185E+20
0.54294109464882E+02;0.1068003E+00;0.1126384E+20
0.54323475598968E+02;0.1063977E+00;0.1126515E+20
0.54352851021406E+02;0.1070434E+00;0.1126613E+20
0.54382238781363E+02;0.1062263E+00;0.1126744E+20
0.54411712888242E+02;0.1074565E+00;0.1126954E+20
0.54441134143461E+02;0.1070194E+00;0.1127227E+20
0.54470808959888E+02;0.1074824E+00;0.1127500E+20
0.54500144907630E+02;0.1069059E+00;0.1127701E+20
0.54529440931641E+02;0.1073980E+00;0.1127823E+20
0.54558678059725E+02;0.1076955E+00;0.1127923E+20
0.54588015034302E+02;0.1073498E+00;0.1128073E+20
0.54617414974263E+02;0.1079640E+00;0.1128305E+20
0.54646759073559E+02;0.1073964E+00;0.1128590E+20
0.54676126349051E+02;0.1082386E+00;0.1128864E+20
0.54705368892319E+02;0.1071576E+00;0.1129065E+20
0.54734625478046E+02;0.1082576E+00;0.1129196E+20
0.54763882580182E+02;0.1080577E+00;0.1129316E+20
0.54793203562048E+02;0.1083126E+00;0.1129486E+20
0.54822437415922E+02;0.1082943E+00;0.1129723E+20
0.54851709065808E+02;0.1077484E+00;0.1130003E+20
0.54881081901857E+02;0.1087918E+00;0.1130274E+20
0.54910367196064E+02;0.1074547E+00;0.1130487E+20
0.54939603412657E+02;0.1090088E+00;0.1130644E+20
0.54968984394632E+02;0.1081080E+00;0.1130793E+20
0.54998330539499E+02;0.1091453E+00;0.1130974E+20
0.55027472645208E+02;0.1086985E+00;0.1131201E+20
0.55056674354937E+02;0.1087716E+00;0.1131467E+20
0.55085824687475E+02;0.1092920E+00;0.1131738E+20
0.55115377630382E+02;0.1083435E+00;0.1131978E+20
0.55144610694306E+02;0.1096467E+00;0.1132172E+20
0.55173810746900E+02;0.1083989E+00;0.1132344E+20
0.55203097792194E+02;0.1098295E+00;0.1132521E+20
0.55232152134344E+02;0.1094190E+00;0.1132728E+20
0.55261290367480E+02;0.1096284E+00;0.1132982E+20
0.55290330873890E+02;0.1098941E+00;0.1133264E+20
0.55319986077566E+02;0.1093117E+00;0.1133540E+20
0.55349053507257E+02;0.1101654E+00;0.1133768E+20
0.55378117403507E+02;0.1092311E+00;0.1133951E+20
0.55407351462618E+02;0.1103692E+00;0.1134115E+20
0.55436357269661E+02;0.1100775E+00;0.1134302E+20
0.55465436199925E+02;0.1103178E+00;0.1134553E+20
0.55494460083215E+02;0.1104148E+00;0.1134856E+20
0.55523906873269E+02;0.1101629E+00;0.1135164E+20
0.55552894789140E+02;0.1105829E+00;0.1135418E+20
0.55581870650855E+02;0.1101297E+00;0.1135603E+20
0.55610976365432E+02;0.1107816E+00;0.1135751E+20
0.55639986826963E+02;0.1106821E+00;0.1135929E+20
0.55669007657270E+02;0.1108501E+00;0.1136186E+20
0.55698003556970E+02;0.1108692E+00;0.1136510E+20
0.55727286022537E+02;0.1109202E+00;0.1136842E+20
0.55756298225664E+02;0.1109095E+00;0.1137109E+20
0.55785216661493E+02;0.1109230E+00;0.1137290E+20
0.55814192955956E+02;0.1110783E+00;0.1137432E+20
0.55843205088170E+02;0.1112413E+00;0.1137612E+20
0.55872169892207E+02;0.1112399E+00;0.1137878E+20
0.55901101397284E+02;0.1112656E+00;0.1138213E+20
0.55930247535043E+02;0.1115994E+00;0.1138550E+20
0.55959313044626E+02;0.1111530E+00;0.1138806E+20
0.55988196977043E+02;0.1116194E+00;0.1138959E+20
0.56017166684548E+02;0.1112566E+00;0.1139046E+20
0.56046121981561E+02;0.1117510E+00;0.1139118E+20
0.56075035439565E+02;0.1118539E+00;0.1139196E+20
0.56103910065767E+02;0.1115834E+00;0.1139256E+20
0.56132939781353E+02;0.1121848E+00;0.1139247E+20
0.56161983932332E+02;0.1112743E+00;0.1139131E+20
0.56190859349344E+02;0.1121728E+00;0.1138926E+20
0.56219923051631E+02;0.1114100E+00;0.1138685E+20
0.56248858063178E+02;0.1118517E+00;0.1138450E+20
0.56277763331129E+02;0.1120923E+00;0.1138222E+20
0.56306631491249E+02;0.1113307E+00;0.1137960E+20
0.56335605455133E+02;0.1122244E+00;0.1137586E+20
0.56364801202136E+02;0.1106513E+00;0.1137030E+20
0.56393747839299E+02;0.1120661E+00;0.1136295E+20
0.56422786595407E+02;0.1103390E+00;0.1135405E+20
0.56451978779939E+02;0.1116523E+00;0.1134381E+20
0.56480877332157E+02;0.1104407E+00;0.1133246E+20
0.56510025923486E+02;0.1107634E+00;0.1131964E+20
0.56538951118231E+02;0.1106211E+00;0.1130532E+20
0.56568522317812E+02;0.1090291E+00;0.1128890E+20
0.56597586189766E+02;0.1102212E+00;0.1127128E+20
0.56626679740791E+02;0.1081175E+00;0.1125253E+20
0.56656272030655E+02;0.1085995E+00;0.1123245E+20
0.56685494835587E+02;0.1087723E+00;0.1121161E+20
0.56714693538474E+02;0.1072069E+00;0.1118971E+20
0.56743821686774E+02;0.1073611E+00;0.1116657E+20
0.56774135385995E+02;0.1069083E+00;0.1114077E+20
0.56803448631122E+02;0.1054097E+00;0.1111382E+20
0.56832799980523E+02;0.1055628E+00;0.1108457E+20
0.56862450628813E+02;0.1050419E+00;0.1105259E+20
0.56892052246288E+02;0.1026934E+00;0.1101837E+20
0.56921701841031E+02;0.1031265E+00;0.1098218E+20
0.56951408353666E+02;0.1030877E+00;0.1094435E+20
0.56981541059862E+02;0.9966099E-01;0.1090460E+20
0.57011338389260E+02;0.9985567E-01;0.1086383E+20
0.57041614317518E+02;0.1006829E+00;0.1082047E+20
0.57072392642774E+02;0.9798092E-01;0.1077404E+20
0.57102229910566E+02;0.9634732E-01;0.1072697E+20
0.57133075756775E+02;0.9735680E-01;0.1067673E+20
0.57163645545446E+02;0.9645894E-01;0.1062591E+20
0.57193665340358E+02;0.9287093E-01;0.1057530E+20
0.57223942634465E+02;0.9361824E-01;0.1052344E+20
0.57255675278825E+02;0.9346039E-01;0.1046790E+20
0.57286240745508E+02;0.9122589E-01;0.1041320E+20
0.57316854384999E+02;0.8944167E-01;0.1035747E+20
0.57347508894158E+02;0.8892020E-01;0.1030097E+20
0.57378773782508E+02;0.8862132E-01;0.1024267E+20
0.57409608982976E+02;0.8573092E-01;0.1018421E+20
0.57441107922844E+02;0.8481086E-01;0.1012299E+20
0.57472207232938E+02;0.8288659E-01;0.1006071E+20
0.57503444717342E+02;0.8300944E-01;0.9996379E+19
0.57534638527382E+02;0.8017393E-01;0.9930649E+19
0.57566563772136E+02;0.7904080E-01;0.9862091E+19
0.57598535305894E+02;0.7614965E-01;0.9792226E+19
0.57630497383736E+02;0.7644148E-01;0.9721093E+19
0.57662273656122E+02;0.7422149E-01;0.9649061E+19
0.57694911101067E+02;0.7231101E-01;0.9573952E+19
0.57727468993742E+02;0.6899244E-01;0.9498287E+19
0.57759810408648E+02;0.6848884E-01;0.9422653E+19
0.57792555364817E+02;0.6729384E-01;0.9345648E+19
0.57825369987814E+02;0.6462193E-01;0.9268017E+19
0.57858563218329E+02;0.6153427E-01;0.9189057E+19
0.57892159824830E+02;0.5847298E-01;0.9108849E+19
0.57925528326446E+02;0.5855938E-01;0.9029117E+19
0.57958711969690E+02;0.5572009E-01;0.8949857E+19
0.57992980053373E+02;0.5322659E-01;0.8867885E+19
0.58027133965133E+02;0.4675999E-01;0.8785844E+19
0.58062209130991E+02;0.4697922E-01;0.8701216E+19
0.58096754447666E+02;0.4604606E-01;0.8617646E+19
0.58131405954555E+02;0.4334694E-01;0.8533672E+19
0.58166248611808E+02;0.3858848E-01;0.8448918E+19
0.58203369870830E+02;0.3115275E-01;0.8357961E+19
0.58240197675793E+02;0.3221996E-01;0.8266952E+19
0.58275826794507E+02;0.3094256E-01;0.8178401E+19
0.58311968284136E+02;0.2770590E-01;0.8088376E+19
0.58349069614520E+02;0.2034153E-01;0.7995801E+19
0.58387137595869E+02;0.1378244E-01;0.7900373E+19
0.58427527603818E+02;0.1489929E-01;0.7798458E+19
0.58464895056219E+02;0.1313894E-01;0.7703822E+19
0.58502667911982E+02;0.8261628E-02;0.7608201E+19
0.58542388393177E+02;-0.1603700E-02;0.7507840E+19
0.58583649842481E+02;-0.6689033E-02;0.7403615E+19
0.58598522147106E+02;-0.6329225E-02;0.7366011E+19
0.58620830604044E+02;-0.6518892E-02;0.7309558E+19
0.58654293289449E+02;-0.8512369E-02;0.7224821E+19
0.58694526476801E+02;-0.1383578E-01;0.7123011E+19
0.58736618548713E+02;-0.2389585E-01;0.7016779E+19
0.58781539884040E+02;-0.3504176E-01;0.6903831E+19
0.58829385145442E+02;-0.3527009E-01;0.6783970E+19
0.58873943905189E+02;-0.3887585E-01;0.6672735E+19
0.58917427202843E+02;-0.4580695E-01;0.6564668E+19
0.58964069380775E+02;-0.5808555E-01;0.6449416E+19
0.59013527602878E+02;-0.7050955E-01;0.6327971E+19
0.59067727878193E+02;-0.7420208E-01;0.6195686E+19
0.59117571820430E+02;-0.8151277E-01;0.6074823E+19
0.59166437424862E+02;-0.9108003E-01;0.5957298E+19
0.59218476543853E+02;-0.1052497E+00;0.5833382E+19
0.59274710013012E+02;-0.1182534E+00;0.5700901E+19
0.59335380886116E+02;-0.1254648E+00;0.5559464E+19
0.59394027865427E+02;-0.1369989E+00;0.5424213E+19
0.59452821566893E+02;-0.1532792E+00;0.5290266E+19
0.59514912457133E+02;-0.1761912E+00;0.5150839E+19
0.59582111841044E+02;-0.1943233E+00;0.5002361E+19
0.59653527518330E+02;-0.2064236E+00;0.4847189E+19
0.59727226067004E+02;-0.2241362E+00;0.4689879E+19
0.59804833657294E+02;-0.2484742E+00;0.4527501E+19
0.59884307152932E+02;-0.2808507E+00;0.4364838E+19
0.59968196383593E+02;-0.2992488E+00;0.4197127E+19
0.60053400496184E+02;-0.3232495E+00;0.4031020E+19
0.60143737810418E+02;-0.3538621E+00;0.3859693E+19
0.60242629355426E+02;-0.3903166E+00;0.3677958E+19
0.60342725781137E+02;-0.4250410E+00;0.3500321E+19
0.60443982522964E+02;-0.4603405E+00;0.3327050E+19
0.60549339478169E+02;-0.4906248E+00;0.3153476E+19
0.60656893406927E+02;-0.5252374E+00;0.2983313E+19
0.60770592675104E+02;-0.5651727E+00;0.2811227E+19
0.60886606187697E+02;-0.6087414E+00;0.2643919E+19
0.61026184140834E+02;-0.6625747E+00;0.2453553E+19
0.61165139420057E+02;-0.7028709E+00;0.2275611E+19
0.61310412136301E+02;-0.7466498E+00;0.2101642E+19
0.61460732374302E+02;-0.7940382E+00;0.1934311E+19
0.61619885364588E+02;-0.8463818E+00;0.1770786E+19
0.61800938846291E+02;-0.9016536E+00;0.1601129E+19
0.62000310716817E+02;-0.9570142E+00;0.1433401E+19
0.62222566060851E+02;-0.1014087E+01;0.1268382E+19
0.62474990414120E+02;-0.1076273E+01;0.1106519E+19
0.62738928483226E+02;-0.1134981E+01;0.9630446E+18
0.63023585369718E+02;-0.1195036E+01;0.8337313E+18
0.63341354867549E+02;-0.1252432E+01;0.7153819E+18
0.63716117253885E+02;-0.1312754E+01;0.6040579E+18
0.64158399419848E+02;-0.1377701E+01;0.5026887E+18
0.64668363429715E+02;-0.1448399E+01;0.4150232E+18
0.65241795686619E+02;-0.1520128E+01;0.3423726E+18
0.65907818928070E+02;-0.1582855E+01;0.2810612E+18
0.66717602161700E+02;-0.1646855E+01;0.2281117E+18
0.67732340796751E+02;-0.1719378E+01;0.1824529E+18
0.68948616816743E+02;-0.1797055E+01;0.1456983E+18
0.70444280267393E+02;-0.1880875E+01;0.1158236E+18
0.72202513436379E+02;-0.1965920E+01;0.9278724E+17
0.74314466326529E+02;-0.2053043E+01;0.7462726E+17
0.76839644826381E+02;-0.2140879E+01;0.6038594E+17
0.79888235909369E+02;-0.2229708E+01;0.4909670E+17
0.83588550514717E+02;-0.2319359E+01;0.4008848E+17
0.88098807611763E+02;-0.2386206E+01;0.3284746E+17
0.93612146353054E+02;-0.2459041E+01;0.2697556E+17
0.10036477378428E+03;-0.2541637E+01;0.2216395E+17
0.10864701694765E+03;-0.2628725E+01;0.1818231E+17
0.11882091012565E+03;-0.2715402E+01;0.1486866E+17
0.13107127665072E+03;-0.2801565E+01;0.1216004E+17
0.14602868115289E+03;-0.2888906E+01;0.9919078E+16
0.16432362065058E+03;-0.2977474E+01;0.8075921E+16
0.18674894244028E+03;-0.3067449E+01;0.6569899E+16
0.21430485762479E+03;-0.3158143E+01;0.5346574E+16
0.24817097363338E+03;-0.3249412E+01;0.4359432E+16
0.28992275694467E+03;-0.3341360E+01;0.3564442E+16
0.34088731808935E+03;-0.3430899E+01;0.2931375E+16
0.40290495614564E+03;-0.3502399E+01;0.2427039E+16
0.47854593751148E+03;-0.3574566E+01;0.2022024E+16
0.57114290943867E+03;-0.3641626E+01;0.1693308E+16
0.68388409471990E+03;-0.3708963E+01;0.1425252E+16
0.82224960664866E+03;-0.3787139E+01;0.1202087E+16
0.99098697888269E+03;-0.3877499E+01;0.1014798E+16
0.11985764295004E+04;-0.3966893E+01;0.8544037E+15
0.14365941857627E+04;-0.4047759E+01;0.7246529E+15
0.17260732175807E+04;-0.4129186E+01;0.6126987E+15
0.20635610404186E+04;-0.4201797E+01;0.5204143E+15
0.24607757413135E+04;-0.4263465E+01;0.4436427E+15
0.29365020018488E+04;-0.4328654E+01;0.3789608E+15
0.35049543884658E+04;-0.4396747E+01;0.3248520E+15
0.41868582785119E+04;-0.4467750E+01;0.2794769E+15
0.50011511430357E+04;-0.4528117E+01;0.2414840E+15
0.59780751448581E+04;-0.4592342E+01;0.2092630E+15
0.71498077601877E+04;-0.4670004E+01;0.1815880E+15
0.84543495061564E+04;-0.4746395E+01;0.1589568E+15
0.99514898684494E+04;-0.4818837E+01;0.1394493E+15
0.11711805182144E+05;-0.4877543E+01;0.1221856E+15
0.13776075097019E+05;-0.4939971E+01;0.1070764E+15
0.16202507699667E+05;-0.4999308E+01;0.9395589E+14
0.19063452154705E+05;-0.5052939E+01;0.8260913E+14
0.22422661856030E+05;-0.5107964E+01;0.7283542E+14
0.26199146575414E+05;-0.5168989E+01;0.6466215E+14
0.30471839300406E+05;-0.5237077E+01;0.5763700E+14
0.35437464499706E+05;-0.5305485E+01;0.5135493E+14
0.41182989113964E+05;-0.5369599E+01;0.4574978E+14
0.47855394754165E+05;-0.5418161E+01;0.4075239E+14
0.55615551090592E+05;-0.5466997E+01;0.3632137E+14
0.64395599779352E+05;-0.5516487E+01;0.3250137E+14
0.74181434277576E+05;-0.5571513E+01;0.2922519E+14
0.85431136285194E+05;-0.5635000E+01;0.2629429E+14
0.98347614088135E+05;-0.5698951E+01;0.2365613E+14
0.11319714381472E+06;-0.5755367E+01;0.2127247E+14
0.13025859756988E+06;-0.5797122E+01;0.1912670E+14
0.14897670825950E+06;-0.5841057E+01;0.1728122E+14
0.17031208909839E+06;-0.5892770E+01;0.1562563E+14
0.19459599197005E+06;-0.5952840E+01;0.1413573E+14
0.22234691224605E+06;-0.6013629E+01;0.1278091E+14
0.25380974828882E+06;-0.6061938E+01;0.1155468E+14
0.28841386557583E+06;-0.6099119E+01;0.1047498E+14
0.32765662728099E+06;-0.6145055E+01;0.9492696E+13
0.37222626794175E+06;-0.6201594E+01;0.8595684E+13
0.42278101486682E+06;-0.6260018E+01;0.7773124E+13
0.47832823326136E+06;-0.6306423E+01;0.7037809E+13
0.54086860602687E+06;-0.6341364E+01;0.6363093E+13
0.61156846999758E+06;-0.6389176E+01;0.5743849E+13
0.69134786175064E+06;-0.6445388E+01;0.5178240E+13
0.77893504224315E+06;-0.6500579E+01;0.4675140E+13
0.87737734145768E+06;-0.6532269E+01;0.4217302E+13
0.98845607550543E+06;-0.6575856E+01;0.3801389E+13
0.11123967292044E+07;-0.6630059E+01;0.3429540E+13
0.12492161245889E+07;-0.6684164E+01;0.3100602E+13
0.14008850328248E+07;-0.6713963E+01;0.2807577E+13
0.15727800565948E+07;-0.6760365E+01;0.2540572E+13
0.17622159498484E+07;-0.6813616E+01;0.2303783E+13
0.19743206533830E+07;-0.6855116E+01;0.2089997E+13
0.22069887019124E+07;-0.6892586E+01;0.1900436E+13
0.24697850435267E+07;-0.6944818E+01;0.1727130E+13
0.27642857778841E+07;-0.6991215E+01;0.1570060E+13
0.30804568913648E+07;-0.7025960E+01;0.1433092E+13
0.34398568320387E+07;-0.7077452E+01;0.1306312E+13
0.38367643093642E+07;-0.7120025E+01;0.1192354E+13
0.42688293359734E+07;-0.7158943E+01;0.1091001E+13
0.47585081757868E+07;-0.7210935E+01;0.9970595E+12
0.52840417215727E+07;-0.7245911E+01;0.9144185E+12
0.58771261822669E+07;-0.7293002E+01;0.8377788E+12
0.65393983497968E+07;-0.7337828E+01;0.7675497E+12
0.72571219757857E+07;-0.7377878E+01;0.7049294E+12
0.80717299924885E+07;-0.7428992E+01;0.6464003E+12
0.89489899141432E+07;-0.7464670E+01;0.5944187E+12
0.99464386598396E+07;-0.7515949E+01;0.5456181E+12
0.11025713072789E+08;-0.7552728E+01;0.5019891E+12
0.12253873283592E+08;-0.7603007E+01;0.4609470E+12
0.13590419244046E+08;-0.7642205E+01;0.4240274E+12
0.15092075415542E+08;-0.7688456E+01;0.3897066E+12
0.16765392233414E+08;-0.7733262E+01;0.3581090E+12
0.18617296977165E+08;-0.7776455E+01;0.3292217E+12
0.20734459831949E+08;-0.7826122E+01;0.3020173E+12
0.23085007207101E+08;-0.7869316E+01;0.2772132E+12
0.25727092774330E+08;-0.7914943E+01;0.2543502E+12
0.28717109276517E+08;-0.7962937E+01;0.2332037E+12
0.32162330980271E+08;-0.8010476E+01;0.2133992E+12
0.36077226827701E+08;-0.8057641E+01;0.1952025E+12
0.40574962269666E+08;-0.8105982E+01;0.1783654E+12
0.45771067300108E+08;-0.8155117E+01;0.1627751E+12
0.51820144518537E+08;-0.8204749E+01;0.1483083E+12
0.58917390396025E+08;-0.8254233E+01;0.1348686E+12
0.66899779425983E+08;-0.8297707E+01;0.1229273E+12
0.75650870816418E+08;-0.8339042E+01;0.1125314E+12
0.84782367982326E+08;-0.8376822E+01;0.1038115E+12
0.94510170495312E+08;-0.8412466E+01;0.9624369E+11
0.10503400989946E+09;-0.8446900E+01;0.8952011E+11
0.11653500423952E+09;-0.8480470E+01;0.8345745E+11
0.12857197972153E+09;-0.8512093E+01;0.7818337E+11
0.14079164609858E+09;-0.8541234E+01;0.7367407E+11
0.15394021051471E+09;-0.8569746E+01;0.6954865E+11
0.16844424600608E+09;-0.8598393E+01;0.6567027E+11
0.18291252671371E+09;-0.8624540E+01;0.6234522E+11
0.19838792631066E+09;-0.8650207E+01;0.5925884E+11
0.21408146970775E+09;-0.8674112E+01;0.5652553E+11
0.23219706773291E+09;-0.8699277E+01;0.5376945E+11
0.24913378395206E+09;-0.8720282E+01;0.5150673E+11
0.26730821569734E+09;-0.8740161E+01;0.4935575E+11
0.28588194458266E+09;-0.8758562E+01;0.4740723E+11
0.30514624416628E+09;-0.8776099E+01;0.4561356E+11
0.32557682840858E+09;-0.8793273E+01;0.4392860E+11
0.34576503379144E+09;-0.8808993E+01;0.4245338E+11
0.36463266642162E+09;-0.8822693E+01;0.4122215E+11
0.38336363463996E+09;-0.8835439E+01;0.4012317E+11
0.40412343612626E+09;-0.8848664E+01;0.3903240E+11
0.42765891998678E+09;-0.8862613E+01;0.3793749E+11
0.45162303781579E+09;-0.8875768E+01;0.3695397E+11
0.47324227872084E+09;-0.8886802E+01;0.3616265E+11
0.49316224308630E+09;-0.8896332E+01;0.3550311E+11
0.51463826912999E+09;-0.8905973E+01;0.3485744E+11
0.54027402841554E+09;-0.8916668E+01;0.3416327E+11
0.56645448600441E+09;-0.8926732E+01;0.3352683E+11
0.59173888330250E+09;-0.8935713E+01;0.3297078E+11
0.61458832866003E+09;-0.8943225E+01;0.3251146E+11
0.63682605470478E+09;-0.8950026E+01;0.3210012E+11
0.66166227436147E+09;-0.8957059E+01;0.3167933E+11
0.69014336341550E+09;-0.8964435E+01;0.3124261E+11
0.71738074189896E+09;-0.8970833E+01;0.3086598E+11
0.74241903172892E+09;-0.8976191E+01;0.3055267E+11
0.76603506140553E+09;-0.8980796E+01;0.3028561E+11
0.79110573085067E+09;-0.8985222E+01;0.3003173E+11
0.81957493742582E+09;-0.8989703E+01;0.2977805E+11
0.84825363722729E+09;-0.8993643E+01;0.2955700E+11
0.87545254898042E+09;-0.8996840E+01;0.2937788E+11
0.90036347312670E+09;-0.8999312E+01;0.2923900E+11
0.92512795933341E+09;-0.9000506E+01;0.2912364E+11
0.95256790831470E+09;-0.9000579E+01;0.2902028E+11
0.98104352768931E+09;-0.9000649E+01;0.2893742E+11
0.10099941708276E+10;-0.9000713E+01;0.2887628E+11
0.10377676721994E+10;-0.9000770E+01;0.2883827E+11
0.10635260999537E+10;-0.9000818E+01;0.2881999E+11
0.10889642071357E+10;-0.9000862E+01;0.2881594E+11
0.11165076715966E+10;-0.9000906E+01;0.2882429E+11
0.11460650004208E+10;-0.9000949E+01;0.2884523E+11
0.11754832833504E+10;-0.9000989E+01;0.2887605E+11
0.12020876479557E+10;-0.9001021E+01;0.2891078E+11
0.12266546615123E+10;-0.9001049E+01;0.2894776E+11
0.12525101191494E+10;-0.9001077E+01;0.2899120E+11
0.12818084742755E+10;-0.9001105E+01;0.2904644E+11
0.13105436265654E+10;-0.9001131E+01;0.2910859E+11
0.13392986410378E+10;-0.9001154E+01;0.2918025E+11
0.13662521230899E+10;-0.9001174E+01;0.2925778E+11
0.13917061811549E+10;-0.9001191E+01;0.2934155E+11
0.14178427171037E+10;-0.9001208E+01;0.2943829E+11
0.14463777464216E+10;-0.9001224E+01;0.2955504E+11
0.14743114359281E+10;-0.9001239E+01;0.2967891E+11
0.15013303472718E+10;-0.9001252E+01;0.2980644E+11
0.15285053910455E+10;-0.9001263E+01;0.2994086E+11
0.15558056718849E+10;-0.9001274E+01;0.3008093E+11
0.15829600999244E+10;-0.9001284E+01;0.3022426E+11
0.16097730913260E+10;-0.9001292E+01;0.3036899E+11
0.16363932299163E+10;-0.9001300E+01;0.3051629E+11
0.16631724074018E+10;-0.9001307E+01;0.3066901E+11
0.16902395443000E+10;-0.9001313E+01;0.3082746E+11
0.17172817707208E+10;-0.9001318E+01;0.3098868E+11
0.17434567947442E+10;-0.9001323E+01;0.3114765E+11
0.17696843961448E+10;-0.9001326E+01;0.3131106E+11
0.17964704791268E+10;-0.9001330E+01;0.3148242E+11
0.18235909458057E+10;-0.9001333E+01;0.3165985E+11
0.18497860563880E+10;-0.9001335E+01;0.3183544E+11
0.18756230322349E+10;-0.9001337E+01;0.3201399E+11
0.19016935852333E+10;-0.9001338E+01;0.3220089E+11
0.19283056451657E+10;-0.9001339E+01;0.3239863E+11
0.19543530173486E+10;-0.9001339E+01;0.3259698E+11
0.19795053434460E+10;-0.9001339E+01;0.3279168E+11
0.20057649511599E+10;-0.9001339E+01;0.3299869E+11
0.20330082966918E+10;-0.9001338E+01;0.3321783E+11
0.20589338829415E+10;-0.9001338E+01;0.3342799E+11
0.20838162631477E+10;-0.9001336E+01;0.3362901E+11
0.21087418563810E+10;-0.9001335E+01;0.3383076E+11
0.21347580791708E+10;-0.9001333E+01;0.3404365E+11
0.21609656263094E+10;-0.9001331E+01;0.3426087E+11
0.21857399154228E+10;-0.9001329E+01;0.3446803E+11
0.22099324873223E+10;-0.9001326E+01;0.3467197E+11
0.22361639956021E+10;-0.9001324E+01;0.3489686E+11
0.22617985465605E+10;-0.9001321E+01;0.3512256E+11
0.22865564518166E+10;-0.9001318E+01;0.3534556E+11
0.23100951257111E+10;-0.9001315E+01;0.3556036E+11
0.23350782027806E+10;-0.9001311E+01;0.3579126E+11
0.23604419029520E+10;-0.9001308E+01;0.3603037E+11
0.23854572481017E+10;-0.9001304E+01;0.3627022E+11
0.24087740633038E+10;-0.9001300E+01;0.3649500E+11
0.24325761929500E+10;-0.9001296E+01;0.3672476E+11
0.24566900306591E+10;-0.9001292E+01;0.3695867E+11
0.24812513724323E+10;-0.9001288E+01;0.3719915E+11
0.25046306354035E+10;-0.9001284E+01;0.3743003E+11
0.25271835846184E+10;-0.9001280E+01;0.3765404E+11
0.25513453287188E+10;-0.9001276E+01;0.3789601E+11
0.25754086271787E+10;-0.9001271E+01;0.3814062E+11
0.25992867836727E+10;-0.9001266E+01;0.3838716E+11
0.26213666955790E+10;-0.9001262E+01;0.3861767E+11
0.26450275895353E+10;-0.9001257E+01;0.3886715E+11
0.26683941798851E+10;-0.9001252E+01;0.3911693E+11
0.26919817553230E+10;-0.9001247E+01;0.3937330E+11
0.27140479137231E+10;-0.9001243E+01;0.3961664E+11
0.27361321859687E+10;-0.9001238E+01;0.3986303E+11
0.27588064780223E+10;-0.9001233E+01;0.4011852E+11
0.27812759178703E+10;-0.9001228E+01;0.4037315E+11
0.28038282191959E+10;-0.9001223E+01;0.4062854E+11
0.28250019686955E+10;-0.9001218E+01;0.4086807E+11
0.28480436265322E+10;-0.9001212E+01;0.4112948E+11
0.28700822052786E+10;-0.9001207E+01;0.4138149E+11
0.28922755509098E+10;-0.9001202E+01;0.4163833E+11
0.29131585701491E+10;-0.9001197E+01;0.4188391E+11
0.29350103286377E+10;-0.9001191E+01;0.4214592E+11
0.29574508500857E+10;-0.9001186E+01;0.4241944E+11
0.29791503941355E+10;-0.9001180E+01;0.4268625E+11
0.29999051027413E+10;-0.9001175E+01;0.4294266E+11
0.30207967254209E+10;-0.9001170E+01;0.4320253E+11
0.30434716972522E+10;-0.9001164E+01;0.4348839E+11
0.30645717397223E+10;-0.9001158E+01;0.4375817E+11
0.30851895050522E+10;-0.9001153E+01;0.4402357E+11
0.31054263695866E+10;-0.9001148E+01;0.4428530E+11
0.31268905732983E+10;-0.9001142E+01;0.4456504E+11
0.31482304942916E+10;-0.9001136E+01;0.4484451E+11
0.31684687261906E+10;-0.9001131E+01;0.4510955E+11
0.31879229999987E+10;-0.9001125E+01;0.4536535E+11
0.32084446805128E+10;-0.9001120E+01;0.4563948E+11
0.32296679751248E+10;-0.9001114E+01;0.4593014E+11
0.32496549512694E+10;-0.9001108E+01;0.4620915E+11
0.32687609150019E+10;-0.9001103E+01;0.4647828E+11
0.32882264333846E+10;-0.9001097E+01;0.4675450E+11
0.33091673019163E+10;-0.9001091E+01;0.4705513E+11
0.33292828571622E+10;-0.9001085E+01;0.4734728E+11
0.33481180142773E+10;-0.9001080E+01;0.4762169E+11
0.33671793460338E+10;-0.9001074E+01;0.4789943E+11
0.33872682552536E+10;-0.9001068E+01;0.4819454E+11
0.34071502872589E+10;-0.9001062E+01;0.4848978E+11
0.34258807659549E+10;-0.9001056E+01;0.4876884E+11
0.34441707266365E+10;-0.9001051E+01;0.4904192E+11
0.34631296620326E+10;-0.9001045E+01;0.4932756E+11
0.34824842547733E+10;-0.9001039E+01;0.4962417E+11
0.35011041097003E+10;-0.9001033E+01;0.4991413E+11
0.35189210013542E+10;-0.9001028E+01;0.5019391E+11
0.35370560326448E+10;-0.9001022E+01;0.5048066E+11
0.35560705034849E+10;-0.9001016E+01;0.5078558E+11
0.35745979552716E+10;-0.9001010E+01;0.5108770E+11
0.35919524907537E+10;-0.9001004E+01;0.5137264E+11
0.36097549016042E+10;-0.9000999E+01;0.5166451E+11
0.36281855578117E+10;-0.9000993E+01;0.5196690E+11
0.36463291202896E+10;-0.9000987E+01;0.5226558E+11
0.36635628017928E+10;-0.9000981E+01;0.5255071E+11
0.36811453747676E+10;-0.9000975E+01;0.5284480E+11
0.36985756601281E+10;-0.9000969E+01;0.5314061E+11
0.37164384697313E+10;-0.9000963E+01;0.5344885E+11
0.37335374690440E+10;-0.9000957E+01;0.5374860E+11
0.37503160181040E+10;-0.9000952E+01;0.5404577E+11
0.37671213254543E+10;-0.9000946E+01;0.5434666E+11
0.37848087495010E+10;-0.9000940E+01;0.5466919E+11
0.38016634908305E+10;-0.9000934E+01;0.5498316E+11
0.38178023726820E+10;-0.9000928E+01;0.5528894E+11
0.38342351605126E+10;-0.9000922E+01;0.5560327E+11
0.38513182303107E+10;-0.9000916E+01;0.5593147E+11
0.38677797743953E+10;-0.9000910E+01;0.5624913E+11
0.38835765828259E+10;-0.9000905E+01;0.5655741E+11
0.38998185771351E+10;-0.9000899E+01;0.5688092E+11
0.39160501508215E+10;-0.9000893E+01;0.5721188E+11
0.39323487827489E+10;-0.9000887E+01;0.5755093E+11
0.39477851396046E+10;-0.9000881E+01;0.5787720E+11
0.39636529254400E+10;-0.9000875E+01;0.5821817E+11
0.39791887069370E+10;-0.9000869E+01;0.5855934E+11
0.39947970118423E+10;-0.9000863E+01;0.5890967E+11
0.40098539387882E+10;-0.9000857E+01;0.5925312E+11
0.40248383799261E+10;-0.9000851E+01;0.5959888E+11
0.40398337013183E+10;-0.9000845E+01;0.5994869E+11
0.40551278078011E+10;-0.9000839E+01;0.6030869E+11
0.40698052747417E+10;-0.9000833E+01;0.6065573E+11
0.40841955457670E+10;-0.9000027E+01;0.6099798E+11
0.40988765364835E+10;-0.8999487E+01;0.6135058E+11
0.41133708167026E+10;-0.8995182E+01;0.6170227E+11
0.41276152334026E+10;-0.8989016E+01;0.6205113E+11
0.41413192806045E+10;-0.8985090E+01;0.6238916E+11
0.41555611283489E+10;-0.8983635E+01;0.6274266E+11
0.41696898050937E+10;-0.8980042E+01;0.6309599E+11
0.41835528181767E+10;-0.8976457E+01;0.6344325E+11
0.41968919579453E+10;-0.8971995E+01;0.6377473E+11
0.42107827472353E+10;-0.8971315E+01;0.6411650E+11
0.42241682805636E+10;-0.8969384E+01;0.6444462E+11
0.42376991405217E+10;-0.8964536E+01;0.6477420E+11
0.42508302540199E+10;-0.8962293E+01;0.6508828E+11
0.42640891689573E+10;-0.8958836E+01;0.6539762E+11
0.42770883828467E+10;-0.8954226E+01;0.6569444E+11
0.42903057897801E+10;-0.8952394E+01;0.6599339E+11
0.43033579996972E+10;-0.8950983E+01;0.6628800E+11
0.43163602213743E+10;-0.8945413E+01;0.6657816E+11
0.43290410119865E+10;-0.8943200E+01;0.6685413E+11
0.43417443938847E+10;-0.8941495E+01;0.6712337E+11
0.43545594055675E+10;-0.8939137E+01;0.6739052E+11
0.43672434073569E+10;-0.8938272E+01;0.6765137E+11
0.43798052497221E+10;-0.8934966E+01;0.6790410E+11
0.43922672432637E+10;-0.8934638E+01;0.6814823E+11
0.44045582862955E+10;-0.8934087E+01;0.6838220E+11
0.44171396311448E+10;-0.8931573E+01;0.6861604E+11
0.44295873350904E+10;-0.8931205E+01;0.6884543E+11
0.44417430577306E+10;-0.8929800E+01;0.6907096E+11
0.44540391931029E+10;-0.8929349E+01;0.6930269E+11
0.44660898843585E+10;-0.8925347E+01;0.6953463E+11
0.44784970116501E+10;-0.8923497E+01;0.6977935E+11
0.44906499128590E+10;-0.8919388E+01;0.7002671E+11
0.45027774597532E+10;-0.8915689E+01;0.7028508E+11
0.45146836520775E+10;-0.8911957E+01;0.7055385E+11
0.45264133083919E+10;-0.8905619E+01;0.7083457E+11
0.45382534734153E+10;-0.8902400E+01;0.7113460E+11
0.45502621015418E+10;-0.8894866E+01;0.7146104E+11
0.45619618608858E+10;-0.8889144E+01;0.7180855E+11
0.45733103999024E+10;-0.8882231E+01;0.7217992E+11
0.45844833299860E+10;-0.8873318E+01;0.7258396E+11
0.45956101683404E+10;-0.8867323E+01;0.7302938E+11
0.46067166732862E+10;-0.8855515E+01;0.7352333E+11
0.46174693230424E+10;-0.8847342E+01;0.7405823E+11
0.46279847087158E+10;-0.8835663E+01;0.7464450E+11
0.46382634726370E+10;-0.8823072E+01;0.7528565E+11
0.46483473006110E+10;-0.8812084E+01;0.7598929E+11
0.46581809642371E+10;-0.8797508E+01;0.7676047E+11
0.46682203833353E+10;-0.8784824E+01;0.7765263E+11
0.46774288446101E+10;-0.8766876E+01;0.7858086E+11
0.46863993028690E+10;-0.8749915E+01;0.7960384E+11
0.46950700986889E+10;-0.8732973E+01;0.8072779E+11
0.47035237858850E+10;-0.8712331E+01;0.8198386E+11
0.47063434358749E+10;-0.8705834E+01;0.8244471E+11
0.47105729108598E+10;-0.8696471E+01;0.8318086E+11
0.47169171233370E+10;-0.8677128E+01;0.8439834E+11
0.47246279304156E+10;-0.8652633E+01;0.8609366E+11
0.47316320094610E+10;-0.8626915E+01;0.8788972E+11
0.47385551864828E+10;-0.8601574E+01;0.8998039E+11
0.47408733421272E+10;-0.8593566E+01;0.9076772E+11
0.47443505755939E+10;-0.8580937E+01;0.9204705E+11
0.47495664257939E+10;-0.8553069E+01;0.9422824E+11
0.47515398085784E+10;-0.8542177E+01;0.9515085E+11
0.47544998827552E+10;-0.8520662E+01;0.9665426E+11
0.47589399940203E+10;-0.8486507E+01;0.9923254E+11
0.47642522247256E+10;-0.8443987E+01;0.1029918E+12
0.47659742958416E+10;-0.8430035E+01;0.1044173E+12
0.47685574025157E+10;-0.8408788E+01;0.1067995E+12
0.47724320625269E+10;-0.8365216E+01;0.1110742E+12
0.47738579978038E+10;-0.8347352E+01;0.1129202E+12
0.47759969007191E+10;-0.8317763E+01;0.1160467E+12
0.47792052550921E+10;-0.8266914E+01;0.1217979E+12
0.47825596672066E+10;-0.8204551E+01;0.1298610E+12
0.47835874241393E+10;-0.8181320E+01;0.1329531E+12
0.47851290595383E+10;-0.8143344E+01;0.1383710E+12
0.47874415126368E+10;-0.8075571E+01;0.1490099E+12
0.47882286581443E+10;-0.8043624E+01;0.1536285E+12
0.47894093764055E+10;-0.7990362E+01;0.1619609E+12
0.47911804537974E+10;-0.7893068E+01;0.1793141E+12
0.47917831479555E+10;-0.7853284E+01;0.1873046E+12
0.47926871891928E+10;-0.7784841E+01;0.2025260E+12
0.47931346896052E+10;-0.7745893E+01;0.2120997E+12
0.47938059402239E+10;-0.7678862E+01;0.2302982E+12
0.47948128161519E+10;-0.7548670E+01;0.2727121E+12
0.47951474514027E+10;-0.7493099E+01;0.2941419E+12
0.47956494042790E+10;-0.7390702E+01;0.3398858E+12
0.47958978709527E+10;-0.7327586E+01;0.3726988E+12
0.47962705709634E+10;-0.7206861E+01;0.4465546E+12
0.47964550574686E+10;-0.7129070E+01;0.5031271E+12
0.47967317872265E+10;-0.6972343E+01;0.6436658E+12
0.47968687684566E+10;-0.6864184E+01;0.7665005E+12
0.47970742403019E+10;-0.6617519E+01;0.1154620E+13
0.47971529040271E+10;-0.6465685E+01;0.1498748E+13
0.47971918425711E+10;-0.6365069E+01;0.1788053E+13
0.47972502503871E+10;-0.6150989E+01;0.2625287E+13
0.47972777347952E+10;-0.5999407E+01;0.3476035E+13
0.47972913395773E+10;-0.5900520E+01;0.4192215E+13
0.47973117467503E+10;-0.5695632E+01;0.6250155E+13
0.47973213926856E+10;-0.5554292E+01;0.8309200E+13
0.47973251710775E+10;-0.5484563E+01;0.9589577E+13
0.47973308386653E+10;-0.5355225E+01;0.1257346E+14
0.47973332612140E+10;-0.5286564E+01;0.1455608E+14
0.47973368950371E+10;-0.5159523E+01;0.1917722E+14
0.47973385470736E+10;-0.5087613E+01;0.2247438E+14
0.47973410251284E+10;-0.4952708E+01;0.3041526E+14
0.47973420739689E+10;-0.4880758E+01;0.3582395E+14
0.47973436472297E+10;-0.4745365E+01;0.4895437E+14
0.47973442332483E+10;-0.4682108E+01;0.5672092E+14
0.47973451122763E+10;-0.4566448E+01;0.7443777E+14
0.47973454691927E+10;-0.4509149E+01;0.8523197E+14
0.47973460045672E+10;-0.4406269E+01;0.1088428E+15
0.47973462695775E+10;-0.4344711E+01;0.1260611E+15
0.47973466670931E+10;-0.4232077E+01;0.1650174E+15
0.47973468638633E+10;-0.4163279E+01;0.1945931E+15
0.47973471590186E+10;-0.4033903E+01;0.2653988E+15
0.47973473051205E+10;-0.3951982E+01;0.3230523E+15
0.47973475242733E+10;-0.3789372E+01;0.4767356E+15
0.47973475957700E+10;-0.3719991E+01;0.5631607E+15
0.47973476843987E+10;-0.3614401E+01;0.7246841E+15
0.47973477159344E+10;-0.3569749E+01;0.8063766E+15
0.47973477632380E+10;-0.3492549E+01;0.9693449E+15
0.47973478341935E+10;-0.3342494E+01;0.1384705E+16
0.47973478597374E+10;-0.3272921E+01;0.1634033E+16
0.47973478949494E+10;-0.3153813E+01;0.2167065E+16
0.47973479071424E+10;-0.3103874E+01;0.2440331E+16
0.47973479254320E+10;-0.3016161E+01;0.3004669E+16
0.47973479344853E+10;-0.2965339E+01;0.3389772E+16
0.47973479480653E+10;-0.2876194E+01;0.4188769E+16
0.47973479684352E+10;-0.2696574E+01;0.6422617E+16
0.47973479760399E+10;-0.2605951E+01;0.7978942E+16
0.47973479786138E+10;-0.2570831E+01;0.8683354E+16
0.47973479824747E+10;-0.2512466E+01;0.9995428E+16
0.47973479882660E+10;-0.2408551E+01;0.1286128E+17
0.47973479911327E+10;-0.2347381E+01;0.1493801E+17
0.47973479954328E+10;-0.2238454E+01;0.1955900E+17
0.47973479975613E+10;-0.2174431E+01;0.2296870E+17
0.47973480007541E+10;-0.2061088E+01;0.3069271E+17
0.47973480023345E+10;-0.1995204E+01;0.3647520E+17
0.47973480047052E+10;-0.1880935E+01;0.4968335E+17
0.47973480058787E+10;-0.1816584E+01;0.5955590E+17
0.47973480076389E+10;-0.1710427E+01;0.8166239E+17
0.47973480083120E+10;-0.1667442E+01;0.9357173E+17
0.47973480093218E+10;-0.1571801E+01;0.1166412E+18
0.47973480097285E+10;-0.1530127E+01;0.1281144E+18
0.47973480103385E+10;-0.1463909E+01;0.1481357E+18
0.47973480106405E+10;-0.1429897E+01;0.1594207E+18
0.47973480110934E+10;-0.1379100E+01;0.1781889E+18
0.47973480113177E+10;-0.1354239E+01;0.1883273E+18
0.47973480116540E+10;-0.1314251E+01;0.2046117E+18
0.47973480121584E+10;-0.1257174E+01;0.2314862E+18
0.47973480123326E+10;-0.1237038E+01;0.2414519E+18
0.47973480125938E+10;-0.1208042E+01;0.2570818E+18
0.47973480129856E+10;-0.1164814E+01;0.2821398E+18
0.47973480131238E+10;-0.1150711E+01;0.2914715E+18
0.47973480133312E+10;-0.1129241E+01;0.3059820E+18
0.47973480136422E+10;-0.1095893E+01;0.3289745E+18
0.47973480139994E+10;-0.1059567E+01;0.3573220E+18
0.47973480143272E+10;-0.1027609E+01;0.3852582E+18
0.47973480146276E+10;-0.9987419E+00;0.4125617E+18
0.47973480149117E+10;-0.9733997E+00;0.4400889E+18
0.47973480151855E+10;-0.9472556E+00;0.4686347E+18
0.47973480154454E+10;-0.9234200E+00;0.4979328E+18
0.47973480156926E+10;-0.9015542E+00;0.5279980E+18
0.47973480159296E+10;-0.8802161E+00;0.5591636E+18
0.47973480161575E+10;-0.8607652E+00;0.5915238E+18
0.47973480163792E+10;-0.8407035E+00;0.6251698E+18
0.47973480165924E+10;-0.8218440E+00;0.6593012E+18
0.47973480167958E+10;-0.8048304E+00;0.6934543E+18
0.47973480169940E+10;-0.7868628E+00;0.7285034E+18
0.47973480171855E+10;-0.7701980E+00;0.7647075E+18
0.47973480173715E+10;-0.7538398E+00;0.8025425E+18
0.47973480175519E+10;-0.7385322E+00;0.8417063E+18
0.47973480177275E+10;-0.7229894E+00;0.8816922E+18
0.47973480178974E+10;-0.7089586E+00;0.9219816E+18
0.47973480180647E+10;-0.6940294E+00;0.9631172E+18
0.47973480182250E+10;-0.6801038E+00;0.1003946E+19
0.47973480183827E+10;-0.6667347E+00;0.1045800E+19
0.47973480185369E+10;-0.6534620E+00;0.1088645E+19
0.47973480186866E+10;-0.6413861E+00;0.1132035E+19
0.47973480188340E+10;-0.6289871E+00;0.1176462E+19
0.47973480189798E+10;-0.6162603E+00;0.1222089E+19
0.47973480191221E+10;-0.6044912E+00;0.1268025E+19
0.47973480192606E+10;-0.5935394E+00;0.1313948E+19
0.47973480193963E+10;-0.5825366E+00;0.1360453E+19
0.47973480195308E+10;-0.5716314E+00;0.1408306E+19
0.47973480196637E+10;-0.5606446E+00;0.1457092E+19
0.47973480197913E+10;-0.5507113E+00;0.1504626E+19
0.47973480199179E+10;-0.5416819E+00;0.1552412E+19
0.47973480200441E+10;-0.5314486E+00;0.1601314E+19
0.47973480201661E+10;-0.5217910E+00;0.1649884E+19
0.47973480202879E+10;-0.5123423E+00;0.1699492E+19
0.47973480204068E+10;-0.5040306E+00;0.1748304E+19
0.47973480205233E+10;-0.4953496E+00;0.1796506E+19
0.47973480206392E+10;-0.4875842E+00;0.1846013E+19
0.47973480207525E+10;-0.4783432E+00;0.1896386E+19
0.47973480208655E+10;-0.4702462E+00;0.1948120E+19
0.47973480209784E+10;-0.4631019E+00;0.2000060E+19
0.47973480210874E+10;-0.4548765E+00;0.2050032E+19
0.47973480211972E+10;-0.4483521E+00;0.2100764E+19
0.47973480213051E+10;-0.4400899E+00;0.2151304E+19
0.47973480214109E+10;-0.4330963E+00;0.2201530E+19
0.47973480215167E+10;-0.4264714E+00;0.2252400E+19
0.47973480216204E+10;-0.4193816E+00;0.2302342E+19
0.47973480217239E+10;-0.4129693E+00;0.2351523E+19
0.47973480218256E+10;-0.4065628E+00;0.2399242E+19
0.47973480219260E+10;-0.4002423E+00;0.2446179E+19
0.47973480220259E+10;-0.3942544E+00;0.2493679E+19
0.47973480221270E+10;-0.3883922E+00;0.2543356E+19
0.47973480222245E+10;-0.3818117E+00;0.2592579E+19
0.47973480223215E+10;-0.3760864E+00;0.2641792E+19
0.47973480224167E+10;-0.3702084E+00;0.2689509E+19
0.47973480225117E+10;-0.3643093E+00;0.2736345E+19
0.47973480226080E+10;-0.3601230E+00;0.2782975E+19
0.47973480227012E+10;-0.3534921E+00;0.2827557E+19
0.47973480227945E+10;-0.3480794E+00;0.2872209E+19
0.47973480228875E+10;-0.3430665E+00;0.2917462E+19
0.47973480229779E+10;-0.3385775E+00;0.2962277E+19
0.47973480230681E+10;-0.3334234E+00;0.3006416E+19
0.47973480231577E+10;-0.3277940E+00;0.3048231E+19
0.47973480232473E+10;-0.3238670E+00;0.3087986E+19
0.47973480233375E+10;-0.3190814E+00;0.3126557E+19
0.47973480234278E+10;-0.3152218E+00;0.3164262E+19
0.47973480235135E+10;-0.3095562E+00;0.3199627E+19
0.47973480236020E+10;-0.3053011E+00;0.3236040E+19
0.47973480236872E+10;-0.3014500E+00;0.3271001E+19
0.47973480237720E+10;-0.2969191E+00;0.3305158E+19
0.47973480238571E+10;-0.2944639E+00;0.3337602E+19
0.47973480239429E+10;-0.2891230E+00;0.3368020E+19
0.47973480240268E+10;-0.2859265E+00;0.3396656E+19
0.47973480241089E+10;-0.2818584E+00;0.3424924E+19
0.47973480241915E+10;-0.2779376E+00;0.3453921E+19
0.47973480242711E+10;-0.2747348E+00;0.3481136E+19
0.47973480243508E+10;-0.2728379E+00;0.3506164E+19
0.47973480244310E+10;-0.2675405E+00;0.3529183E+19
0.47973480245118E+10;-0.2654769E+00;0.3551086E+19
0.47973480245889E+10;-0.2623548E+00;0.3571261E+19
0.47973480246700E+10;-0.2577542E+00;0.3591970E+19
0.47973480247467E+10;-0.2549174E+00;0.3611371E+19
0.47973480248227E+10;-0.2542267E+00;0.3629947E+19
0.47973480249015E+10;-0.2492189E+00;0.3647968E+19
0.47973480249788E+10;-0.2463441E+00;0.3664434E+19
0.47973480250562E+10;-0.2431876E+00;0.3680205E+19
0.47973480251293E+10;-0.2409474E+00;0.3695167E+19
0.47973480252068E+10;-0.2378280E+00;0.3711455E+19
0.47973480252797E+10;-0.2355361E+00;0.3727225E+19
0.47973480253545E+10;-0.2337221E+00;0.3743815E+19
0.47973480254301E+10;-0.2300060E+00;0.3760474E+19
0.47973480255023E+10;-0.2285145E+00;0.3775620E+19
0.47973480255763E+10;-0.2248238E+00;0.3790527E+19
0.47973480256466E+10;-0.2236176E+00;0.3804641E+19
0.47973480257236E+10;-0.2203500E+00;0.3820371E+19
0.47973480257935E+10;-0.2179676E+00;0.3835232E+19
0.47973480258694E+10;-0.2159928E+00;0.3852126E+19
0.47973480259406E+10;-0.2134420E+00;0.3867985E+19
0.47973480260099E+10;-0.2119179E+00;0.3882805E+19
0.47973480260349E+10;-0.2106425E+00;0.3887973E+19
0.47973480260725E+10;-0.2095851E+00;0.3895584E+19
0.47973480261288E+10;-0.2083355E+00;0.3906881E+19
0.47973480262016E+10;-0.2057713E+00;0.3921822E+19
0.47973480262702E+10;-0.2032169E+00;0.3936595E+19
0.47973480263413E+10;-0.2025604E+00;0.3952560E+19
0.47973480264101E+10;-0.1994661E+00;0.3968309E+19
0.47973480264764E+10;-0.1984744E+00;0.3983437E+19
0.47973480265455E+10;-0.1959872E+00;0.3998915E+19
0.47973480266138E+10;-0.1943456E+00;0.4013982E+19
0.47973480266822E+10;-0.1916512E+00;0.4029521E+19
0.47973480267479E+10;-0.1900353E+00;0.4044917E+19
0.47973480268157E+10;-0.1894272E+00;0.4061130E+19
0.47973480268858E+10;-0.1870151E+00;0.4078480E+19
0.47973480269501E+10;-0.1851799E+00;0.4095074E+19
0.47973480270182E+10;-0.1832789E+00;0.4112898E+19
0.47973480270855E+10;-0.1810888E+00;0.4130389E+19
0.47973480271518E+10;-0.1792323E+00;0.4147591E+19
0.47973480272153E+10;-0.1784491E+00;0.4164008E+19
0.47973480272806E+10;-0.1773128E+00;0.4181230E+19
0.47973480273492E+10;-0.1746829E+00;0.4200554E+19
0.47973480274119E+10;-0.1727302E+00;0.4219269E+19
0.47973480274788E+10;-0.1709282E+00;0.4239801E+19
0.47973480275448E+10;-0.1693610E+00;0.4259942E+19
0.47973480276092E+10;-0.1682790E+00;0.4279010E+19
0.47973480276712E+10;-0.1682645E+00;0.4296918E+19
0.47973480277345E+10;-0.1654583E+00;0.4315857E+19
0.47973480278007E+10;-0.1630683E+00;0.4337198E+19
0.47973480278621E+10;-0.1615647E+00;0.4358088E+19
0.47973480279281E+10;-0.1600851E+00;0.4381329E+19
0.47973480279922E+10;-0.1590529E+00;0.4403923E+19
0.47973480280549E+10;-0.1561496E+00;0.4425150E+19
0.47973480281159E+10;-0.1527162E+00;0.4445137E+19
0.47973480281780E+10;-0.1510030E+00;0.4466175E+19
0.47973480282415E+10;-0.1508940E+00;0.4489137E+19
0.47973480283016E+10;-0.1479191E+00;0.4511827E+19
0.47973480283655E+10;-0.1454693E+00;0.4536873E+19
0.47973480284298E+10;-0.1446609E+00;0.4562465E+19
0.47973480284908E+10;-0.1402513E+00;0.4585852E+19
0.47973480285507E+10;-0.1377864E+00;0.4607973E+19
0.47973480286110E+10;-0.1368841E+00;0.4630703E+19
0.47973480286718E+10;-0.1340929E+00;0.4654647E+19
0.47973480287309E+10;-0.1312790E+00;0.4678800E+19
0.47973480287926E+10;-0.1301330E+00;0.4705234E+19
0.47973480288540E+10;-0.1300343E+00;0.4732366E+19
0.47973480289137E+10;-0.1263932E+00;0.4758027E+19
0.47973480289729E+10;-0.1245618E+00;0.4782579E+19
0.47973480290307E+10;-0.1224783E+00;0.4806523E+19
0.47973480290890E+10;-0.1188060E+00;0.4831208E+19
0.47973480291474E+10;-0.1169619E+00;0.4856794E+19
0.47973480292062E+10;-0.1166902E+00;0.4883867E+19
0.47973480292650E+10;-0.1165663E+00;0.4912038E+19
0.47973480293234E+10;-0.1139089E+00;0.4940051E+19
0.47973480293826E+10;-0.1124436E+00;0.4967726E+19
0.47973480294387E+10;-0.1080351E+00;0.4993324E+19
0.47973480294948E+10;-0.1052525E+00;0.5018736E+19
0.47973480295514E+10;-0.1040848E+00;0.5045002E+19
0.47973480296083E+10;-0.1038912E+00;0.5072651E+19
0.47973480296656E+10;-0.1018521E+00;0.5102065E+19
0.47973480297228E+10;-0.1014362E+00;0.5132227E+19
0.47973480297798E+10;-0.9920071E-01;0.5161797E+19
0.47973480298371E+10;-0.9503694E-01;0.5190660E+19
0.47973480298913E+10;-0.9292480E-01;0.5217242E+19
0.47973480299457E+10;-0.9228354E-01;0.5244059E+19
0.47973480300002E+10;-0.9001024E-01;0.5271965E+19
0.47973480300549E+10;-0.8888451E-01;0.5301431E+19
0.47973480301097E+10;-0.8926516E-01;0.5332206E+19
0.47973480301649E+10;-0.8717914E-01;0.5363557E+19
0.47973480302205E+10;-0.8346657E-01;0.5394672E+19
0.47973480302753E+10;-0.8164564E-01;0.5424386E+19
0.47973480303279E+10;-0.7970817E-01;0.5452187E+19
0.47973480303807E+10;-0.7768205E-01;0.5480396E+19
0.47973480304336E+10;-0.7715490E-01;0.5510068E+19
0.47973480304869E+10;-0.7816488E-01;0.5541466E+19
0.47973480305401E+10;-0.7619736E-01;0.5573712E+19
0.47973480305931E+10;-0.7279036E-01;0.5606057E+19
0.47973480306456E+10;-0.7114353E-01;0.5637597E+19
0.47973480306980E+10;-0.6801474E-01;0.5668022E+19
0.47973480307492E+10;-0.6644499E-01;0.5697259E+19
0.47973480308005E+10;-0.6626896E-01;0.5727198E+19
0.47973480308513E+10;-0.6760576E-01;0.5758092E+19
0.47973480309030E+10;-0.6625127E-01;0.5790562E+19
0.47973480309548E+10;-0.6282480E-01;0.5823996E+19
0.47973480310054E+10;-0.6048514E-01;0.5857132E+19
0.47973480310562E+10;-0.5730270E-01;0.5890089E+19
0.47973480311055E+10;-0.5594098E-01;0.5921117E+19
0.47973480311554E+10;-0.5588828E-01;0.5951940E+19
0.47973480312045E+10;-0.5661959E-01;0.5982758E+19
0.47973480312542E+10;-0.5706999E-01;0.6014785E+19
0.47973480313047E+10;-0.5352392E-01;0.6048375E+19
0.47973480313538E+10;-0.5049862E-01;0.6082167E+19
0.47973480314028E+10;-0.4732673E-01;0.6116551E+19
0.47973480314505E+10;-0.4595630E-01;0.6149868E+19
0.47973480314986E+10;-0.4585417E-01;0.6182734E+19
0.47973480315463E+10;-0.4598611E-01;0.6214667E+19
0.47973480315944E+10;-0.4660510E-01;0.6246880E+19
0.47973480316430E+10;-0.4491820E-01;0.6279913E+19
0.47973480316913E+10;-0.4142797E-01;0.6313702E+19
0.47973480317384E+10;-0.3802062E-01;0.6347837E+19
0.47973480317847E+10;-0.3644148E-01;0.6382263E+19
0.47973480318311E+10;-0.3615219E-01;0.6417236E+19
0.47973480318774E+10;-0.3586825E-01;0.6451666E+19
0.47973480319243E+10;-0.3645472E-01;0.6485701E+19
0.47973480319713E+10;-0.3709276E-01;0.6519211E+19
0.47973480320188E+10;-0.3328007E-01;0.6553231E+19
0.47973480320644E+10;-0.2939749E-01;0.6586575E+19
0.47973480321096E+10;-0.2740618E-01;0.6620800E+19
0.47973480321548E+10;-0.2681905E-01;0.6656252E+19
0.47973480321996E+10;-0.2621634E-01;0.6692139E+19
0.47973480322454E+10;-0.2665188E-01;0.6728783E+19
0.47973480322917E+10;-0.2876099E-01;0.6765172E+19
0.47973480323377E+10;-0.2606810E-01;0.6800604E+19
0.47973480323824E+10;-0.2147037E-01;0.6834715E+19
0.47973480324274E+10;-0.1885820E-01;0.6869117E+19
0.47973480324708E+10;-0.1788394E-01;0.6903168E+19
0.47973480325141E+10;-0.1701094E-01;0.6938358E+19
0.47973480325587E+10;-0.1722453E-01;0.6975692E+19
0.47973480326047E+10;-0.1884728E-01;0.7015001E+19
0.47973480326491E+10;-0.1925301E-01;0.7052862E+19
0.47973480326941E+10;-0.1421803E-01;0.7090623E+19
0.47973480327372E+10;-0.1091356E-01;0.7125695E+19
0.47973480327794E+10;-0.9387558E-02;0.7159563E+19
0.47973480328213E+10;-0.8237813E-02;0.7193738E+19
0.47973480328645E+10;-0.8159410E-02;0.7230146E+19
0.47973480329092E+10;-0.9230628E-02;0.7269087E+19
0.47973480329541E+10;-0.1275130E-01;0.7309084E+19
0.47973480329972E+10;-0.8022806E-02;0.7348043E+19
0.47973480330395E+10;-0.3719552E-02;0.7386070E+19
0.47973480330812E+10;-0.1394603E-02;0.7422877E+19
0.47973480331221E+10;0.1072769E-03;0.7457845E+19
0.47973480331639E+10;0.5447328E-03;0.7492601E+19
0.47973480332078E+10;-0.5616975E-04;0.7528462E+19
0.47973480332515E+10;-0.2398690E-02;0.7563938E+19
0.47973480332941E+10;-0.2773161E-02;0.7598900E+19
0.47973480333365E+10;0.2724882E-02;0.7634374E+19
0.47973480333772E+10;0.5996857E-02;0.7669019E+19
0.47973480334172E+10;0.7991290E-02;0.7703301E+19
0.47973480334574E+10;0.8876732E-02;0.7737555E+19
0.47973480335009E+10;0.8707827E-02;0.7773684E+19
0.47973480335434E+10;0.7259081E-02;0.7807987E+19
0.47973480335863E+10;0.2750286E-02;0.7841461E+19
0.47973480336272E+10;0.8194792E-02;0.7872352E+19
0.47973480336679E+10;0.1267197E-01;0.7902315E+19
0.47973480337076E+10;0.1539342E-01;0.7931586E+19
0.47973480337464E+10;0.1681261E-01;0.7960756E+19
0.47973480337876E+10;0.1709517E-01;0.7991644E+19
0.47973480338309E+10;0.1627124E-01;0.8022606E+19
0.47973480338721E+10;0.1342644E-01;0.8049351E+19
0.47973480339141E+10;0.1294553E-01;0.8073585E+19
0.47973480339538E+10;0.1853220E-01;0.8094021E+19
0.47973480339927E+10;0.2220953E-01;0.8112881E+19
0.47973480340307E+10;0.2430106E-01;0.8131648E+19
0.47973480340696E+10;0.2506304E-01;0.8151909E+19
0.47973480341110E+10;0.2482367E-01;0.8174453E+19
0.47973480341539E+10;0.2302732E-01;0.8198165E+19
0.47973480341939E+10;0.1787753E-01;0.8219473E+19
0.47973480342343E+10;0.2340482E-01;0.8239327E+19
0.47973480342730E+10;0.2838157E-01;0.8256239E+19
0.47973480343107E+10;0.3127718E-01;0.8271206E+19
0.47973480343480E+10;0.3258131E-01;0.8285513E+19
0.47973480343881E+10;0.3282887E-01;0.8301119E+19
0.47973480344283E+10;0.3195695E-01;0.8316815E+19
0.47973480344701E+10;0.2855511E-01;0.8332303E+19
0.47973480345089E+10;0.2769005E-01;0.8344831E+19
0.47973480345476E+10;0.3373362E-01;0.8355050E+19
0.47973480345854E+10;0.3760009E-01;0.8363478E+19
0.47973480346216E+10;0.3958398E-01;0.8371204E+19
0.47973480346594E+10;0.4035281E-01;0.8379645E+19
0.47973480347012E+10;0.4006683E-01;0.8389660E+19
0.47973480347403E+10;0.3824641E-01;0.8399227E+19
0.47973480347809E+10;0.3311369E-01;0.8408636E+19
0.47973480348187E+10;0.3848919E-01;0.8416371E+19
0.47973480348557E+10;0.4325479E-01;0.8422888E+19
0.47973480348917E+10;0.4603980E-01;0.8428433E+19
0.47973480349274E+10;0.4736101E-01;0.8433287E+19
0.47973480349658E+10;0.4766747E-01;0.8438109E+19
0.47973480350064E+10;0.4704155E-01;0.8443239E+19
0.47973480350446E+10;0.4462375E-01;0.8448055E+19
0.47973480350826E+10;0.4208151E-01;0.8452356E+19
0.47973480351190E+10;0.4785575E-01;0.8455564E+19
0.47973480351545E+10;0.5164404E-01;0.8457845E+19
0.47973480351893E+10;0.5373660E-01;0.8459706E+19
0.47973480352248E+10;0.5467471E-01;0.8461507E+19
0.47973480352633E+10;0.5496747E-01;0.8463374E+19
0.47973480353031E+10;0.5404889E-01;0.8465235E+19
0.47973480353405E+10;0.5062070E-01;0.8466857E+19
0.47973480353767E+10;0.5141828E-01;0.8468174E+19
0.47973480354125E+10;0.5637628E-01;0.8469234E+19
0.47973480354473E+10;0.5943308E-01;0.8470420E+19
0.47973480354814E+10;0.6106851E-01;0.8472128E+19
0.47973480355170E+10;0.6207116E-01;0.8474178E+19
0.47973480355547E+10;0.6214542E-01;0.8475794E+19
0.47973480355922E+10;0.6082731E-01;0.8476574E+19
0.47973480356287E+10;0.5639578E-01;0.8477020E+19
0.47973480356640E+10;0.5994480E-01;0.8477683E+19
0.47973480356981E+10;0.6410577E-01;0.8478732E+19
0.47973480357318E+10;0.6662031E-01;0.8480255E+19
0.47973480357653E+10;0.6835994E-01;0.8482220E+19
0.47973480358008E+10;0.6925393E-01;0.8484390E+19
0.47973480358385E+10;0.6915598E-01;0.8486280E+19
0.47973480358744E+10;0.6743079E-01;0.8487680E+19
0.47973480359091E+10;0.6227407E-01;0.8488937E+19
0.47973480359436E+10;0.6768373E-01;0.8490301E+19
0.47973480359774E+10;0.7135959E-01;0.8491733E+19
0.47973480360103E+10;0.7370924E-01;0.8493309E+19
0.47973480360433E+10;0.7550610E-01;0.8495210E+19
0.47973480360784E+10;0.7631516E-01;0.8497537E+19
0.47973480361140E+10;0.7609369E-01;0.8499970E+19
0.47973480361488E+10;0.7408433E-01;0.8502137E+19
0.47973480361834E+10;0.7002469E-01;0.8504031E+19
0.47973480362165E+10;0.7491404E-01;0.8505827E+19
0.47973480362497E+10;0.7822235E-01;0.8507825E+19
0.47973480362823E+10;0.8079426E-01;0.8510039E+19
0.47973480363147E+10;0.8252751E-01;0.8512417E+19
0.47973480363490E+10;0.8329913E-01;0.8514900E+19
0.47973480363845E+10;0.8295224E-01;0.8517160E+19
0.47973480364182E+10;0.8061977E-01;0.8518968E+19
0.47973480364521E+10;0.7750089E-01;0.8520647E+19
0.47973480364847E+10;0.8196849E-01;0.8522489E+19
0.47973480365168E+10;0.8489801E-01;0.8524802E+19
0.47973480365487E+10;0.8780273E-01;0.8527468E+19
0.47973480365804E+10;0.8950114E-01;0.8530043E+19
0.47973480366139E+10;0.9024899E-01;0.8532299E+19
0.47973480366477E+10;0.8983727E-01;0.8534095E+19
0.47973480366815E+10;0.8795763E-01;0.8535766E+19
0.47973480367139E+10;0.8445051E-01;0.8537562E+19
0.47973480367466E+10;0.8867650E-01;0.8539702E+19
0.47973480367779E+10;0.9178917E-01;0.8542094E+19
0.47973480368091E+10;0.9472590E-01;0.8544775E+19
0.47973480368401E+10;0.9642730E-01;0.8547593E+19
0.47973480368728E+10;0.9717436E-01;0.8550543E+19
0.47973480369058E+10;0.9669357E-01;0.8553417E+19
0.47973480369397E+10;0.9566526E-01;0.8556279E+19
0.47973480369713E+10;0.9227346E-01;0.8558907E+19
0.47973480370036E+10;0.9521835E-01;0.8561569E+19
0.47973480370344E+10;0.9881313E-01;0.8564248E+19
0.47973480370649E+10;0.1016888E+00;0.8567340E+19
0.47973480370953E+10;0.1033805E+00;0.8570963E+19
0.47973480371271E+10;0.1041043E+00;0.8575197E+19
0.47973480371603E+10;0.1041453E+00;0.8579877E+19
0.47973480371922E+10;0.1034822E+00;0.8584396E+19
0.47973480372237E+10;0.1002853E+00;0.8588697E+19
0.47973480372547E+10;0.1015441E+00;0.8592756E+19
0.47973480372853E+10;0.1058401E+00;0.8596722E+19
0.47973480373152E+10;0.1086856E+00;0.8600876E+19
0.47973480373450E+10;0.1103830E+00;0.8605484E+19
0.47973480373756E+10;0.1111519E+00;0.8610676E+19
0.47973480374092E+10;0.1119502E+00;0.8616790E+19
0.47973480374401E+10;0.1114164E+00;0.8622633E+19
0.47973480374720E+10;0.1082457E+00;0.8628750E+19
0.47973480375021E+10;0.1089523E+00;0.8634545E+19
0.47973480375327E+10;0.1132001E+00;0.8640466E+19
0.47973480375620E+10;0.1159454E+00;0.8646250E+19
0.47973480375912E+10;0.1175790E+00;0.8652210E+19
0.47973480376208E+10;0.1190786E+00;0.8658494E+19
0.47973480376523E+10;0.1199671E+00;0.8665471E+19
0.47973480376828E+10;0.1195516E+00;0.8672606E+19
0.47973480377141E+10;0.1167477E+00;0.8680266E+19
0.47973480377435E+10;0.1164408E+00;0.8687725E+19
0.47973480377736E+10;0.1205826E+00;0.8695518E+19
0.47973480378024E+10;0.1232641E+00;0.8703052E+19
0.47973480378310E+10;0.1252887E+00;0.8710628E+19
0.47973480378597E+10;0.1272230E+00;0.8718347E+19
0.47973480378900E+10;0.1282267E+00;0.8726631E+19
0.47973480379208E+10;0.1278795E+00;0.8735415E+19
0.47973480379507E+10;0.1262590E+00;0.8744360E+19
0.47973480379798E+10;0.1241018E+00;0.8753364E+19
0.47973480380089E+10;0.1280458E+00;0.8762511E+19
0.47973480380372E+10;0.1306645E+00;0.8771462E+19
0.47973480380652E+10;0.1336071E+00;0.8780404E+19
0.47973480380932E+10;0.1356616E+00;0.8789607E+19
0.47973480381228E+10;0.1367732E+00;0.8799802E+19
0.47973480381537E+10;0.1364365E+00;0.8810939E+19
0.47973480381823E+10;0.1360356E+00;0.8821600E+19
0.47973480382115E+10;0.1329419E+00;0.8832432E+19
0.47973480382396E+10;0.1357538E+00;0.8842703E+19
0.47973480382677E+10;0.1392278E+00;0.8852852E+19
0.47973480382950E+10;0.1424323E+00;0.8862898E+19
0.47973480383223E+10;0.1445386E+00;0.8873397E+19
0.47973480383507E+10;0.1456618E+00;0.8885036E+19
0.47973480383801E+10;0.1463167E+00;0.8897759E+19
0.47973480384082E+10;0.1462205E+00;0.8910288E+19
0.47973480384375E+10;0.1434715E+00;0.8923442E+19
0.47973480384648E+10;0.1438709E+00;0.8935454E+19
0.47973480384928E+10;0.1485254E+00;0.8947574E+19
0.47973480385194E+10;0.1517100E+00;0.8959151E+19
0.47973480385460E+10;0.1538093E+00;0.8971030E+19
0.47973480385732E+10;0.1553554E+00;0.8983756E+19
0.47973480386012E+10;0.1567709E+00;0.8997507E+19
0.47973480386293E+10;0.1568530E+00;0.9011851E+19
0.47973480386574E+10;0.1543689E+00;0.9026547E+19
0.47973480386841E+10;0.1536464E+00;0.9040441E+19
0.47973480387113E+10;0.1581871E+00;0.9054543E+19
0.47973480387373E+10;0.1613268E+00;0.9068049E+19
0.47973480387631E+10;0.1637913E+00;0.9081649E+19
0.47973480387893E+10;0.1663030E+00;0.9095763E+19
0.47973480388167E+10;0.1678760E+00;0.9111084E+19
0.47973480388441E+10;0.1680420E+00;0.9127043E+19
0.47973480388707E+10;0.1666550E+00;0.9142988E+19
0.47973480388971E+10;0.1638411E+00;0.9158964E+19
0.47973480389232E+10;0.1681443E+00;0.9174636E+19
0.47973480389487E+10;0.1717044E+00;0.9189894E+19
0.47973480389738E+10;0.1753749E+00;0.9205072E+19
0.47973480389989E+10;0.1779854E+00;0.9220834E+19
0.47973480390258E+10;0.1796529E+00;0.9238488E+19
0.47973480390526E+10;0.1801809E+00;0.9256790E+19
0.47973480390783E+10;0.1801413E+00;0.9274691E+19
0.47973480391050E+10;0.1769854E+00;0.9293306E+19
0.47973480391299E+10;0.1793863E+00;0.9310361E+19
0.47973480391553E+10;0.1843877E+00;0.9327587E+19
0.47973480391795E+10;0.1879931E+00;0.9344471E+19
0.47973480392038E+10;0.1905442E+00;0.9362146E+19
0.47973480392297E+10;0.1928710E+00;0.9382007E+19
0.47973480392553E+10;0.1945309E+00;0.9402404E+19
0.47973480392806E+10;0.1945274E+00;0.9422982E+19
0.47973480393059E+10;0.1913385E+00;0.9443685E+19
0.47973480393301E+10;0.1930068E+00;0.9463200E+19
0.47973480393543E+10;0.1977318E+00;0.9482689E+19
0.47973480393779E+10;0.2018734E+00;0.9502027E+19
0.47973480394013E+10;0.2056050E+00;0.9521900E+19
0.47973480394261E+10;0.2084872E+00;0.9544018E+19
0.47973480394511E+10;0.2101487E+00;0.9567042E+19
0.47973480394751E+10;0.2098810E+00;0.9589725E+19
0.47973480394988E+10;0.2074887E+00;0.9612120E+19
0.47973480395226E+10;0.2079715E+00;0.9634314E+19
0.47973480395455E+10;0.2140324E+00;0.9655554E+19
0.47973480395682E+10;0.2188664E+00;0.9676933E+19
0.47973480395906E+10;0.2225418E+00;0.9698563E+19
0.47973480396143E+10;0.2260315E+00;0.9722239E+19
0.47973480396393E+10;0.2284937E+00;0.9747627E+19
0.47973480396620E+10;0.2290127E+00;0.9770972E+19
0.47973480396853E+10;0.2262971E+00;0.9794735E+19
0.47973480397077E+10;0.2290901E+00;0.9817412E+19
0.47973480397298E+10;0.2348270E+00;0.9839635E+19
0.47973480397513E+10;0.2399157E+00;0.9861458E+19
0.47973480397727E+10;0.2441153E+00;0.9883725E+19
0.47973480397958E+10;0.2475116E+00;0.9908269E+19
0.47973480398183E+10;0.2494005E+00;0.9932387E+19
0.47973480398396E+10;0.2490103E+00;0.9955219E+19
0.47973480398616E+10;0.2513343E+00;0.9978764E+19
0.47973480398824E+10;0.2568612E+00;0.1000076E+20
0.47973480399033E+10;0.2615049E+00;0.1002270E+20
0.47973480399235E+10;0.2653096E+00;0.1004391E+20
0.47973480399443E+10;0.2690530E+00;0.1006584E+20
0.47973480399657E+10;0.2715138E+00;0.1008842E+20
0.47973480399860E+10;0.2717690E+00;0.1010997E+20
0.47973480400060E+10;0.2756867E+00;0.1013122E+20
0.47973480400265E+10;0.2791387E+00;0.1015280E+20
0.47973480400457E+10;0.2839493E+00;0.1017273E+20
0.47973480400649E+10;0.2876353E+00;0.1019236E+20
0.47973480400842E+10;0.2899372E+00;0.1021211E+20
0.47973480401041E+10;0.2910040E+00;0.1023239E+20
0.47973480401236E+10;0.2918901E+00;0.1025229E+20
0.47973480401422E+10;0.2960984E+00;0.1027117E+20
0.47973480401621E+10;0.2990845E+00;0.1029078E+20
0.47973480401803E+10;0.3019278E+00;0.1030824E+20
0.47973480401986E+10;0.3053231E+00;0.1032547E+20
0.47973480402170E+10;0.3070790E+00;0.1034245E+20
0.47973480402360E+10;0.3061987E+00;0.1035989E+20
0.47973480402541E+10;0.3058980E+00;0.1037638E+20
0.47973480402721E+10;0.3091748E+00;0.1039224E+20
0.47973480402906E+10;0.3106519E+00;0.1040806E+20
0.47973480403080E+10;0.3124852E+00;0.1042255E+20
0.47973480403256E+10;0.3148030E+00;0.1043705E+20
0.47973480403436E+10;0.3148150E+00;0.1045183E+20
0.47973480403618E+10;0.3110914E+00;0.1046654E+20
0.47973480403791E+10;0.3101474E+00;0.1048002E+20
0.47973480403975E+10;0.3112143E+00;0.1049347E+20
0.47973480404146E+10;0.3109259E+00;0.1050529E+20
0.47973480404323E+10;0.3130194E+00;0.1051690E+20
0.47973480404498E+10;0.3124365E+00;0.1052819E+20
0.47973480404675E+10;0.3078500E+00;0.1053946E+20
0.47973480404849E+10;0.3018626E+00;0.1055021E+20
0.47973480405033E+10;0.3006087E+00;0.1056112E+20
0.47973480405205E+10;0.3001735E+00;0.1057080E+20
0.47973480405382E+10;0.3011102E+00;0.1058030E+20
0.47973480405560E+10;0.2985545E+00;0.1058944E+20
0.47973480405738E+10;0.2914164E+00;0.1059822E+20
0.47973480405922E+10;0.2859238E+00;0.1060704E+20
0.47973480406101E+10;0.2790716E+00;0.1061534E+20
0.47973480406281E+10;0.2807418E+00;0.1062328E+20
0.47973480406463E+10;0.2799935E+00;0.1063095E+20
0.47973480406650E+10;0.2748702E+00;0.1063851E+20
0.47973480406839E+10;0.2696768E+00;0.1064582E+20
0.47973480407036E+10;0.2642519E+00;0.1065321E+20
0.47973480407222E+10;0.2548494E+00;0.1066003E+20
0.47973480407419E+10;0.2570039E+00;0.1066705E+20
0.47973480407610E+10;0.2562428E+00;0.1067370E+20
0.47973480407808E+10;0.2512452E+00;0.1068046E+20
0.47973480408008E+10;0.2488975E+00;0.1068717E+20
0.47973480408221E+10;0.2458282E+00;0.1069419E+20
0.47973480408419E+10;0.2381828E+00;0.1070070E+20
0.47973480408626E+10;0.2346659E+00;0.1070750E+20
0.47973480408833E+10;0.2351498E+00;0.1071425E+20
0.47973480409037E+10;0.2336345E+00;0.1072089E+20
0.47973480409247E+10;0.2291573E+00;0.1072766E+20
0.47973480409456E+10;0.2297612E+00;0.1073429E+20
0.47973480409676E+10;0.2269094E+00;0.1074110E+20
0.47973480409886E+10;0.2212152E+00;0.1074743E+20
0.47973480410106E+10;0.2202353E+00;0.1075396E+20
0.47973480410325E+10;0.2175317E+00;0.1076042E+20
0.47973480410539E+10;0.2163689E+00;0.1076674E+20
0.47973480410760E+10;0.2136641E+00;0.1077335E+20
0.47973480410978E+10;0.2145373E+00;0.1077998E+20
0.47973480411202E+10;0.2122395E+00;0.1078691E+20
0.47973480411422E+10;0.2086675E+00;0.1079370E+20
0.47973480411647E+10;0.2082692E+00;0.1080053E+20
0.47973480411878E+10;0.2038480E+00;0.1080729E+20
0.47973480412100E+10;0.2030910E+00;0.1081354E+20
0.47973480412331E+10;0.2013390E+00;0.1081991E+20
0.47973480412557E+10;0.2024180E+00;0.1082603E+20
0.47973480412786E+10;0.2004208E+00;0.1083226E+20
0.47973480413015E+10;0.1983172E+00;0.1083862E+20
0.47973480413244E+10;0.1981789E+00;0.1084522E+20
0.47973480413482E+10;0.1940350E+00;0.1085222E+20
0.47973480413710E+10;0.1931256E+00;0.1085890E+20
0.47973480413951E+10;0.1913709E+00;0.1086575E+20
0.47973480414184E+10;0.1925308E+00;0.1087210E+20
0.47973480414418E+10;0.1905996E+00;0.1087823E+20
0.47973480414654E+10;0.1896643E+00;0.1088420E+20
0.47973480414887E+10;0.1895553E+00;0.1089008E+20
0.47973480415130E+10;0.1854088E+00;0.1089632E+20
0.47973480415364E+10;0.1858996E+00;0.1090253E+20
0.47973480415608E+10;0.1837751E+00;0.1090921E+20
0.47973480415846E+10;0.1842858E+00;0.1091581E+20
0.47973480416085E+10;0.1823180E+00;0.1092235E+20
0.47973480416327E+10;0.1823087E+00;0.1092867E+20
0.47973480416565E+10;0.1821230E+00;0.1093459E+20
0.47973480416813E+10;0.1784590E+00;0.1094053E+20
0.47973480417052E+10;0.1795291E+00;0.1094620E+20
0.47973480417299E+10;0.1773101E+00;0.1095214E+20
0.47973480417541E+10;0.1772957E+00;0.1095814E+20
0.47973480417785E+10;0.1751981E+00;0.1096434E+20
0.47973480418031E+10;0.1759915E+00;0.1097072E+20
0.47973480418273E+10;0.1756360E+00;0.1097696E+20
0.47973480418528E+10;0.1729621E+00;0.1098329E+20
0.47973480418771E+10;0.1738826E+00;0.1098905E+20
0.47973480419021E+10;0.1713809E+00;0.1099477E+20
0.47973480419267E+10;0.1712932E+00;0.1100031E+20
0.47973480419515E+10;0.1697834E+00;0.1100594E+20
0.47973480419765E+10;0.1705193E+00;0.1101171E+20
0.47973480420010E+10;0.1699046E+00;0.1101754E+20
0.47973480420267E+10;0.1681386E+00;0.1102373E+20
0.47973480420514E+10;0.1688499E+00;0.1102969E+20
0.47973480420768E+10;0.1659604E+00;0.1103569E+20
0.47973480421016E+10;0.1661907E+00;0.1104137E+20
0.47973480421267E+10;0.1652435E+00;0.1104689E+20
0.47973480421521E+10;0.1657275E+00;0.1105232E+20
0.47973480421770E+10;0.1648208E+00;0.1105762E+20
0.47973480422028E+10;0.1638840E+00;0.1106317E+20
0.47973480422279E+10;0.1643358E+00;0.1106868E+20
0.47973480422536E+10;0.1609951E+00;0.1107447E+20
0.47973480422787E+10;0.1623246E+00;0.1108024E+20
0.47973480423041E+10;0.1610323E+00;0.1108603E+20
0.47973480423297E+10;0.1615042E+00;0.1109167E+20
0.47973480423550E+10;0.1602733E+00;0.1109698E+20
0.47973480423811E+10;0.1601164E+00;0.1110225E+20
0.47973480424064E+10;0.1602589E+00;0.1110722E+20
0.47973480424322E+10;0.1573951E+00;0.1111232E+20
0.47973480424576E+10;0.1588143E+00;0.1111755E+20
0.47973480424832E+10;0.1571088E+00;0.1112316E+20
0.47973480425091E+10;0.1577587E+00;0.1112894E+20
0.47973480425347E+10;0.1561869E+00;0.1113458E+20
0.47973480425610E+10;0.1567521E+00;0.1114008E+20
0.47973480425865E+10;0.1565551E+00;0.1114505E+20
0.47973480426125E+10;0.1544741E+00;0.1114981E+20
0.47973480426381E+10;0.1556103E+00;0.1115442E+20
0.47973480426641E+10;0.1534178E+00;0.1115934E+20
0.47973480426900E+10;0.1544212E+00;0.1116464E+20
0.47973480427159E+10;0.1530254E+00;0.1117026E+20
0.47973480427424E+10;0.1537272E+00;0.1117602E+20
0.47973480427681E+10;0.1531780E+00;0.1118132E+20
0.47973480427943E+10;0.1518425E+00;0.1118622E+20
0.47973480428201E+10;0.1526686E+00;0.1119067E+20
0.47973480428464E+10;0.1503403E+00;0.1119511E+20
0.47973480428724E+10;0.1514336E+00;0.1119971E+20
0.47973480428985E+10;0.1501564E+00;0.1120476E+20
0.47973480429251E+10;0.1509977E+00;0.1121033E+20
0.47973480429510E+10;0.1500840E+00;0.1121586E+20
0.47973480429774E+10;0.1494631E+00;0.1122110E+20
0.47973480430034E+10;0.1499516E+00;0.1122573E+20
0.47973480430301E+10;0.1478807E+00;0.1123007E+20
0.47973480430562E+10;0.1487466E+00;0.1123424E+20
0.47973480430824E+10;0.1474123E+00;0.1123868E+20
0.47973480431091E+10;0.1485296E+00;0.1124372E+20
0.47973480431353E+10;0.1472118E+00;0.1124909E+20
0.47973480431619E+10;0.1473145E+00;0.1125452E+20
0.47973480431881E+10;0.1474135E+00;0.1125945E+20
0.47973480432152E+10;0.1457035E+00;0.1126398E+20
0.47973480432414E+10;0.1464151E+00;0.1126798E+20
0.47973480432678E+10;0.1448515E+00;0.1127200E+20
0.47973480432945E+10;0.1462853E+00;0.1127646E+20
0.47973480433210E+10;0.1444923E+00;0.1128143E+20
0.47973480433478E+10;0.1453686E+00;0.1128678E+20
0.47973480433742E+10;0.1450023E+00;0.1129192E+20
0.47973480434012E+10;0.1437444E+00;0.1129669E+20
0.47973480434276E+10;0.1444239E+00;0.1130078E+20
0.47973480434542E+10;0.1430980E+00;0.1130462E+20
0.47973480434809E+10;0.1442275E+00;0.1130859E+20
0.47973480435078E+10;0.1423475E+00;0.1131305E+20
0.47973480435349E+10;0.1435704E+00;0.1131803E+20
0.47973480435614E+10;0.1426980E+00;0.1132315E+20
0.47973480435883E+10;0.1419878E+00;0.1132815E+20
0.47973480436148E+10;0.1425249E+00;0.1133253E+20
0.47973480436418E+10;0.1415278E+00;0.1133646E+20
0.47973480436684E+10;0.1423255E+00;0.1134019E+20
0.47973480436953E+10;0.1403432E+00;0.1134415E+20
0.47973480437224E+10;0.1418884E+00;0.1134856E+20
0.47973480437491E+10;0.1405227E+00;0.1135333E+20
0.47973480437761E+10;0.1404927E+00;0.1135833E+20
0.47973480438027E+10;0.1407062E+00;0.1136300E+20
0.47973480438301E+10;0.1400896E+00;0.1136728E+20
0.47973480438567E+10;0.1405605E+00;0.1137107E+20
0.47973480438836E+10;0.1389456E+00;0.1137479E+20
0.47973480439107E+10;0.1403194E+00;0.1137869E+20
0.47973480439377E+10;0.1384211E+00;0.1138296E+20
0.47973480439647E+10;0.1392058E+00;0.1138761E+20
0.47973480439916E+10;0.1389328E+00;0.1139232E+20
0.47973480440191E+10;0.1387772E+00;0.1139691E+20
0.47973480440458E+10;0.1389106E+00;0.1140100E+20
0.47973480440729E+10;0.1378235E+00;0.1140478E+20
0.47973480440999E+10;0.1388432E+00;0.1140843E+20
0.47973480441272E+10;0.1364516E+00;0.1141226E+20
0.47973480441544E+10;0.1379995E+00;0.1141641E+20
0.47973480441813E+10;0.1371765E+00;0.1142083E+20
0.47973480442089E+10;0.1375815E+00;0.1142550E+20
0.47973480442358E+10;0.1373471E+00;0.1142987E+20
0.47973480442630E+10;0.1368104E+00;0.1143391E+20
0.47973480442901E+10;0.1374324E+00;0.1143758E+20
0.47973480443176E+10;0.1351987E+00;0.1144118E+20
0.47973480443449E+10;0.1368419E+00;0.1144486E+20
0.47973480443720E+10;0.1354421E+00;0.1144888E+20
0.47973480443997E+10;0.1364879E+00;0.1145338E+20
0.47973480444267E+10;0.1358343E+00;0.1145788E+20
0.47973480444542E+10;0.1358906E+00;0.1146217E+20
0.47973480444813E+10;0.1360506E+00;0.1146595E+20
0.47973480445087E+10;0.1344845E+00;0.1146946E+20
0.47973480445359E+10;0.1357110E+00;0.1147282E+20
0.47973480445632E+10;0.1340254E+00;0.1147646E+20
0.47973480445908E+10;0.1354636E+00;0.1148063E+20
0.47973480446179E+10;0.1344115E+00;0.1148507E+20
0.47973480446456E+10;0.1349975E+00;0.1148942E+20
0.47973480446727E+10;0.1347153E+00;0.1149316E+20
0.47973480447001E+10;0.1337829E+00;0.1149627E+20
0.47973480447272E+10;0.1346000E+00;0.1149873E+20
0.47973480447546E+10;0.1328525E+00;0.1150076E+20
0.47973480447820E+10;0.1344990E+00;0.1150257E+20
0.47973480448092E+10;0.1330842E+00;0.1150410E+20
0.47973480448369E+10;0.1341214E+00;0.1150513E+20
0.47973480448640E+10;0.1334413E+00;0.1150545E+20
0.47973480448915E+10;0.1330667E+00;0.1150507E+20
0.47973480449187E+10;0.1334904E+00;0.1150419E+20
0.47973480449461E+10;0.1320922E+00;0.1150305E+20
0.47973480449735E+10;0.1335019E+00;0.1150187E+20
0.47973480450008E+10;0.1317332E+00;0.1150049E+20
0.47973480450284E+10;0.1331627E+00;0.1149838E+20
0.47973480450557E+10;0.1320672E+00;0.1149498E+20
0.47973480450832E+10;0.1322237E+00;0.1148975E+20
0.47973480451105E+10;0.1322132E+00;0.1148281E+20
0.47973480451381E+10;0.1308513E+00;0.1147435E+20
0.47973480451654E+10;0.1319058E+00;0.1146488E+20
0.47973480451928E+10;0.1300752E+00;0.1145440E+20
0.47973480452207E+10;0.1315187E+00;0.1144254E+20
0.47973480452480E+10;0.1300434E+00;0.1142932E+20
0.47973480452758E+10;0.1306268E+00;0.1141409E+20
0.47973480453032E+10;0.1299679E+00;0.1139745E+20
0.47973480453312E+10;0.1289314E+00;0.1137930E+20
0.47973480453587E+10;0.1295620E+00;0.1136080E+20
0.47973480453865E+10;0.1265971E+00;0.1134153E+20
0.47973480454142E+10;0.1280741E+00;0.1132145E+20
0.47973480454421E+10;0.1273472E+00;0.1130005E+20
0.47973480454702E+10;0.1257325E+00;0.1127646E+20
0.47973480454979E+10;0.1263643E+00;0.1125103E+20
0.47973480455259E+10;0.1245360E+00;0.1122308E+20
0.47973480455538E+10;0.1236762E+00;0.1119323E+20
0.47973480455821E+10;0.1240866E+00;0.1116137E+20
0.47973480456102E+10;0.1225306E+00;0.1112801E+20
0.47973480456382E+10;0.1204666E+00;0.1109320E+20
0.47973480456670E+10;0.1214129E+00;0.1105541E+20
0.47973480456953E+10;0.1199992E+00;0.1101651E+20
0.47973480457234E+10;0.1170219E+00;0.1097632E+20
0.47973480457518E+10;0.1183246E+00;0.1093415E+20
0.47973480457811E+10;0.1169644E+00;0.1088906E+20
0.47973480458094E+10;0.1127406E+00;0.1084390E+20
0.47973480458380E+10;0.1145612E+00;0.1079689E+20
0.47973480458681E+10;0.1137602E+00;0.1074591E+20
0.47973480458967E+10;0.1089844E+00;0.1069633E+20
0.47973480459257E+10;0.1108854E+00;0.1064554E+20
0.47973480459552E+10;0.1103631E+00;0.1059309E+20
0.47973480459846E+10;0.1074645E+00;0.1054008E+20
0.47973480460138E+10;0.1064884E+00;0.1048661E+20
0.47973480460437E+10;0.1065060E+00;0.1043077E+20
0.47973480460736E+10;0.1048646E+00;0.1037400E+20
0.47973480461029E+10;0.1010913E+00;0.1031749E+20
0.47973480461326E+10;0.1020446E+00;0.1025891E+20
0.47973480461632E+10;0.1000728E+00;0.1019730E+20
0.47973480461929E+10;0.9870581E-01;0.1013579E+20
0.47973480462228E+10;0.9634079E-01;0.1007236E+20
0.47973480462532E+10;0.9608608E-01;0.1000626E+20
0.47973480462837E+10;0.9364638E-01;0.9938442E+19
0.47973480463143E+10;0.9212638E-01;0.9869725E+19
0.47973480463448E+10;0.9024348E-01;0.9800208E+19
0.47973480463763E+10;0.8901882E-01;0.9727346E+19
0.47973480464070E+10;0.8616039E-01;0.9655312E+19
0.47973480464383E+10;0.8499871E-01;0.9580915E+19
0.47973480464694E+10;0.8298669E-01;0.9506727E+19
0.47973480465014E+10;0.8125641E-01;0.9430170E+19
0.47973480465327E+10;0.7725749E-01;0.9355232E+19
0.47973480465653E+10;0.7686817E-01;0.9276954E+19
0.47973480465969E+10;0.7457411E-01;0.9200716E+19
0.47973480466300E+10;0.7276646E-01;0.9120380E+19
0.47973480466621E+10;0.6713762E-01;0.9042571E+19
0.47973480466946E+10;0.6704840E-01;0.8963770E+19
0.47973480467270E+10;0.6506212E-01;0.8885455E+19
0.47973480467605E+10;0.6346915E-01;0.8804101E+19
0.47973480467934E+10;0.5878036E-01;0.8723865E+19
0.47973480468278E+10;0.5450561E-01;0.8639269E+19
0.47973480468614E+10;0.5419582E-01;0.8556089E+19
0.47973480468950E+10;0.5259470E-01;0.8473120E+19
0.47973480469289E+10;0.4916689E-01;0.8388935E+19
0.47973480469640E+10;0.4111206E-01;0.8301280E+19
0.47973480469997E+10;0.3938369E-01;0.8211636E+19
0.47973480470348E+10;0.3928370E-01;0.8122947E+19
0.47973480470699E+10;0.3717346E-01;0.8033935E+19
0.47973480471054E+10;0.3168093E-01;0.7944098E+19
0.47973480471425E+10;0.2040555E-01;0.7849897E+19
0.47973480471805E+10;0.2231273E-01;0.7753257E+19
0.47973480472175E+10;0.2165242E-01;0.7658745E+19
0.47973480472543E+10;0.1815792E-01;0.7564727E+19
0.47973480472924E+10;0.1068319E-01;0.7467903E+19
0.47973480473315E+10;-0.3948091E-03;0.7368744E+19
0.47973480473738E+10;0.8239901E-03;0.7261362E+19
0.47973480474138E+10;-0.1017014E-02;0.7159880E+19
0.47973480474529E+10;-0.5859450E-02;0.7061247E+19
0.47973480474938E+10;-0.1513187E-01;0.6958242E+19
0.47973480475370E+10;-0.2832806E-01;0.6849878E+19
0.47973480475832E+10;-0.2809490E-01;0.6734533E+19
0.47973480476272E+10;-0.3117371E-01;0.6625046E+19
0.47973480476695E+10;-0.3739780E-01;0.6520359E+19
0.47973480477144E+10;-0.4839414E-01;0.6409894E+19
0.47973480477627E+10;-0.6294007E-01;0.6292013E+19
0.47973480478146E+10;-0.6565723E-01;0.6166320E+19
0.47973480478639E+10;-0.7203814E-01;0.6047709E+19
0.47973480479113E+10;-0.8176532E-01;0.5934675E+19
0.47973480479618E+10;-0.9441301E-01;0.5815510E+19
0.47973480480161E+10;-0.1098462E+00;0.5688523E+19
0.47973480480749E+10;-0.1157441E+00;0.5552637E+19
0.47973480481326E+10;-0.1259555E+00;0.5420830E+19
0.47973480481892E+10;-0.1403861E+00;0.5292936E+19
0.47973480482488E+10;-0.1614656E+00;0.5160249E+19
0.47973480483135E+10;-0.1829045E+00;0.5018379E+19
0.47973480483827E+10;-0.1943426E+00;0.4869037E+19
0.47973480484546E+10;-0.2101015E+00;0.4716562E+19
0.47973480485292E+10;-0.2318565E+00;0.4561184E+19
0.47973480486057E+10;-0.2607032E+00;0.4405165E+19
0.47973480486870E+10;-0.2835142E+00;0.4243359E+19
0.47973480487701E+10;-0.3052425E+00;0.4081749E+19
0.47973480488569E+10;-0.3331347E+00;0.3917495E+19
0.47973480489545E+10;-0.3701464E+00;0.3738303E+19
0.47973480490542E+10;-0.4040614E+00;0.3561149E+19
0.47973480491519E+10;-0.4412749E+00;0.3393631E+19
0.47973480492582E+10;-0.4707429E+00;0.3217938E+19
0.47973480493615E+10;-0.5031345E+00;0.3053757E+19
0.47973480494738E+10;-0.5419233E+00;0.2882673E+19
0.47973480495856E+10;-0.5834533E+00;0.2719978E+19
0.47973480497154E+10;-0.6353636E+00;0.2540715E+19
0.47973480498514E+10;-0.6772573E+00;0.2363457E+19
0.47973480499941E+10;-0.7199977E+00;0.2189106E+19
0.47973480501381E+10;-0.7652250E+00;0.2024771E+19
0.47973480502900E+10;-0.8152306E+00;0.1863754E+19
0.47973480504626E+10;-0.8708302E+00;0.1695883E+19
0.47973480506503E+10;-0.9237860E+00;0.1530480E+19
0.47973480508612E+10;-0.9812342E+00;0.1364620E+19
0.47973480510963E+10;-0.1039961E+01;0.1202905E+19
0.47973480513478E+10;-0.1098832E+01;0.1054199E+19
0.47973480516164E+10;-0.1157099E+01;0.9196695E+18
0.47973480519119E+10;-0.1217678E+01;0.7964072E+18
0.47973480522557E+10;-0.1274587E+01;0.6797721E+18
0.47973480526664E+10;-0.1338350E+01;0.5700909E+18
0.47973480531322E+10;-0.1405695E+01;0.4749120E+18
0.47973480536610E+10;-0.1476999E+01;0.3937587E+18
0.47973480542658E+10;-0.1543871E+01;0.3251377E+18
0.47973480549928E+10;-0.1605150E+01;0.2653929E+18
0.47973480559087E+10;-0.1675105E+01;0.2126231E+18
0.47973480569996E+10;-0.1750026E+01;0.1697397E+18
0.47973480583382E+10;-0.1831254E+01;0.1344742E+18
0.47973480599170E+10;-0.1914550E+01;0.1069318E+18
0.47973480618180E+10;-0.2000593E+01;0.8508265E+17
0.47973480640861E+10;-0.2087659E+01;0.6799243E+17
0.47973480668096E+10;-0.2175608E+01;0.5456935E+17
0.47973480701007E+10;-0.2264482E+01;0.4398314E+17
0.47973480740957E+10;-0.2354313E+01;0.3560870E+17
0.47973480789623E+10;-0.2445201E+01;0.2895878E+17
0.47973480849069E+10;-0.2512848E+01;0.2364877E+17
0.47973480921883E+10;-0.2581438E+01;0.1937307E+17
0.47973481011370E+10;-0.2662520E+01;0.1588903E+17
0.47973481121905E+10;-0.2752010E+01;0.1300827E+17
0.47973481259543E+10;-0.2840667E+01;0.1059455E+17
0.47973481422932E+10;-0.2926555E+01;0.8656470E+16
0.47973481622513E+10;-0.3015784E+01;0.7054320E+16
0.47973481867242E+10;-0.3106002E+01;0.5736585E+16
0.47973482168063E+10;-0.3196916E+01;0.4660212E+16
0.47973482538238E+10;-0.3288517E+01;0.3787043E+16
0.47973482993744E+10;-0.3380292E+01;0.3083101E+16
0.47973483556293E+10;-0.3472716E+01;0.2516333E+16
0.47973484250644E+10;-0.3565045E+01;0.2061857E+16
0.47973485108361E+10;-0.3654774E+01;0.1697568E+16
0.47973486168430E+10;-0.3726648E+01;0.1405010E+16
0.47973487481674E+10;-0.3795016E+01;0.1168490E+16
0.47973489107670E+10;-0.3864166E+01;0.9758589E+15
0.47973491122664E+10;-0.3941176E+01;0.8169208E+15
0.47973493628336E+10;-0.4032625E+01;0.6833456E+15
0.47973496732513E+10;-0.4128223E+01;0.5699687E+15
0.47973500228519E+10;-0.4211468E+01;0.4808210E+15
0.47973504414424E+10;-0.4290931E+01;0.4055950E+15
0.47973509531675E+10;-0.4372896E+01;0.3415148E+15
0.47973515772764E+10;-0.4452484E+01;0.2877934E+15
0.47973523386080E+10;-0.4526259E+01;0.2431785E+15
0.47973532687367E+10;-0.4593939E+01;0.2062589E+15
0.47973544045279E+10;-0.4657655E+01;0.1757048E+15
0.47973557934749E+10;-0.4723146E+01;0.1502058E+15
0.47973574914748E+10;-0.4799124E+01;0.1286399E+15
0.47973594088218E+10;-0.4881650E+01;0.1112809E+15
0.47973617052909E+10;-0.4964434E+01;0.9610892E+14
0.47973642419576E+10;-0.5035163E+01;0.8377701E+14
0.47973672824459E+10;-0.5097176E+01;0.7293440E+14
0.47973709045194E+10;-0.5157106E+01;0.6359534E+14
0.47973752276119E+10;-0.5214591E+01;0.5558747E+14
0.47973803860913E+10;-0.5273838E+01;0.4870434E+14
0.47973863376631E+10;-0.5340377E+01;0.4289369E+14
0.47973932353304E+10;-0.5414768E+01;0.3785908E+14
0.47974014335899E+10;-0.5489876E+01;0.3334566E+14
0.47974102263346E+10;-0.5548129E+01;0.2967673E+14
0.47974206359856E+10;-0.5597920E+01;0.2638876E+14
0.47974328076318E+10;-0.5648767E+01;0.2350314E+14
0.47974470921193E+10;-0.5704660E+01;0.2095661E+14
0.47974634362506E+10;-0.5770356E+01;0.1874021E+14
0.47974826175027E+10;-0.5839788E+01;0.1673877E+14
0.47975037501644E+10;-0.5903905E+01;0.1503008E+14
0.47975273763431E+10;-0.5944641E+01;0.1354381E+14
0.47975549135261E+10;-0.5990706E+01;0.1219877E+14
0.47975867744526E+10;-0.6045222E+01;0.1098930E+14
0.47976237216566E+10;-0.6110005E+01;0.9890920E+13
0.47976665276394E+10;-0.6175518E+01;0.8888202E+13
0.47977114186253E+10;-0.6219392E+01;0.8052340E+13
0.47977633607925E+10;-0.6260016E+01;0.7280037E+13
0.47978229302018E+10;-0.6311662E+01;0.6573269E+13
0.47978913499725E+10;-0.6372958E+01;0.5921234E+13
0.47979700444992E+10;-0.6434833E+01;0.5316302E+13
0.47980525342272E+10;-0.6469517E+01;0.4802970E+13
0.47981479457726E+10;-0.6512440E+01;0.4323055E+13
0.47982565344002E+10;-0.6569038E+01;0.3884262E+13
0.47983807317057E+10;-0.6628078E+01;0.3481810E+13
0.47985129556983E+10;-0.6666183E+01;0.3137880E+13
0.47986631697426E+10;-0.6706517E+01;0.2824906E+13
0.47988337861298E+10;-0.6761751E+01;0.2542131E+13
0.47990277551510E+10;-0.6818870E+01;0.2287051E+13
0.47992332364546E+10;-0.6850369E+01;0.2071171E+13
0.47994683073844E+10;-0.6896892E+01;0.1872902E+13
0.47997339963601E+10;-0.6952322E+01;0.1693500E+13
0.48000231973029E+10;-0.6992186E+01;0.1536681E+13
0.48003444450616E+10;-0.7032382E+01;0.1396137E+13
0.48007088617696E+10;-0.7086649E+01;0.1267519E+13
0.48011081471985E+10;-0.7127621E+01;0.1153673E+13
0.48015483886904E+10;-0.7168169E+01;0.1051846E+13
0.48020475442599E+10;-0.7221955E+01;0.9581612E+12
0.48025851886182E+10;-0.7257706E+01;0.8760601E+12
0.48031914026365E+10;-0.7304559E+01;0.8005175E+12
0.48038753227652E+10;-0.7354460E+01;0.7310913E+12
0.48046093220796E+10;-0.7390163E+01;0.6701960E+12
0.48054457967901E+10;-0.7443051E+01;0.6133628E+12
0.48063448789502E+10;-0.7478443E+01;0.5632470E+12
0.48073691847511E+10;-0.7529251E+01;0.5163261E+12
0.48084772992307E+10;-0.7567524E+01;0.4745703E+12
0.48097367596234E+10;-0.7617197E+01;0.4354846E+12
0.48111046899799E+10;-0.7656533E+01;0.4004962E+12
0.48126656244308E+10;-0.7707075E+01;0.3675810E+12
0.48143696313506E+10;-0.7746700E+01;0.3379634E+12
0.48163172245787E+10;-0.7796177E+01;0.3100742E+12
0.48184658614832E+10;-0.7839655E+01;0.2847645E+12
0.48208602300281E+10;-0.7884249E+01;0.2615490E+12
0.48236072507471E+10;-0.7934007E+01;0.2397023E+12
0.48266839321878E+10;-0.7978661E+01;0.2197149E+12
0.48301628903408E+10;-0.8024989E+01;0.2013042E+12
0.48341140501449E+10;-0.8072888E+01;0.1843374E+12
0.48386360759816E+10;-0.8121613E+01;0.1686489E+12
0.48438513475748E+10;-0.8169087E+01;0.1541008E+12
0.48498924639479E+10;-0.8217544E+01;0.1406192E+12
0.48569357040867E+10;-0.8266689E+01;0.1281111E+12
0.48652341836728E+10;-0.8316339E+01;0.1164612E+12
0.48741466087713E+10;-0.8359392E+01;0.1065462E+12
0.48850829771365E+10;-0.8403396E+01;0.9693769E+11
0.48890834703146E+10;-0.8417957E+01;0.9395479E+11
0.48950842100818E+10;-0.8438530E+01;0.8990653E+11
0.49040853197326E+10;-0.8466940E+01;0.8463136E+11
0.49160731296550E+10;-0.8500933E+01;0.7877237E+11
0.49287959768887E+10;-0.8533136E+01;0.7365790E+11
0.49429841559012E+10;-0.8565417E+01;0.6895043E+11
0.49570447883806E+10;-0.8594201E+01;0.6506006E+11
0.49717365044140E+10;-0.8621578E+01;0.6161462E+11
0.49868647252098E+10;-0.8647381E+01;0.5857151E+11
0.50028238334443E+10;-0.8672326E+01;0.5579128E+11
0.50208569564815E+10;-0.8698081E+01;0.5306530E+11
0.50382645768612E+10;-0.8720912E+01;0.5076350E+11
0.50559724304259E+10;-0.8742357E+01;0.4868782E+11
0.50743463259057E+10;-0.8762940E+01;0.4676840E+11
0.50950739755407E+10;-0.8784244E+01;0.4484485E+11
0.51152974764341E+10;-0.8802126E+01;0.4317939E+11
0.51363147704151E+10;-0.8818265E+01;0.4163907E+11
0.51575253763053E+10;-0.8833147E+01;0.4025608E+11
0.51797001968884E+10;-0.8847522E+01;0.3897177E+11
0.52026112959541E+10;-0.8861240E+01;0.3779715E+11
0.52265250682045E+10;-0.8874504E+01;0.3671521E+11
0.52495236405086E+10;-0.8886331E+01;0.3579573E+11
0.52743839991602E+10;-0.8898178E+01;0.3491721E+11
0.52986697079836E+10;-0.8908896E+01;0.3415913E+11
0.53255058093883E+10;-0.8919850E+01;0.3342034E+11
0.53511546459296E+10;-0.8929502E+01;0.3279727E+11
0.53774869268089E+10;-0.8938620E+01;0.3222937E+11
0.54044056977316E+10;-0.8947209E+01;0.3171315E+11
0.54317293821940E+10;-0.8955175E+01;0.3124681E+11
0.54602596672146E+10;-0.8962776E+01;0.3081250E+11
0.54870093245734E+10;-0.8969243E+01;0.3044679E+11
0.55152396435006E+10;-0.8975435E+01;0.3009862E+11
0.55434155035284E+10;-0.8980998E+01;0.2978401E+11
0.55715683785060E+10;-0.8985956E+01;0.2949743E+11
0.55996532556246E+10;-0.8990332E+01;0.2923697E+11
0.56287045929908E+10;-0.8994268E+01;0.2899374E+11
0.56587739203601E+10;-0.8997714E+01;0.2877014E+11
0.56875107452420E+10;-0.9000372E+01;0.2858396E+11
0.57150523985282E+10;-0.9000557E+01;0.2843144E+11
0.57416976732479E+10;-0.9000627E+01;0.2830864E+11
0.57690587623023E+10;-0.9000693E+01;0.2820849E+11
0.57982614220106E+10;-0.9000758E+01;0.2813047E+11
0.58276467394779E+10;-0.9000817E+01;0.2807958E+11
0.58562998987288E+10;-0.9000869E+01;0.2805295E+11
0.58835924134870E+10;-0.9000915E+01;0.2804647E+11
0.59106119732897E+10;-0.9000957E+01;0.2805679E+11
0.59390080477452E+10;-0.9000997E+01;0.2808284E+11
0.59682862170536E+10;-0.9001035E+01;0.2812175E+11
0.59968505014687E+10;-0.9001069E+01;0.2816821E+11
0.60254148694835E+10;-0.9001100E+01;0.2822157E+11
0.60536318970332E+10;-0.9001129E+01;0.2828043E+11
0.60815287245692E+10;-0.9001154E+01;0.2834402E+11
0.61095242717468E+10;-0.9001178E+01;0.2841199E+11
0.61376659987913E+10;-0.9001200E+01;0.2848424E+11
0.61663268502737E+10;-0.9001220E+01;0.2856365E+11
0.61949237786834E+10;-0.9001239E+01;0.2865157E+11
0.62227976992161E+10;-0.9001255E+01;0.2874668E+11
0.62500804223315E+10;-0.9001270E+01;0.2884833E+11
0.62776283771547E+10;-0.9001283E+01;0.2895984E+11
0.63060462579219E+10;-0.9001296E+01;0.2908518E+11
0.63348252232617E+10;-0.9001307E+01;0.2922281E+11
0.63627875444028E+10;-0.9001318E+01;0.2936491E+11
0.63895854213846E+10;-0.9001326E+01;0.2950682E+11
0.64162457014595E+10;-0.9001334E+01;0.2965305E+11
0.64440686347790E+10;-0.9001341E+01;0.2981162E+11
0.64730106940111E+10;-0.9001348E+01;0.2998217E+11
0.64998460998018E+10;-0.9001353E+01;0.3014310E+11
0.65265784998027E+10;-0.9001358E+01;0.3030500E+11
0.65540517932196E+10;-0.9001362E+01;0.3047300E+11
0.65822024571363E+10;-0.9001366E+01;0.3064760E+11
0.66095974441392E+10;-0.9001369E+01;0.3082032E+11
0.66355824750622E+10;-0.9001371E+01;0.3098571E+11
0.66619097300503E+10;-0.9001373E+01;0.3115549E+11
0.66894797214367E+10;-0.9001374E+01;0.3133887E+11
0.67171833259336E+10;-0.9001375E+01;0.3153048E+11
0.67428194884987E+10;-0.9001376E+01;0.3171363E+11
0.67688507693016E+10;-0.9001376E+01;0.3190487E+11
0.67950246979083E+10;-0.9001376E+01;0.3210266E+11
0.68227698026962E+10;-0.9001375E+01;0.3231786E+11
0.68486078817665E+10;-0.9001374E+01;0.3252301E+11
0.68736931446020E+10;-0.9001373E+01;0.3272574E+11
0.68996602896583E+10;-0.9001371E+01;0.3293749E+11
0.69256643201796E+10;-0.9001369E+01;0.3315139E+11
0.69517302359139E+10;-0.9001367E+01;0.3336802E+11
0.69763283818804E+10;-0.9001365E+01;0.3357298E+11
0.70013069150736E+10;-0.9001363E+01;0.3378071E+11
0.70266663622741E+10;-0.9001360E+01;0.3399184E+11
0.70516470733822E+10;-0.9001357E+01;0.3420103E+11
0.70764858479927E+10;-0.9001354E+01;0.3441097E+11
0.71006824522137E+10;-0.9001351E+01;0.3461907E+11
0.71257265615157E+10;-0.9001348E+01;0.3483976E+11
0.71503837383769E+10;-0.9001344E+01;0.3506224E+11
0.71754438662887E+10;-0.9001341E+01;0.3529314E+11
0.71990668262208E+10;-0.9001337E+01;0.3551451E+11
0.72229134273556E+10;-0.9001333E+01;0.3574066E+11
0.72479389225088E+10;-0.9001329E+01;0.3597993E+11
0.72718256794658E+10;-0.9001325E+01;0.3621001E+11
0.72956106147912E+10;-0.9001321E+01;0.3644039E+11
0.73189276912401E+10;-0.9001317E+01;0.3666773E+11
0.73433064893466E+10;-0.9001312E+01;0.3690867E+11
0.73674831154890E+10;-0.9001307E+01;0.3715057E+11
0.73909151887021E+10;-0.9001303E+01;0.3738541E+11
0.74136315608588E+10;-0.9001298E+01;0.3761293E+11
0.74365872117391E+10;-0.9001294E+01;0.3784395E+11
0.74616823784987E+10;-0.9001289E+01;0.3809919E+11
0.74850168739632E+10;-0.9001284E+01;0.3833987E+11
0.75076065788807E+10;-0.9001279E+01;0.3857626E+11
0.75299333509291E+10;-0.9001274E+01;0.3881463E+11
0.75537251634064E+10;-0.9001269E+01;0.3907561E+11
0.75775806496331E+10;-0.9001264E+01;0.3934280E+11
0.75998761455305E+10;-0.9001259E+01;0.3959357E+11
0.76216000945462E+10;-0.9001254E+01;0.3983706E+11
0.76441053225643E+10;-0.9001248E+01;0.4008941E+11
0.76677763033320E+10;-0.9001243E+01;0.4035671E+11
0.76901818524083E+10;-0.9001238E+01;0.4061113E+11
0.77115859293516E+10;-0.9001232E+01;0.4085475E+11
0.77332857112850E+10;-0.9001227E+01;0.4110371E+11
0.77561766348897E+10;-0.9001222E+01;0.4137100E+11
0.77788317075893E+10;-0.9001216E+01;0.4163916E+11
0.78000735284010E+10;-0.9001211E+01;0.4189125E+11
0.78208674182030E+10;-0.9001205E+01;0.4213911E+11
0.78433191914408E+10;-0.9001200E+01;0.4241075E+11
0.78658330101374E+10;-0.9001194E+01;0.4268975E+11
0.78870568096816E+10;-0.9001188E+01;0.4295759E+11
0.79074250695730E+10;-0.9001183E+01;0.4321670E+11
0.79288231869247E+10;-0.9001177E+01;0.4349080E+11
0.79509122711392E+10;-0.9001171E+01;0.4377628E+11
0.79723021635033E+10;-0.9001165E+01;0.4405395E+11
0.79924121793825E+10;-0.9001160E+01;0.4431381E+11
0.80125659797719E+10;-0.9001154E+01;0.4457347E+11
0.80339692766632E+10;-0.9001148E+01;0.4485258E+11
0.80555077149089E+10;-0.9001142E+01;0.4513890E+11
0.80755332346698E+10;-0.9001137E+01;0.4540802E+11
0.80949483136016E+10;-0.9001131E+01;0.4567125E+11
0.81154921677807E+10;-0.9001125E+01;0.4595362E+11
0.81364944112100E+10;-0.9001119E+01;0.4624771E+11
0.81566796240129E+10;-0.9001113E+01;0.4653529E+11
0.81757463052218E+10;-0.9001108E+01;0.4680961E+11
0.81956980083502E+10;-0.9001102E+01;0.4709841E+11
0.82158449943974E+10;-0.9001096E+01;0.4739282E+11
0.82358643951944E+10;-0.9001090E+01;0.4768808E+11
0.82546855548568E+10;-0.9001084E+01;0.4796592E+11
0.82736160984493E+10;-0.9001078E+01;0.4824498E+11
0.82929218410984E+10;-0.9001073E+01;0.4853150E+11
0.83127548410260E+10;-0.9001066E+01;0.4882913E+11
0.83316064512556E+10;-0.9001061E+01;0.4911407E+11
0.83498340559498E+10;-0.9001055E+01;0.4939203E+11
0.83688909354975E+10;-0.9001049E+01;0.4968645E+11
0.83878813505476E+10;-0.9001043E+01;0.4998489E+11
0.84066199077861E+10;-0.9001037E+01;0.5028550E+11
0.84243315228541E+10;-0.9001031E+01;0.5057393E+11
0.84433838053396E+10;-0.9001025E+01;0.5088619E+11
0.84617267913674E+10;-0.9001019E+01;0.5118842E+11
0.84801337652448E+10;-0.9001013E+01;0.5149207E+11
0.84974878441457E+10;-0.9001007E+01;0.5177810E+11
0.85154867237184E+10;-0.9001001E+01;0.5207677E+11
0.85335662019093E+10;-0.9000995E+01;0.5238002E+11
0.85516343492806E+10;-0.9000989E+01;0.5268550E+11
0.85688149581468E+10;-0.9000983E+01;0.5297738E+11
0.85860452384228E+10;-0.9000977E+01;0.5327248E+11
0.86041223314281E+10;-0.9000971E+01;0.5358633E+11
0.86215819611188E+10;-0.9000965E+01;0.5389482E+11
0.86385860405797E+10;-0.9000959E+01;0.5420186E+11
0.86550322113602E+10;-0.9000953E+01;0.5450547E+11
0.86728562586960E+10;-0.9000947E+01;0.5483977E+11
0.86899313135242E+10;-0.9000941E+01;0.5516202E+11
0.87067177486629E+10;-0.9000935E+01;0.5547817E+11
0.87227461225043E+10;-0.9000929E+01;0.5578104E+11
0.87401729970556E+10;-0.9000923E+01;0.5611601E+11
0.87569314202726E+10;-0.9000917E+01;0.5644469E+11
0.87735202317293E+10;-0.9000911E+01;0.5677351E+11
0.87891998568246E+10;-0.9000905E+01;0.5708609E+11
0.88056682629740E+10;-0.9000899E+01;0.5741961E+11
0.88222539782316E+10;-0.9000892E+01;0.5776416E+11
0.88381595667922E+10;-0.9000886E+01;0.5810262E+11
0.88536108063834E+10;-0.9000880E+01;0.5843906E+11
0.88691497442089E+10;-0.9000874E+01;0.5878479E+11
0.88850081371335E+10;-0.9000868E+01;0.5914443E+11
0.89008804467538E+10;-0.9000862E+01;0.5950778E+11
0.89159876798602E+10;-0.9000856E+01;0.5985383E+11
0.89309059217005E+10;-0.9000850E+01;0.6019911E+11
0.89467894618255E+10;-0.9000843E+01;0.6057415E+11
0.89616774718850E+10;-0.9000837E+01;0.6093084E+11
0.89763334129503E+10;-0.9000831E+01;0.6128374E+11
0.89905723982809E+10;-0.8999797E+01;0.6162823E+11
0.90053472498624E+10;-0.8998104E+01;0.6199212E+11
0.90199728546297E+10;-0.8993313E+01;0.6236156E+11
0.90343605173199E+10;-0.8988403E+01;0.6273018E+11
0.90480134441361E+10;-0.8982721E+01;0.6308172E+11
0.90624107447257E+10;-0.8980597E+01;0.6345544E+11
0.90764161831786E+10;-0.8977722E+01;0.6382309E+11
0.90901546025822E+10;-0.8970318E+01;0.6418400E+11
0.91034556267175E+10;-0.8966018E+01;0.6452977E+11
0.91170996817056E+10;-0.8963233E+01;0.6488155E+11
0.91304314304824E+10;-0.8958676E+01;0.6522485E+11
0.91439066674768E+10;-0.8955178E+01;0.6557160E+11
0.91568723506611E+10;-0.8949756E+01;0.6590360E+11
0.91700361547532E+10;-0.8947445E+01;0.6623883E+11
0.91829993133613E+10;-0.8944328E+01;0.6656769E+11
0.91956303424900E+10;-0.8938953E+01;0.6688780E+11
0.92082796813654E+10;-0.8935891E+01;0.6720774E+11
0.92207659893163E+10;-0.8933181E+01;0.6752131E+11
0.92333593371661E+10;-0.8929694E+01;0.6783575E+11
0.92456775066409E+10;-0.8926838E+01;0.6814002E+11
0.92578488503544E+10;-0.8923034E+01;0.6843304E+11
0.92699755943646E+10;-0.8921283E+01;0.6871691E+11
0.92824056998293E+10;-0.8917535E+01;0.6900358E+11
0.92945448852116E+10;-0.8915223E+01;0.6928282E+11
0.93064228668507E+10;-0.8912843E+01;0.6955406E+11
0.93181868793944E+10;-0.8909540E+01;0.6981954E+11
0.93298386168876E+10;-0.8908504E+01;0.7008141E+11
0.93419686894963E+10;-0.8905139E+01;0.7035583E+11
0.93537748203938E+10;-0.8903752E+01;0.7062807E+11
0.93653459954756E+10;-0.8901269E+01;0.7090140E+11
0.93768474912329E+10;-0.8897996E+01;0.7117721E+11
0.93880841415632E+10;-0.8896637E+01;0.7144848E+11
0.93998627106704E+10;-0.8893151E+01;0.7173647E+11
0.94114021379519E+10;-0.8891423E+01;0.7202648E+11
0.94227175908779E+10;-0.8889203E+01;0.7232287E+11
0.94340080297407E+10;-0.8885113E+01;0.7263322E+11
0.94449236452064E+10;-0.8882490E+01;0.7294709E+11
0.94562105120820E+10;-0.8879894E+01;0.7328786E+11
0.94675291699135E+10;-0.8875211E+01;0.7365407E+11
0.94785408766227E+10;-0.8866783E+01;0.7404150E+11
0.94894492305195E+10;-0.8861167E+01;0.7445664E+11
0.95000331290583E+10;-0.8852470E+01;0.7488743E+11
0.95104652839170E+10;-0.8844220E+01;0.7534237E+11
0.95208613095480E+10;-0.8837254E+01;0.7583107E+11
0.95311143958940E+10;-0.8829205E+01;0.7635182E+11
0.95412276816226E+10;-0.8821654E+01;0.7690758E+11
0.95510355660678E+10;-0.8813870E+01;0.7749044E+11
0.95605888814430E+10;-0.8804011E+01;0.7810457E+11
0.95699497923526E+10;-0.8798145E+01;0.7875743E+11
0.95794476048953E+10;-0.8791061E+01;0.7948190E+11
0.95891517054889E+10;-0.8783435E+01;0.8029806E+11
0.95981043112487E+10;-0.8776256E+01;0.8112771E+11
0.96069220097487E+10;-0.8766884E+01;0.8202676E+11
0.96154613018827E+10;-0.8760621E+01;0.8298764E+11
0.96242668816343E+10;-0.8756533E+01;0.8408970E+11
0.96332280456696E+10;-0.8738472E+01;0.8535210E+11
0.96415324690476E+10;-0.8717587E+01;0.8667550E+11
0.96494624645934E+10;-0.8698632E+01;0.8810620E+11
0.96574208695342E+10;-0.8683324E+01;0.8974646E+11
0.96651584014357E+10;-0.8659369E+01;0.9159533E+11
0.96725743709545E+10;-0.8630655E+01;0.9367535E+11
0.96792935101761E+10;-0.8598822E+01;0.9589942E+11
0.96855931791055E+10;-0.8568199E+01;0.9837202E+11
0.96878016664661E+10;-0.8557846E+01;0.9935015E+11
0.96911143975071E+10;-0.8542413E+01;0.1009489E+12
0.96960834940685E+10;-0.8516593E+01;0.1037066E+12
0.96980034892161E+10;-0.8502325E+01;0.1049131E+12
0.97008834819376E+10;-0.8479988E+01;0.1069032E+12
0.97052034710197E+10;-0.8440030E+01;0.1103889E+12
0.97098408509027E+10;-0.8390265E+01;0.1150350E+12
0.97113340197977E+10;-0.8373291E+01;0.1167968E+12
0.97135737731401E+10;-0.8347069E+01;0.1197537E+12
0.97169334031538E+10;-0.8304358E+01;0.1251022E+12
0.97181981010904E+10;-0.8286496E+01;0.1274861E+12
0.97200951479953E+10;-0.8256927E+01;0.1315644E+12
0.97229407183526E+10;-0.8202177E+01;0.1392104E+12
0.97238900306891E+10;-0.8178572E+01;0.1423165E+12
0.97253139991939E+10;-0.8139615E+01;0.1476902E+12
0.97274499519510E+10;-0.8071916E+01;0.1579872E+12
0.97283058265889E+10;-0.8041288E+01;0.1631850E+12
0.97295896385456E+10;-0.7990326E+01;0.1726850E+12
0.97315153564807E+10;-0.7895501E+01;0.1931070E+12
0.97321025161758E+10;-0.7859519E+01;0.2017591E+12
0.97329832557184E+10;-0.7795752E+01;0.2183554E+12
0.97334192217920E+10;-0.7758418E+01;0.2288936E+12
0.97340731709024E+10;-0.7681126E+01;0.2491998E+12
0.97350540945681E+10;-0.7517534E+01;0.2984301E+12
0.97353619006682E+10;-0.7448893E+01;0.3229542E+12
0.97358236098184E+10;-0.7318348E+01;0.3773463E+12
0.97360521558478E+10;-0.7235070E+01;0.4184643E+12
0.97363949748918E+10;-0.7069328E+01;0.5193264E+12
0.97365646703186E+10;-0.6956385E+01;0.6065338E+12
0.97368192134588E+10;-0.6704762E+01;0.8788771E+12
0.97369117577721E+10;-0.6562183E+01;0.1101220E+13
0.97369575672072E+10;-0.6471074E+01;0.1279856E+13
0.97370262813599E+10;-0.6288698E+01;0.1755511E+13
0.97370602948655E+10;-0.6162790E+01;0.2209582E+13
0.97370762067260E+10;-0.6089856E+01;0.2535922E+13
0.97371000745167E+10;-0.5953343E+01;0.3310055E+13
0.97371118890731E+10;-0.5867455E+01;0.3936453E+13
0.97371296109078E+10;-0.5698645E+01;0.5600659E+13
0.97371359463093E+10;-0.5619516E+01;0.6643590E+13
0.97371441441411E+10;-0.5491246E+01;0.8816551E+13
0.97371467563565E+10;-0.5441345E+01;0.9860733E+13
0.97371506746796E+10;-0.5354469E+01;0.1201352E+14
0.97371525837600E+10;-0.5305199E+01;0.1345452E+14
0.97371554473805E+10;-0.5219355E+01;0.1642263E+14
0.97371597428113E+10;-0.5048147E+01;0.2458996E+14
0.97371614109277E+10;-0.4958288E+01;0.3046888E+14
0.97371620245777E+10;-0.4919982E+01;0.3339980E+14
0.97371629450527E+10;-0.4855261E+01;0.3901552E+14
0.97371643257653E+10;-0.4735324E+01;0.5207715E+14
0.97371650092180E+10;-0.4660793E+01;0.6233164E+14
0.97371660343971E+10;-0.4517306E+01;0.8812861E+14
0.97371664339595E+10;-0.4445057E+01;0.1048758E+15
0.97371670038343E+10;-0.4315244E+01;0.1433736E+15
0.97371671883256E+10;-0.4262840E+01;0.1625151E+15
0.97371674650626E+10;-0.4170214E+01;0.2028710E+15
0.97371675885668E+10;-0.4121373E+01;0.2279675E+15
0.97371677738231E+10;-0.4035847E+01;0.2795283E+15
0.97371680517076E+10;-0.3863784E+01;0.4207522E+15
0.97371681499334E+10;-0.3781485E+01;0.5110463E+15
0.97371681860040E+10;-0.3746825E+01;0.5545491E+15
0.97371682401099E+10;-0.3689092E+01;0.6354075E+15
0.97371683212688E+10;-0.3584907E+01;0.8119919E+15
0.97371683614425E+10;-0.3522309E+01;0.9406340E+15
0.97371684217030E+10;-0.3407417E+01;0.1231633E+16
0.97371684515319E+10;-0.3336951E+01;0.1452737E+16
0.97371684962753E+10;-0.3203983E+01;0.1983402E+16
0.97371685184233E+10;-0.3119482E+01;0.2417287E+16
0.97371685516453E+10;-0.2951780E+01;0.3582613E+16
0.97371685633476E+10;-0.2873303E+01;0.4306473E+16
0.97371685770492E+10;-0.2759880E+01;0.5625448E+16
0.97371685813319E+10;-0.2717620E+01;0.6215374E+16
0.97371685877558E+10;-0.2645876E+01;0.7366071E+16
0.97371685973917E+10;-0.2511761E+01;0.1014183E+17
0.97371686008911E+10;-0.2451638E+01;0.1171778E+17
0.97371686061402E+10;-0.2344348E+01;0.1519716E+17
0.97371686082786E+10;-0.2292873E+01;0.1723939E+17
0.97371686114861E+10;-0.2204087E+01;0.2147544E+17
0.97371686130739E+10;-0.2153773E+01;0.2436332E+17
0.97371686154555E+10;-0.2068199E+01;0.3029596E+17
0.97371686190279E+10;-0.1910174E+01;0.4599286E+17
0.97371686202090E+10;-0.1848351E+01;0.5457563E+17
0.97371686218503E+10;-0.1753596E+01;0.7176265E+17
0.97371686224224E+10;-0.1714163E+01;0.7982841E+17
0.97371686232805E+10;-0.1638498E+01;0.9473480E+17
0.97371686237053E+10;-0.1598416E+01;0.1036351E+18
0.97371686243424E+10;-0.1536237E+01;0.1192802E+18
0.97371686246578E+10;-0.1503107E+01;0.1281824E+18
0.97371686251309E+10;-0.1451915E+01;0.1431522E+18
0.97371686258406E+10;-0.1371287E+01;0.1696290E+18
0.97371686260728E+10;-0.1345661E+01;0.1794192E+18
0.97371686264212E+10;-0.1307860E+01;0.1951885E+18
0.97371686269437E+10;-0.1251354E+01;0.2213114E+18
0.97371686271121E+10;-0.1234010E+01;0.2303659E+18
0.97371686273648E+10;-0.1205998E+01;0.2445279E+18
0.97371686277438E+10;-0.1166659E+01;0.2670815E+18
0.97371686278849E+10;-0.1151371E+01;0.2758770E+18
0.97371686280965E+10;-0.1127428E+01;0.2894736E+18
0.97371686284139E+10;-0.1093954E+01;0.3107683E+18
0.97371686287723E+10;-0.1058846E+01;0.3362017E+18
0.97371686291005E+10;-0.1028695E+01;0.3611221E+18
0.97371686294039E+10;-0.1000224E+01;0.3860122E+18
0.97371686296896E+10;-0.9758775E+00;0.4115994E+18
0.97371686299694E+10;-0.9490378E+00;0.4388672E+18
0.97371686302312E+10;-0.9247968E+00;0.4662091E+18
0.97371686304798E+10;-0.9027579E+00;0.4937249E+18
0.97371686307179E+10;-0.8827124E+00;0.5216057E+18
0.97371686309503E+10;-0.8625834E+00;0.5508040E+18
0.97371686311676E+10;-0.8452306E+00;0.5805589E+18
0.97371686313851E+10;-0.8258175E+00;0.6129586E+18
0.97371686315890E+10;-0.8073463E+00;0.6454973E+18
0.97371686317866E+10;-0.7901967E+00;0.6788727E+18
0.97371686319784E+10;-0.7743066E+00;0.7130321E+18
0.97371686321637E+10;-0.7581259E+00;0.7477293E+18
0.97371686323425E+10;-0.7445907E+00;0.7830999E+18
0.97371686325193E+10;-0.7284257E+00;0.8202094E+18
0.97371686326894E+10;-0.7135587E+00;0.8581288E+18
0.97371686328561E+10;-0.6990092E+00;0.8976980E+18
0.97371686330201E+10;-0.6851393E+00;0.9388298E+18
0.97371686331769E+10;-0.6719578E+00;0.9794994E+18
0.97371686333306E+10;-0.6601041E+00;0.1020406E+19
0.97371686334844E+10;-0.6467426E+00;0.1062672E+19
0.97371686336313E+10;-0.6349180E+00;0.1104566E+19
0.97371686337790E+10;-0.6216556E+00;0.1148520E+19
0.97371686339231E+10;-0.6097363E+00;0.1193259E+19
0.97371686340609E+10;-0.5987688E+00;0.1237793E+19
0.97371686341966E+10;-0.5883750E+00;0.1283819E+19
0.97371686343326E+10;-0.5772668E+00;0.1332277E+19
0.97371686344627E+10;-0.5674330E+00;0.1380064E+19
0.97371686345938E+10;-0.5559959E+00;0.1428687E+19
0.97371686347218E+10;-0.5458983E+00;0.1476088E+19
0.97371686348465E+10;-0.5365768E+00;0.1523096E+19
0.97371686349691E+10;-0.5274279E+00;0.1571911E+19
0.97371686350906E+10;-0.5180456E+00;0.1623566E+19
0.97371686352091E+10;-0.5096419E+00;0.1676415E+19
0.97371686353267E+10;-0.5000464E+00;0.1729882E+19
0.97371686354417E+10;-0.4914487E+00;0.1782617E+19
0.97371686355569E+10;-0.4833386E+00;0.1836511E+19
0.97371686356701E+10;-0.4751778E+00;0.1890722E+19
0.97371686357805E+10;-0.4669965E+00;0.1944914E+19
0.97371686358902E+10;-0.4588492E+00;0.2000905E+19
0.97371686360012E+10;-0.4514989E+00;0.2060124E+19
0.97371686361075E+10;-0.4436899E+00;0.2119014E+19
0.97371686362149E+10;-0.4365119E+00;0.2179660E+19
0.97371686363196E+10;-0.4286565E+00;0.2238514E+19
0.97371686364229E+10;-0.4216324E+00;0.2296315E+19
0.97371686365282E+10;-0.4156340E+00;0.2356721E+19
0.97371686366290E+10;-0.4084366E+00;0.2416984E+19
0.97371686367304E+10;-0.4011461E+00;0.2479805E+19
0.97371686368300E+10;-0.3947549E+00;0.2542825E+19
0.97371686369288E+10;-0.3891161E+00;0.2606063E+19
0.97371686370290E+10;-0.3842340E+00;0.2670389E+19
0.97371686371268E+10;-0.3767733E+00;0.2732792E+19
0.97371686372241E+10;-0.3697492E+00;0.2794218E+19
0.97371686373195E+10;-0.3640477E+00;0.2854327E+19
0.97371686374169E+10;-0.3592418E+00;0.2917298E+19
0.97371686375124E+10;-0.3529364E+00;0.2981151E+19
0.97371686376065E+10;-0.3480015E+00;0.3044568E+19
0.97371686376998E+10;-0.3419155E+00;0.3106653E+19
0.97371686377924E+10;-0.3367921E+00;0.3167076E+19
0.97371686378870E+10;-0.3320382E+00;0.3228003E+19
0.97371686379762E+10;-0.3264253E+00;0.3285712E+19
0.97371686380653E+10;-0.3221450E+00;0.3344887E+19
0.97371686381548E+10;-0.3179407E+00;0.3406571E+19
0.97371686382431E+10;-0.3118455E+00;0.3468986E+19
0.97371686383311E+10;-0.3083301E+00;0.3531031E+19
0.97371686384205E+10;-0.3030490E+00;0.3591559E+19
0.97371686385085E+10;-0.2979673E+00;0.3648847E+19
0.97371686385931E+10;-0.2936165E+00;0.3703850E+19
0.97371686386754E+10;-0.2908650E+00;0.3758825E+19
0.97371686387578E+10;-0.2861896E+00;0.3815955E+19
0.97371686388400E+10;-0.2816322E+00;0.3874742E+19
0.97371686389224E+10;-0.2778644E+00;0.3933792E+19
0.97371686390038E+10;-0.2737931E+00;0.3990494E+19
0.97371686390860E+10;-0.2705778E+00;0.4045775E+19
0.97371686391716E+10;-0.2658429E+00;0.4102102E+19
0.97371686392497E+10;-0.2625259E+00;0.4154852E+19
0.97371686393268E+10;-0.2587003E+00;0.4209958E+19
0.97371686394049E+10;-0.2556986E+00;0.4268438E+19
0.97371686394825E+10;-0.2519330E+00;0.4327508E+19
0.97371686395600E+10;-0.2490682E+00;0.4386409E+19
0.97371686396365E+10;-0.2450703E+00;0.4443079E+19
0.97371686397132E+10;-0.2422005E+00;0.4498157E+19
0.97371686397914E+10;-0.2384084E+00;0.4555171E+19
0.97371686398659E+10;-0.2355221E+00;0.4612153E+19
0.97371686399386E+10;-0.2331266E+00;0.4670661E+19
0.97371686400128E+10;-0.2297603E+00;0.4731948E+19
0.97371686400851E+10;-0.2263152E+00;0.4790904E+19
0.97371686401579E+10;-0.2233912E+00;0.4848581E+19
0.97371686402303E+10;-0.2211421E+00;0.4905490E+19
0.97371686403037E+10;-0.2177287E+00;0.4963628E+19
0.97371686403752E+10;-0.2154674E+00;0.5021791E+19
0.97371686404479E+10;-0.2122204E+00;0.5083279E+19
0.97371686405170E+10;-0.2093661E+00;0.5143387E+19
0.97371686405872E+10;-0.2067547E+00;0.5204525E+19
0.97371686406563E+10;-0.2048033E+00;0.5263675E+19
0.97371686407250E+10;-0.2019454E+00;0.5321960E+19
0.97371686407932E+10;-0.1993728E+00;0.5379753E+19
0.97371686408633E+10;-0.1959804E+00;0.5440231E+19
0.97371686409300E+10;-0.1935905E+00;0.5500053E+19
0.97371686410029E+10;-0.1909015E+00;0.5567913E+19
0.97371686410693E+10;-0.1882451E+00;0.5630556E+19
0.97371686411358E+10;-0.1857980E+00;0.5692067E+19
0.97371686412035E+10;-0.1835133E+00;0.5753256E+19
0.97371686412701E+10;-0.1803562E+00;0.5813352E+19
0.97371686413370E+10;-0.1779649E+00;0.5875598E+19
0.97371686414040E+10;-0.1752837E+00;0.5940344E+19
0.97371686414693E+10;-0.1728001E+00;0.6005408E+19
0.97371686415339E+10;-0.1704126E+00;0.6070971E+19
0.97371686416011E+10;-0.1678156E+00;0.6138505E+19
0.97371686416646E+10;-0.1650561E+00;0.6200448E+19
0.97371686417285E+10;-0.1624342E+00;0.6262169E+19
0.97371686417916E+10;-0.1605651E+00;0.6324491E+19
0.97371686418560E+10;-0.1584795E+00;0.6391014E+19
0.97371686419180E+10;-0.1557240E+00;0.6457319E+19
0.97371686419827E+10;-0.1539282E+00;0.6527784E+19
0.97371686420443E+10;-0.1513705E+00;0.6594753E+19
0.97371686421065E+10;-0.1489253E+00;0.6660866E+19
0.97371686421677E+10;-0.1467722E+00;0.6724571E+19
0.97371686422288E+10;-0.1452316E+00;0.6787796E+19
0.97371686422901E+10;-0.1423018E+00;0.6852452E+19
0.97371686423517E+10;-0.1403582E+00;0.6918603E+19
0.97371686424132E+10;-0.1388148E+00;0.6985551E+19
0.97371686424740E+10;-0.1362163E+00;0.7052382E+19
0.97371686425350E+10;-0.1352140E+00;0.7118688E+19
0.97371686425948E+10;-0.1325380E+00;0.7181923E+19
0.97371686426529E+10;-0.1306366E+00;0.7242269E+19
0.97371686427111E+10;-0.1289551E+00;0.7302176E+19
0.97371686427693E+10;-0.1271564E+00;0.7361638E+19
0.97371686428275E+10;-0.1246739E+00;0.7420714E+19
0.97371686428858E+10;-0.1235586E+00;0.7479192E+19
0.97371686429442E+10;-0.1211235E+00;0.7536364E+19
0.97371686430022E+10;-0.1201609E+00;0.7590741E+19
0.97371686430601E+10;-0.1178614E+00;0.7642200E+19
0.97371686431165E+10;-0.1170330E+00;0.7689682E+19
0.97371686431731E+10;-0.1146247E+00;0.7735303E+19
0.97371686432302E+10;-0.1145413E+00;0.7780361E+19
0.97371686432875E+10;-0.1114840E+00;0.7824482E+19
0.97371686433447E+10;-0.1105991E+00;0.7866741E+19
0.97371686434016E+10;-0.1087615E+00;0.7907020E+19
0.97371686434583E+10;-0.1059818E+00;0.7944814E+19
0.97371686435148E+10;-0.1044396E+00;0.7979374E+19
0.97371686435717E+10;-0.1029686E+00;0.8011134E+19
0.97371686436280E+10;-0.1018816E+00;0.8040022E+19
0.97371686436841E+10;-0.9912638E-01;0.8066372E+19
0.97371686437398E+10;-0.9555532E-01;0.8089932E+19
0.97371686437953E+10;-0.9357228E-01;0.8111188E+19
0.97371686438509E+10;-0.9065691E-01;0.8130816E+19
0.97371686439058E+10;-0.8892391E-01;0.8149107E+19
0.97371686439606E+10;-0.8766402E-01;0.8166494E+19
0.97371686440149E+10;-0.8630592E-01;0.8182440E+19
0.97371686440691E+10;-0.8470240E-01;0.8196577E+19
0.97371686441233E+10;-0.8111314E-01;0.8208226E+19
0.97371686441766E+10;-0.7914017E-01;0.8216812E+19
0.97371686442302E+10;-0.7654855E-01;0.8222791E+19
0.97371686442826E+10;-0.7463642E-01;0.8226832E+19
0.97371686443356E+10;-0.7367886E-01;0.8230041E+19
0.97371686443873E+10;-0.7200731E-01;0.8232562E+19
0.97371686444392E+10;-0.7137295E-01;0.8234445E+19
0.97371686444908E+10;-0.6801049E-01;0.8235075E+19
0.97371686445418E+10;-0.6595950E-01;0.8233520E+19
0.97371686445926E+10;-0.6387865E-01;0.8229858E+19
0.97371686446430E+10;-0.6164276E-01;0.8224833E+19
0.97371686446938E+10;-0.6061731E-01;0.8219057E+19
0.97371686447436E+10;-0.5905657E-01;0.8212938E+19
0.97371686447934E+10;-0.5804270E-01;0.8206547E+19
0.97371686448426E+10;-0.5628177E-01;0.8200121E+19
0.97371686448917E+10;-0.5401111E-01;0.8192823E+19
0.97371686449410E+10;-0.5260124E-01;0.8183745E+19
0.97371686449899E+10;-0.4990679E-01;0.8172943E+19
0.97371686450381E+10;-0.4853029E-01;0.8161422E+19
0.97371686450867E+10;-0.4745259E-01;0.8149735E+19
0.97371686451344E+10;-0.4596221E-01;0.8138479E+19
0.97371686451824E+10;-0.4552578E-01;0.8127898E+19
0.97371686452300E+10;-0.4318154E-01;0.8117972E+19
0.97371686452769E+10;-0.4190946E-01;0.8107765E+19
0.97371686453241E+10;-0.3944193E-01;0.8096456E+19
0.97371686453704E+10;-0.3760873E-01;0.8084466E+19
0.97371686454169E+10;-0.3691299E-01;0.8072165E+19
0.97371686454629E+10;-0.3516618E-01;0.8060017E+19
0.97371686455099E+10;-0.3414217E-01;0.8048079E+19
0.97371686455555E+10;-0.3350673E-01;0.8037668E+19
0.97371686456011E+10;-0.3187255E-01;0.8028267E+19
0.97371686456464E+10;-0.3030909E-01;0.8018779E+19
0.97371686456915E+10;-0.2785627E-01;0.8008222E+19
0.97371686457366E+10;-0.2661841E-01;0.7996894E+19
0.97371686457814E+10;-0.2566814E-01;0.7985404E+19
0.97371686458258E+10;-0.2399720E-01;0.7974296E+19
0.97371686458711E+10;-0.2340015E-01;0.7964027E+19
0.97371686459152E+10;-0.2233371E-01;0.7955322E+19
0.97371686459598E+10;-0.2158193E-01;0.7947095E+19
0.97371686460039E+10;-0.1921381E-01;0.7938566E+19
0.97371686460473E+10;-0.1738877E-01;0.7929402E+19
0.97371686460908E+10;-0.1670514E-01;0.7919677E+19
0.97371686461341E+10;-0.1503398E-01;0.7909728E+19
0.97371686461777E+10;-0.1372524E-01;0.7900038E+19
0.97371686462212E+10;-0.1347046E-01;0.7891350E+19
0.97371686462643E+10;-0.1194661E-01;0.7883870E+19
0.97371686463071E+10;-0.1143219E-01;0.7877013E+19
0.97371686463499E+10;-0.9184190E-02;0.7869872E+19
0.97371686463920E+10;-0.7857217E-02;0.7862021E+19
0.97371686464341E+10;-0.7310491E-02;0.7853213E+19
0.97371686464759E+10;-0.5214402E-02;0.7844020E+19
0.97371686465181E+10;-0.4218987E-02;0.7835279E+19
0.97371686465598E+10;-0.3622474E-02;0.7827708E+19
0.97371686466021E+10;-0.2240369E-02;0.7821060E+19
0.97371686466435E+10;-0.1908290E-02;0.7814884E+19
0.97371686466847E+10;-0.1330997E-04;0.7808344E+19
0.97371686467256E+10;0.8974472E-03;0.7801014E+19
0.97371686467665E+10;0.2109156E-02;0.7792836E+19
0.97371686468072E+10;0.3940930E-02;0.7784558E+19
0.97371686468479E+10;0.4687582E-02;0.7776880E+19
0.97371686468884E+10;0.5633108E-02;0.7770013E+19
0.97371686469299E+10;0.6930676E-02;0.7763818E+19
0.97371686469701E+10;0.7127717E-02;0.7758366E+19
0.97371686470105E+10;0.8537275E-02;0.7752811E+19
0.97371686470503E+10;0.9040841E-02;0.7746775E+19
0.97371686470902E+10;0.1099767E-01;0.7740066E+19
0.97371686471299E+10;0.1261730E-01;0.7733188E+19
0.97371686471693E+10;0.1313597E-01;0.7726645E+19
0.97371686472087E+10;0.1446821E-01;0.7720871E+19
0.97371686472495E+10;0.1570474E-01;0.7716055E+19
0.97371686472887E+10;0.1596775E-01;0.7712299E+19
0.97371686473287E+10;0.1739707E-01;0.7708597E+19
0.97371686473675E+10;0.1780862E-01;0.7704413E+19
0.97371686474064E+10;0.1953082E-01;0.7699406E+19
0.97371686474453E+10;0.2095467E-01;0.7694143E+19
0.97371686474837E+10;0.2122418E-01;0.7689323E+19
0.97371686475221E+10;0.2302417E-01;0.7685442E+19
0.97371686475621E+10;0.2419498E-01;0.7682682E+19
0.97371686476003E+10;0.2457996E-01;0.7680862E+19
0.97371686476394E+10;0.2605773E-01;0.7678968E+19
0.97371686476773E+10;0.2649459E-01;0.7676558E+19
0.97371686477151E+10;0.2778158E-01;0.7673619E+19
0.97371686477532E+10;0.2902268E-01;0.7670559E+19
0.97371686477907E+10;0.2921635E-01;0.7667873E+19
0.97371686478282E+10;0.3136308E-01;0.7665948E+19
0.97371686478669E+10;0.3247278E-01;0.7665027E+19
0.97371686479041E+10;0.3295769E-01;0.7664859E+19
0.97371686479421E+10;0.3450572E-01;0.7664841E+19
0.97371686479791E+10;0.3501232E-01;0.7664636E+19
0.97371686480161E+10;0.3614612E-01;0.7664123E+19
0.97371686480530E+10;0.3687393E-01;0.7663296E+19
0.97371686480896E+10;0.3752353E-01;0.7662451E+19
0.97371686481262E+10;0.3950786E-01;0.7662156E+19
0.97371686481633E+10;0.4059976E-01;0.7662864E+19
0.97371686481997E+10;0.4112026E-01;0.7664455E+19
0.97371686482366E+10;0.4278965E-01;0.7666562E+19
0.97371686482727E+10;0.4342459E-01;0.7668629E+19
0.97371686483091E+10;0.4455143E-01;0.7670298E+19
0.97371686483449E+10;0.4532053E-01;0.7671366E+19
0.97371686483805E+10;0.4613523E-01;0.7672198E+19
0.97371686484160E+10;0.4751687E-01;0.7673521E+19
0.97371686484521E+10;0.4864706E-01;0.7675929E+19
0.97371686484878E+10;0.4915281E-01;0.7679394E+19
0.97371686485236E+10;0.5098303E-01;0.7683476E+19
0.97371686485592E+10;0.5178699E-01;0.7687526E+19
0.97371686485946E+10;0.5284277E-01;0.7691101E+19
0.97371686486295E+10;0.5386664E-01;0.7693975E+19
0.97371686486646E+10;0.5463512E-01;0.7696579E+19
0.97371686486993E+10;0.5552270E-01;0.7699599E+19
0.97371686487345E+10;0.5670258E-01;0.7703690E+19
0.97371686487695E+10;0.5718619E-01;0.7708842E+19
0.97371686488044E+10;0.5919372E-01;0.7714569E+19
0.97371686488396E+10;0.6017734E-01;0.7720344E+19
0.97371686488741E+10;0.6113360E-01;0.7725598E+19
0.97371686489085E+10;0.6242356E-01;0.7730302E+19
0.97371686489428E+10;0.6310905E-01;0.7734751E+19
0.97371686489768E+10;0.6416668E-01;0.7739468E+19
0.97371686490107E+10;0.6484573E-01;0.7745017E+19
0.97371686490450E+10;0.6530971E-01;0.7751640E+19
0.97371686490792E+10;0.6750579E-01;0.7758790E+19
0.97371686491133E+10;0.6866223E-01;0.7766002E+19
0.97371686491469E+10;0.6945748E-01;0.7772896E+19
0.97371686491810E+10;0.7105141E-01;0.7779621E+19
0.97371686492144E+10;0.7158926E-01;0.7785928E+19
0.97371686492475E+10;0.7298858E-01;0.7792275E+19
0.97371686492805E+10;0.7363281E-01;0.7799230E+19
0.97371686493142E+10;0.7445527E-01;0.7807192E+19
0.97371686493474E+10;0.7596933E-01;0.7815628E+19
0.97371686493807E+10;0.7730585E-01;0.7824358E+19
0.97371686494134E+10;0.7790095E-01;0.7833015E+19
0.97371686494464E+10;0.7978336E-01;0.7841561E+19
0.97371686494788E+10;0.8063852E-01;0.7849628E+19
0.97371686495113E+10;0.8188606E-01;0.7857550E+19
0.97371686495435E+10;0.8275011E-01;0.7865769E+19
0.97371686495758E+10;0.8370795E-01;0.7874768E+19
0.97371686496082E+10;0.8459484E-01;0.7884462E+19
0.97371686496406E+10;0.8615202E-01;0.7894650E+19
0.97371686496726E+10;0.8649426E-01;0.7904880E+19
0.97371686497046E+10;0.8868397E-01;0.7914987E+19
0.97371686497364E+10;0.8989312E-01;0.7924624E+19
0.97371686497681E+10;0.9090879E-01;0.7933984E+19
0.97371686497996E+10;0.9220176E-01;0.7943537E+19
0.97371686498308E+10;0.9305870E-01;0.7953730E+19
0.97371686498623E+10;0.9390350E-01;0.7964725E+19
0.97371686498938E+10;0.9528978E-01;0.7976234E+19
0.97371686499254E+10;0.9587803E-01;0.7987929E+19
0.97371686499568E+10;0.9787603E-01;0.7999554E+19
0.97371686499882E+10;0.9944320E-01;0.8010997E+19
0.97371686500192E+10;0.1001961E+00;0.8022128E+19
0.97371686500498E+10;0.1019030E+00;0.8033259E+19
0.97371686500802E+10;0.1026298E+00;0.8044846E+19
0.97371686501109E+10;0.1039528E+00;0.8057059E+19
0.97371686501417E+10;0.1048679E+00;0.8069752E+19
0.97371686501729E+10;0.1056305E+00;0.8082846E+19
0.97371686502032E+10;0.1075181E+00;0.8095760E+19
0.97371686502336E+10;0.1093928E+00;0.8108707E+19
0.97371686502635E+10;0.1101167E+00;0.8121352E+19
0.97371686502936E+10;0.1119662E+00;0.8134060E+19
0.97371686503234E+10;0.1131274E+00;0.8146892E+19
0.97371686503529E+10;0.1143042E+00;0.8160091E+19
0.97371686503832E+10;0.1151979E+00;0.8174116E+19
0.97371686504134E+10;0.1161380E+00;0.8188548E+19
0.97371686504427E+10;0.1176714E+00;0.8202839E+19
0.97371686504722E+10;0.1198551E+00;0.8217225E+19
0.97371686505013E+10;0.1209240E+00;0.8231419E+19
0.97371686505305E+10;0.1224888E+00;0.8245623E+19
0.97371686505593E+10;0.1241082E+00;0.8259892E+19
0.97371686505880E+10;0.1250685E+00;0.8274446E+19
0.97371686506170E+10;0.1265146E+00;0.8289559E+19
0.97371686506461E+10;0.1274826E+00;0.8305041E+19
0.97371686506746E+10;0.1284279E+00;0.8320432E+19
0.97371686507035E+10;0.1309529E+00;0.8336190E+19
0.97371686507321E+10;0.1323589E+00;0.8352060E+19
0.97371686507606E+10;0.1336695E+00;0.8368024E+19
0.97371686507887E+10;0.1357401E+00;0.8383875E+19
0.97371686508166E+10;0.1366917E+00;0.8399793E+19
0.97371686508444E+10;0.1384150E+00;0.8415877E+19
0.97371686508725E+10;0.1393763E+00;0.8432572E+19
0.97371686509002E+10;0.1406217E+00;0.8449421E+19
0.97371686509282E+10;0.1429267E+00;0.8466788E+19
0.97371686509560E+10;0.1445883E+00;0.8484133E+19
0.97371686509833E+10;0.1456877E+00;0.8501353E+19
0.97371686510105E+10;0.1482101E+00;0.8518627E+19
0.97371686510377E+10;0.1496511E+00;0.8535945E+19
0.97371686510645E+10;0.1511373E+00;0.8553363E+19
0.97371686510916E+10;0.1527031E+00;0.8571380E+19
0.97371686511185E+10;0.1539322E+00;0.8589657E+19
0.97371686511459E+10;0.1559557E+00;0.8608639E+19
0.97371686511725E+10;0.1577795E+00;0.8627439E+19
0.97371686511988E+10;0.1589066E+00;0.8646251E+19
0.97371686512252E+10;0.1618486E+00;0.8665195E+19
0.97371686512512E+10;0.1637049E+00;0.8683865E+19
0.97371686512772E+10;0.1650371E+00;0.8702672E+19
0.97371686513030E+10;0.1671572E+00;0.8721731E+19
0.97371686513290E+10;0.1683553E+00;0.8741489E+19
0.97371686513553E+10;0.1701296E+00;0.8762189E+19
0.97371686513810E+10;0.1720155E+00;0.8782847E+19
0.97371686514064E+10;0.1736754E+00;0.8803519E+19
0.97371686514322E+10;0.1770292E+00;0.8824520E+19
0.97371686514574E+10;0.1792348E+00;0.8844921E+19
0.97371686514824E+10;0.1806644E+00;0.8865344E+19
0.97371686515073E+10;0.1833246E+00;0.8886074E+19
0.97371686515322E+10;0.1848476E+00;0.8907621E+19
0.97371686515577E+10;0.1868968E+00;0.8930608E+19
0.97371686515824E+10;0.1882433E+00;0.8953394E+19
0.97371686516067E+10;0.1906491E+00;0.8976312E+19
0.97371686516315E+10;0.1942358E+00;0.8999709E+19
0.97371686516556E+10;0.1966178E+00;0.9022355E+19
0.97371686516797E+10;0.1988566E+00;0.9044908E+19
0.97371686517034E+10;0.2019861E+00;0.9067375E+19
0.97371686517269E+10;0.2039827E+00;0.9090393E+19
0.97371686517520E+10;0.2067271E+00;0.9115610E+19
0.97371686517755E+10;0.2086838E+00;0.9139830E+19
0.97371686517987E+10;0.2101425E+00;0.9164151E+19
0.97371686518226E+10;0.2135585E+00;0.9189396E+19
0.97371686518455E+10;0.2159187E+00;0.9213425E+19
0.97371686518683E+10;0.2203855E+00;0.9237207E+19
0.97371686518908E+10;0.2237709E+00;0.9260592E+19
0.97371686519130E+10;0.2267744E+00;0.9283857E+19
0.97371686519362E+10;0.2302618E+00;0.9308433E+19
0.97371686519585E+10;0.2332017E+00;0.9332640E+19
0.97371686519805E+10;0.2352511E+00;0.9357012E+19
0.97371686520030E+10;0.2350927E+00;0.9382140E+19
0.97371686520247E+10;0.2395878E+00;0.9406255E+19
0.97371686520463E+10;0.2439512E+00;0.9430159E+19
0.97371686520674E+10;0.2483910E+00;0.9453394E+19
0.97371686520883E+10;0.2527562E+00;0.9476326E+19
0.97371686521097E+10;0.2570967E+00;0.9500002E+19
0.97371686521309E+10;0.2604754E+00;0.9523501E+19
0.97371686521523E+10;0.2624265E+00;0.9547269E+19
0.97371686521730E+10;0.2618370E+00;0.9570117E+19
0.97371686521932E+10;0.2634820E+00;0.9592344E+19
0.97371686522135E+10;0.2690947E+00;0.9614512E+19
0.97371686522332E+10;0.2747289E+00;0.9635998E+19
0.97371686522527E+10;0.2795763E+00;0.9657375E+19
0.97371686522731E+10;0.2835530E+00;0.9679910E+19
0.97371686522934E+10;0.2861868E+00;0.9702422E+19
0.97371686523135E+10;0.2867161E+00;0.9724347E+19
0.97371686523330E+10;0.2838131E+00;0.9745040E+19
0.97371686523525E+10;0.2870581E+00;0.9765134E+19
0.97371686523712E+10;0.2928967E+00;0.9783918E+19
0.97371686523896E+10;0.2976420E+00;0.9802225E+19
0.97371686524083E+10;0.3013914E+00;0.9820814E+19
0.97371686524284E+10;0.3038755E+00;0.9840891E+19
0.97371686524476E+10;0.3039477E+00;0.9860115E+19
0.97371686524663E+10;0.3003737E+00;0.9878585E+19
0.97371686524851E+10;0.2986910E+00;0.9896700E+19
0.97371686525031E+10;0.3040193E+00;0.9913513E+19
0.97371686525207E+10;0.3081583E+00;0.9929582E+19
0.97371686525388E+10;0.3111345E+00;0.9945670E+19
0.97371686525586E+10;0.3122124E+00;0.9962761E+19
0.97371686525771E+10;0.3098962E+00;0.9978067E+19
0.97371686525956E+10;0.3028466E+00;0.9992679E+19
0.97371686526133E+10;0.3015951E+00;0.1000623E+20
0.97371686526308E+10;0.3057772E+00;0.1001931E+20
0.97371686526482E+10;0.3086486E+00;0.1003228E+20
0.97371686526671E+10;0.3094419E+00;0.1004623E+20
0.97371686526858E+10;0.3065335E+00;0.1005973E+20
0.97371686527044E+10;0.2985636E+00;0.1007261E+20
0.97371686527222E+10;0.2900474E+00;0.1008440E+20
0.97371686527397E+10;0.2938332E+00;0.1009545E+20
0.97371686527574E+10;0.2959971E+00;0.1010611E+20
0.97371686527767E+10;0.2952661E+00;0.1011708E+20
0.97371686527960E+10;0.2897690E+00;0.1012717E+20
0.97371686528151E+10;0.2788350E+00;0.1013647E+20
0.97371686528335E+10;0.2700704E+00;0.1014511E+20
0.97371686528515E+10;0.2730686E+00;0.1015357E+20
0.97371686528706E+10;0.2739646E+00;0.1016269E+20
0.97371686528921E+10;0.2703764E+00;0.1017295E+20
0.97371686529123E+10;0.2611522E+00;0.1018236E+20
0.97371686529319E+10;0.2473664E+00;0.1019108E+20
0.97371686529509E+10;0.2443429E+00;0.1019915E+20
0.97371686529704E+10;0.2472219E+00;0.1020698E+20
0.97371686529920E+10;0.2480277E+00;0.1021500E+20
0.97371686530157E+10;0.2441240E+00;0.1022302E+20
0.97371686530380E+10;0.2341319E+00;0.1023028E+20
0.97371686530592E+10;0.2194575E+00;0.1023750E+20
0.97371686530795E+10;0.2183734E+00;0.1024512E+20
0.97371686531004E+10;0.2219854E+00;0.1025372E+20
0.97371686531235E+10;0.2241387E+00;0.1026354E+20
0.97371686531502E+10;0.2232486E+00;0.1027407E+20
0.97371686531758E+10;0.2165130E+00;0.1028250E+20
0.97371686531995E+10;0.2037381E+00;0.1028903E+20
0.97371686532216E+10;0.1965410E+00;0.1029504E+20
0.97371686532432E+10;0.2009629E+00;0.1030175E+20
0.97371686532661E+10;0.2041434E+00;0.1031022E+20
0.97371686532920E+10;0.2057244E+00;0.1032095E+20
0.97371686533220E+10;0.2031236E+00;0.1033314E+20
0.97371686533311E+10;0.2008597E+00;0.1033644E+20
0.97371686533448E+10;0.1958298E+00;0.1034090E+20
0.97371686533653E+10;0.1846142E+00;0.1034660E+20
0.97371686533884E+10;0.1825950E+00;0.1035237E+20
0.97371686534110E+10;0.1870172E+00;0.1035845E+20
0.97371686534350E+10;0.1901674E+00;0.1036622E+20
0.97371686534621E+10;0.1916510E+00;0.1037656E+20
0.97371686534927E+10;0.1888474E+00;0.1038882E+20
0.97371686535030E+10;0.1862062E+00;0.1039268E+20
0.97371686535185E+10;0.1802240E+00;0.1039792E+20
0.97371686535418E+10;0.1671365E+00;0.1040450E+20
0.97371686535656E+10;0.1728510E+00;0.1041033E+20
0.97371686535891E+10;0.1769998E+00;0.1041634E+20
0.97371686536145E+10;0.1798058E+00;0.1042405E+20
0.97371686536433E+10;0.1805524E+00;0.1043443E+20
0.97371686536728E+10;0.1763894E+00;0.1044574E+20
0.97371686536828E+10;0.1733037E+00;0.1044933E+20
0.97371686536978E+10;0.1668294E+00;0.1045426E+20
0.97371686537203E+10;0.1593042E+00;0.1046056E+20
0.97371686537445E+10;0.1648057E+00;0.1046644E+20
0.97371686537688E+10;0.1687888E+00;0.1047243E+20
0.97371686537952E+10;0.1713550E+00;0.1048000E+20
0.97371686538233E+10;0.1715859E+00;0.1048953E+20
0.97371686538521E+10;0.1669533E+00;0.1049997E+20
0.97371686538815E+10;0.1546342E+00;0.1050962E+20
0.97371686539082E+10;0.1545376E+00;0.1051674E+20
0.97371686539327E+10;0.1593972E+00;0.1052253E+20
0.97371686539581E+10;0.1628427E+00;0.1052878E+20
0.97371686539850E+10;0.1646271E+00;0.1053648E+20
0.97371686540128E+10;0.1634370E+00;0.1054565E+20
0.97371686540415E+10;0.1565777E+00;0.1055542E+20
0.97371686540512E+10;0.1527298E+00;0.1055852E+20
0.97371686540658E+10;0.1455630E+00;0.1056284E+20
0.97371686540876E+10;0.1482599E+00;0.1056857E+20
0.97371686541127E+10;0.1532411E+00;0.1057447E+20
0.97371686541384E+10;0.1567348E+00;0.1058058E+20
0.97371686541651E+10;0.1585664E+00;0.1058775E+20
0.97371686541926E+10;0.1576326E+00;0.1059622E+20
0.97371686542208E+10;0.1516398E+00;0.1060532E+20
0.97371686542494E+10;0.1398437E+00;0.1061384E+20
0.97371686542763E+10;0.1444892E+00;0.1062060E+20
0.97371686543017E+10;0.1491009E+00;0.1062636E+20
0.97371686543278E+10;0.1522362E+00;0.1063250E+20
0.97371686543547E+10;0.1535779E+00;0.1063965E+20
0.97371686543822E+10;0.1518111E+00;0.1064787E+20
0.97371686544104E+10;0.1450411E+00;0.1065651E+20
0.97371686544391E+10;0.1351271E+00;0.1066449E+20
0.97371686544658E+10;0.1411141E+00;0.1067081E+20
0.97371686544916E+10;0.1454685E+00;0.1067645E+20
0.97371686545180E+10;0.1482906E+00;0.1068252E+20
0.97371686545450E+10;0.1492103E+00;0.1068957E+20
0.97371686545725E+10;0.1467250E+00;0.1069758E+20
0.97371686546005E+10;0.1401988E+00;0.1070581E+20
0.97371686546289E+10;0.1326886E+00;0.1071326E+20
0.97371686546555E+10;0.1380032E+00;0.1071925E+20
0.97371686546816E+10;0.1421848E+00;0.1072472E+20
0.97371686547083E+10;0.1447899E+00;0.1073065E+20
0.97371686547354E+10;0.1454070E+00;0.1073753E+20
0.97371686547629E+10;0.1425937E+00;0.1074529E+20
0.97371686547908E+10;0.1367349E+00;0.1075320E+20
0.97371686548191E+10;0.1306692E+00;0.1076033E+20
0.97371686548458E+10;0.1351950E+00;0.1076610E+20
0.97371686548722E+10;0.1392606E+00;0.1077140E+20
0.97371686548991E+10;0.1417115E+00;0.1077714E+20
0.97371686549264E+10;0.1421063E+00;0.1078382E+20
0.97371686549540E+10;0.1391046E+00;0.1079130E+20
0.97371686549819E+10;0.1342203E+00;0.1079892E+20
0.97371686550102E+10;0.1291269E+00;0.1080583E+20
0.97371686550371E+10;0.1327261E+00;0.1081146E+20
0.97371686550637E+10;0.1366931E+00;0.1081665E+20
0.97371686550907E+10;0.1390274E+00;0.1082221E+20
0.97371686551182E+10;0.1392320E+00;0.1082866E+20
0.97371686551459E+10;0.1362869E+00;0.1083588E+20
0.97371686551740E+10;0.1320761E+00;0.1084321E+20
0.97371686552025E+10;0.1277783E+00;0.1084993E+20
0.97371686552295E+10;0.1306076E+00;0.1085542E+20
0.97371686552563E+10;0.1344771E+00;0.1086053E+20
0.97371686552835E+10;0.1366968E+00;0.1086598E+20
0.97371686553111E+10;0.1367095E+00;0.1087225E+20
0.97371686553390E+10;0.1338308E+00;0.1087921E+20
0.97371686553672E+10;0.1301382E+00;0.1088627E+20
0.97371686553958E+10;0.1265342E+00;0.1089271E+20
0.97371686554229E+10;0.1287770E+00;0.1089804E+20
0.97371686554499E+10;0.1325543E+00;0.1090308E+20
0.97371686554772E+10;0.1346634E+00;0.1090846E+20
0.97371686555049E+10;0.1344892E+00;0.1091459E+20
0.97371686555329E+10;0.1317357E+00;0.1092136E+20
0.97371686555614E+10;0.1284042E+00;0.1092815E+20
0.97371686555899E+10;0.1254126E+00;0.1093425E+20
0.97371686556170E+10;0.1271685E+00;0.1093939E+20
0.97371686556442E+10;0.1308675E+00;0.1094433E+20
0.97371686556716E+10;0.1328798E+00;0.1094965E+20
0.97371686556993E+10;0.1325408E+00;0.1095570E+20
0.97371686557275E+10;0.1300550E+00;0.1096231E+20
0.97371686557559E+10;0.1270096E+00;0.1096882E+20
0.97371686557843E+10;0.1244231E+00;0.1097462E+20
0.97371686558115E+10;0.1257212E+00;0.1097955E+20
0.97371686558388E+10;0.1293652E+00;0.1098435E+20
0.97371686558663E+10;0.1313074E+00;0.1098959E+20
0.97371686558942E+10;0.1308778E+00;0.1099556E+20
0.97371686559223E+10;0.1286073E+00;0.1100204E+20
0.97371686559506E+10;0.1259017E+00;0.1100835E+20
0.97371686559790E+10;0.1235556E+00;0.1101391E+20
0.97371686560063E+10;0.1244084E+00;0.1101863E+20
0.97371686560337E+10;0.1280210E+00;0.1102327E+20
0.97371686560613E+10;0.1299209E+00;0.1102838E+20
0.97371686560892E+10;0.1294660E+00;0.1103426E+20
0.97371686561174E+10;0.1273655E+00;0.1104064E+20
0.97371686561456E+10;0.1249365E+00;0.1104681E+20
0.97371686561740E+10;0.1227949E+00;0.1105220E+20
0.97371686562014E+10;0.1232173E+00;0.1105674E+20
0.97371686562289E+10;0.1268182E+00;0.1106118E+20
0.97371686562566E+10;0.1287001E+00;0.1106613E+20
0.97371686562845E+10;0.1282476E+00;0.1107189E+20
0.97371686563127E+10;0.1263039E+00;0.1107817E+20
0.97371686563409E+10;0.1240958E+00;0.1108426E+20
0.97371686563693E+10;0.1221270E+00;0.1108954E+20
0.97371686563968E+10;0.1221382E+00;0.1109394E+20
0.97371686564244E+10;0.1257433E+00;0.1109820E+20
0.97371686564521E+10;0.1276270E+00;0.1110297E+20
0.97371686564801E+10;0.1271989E+00;0.1110856E+20
0.97371686565082E+10;0.1253980E+00;0.1111473E+20
0.97371686565364E+10;0.1233631E+00;0.1112075E+20
0.97371686565648E+10;0.1215400E+00;0.1112598E+20
0.97371686565924E+10;0.1211648E+00;0.1113029E+20
0.97371686566201E+10;0.1247859E+00;0.1113440E+20
0.97371686566479E+10;0.1266860E+00;0.1113898E+20
0.97371686566758E+10;0.1262974E+00;0.1114439E+20
0.97371686567040E+10;0.1246246E+00;0.1115043E+20
0.97371686567322E+10;0.1227242E+00;0.1115638E+20
0.97371686567607E+10;0.1210238E+00;0.1116160E+20
0.97371686567884E+10;0.1202936E+00;0.1116586E+20
0.97371686568161E+10;0.1239380E+00;0.1116985E+20
0.97371686568439E+10;0.1258637E+00;0.1117425E+20
0.97371686568719E+10;0.1255225E+00;0.1117947E+20
0.97371686569001E+10;0.1239633E+00;0.1118536E+20
0.97371686569283E+10;0.1221676E+00;0.1119123E+20
0.97371686569568E+10;0.1205705E+00;0.1119644E+20
0.97371686569846E+10;0.1195229E+00;0.1120069E+20
0.97371686570124E+10;0.1231938E+00;0.1120460E+20
0.97371686570403E+10;0.1251489E+00;0.1120885E+20
0.97371686570683E+10;0.1248563E+00;0.1121389E+20
0.97371686570964E+10;0.1233964E+00;0.1121961E+20
0.97371686571247E+10;0.1216843E+00;0.1122539E+20
0.97371686571533E+10;0.1201747E+00;0.1123058E+20
0.97371686571812E+10;0.1188518E+00;0.1123483E+20
0.97371686572090E+10;0.1225483E+00;0.1123869E+20
0.97371686572369E+10;0.1245318E+00;0.1124284E+20
0.97371686572650E+10;0.1242837E+00;0.1124771E+20
0.97371686572931E+10;0.1229096E+00;0.1125327E+20
0.97371686573214E+10;0.1212673E+00;0.1125893E+20
0.97371686573501E+10;0.1198331E+00;0.1126408E+20
0.97371686573780E+10;0.1182668E+00;0.1126833E+20
0.97371686574059E+10;0.1219890E+00;0.1127217E+20
0.97371686574338E+10;0.1240012E+00;0.1127624E+20
0.97371686574619E+10;0.1237954E+00;0.1128097E+20
0.97371686574901E+10;0.1224961E+00;0.1128636E+20
0.97371686575184E+10;0.1209114E+00;0.1129190E+20
0.97371686575471E+10;0.1195422E+00;0.1129697E+20
0.97371686575750E+10;0.1179225E+00;0.1130122E+20
0.97371686576029E+10;0.1214987E+00;0.1130504E+20
0.97371686576309E+10;0.1235441E+00;0.1130903E+20
0.97371686576590E+10;0.1233841E+00;0.1131363E+20
0.97371686576872E+10;0.1221512E+00;0.1131883E+20
0.97371686577156E+10;0.1206096E+00;0.1132414E+20
0.97371686577442E+10;0.1192948E+00;0.1132892E+20
0.97371686577722E+10;0.1177047E+00;0.1133272E+20
0.97371686578001E+10;0.1210428E+00;0.1133570E+20
0.97371686578282E+10;0.1230924E+00;0.1133811E+20
0.97371686578563E+10;0.1229293E+00;0.1134019E+20
0.97371686578845E+10;0.1217146E+00;0.1134197E+20
0.97371686579130E+10;0.1201909E+00;0.1134327E+20
0.97371686579415E+10;0.1188806E+00;0.1134387E+20
0.97371686579696E+10;0.1172822E+00;0.1134376E+20
0.97371686579976E+10;0.1189826E+00;0.1134310E+20
0.97371686580257E+10;0.1206270E+00;0.1134204E+20
0.97371686580539E+10;0.1201091E+00;0.1134066E+20
0.97371686580822E+10;0.1188086E+00;0.1133878E+20
0.97371686581107E+10;0.1174249E+00;0.1133582E+20
0.97371686581394E+10;0.1160621E+00;0.1133118E+20
0.97371686581678E+10;0.1144646E+00;0.1132466E+20
0.97371686581960E+10;0.1130461E+00;0.1131632E+20
0.97371686582245E+10;0.1120853E+00;0.1130621E+20
0.97371686582530E+10;0.1104406E+00;0.1129457E+20
0.97371686582816E+10;0.1086276E+00;0.1128145E+20
0.97371686583105E+10;0.1078316E+00;0.1126668E+20
0.97371686583395E+10;0.1053734E+00;0.1125020E+20
0.97371686583686E+10;0.1049280E+00;0.1123212E+20
0.97371686583978E+10;0.1017156E+00;0.1121254E+20
0.97371686584273E+10;0.1019113E+00;0.1119151E+20
0.97371686584566E+10;0.9890021E-01;0.1116939E+20
0.97371686584863E+10;0.9865802E-01;0.1114581E+20
0.97371686585160E+10;0.9639242E-01;0.1112072E+20
0.97371686585460E+10;0.9473484E-01;0.1109321E+20
0.97371686585759E+10;0.9396687E-01;0.1106322E+20
0.97371686586063E+10;0.8973663E-01;0.1102991E+20
0.97371686586366E+10;0.9044662E-01;0.1099398E+20
0.97371686586673E+10;0.8830611E-01;0.1095526E+20
0.97371686586980E+10;0.8504401E-01;0.1091443E+20
0.97371686587288E+10;0.8540694E-01;0.1087184E+20
0.97371686587601E+10;0.8244324E-01;0.1082663E+20
0.97371686587913E+10;0.7954865E-01;0.1077962E+20
0.97371686588230E+10;0.7982936E-01;0.1072955E+20
0.97371686588547E+10;0.7680093E-01;0.1067710E+20
0.97371686588862E+10;0.7298530E-01;0.1062296E+20
0.97371686589187E+10;0.7366714E-01;0.1056584E+20
0.97371686589509E+10;0.7132150E-01;0.1050808E+20
0.97371686589831E+10;0.6542143E-01;0.1044973E+20
0.97371686590157E+10;0.6649890E-01;0.1038939E+20
0.97371686590490E+10;0.6537674E-01;0.1032680E+20
0.97371686590821E+10;0.6032375E-01;0.1026321E+20
0.97371686591152E+10;0.5768188E-01;0.1019835E+20
0.97371686591490E+10;0.5802970E-01;0.1013104E+20
0.97371686591826E+10;0.5542380E-01;0.1006287E+20
0.97371686592160E+10;0.4842655E-01;0.9993044E+19
0.97371686592503E+10;0.4830979E-01;0.9919077E+19
0.97371686592850E+10;0.4798031E-01;0.9842064E+19
0.97371686593197E+10;0.4449589E-01;0.9763112E+19
0.97371686593544E+10;0.3814477E-01;0.9682882E+19
0.97371686593900E+10;0.3693316E-01;0.9599315E+19
0.97371686594254E+10;0.3637813E-01;0.9515114E+19
0.97371686594613E+10;0.3274870E-01;0.9428777E+19
0.97371686594972E+10;0.2593253E-01;0.9341073E+19
0.97371686595339E+10;0.2309517E-01;0.9250999E+19
0.97371686595705E+10;0.2281715E-01;0.9161224E+19
0.97371686596077E+10;0.1966294E-01;0.9070035E+19
0.97371686596449E+10;0.1247510E-01;0.8978833E+19
0.97371686596837E+10;0.6171608E-02;0.8883343E+19
0.97371686597222E+10;0.6255104E-02;0.8788002E+19
0.97371686597607E+10;0.3989594E-02;0.8692897E+19
0.97371686597993E+10;-0.1570514E-02;0.8597675E+19
0.97371686598399E+10;-0.1014205E-01;0.8497076E+19
0.97371686598807E+10;-0.1513450E-01;0.8395497E+19
0.97371686599219E+10;-0.1612265E-01;0.8291881E+19
0.97371686599630E+10;-0.2016034E-01;0.8187943E+19
0.97371686600046E+10;-0.2802811E-01;0.8082260E+19
0.97371686600476E+10;-0.3901508E-01;0.7972975E+19
0.97371686600937E+10;-0.4378373E-01;0.7854884E+19
0.97371686601384E+10;-0.4617569E-01;0.7740127E+19
0.97371686601826E+10;-0.5181140E-01;0.7626284E+19
0.97371686602284E+10;-0.6171618E-01;0.7508254E+19
0.97371686602768E+10;-0.7714835E-01;0.7383928E+19
0.97371686603289E+10;-0.7890937E-01;0.7250262E+19
0.97371686603791E+10;-0.8422925E-01;0.7121482E+19
0.97371686604287E+10;-0.9318251E-01;0.6994529E+19
0.97371686604806E+10;-0.1070897E+00;0.6862434E+19
0.97371686605370E+10;-0.1239277E+00;0.6720012E+19
0.97371686605980E+10;-0.1293353E+00;0.6566725E+19
0.97371686606579E+10;-0.1391426E+00;0.6416976E+19
0.97371686607173E+10;-0.1534044E+00;0.6269841E+19
0.97371686607795E+10;-0.1741216E+00;0.6117668E+19
0.97371686608462E+10;-0.1960101E+00;0.5956517E+19
0.97371686609177E+10;-0.2090342E+00;0.5786041E+19
0.97371686609922E+10;-0.2249359E+00;0.5610993E+19
0.97371686610698E+10;-0.2470182E+00;0.5431670E+19
0.97371686611497E+10;-0.2763522E+00;0.5250520E+19
0.97371686612332E+10;-0.2984186E+00;0.5065079E+19
0.97371686613193E+10;-0.3204729E+00;0.4878092E+19
0.97371686614084E+10;-0.3485722E+00;0.4688724E+19
0.97371686615079E+10;-0.3854437E+00;0.4482840E+19
0.97371686616082E+10;-0.4201088E+00;0.4281508E+19
0.97371686617076E+10;-0.4567860E+00;0.4088212E+19
0.97371686618141E+10;-0.4855466E+00;0.3887677E+19
0.97371686619192E+10;-0.5175388E+00;0.3696526E+19
0.97371686620327E+10;-0.5555354E+00;0.3497895E+19
0.97371686621469E+10;-0.5966065E+00;0.3306152E+19
0.97371686622760E+10;-0.6462822E+00;0.3099301E+19
0.97371686624167E+10;-0.6912350E+00;0.2885480E+19
0.97371686625630E+10;-0.7336457E+00;0.2675851E+19
0.97371686627103E+10;-0.7782145E+00;0.2477751E+19
0.97371686628655E+10;-0.8273120E+00;0.2282852E+19
0.97371686630385E+10;-0.8825957E+00;0.2081780E+19
0.97371686632293E+10;-0.9349045E+00;0.1879198E+19
0.97371686634452E+10;-0.9924118E+00;0.1673205E+19
0.97371686636816E+10;-0.1048989E+01;0.1474164E+19
0.97371686639420E+10;-0.1109536E+01;0.1284316E+19
0.97371686642179E+10;-0.1167238E+01;0.1113512E+19
0.97371686645182E+10;-0.1226549E+01;0.9582751E+18
0.97371686648634E+10;-0.1280782E+01;0.8129671E+18
0.97371686652825E+10;-0.1345856E+01;0.6745158E+18
0.97371686657537E+10;-0.1411018E+01;0.5563070E+18
0.97371686662968E+10;-0.1484357E+01;0.4550831E+18
0.97371686669105E+10;-0.1545852E+01;0.3716308E+18
0.97371686676414E+10;-0.1606598E+01;0.3004110E+18
0.97371686685517E+10;-0.1676539E+01;0.2387451E+18
0.97371686696528E+10;-0.1751984E+01;0.1883345E+18
0.97371686709877E+10;-0.1832255E+01;0.1478072E+18
0.97371686725854E+10;-0.1915908E+01;0.1160554E+18
0.97371686744820E+10;-0.2001226E+01;0.9151567E+17
0.97371686767652E+10;-0.2088496E+01;0.7236311E+17
0.97371686795033E+10;-0.2176643E+01;0.5753000E+17
0.97371686828076E+10;-0.2265708E+01;0.4598659E+17
0.97371686868158E+10;-0.2355774E+01;0.3696299E+17
0.97371686916970E+10;-0.2446977E+01;0.2987258E+17
0.97371686976618E+10;-0.2509708E+01;0.2426163E+17
0.97371687049757E+10;-0.2579909E+01;0.1977688E+17
0.97371687139821E+10;-0.2663249E+01;0.1614360E+17
0.97371687251394E+10;-0.2753843E+01;0.1315337E+17
0.97371687389812E+10;-0.2841400E+01;0.1067454E+17
0.97371687552973E+10;-0.2927955E+01;0.8708005E+16
0.97371687753374E+10;-0.3017537E+01;0.7080403E+16
0.97371687999020E+10;-0.3107895E+01;0.5748281E+16
0.97371688301003E+10;-0.3198899E+01;0.4663989E+16
0.97371688672752E+10;-0.3290583E+01;0.3786810E+16
0.97371689130364E+10;-0.3382141E+01;0.3081312E+16
0.97371689695492E+10;-0.3474170E+01;0.2514561E+16
0.97371690392192E+10;-0.3566443E+01;0.2061225E+16
0.97371691252897E+10;-0.3653676E+01;0.1697960E+16
0.97371692318425E+10;-0.3724868E+01;0.1405773E+16
0.97371693636910E+10;-0.3792969E+01;0.1169701E+16
0.97371695267465E+10;-0.3862698E+01;0.9773288E+15
0.97371697295584E+10;-0.3942070E+01;0.8177098E+15
0.97371699806122E+10;-0.4035349E+01;0.6838594E+15
0.97371702920635E+10;-0.4130679E+01;0.5699274E+15
0.97371706383480E+10;-0.4211202E+01;0.4814280E+15
0.97371710594221E+10;-0.4291852E+01;0.4056821E+15
0.97371715726656E+10;-0.4373629E+01;0.3415644E+15
0.97371721984529E+10;-0.4452202E+01;0.2879333E+15
0.97371729625399E+10;-0.4525054E+01;0.2434049E+15
0.97371738958025E+10;-0.4591913E+01;0.2065765E+15
0.97371750356339E+10;-0.4655447E+01;0.1760689E+15
0.97371764299193E+10;-0.4721992E+01;0.1505583E+15
0.97371781348016E+10;-0.4801364E+01;0.1289224E+15
0.97371800578258E+10;-0.4884195E+01;0.1114820E+15
0.97371823627601E+10;-0.4966831E+01;0.9622603E+14
0.97371848932936E+10;-0.5034068E+01;0.8392221E+14
0.97371879509784E+10;-0.5096118E+01;0.7304358E+14
0.97371915874095E+10;-0.5155563E+01;0.6371093E+14
0.97371959286543E+10;-0.5212944E+01;0.5570962E+14
0.97372011114568E+10;-0.5273340E+01;0.4882038E+14
0.97372070690688E+10;-0.5342977E+01;0.4300917E+14
0.97372140011895E+10;-0.5417465E+01;0.3794149E+14
0.97372220862306E+10;-0.5491213E+01;0.3347550E+14
0.97372308827024E+10;-0.5545443E+01;0.2979308E+14
0.97372413254331E+10;-0.5595497E+01;0.2649160E+14
0.97372535275832E+10;-0.5646860E+01;0.2359866E+14
0.97372678386056E+10;-0.5704797E+01;0.2104445E+14
0.97372842321081E+10;-0.5772355E+01;0.1881424E+14
0.97373034795981E+10;-0.5841765E+01;0.1679789E+14
0.97373242536822E+10;-0.5899802E+01;0.1511018E+14
0.97373480170400E+10;-0.5941632E+01;0.1360854E+14
0.97373755833529E+10;-0.5988889E+01;0.1225764E+14
0.97374075230155E+10;-0.6046536E+01;0.1104001E+14
0.97374445084266E+10;-0.6111546E+01;0.9934042E+13
0.97374874162276E+10;-0.6177024E+01;0.8922906E+13
0.97375320775214E+10;-0.6215787E+01;0.8086906E+13
0.97375842272300E+10;-0.6258358E+01;0.7307570E+13
0.97376439315692E+10;-0.6313416E+01;0.6595150E+13
0.97377125329543E+10;-0.6374739E+01;0.5936781E+13
0.97377901369503E+10;-0.6434421E+01;0.5335350E+13
0.97378728532396E+10;-0.6466358E+01;0.4816712E+13
0.97379684549340E+10;-0.6512630E+01;0.4333072E+13
0.97380772514435E+10;-0.6570577E+01;0.3891162E+13
0.97382015780865E+10;-0.6629488E+01;0.3486556E+13
0.97383328730947E+10;-0.6662717E+01;0.3143934E+13
0.97384837050406E+10;-0.6707104E+01;0.2829046E+13
0.97386546536172E+10;-0.6763390E+01;0.2545510E+13
0.97388487101207E+10;-0.6818328E+01;0.2290149E+13
0.97390544874710E+10;-0.6848534E+01;0.2073826E+13
0.97392904779736E+10;-0.6898922E+01;0.1874770E+13
0.97395569671409E+10;-0.6954292E+01;0.1694923E+13
0.97398426657051E+10;-0.6989038E+01;0.1539903E+13
0.97401658592747E+10;-0.7034144E+01;0.1398310E+13
0.97405311113796E+10;-0.7088464E+01;0.1269320E+13
0.97409247855551E+10;-0.7124486E+01;0.1156858E+13
0.97413676409595E+10;-0.7169795E+01;0.1054147E+13
0.97418675912053E+10;-0.7223535E+01;0.9601308E+12
0.97424028186739E+10;-0.7256321E+01;0.8782162E+12
0.97430118464919E+10;-0.7306351E+01;0.8021548E+12
0.97436902735989E+10;-0.7350726E+01;0.7331094E+12
0.97444282257021E+10;-0.7391643E+01;0.6717128E+12
0.97452670644304E+10;-0.7444802E+01;0.6146036E+12
0.97461696044278E+10;-0.7479126E+01;0.5642214E+12
0.97471976990553E+10;-0.7531387E+01;0.5170850E+12
0.97483086040342E+10;-0.7568016E+01;0.4752030E+12
0.97495749005390E+10;-0.7619642E+01;0.4359048E+12
0.97509500264402E+10;-0.7657700E+01;0.4007565E+12
0.97525203842066E+10;-0.7709280E+01;0.3676877E+12
0.97542365195968E+10;-0.7749006E+01;0.3379237E+12
0.97561607867445E+10;-0.7795304E+01;0.3104020E+12
0.97583317160143E+10;-0.7842225E+01;0.2848481E+12
0.97607414493639E+10;-0.7885651E+01;0.2615307E+12
0.97634642592476E+10;-0.7933566E+01;0.2399074E+12
0.97665727433868E+10;-0.7980830E+01;0.2197407E+12
0.97700758754392E+10;-0.8026710E+01;0.2012542E+12
0.97740621614537E+10;-0.8074303E+01;0.1842047E+12
0.97786222414024E+10;-0.8122866E+01;0.1684651E+12
0.97838746344214E+10;-0.8171379E+01;0.1538999E+12
0.97899681299881E+10;-0.8219729E+01;0.1403909E+12
0.97970935042304E+10;-0.8268917E+01;0.1278338E+12
0.98054964887294E+10;-0.8318712E+01;0.1161449E+12
0.98144766998667E+10;-0.8361025E+01;0.1062554E+12
0.98257387610856E+10;-0.8405892E+01;0.9648982E+11
0.98373242575416E+10;-0.8445820E+01;0.8858410E+11
0.98482602620200E+10;-0.8479160E+01;0.8253855E+11
0.98603965022603E+10;-0.8512124E+01;0.7701199E+11
0.98740153598516E+10;-0.8545245E+01;0.7191314E+11
0.98877021828068E+10;-0.8575217E+01;0.6766476E+11
0.99020384210537E+10;-0.8603592E+01;0.6392003E+11
0.99167592491065E+10;-0.8630199E+01;0.6064396E+11
0.99320911085986E+10;-0.8655608E+01;0.5770264E+11
0.99490227593442E+10;-0.8681255E+01;0.5488872E+11
0.99553085067576E+10;-0.8690216E+01;0.5393977E+11
0.99647371278777E+10;-0.8703154E+01;0.5259966E+11
0.99788800595578E+10;-0.8721514E+01;0.5075416E+11
0.99975005468987E+10;-0.8743967E+01;0.4857953E+11
0.10015963130754E+11;-0.8764521E+01;0.4666348E+11
0.10037304045809E+11;-0.8786289E+01;0.4469963E+11
0.10057331777007E+11;-0.8803533E+01;0.4306608E+11
0.10078272498835E+11;-0.8819456E+01;0.4154510E+11
0.10099772848324E+11;-0.8834436E+01;0.4015714E+11
0.10121853487959E+11;-0.8848643E+01;0.3889266E+11
0.10145426519164E+11;-0.8862660E+01;0.3770004E+11
0.10168663522464E+11;-0.8875459E+01;0.3666293E+11
0.10192289814287E+11;-0.8887527E+01;0.3573115E+11
0.10216825742322E+11;-0.8899138E+01;0.3487656E+11
0.10241701977119E+11;-0.8910039E+01;0.3411131E+11
0.10267950646270E+11;-0.8920676E+01;0.3339852E+11
0.10293943840098E+11;-0.8930384E+01;0.3277441E+11
0.10320377715227E+11;-0.8939469E+01;0.3221057E+11
0.10347407560613E+11;-0.8948025E+01;0.3169738E+11
0.10374696802178E+11;-0.8955909E+01;0.3123544E+11
0.10402617766879E+11;-0.8963289E+01;0.3081215E+11
0.10429589290817E+11;-0.8969767E+01;0.3044398E+11
0.10458859163534E+11;-0.8976124E+01;0.3008396E+11
0.10486714630719E+11;-0.8981553E+01;0.2977362E+11
0.10515466074732E+11;-0.8986547E+01;0.2948155E+11
0.10543539210628E+11;-0.8990849E+01;0.2922248E+11
0.10572679411032E+11;-0.8994726E+01;0.2898057E+11
0.10603388215094E+11;-0.8998147E+01;0.2875572E+11
0.10632120790169E+11;-0.9000490E+01;0.2857396E+11
0.10661375563730E+11;-0.9000573E+01;0.2841784E+11
0.10689473456938E+11;-0.9000646E+01;0.2829602E+11
0.10716167070436E+11;-0.9000709E+01;0.2820628E+11
0.10743072223766E+11;-0.9000767E+01;0.2814076E+11
0.10771925530430E+11;-0.9000824E+01;0.2809541E+11
0.10800646848155E+11;-0.9000876E+01;0.2807237E+11
0.10830280971289E+11;-0.9000925E+01;0.2806957E+11
0.10859210341959E+11;-0.9000969E+01;0.2808542E+11
0.10886542678484E+11;-0.9001006E+01;0.2811383E+11
0.10913349638472E+11;-0.9001041E+01;0.2815074E+11
0.10941541001918E+11;-0.9001074E+01;0.2819675E+11
0.10971194375959E+11;-0.9001106E+01;0.2825194E+11
0.11001236911254E+11;-0.9001135E+01;0.2831441E+11
0.11029396599025E+11;-0.9001161E+01;0.2837815E+11
0.11055597462269E+11;-0.9001182E+01;0.2844103E+11
0.11082161517317E+11;-0.9001203E+01;0.2850870E+11
0.11111348253549E+11;-0.9001223E+01;0.2858999E+11
0.11141328443990E+11;-0.9001242E+01;0.2868411E+11
0.11170706015099E+11;-0.9001259E+01;0.2878713E+11
0.11197752218291E+11;-0.9001273E+01;0.2889077E+11
0.11223444622016E+11;-0.9001286E+01;0.2899751E+11
0.11250492616861E+11;-0.9001297E+01;0.2911925E+11
0.11279496055228E+11;-0.9001309E+01;0.2925988E+11
0.11308474104484E+11;-0.9001319E+01;0.2940837E+11
0.11335308583940E+11;-0.9001328E+01;0.2955113E+11
0.11363046471051E+11;-0.9001336E+01;0.2970398E+11
0.11391787387136E+11;-0.9001343E+01;0.2986879E+11
0.11420188054113E+11;-0.9001349E+01;0.3003660E+11
0.11447045355584E+11;-0.9001355E+01;0.3019744E+11
0.11472925052226E+11;-0.9001359E+01;0.3035375E+11
0.11499618277178E+11;-0.9001363E+01;0.3051658E+11
0.11528141012746E+11;-0.9001366E+01;0.3069343E+11
0.11555531188136E+11;-0.9001369E+01;0.3086598E+11
0.11581467478882E+11;-0.9001371E+01;0.3103082E+11
0.11608595570336E+11;-0.9001373E+01;0.3120637E+11
0.11636065315790E+11;-0.9001375E+01;0.3139088E+11
0.11664147512391E+11;-0.9001375E+01;0.3158742E+11
0.11689757879619E+11;-0.9001376E+01;0.3177249E+11
0.11715548492127E+11;-0.9001376E+01;0.3196396E+11
0.11742070658302E+11;-0.9001376E+01;0.3216621E+11
0.11770292499330E+11;-0.9001375E+01;0.3238688E+11
0.11796100364357E+11;-0.9001374E+01;0.3259318E+11
0.11821063278963E+11;-0.9001372E+01;0.3279535E+11
0.11847123572251E+11;-0.9001371E+01;0.3300746E+11
0.11873796876897E+11;-0.9001369E+01;0.3322674E+11
0.11900324436419E+11;-0.9001367E+01;0.3344702E+11
0.11924808364096E+11;-0.9001364E+01;0.3365044E+11
0.11950812556785E+11;-0.9001362E+01;0.3386620E+11
0.11975737264843E+11;-0.9001359E+01;0.3407379E+11
0.12002441268167E+11;-0.9001356E+01;0.3429818E+11
0.12026959941300E+11;-0.9001353E+01;0.3450715E+11
0.12051052274891E+11;-0.9001350E+01;0.3471687E+11
0.12076761198604E+11;-0.9001346E+01;0.3494600E+11
0.12101522825036E+11;-0.9001343E+01;0.3517184E+11
0.12126610010389E+11;-0.9001339E+01;0.3540542E+11
0.12150077376594E+11;-0.9001335E+01;0.3562725E+11
0.12175298339587E+11;-0.9001331E+01;0.3586776E+11
0.12200110617389E+11;-0.9001327E+01;0.3610595E+11
0.12224247021607E+11;-0.9001323E+01;0.3633927E+11
0.12247775596682E+11;-0.9001319E+01;0.3656788E+11
0.12271131459852E+11;-0.9001315E+01;0.3679675E+11
0.12296609983672E+11;-0.9001310E+01;0.3704980E+11
0.12319955643507E+11;-0.9001305E+01;0.3728343E+11
0.12343749217335E+11;-0.9001301E+01;0.3752172E+11
0.12366249750874E+11;-0.9001296E+01;0.3774793E+11
0.12390917648194E+11;-0.9001291E+01;0.3799823E+11
0.12414675103907E+11;-0.9001286E+01;0.3824244E+11
0.12437631629848E+11;-0.9001281E+01;0.3848191E+11
0.12460023618070E+11;-0.9001277E+01;0.3871954E+11
0.12482897743506E+11;-0.9001272E+01;0.3896787E+11
0.12506678467985E+11;-0.9001266E+01;0.3923239E+11
0.12530043788244E+11;-0.9001261E+01;0.3949552E+11
0.12552371921754E+11;-0.9001256E+01;0.3974661E+11
0.12574020509849E+11;-0.9001251E+01;0.3998940E+11
0.12597826593068E+11;-0.9001245E+01;0.4025749E+11
0.12621025552968E+11;-0.9001240E+01;0.4052046E+11
0.12643207358751E+11;-0.9001235E+01;0.4077259E+11
0.12664461794655E+11;-0.9001230E+01;0.4101532E+11
0.12687214003737E+11;-0.9001224E+01;0.4127920E+11
0.12709623737635E+11;-0.9001218E+01;0.4154415E+11
0.12732075057646E+11;-0.9001213E+01;0.4181160E+11
0.12753212792896E+11;-0.9001207E+01;0.4206420E+11
0.12774424441716E+11;-0.9001202E+01;0.4232013E+11
0.12797456022541E+11;-0.9001196E+01;0.4260365E+11
0.12819296333052E+11;-0.9001190E+01;0.4287847E+11
0.12840483821119E+11;-0.9001185E+01;0.4314788E+11
0.12860938182356E+11;-0.9001179E+01;0.4340951E+11
0.12883538083566E+11;-0.9001173E+01;0.4370128E+11
0.12904785070024E+11;-0.9001168E+01;0.4397762E+11
0.12925722507592E+11;-0.9001162E+01;0.4424921E+11
0.12945606262120E+11;-0.9001156E+01;0.4450545E+11
0.12967090511345E+11;-0.9001150E+01;0.4478402E+11
0.12988853685959E+11;-0.9001144E+01;0.4507220E+11
0.13009216202982E+11;-0.9001139E+01;0.4534640E+11
0.13028741688228E+11;-0.9001133E+01;0.4561180E+11
0.13049130245821E+11;-0.9001127E+01;0.4589222E+11
0.13070641193668E+11;-0.9001121E+01;0.4619318E+11
0.13090787305301E+11;-0.9001115E+01;0.4648016E+11
0.13110086681529E+11;-0.9001109E+01;0.4675794E+11
0.13129523510550E+11;-0.9001104E+01;0.4703894E+11
0.13150064745081E+11;-0.9001098E+01;0.4733852E+11
0.13170393102916E+11;-0.9001091E+01;0.4763880E+11
0.13189418014179E+11;-0.9001086E+01;0.4792064E+11
0.13207982273197E+11;-0.9001080E+01;0.4819457E+11
0.13227433436621E+11;-0.9001074E+01;0.4848243E+11
0.13247363646361E+11;-0.9001068E+01;0.4878091E+11
0.13266334100814E+11;-0.9001062E+01;0.4906810E+11
0.13284464931620E+11;-0.9001056E+01;0.4934528E+11
0.13303694653856E+11;-0.9001050E+01;0.4964290E+11
0.13322868861649E+11;-0.9001044E+01;0.4994442E+11
0.13341901396275E+11;-0.9001038E+01;0.5024983E+11
0.13359776151682E+11;-0.9001032E+01;0.5054119E+11
0.13378057156280E+11;-0.9001026E+01;0.5084076E+11
0.13396433253610E+11;-0.9001020E+01;0.5114351E+11
0.13415171849745E+11;-0.9001014E+01;0.5145367E+11
0.13432975588786E+11;-0.9001008E+01;0.5174801E+11
0.13450391839520E+11;-0.9001002E+01;0.5203698E+11
0.13468854755553E+11;-0.9000996E+01;0.5234614E+11
0.13486945925825E+11;-0.9000990E+01;0.5265201E+11
0.13504474396575E+11;-0.9000984E+01;0.5295072E+11
0.13521376067055E+11;-0.9000978E+01;0.5324140E+11
0.13539523215707E+11;-0.9000972E+01;0.5355746E+11
0.13556976568401E+11;-0.9000966E+01;0.5386648E+11
0.13574457210850E+11;-0.9000960E+01;0.5418247E+11
0.13590809592265E+11;-0.9000954E+01;0.5448469E+11
0.13608450091753E+11;-0.9000948E+01;0.5481617E+11
0.13625656459640E+11;-0.9000942E+01;0.5514201E+11
0.13642539007119E+11;-0.9000936E+01;0.5546144E+11
0.13658637756349E+11;-0.9000930E+01;0.5576630E+11
0.13675512936111E+11;-0.9000924E+01;0.5609030E+11
0.13692759361272E+11;-0.9000918E+01;0.5642842E+11
0.13709296217359E+11;-0.9000912E+01;0.5675731E+11
0.13725125083310E+11;-0.9000906E+01;0.5707435E+11
0.13741099296165E+11;-0.9000900E+01;0.5739878E+11
0.13757617092433E+11;-0.9000893E+01;0.5774236E+11
0.13773665265724E+11;-0.9000887E+01;0.5808416E+11
0.13789221360942E+11;-0.9000881E+01;0.5842310E+11
0.13804428580974E+11;-0.9000875E+01;0.5876180E+11
0.13820563451598E+11;-0.9000869E+01;0.5912813E+11
0.13836233484678E+11;-0.9000863E+01;0.5948755E+11
0.13851383190631E+11;-0.9000856E+01;0.5983481E+11
0.13866114487033E+11;-0.9000850E+01;0.6017474E+11
0.13881647856528E+11;-0.9000844E+01;0.6054029E+11
0.13896666414867E+11;-0.9000838E+01;0.6089993E+11
0.13911491336985E+11;-0.9000832E+01;0.6125746E+11
0.13925633945443E+11;-0.8999573E+01;0.6159940E+11
0.13940407151345E+11;-0.8996656E+01;0.6196158E+11
0.13955009878483E+11;-0.8993502E+01;0.6232911E+11
0.13969241769741E+11;-0.8988005E+01;0.6269352E+11
0.13983011916683E+11;-0.8982192E+01;0.6304782E+11
0.13997195958911E+11;-0.8979633E+01;0.6341473E+11
0.14011125620214E+11;-0.8976467E+01;0.6377860E+11
0.14025070003117E+11;-0.8970302E+01;0.6414386E+11
0.14038434501744E+11;-0.8966226E+01;0.6449058E+11
0.14052054822519E+11;-0.8962108E+01;0.6484080E+11
0.14065350239736E+11;-0.8958484E+01;0.6518189E+11
0.14078669652137E+11;-0.8954757E+01;0.6552360E+11
0.14091691857104E+11;-0.8949307E+01;0.6585645E+11
0.14104555389564E+11;-0.8946899E+01;0.6618348E+11
0.14117442812526E+11;-0.8945408E+01;0.6651018E+11
0.14130125846320E+11;-0.8938656E+01;0.6683183E+11
0.14142837835892E+11;-0.8936188E+01;0.6715405E+11
0.14155170685590E+11;-0.8932180E+01;0.6746431E+11
0.14167710818514E+11;-0.8928713E+01;0.6777760E+11
0.14180095416347E+11;-0.8927601E+01;0.6808512E+11
0.14192327358986E+11;-0.8922227E+01;0.6838271E+11
0.14204306295407E+11;-0.8920864E+01;0.6866622E+11
0.14217191184193E+11;-0.8917436E+01;0.6896593E+11
0.14229085622578E+11;-0.8913743E+01;0.6924202E+11
0.14241133711085E+11;-0.8912641E+01;0.6952134E+11
0.14252981494801E+11;-0.8908288E+01;0.6979415E+11
0.14264512181450E+11;-0.8907181E+01;0.7005902E+11
0.14276821688572E+11;-0.8903357E+01;0.7034360E+11
0.14288407050642E+11;-0.8901785E+01;0.7061642E+11
0.14300115143262E+11;-0.8899370E+01;0.7089971E+11
0.14311791105464E+11;-0.8895929E+01;0.7118810E+11
0.14322994894249E+11;-0.8893134E+01;0.7146745E+11
0.14334677980545E+11;-0.8890566E+01;0.7176250E+11
0.14346045325173E+11;-0.8889150E+01;0.7205725E+11
0.14357468906066E+11;-0.8885714E+01;0.7236599E+11
0.14368799667620E+11;-0.8882037E+01;0.7268825E+11
0.14379745077755E+11;-0.8877888E+01;0.7301486E+11
0.14390909642637E+11;-0.8876224E+01;0.7336432E+11
0.14402057774213E+11;-0.8873496E+01;0.7373678E+11
0.14413188418813E+11;-0.8868521E+01;0.7414061E+11
0.14424168308826E+11;-0.8862719E+01;0.7457257E+11
0.14434764143657E+11;-0.8854305E+01;0.7501880E+11
0.14445224030282E+11;-0.8845724E+01;0.7549022E+11
0.14455499425307E+11;-0.8839164E+01;0.7598906E+11
0.14465852669021E+11;-0.8830575E+01;0.7653187E+11
0.14476001665586E+11;-0.8823156E+01;0.7710780E+11
0.14485834571355E+11;-0.8815514E+01;0.7771160E+11
0.14495462835034E+11;-0.8805489E+01;0.7835187E+11
0.14504775493022E+11;-0.8798076E+01;0.7902406E+11
0.14514342877149E+11;-0.8791730E+01;0.7977888E+11
0.14523990361859E+11;-0.8784143E+01;0.8061775E+11
0.14532987151272E+11;-0.8776636E+01;0.8148002E+11
0.14541898634701E+11;-0.8767417E+01;0.8242139E+11
0.14550426865278E+11;-0.8759514E+01;0.8341632E+11
0.14559253327922E+11;-0.8747488E+01;0.8456043E+11
0.14567996000249E+11;-0.8729456E+01;0.8583300E+11
0.14576141489156E+11;-0.8708626E+01;0.8717046E+11
0.14583915015802E+11;-0.8689914E+01;0.8861169E+11
0.14591934638088E+11;-0.8674665E+01;0.9030592E+11
0.14599493624816E+11;-0.8651251E+01;0.9215003E+11
0.14606781064111E+11;-0.8623096E+01;0.9422475E+11
0.14613385194221E+11;-0.8592029E+01;0.9643078E+11
0.14619586470119E+11;-0.8562604E+01;0.9887096E+11
0.14621756395283E+11;-0.8552779E+01;0.9982956E+11
0.14625011283028E+11;-0.8538237E+01;0.1013900E+12
0.14629893614647E+11;-0.8514047E+01;0.1040629E+12
0.14631797661306E+11;-0.8500449E+01;0.1052359E+12
0.14634653731294E+11;-0.8479269E+01;0.1071622E+12
0.14638937836276E+11;-0.8440801E+01;0.1105099E+12
0.14643558066849E+11;-0.8393183E+01;0.1149418E+12
0.14645053011582E+11;-0.8377201E+01;0.1166156E+12
0.14647295428682E+11;-0.8352711E+01;0.1194068E+12
0.14650659054333E+11;-0.8313334E+01;0.1243969E+12
0.14651942057838E+11;-0.8296815E+01;0.1266267E+12
0.14653866563095E+11;-0.8269634E+01;0.1304107E+12
0.14656753320981E+11;-0.8218961E+01;0.1373981E+12
0.14657726696770E+11;-0.8196515E+01;0.1402268E+12
0.14659186760454E+11;-0.8160338E+01;0.1450694E+12
0.14661376855979E+11;-0.8097790E+01;0.1541614E+12
0.14662268664423E+11;-0.8069815E+01;0.1587325E+12
0.14663606377088E+11;-0.8023913E+01;0.1669392E+12
0.14665612946086E+11;-0.7940754E+01;0.1839155E+12
0.14666246480518E+11;-0.7908848E+01;0.1910946E+12
0.14667196782165E+11;-0.7853174E+01;0.2044922E+12
0.14667667181480E+11;-0.7821127E+01;0.2127424E+12
0.14668372780453E+11;-0.7765695E+01;0.2280757E+12
0.14669431178912E+11;-0.7650556E+01;0.2622186E+12
0.14669787908245E+11;-0.7593900E+01;0.2789734E+12
0.14670323002244E+11;-0.7490566E+01;0.3133923E+12
0.14670587873773E+11;-0.7427856E+01;0.3370558E+12
0.14670985181067E+11;-0.7311408E+01;0.3875296E+12
0.14671181848178E+11;-0.7239068E+01;0.4238299E+12
0.14671476848844E+11;-0.7101079E+01;0.5062381E+12
0.14671622874173E+11;-0.7012391E+01;0.5703053E+12
0.14671841912168E+11;-0.6833674E+01;0.7341721E+12
0.14671950335975E+11;-0.6709515E+01;0.8839791E+12
0.14672112971686E+11;-0.6420909E+01;0.1407267E+13
0.14672167111476E+11;-0.6263640E+01;0.1850348E+13
0.14672193910673E+11;-0.6160606E+01;0.2231927E+13
0.14672234109467E+11;-0.5944856E+01;0.3373354E+13
0.14672246515756E+11;-0.5851888E+01;0.4067068E+13
0.14672258792315E+11;-0.5736738E+01;0.5159655E+13
0.14672262464039E+11;-0.5696187E+01;0.5623539E+13
0.14672267971625E+11;-0.5627476E+01;0.6515797E+13
0.14672276233004E+11;-0.5500140E+01;0.8612352E+13
0.14672279825873E+11;-0.5431450E+01;0.1004412E+14
0.14672285215176E+11;-0.5303716E+01;0.1343648E+14
0.14672287580499E+11;-0.5233803E+01;0.1579905E+14
0.14672291128483E+11;-0.5102634E+01;0.2149019E+14
0.14672292578743E+11;-0.5035479E+01;0.2520493E+14
0.14672294754133E+11;-0.4910179E+01;0.3400186E+14
0.14672295604047E+11;-0.4849557E+01;0.3934424E+14
0.14672296878917E+11;-0.4738809E+01;0.5139117E+14
0.14672297438372E+11;-0.4679575E+01;0.5930799E+14
0.14672298277556E+11;-0.4571835E+01;0.7696748E+14
0.14672298692952E+11;-0.4506507E+01;0.9014590E+14
0.14672299316046E+11;-0.4384894E+01;0.1209270E+15
0.14672299624478E+11;-0.4308937E+01;0.1452284E+15
0.14672300087125E+11;-0.4161493E+01;0.2069358E+15
0.14672300263499E+11;-0.4088626E+01;0.2464109E+15
0.14672300513071E+11;-0.3958041E+01;0.3363672E+15
0.14672300594002E+11;-0.3905667E+01;0.3811038E+15
0.14672300715399E+11;-0.3812508E+01;0.4753605E+15
0.14672300770449E+11;-0.3762581E+01;0.5350081E+15
0.14672300853026E+11;-0.3674817E+01;0.6582455E+15
0.14672300976890E+11;-0.3496701E+01;0.1000774E+16
0.14672301019903E+11;-0.3412746E+01;0.1218971E+16
0.14672301035419E+11;-0.3378008E+01;0.1322570E+16
0.14672301058694E+11;-0.3320026E+01;0.1515138E+16
0.14672301093606E+11;-0.3215447E+01;0.1935660E+16
0.14672301110888E+11;-0.3152720E+01;0.2241913E+16
0.14672301136810E+11;-0.3037851E+01;0.2933994E+16
0.14672301149642E+11;-0.2967653E+01;0.3458834E+16
0.14672301168889E+11;-0.2835921E+01;0.4713095E+16
0.14672301178417E+11;-0.2752925E+01;0.5731158E+16
0.14672301192708E+11;-0.2590433E+01;0.8421801E+16
0.14672301198301E+11;-0.2507201E+01;0.1027502E+17
0.14672301200535E+11;-0.2469335E+01;0.1125364E+17
0.14672301203887E+11;-0.2406149E+01;0.1310713E+17
0.14672301208915E+11;-0.2292541E+01;0.1729053E+17
0.14672301211404E+11;-0.2224965E+01;0.2043326E+17
0.14672301215137E+11;-0.2103483E+01;0.2773920E+17
0.14672301216985E+11;-0.2031542E+01;0.3338431E+17
0.14672301219757E+11;-0.1904218E+01;0.4685271E+17
0.14672301220822E+11;-0.1848003E+01;0.5473920E+17
0.14672301222419E+11;-0.1755588E+01;0.7148942E+17
0.14672301223050E+11;-0.1709933E+01;0.8045640E+17
0.14672301223998E+11;-0.1625730E+01;0.9744300E+17
0.14672301224457E+11;-0.1582165E+01;0.1075783E+18
0.14672301225146E+11;-0.1513035E+01;0.1256609E+18
0.14672301225484E+11;-0.1477929E+01;0.1359702E+18
0.14672301225990E+11;-0.1424256E+01;0.1534249E+18
0.14672301226241E+11;-0.1394515E+01;0.1630037E+18
0.14672301226617E+11;-0.1350429E+01;0.1785847E+18
0.14672301227181E+11;-0.1286981E+01;0.2047280E+18
0.14672301227369E+11;-0.1266645E+01;0.2141482E+18
0.14672301227650E+11;-0.1236697E+01;0.2289832E+18
0.14672301228071E+11;-0.1191499E+01;0.2528854E+18
0.14672301228223E+11;-0.1175974E+01;0.2620199E+18
0.14672301228452E+11;-0.1152477E+01;0.2762435E+18
0.14672301228794E+11;-0.1116578E+01;0.2987563E+18
0.14672301229168E+11;-0.1075790E+01;0.3249298E+18
0.14672301229506E+11;-0.1042508E+01;0.3499546E+18
0.14672301229820E+11;-0.1012942E+01;0.3748473E+18
0.14672301230114E+11;-0.9869081E+00;0.3999932E+18
0.14672301230400E+11;-0.9607597E+00;0.4263298E+18
0.14672301230667E+11;-0.9376133E+00;0.4528665E+18
0.14672301230921E+11;-0.9132257E+00;0.4801349E+18
0.14672301231167E+11;-0.8913734E+00;0.5087088E+18
0.14672301231399E+11;-0.8712493E+00;0.5376472E+18
0.14672301231622E+11;-0.8530435E+00;0.5673846E+18
0.14672301231840E+11;-0.8339915E+00;0.5980983E+18
0.14672301232048E+11;-0.8172420E+00;0.6291427E+18
0.14672301232251E+11;-0.7985990E+00;0.6611869E+18
0.14672301232452E+11;-0.7807942E+00;0.6959243E+18
0.14672301232638E+11;-0.7650106E+00;0.7307111E+18
0.14672301232822E+11;-0.7497627E+00;0.7674504E+18
0.14672301233003E+11;-0.7343184E+00;0.8056723E+18
0.14672301233175E+11;-0.7205420E+00;0.8436957E+18
0.14672301233346E+11;-0.7058002E+00;0.8832405E+18
0.14672301233513E+11;-0.6905643E+00;0.9231605E+18
0.14672301233671E+11;-0.6774100E+00;0.9621174E+18
0.14672301233828E+11;-0.6641802E+00;0.1002061E+19
0.14672301233983E+11;-0.6514906E+00;0.1044063E+19
0.14672301234131E+11;-0.6396248E+00;0.1086796E+19
0.14672301234279E+11;-0.6277714E+00;0.1132445E+19
0.14672301234424E+11;-0.6145449E+00;0.1178531E+19
0.14672301234563E+11;-0.6030363E+00;0.1223789E+19
0.14672301234702E+11;-0.5917770E+00;0.1269526E+19
0.14672301234839E+11;-0.5812841E+00;0.1315096E+19
0.14672301234970E+11;-0.5709372E+00;0.1360631E+19
0.14672301235101E+11;-0.5611007E+00;0.1408114E+19
0.14672301235229E+11;-0.5500523E+00;0.1457343E+19
0.14672301235355E+11;-0.5398841E+00;0.1507162E+19
0.14672301235480E+11;-0.5303223E+00;0.1557641E+19
0.14672301235600E+11;-0.5216766E+00;0.1607228E+19
0.14672301235719E+11;-0.5126233E+00;0.1657817E+19
0.14672301235840E+11;-0.5037846E+00;0.1710882E+19
0.14672301235955E+11;-0.4949614E+00;0.1763717E+19
0.14672301236072E+11;-0.4858114E+00;0.1818620E+19
0.14672301236185E+11;-0.4775722E+00;0.1873339E+19
0.14672301236297E+11;-0.4695826E+00;0.1928425E+19
0.14672301236407E+11;-0.4621497E+00;0.1984643E+19
0.14672301236518E+11;-0.4538693E+00;0.2042667E+19
0.14672301236625E+11;-0.4464454E+00;0.2099884E+19
0.14672301236731E+11;-0.4386514E+00;0.2157939E+19
0.14672301236835E+11;-0.4316879E+00;0.2216834E+19
0.14672301236940E+11;-0.4245274E+00;0.2278377E+19
0.14672301237044E+11;-0.4180426E+00;0.2341685E+19
0.14672301237145E+11;-0.4102413E+00;0.2402440E+19
0.14672301237246E+11;-0.4035905E+00;0.2462702E+19
0.14672301237348E+11;-0.3980293E+00;0.2524451E+19
0.14672301237446E+11;-0.3915423E+00;0.2585371E+19
0.14672301237545E+11;-0.3844802E+00;0.2648818E+19
0.14672301237642E+11;-0.3782606E+00;0.2712721E+19
0.14672301237738E+11;-0.3728453E+00;0.2777554E+19
0.14672301237835E+11;-0.3667618E+00;0.2843811E+19
0.14672301237930E+11;-0.3622892E+00;0.2907764E+19
0.14672301238025E+11;-0.3549527E+00;0.2969489E+19
0.14672301238119E+11;-0.3494070E+00;0.3028705E+19
0.14672301238212E+11;-0.3437948E+00;0.3088546E+19
0.14672301238305E+11;-0.3386909E+00;0.3150924E+19
0.14672301238398E+11;-0.3336355E+00;0.3215755E+19
0.14672301238489E+11;-0.3290298E+00;0.3280564E+19
0.14672301238580E+11;-0.3231563E+00;0.3343393E+19
0.14672301238669E+11;-0.3185781E+00;0.3404121E+19
0.14672301238759E+11;-0.3140475E+00;0.3464334E+19
0.14672301238848E+11;-0.3086579E+00;0.3523565E+19
0.14672301238938E+11;-0.3044036E+00;0.3584283E+19
0.14672301239026E+11;-0.3001924E+00;0.3646492E+19
0.14672301239111E+11;-0.2948677E+00;0.3708645E+19
0.14672301239197E+11;-0.2916064E+00;0.3770368E+19
0.14672301239280E+11;-0.2866120E+00;0.3827902E+19
0.14672301239363E+11;-0.2825824E+00;0.3883899E+19
0.14672301239447E+11;-0.2781055E+00;0.3939687E+19
0.14672301239532E+11;-0.2748907E+00;0.3998250E+19
0.14672301239617E+11;-0.2703688E+00;0.4059128E+19
0.14672301239699E+11;-0.2666941E+00;0.4119431E+19
0.14672301239778E+11;-0.2626550E+00;0.4176152E+19
0.14672301239859E+11;-0.2591445E+00;0.4233668E+19
0.14672301239937E+11;-0.2558560E+00;0.4288808E+19
0.14672301240015E+11;-0.2521470E+00;0.4344877E+19
0.14672301240093E+11;-0.2485215E+00;0.4401907E+19
0.14672301240172E+11;-0.2448913E+00;0.4462012E+19
0.14672301240249E+11;-0.2422412E+00;0.4522718E+19
0.14672301240327E+11;-0.2386263E+00;0.4584817E+19
0.14672301240400E+11;-0.2356889E+00;0.4641394E+19
0.14672301240475E+11;-0.2320227E+00;0.4697543E+19
0.14672301240550E+11;-0.2292574E+00;0.4754195E+19
0.14672301240624E+11;-0.2260481E+00;0.4813516E+19
0.14672301240697E+11;-0.2233862E+00;0.4875060E+19
0.14672301240772E+11;-0.2208462E+00;0.4938569E+19
0.14672301240843E+11;-0.2175332E+00;0.4998908E+19
0.14672301240869E+11;-0.2165187E+00;0.5020127E+19
0.14672301240907E+11;-0.2146645E+00;0.5051577E+19
0.14672301240964E+11;-0.2127057E+00;0.5098118E+19
0.14672301241035E+11;-0.2098816E+00;0.5155753E+19
0.14672301241106E+11;-0.2074053E+00;0.5214066E+19
0.14672301241176E+11;-0.2047321E+00;0.5274483E+19
0.14672301241247E+11;-0.2018705E+00;0.5338526E+19
0.14672301241317E+11;-0.1991227E+00;0.5403468E+19
0.14672301241385E+11;-0.1968486E+00;0.5465158E+19
0.14672301241458E+11;-0.1942610E+00;0.5529167E+19
0.14672301241525E+11;-0.1920172E+00;0.5586627E+19
0.14672301241591E+11;-0.1891507E+00;0.5644639E+19
0.14672301241659E+11;-0.1860082E+00;0.5706261E+19
0.14672301241727E+11;-0.1835504E+00;0.5771473E+19
0.14672301241795E+11;-0.1808850E+00;0.5838336E+19
0.14672301241860E+11;-0.1782626E+00;0.5903847E+19
0.14672301241928E+11;-0.1755991E+00;0.5969712E+19
0.14672301241993E+11;-0.1734795E+00;0.6029807E+19
0.14672301242059E+11;-0.1707784E+00;0.6091237E+19
0.14672301242123E+11;-0.1683234E+00;0.6152011E+19
0.14672301242187E+11;-0.1661734E+00;0.6216239E+19
0.14672301242251E+11;-0.1637189E+00;0.6284563E+19
0.14672301242316E+11;-0.1611450E+00;0.6354810E+19
0.14672301242379E+11;-0.1587950E+00;0.6422277E+19
0.14672301242444E+11;-0.1562149E+00;0.6488148E+19
0.14672301242506E+11;-0.1536956E+00;0.6550315E+19
0.14672301242568E+11;-0.1514935E+00;0.6613026E+19
0.14672301242631E+11;-0.1500217E+00;0.6679215E+19
0.14672301242694E+11;-0.1471077E+00;0.6748548E+19
0.14672301242756E+11;-0.1454923E+00;0.6820957E+19
0.14672301242817E+11;-0.1430701E+00;0.6892302E+19
0.14672301242879E+11;-0.1407581E+00;0.6962955E+19
0.14672301242939E+11;-0.1384185E+00;0.7026860E+19
0.14672301242998E+11;-0.1366413E+00;0.7088764E+19
0.14672301243058E+11;-0.1343918E+00;0.7150399E+19
0.14672301243118E+11;-0.1322601E+00;0.7212391E+19
0.14672301243177E+11;-0.1312782E+00;0.7276298E+19
0.14672301243237E+11;-0.1284791E+00;0.7341503E+19
0.14672301243296E+11;-0.1273484E+00;0.7406161E+19
0.14672301243355E+11;-0.1249741E+00;0.7467517E+19
0.14672301243412E+11;-0.1240509E+00;0.7525097E+19
0.14672301243470E+11;-0.1216681E+00;0.7581267E+19
0.14672301243528E+11;-0.1213586E+00;0.7636954E+19
0.14672301243586E+11;-0.1185417E+00;0.7692966E+19
0.14672301243644E+11;-0.1176273E+00;0.7748894E+19
0.14672301243702E+11;-0.1157044E+00;0.7803378E+19
0.14672301243760E+11;-0.1147476E+00;0.7853363E+19
0.14672301243818E+11;-0.1131767E+00;0.7896897E+19
0.14672301243876E+11;-0.1114889E+00;0.7935149E+19
0.14672301243934E+11;-0.1102436E+00;0.7969388E+19
0.14672301243990E+11;-0.1087330E+00;0.8001338E+19
0.14672301244047E+11;-0.1065799E+00;0.8032951E+19
0.14672301244104E+11;-0.1030512E+00;0.8065000E+19
0.14672301244161E+11;-0.1008738E+00;0.8096697E+19
0.14672301244217E+11;-0.9800574E-01;0.8126754E+19
0.14672301244273E+11;-0.9590762E-01;0.8154257E+19
0.14672301244330E+11;-0.9467160E-01;0.8178695E+19
0.14672301244385E+11;-0.9280851E-01;0.8199616E+19
0.14672301244440E+11;-0.9149028E-01;0.8217513E+19
0.14672301244495E+11;-0.8805465E-01;0.8233328E+19
0.14672301244550E+11;-0.8596774E-01;0.8247215E+19
0.14672301244605E+11;-0.8340118E-01;0.8258699E+19
0.14672301244659E+11;-0.8119320E-01;0.8267286E+19
0.14672301244713E+11;-0.8021070E-01;0.8273919E+19
0.14672301244766E+11;-0.7818292E-01;0.8279221E+19
0.14672301244819E+11;-0.7720119E-01;0.8283368E+19
0.14672301244871E+11;-0.7440922E-01;0.8286681E+19
0.14672301244923E+11;-0.7234878E-01;0.8289855E+19
0.14672301244975E+11;-0.7019204E-01;0.8292408E+19
0.14672301245027E+11;-0.6781060E-01;0.8292867E+19
0.14672301245078E+11;-0.6664045E-01;0.8290922E+19
0.14672301245129E+11;-0.6494636E-01;0.8286999E+19
0.14672301245180E+11;-0.6364412E-01;0.8281414E+19
0.14672301245231E+11;-0.6212237E-01;0.8274868E+19
0.14672301245280E+11;-0.5998248E-01;0.8268113E+19
0.14672301245330E+11;-0.5841681E-01;0.8260984E+19
0.14672301245380E+11;-0.5573249E-01;0.8252452E+19
0.14672301245429E+11;-0.5426884E-01;0.8242211E+19
0.14672301245478E+11;-0.5312622E-01;0.8230724E+19
0.14672301245527E+11;-0.5137418E-01;0.8218859E+19
0.14672301245577E+11;-0.5071151E-01;0.8206483E+19
0.14672301245625E+11;-0.4877981E-01;0.8195066E+19
0.14672301245673E+11;-0.4765856E-01;0.8184439E+19
0.14672301245721E+11;-0.4487032E-01;0.8174163E+19
0.14672301245768E+11;-0.4303835E-01;0.8163089E+19
0.14672301245815E+11;-0.4236498E-01;0.8150738E+19
0.14672301245862E+11;-0.4034249E-01;0.8137545E+19
0.14672301245909E+11;-0.3918675E-01;0.8124431E+19
0.14672301245955E+11;-0.3844289E-01;0.8112348E+19
0.14672301246002E+11;-0.3713480E-01;0.8101410E+19
0.14672301246048E+11;-0.3531377E-01;0.8091400E+19
0.14672301246094E+11;-0.3300060E-01;0.8081291E+19
0.14672301246139E+11;-0.3182439E-01;0.8070330E+19
0.14672301246185E+11;-0.3067420E-01;0.8058445E+19
0.14672301246230E+11;-0.2888111E-01;0.8046308E+19
0.14672301246275E+11;-0.2818904E-01;0.8034726E+19
0.14672301246319E+11;-0.2695768E-01;0.8023922E+19
0.14672301246365E+11;-0.2593193E-01;0.8013682E+19
0.14672301246410E+11;-0.2407202E-01;0.8004685E+19
0.14672301246454E+11;-0.2234047E-01;0.7995913E+19
0.14672301246498E+11;-0.2177337E-01;0.7986608E+19
0.14672301246542E+11;-0.1974996E-01;0.7976359E+19
0.14672301246586E+11;-0.1838713E-01;0.7965813E+19
0.14672301246629E+11;-0.1810409E-01;0.7955896E+19
0.14672301246672E+11;-0.1631697E-01;0.7946845E+19
0.14672301246717E+11;-0.1556384E-01;0.7938572E+19
0.14672301246759E+11;-0.1388239E-01;0.7931232E+19
0.14672301246803E+11;-0.1267436E-01;0.7923702E+19
0.14672301246846E+11;-0.1179932E-01;0.7915351E+19
0.14672301246888E+11;-0.9702459E-02;0.7906499E+19
0.14672301246930E+11;-0.8695950E-02;0.7897693E+19
0.14672301246972E+11;-0.7956771E-02;0.7888997E+19
0.14672301247015E+11;-0.6382945E-02;0.7880446E+19
0.14672301247057E+11;-0.5867094E-02;0.7872711E+19
0.14672301247099E+11;-0.4547394E-02;0.7865803E+19
0.14672301247141E+11;-0.3831089E-02;0.7858901E+19
0.14672301247183E+11;-0.2150187E-02;0.7851453E+19
0.14672301247224E+11;-0.3527398E-03;0.7843523E+19
0.14672301247265E+11;0.3485141E-03;0.7835016E+19
0.14672301247305E+11;0.1550901E-02;0.7826297E+19
0.14672301247347E+11;0.2976138E-02;0.7817905E+19
0.14672301247388E+11;0.3295356E-02;0.7810844E+19
0.14672301247429E+11;0.4844813E-02;0.7804845E+19
0.14672301247469E+11;0.5520884E-02;0.7799196E+19
0.14672301247510E+11;0.6927043E-02;0.7792981E+19
0.14672301247550E+11;0.8466121E-02;0.7785983E+19
0.14672301247590E+11;0.8887379E-02;0.7778328E+19
0.14672301247629E+11;0.1057410E-01;0.7770716E+19
0.14672301247670E+11;0.1189133E-01;0.7763893E+19
0.14672301247710E+11;0.1223081E-01;0.7758730E+19
0.14672301247750E+11;0.1389753E-01;0.7754559E+19
0.14672301247789E+11;0.1455679E-01;0.7750499E+19
0.14672301247829E+11;0.1570624E-01;0.7745897E+19
0.14672301247868E+11;0.1689078E-01;0.7740592E+19
0.14672301247906E+11;0.1740753E-01;0.7734704E+19
0.14672301247945E+11;0.1923850E-01;0.7729067E+19
0.14672301247984E+11;0.2046753E-01;0.7724392E+19
0.14672301248023E+11;0.2089334E-01;0.7721094E+19
0.14672301248062E+11;0.2261528E-01;0.7718689E+19
0.14672301248100E+11;0.2331786E-01;0.7716542E+19
0.14672301248139E+11;0.2451088E-01;0.7714072E+19
0.14672301248177E+11;0.2531725E-01;0.7710801E+19
0.14672301248215E+11;0.2635798E-01;0.7706871E+19
0.14672301248252E+11;0.2763034E-01;0.7703289E+19
0.14672301248290E+11;0.2881465E-01;0.7700720E+19
0.14672301248328E+11;0.2928354E-01;0.7699376E+19
0.14672301248366E+11;0.3109900E-01;0.7699014E+19
0.14672301248403E+11;0.3188817E-01;0.7698967E+19
0.14672301248441E+11;0.3307549E-01;0.7698437E+19
0.14672301248478E+11;0.3404641E-01;0.7697092E+19
0.14672301248515E+11;0.3507486E-01;0.7695369E+19
0.14672301248552E+11;0.3586763E-01;0.7694047E+19
0.14672301248589E+11;0.3702460E-01;0.7693534E+19
0.14672301248626E+11;0.3753080E-01;0.7694081E+19
0.14672301248663E+11;0.3945104E-01;0.7695556E+19
0.14672301248700E+11;0.4034145E-01;0.7697232E+19
0.14672301248736E+11;0.4148820E-01;0.7698581E+19
0.14672301248773E+11;0.4264755E-01;0.7699520E+19
0.14672301248809E+11;0.4362817E-01;0.7700202E+19
0.14672301248845E+11;0.4456044E-01;0.7700938E+19
0.14672301248881E+11;0.4554399E-01;0.7702146E+19
0.14672301248917E+11;0.4634334E-01;0.7704347E+19
0.14672301248953E+11;0.4773118E-01;0.7707467E+19
0.14672301248989E+11;0.4874027E-01;0.7710997E+19
0.14672301249025E+11;0.4980131E-01;0.7714467E+19
0.14672301249060E+11;0.5118551E-01;0.7717661E+19
0.14672301249096E+11;0.5205576E-01;0.7720374E+19
0.14672301249131E+11;0.5326401E-01;0.7722821E+19
0.14672301249165E+11;0.5423813E-01;0.7725607E+19
0.14672301249201E+11;0.5513658E-01;0.7729448E+19
0.14672301249236E+11;0.5599432E-01;0.7734279E+19
0.14672301249271E+11;0.5715204E-01;0.7739624E+19
0.14672301249306E+11;0.5806130E-01;0.7744919E+19
0.14672301249341E+11;0.5972290E-01;0.7750053E+19
0.14672301249376E+11;0.6042601E-01;0.7754449E+19
0.14672301249410E+11;0.6194585E-01;0.7758566E+19
0.14672301249444E+11;0.6287951E-01;0.7763103E+19
0.14672301249478E+11;0.6385578E-01;0.7768596E+19
0.14672301249512E+11;0.6482574E-01;0.7774983E+19
0.14672301249546E+11;0.6565221E-01;0.7781800E+19
0.14672301249580E+11;0.6635965E-01;0.7788600E+19
0.14672301249615E+11;0.6830092E-01;0.7795384E+19
0.14672301249649E+11;0.6916177E-01;0.7801565E+19
0.14672301249682E+11;0.7065749E-01;0.7807768E+19
0.14672301249716E+11;0.7157858E-01;0.7814208E+19
0.14672301249749E+11;0.7284630E-01;0.7821146E+19
0.14672301249782E+11;0.7382964E-01;0.7828768E+19
0.14672301249816E+11;0.7464183E-01;0.7836947E+19
0.14672301249849E+11;0.7482986E-01;0.7845337E+19
0.14672301249883E+11;0.7701317E-01;0.7853873E+19
0.14672301249915E+11;0.7816147E-01;0.7862070E+19
0.14672301249948E+11;0.7946395E-01;0.7870178E+19
0.14672301249981E+11;0.8073481E-01;0.7878064E+19
0.14672301250013E+11;0.8190191E-01;0.7886192E+19
0.14672301250046E+11;0.8294458E-01;0.7895005E+19
0.14672301250078E+11;0.8399685E-01;0.7904686E+19
0.14672301250111E+11;0.8453211E-01;0.7914737E+19
0.14672301250143E+11;0.8593133E-01;0.7924803E+19
0.14672301250176E+11;0.8738925E-01;0.7934686E+19
0.14672301250208E+11;0.8842007E-01;0.7944166E+19
0.14672301250239E+11;0.9007121E-01;0.7953397E+19
0.14672301250271E+11;0.9109970E-01;0.7962882E+19
0.14672301250302E+11;0.9240043E-01;0.7973091E+19
0.14672301250334E+11;0.9353861E-01;0.7984479E+19
0.14672301250366E+11;0.9446116E-01;0.7996050E+19
0.14672301250398E+11;0.9516659E-01;0.8007312E+19
0.14672301250430E+11;0.9692390E-01;0.8018656E+19
0.14672301250461E+11;0.9763059E-01;0.8029660E+19
0.14672301250492E+11;0.9969495E-01;0.8040771E+19
0.14672301250523E+11;0.1007444E+00;0.8052048E+19
0.14672301250553E+11;0.1022699E+00;0.8063869E+19
0.14672301250584E+11;0.1034247E+00;0.8076396E+19
0.14672301250616E+11;0.1046042E+00;0.8089236E+19
0.14672301250646E+11;0.1052023E+00;0.8101687E+19
0.14672301250677E+11;0.1068881E+00;0.8114486E+19
0.14672301250707E+11;0.1077672E+00;0.8127087E+19
0.14672301250738E+11;0.1097457E+00;0.8140031E+19
0.14672301250768E+11;0.1111676E+00;0.8152627E+19
0.14672301250798E+11;0.1124946E+00;0.8165645E+19
0.14672301250828E+11;0.1137791E+00;0.8179058E+19
0.14672301250859E+11;0.1151319E+00;0.8193480E+19
0.14672301250888E+11;0.1161666E+00;0.8207455E+19
0.14672301250918E+11;0.1173961E+00;0.8221760E+19
0.14672301250948E+11;0.1185546E+00;0.8235839E+19
0.14672301250977E+11;0.1202526E+00;0.8250013E+19
0.14672301251006E+11;0.1220836E+00;0.8264170E+19
0.14672301251036E+11;0.1231822E+00;0.8278868E+19
0.14672301251064E+11;0.1249304E+00;0.8293677E+19
0.14672301251094E+11;0.1262405E+00;0.8309223E+19
0.14672301251123E+11;0.1275171E+00;0.8324408E+19
0.14672301251152E+11;0.1285636E+00;0.8339894E+19
0.14672301251181E+11;0.1299982E+00;0.8355518E+19
0.14672301251209E+11;0.1314358E+00;0.8371079E+19
0.14672301251238E+11;0.1336876E+00;0.8387042E+19
0.14672301251266E+11;0.1348273E+00;0.8403061E+19
0.14672301251294E+11;0.1367214E+00;0.8419120E+19
0.14672301251322E+11;0.1379990E+00;0.8435539E+19
0.14672301251350E+11;0.1395788E+00;0.8452210E+19
0.14672301251378E+11;0.1408301E+00;0.8469496E+19
0.14672301251407E+11;0.1422568E+00;0.8487161E+19
0.14672301251434E+11;0.1435682E+00;0.8504070E+19
0.14672301251462E+11;0.1462230E+00;0.8521593E+19
0.14672301251489E+11;0.1477421E+00;0.8538664E+19
0.14672301251516E+11;0.1494167E+00;0.8556067E+19
0.14672301251543E+11;0.1511946E+00;0.8573773E+19
0.14672301251570E+11;0.1526919E+00;0.8592062E+19
0.14672301251598E+11;0.1542004E+00;0.8611036E+19
0.14672301251626E+11;0.1555121E+00;0.8630646E+19
0.14672301251653E+11;0.1570189E+00;0.8649177E+19
0.14672301251679E+11;0.1599571E+00;0.8668199E+19
0.14672301251706E+11;0.1618147E+00;0.8686762E+19
0.14672301251732E+11;0.1634099E+00;0.8705724E+19
0.14672301251758E+11;0.1656670E+00;0.8724772E+19
0.14672301251784E+11;0.1671081E+00;0.8744503E+19
0.14672301251811E+11;0.1690020E+00;0.8765448E+19
0.14672301251838E+11;0.1705569E+00;0.8787360E+19
0.14672301251864E+11;0.1722108E+00;0.8807873E+19
0.14672301251890E+11;0.1753720E+00;0.8828724E+19
0.14672301251915E+11;0.1774457E+00;0.8849066E+19
0.14672301251940E+11;0.1792565E+00;0.8869512E+19
0.14672301251965E+11;0.1819169E+00;0.8889823E+19
0.14672301251990E+11;0.1834566E+00;0.8910971E+19
0.14672301252016E+11;0.1859170E+00;0.8934400E+19
0.14672301252042E+11;0.1878316E+00;0.8958712E+19
0.14672301252067E+11;0.1894850E+00;0.8981718E+19
0.14672301252092E+11;0.1928429E+00;0.9005552E+19
0.14672301252116E+11;0.1949428E+00;0.9028217E+19
0.14672301252141E+11;0.1977473E+00;0.9050682E+19
0.14672301252164E+11;0.2007659E+00;0.9072924E+19
0.14672301252188E+11;0.2026736E+00;0.9095590E+19
0.14672301252213E+11;0.2057520E+00;0.9120099E+19
0.14672301252237E+11;0.2081820E+00;0.9145285E+19
0.14672301252260E+11;0.2099163E+00;0.9169854E+19
0.14672301252285E+11;0.2122409E+00;0.9195986E+19
0.14672301252308E+11;0.2151483E+00;0.9220353E+19
0.14672301252331E+11;0.2194323E+00;0.9244290E+19
0.14672301252353E+11;0.2226499E+00;0.9267551E+19
0.14672301252376E+11;0.2259473E+00;0.9290667E+19
0.14672301252399E+11;0.2293889E+00;0.9314740E+19
0.14672301252421E+11;0.2326942E+00;0.9338987E+19
0.14672301252443E+11;0.2349678E+00;0.9363517E+19
0.14672301252451E+11;0.2353544E+00;0.9372363E+19
0.14672301252463E+11;0.2353126E+00;0.9385709E+19
0.14672301252481E+11;0.2374069E+00;0.9405826E+19
0.14672301252503E+11;0.2419139E+00;0.9430426E+19
0.14672301252525E+11;0.2462113E+00;0.9454367E+19
0.14672301252546E+11;0.2508811E+00;0.9477689E+19
0.14672301252567E+11;0.2552785E+00;0.9500680E+19
0.14672301252588E+11;0.2591283E+00;0.9524009E+19
0.14672301252609E+11;0.2617788E+00;0.9547711E+19
0.14672301252632E+11;0.2623087E+00;0.9572440E+19
0.14672301252652E+11;0.2609170E+00;0.9594773E+19
0.14672301252673E+11;0.2673534E+00;0.9617578E+19
0.14672301252693E+11;0.2729113E+00;0.9639284E+19
0.14672301252712E+11;0.2781341E+00;0.9660948E+19
0.14672301252732E+11;0.2823790E+00;0.9683211E+19
0.14672301252753E+11;0.2855230E+00;0.9706231E+19
0.14672301252760E+11;0.2862501E+00;0.9714327E+19
0.14672301252771E+11;0.2868128E+00;0.9726344E+19
0.14672301252788E+11;0.2859813E+00;0.9744004E+19
0.14672301252807E+11;0.2828104E+00;0.9764384E+19
0.14672301252827E+11;0.2896817E+00;0.9783981E+19
0.14672301252845E+11;0.2951792E+00;0.9802413E+19
0.14672301252864E+11;0.2995074E+00;0.9820535E+19
0.14672301252883E+11;0.3027964E+00;0.9839808E+19
0.14672301252890E+11;0.3036094E+00;0.9846941E+19
0.14672301252901E+11;0.3043055E+00;0.9857680E+19
0.14672301252917E+11;0.3037261E+00;0.9873804E+19
0.14672301252935E+11;0.2993156E+00;0.9892649E+19
0.14672301252954E+11;0.2997827E+00;0.9911090E+19
0.14672301252972E+11;0.3050408E+00;0.9927971E+19
0.14672301252990E+11;0.3090343E+00;0.9944021E+19
0.14672301253008E+11;0.3117447E+00;0.9960200E+19
0.14672301253028E+11;0.3122458E+00;0.9977335E+19
0.14672301253047E+11;0.3089981E+00;0.9992264E+19
0.14672301253066E+11;0.3005175E+00;0.1000691E+20
0.14672301253084E+11;0.3029835E+00;0.1002021E+20
0.14672301253101E+11;0.3069870E+00;0.1003316E+20
0.14672301253118E+11;0.3094383E+00;0.1004643E+20
0.14672301253138E+11;0.3093959E+00;0.1006103E+20
0.14672301253157E+11;0.3051669E+00;0.1007473E+20
0.14672301253176E+11;0.2954022E+00;0.1008807E+20
0.14672301253193E+11;0.2917137E+00;0.1009983E+20
0.14672301253211E+11;0.2951706E+00;0.1011066E+20
0.14672301253229E+11;0.2966111E+00;0.1012124E+20
0.14672301253249E+11;0.2943605E+00;0.1013211E+20
0.14672301253268E+11;0.2869055E+00;0.1014161E+20
0.14672301253287E+11;0.2744625E+00;0.1015040E+20
0.14672301253305E+11;0.2717215E+00;0.1015880E+20
0.14672301253323E+11;0.2742128E+00;0.1016743E+20
0.14672301253343E+11;0.2738181E+00;0.1017715E+20
0.14672301253365E+11;0.2680728E+00;0.1018774E+20
0.14672301253385E+11;0.2567562E+00;0.1019734E+20
0.14672301253404E+11;0.2419111E+00;0.1020601E+20
0.14672301253423E+11;0.2460085E+00;0.1021384E+20
0.14672301253443E+11;0.2483663E+00;0.1022148E+20
0.14672301253466E+11;0.2475898E+00;0.1022927E+20
0.14672301253490E+11;0.2409502E+00;0.1023677E+20
0.14672301253512E+11;0.2282688E+00;0.1024390E+20
0.14672301253533E+11;0.2158819E+00;0.1025130E+20
0.14672301253553E+11;0.2203544E+00;0.1025946E+20
0.14672301253575E+11;0.2235326E+00;0.1026894E+20
0.14672301253599E+11;0.2246767E+00;0.1027950E+20
0.14672301253609E+11;0.2241564E+00;0.1028323E+20
0.14672301253623E+11;0.2219780E+00;0.1028832E+20
0.14672301253644E+11;0.2147121E+00;0.1029477E+20
0.14672301253668E+11;0.2006206E+00;0.1030092E+20
0.14672301253690E+11;0.1976181E+00;0.1030680E+20
0.14672301253712E+11;0.2018984E+00;0.1031367E+20
0.14672301253735E+11;0.2049448E+00;0.1032265E+20
0.14672301253762E+11;0.2059296E+00;0.1033402E+20
0.14672301253793E+11;0.2014384E+00;0.1034647E+20
0.14672301253803E+11;0.1982365E+00;0.1034972E+20
0.14672301253817E+11;0.1915758E+00;0.1035403E+20
0.14672301253839E+11;0.1791528E+00;0.1035954E+20
0.14672301253861E+11;0.1846048E+00;0.1036514E+20
0.14672301253884E+11;0.1886184E+00;0.1037165E+20
0.14672301253910E+11;0.1913026E+00;0.1038037E+20
0.14672301253938E+11;0.1914032E+00;0.1039188E+20
0.14672301253970E+11;0.1851491E+00;0.1040412E+20
0.14672301253980E+11;0.1810420E+00;0.1040759E+20
0.14672301253995E+11;0.1728954E+00;0.1041216E+20
0.14672301254019E+11;0.1704712E+00;0.1041794E+20
0.14672301254042E+11;0.1753620E+00;0.1042354E+20
0.14672301254066E+11;0.1789136E+00;0.1043030E+20
0.14672301254094E+11;0.1808136E+00;0.1043952E+20
0.14672301254124E+11;0.1789726E+00;0.1045110E+20
0.14672301254154E+11;0.1698184E+00;0.1046224E+20
0.14672301254164E+11;0.1649683E+00;0.1046533E+20
0.14672301254179E+11;0.1579287E+00;0.1046944E+20
0.14672301254201E+11;0.1633679E+00;0.1047478E+20
0.14672301254225E+11;0.1678637E+00;0.1048042E+20
0.14672301254251E+11;0.1709790E+00;0.1048731E+20
0.14672301254280E+11;0.1719623E+00;0.1049664E+20
0.14672301254309E+11;0.1684123E+00;0.1050747E+20
0.14672301254339E+11;0.1571049E+00;0.1051789E+20
0.14672301254349E+11;0.1519487E+00;0.1052068E+20
0.14672301254363E+11;0.1523512E+00;0.1052447E+20
0.14672301254383E+11;0.1571319E+00;0.1052949E+20
0.14672301254409E+11;0.1614075E+00;0.1053528E+20
0.14672301254436E+11;0.1641927E+00;0.1054222E+20
0.14672301254464E+11;0.1645033E+00;0.1055086E+20
0.14672301254493E+11;0.1601323E+00;0.1056069E+20
0.14672301254522E+11;0.1483270E+00;0.1057030E+20
0.14672301254531E+11;0.1432109E+00;0.1057301E+20
0.14672301254545E+11;0.1468792E+00;0.1057674E+20
0.14672301254566E+11;0.1514573E+00;0.1058178E+20
0.14672301254591E+11;0.1556564E+00;0.1058772E+20
0.14672301254618E+11;0.1582551E+00;0.1059445E+20
0.14672301254646E+11;0.1583920E+00;0.1060249E+20
0.14672301254674E+11;0.1540053E+00;0.1061151E+20
0.14672301254703E+11;0.1425380E+00;0.1062041E+20
0.14672301254713E+11;0.1379338E+00;0.1062305E+20
0.14672301254727E+11;0.1416449E+00;0.1062673E+20
0.14672301254748E+11;0.1462745E+00;0.1063178E+20
0.14672301254774E+11;0.1505012E+00;0.1063776E+20
0.14672301254801E+11;0.1530994E+00;0.1064433E+20
0.14672301254828E+11;0.1533462E+00;0.1065198E+20
0.14672301254857E+11;0.1493025E+00;0.1066055E+20
0.14672301254885E+11;0.1384548E+00;0.1066904E+20
0.14672301254895E+11;0.1336285E+00;0.1067163E+20
0.14672301254909E+11;0.1368633E+00;0.1067525E+20
0.14672301254931E+11;0.1416561E+00;0.1068019E+20
0.14672301254957E+11;0.1459547E+00;0.1068593E+20
0.14672301254984E+11;0.1486333E+00;0.1069225E+20
0.14672301255012E+11;0.1490790E+00;0.1069962E+20
0.14672301255039E+11;0.1455785E+00;0.1070780E+20
0.14672301255068E+11;0.1363191E+00;0.1071597E+20
0.14672301255096E+11;0.1333402E+00;0.1072320E+20
0.14672301255123E+11;0.1389175E+00;0.1072885E+20
0.14672301255149E+11;0.1428747E+00;0.1073427E+20
0.14672301255176E+11;0.1451825E+00;0.1074040E+20
0.14672301255204E+11;0.1450540E+00;0.1074767E+20
0.14672301255232E+11;0.1406277E+00;0.1075570E+20
0.14672301255260E+11;0.1327589E+00;0.1076359E+20
0.14672301255289E+11;0.1311769E+00;0.1077050E+20
0.14672301255315E+11;0.1364477E+00;0.1077592E+20
0.14672301255342E+11;0.1401491E+00;0.1078116E+20
0.14672301255369E+11;0.1421278E+00;0.1078704E+20
0.14672301255397E+11;0.1414718E+00;0.1079405E+20
0.14672301255425E+11;0.1364376E+00;0.1080183E+20
0.14672301255453E+11;0.1303449E+00;0.1080947E+20
0.14672301255482E+11;0.1293079E+00;0.1081618E+20
0.14672301255508E+11;0.1343146E+00;0.1082146E+20
0.14672301255535E+11;0.1377739E+00;0.1082664E+20
0.14672301255563E+11;0.1394302E+00;0.1083237E+20
0.14672301255590E+11;0.1382395E+00;0.1083909E+20
0.14672301255619E+11;0.1333022E+00;0.1084652E+20
0.14672301255647E+11;0.1283126E+00;0.1085385E+20
0.14672301255676E+11;0.1276214E+00;0.1086022E+20
0.14672301255702E+11;0.1324184E+00;0.1086543E+20
0.14672301255730E+11;0.1356683E+00;0.1087060E+20
0.14672301255757E+11;0.1370323E+00;0.1087628E+20
0.14672301255785E+11;0.1353532E+00;0.1088279E+20
0.14672301255813E+11;0.1307776E+00;0.1088985E+20
0.14672301255842E+11;0.1265480E+00;0.1089674E+20
0.14672301255870E+11;0.1261038E+00;0.1090277E+20
0.14672301255897E+11;0.1307321E+00;0.1090790E+20
0.14672301255924E+11;0.1337951E+00;0.1091307E+20
0.14672301255952E+11;0.1349023E+00;0.1091876E+20
0.14672301255980E+11;0.1328187E+00;0.1092515E+20
0.14672301256008E+11;0.1289755E+00;0.1093188E+20
0.14672301256037E+11;0.1251146E+00;0.1093831E+20
0.14672301256065E+11;0.1247107E+00;0.1094396E+20
0.14672301256092E+11;0.1292097E+00;0.1094896E+20
0.14672301256119E+11;0.1321212E+00;0.1095411E+20
0.14672301256147E+11;0.1330169E+00;0.1095981E+20
0.14672301256175E+11;0.1307300E+00;0.1096615E+20
0.14672301256203E+11;0.1274255E+00;0.1097266E+20
0.14672301256232E+11;0.1240824E+00;0.1097869E+20
0.14672301256260E+11;0.1234345E+00;0.1098398E+20
0.14672301256287E+11;0.1278331E+00;0.1098878E+20
0.14672301256315E+11;0.1306277E+00;0.1099384E+20
0.14672301256342E+11;0.1313565E+00;0.1099952E+20
0.14672301256370E+11;0.1290674E+00;0.1100583E+20
0.14672301256399E+11;0.1260983E+00;0.1101222E+20
0.14672301256427E+11;0.1231793E+00;0.1101798E+20
0.14672301256455E+11;0.1222700E+00;0.1102295E+20
0.14672301256483E+11;0.1265948E+00;0.1102751E+20
0.14672301256510E+11;0.1293005E+00;0.1103241E+20
0.14672301256538E+11;0.1299004E+00;0.1103802E+20
0.14672301256566E+11;0.1276315E+00;0.1104429E+20
0.14672301256594E+11;0.1249642E+00;0.1105061E+20
0.14672301256623E+11;0.1223883E+00;0.1105622E+20
0.14672301256651E+11;0.1212148E+00;0.1106095E+20
0.14672301256678E+11;0.1254857E+00;0.1106526E+20
0.14672301256706E+11;0.1281251E+00;0.1106996E+20
0.14672301256734E+11;0.1286280E+00;0.1107544E+20
0.14672301256762E+11;0.1264099E+00;0.1108164E+20
0.14672301256790E+11;0.1239963E+00;0.1108791E+20
0.14672301256819E+11;0.1216953E+00;0.1109346E+20
0.14672301256847E+11;0.1202652E+00;0.1109803E+20
0.14672301256874E+11;0.1244966E+00;0.1110213E+20
0.14672301256902E+11;0.1270879E+00;0.1110661E+20
0.14672301256930E+11;0.1275196E+00;0.1111191E+20
0.14672301256958E+11;0.1254538E+00;0.1111799E+20
0.14672301256986E+11;0.1231712E+00;0.1112421E+20
0.14672301257015E+11;0.1210888E+00;0.1112973E+20
0.14672301257043E+11;0.1194165E+00;0.1113423E+20
0.14672301257071E+11;0.1236188E+00;0.1113818E+20
0.14672301257098E+11;0.1261760E+00;0.1114245E+20
0.14672301257126E+11;0.1265569E+00;0.1114755E+20
0.14672301257154E+11;0.1246284E+00;0.1115346E+20
0.14672301257183E+11;0.1224683E+00;0.1115959E+20
0.14672301257211E+11;0.1205596E+00;0.1116511E+20
0.14672301257239E+11;0.1186631E+00;0.1116959E+20
0.14672301257267E+11;0.1228451E+00;0.1117344E+20
0.14672301257295E+11;0.1253782E+00;0.1117755E+20
0.14672301257323E+11;0.1257226E+00;0.1118244E+20
0.14672301257351E+11;0.1239171E+00;0.1118816E+20
0.14672301257379E+11;0.1218691E+00;0.1119417E+20
0.14672301257408E+11;0.1200997E+00;0.1119967E+20
0.14672301257436E+11;0.1182603E+00;0.1120416E+20
0.14672301257464E+11;0.1221690E+00;0.1120797E+20
0.14672301257492E+11;0.1246843E+00;0.1121194E+20
0.14672301257520E+11;0.1250015E+00;0.1121665E+20
0.14672301257548E+11;0.1233055E+00;0.1122218E+20
0.14672301257576E+11;0.1213581E+00;0.1122804E+20
0.14672301257605E+11;0.1197025E+00;0.1123349E+20
0.14672301257633E+11;0.1179405E+00;0.1123799E+20
0.14672301257661E+11;0.1215844E+00;0.1124179E+20
0.14672301257689E+11;0.1240853E+00;0.1124568E+20
0.14672301257717E+11;0.1243794E+00;0.1125024E+20
0.14672301257745E+11;0.1227807E+00;0.1125559E+20
0.14672301257774E+11;0.1209220E+00;0.1126128E+20
0.14672301257802E+11;0.1193626E+00;0.1126664E+20
0.14672301257831E+11;0.1176658E+00;0.1127115E+20
0.14672301257858E+11;0.1210854E+00;0.1127496E+20
0.14672301257886E+11;0.1235724E+00;0.1127880E+20
0.14672301257915E+11;0.1238443E+00;0.1128324E+20
0.14672301257943E+11;0.1223318E+00;0.1128842E+20
0.14672301257971E+11;0.1205502E+00;0.1129394E+20
0.14672301258000E+11;0.1190754E+00;0.1129919E+20
0.14672301258028E+11;0.1174341E+00;0.1130367E+20
0.14672301258056E+11;0.1206646E+00;0.1130749E+20
0.14672301258084E+11;0.1231366E+00;0.1131130E+20
0.14672301258112E+11;0.1233846E+00;0.1131562E+20
0.14672301258140E+11;0.1219486E+00;0.1132062E+20
0.14672301258169E+11;0.1202326E+00;0.1132589E+20
0.14672301258198E+11;0.1188343E+00;0.1133084E+20
0.14672301258226E+11;0.1172401E+00;0.1133489E+20
0.14672301258254E+11;0.1202867E+00;0.1133799E+20
0.14672301258282E+11;0.1227146E+00;0.1134039E+20
0.14672301258310E+11;0.1228857E+00;0.1134239E+20
0.14672301258338E+11;0.1214826E+00;0.1134412E+20
0.14672301258367E+11;0.1197900E+00;0.1134543E+20
0.14672301258396E+11;0.1184329E+00;0.1134612E+20
0.14672301258424E+11;0.1168437E+00;0.1134614E+20
0.14672301258452E+11;0.1183737E+00;0.1134555E+20
0.14672301258480E+11;0.1203375E+00;0.1134446E+20
0.14672301258508E+11;0.1200380E+00;0.1134302E+20
0.14672301258537E+11;0.1185647E+00;0.1134112E+20
0.14672301258565E+11;0.1170289E+00;0.1133826E+20
0.14672301258594E+11;0.1156055E+00;0.1133378E+20
0.14672301258623E+11;0.1140125E+00;0.1132748E+20
0.14672301258651E+11;0.1121440E+00;0.1131938E+20
0.14672301258680E+11;0.1112664E+00;0.1130942E+20
0.14672301258708E+11;0.1098560E+00;0.1129785E+20
0.14672301258737E+11;0.1080471E+00;0.1128480E+20
0.14672301258766E+11;0.1069995E+00;0.1127015E+20
0.14672301258795E+11;0.1048667E+00;0.1125360E+20
0.14672301258824E+11;0.1038755E+00;0.1123556E+20
0.14672301258853E+11;0.1014539E+00;0.1121618E+20
0.14672301258883E+11;0.1008374E+00;0.1119518E+20
0.14672301258913E+11;0.9813690E-01;0.1117297E+20
0.14672301258942E+11;0.9776214E-01;0.1114937E+20
0.14672301258972E+11;0.9434504E-01;0.1112414E+20
0.14672301259003E+11;0.9419964E-01;0.1109631E+20
0.14672301259033E+11;0.9221119E-01;0.1106633E+20
0.14672301259063E+11;0.8954972E-01;0.1103325E+20
0.14672301259093E+11;0.8947063E-01;0.1099748E+20
0.14672301259124E+11;0.8574874E-01;0.1095850E+20
0.14672301259155E+11;0.8486376E-01;0.1091759E+20
0.14672301259186E+11;0.8407688E-01;0.1087422E+20
0.14672301259218E+11;0.7973745E-01;0.1082893E+20
0.14672301259249E+11;0.7935292E-01;0.1078228E+20
0.14672301259281E+11;0.7837024E-01;0.1073104E+20
0.14672301259313E+11;0.7326931E-01;0.1067815E+20
0.14672301259345E+11;0.7297344E-01;0.1062379E+20
0.14672301259377E+11;0.7244046E-01;0.1056701E+20
0.14672301259410E+11;0.6804600E-01;0.1050759E+20
0.14672301259442E+11;0.6540850E-01;0.1044921E+20
0.14672301259475E+11;0.6571525E-01;0.1038814E+20
0.14672301259509E+11;0.6281086E-01;0.1032449E+20
0.14672301259542E+11;0.5631022E-01;0.1026149E+20
0.14672301259575E+11;0.5754785E-01;0.1019625E+20
0.14672301259610E+11;0.5643439E-01;0.1012599E+20
0.14672301259644E+11;0.5158017E-01;0.1005729E+20
0.14672301259678E+11;0.4732842E-01;0.9985813E+19
0.14672301259713E+11;0.4783943E-01;0.9911898E+19
0.14672301259748E+11;0.4586141E-01;0.9833695E+19
0.14672301259782E+11;0.3996697E-01;0.9755250E+19
0.14672301259818E+11;0.3605319E-01;0.9671703E+19
0.14672301259853E+11;0.3632190E-01;0.9588880E+19
0.14672301259889E+11;0.3406907E-01;0.9503035E+19
0.14672301259925E+11;0.2801446E-01;0.9417295E+19
0.14672301259962E+11;0.2293225E-01;0.9325225E+19
0.14672301260000E+11;0.2262227E-01;0.9234188E+19
0.14672301260037E+11;0.2059137E-01;0.9143011E+19
0.14672301260074E+11;0.1514496E-01;0.9052726E+19
0.14672301260112E+11;0.8246606E-02;0.8957119E+19
0.14672301260151E+11;0.5804429E-02;0.8862134E+19
0.14672301260189E+11;0.4529927E-02;0.8766787E+19
0.14672301260228E+11;0.2270026E-03;0.8671260E+19
0.14672301260268E+11;-0.8020068E-02;0.8572975E+19
0.14672301260308E+11;-0.1604378E-01;0.8472969E+19
0.14672301260351E+11;-0.1606190E-01;0.8366205E+19
0.14672301260392E+11;-0.1910730E-01;0.8262358E+19
0.14672301260433E+11;-0.2552908E-01;0.8158287E+19
0.14672301260476E+11;-0.3562010E-01;0.8049926E+19
0.14672301260521E+11;-0.4425189E-01;0.7935691E+19
0.14672301260569E+11;-0.4580018E-01;0.7812308E+19
0.14672301260614E+11;-0.5063183E-01;0.7697085E+19
0.14672301260659E+11;-0.5924339E-01;0.7580649E+19
0.14672301260706E+11;-0.7300046E-01;0.7458546E+19
0.14672301260758E+11;-0.7862289E-01;0.7325205E+19
0.14672301260812E+11;-0.8347533E-01;0.7186234E+19
0.14672301260862E+11;-0.9181353E-01;0.7057933E+19
0.14672301260914E+11;-0.1046354E+00;0.6926898E+19
0.14672301260969E+11;-0.1239302E+00;0.6785812E+19
0.14672301261030E+11;-0.1285491E+00;0.6633862E+19
0.14672301261094E+11;-0.1383394E+00;0.6472954E+19
0.14672301261154E+11;-0.1522061E+00;0.6324047E+19
0.14672301261216E+11;-0.1721160E+00;0.6171760E+19
0.14672301261282E+11;-0.1954536E+00;0.6010848E+19
0.14672301261353E+11;-0.2080574E+00;0.5840422E+19
0.14672301261427E+11;-0.2236094E+00;0.5664760E+19
0.14672301261505E+11;-0.2450156E+00;0.5485341E+19
0.14672301261585E+11;-0.2735337E+00;0.5303160E+19
0.14672301261668E+11;-0.2970146E+00;0.5117367E+19
0.14672301261754E+11;-0.3185329E+00;0.4929117E+19
0.14672301261842E+11;-0.3459806E+00;0.4739527E+19
0.14672301261941E+11;-0.3818224E+00;0.4534458E+19
0.14672301262041E+11;-0.4168921E+00;0.4332330E+19
0.14672301262140E+11;-0.4536256E+00;0.4138074E+19
0.14672301262249E+11;-0.4836711E+00;0.3930157E+19
0.14672301262354E+11;-0.5151176E+00;0.3738894E+19
0.14672301262467E+11;-0.5526793E+00;0.3539222E+19
0.14672301262581E+11;-0.5934071E+00;0.3346075E+19
0.14672301262708E+11;-0.6419173E+00;0.3140440E+19
0.14672301262849E+11;-0.6883679E+00;0.2923663E+19
0.14672301262994E+11;-0.7302348E+00;0.2713442E+19
0.14672301263141E+11;-0.7744873E+00;0.2513287E+19
0.14672301263295E+11;-0.8231078E+00;0.2316774E+19
0.14672301263466E+11;-0.8783853E+00;0.2115442E+19
0.14672301263655E+11;-0.9302968E+00;0.1911231E+19
0.14672301263870E+11;-0.9878912E+00;0.1702496E+19
0.14672301264104E+11;-0.1043927E+01;0.1501837E+19
0.14672301264364E+11;-0.1105045E+01;0.1308109E+19
0.14672301264639E+11;-0.1162453E+01;0.1134382E+19
0.14672301264936E+11;-0.1222525E+01;0.9767146E+18
0.14672301265277E+11;-0.1275785E+01;0.8294822E+18
0.14672301265688E+11;-0.1340460E+01;0.6894280E+18
0.14672301266154E+11;-0.1404798E+01;0.5686582E+18
0.14672301266693E+11;-0.1478623E+01;0.4648087E+18
0.14672301267299E+11;-0.1540707E+01;0.3795896E+18
0.14672301268017E+11;-0.1600704E+01;0.3070465E+18
0.14672301268908E+11;-0.1669542E+01;0.2443636E+18
0.14672301269992E+11;-0.1745321E+01;0.1927596E+18
0.14672301271301E+11;-0.1824869E+01;0.1513611E+18
0.14672301272877E+11;-0.1908360E+01;0.1187243E+18
0.14672301274741E+11;-0.1993331E+01;0.9359880E+17
0.14672301276981E+11;-0.2080193E+01;0.7401542E+17
0.14672301279680E+11;-0.2168507E+01;0.5876819E+17
0.14672301282931E+11;-0.2257650E+01;0.4693541E+17
0.14672301286874E+11;-0.2347830E+01;0.3769569E+17
0.14672301291673E+11;-0.2439190E+01;0.3044265E+17
0.14672301297538E+11;-0.2504148E+01;0.2470786E+17
0.14672301304733E+11;-0.2573467E+01;0.2012803E+17
0.14672301313602E+11;-0.2655852E+01;0.1642093E+17
0.14672301324605E+11;-0.2746569E+01;0.1337192E+17
0.14672301338151E+11;-0.2834230E+01;0.1086464E+17
0.14672301354233E+11;-0.2920464E+01;0.8860144E+16
0.14672301373923E+11;-0.3009940E+01;0.7206101E+16
0.14672301398070E+11;-0.3100290E+01;0.5850613E+16
0.14672301427753E+11;-0.3191265E+01;0.4746713E+16
0.14672301464280E+11;-0.3282790E+01;0.3853523E+16
0.14672301509237E+11;-0.3374466E+01;0.3134886E+16
0.14672301564716E+11;-0.3466360E+01;0.2557752E+16
0.14672301633231E+11;-0.3558718E+01;0.2095278E+16
0.14672301717858E+11;-0.3647602E+01;0.1724947E+16
0.14672301822597E+11;-0.3719248E+01;0.1427323E+16
0.14672301951974E+11;-0.3787404E+01;0.1187394E+16
0.14672302112404E+11;-0.3856856E+01;0.9915479E+15
0.14672302311229E+11;-0.3934933E+01;0.8298255E+15
0.14672302558523E+11;-0.4027727E+01;0.6937703E+15
0.14672302864359E+11;-0.4122889E+01;0.5784477E+15
0.14672303207065E+11;-0.4204741E+01;0.4882170E+15
0.14672303620756E+11;-0.4284958E+01;0.4115424E+15
0.14672304125709E+11;-0.4366855E+01;0.3464669E+15
0.14672304741215E+11;-0.4445837E+01;0.2920065E+15
0.14672305492721E+11;-0.4519237E+01;0.2467681E+15
0.14672306410636E+11;-0.4586565E+01;0.2093491E+15
0.14672307530983E+11;-0.4650176E+01;0.1783824E+15
0.14672308903238E+11;-0.4716211E+01;0.1524800E+15
0.14672310580795E+11;-0.4794187E+01;0.1305544E+15
0.14672312481698E+11;-0.4877287E+01;0.1128376E+15
0.14672314749876E+11;-0.4959875E+01;0.9742160E+14
0.14672317247435E+11;-0.5028619E+01;0.8494258E+14
0.14672320256964E+11;-0.5090735E+01;0.7392882E+14
0.14672323837364E+11;-0.5150456E+01;0.6446870E+14
0.14672328109767E+11;-0.5207882E+01;0.5636103E+14
0.14672333213441E+11;-0.5267720E+01;0.4938123E+14
0.14672339113502E+11;-0.5336562E+01;0.4347279E+14
0.14672345936128E+11;-0.5410899E+01;0.3836055E+14
0.14672354019717E+11;-0.5485594E+01;0.3379093E+14
0.14672362693958E+11;-0.5541423E+01;0.3007751E+14
0.14672373005904E+11;-0.5591429E+01;0.2674056E+14
0.14672385057595E+11;-0.5642597E+01;0.2381603E+14
0.14672399191128E+11;-0.5699748E+01;0.2123598E+14
0.14672415375269E+11;-0.5766765E+01;0.1898612E+14
0.14672434371135E+11;-0.5836087E+01;0.1695328E+14
0.14672455050078E+11;-0.5896628E+01;0.1523781E+14
0.14672478498727E+11;-0.5938025E+01;0.1372506E+14
0.14672505752200E+11;-0.5984775E+01;0.1236139E+14
0.14672537282762E+11;-0.6041313E+01;0.1113473E+14
0.14672573826806E+11;-0.6106289E+01;0.1002026E+14
0.14672616195238E+11;-0.6171680E+01;0.9002037E+13
0.14672660428092E+11;-0.6212541E+01;0.8157426E+13
0.14672711951498E+11;-0.6254269E+01;0.7372061E+13
0.14672770920092E+11;-0.6308171E+01;0.6654657E+13
0.14672838784160E+11;-0.6369567E+01;0.5991089E+13
0.14672916596899E+11;-0.6431138E+01;0.5377565E+13
0.14672998259167E+11;-0.6463335E+01;0.4856899E+13
0.14673092904362E+11;-0.6508416E+01;0.4369674E+13
0.14673200649513E+11;-0.6566037E+01;0.3924336E+13
0.14673323708759E+11;-0.6624996E+01;0.3516726E+13
0.14673454026294E+11;-0.6659968E+01;0.3170469E+13
0.14673603238420E+11;-0.6702876E+01;0.2853177E+13
0.14673772438729E+11;-0.6758866E+01;0.2567233E+13
0.14673965063488E+11;-0.6815975E+01;0.2309038E+13
0.14674168701152E+11;-0.6845277E+01;0.2091029E+13
0.14674402255255E+11;-0.6894468E+01;0.1890373E+13
0.14674666278175E+11;-0.6949888E+01;0.1708882E+13
0.14674950595850E+11;-0.6986451E+01;0.1551839E+13
0.14675270371761E+11;-0.7029878E+01;0.1409279E+13
0.14675631922904E+11;-0.7084157E+01;0.1279325E+13
0.14676024203620E+11;-0.7121988E+01;0.1165329E+13
0.14676462386818E+11;-0.7165645E+01;0.1061993E+13
0.14676957998699E+11;-0.7219375E+01;0.9672171E+12
0.14677489178205E+11;-0.7253208E+01;0.8845638E+12
0.14678092099411E+11;-0.7302171E+01;0.8080108E+12
0.14678771469232E+11;-0.7348864E+01;0.7377832E+12
0.14679501437115E+11;-0.7387856E+01;0.6761439E+12
0.14680332846498E+11;-0.7440916E+01;0.6186775E+12
0.14681227329291E+11;-0.7475623E+01;0.5679796E+12
0.14682246530333E+11;-0.7527440E+01;0.5205322E+12
0.14683347264955E+11;-0.7564611E+01;0.4783929E+12
0.14684601549518E+11;-0.7615573E+01;0.4388614E+12
0.14685963525800E+11;-0.7654081E+01;0.4035020E+12
0.14687518390333E+11;-0.7705640E+01;0.3702393E+12
0.14689217350385E+11;-0.7744987E+01;0.3402990E+12
0.14691136026258E+11;-0.7792582E+01;0.3124287E+12
0.14693281842051E+11;-0.7838137E+01;0.2867818E+12
0.14695667724412E+11;-0.7882035E+01;0.2633294E+12
0.14698379414534E+11;-0.7930753E+01;0.2414589E+12
0.14701451517310E+11;-0.7976912E+01;0.2212179E+12
0.14704917738350E+11;-0.8022986E+01;0.2026298E+12
0.14708858848140E+11;-0.8070733E+01;0.1854915E+12
0.14713365194366E+11;-0.8119389E+01;0.1696683E+12
0.14718555929556E+11;-0.8167382E+01;0.1550180E+12
0.14724572677868E+11;-0.8215760E+01;0.1414351E+12
0.14731601058988E+11;-0.8264940E+01;0.1288144E+12
0.14739884272380E+11;-0.8314690E+01;0.1170645E+12
0.14748773658075E+11;-0.8357432E+01;0.1070778E+12
0.14759766158340E+11;-0.8401815E+01;0.9733842E+11
0.14771692422590E+11;-0.8443373E+01;0.8904699E+11
0.14782503569649E+11;-0.8476609E+01;0.8298284E+11
0.14794553393620E+11;-0.8509631E+01;0.7741318E+11
0.14807983102420E+11;-0.8542573E+01;0.7230703E+11
0.14821713895118E+11;-0.8572904E+01;0.6798116E+11
0.14835981055982E+11;-0.8601356E+01;0.6420407E+11
0.14850720919366E+11;-0.8628186E+01;0.6088328E+11
0.14866038358052E+11;-0.8653738E+01;0.5791230E+11
0.14882744636080E+11;-0.8679223E+01;0.5510550E+11
0.14889077739491E+11;-0.8688313E+01;0.5413899E+11
0.14898577394609E+11;-0.8701431E+01;0.5277536E+11
0.14912826877285E+11;-0.8720036E+01;0.5089983E+11
0.14931515147885E+11;-0.8742685E+01;0.4870101E+11
0.14949828234210E+11;-0.8763174E+01;0.4678671E+11
0.14970963016878E+11;-0.8784857E+01;0.4482628E+11
0.14991037620427E+11;-0.8802391E+01;0.4317544E+11
0.15011983345756E+11;-0.8818425E+01;0.4164208E+11
0.15033408135747E+11;-0.8833434E+01;0.4024792E+11
0.15055544152180E+11;-0.8847755E+01;0.3897010E+11
0.15078883338305E+11;-0.8861703E+01;0.3777939E+11
0.15102418883828E+11;-0.8874732E+01;0.3672033E+11
0.15125911736274E+11;-0.8886787E+01;0.3578677E+11
0.15150613038670E+11;-0.8898528E+01;0.3492010E+11
0.15175284679673E+11;-0.8909387E+01;0.3415566E+11
0.15201823669298E+11;-0.8920187E+01;0.3343009E+11
0.15227724037777E+11;-0.8929903E+01;0.3280447E+11
0.15254157462185E+11;-0.8939024E+01;0.3223730E+11
0.15281125209839E+11;-0.8947597E+01;0.3172232E+11
0.15308435812723E+11;-0.8955525E+01;0.3125744E+11
0.15336744887040E+11;-0.8963039E+01;0.3082636E+11
0.15363657107453E+11;-0.8969524E+01;0.3045767E+11
0.15392920912748E+11;-0.8975904E+01;0.3009647E+11
0.15420877392762E+11;-0.8981377E+01;0.2978407E+11
0.15449557780616E+11;-0.8986379E+01;0.2949186E+11
0.15477645688428E+11;-0.8990704E+01;0.2923177E+11
0.15506821722373E+11;-0.8994605E+01;0.2898867E+11
0.15537741583159E+11;-0.8998073E+01;0.2876141E+11
0.15566407300644E+11;-0.9000488E+01;0.2857931E+11
0.15594390066465E+11;-0.9000568E+01;0.2842854E+11
0.15621515955887E+11;-0.9000638E+01;0.2830842E+11
0.15648818916588E+11;-0.9000703E+01;0.2821392E+11
0.15677404275493E+11;-0.9000765E+01;0.2814274E+11
0.15706696741278E+11;-0.9000823E+01;0.2809619E+11
0.15735400692003E+11;-0.9000875E+01;0.2807288E+11
0.15763156585111E+11;-0.9000921E+01;0.2806940E+11
0.15790536014535E+11;-0.9000963E+01;0.2808273E+11
0.15818719450046E+11;-0.9001003E+01;0.2811060E+11
0.15848007541864E+11;-0.9001040E+01;0.2815039E+11
0.15876609504364E+11;-0.9001074E+01;0.2819702E+11
0.15904853321858E+11;-0.9001104E+01;0.2824947E+11
0.15932774796233E+11;-0.9001132E+01;0.2830710E+11
0.15960811795483E+11;-0.9001157E+01;0.2837008E+11
0.15989297317914E+11;-0.9001181E+01;0.2843814E+11
0.16017678898729E+11;-0.9001203E+01;0.2851040E+11
0.16046007693298E+11;-0.9001223E+01;0.2858932E+11
0.16074054173078E+11;-0.9001241E+01;0.2867688E+11
0.16101866765082E+11;-0.9001257E+01;0.2877335E+11
0.16129749309947E+11;-0.9001272E+01;0.2887902E+11
0.16157903662642E+11;-0.9001285E+01;0.2899529E+11
0.16186138180861E+11;-0.9001298E+01;0.2912233E+11
0.16214044664301E+11;-0.9001309E+01;0.2925763E+11
0.16241505016381E+11;-0.9001319E+01;0.2939807E+11
0.16268651583704E+11;-0.9001327E+01;0.2954215E+11
0.16296447450130E+11;-0.9001335E+01;0.2969499E+11
0.16324860340010E+11;-0.9001343E+01;0.2985755E+11
0.16352923501520E+11;-0.9001349E+01;0.3002310E+11
0.16379884196007E+11;-0.9001354E+01;0.3018443E+11
0.16406231432878E+11;-0.9001359E+01;0.3034349E+11
0.16433225125374E+11;-0.9001363E+01;0.3050805E+11
0.16461438955038E+11;-0.9001366E+01;0.3068281E+11
0.16488893702040E+11;-0.9001369E+01;0.3085565E+11
0.16514838875519E+11;-0.9001371E+01;0.3102046E+11
0.16541652685611E+11;-0.9001373E+01;0.3119366E+11
0.16569250928345E+11;-0.9001375E+01;0.3137848E+11
0.16597430081329E+11;-0.9001375E+01;0.3157519E+11
0.16623122961922E+11;-0.9001376E+01;0.3176046E+11
0.16648746433646E+11;-0.9001376E+01;0.3195029E+11
0.16675181496826E+11;-0.9001376E+01;0.3215149E+11
0.16703387334672E+11;-0.9001375E+01;0.3237163E+11
0.16729215768352E+11;-0.9001374E+01;0.3257778E+11
0.16754197272456E+11;-0.9001373E+01;0.3277997E+11
0.16780270371411E+11;-0.9001371E+01;0.3299214E+11
0.16806767639762E+11;-0.9001369E+01;0.3320981E+11
0.16833310187720E+11;-0.9001367E+01;0.3343014E+11
0.16857907137022E+11;-0.9001365E+01;0.3363453E+11
0.16883918363340E+11;-0.9001362E+01;0.3385035E+11
0.16908942270347E+11;-0.9001359E+01;0.3405867E+11
0.16935404595463E+11;-0.9001356E+01;0.3428084E+11
0.16960025665430E+11;-0.9001353E+01;0.3449034E+11
0.16984126183018E+11;-0.9001350E+01;0.3469971E+11
0.17010150416305E+11;-0.9001347E+01;0.3493126E+11
0.17034755266000E+11;-0.9001343E+01;0.3515532E+11
0.17059869957867E+11;-0.9001339E+01;0.3538883E+11
0.17083404467952E+11;-0.9001336E+01;0.3561106E+11
0.17108640878258E+11;-0.9001332E+01;0.3585159E+11
0.17133415836750E+11;-0.9001328E+01;0.3608929E+11
0.17157464464458E+11;-0.9001323E+01;0.3632166E+11
0.17181076238437E+11;-0.9001319E+01;0.3655096E+11
0.17204436928581E+11;-0.9001315E+01;0.3677968E+11
0.17229790649530E+11;-0.9001310E+01;0.3703130E+11
0.17253265506361E+11;-0.9001306E+01;0.3726621E+11
0.17277047045394E+11;-0.9001301E+01;0.3750436E+11
0.17299567056989E+11;-0.9001297E+01;0.3773063E+11
0.17324246093573E+11;-0.9001292E+01;0.3798080E+11
0.17348189271922E+11;-0.9001287E+01;0.3822667E+11
0.17371161937571E+11;-0.9001282E+01;0.3846603E+11
0.17393588420355E+11;-0.9001277E+01;0.3870366E+11
0.17416480187622E+11;-0.9001272E+01;0.3895176E+11
0.17440256768575E+11;-0.9001267E+01;0.3921591E+11
0.17463903447066E+11;-0.9001261E+01;0.3948213E+11
0.17486192372616E+11;-0.9001256E+01;0.3973282E+11
0.17507863162277E+11;-0.9001251E+01;0.3997583E+11
0.17531667465390E+11;-0.9001246E+01;0.4024379E+11
0.17555096349012E+11;-0.9001240E+01;0.4050932E+11
0.17577237615579E+11;-0.9001235E+01;0.4076098E+11
0.17598506906346E+11;-0.9001230E+01;0.4100376E+11
0.17621300405334E+11;-0.9001224E+01;0.4126789E+11
0.17643714856060E+11;-0.9001219E+01;0.4153272E+11
0.17666166139189E+11;-0.9001213E+01;0.4180009E+11
0.17687316676823E+11;-0.9001208E+01;0.4205273E+11
0.17708573292859E+11;-0.9001202E+01;0.4230899E+11
0.17731648156451E+11;-0.9001196E+01;0.4259276E+11
0.17753659843125E+11;-0.9001191E+01;0.4286957E+11
0.17775039888657E+11;-0.9001185E+01;0.4314137E+11
0.17795495717166E+11;-0.9001179E+01;0.4340296E+11
0.17818124736356E+11;-0.9001173E+01;0.4369502E+11
0.17839374620959E+11;-0.9001168E+01;0.4397136E+11
0.17860451542264E+11;-0.9001162E+01;0.4424478E+11
0.17880319236283E+11;-0.9001156E+01;0.4450082E+11
0.17901892094743E+11;-0.9001150E+01;0.4478050E+11
0.17923663651840E+11;-0.9001144E+01;0.4506872E+11
0.17944087519964E+11;-0.9001139E+01;0.4534367E+11
0.17963641298767E+11;-0.9001133E+01;0.4560937E+11
0.17984151255899E+11;-0.9001127E+01;0.4589139E+11
0.18005688416991E+11;-0.9001121E+01;0.4619267E+11
0.18025828568722E+11;-0.9001115E+01;0.4647953E+11
0.18045157309649E+11;-0.9001109E+01;0.4675772E+11
0.18064679233170E+11;-0.9001104E+01;0.4703997E+11
0.18085214990958E+11;-0.9001098E+01;0.4733949E+11
0.18105562349444E+11;-0.9001091E+01;0.4764002E+11
0.18124594756109E+11;-0.9001086E+01;0.4792193E+11
0.18143193573558E+11;-0.9001080E+01;0.4819636E+11
0.18162645585655E+11;-0.9001074E+01;0.4848427E+11
0.18182620305932E+11;-0.9001068E+01;0.4878346E+11
0.18201578756535E+11;-0.9001062E+01;0.4907047E+11
0.18219708302350E+11;-0.9001056E+01;0.4934760E+11
0.18238940640883E+11;-0.9001050E+01;0.4964525E+11
0.18258135952244E+11;-0.9001044E+01;0.4994709E+11
0.18277214157157E+11;-0.9001038E+01;0.5025325E+11
0.18295077167759E+11;-0.9001032E+01;0.5054443E+11
0.18313486933715E+11;-0.9001026E+01;0.5084615E+11
0.18331840361751E+11;-0.9001020E+01;0.5114857E+11
0.18350571631395E+11;-0.9001014E+01;0.5145856E+11
0.18368373693143E+11;-0.9001008E+01;0.5175282E+11
0.18385876925685E+11;-0.9001002E+01;0.5204326E+11
0.18404323163049E+11;-0.9000996E+01;0.5235222E+11
0.18422443547980E+11;-0.9000990E+01;0.5265864E+11
0.18439958540682E+11;-0.9000984E+01;0.5295713E+11
0.18456900401788E+11;-0.9000978E+01;0.5324851E+11
0.18475078825738E+11;-0.9000972E+01;0.5356516E+11
0.18492518385259E+11;-0.9000966E+01;0.5387404E+11
0.18509973519781E+11;-0.9000960E+01;0.5418967E+11
0.18526320957020E+11;-0.9000954E+01;0.5449192E+11
0.18544159545019E+11;-0.9000948E+01;0.5482722E+11
0.18561362343703E+11;-0.9000942E+01;0.5515300E+11
0.18578214976332E+11;-0.9000936E+01;0.5547178E+11
0.18594295449816E+11;-0.9000930E+01;0.5577632E+11
0.18611356089688E+11;-0.9000924E+01;0.5610413E+11
0.18628520657756E+11;-0.9000917E+01;0.5644092E+11
0.18645092569875E+11;-0.9000911E+01;0.5677059E+11
0.18660889184476E+11;-0.9000905E+01;0.5708702E+11
0.18677001333803E+11;-0.9000899E+01;0.5741450E+11
0.18693497426350E+11;-0.9000893E+01;0.5775802E+11
0.18709504507955E+11;-0.9000887E+01;0.5809928E+11
0.18725025984710E+11;-0.9000881E+01;0.5843779E+11
0.18740324093246E+11;-0.9000875E+01;0.5877881E+11
0.18756387079828E+11;-0.9000869E+01;0.5914378E+11
0.18772080982276E+11;-0.9000862E+01;0.5950379E+11
0.18787234833606E+11;-0.9000856E+01;0.5985115E+11
0.18802014336917E+11;-0.9000850E+01;0.6019251E+11
0.18817576136260E+11;-0.9000844E+01;0.6055916E+11
0.18832552090170E+11;-0.9000837E+01;0.6091802E+11
0.18847325004153E+11;-0.9000831E+01;0.6127432E+11
0.18861468030199E+11;-0.8999394E+01;0.6161638E+11
0.18876217304075E+11;-0.8996894E+01;0.6197842E+11
0.18890794105262E+11;-0.8993182E+01;0.6234576E+11
0.18905045849368E+11;-0.8988027E+01;0.6271084E+11
0.18918777672041E+11;-0.8982115E+01;0.6306419E+11
0.18933005281897E+11;-0.8979766E+01;0.6343241E+11
0.18946926067860E+11;-0.8976542E+01;0.6379627E+11
0.18960817933528E+11;-0.8970076E+01;0.6416013E+11
0.18974153107200E+11;-0.8966007E+01;0.6450596E+11
0.18987816592500E+11;-0.8962259E+01;0.6485724E+11
0.19001078419025E+11;-0.8958298E+01;0.6519748E+11
0.19014428208883E+11;-0.8954886E+01;0.6553994E+11
0.19027444647097E+11;-0.8949221E+01;0.6587255E+11
0.19040380777263E+11;-0.8946900E+01;0.6620138E+11
0.19053250429795E+11;-0.8945037E+01;0.6652757E+11
0.19065932110791E+11;-0.8938505E+01;0.6684910E+11
0.19078689962899E+11;-0.8936025E+01;0.6717230E+11
0.19091036730176E+11;-0.8932268E+01;0.6748267E+11
0.19103608037873E+11;-0.8928679E+01;0.6779659E+11
0.19115945747385E+11;-0.8927150E+01;0.6810261E+11
0.19128138331044E+11;-0.8922187E+01;0.6839859E+11
0.19140147068804E+11;-0.8920754E+01;0.6868221E+11
0.19152999618715E+11;-0.8917144E+01;0.6898084E+11
0.19164917502544E+11;-0.8913806E+01;0.6925728E+11
0.19176907293297E+11;-0.8912382E+01;0.6953486E+11
0.19188731648388E+11;-0.8908229E+01;0.6980669E+11
0.19200258952103E+11;-0.8907439E+01;0.7007115E+11
0.19212695979954E+11;-0.8903325E+01;0.7035848E+11
0.19224277850127E+11;-0.8901946E+01;0.7063122E+11
0.19235977007979E+11;-0.8899440E+01;0.7091428E+11
0.19247616147845E+11;-0.8895925E+01;0.7120150E+11
0.19258792200530E+11;-0.8893313E+01;0.7147981E+11
0.19270594982048E+11;-0.8890546E+01;0.7177770E+11
0.19281972536833E+11;-0.8888935E+01;0.7207283E+11
0.19293382939416E+11;-0.8885789E+01;0.7238163E+11
0.19304794105190E+11;-0.8881945E+01;0.7270674E+11
0.19315672230073E+11;-0.8878006E+01;0.7303177E+11
0.19326954877877E+11;-0.8876168E+01;0.7338568E+11
0.19338137183597E+11;-0.8873176E+01;0.7376092E+11
0.19349178548981E+11;-0.8868034E+01;0.7416350E+11
0.19360169797372E+11;-0.8862116E+01;0.7459759E+11
0.19370695430741E+11;-0.8853650E+01;0.7504228E+11
0.19381155774243E+11;-0.8845110E+01;0.7551547E+11
0.19391465788695E+11;-0.8838421E+01;0.7601816E+11
0.19401772750476E+11;-0.8830148E+01;0.7656099E+11
0.19411918709396E+11;-0.8822529E+01;0.7713933E+11
0.19421743202903E+11;-0.8814895E+01;0.7774538E+11
0.19431337947858E+11;-0.8804786E+01;0.7838648E+11
0.19440659936441E+11;-0.8797847E+01;0.7906287E+11
0.19450190193702E+11;-0.8791339E+01;0.7981907E+11
0.19459892431692E+11;-0.8783521E+01;0.8066789E+11
0.19468860456054E+11;-0.8776291E+01;0.8153303E+11
0.19477726996296E+11;-0.8766726E+01;0.8247585E+11
0.19486247671579E+11;-0.8759293E+01;0.8347665E+11
0.19495050907418E+11;-0.8746675E+01;0.8462603E+11
0.19503840595823E+11;-0.8728149E+01;0.8591599E+11
0.19511962933840E+11;-0.8707239E+01;0.8726187E+11
0.19519749028896E+11;-0.8688876E+01;0.8871973E+11
0.19527734100418E+11;-0.8673947E+01;0.9042502E+11
0.19535227956355E+11;-0.8649633E+01;0.9227422E+11
0.19537648623107E+11;-0.8641047E+01;0.9293489E+11
0.19541279623235E+11;-0.8626316E+01;0.9399376E+11
0.19546726123427E+11;-0.8601317E+01;0.9575804E+11
0.19553237058842E+11;-0.8569868E+01;0.9820879E+11
0.19555413226197E+11;-0.8559854E+01;0.9912929E+11
0.19558677477230E+11;-0.8545204E+01;0.1006245E+12
0.19563573853778E+11;-0.8522879E+01;0.1031756E+12
0.19565492876543E+11;-0.8511283E+01;0.1042969E+12
0.19568371410689E+11;-0.8490421E+01;0.1061337E+12
0.19572689211909E+11;-0.8454186E+01;0.1093127E+12
0.19577436780130E+11;-0.8406883E+01;0.1135848E+12
0.19581881658389E+11;-0.8359204E+01;0.1186381E+12
0.19583320840286E+11;-0.8343026E+01;0.1205719E+12
0.19585479613131E+11;-0.8317501E+01;0.1238292E+12
0.19588717772400E+11;-0.8274080E+01;0.1297632E+12
0.19589857261242E+11;-0.8256596E+01;0.1322441E+12
0.19591566494505E+11;-0.8226362E+01;0.1364721E+12
0.19594130344401E+11;-0.8165788E+01;0.1443411E+12
0.19596827642133E+11;-0.8088309E+01;0.1556741E+12
0.19597682400726E+11;-0.8060794E+01;0.1602638E+12
0.19598964538616E+11;-0.8015645E+01;0.1684864E+12
0.19600887745451E+11;-0.7933798E+01;0.1854187E+12
0.19601516254865E+11;-0.7901282E+01;0.1928159E+12
0.19602459018987E+11;-0.7844390E+01;0.2066776E+12
0.19602925687227E+11;-0.7811560E+01;0.2152525E+12
0.19603625689587E+11;-0.7754634E+01;0.2312738E+12
0.19604675693127E+11;-0.7631934E+01;0.2673826E+12
0.19605028054100E+11;-0.7573178E+01;0.2852552E+12
0.19605556595561E+11;-0.7465231E+01;0.3224558E+12
0.19605818223584E+11;-0.7399138E+01;0.3484419E+12
0.19606210665618E+11;-0.7274777E+01;0.4051078E+12
0.19606404924425E+11;-0.7196452E+01;0.4470053E+12
0.19606696312636E+11;-0.7043805E+01;0.5461569E+12
0.19606840549800E+11;-0.6942798E+01;0.6276312E+12
0.19607056905547E+11;-0.6729287E+01;0.8573429E+12
0.19607149264716E+11;-0.6594971E+01;0.1056913E+13
0.19607287803470E+11;-0.6267974E+01;0.1835672E+13
0.19607301409139E+11;-0.6218990E+01;0.2005031E+13
0.19607321817642E+11;-0.6134332E+01;0.2343402E+13
0.19607352430397E+11;-0.5969270E+01;0.3216061E+13
0.19607367012368E+11;-0.5864069E+01;0.3968688E+13
0.19607374096097E+11;-0.5802943E+01;0.4497899E+13
0.19607384721690E+11;-0.5692909E+01;0.5664353E+13
0.19607389981359E+11;-0.5626968E+01;0.6524222E+13
0.19607397870862E+11;-0.5506069E+01;0.8502436E+13
0.19607401776166E+11;-0.5431887E+01;0.1003683E+14
0.19607407634122E+11;-0.5291311E+01;0.1383141E+14
0.19607410533810E+11;-0.5201177E+01;0.1705310E+14
0.19607414883342E+11;-0.5018158E+01;0.2625980E+14
0.19607416366570E+11;-0.4933305E+01;0.3217261E+14
0.19607416885366E+11;-0.4899292E+01;0.3491574E+14
0.19607417663559E+11;-0.4842568E+01;0.4002209E+14
0.19607418830849E+11;-0.4740496E+01;0.5119639E+14
0.19607419408658E+11;-0.4679386E+01;0.5934693E+14
0.19607420275371E+11;-0.4567534E+01;0.7778676E+14
0.19607420704394E+11;-0.4499120E+01;0.9178339E+14
0.19607421347928E+11;-0.4370288E+01;0.1252792E+15
0.19607421666477E+11;-0.4288563E+01;0.1525422E+15
0.19607422144302E+11;-0.4126212E+01;0.2251965E+15
0.19607422326519E+11;-0.4043530E+01;0.2744403E+15
0.19607422400247E+11;-0.4004954E+01;0.3009125E+15
0.19607422510840E+11;-0.3939654E+01;0.3515417E+15
0.19607422676730E+11;-0.3818233E+01;0.4689679E+15
0.19607422758845E+11;-0.3742542E+01;0.5609577E+15
0.19607422882018E+11;-0.3596235E+01;0.7920880E+15
0.19607422937041E+11;-0.3510582E+01;0.9688884E+15
0.19607422963069E+11;-0.3463316E+01;0.1082675E+16
0.19607423002113E+11;-0.3381113E+01;0.1312974E+16
0.19607423060678E+11;-0.3218619E+01;0.1921143E+16
0.19607423085873E+11;-0.3124643E+01;0.2394013E+16
0.19607423096151E+11;-0.3079720E+01;0.2659767E+16
0.19607423111568E+11;-0.3002371E+01;0.3188307E+16
0.19607423134694E+11;-0.2853171E+01;0.4525259E+16
0.19607423144654E+11;-0.2769633E+01;0.5509346E+16
0.19607423149220E+11;-0.2725485E+01;0.6114686E+16
0.19607423156068E+11;-0.2650006E+01;0.7311084E+16
0.19607423166341E+11;-0.2506874E+01;0.1028349E+17
0.19607423171425E+11;-0.2415717E+01;0.1280663E+17
0.19607423173879E+11;-0.2364642E+01;0.1449594E+17
0.19607423177560E+11;-0.2276369E+01;0.1799232E+17
0.19607423183081E+11;-0.2106130E+01;0.2754629E+17
0.19607423184972E+11;-0.2032885E+01;0.3326982E+17
0.19607423187048E+11;-0.1940248E+01;0.4249996E+17
0.19607423187724E+11;-0.1906853E+01;0.4651623E+17
0.19607423188738E+11;-0.1853611E+01;0.5388378E+17
0.19607423190259E+11;-0.1766412E+01;0.6923012E+17
0.19607423190973E+11;-0.1718163E+01;0.7896817E+17
0.19607423192043E+11;-0.1623325E+01;0.9796652E+17
0.19607423192505E+11;-0.1579507E+01;0.1082307E+18
0.19607423193197E+11;-0.1509795E+01;0.1265562E+18
0.19607423193530E+11;-0.1475155E+01;0.1368143E+18
0.19607423194030E+11;-0.1421634E+01;0.1541492E+18
0.19607423194278E+11;-0.1392338E+01;0.1636465E+18
0.19607423194649E+11;-0.1348942E+01;0.1790748E+18
0.19607423195206E+11;-0.1286531E+01;0.2049187E+18
0.19607423195393E+11;-0.1266203E+01;0.2143322E+18
0.19607423195674E+11;-0.1236405E+01;0.2291571E+18
0.19607423196095E+11;-0.1191226E+01;0.2530444E+18
0.19607423196247E+11;-0.1175800E+01;0.2621726E+18
0.19607423196475E+11;-0.1152205E+01;0.2763854E+18
0.19607423196816E+11;-0.1116225E+01;0.2988786E+18
0.19607423196940E+11;-0.1102331E+01;0.3073649E+18
0.19607423197126E+11;-0.1082295E+01;0.3204202E+18
0.19607423197405E+11;-0.1054439E+01;0.3407420E+18
0.19607423197738E+11;-0.1022866E+01;0.3664817E+18
0.19607423198039E+11;-0.9951510E+00;0.3915181E+18
0.19607423198326E+11;-0.9694276E+00;0.4173546E+18
0.19607423198601E+11;-0.9452360E+00;0.4439980E+18
0.19607423198857E+11;-0.9210494E+00;0.4708195E+18
0.19607423199105E+11;-0.8987050E+00;0.4988162E+18
0.19607423199343E+11;-0.8780805E+00;0.5279043E+18
0.19607423199571E+11;-0.8587636E+00;0.5575288E+18
0.19607423199791E+11;-0.8400602E+00;0.5880865E+18
0.19607423200004E+11;-0.8223406E+00;0.6193268E+18
0.19607423200206E+11;-0.8046710E+00;0.6506287E+18
0.19607423200408E+11;-0.7864412E+00;0.6844924E+18
0.19607423200599E+11;-0.7703615E+00;0.7191765E+18
0.19607423200787E+11;-0.7541984E+00;0.7559668E+18
0.19607423200967E+11;-0.7393451E+00;0.7934136E+18
0.19607423201144E+11;-0.7245504E+00;0.8320731E+18
0.19607423201313E+11;-0.7110473E+00;0.8706938E+18
0.19607423201482E+11;-0.6950473E+00;0.9105571E+18
0.19607423201641E+11;-0.6814380E+00;0.9495095E+18
0.19607423201798E+11;-0.6682060E+00;0.9890707E+18
0.19607423201953E+11;-0.6560549E+00;0.1030058E+19
0.19607423202102E+11;-0.6433939E+00;0.1072238E+19
0.19607423202250E+11;-0.6324453E+00;0.1116724E+19
0.19607423202395E+11;-0.6189933E+00;0.1162377E+19
0.19607423202534E+11;-0.6070597E+00;0.1207473E+19
0.19607423202674E+11;-0.5957107E+00;0.1253327E+19
0.19607423202811E+11;-0.5853921E+00;0.1298739E+19
0.19607423202943E+11;-0.5744640E+00;0.1343831E+19
0.19607423203075E+11;-0.5647929E+00;0.1390883E+19
0.19607423203207E+11;-0.5537671E+00;0.1440735E+19
0.19607423203333E+11;-0.5433349E+00;0.1489866E+19
0.19607423203462E+11;-0.5333680E+00;0.1541914E+19
0.19607423203585E+11;-0.5244615E+00;0.1592014E+19
0.19607423203705E+11;-0.5150778E+00;0.1642573E+19
0.19607423203826E+11;-0.5069232E+00;0.1695182E+19
0.19607423203943E+11;-0.4972728E+00;0.1748412E+19
0.19607423204060E+11;-0.4882086E+00;0.1803262E+19
0.19607423204175E+11;-0.4799634E+00;0.1858103E+19
0.19607423204286E+11;-0.4720730E+00;0.1912466E+19
0.19607423204396E+11;-0.4642157E+00;0.1968092E+19
0.19607423204507E+11;-0.4562749E+00;0.2026199E+19
0.19607423204614E+11;-0.4488648E+00;0.2083122E+19
0.19607423204722E+11;-0.4408190E+00;0.2141340E+19
0.19607423204828E+11;-0.4337724E+00;0.2200514E+19
0.19607423204932E+11;-0.4262820E+00;0.2261072E+19
0.19607423205035E+11;-0.4202886E+00;0.2323472E+19
0.19607423205137E+11;-0.4124636E+00;0.2384592E+19
0.19607423205238E+11;-0.4056793E+00;0.2445581E+19
0.19607423205341E+11;-0.3993325E+00;0.2507515E+19
0.19607423205440E+11;-0.3932097E+00;0.2568018E+19
0.19607423205539E+11;-0.3867395E+00;0.2631333E+19
0.19607423205637E+11;-0.3797720E+00;0.2694968E+19
0.19607423205734E+11;-0.3740915E+00;0.2760448E+19
0.19607423205831E+11;-0.3682684E+00;0.2826564E+19
0.19607423205927E+11;-0.3638891E+00;0.2891678E+19
0.19607423206022E+11;-0.3565085E+00;0.2953715E+19
0.19607423206115E+11;-0.3506372E+00;0.3012982E+19
0.19607423206209E+11;-0.3451077E+00;0.3072216E+19
0.19607423206303E+11;-0.3404809E+00;0.3134525E+19
0.19607423206396E+11;-0.3347056E+00;0.3198875E+19
0.19607423206488E+11;-0.3307114E+00;0.3264546E+19
0.19607423206578E+11;-0.3244148E+00;0.3326895E+19
0.19607423206668E+11;-0.3199140E+00;0.3388396E+19
0.19607423206758E+11;-0.3159404E+00;0.3448641E+19
0.19607423206847E+11;-0.3098123E+00;0.3507807E+19
0.19607423206938E+11;-0.3053675E+00;0.3569241E+19
0.19607423207027E+11;-0.3019592E+00;0.3630829E+19
0.19607423207115E+11;-0.2959351E+00;0.3695091E+19
0.19607423207199E+11;-0.2922258E+00;0.3755747E+19
0.19607423207282E+11;-0.2876069E+00;0.3813319E+19
0.19607423207364E+11;-0.2835885E+00;0.3869145E+19
0.19607423207447E+11;-0.2793117E+00;0.3924674E+19
0.19607423207531E+11;-0.2758865E+00;0.3981743E+19
0.19607423207616E+11;-0.2719694E+00;0.4042064E+19
0.19607423207698E+11;-0.2674833E+00;0.4101712E+19
0.19607423207782E+11;-0.2639439E+00;0.4162400E+19
0.19607423207860E+11;-0.2598316E+00;0.4218155E+19
0.19607423207937E+11;-0.2569401E+00;0.4272668E+19
0.19607423208015E+11;-0.2531220E+00;0.4327548E+19
0.19607423208093E+11;-0.2493375E+00;0.4384507E+19
0.19607423208171E+11;-0.2463049E+00;0.4443614E+19
0.19607423208253E+11;-0.2426778E+00;0.4508062E+19
0.19607423208329E+11;-0.2397461E+00;0.4568561E+19
0.19607423208405E+11;-0.2364104E+00;0.4627193E+19
0.19607423208480E+11;-0.2328447E+00;0.4684246E+19
0.19607423208553E+11;-0.2305380E+00;0.4739241E+19
0.19607423208627E+11;-0.2266880E+00;0.4796767E+19
0.19607423208701E+11;-0.2244727E+00;0.4858269E+19
0.19607423208775E+11;-0.2216006E+00;0.4921544E+19
0.19607423208847E+11;-0.2182297E+00;0.4983108E+19
0.19607423208922E+11;-0.2149771E+00;0.5044875E+19
0.19607423208991E+11;-0.2125104E+00;0.5101260E+19
0.19607423209064E+11;-0.2099557E+00;0.5159718E+19
0.19607423209135E+11;-0.2071919E+00;0.5218470E+19
0.19607423209205E+11;-0.2044708E+00;0.5279456E+19
0.19607423209276E+11;-0.2016016E+00;0.5343688E+19
0.19607423209347E+11;-0.1988569E+00;0.5408823E+19
0.19607423209415E+11;-0.1965690E+00;0.5470445E+19
0.19607423209487E+11;-0.1944197E+00;0.5534016E+19
0.19607423209554E+11;-0.1919220E+00;0.5591706E+19
0.19607423209620E+11;-0.1888434E+00;0.5649761E+19
0.19607423209688E+11;-0.1857491E+00;0.5711472E+19
0.19607423209756E+11;-0.1833015E+00;0.5776767E+19
0.19607423209823E+11;-0.1806308E+00;0.5843702E+19
0.19607423209889E+11;-0.1780081E+00;0.5909092E+19
0.19607423209958E+11;-0.1753010E+00;0.5975482E+19
0.19607423210022E+11;-0.1731588E+00;0.6035279E+19
0.19607423210088E+11;-0.1708513E+00;0.6096730E+19
0.19607423210153E+11;-0.1680160E+00;0.6158176E+19
0.19607423210217E+11;-0.1659106E+00;0.6222843E+19
0.19607423210281E+11;-0.1634522E+00;0.6291439E+19
0.19607423210346E+11;-0.1608315E+00;0.6361745E+19
0.19607423210410E+11;-0.1584361E+00;0.6429478E+19
0.19607423210474E+11;-0.1562679E+00;0.6494710E+19
0.19607423210536E+11;-0.1534934E+00;0.6556860E+19
0.19607423210598E+11;-0.1511985E+00;0.6619667E+19
0.19607423210661E+11;-0.1498880E+00;0.6686389E+19
0.19607423210724E+11;-0.1469146E+00;0.6756621E+19
0.19607423210787E+11;-0.1451031E+00;0.6829767E+19
0.19607423210848E+11;-0.1429632E+00;0.6901082E+19
0.19607423210911E+11;-0.1404345E+00;0.6971690E+19
0.19607423210970E+11;-0.1381018E+00;0.7035109E+19
0.19607423211030E+11;-0.1362273E+00;0.7097075E+19
0.19607423211089E+11;-0.1345055E+00;0.7158598E+19
0.19607423211149E+11;-0.1319575E+00;0.7220646E+19
0.19607423211209E+11;-0.1308351E+00;0.7284742E+19
0.19607423211268E+11;-0.1283395E+00;0.7349965E+19
0.19607423211327E+11;-0.1269225E+00;0.7414601E+19
0.19607423211386E+11;-0.1250206E+00;0.7475228E+19
0.19607423211444E+11;-0.1236439E+00;0.7532476E+19
0.19607423211501E+11;-0.1216760E+00;0.7588475E+19
0.19607423211559E+11;-0.1208949E+00;0.7644426E+19
0.19607423211618E+11;-0.1183639E+00;0.7700792E+19
0.19607423211676E+11;-0.1177398E+00;0.7756469E+19
0.19607423211734E+11;-0.1153939E+00;0.7810392E+19
0.19607423211792E+11;-0.1143713E+00;0.7859266E+19
0.19607423211850E+11;-0.1130695E+00;0.7901892E+19
0.19607423211908E+11;-0.1116707E+00;0.7939007E+19
0.19607423211965E+11;-0.1099021E+00;0.7972843E+19
0.19607423212022E+11;-0.1086342E+00;0.8004595E+19
0.19607423212079E+11;-0.1061007E+00;0.8036069E+19
0.19607423212135E+11;-0.1026728E+00;0.8068081E+19
0.19607423212192E+11;-0.1007124E+00;0.8099562E+19
0.19607423212249E+11;-0.9763011E-01;0.8129608E+19
0.19607423212305E+11;-0.9575011E-01;0.8156616E+19
0.19607423212361E+11;-0.9434654E-01;0.8180432E+19
0.19607423212417E+11;-0.9268182E-01;0.8200695E+19
0.19607423212472E+11;-0.9101413E-01;0.8218091E+19
0.19607423212527E+11;-0.8767272E-01;0.8233598E+19
0.19607423212581E+11;-0.8581268E-01;0.8247071E+19
0.19607423212636E+11;-0.8302050E-01;0.8258079E+19
0.19607423212690E+11;-0.8103353E-01;0.8266273E+19
0.19607423212743E+11;-0.7996584E-01;0.8272645E+19
0.19607423212796E+11;-0.7803422E-01;0.8277717E+19
0.19607423212850E+11;-0.7721100E-01;0.8281664E+19
0.19607423212902E+11;-0.7404829E-01;0.8284858E+19
0.19607423212954E+11;-0.7220596E-01;0.8287961E+19
0.19607423213006E+11;-0.6981179E-01;0.8290293E+19
0.19607423213058E+11;-0.6761763E-01;0.8290367E+19
0.19607423213109E+11;-0.6663504E-01;0.8288067E+19
0.19607423213160E+11;-0.6473888E-01;0.8283843E+19
0.19607423213211E+11;-0.6360377E-01;0.8277949E+19
0.19607423213262E+11;-0.6175756E-01;0.8271261E+19
0.19607423213311E+11;-0.5981830E-01;0.8264419E+19
0.19607423213361E+11;-0.5802773E-01;0.8257128E+19
0.19607423213411E+11;-0.5549207E-01;0.8248358E+19
0.19607423213460E+11;-0.5421540E-01;0.8237842E+19
0.19607423213509E+11;-0.5283517E-01;0.8226276E+19
0.19607423213558E+11;-0.5127015E-01;0.8214332E+19
0.19607423213607E+11;-0.5074441E-01;0.8202054E+19
0.19607423213655E+11;-0.4859140E-01;0.8190693E+19
0.19607423213703E+11;-0.4753824E-01;0.8180199E+19
0.19607423213751E+11;-0.4456451E-01;0.8169793E+19
0.19607423213799E+11;-0.4293121E-01;0.8158543E+19
0.19607423213846E+11;-0.4228690E-01;0.8146067E+19
0.19607423213893E+11;-0.4016763E-01;0.8132852E+19
0.19607423213939E+11;-0.3918549E-01;0.8119823E+19
0.19607423213986E+11;-0.3825018E-01;0.8107934E+19
0.19607423214032E+11;-0.3709635E-01;0.8097065E+19
0.19607423214078E+11;-0.3497366E-01;0.8087119E+19
0.19607423214124E+11;-0.3281546E-01;0.8076949E+19
0.19607423214170E+11;-0.3183247E-01;0.8065822E+19
0.19607423214215E+11;-0.3037596E-01;0.8053857E+19
0.19607423214260E+11;-0.2877536E-01;0.8041742E+19
0.19607423214305E+11;-0.2828002E-01;0.8030246E+19
0.19607423214350E+11;-0.2680029E-01;0.8019556E+19
0.19607423214396E+11;-0.2594966E-01;0.8009443E+19
0.19607423214441E+11;-0.2376200E-01;0.8000529E+19
0.19607423214485E+11;-0.2224078E-01;0.7991717E+19
0.19607423214530E+11;-0.2180609E-01;0.7982226E+19
0.19607423214573E+11;-0.1949614E-01;0.7971852E+19
0.19607423214617E+11;-0.1834164E-01;0.7961337E+19
0.19607423214661E+11;-0.1775379E-01;0.7951540E+19
0.19607423214704E+11;-0.1617576E-01;0.7942609E+19
0.19607423214748E+11;-0.1563945E-01;0.7934584E+19
0.19607423214791E+11;-0.1365025E-01;0.7927279E+19
0.19607423214834E+11;-0.1267963E-01;0.7919707E+19
0.19607423214877E+11;-0.1139510E-01;0.7911146E+19
0.19607423214920E+11;-0.9509448E-02;0.7902270E+19
0.19607423214962E+11;-0.8727438E-02;0.7893465E+19
0.19607423215004E+11;-0.7638462E-02;0.7884764E+19
0.19607423215047E+11;-0.6275271E-02;0.7876239E+19
0.19607423215089E+11;-0.5984776E-02;0.7868740E+19
0.19607423215131E+11;-0.4392149E-02;0.7861859E+19
0.19607423215173E+11;-0.3950032E-02;0.7854940E+19
0.19607423215215E+11;-0.1769972E-02;0.7847398E+19
0.19607423215256E+11;-0.2078742E-03;0.7839329E+19
0.19607423215297E+11;0.2331727E-03;0.7830720E+19
0.19607423215338E+11;0.1852663E-02;0.7822029E+19
0.19607423215380E+11;0.3054627E-02;0.7813732E+19
0.19607423215421E+11;0.3549838E-02;0.7806972E+19
0.19607423215462E+11;0.5000699E-02;0.7801048E+19
0.19607423215502E+11;0.5434721E-02;0.7795389E+19
0.19607423215543E+11;0.7285249E-02;0.7789056E+19
0.19607423215583E+11;0.8569376E-02;0.7781873E+19
0.19607423215623E+11;0.8778088E-02;0.7774157E+19
0.19607423215662E+11;0.1087600E-01;0.7766701E+19
0.19607423215704E+11;0.1194603E-01;0.7760094E+19
0.19607423215743E+11;0.1264270E-01;0.7755265E+19
0.19607423215784E+11;0.1407165E-01;0.7751141E+19
0.19607423215823E+11;0.1450412E-01;0.7747026E+19
0.19607423215862E+11;0.1591639E-01;0.7742292E+19
0.19607423215901E+11;0.1694809E-01;0.7736817E+19
0.19607423215940E+11;0.1758104E-01;0.7730917E+19
0.19607423215979E+11;0.1955802E-01;0.7725489E+19
0.19607423216018E+11;0.2050479E-01;0.7721112E+19
0.19607423216057E+11;0.2134399E-01;0.7718117E+19
0.19607423216096E+11;0.2281407E-01;0.7715807E+19
0.19607423216135E+11;0.2322981E-01;0.7713670E+19
0.19607423216173E+11;0.2473269E-01;0.7711052E+19
0.19607423216211E+11;0.2537318E-01;0.7707575E+19
0.19607423216249E+11;0.2649198E-01;0.7703659E+19
0.19607423216286E+11;0.2795550E-01;0.7700300E+19
0.19607423216324E+11;0.2884422E-01;0.7698030E+19
0.19607423216362E+11;0.2978980E-01;0.7697001E+19
0.19607423216401E+11;0.3133676E-01;0.7696817E+19
0.19607423216438E+11;0.3180114E-01;0.7696736E+19
0.19607423216476E+11;0.3336304E-01;0.7696002E+19
0.19607423216513E+11;0.3405331E-01;0.7694500E+19
0.19607423216550E+11;0.3527108E-01;0.7692849E+19
0.19607423216586E+11;0.3618954E-01;0.7691726E+19
0.19607423216623E+11;0.3704288E-01;0.7691480E+19
0.19607423216660E+11;0.3806498E-01;0.7692315E+19
0.19607423216697E+11;0.3971544E-01;0.7693959E+19
0.19607423216734E+11;0.4027700E-01;0.7695573E+19
0.19607423216771E+11;0.4182925E-01;0.7696846E+19
0.19607423216807E+11;0.4270410E-01;0.7697698E+19
0.19607423216843E+11;0.4389075E-01;0.7698380E+19
0.19607423216879E+11;0.4472745E-01;0.7699218E+19
0.19607423216915E+11;0.4564937E-01;0.7700655E+19
0.19607423216951E+11;0.4649782E-01;0.7703121E+19
0.19607423216987E+11;0.4803282E-01;0.7706453E+19
0.19607423217023E+11;0.4870754E-01;0.7710002E+19
0.19607423217059E+11;0.5021361E-01;0.7713466E+19
0.19607423217095E+11;0.5129852E-01;0.7716520E+19
0.19607423217130E+11;0.5241922E-01;0.7719187E+19
0.19607423217165E+11;0.5336429E-01;0.7721678E+19
0.19607423217200E+11;0.5443718E-01;0.7724700E+19
0.19607423217235E+11;0.5530495E-01;0.7728836E+19
0.19607423217271E+11;0.5636259E-01;0.7733947E+19
0.19607423217306E+11;0.5716819E-01;0.7739339E+19
0.19607423217341E+11;0.5858012E-01;0.7744623E+19
0.19607423217376E+11;0.5990620E-01;0.7749517E+19
0.19607423217410E+11;0.6089026E-01;0.7753841E+19
0.19607423217444E+11;0.6213129E-01;0.7757990E+19
0.19607423217478E+11;0.6316790E-01;0.7762758E+19
0.19607423217512E+11;0.6412548E-01;0.7768591E+19
0.19607423217547E+11;0.6500118E-01;0.7775234E+19
0.19607423217582E+11;0.6572511E-01;0.7782118E+19
0.19607423217615E+11;0.6697897E-01;0.7788901E+19
0.19607423217650E+11;0.6858929E-01;0.7795567E+19
0.19607423217684E+11;0.6937619E-01;0.7801704E+19
0.19607423217717E+11;0.7094625E-01;0.7807877E+19
0.19607423217750E+11;0.7191760E-01;0.7814443E+19
0.19607423217783E+11;0.7300483E-01;0.7821571E+19
0.19607423217817E+11;0.7403387E-01;0.7829450E+19
0.19607423217851E+11;0.7470833E-01;0.7837792E+19
0.19607423217884E+11;0.7551058E-01;0.7846187E+19
0.19607423217918E+11;0.7741910E-01;0.7854900E+19
0.19607423217951E+11;0.7818582E-01;0.7862997E+19
0.19607423217984E+11;0.7989909E-01;0.7871065E+19
0.19607423218016E+11;0.8084956E-01;0.7879072E+19
0.19607423218049E+11;0.8221643E-01;0.7887364E+19
0.19607423218081E+11;0.8327837E-01;0.7896548E+19
0.19607423218115E+11;0.8421794E-01;0.7906555E+19
0.19607423218147E+11;0.8442819E-01;0.7916557E+19
0.19607423218180E+11;0.8650188E-01;0.7926814E+19
0.19607423218212E+11;0.8753153E-01;0.7936459E+19
0.19607423218245E+11;0.8907700E-01;0.7946058E+19
0.19607423218276E+11;0.9035448E-01;0.7955292E+19
0.19607423218307E+11;0.9160527E-01;0.7964966E+19
0.19607423218339E+11;0.9268847E-01;0.7975624E+19
0.19607423218372E+11;0.9388184E-01;0.7987426E+19
0.19607423218403E+11;0.9455398E-01;0.7998772E+19
0.19607423218435E+11;0.9590914E-01;0.8010242E+19
0.19607423218467E+11;0.9720640E-01;0.8021458E+19
0.19607423218498E+11;0.9850585E-01;0.8032571E+19
0.19607423218529E+11;0.1001441E+00;0.8043561E+19
0.19607423218560E+11;0.1012410E+00;0.8055020E+19
0.19607423218590E+11;0.1026220E+00;0.8067011E+19
0.19607423218622E+11;0.1038643E+00;0.8080020E+19
0.19607423218653E+11;0.1048835E+00;0.8092551E+19
0.19607423218684E+11;0.1057229E+00;0.8105269E+19
0.19607423218714E+11;0.1072931E+00;0.8118056E+19
0.19607423218745E+11;0.1082821E+00;0.8130663E+19
0.19607423218775E+11;0.1103272E+00;0.8143330E+19
0.19607423218805E+11;0.1113226E+00;0.8156236E+19
0.19607423218835E+11;0.1130373E+00;0.8169467E+19
0.19607423218865E+11;0.1142417E+00;0.8183250E+19
0.19607423218895E+11;0.1155049E+00;0.8197323E+19
0.19607423218925E+11;0.1162827E+00;0.8211514E+19
0.19607423218955E+11;0.1179012E+00;0.8225829E+19
0.19607423218984E+11;0.1185391E+00;0.8239773E+19
0.19607423219014E+11;0.1210479E+00;0.8254341E+19
0.19607423219043E+11;0.1224307E+00;0.8268630E+19
0.19607423219072E+11;0.1239097E+00;0.8283295E+19
0.19607423219101E+11;0.1252774E+00;0.8298236E+19
0.19607423219130E+11;0.1267062E+00;0.8313782E+19
0.19607423219159E+11;0.1278753E+00;0.8329060E+19
0.19607423219189E+11;0.1291970E+00;0.8344730E+19
0.19607423219217E+11;0.1300421E+00;0.8360130E+19
0.19607423219246E+11;0.1323993E+00;0.8376155E+19
0.19607423219274E+11;0.1341938E+00;0.8391956E+19
0.19607423219302E+11;0.1354254E+00;0.8408122E+19
0.19607423219330E+11;0.1372779E+00;0.8424259E+19
0.19607423219359E+11;0.1386530E+00;0.8441206E+19
0.19607423219387E+11;0.1400458E+00;0.8457999E+19
0.19607423219416E+11;0.1413771E+00;0.8475770E+19
0.19607423219444E+11;0.1423786E+00;0.8492888E+19
0.19607423219471E+11;0.1447311E+00;0.8510082E+19
0.19607423219499E+11;0.1469041E+00;0.8527268E+19
0.19607423219526E+11;0.1478947E+00;0.8544691E+19
0.19607423219553E+11;0.1502152E+00;0.8562198E+19
0.19607423219580E+11;0.1515150E+00;0.8580274E+19
0.19607423219607E+11;0.1532913E+00;0.8598691E+19
0.19607423219636E+11;0.1547332E+00;0.8618467E+19
0.19607423219663E+11;0.1556397E+00;0.8637325E+19
0.19607423219690E+11;0.1583302E+00;0.8656095E+19
0.19607423219716E+11;0.1608226E+00;0.8674975E+19
0.19607423219742E+11;0.1620862E+00;0.8693563E+19
0.19607423219768E+11;0.1643927E+00;0.8712271E+19
0.19607423219794E+11;0.1661804E+00;0.8731438E+19
0.19607423219820E+11;0.1679103E+00;0.8751491E+19
0.19607423219848E+11;0.1696494E+00;0.8773449E+19
0.19607423219874E+11;0.1707336E+00;0.8794492E+19
0.19607423219900E+11;0.1735395E+00;0.8815145E+19
0.19607423219926E+11;0.1763114E+00;0.8836096E+19
0.19607423219951E+11;0.1777723E+00;0.8856200E+19
0.19607423219976E+11;0.1803933E+00;0.8876562E+19
0.19607423220001E+11;0.1826210E+00;0.8897226E+19
0.19607423220026E+11;0.1844729E+00;0.8919208E+19
0.19607423220054E+11;0.1865917E+00;0.8944124E+19
0.19607423220079E+11;0.1883506E+00;0.8967579E+19
0.19607423220103E+11;0.1909811E+00;0.8990789E+19
0.19607423220129E+11;0.1938868E+00;0.9014895E+19
0.19607423220153E+11;0.1955490E+00;0.9037123E+19
0.19607423220177E+11;0.1991977E+00;0.9059790E+19
0.19607423220201E+11;0.2017090E+00;0.9082324E+19
0.19607423220225E+11;0.2041357E+00;0.9105574E+19
0.19607423220251E+11;0.2067718E+00;0.9131741E+19
0.19607423220274E+11;0.2091289E+00;0.9156333E+19
0.19607423220298E+11;0.2106073E+00;0.9181530E+19
0.19607423220322E+11;0.2132398E+00;0.9207279E+19
0.19607423220345E+11;0.2173040E+00;0.9231087E+19
0.19607423220368E+11;0.2211425E+00;0.9255156E+19
0.19607423220391E+11;0.2238989E+00;0.9278345E+19
0.19607423220413E+11;0.2277305E+00;0.9301654E+19
0.19607423220437E+11;0.2311445E+00;0.9326808E+19
0.19607423220459E+11;0.2339835E+00;0.9350921E+19
0.19607423220482E+11;0.2353030E+00;0.9376639E+19
0.19607423220504E+11;0.2367128E+00;0.9401834E+19
0.19607423220526E+11;0.2412905E+00;0.9426041E+19
0.19607423220548E+11;0.2454419E+00;0.9450278E+19
0.19607423220569E+11;0.2502370E+00;0.9473543E+19
0.19607423220590E+11;0.2545909E+00;0.9496457E+19
0.19607423220611E+11;0.2585911E+00;0.9519921E+19
0.19607423220632E+11;0.2614040E+00;0.9543503E+19
0.19607423220640E+11;0.2620060E+00;0.9551891E+19
0.19607423220651E+11;0.2623437E+00;0.9564467E+19
0.19607423220669E+11;0.2610380E+00;0.9583290E+19
0.19607423220689E+11;0.2644107E+00;0.9605941E+19
0.19607423220710E+11;0.2701301E+00;0.9628251E+19
0.19607423220729E+11;0.2758097E+00;0.9650056E+19
0.19607423220749E+11;0.2804483E+00;0.9671805E+19
0.19607423220769E+11;0.2841508E+00;0.9694621E+19
0.19607423220791E+11;0.2864593E+00;0.9718369E+19
0.19607423220811E+11;0.2861309E+00;0.9740391E+19
0.19607423220830E+11;0.2819201E+00;0.9760579E+19
0.19607423220850E+11;0.2888232E+00;0.9780584E+19
0.19607423220869E+11;0.2944606E+00;0.9799034E+19
0.19607423220887E+11;0.2989298E+00;0.9817165E+19
0.19607423220906E+11;0.3023600E+00;0.9836227E+19
0.19607423220927E+11;0.3042448E+00;0.9857676E+19
0.19607423220947E+11;0.3030529E+00;0.9877076E+19
0.19607423220965E+11;0.2975818E+00;0.9895768E+19
0.19607423220984E+11;0.3009147E+00;0.9913711E+19
0.19607423221002E+11;0.3059537E+00;0.9930554E+19
0.19607423221019E+11;0.3096813E+00;0.9946514E+19
0.19607423221038E+11;0.3120536E+00;0.9962885E+19
0.19607423221058E+11;0.3118968E+00;0.9979441E+19
0.19607423221076E+11;0.3077808E+00;0.9994206E+19
0.19607423221095E+11;0.2987504E+00;0.1000876E+20
0.19607423221113E+11;0.3038917E+00;0.1002200E+20
0.19607423221130E+11;0.3075968E+00;0.1003493E+20
0.19607423221148E+11;0.3096851E+00;0.1004844E+20
0.19607423221168E+11;0.3088752E+00;0.1006336E+20
0.19607423221186E+11;0.3035740E+00;0.1007691E+20
0.19607423221205E+11;0.2929126E+00;0.1008988E+20
0.19607423221223E+11;0.2926218E+00;0.1010149E+20
0.19607423221240E+11;0.2957051E+00;0.1011219E+20
0.19607423221259E+11;0.2965822E+00;0.1012281E+20
0.19607423221279E+11;0.2933276E+00;0.1013348E+20
0.19607423221298E+11;0.2847227E+00;0.1014284E+20
0.19607423221317E+11;0.2716140E+00;0.1015148E+20
0.19607423221335E+11;0.2724521E+00;0.1015985E+20
0.19607423221353E+11;0.2744990E+00;0.1016867E+20
0.19607423221373E+11;0.2732520E+00;0.1017869E+20
0.19607423221394E+11;0.2663214E+00;0.1018916E+20
0.19607423221415E+11;0.2539822E+00;0.1019865E+20
0.19607423221434E+11;0.2430000E+00;0.1020715E+20
0.19607423221453E+11;0.2467571E+00;0.1021489E+20
0.19607423221474E+11;0.2486344E+00;0.1022253E+20
0.19607423221497E+11;0.2467913E+00;0.1023039E+20
0.19607423221520E+11;0.2386850E+00;0.1023779E+20
0.19607423221542E+11;0.2250318E+00;0.1024493E+20
0.19607423221563E+11;0.2170685E+00;0.1025248E+20
0.19607423221583E+11;0.2212548E+00;0.1026091E+20
0.19607423221606E+11;0.2240952E+00;0.1027069E+20
0.19607423221631E+11;0.2245015E+00;0.1028135E+20
0.19607423221640E+11;0.2235584E+00;0.1028487E+20
0.19607423221654E+11;0.2206204E+00;0.1028963E+20
0.19607423221675E+11;0.2120985E+00;0.1029568E+20
0.19607423221699E+11;0.1970907E+00;0.1030167E+20
0.19607423221721E+11;0.1987295E+00;0.1030764E+20
0.19607423221742E+11;0.2027483E+00;0.1031492E+20
0.19607423221767E+11;0.2054630E+00;0.1032444E+20
0.19607423221794E+11;0.2056807E+00;0.1033624E+20
0.19607423221805E+11;0.2045250E+00;0.1034062E+20
0.19607423221821E+11;0.2009409E+00;0.1034663E+20
0.19607423221845E+11;0.1905679E+00;0.1035406E+20
0.19607423221869E+11;0.1805256E+00;0.1036025E+20
0.19607423221892E+11;0.1856222E+00;0.1036591E+20
0.19607423221915E+11;0.1893788E+00;0.1037280E+20
0.19607423221941E+11;0.1916803E+00;0.1038212E+20
0.19607423221971E+11;0.1908004E+00;0.1039417E+20
0.19607423222002E+11;0.1825715E+00;0.1040600E+20
0.19607423222012E+11;0.1780536E+00;0.1040906E+20
0.19607423222026E+11;0.1696306E+00;0.1041310E+20
0.19607423222048E+11;0.1714463E+00;0.1041840E+20
0.19607423222072E+11;0.1761067E+00;0.1042411E+20
0.19607423222097E+11;0.1794331E+00;0.1043121E+20
0.19607423222124E+11;0.1809034E+00;0.1044094E+20
0.19607423222155E+11;0.1780320E+00;0.1045272E+20
0.19607423222186E+11;0.1671635E+00;0.1046361E+20
0.19607423222195E+11;0.1620961E+00;0.1046640E+20
0.19607423222209E+11;0.1591615E+00;0.1047014E+20
0.19607423222230E+11;0.1641129E+00;0.1047510E+20
0.19607423222254E+11;0.1684398E+00;0.1048086E+20
0.19607423222281E+11;0.1713337E+00;0.1048805E+20
0.19607423222309E+11;0.1718430E+00;0.1049772E+20
0.19607423222339E+11;0.1673834E+00;0.1050860E+20
0.19607423222369E+11;0.1548600E+00;0.1051879E+20
0.19607423222378E+11;0.1496938E+00;0.1052140E+20
0.19607423222392E+11;0.1532751E+00;0.1052496E+20
0.19607423222412E+11;0.1577443E+00;0.1052975E+20
0.19607423222437E+11;0.1618750E+00;0.1053564E+20
0.19607423222465E+11;0.1644416E+00;0.1054282E+20
0.19607423222493E+11;0.1643050E+00;0.1055166E+20
0.19607423222522E+11;0.1591236E+00;0.1056156E+20
0.19607423222551E+11;0.1463064E+00;0.1057104E+20
0.19607423222579E+11;0.1487939E+00;0.1057837E+20
0.19607423222604E+11;0.1536769E+00;0.1058421E+20
0.19607423222630E+11;0.1571579E+00;0.1059040E+20
0.19607423222657E+11;0.1587562E+00;0.1059775E+20
0.19607423222685E+11;0.1570411E+00;0.1060642E+20
0.19607423222714E+11;0.1494190E+00;0.1061559E+20
0.19607423222724E+11;0.1451753E+00;0.1061854E+20
0.19607423222738E+11;0.1379475E+00;0.1062269E+20
0.19607423222760E+11;0.1434952E+00;0.1062829E+20
0.19607423222786E+11;0.1484771E+00;0.1063422E+20
0.19607423222812E+11;0.1519695E+00;0.1064037E+20
0.19607423222839E+11;0.1536243E+00;0.1064744E+20
0.19607423222867E+11;0.1521911E+00;0.1065557E+20
0.19607423222895E+11;0.1453068E+00;0.1066419E+20
0.19607423222924E+11;0.1340074E+00;0.1067220E+20
0.19607423222951E+11;0.1405540E+00;0.1067864E+20
0.19607423222977E+11;0.1451269E+00;0.1068427E+20
0.19607423223004E+11;0.1482085E+00;0.1069040E+20
0.19607423223031E+11;0.1492732E+00;0.1069753E+20
0.19607423223059E+11;0.1468700E+00;0.1070560E+20
0.19607423223087E+11;0.1386400E+00;0.1071389E+20
0.19607423223116E+11;0.1317540E+00;0.1072141E+20
0.19607423223142E+11;0.1378312E+00;0.1072734E+20
0.19607423223169E+11;0.1421264E+00;0.1073270E+20
0.19607423223196E+11;0.1448568E+00;0.1073863E+20
0.19607423223223E+11;0.1454036E+00;0.1074564E+20
0.19607423223251E+11;0.1421342E+00;0.1075361E+20
0.19607423223279E+11;0.1342746E+00;0.1076167E+20
0.19607423223308E+11;0.1297746E+00;0.1076891E+20
0.19607423223335E+11;0.1354759E+00;0.1077454E+20
0.19607423223362E+11;0.1395087E+00;0.1077974E+20
0.19607423223389E+11;0.1419047E+00;0.1078544E+20
0.19607423223416E+11;0.1419468E+00;0.1079219E+20
0.19607423223444E+11;0.1378334E+00;0.1079992E+20
0.19607423223473E+11;0.1313195E+00;0.1080774E+20
0.19607423223502E+11;0.1279583E+00;0.1081465E+20
0.19607423223528E+11;0.1333701E+00;0.1082010E+20
0.19607423223555E+11;0.1371759E+00;0.1082524E+20
0.19607423223582E+11;0.1392810E+00;0.1083081E+20
0.19607423223610E+11;0.1388692E+00;0.1083729E+20
0.19607423223638E+11;0.1344390E+00;0.1084462E+20
0.19607423223666E+11;0.1293221E+00;0.1085204E+20
0.19607423223695E+11;0.1262241E+00;0.1085865E+20
0.19607423223722E+11;0.1314348E+00;0.1086401E+20
0.19607423223749E+11;0.1350624E+00;0.1086913E+20
0.19607423223776E+11;0.1369416E+00;0.1087464E+20
0.19607423223804E+11;0.1361722E+00;0.1088093E+20
0.19607423223832E+11;0.1319595E+00;0.1088788E+20
0.19607423223860E+11;0.1277167E+00;0.1089484E+20
0.19607423223889E+11;0.1245968E+00;0.1090112E+20
0.19607423223915E+11;0.1296677E+00;0.1090637E+20
0.19607423223943E+11;0.1331627E+00;0.1091147E+20
0.19607423223970E+11;0.1348687E+00;0.1091699E+20
0.19607423223998E+11;0.1338239E+00;0.1092318E+20
0.19607423224026E+11;0.1299619E+00;0.1092983E+20
0.19607423224054E+11;0.1263477E+00;0.1093636E+20
0.19607423224083E+11;0.1231044E+00;0.1094228E+20
0.19607423224110E+11;0.1280742E+00;0.1094736E+20
0.19607423224137E+11;0.1314683E+00;0.1095241E+20
0.19607423224164E+11;0.1330401E+00;0.1095792E+20
0.19607423224192E+11;0.1317817E+00;0.1096407E+20
0.19607423224220E+11;0.1282514E+00;0.1097055E+20
0.19607423224249E+11;0.1251666E+00;0.1097676E+20
0.19607423224277E+11;0.1218111E+00;0.1098233E+20
0.19607423224304E+11;0.1266570E+00;0.1098716E+20
0.19607423224332E+11;0.1299699E+00;0.1099209E+20
0.19607423224359E+11;0.1314323E+00;0.1099756E+20
0.19607423224387E+11;0.1300162E+00;0.1100369E+20
0.19607423224415E+11;0.1269690E+00;0.1101010E+20
0.19607423224444E+11;0.1241322E+00;0.1101610E+20
0.19607423224472E+11;0.1210900E+00;0.1102138E+20
0.19607423224499E+11;0.1254176E+00;0.1102595E+20
0.19607423224527E+11;0.1286579E+00;0.1103070E+20
0.19607423224555E+11;0.1300213E+00;0.1103607E+20
0.19607423224583E+11;0.1285141E+00;0.1104216E+20
0.19607423224611E+11;0.1258408E+00;0.1104853E+20
0.19607423224639E+11;0.1232121E+00;0.1105442E+20
0.19607423224668E+11;0.1204246E+00;0.1105952E+20
0.19607423224695E+11;0.1243540E+00;0.1106384E+20
0.19607423224723E+11;0.1275216E+00;0.1106837E+20
0.19607423224751E+11;0.1287840E+00;0.1107359E+20
0.19607423224779E+11;0.1272216E+00;0.1107960E+20
0.19607423224807E+11;0.1248408E+00;0.1108593E+20
0.19607423224835E+11;0.1223823E+00;0.1109178E+20
0.19607423224864E+11;0.1198136E+00;0.1109675E+20
0.19607423224892E+11;0.1234486E+00;0.1110087E+20
0.19607423224920E+11;0.1265416E+00;0.1110519E+20
0.19607423224947E+11;0.1276989E+00;0.1111024E+20
0.19607423224975E+11;0.1261358E+00;0.1111612E+20
0.19607423225004E+11;0.1239540E+00;0.1112239E+20
0.19607423225032E+11;0.1216348E+00;0.1112822E+20
0.19607423225061E+11;0.1192788E+00;0.1113309E+20
0.19607423225089E+11;0.1226628E+00;0.1113708E+20
0.19607423225116E+11;0.1256880E+00;0.1114121E+20
0.19607423225144E+11;0.1267483E+00;0.1114607E+20
0.19607423225173E+11;0.1251829E+00;0.1115180E+20
0.19607423225201E+11;0.1231796E+00;0.1115797E+20
0.19607423225229E+11;0.1209807E+00;0.1116376E+20
0.19607423225258E+11;0.1188095E+00;0.1116859E+20
0.19607423225286E+11;0.1219879E+00;0.1117250E+20
0.19607423225314E+11;0.1249493E+00;0.1117648E+20
0.19607423225342E+11;0.1259170E+00;0.1118117E+20
0.19607423225370E+11;0.1243460E+00;0.1118673E+20
0.19607423225398E+11;0.1225034E+00;0.1119275E+20
0.19607423225427E+11;0.1204081E+00;0.1119849E+20
0.19607423225456E+11;0.1183983E+00;0.1120329E+20
0.19607423225483E+11;0.1214126E+00;0.1120716E+20
0.19607423225511E+11;0.1243135E+00;0.1121104E+20
0.19607423225539E+11;0.1251919E+00;0.1121558E+20
0.19607423225568E+11;0.1236118E+00;0.1122097E+20
0.19607423225596E+11;0.1219147E+00;0.1122683E+20
0.19607423225625E+11;0.1199087E+00;0.1123248E+20
0.19607423225654E+11;0.1180410E+00;0.1123725E+20
0.19607423225681E+11;0.1209280E+00;0.1124111E+20
0.19607423225709E+11;0.1237702E+00;0.1124494E+20
0.19607423225737E+11;0.1245611E+00;0.1124935E+20
0.19607423225766E+11;0.1229959E+00;0.1125458E+20
0.19607423225794E+11;0.1214036E+00;0.1126028E+20
0.19607423225823E+11;0.1194745E+00;0.1126581E+20
0.19607423225852E+11;0.1177326E+00;0.1127053E+20
0.19607423225879E+11;0.1205250E+00;0.1127440E+20
0.19607423225907E+11;0.1233098E+00;0.1127820E+20
0.19607423225936E+11;0.1240138E+00;0.1128252E+20
0.19607423225964E+11;0.1225215E+00;0.1128761E+20
0.19607423225992E+11;0.1209610E+00;0.1129314E+20
0.19607423226021E+11;0.1190983E+00;0.1129853E+20
0.19607423226050E+11;0.1174685E+00;0.1130317E+20
0.19607423226078E+11;0.1201949E+00;0.1130705E+20
0.19607423226106E+11;0.1229228E+00;0.1131083E+20
0.19607423226134E+11;0.1235396E+00;0.1131507E+20
0.19607423226162E+11;0.1221133E+00;0.1132000E+20
0.19607423226191E+11;0.1205776E+00;0.1132529E+20
0.19607423226220E+11;0.1188304E+00;0.1133037E+20
0.19607423226248E+11;0.1172412E+00;0.1133457E+20
0.19607423226276E+11;0.1199032E+00;0.1133776E+20
0.19607423226304E+11;0.1225493E+00;0.1134024E+20
0.19607423226333E+11;0.1230313E+00;0.1134228E+20
0.19607423226361E+11;0.1216317E+00;0.1134405E+20
0.19607423226389E+11;0.1200575E+00;0.1134542E+20
0.19607423226418E+11;0.1184360E+00;0.1134619E+20
0.19607423226447E+11;0.1168114E+00;0.1134628E+20
0.19607423226475E+11;0.1181076E+00;0.1134575E+20
0.19607423226503E+11;0.1202523E+00;0.1134470E+20
0.19607423226531E+11;0.1201783E+00;0.1134328E+20
0.19607423226560E+11;0.1187315E+00;0.1134144E+20
0.19607423226588E+11;0.1170611E+00;0.1133869E+20
0.19607423226618E+11;0.1156431E+00;0.1133434E+20
0.19607423226646E+11;0.1140184E+00;0.1132816E+20
0.19607423226675E+11;0.1123940E+00;0.1132021E+20
0.19607423226703E+11;0.1114125E+00;0.1131037E+20
0.19607423226732E+11;0.1098878E+00;0.1129890E+20
0.19607423226760E+11;0.1081191E+00;0.1128596E+20
0.19607423226789E+11;0.1070902E+00;0.1127140E+20
0.19607423226819E+11;0.1049562E+00;0.1125488E+20
0.19607423226848E+11;0.1039923E+00;0.1123699E+20
0.19607423226877E+11;0.1013994E+00;0.1121770E+20
0.19607423226907E+11;0.1009410E+00;0.1119678E+20
0.19607423226936E+11;0.9824181E-01;0.1117468E+20
0.19607423226966E+11;0.9782256E-01;0.1115116E+20
0.19607423226996E+11;0.9452366E-01;0.1112610E+20
0.19607423227026E+11;0.9419703E-01;0.1109831E+20
0.19607423227056E+11;0.9238746E-01;0.1106856E+20
0.19607423227087E+11;0.8948149E-01;0.1103566E+20
0.19607423227117E+11;0.8952760E-01;0.1100008E+20
0.19607423227148E+11;0.8602923E-01;0.1096132E+20
0.19607423227179E+11;0.8481750E-01;0.1092041E+20
0.19607423227210E+11;0.8417490E-01;0.1087728E+20
0.19607423227241E+11;0.7984254E-01;0.1083199E+20
0.19607423227273E+11;0.7931231E-01;0.1078548E+20
0.19607423227305E+11;0.7845935E-01;0.1073423E+20
0.19607423227337E+11;0.7357050E-01;0.1068156E+20
0.19607423227369E+11;0.7292227E-01;0.1062735E+20
0.19607423227401E+11;0.7250609E-01;0.1057062E+20
0.19607423227434E+11;0.6825273E-01;0.1051082E+20
0.19607423227466E+11;0.6533659E-01;0.1045254E+20
0.19607423227499E+11;0.6573175E-01;0.1039162E+20
0.19607423227533E+11;0.6296439E-01;0.1032809E+20
0.19607423227566E+11;0.5637947E-01;0.1026515E+20
0.19607423227599E+11;0.5751680E-01;0.1020000E+20
0.19607423227634E+11;0.5651501E-01;0.1013002E+20
0.19607423227668E+11;0.5180741E-01;0.1006118E+20
0.19607423227702E+11;0.4738006E-01;0.9989978E+19
0.19607423227736E+11;0.4783628E-01;0.9916229E+19
0.19607423227771E+11;0.4596006E-01;0.9837926E+19
0.19607423227806E+11;0.4022177E-01;0.9759551E+19
0.19607423227842E+11;0.3616616E-01;0.9676246E+19
0.19607423227877E+11;0.3632753E-01;0.9593457E+19
0.19607423227913E+11;0.3418062E-01;0.9507761E+19
0.19607423227948E+11;0.2828825E-01;0.9422111E+19
0.19607423227986E+11;0.2311143E-01;0.9330372E+19
0.19607423228023E+11;0.2262318E-01;0.9239031E+19
0.19607423228060E+11;0.2069245E-01;0.9148004E+19
0.19607423228097E+11;0.1538851E-01;0.9057733E+19
0.19607423228136E+11;0.8459880E-02;0.8962438E+19
0.19607423228174E+11;0.5781675E-02;0.8867481E+19
0.19607423228213E+11;0.4603315E-02;0.8772025E+19
0.19607423228252E+11;0.4089812E-03;0.8676350E+19
0.19607423228291E+11;-0.7811440E-02;0.8578311E+19
0.19607423228332E+11;-0.1610801E-01;0.8478374E+19
0.19607423228374E+11;-0.1602536E-01;0.8371996E+19
0.19607423228415E+11;-0.1896238E-01;0.8268057E+19
0.19607423228457E+11;-0.2523767E-01;0.8164112E+19
0.19607423228499E+11;-0.3524938E-01;0.8055779E+19
0.19607423228544E+11;-0.4428011E-01;0.7941919E+19
0.19607423228592E+11;-0.4570605E-01;0.7818459E+19
0.19607423228637E+11;-0.5043897E-01;0.7702843E+19
0.19607423228682E+11;-0.5889030E-01;0.7586657E+19
0.19607423228729E+11;-0.7242292E-01;0.7464826E+19
0.19607423228781E+11;-0.7855304E-01;0.7331521E+19
0.19607423228835E+11;-0.8325659E-01;0.7192872E+19
0.19607423228885E+11;-0.9147515E-01;0.7064330E+19
0.19607423228937E+11;-0.1040917E+00;0.6933591E+19
0.19607423228992E+11;-0.1236809E+00;0.6792920E+19
0.19607423229052E+11;-0.1283220E+00;0.6641278E+19
0.19607423229117E+11;-0.1380197E+00;0.6479201E+19
0.19607423229177E+11;-0.1517688E+00;0.6330072E+19
0.19607423229239E+11;-0.1714636E+00;0.6177925E+19
0.19607423229305E+11;-0.1951961E+00;0.6017258E+19
0.19607423229376E+11;-0.2076421E+00;0.5847023E+19
0.19607423229450E+11;-0.2231262E+00;0.5671381E+19
0.19607423229527E+11;-0.2443476E+00;0.5492123E+19
0.19607423229607E+11;-0.2726447E+00;0.5309879E+19
0.19607423229690E+11;-0.2965164E+00;0.5124214E+19
0.19607423229776E+11;-0.3178862E+00;0.4935828E+19
0.19607423229865E+11;-0.3451556E+00;0.4746386E+19
0.19607423229963E+11;-0.3806922E+00;0.4541949E+19
0.19607423230062E+11;-0.4158459E+00;0.4339981E+19
0.19607423230161E+11;-0.4523774E+00;0.4145606E+19
0.19607423230271E+11;-0.4827480E+00;0.3937681E+19
0.19607423230375E+11;-0.5140671E+00;0.3746275E+19
0.19607423230488E+11;-0.5514665E+00;0.3546642E+19
0.19607423230602E+11;-0.5920817E+00;0.3353330E+19
0.19607423230728E+11;-0.6401954E+00;0.3148509E+19
0.19607423230870E+11;-0.6871846E+00;0.2931067E+19
0.19607423231014E+11;-0.7288716E+00;0.2721047E+19
0.19607423231161E+11;-0.7730239E+00;0.2520574E+19
0.19607423231315E+11;-0.8214896E+00;0.2323904E+19
0.19607423231485E+11;-0.8767755E+00;0.2122913E+19
0.19607423231674E+11;-0.9285593E+00;0.1918593E+19
0.19607423231889E+11;-0.9861095E+00;0.1709379E+19
0.19607423232121E+11;-0.1042078E+01;0.1508626E+19
0.19607423232381E+11;-0.1103396E+01;0.1314018E+19
0.19607423232655E+11;-0.1160671E+01;0.1139832E+19
0.19607423232952E+11;-0.1221061E+01;0.9816801E+18
0.19607423233291E+11;-0.1274000E+01;0.8341274E+18
0.19607423233699E+11;-0.1338541E+01;0.6938258E+18
0.19607423234163E+11;-0.1402607E+01;0.5724053E+18
0.19607423234700E+11;-0.1476597E+01;0.4678208E+18
0.19607423235303E+11;-0.1538959E+01;0.3821140E+18
0.19607423236018E+11;-0.1598703E+01;0.3092003E+18
0.19607423236902E+11;-0.1667172E+01;0.2462251E+18
0.19607423237980E+11;-0.1742818E+01;0.1942431E+18
0.19607423239281E+11;-0.1822360E+01;0.1525605E+18
0.19607423240850E+11;-0.1905809E+01;0.1196243E+18
0.19607423242703E+11;-0.1990678E+01;0.9430049E+17
0.19607423244928E+11;-0.2077417E+01;0.7457139E+17
0.19607423247615E+11;-0.2165797E+01;0.5918382E+17
0.19607423250849E+11;-0.2254977E+01;0.4725325E+17
0.19607423254770E+11;-0.2345203E+01;0.3794079E+17
0.19607423259543E+11;-0.2436624E+01;0.3063313E+17
0.19607423265376E+11;-0.2502276E+01;0.2485679E+17
0.19607423272533E+11;-0.2571333E+01;0.2024503E+17
0.19607423281358E+11;-0.2653441E+01;0.1651310E+17
0.19607423292314E+11;-0.2744143E+01;0.1344428E+17
0.19607423305766E+11;-0.2831895E+01;0.1092737E+17
0.19607423321773E+11;-0.2918040E+01;0.8910249E+16
0.19607423341353E+11;-0.3007469E+01;0.7247333E+16
0.19607423365369E+11;-0.3097806E+01;0.5884067E+16
0.19607423394876E+11;-0.3188773E+01;0.4774151E+16
0.19607423431184E+11;-0.3280221E+01;0.3875873E+16
0.19607423475887E+11;-0.3371937E+01;0.3152765E+16
0.19607423531029E+11;-0.3463784E+01;0.2572213E+16
0.19607423599122E+11;-0.3556110E+01;0.2106969E+16
0.19607423683235E+11;-0.3645503E+01;0.1734354E+16
0.19607423787386E+11;-0.3717309E+01;0.1434805E+16
0.19607423915951E+11;-0.3785490E+01;0.1193526E+16
0.19607424075509E+11;-0.3854856E+01;0.9964821E+15
0.19607424273042E+11;-0.3932526E+01;0.8340084E+15
0.19607424519067E+11;-0.4025106E+01;0.6972022E+15
0.19607424823072E+11;-0.4120279E+01;0.5813859E+15
0.19607425164615E+11;-0.4202560E+01;0.4905539E+15
0.19607425575794E+11;-0.4282617E+01;0.4135714E+15
0.19607426077876E+11;-0.4364535E+01;0.3481775E+15
0.19607426690039E+11;-0.4443664E+01;0.2934212E+15
0.19607427437027E+11;-0.4517220E+01;0.2479533E+15
0.19607428349369E+11;-0.4584684E+01;0.2103398E+15
0.19607429463289E+11;-0.4648340E+01;0.1792038E+15
0.19607430827117E+11;-0.4714164E+01;0.1531773E+15
0.19607432495622E+11;-0.4791669E+01;0.1311415E+15
0.19607434389144E+11;-0.4874884E+01;0.1133233E+15
0.19607436644266E+11;-0.4957393E+01;0.9785243E+14
0.19607439130906E+11;-0.5026704E+01;0.8530836E+14
0.19607442123271E+11;-0.5088826E+01;0.7424815E+14
0.19607445685027E+11;-0.5148657E+01;0.6474043E+14
0.19607449934329E+11;-0.5206111E+01;0.5659369E+14
0.19607455007935E+11;-0.5265731E+01;0.4958496E+14
0.19607460889565E+11;-0.5334288E+01;0.4363973E+14
0.19607467673662E+11;-0.5408595E+01;0.3851178E+14
0.19607475751410E+11;-0.5483561E+01;0.3390757E+14
0.19607484385218E+11;-0.5539982E+01;0.3018157E+14
0.19607494648996E+11;-0.5589960E+01;0.2683227E+14
0.19607506648395E+11;-0.5641064E+01;0.2389590E+14
0.19607520720992E+11;-0.5697942E+01;0.2130603E+14
0.19607536831811E+11;-0.5764739E+01;0.1904890E+14
0.19607555741465E+11;-0.5834070E+01;0.1700979E+14
0.19607576392186E+11;-0.5895512E+01;0.1528390E+14
0.19607599730607E+11;-0.5936750E+01;0.1376718E+14
0.19607626864249E+11;-0.5983300E+01;0.1239935E+14
0.19607658257920E+11;-0.6039445E+01;0.1116909E+14
0.19607694651267E+11;-0.6104365E+01;0.1005140E+14
0.19607736830788E+11;-0.6169731E+01;0.9030619E+13
0.19607780923229E+11;-0.6211406E+01;0.8182735E+13
0.19607832204159E+11;-0.6252810E+01;0.7395532E+13
0.19607890917416E+11;-0.6306269E+01;0.6676248E+13
0.19607958448123E+11;-0.6367572E+01;0.6011439E+13
0.19608036005546E+11;-0.6429234E+01;0.5395763E+13
0.19608117310333E+11;-0.6462099E+01;0.4873742E+13
0.19608211539418E+11;-0.6506659E+01;0.4385140E+13
0.19608318801042E+11;-0.6564081E+01;0.3938550E+13
0.19608441370419E+11;-0.6623052E+01;0.3529547E+13
0.19608571313595E+11;-0.6658843E+01;0.3181682E+13
0.19608719880045E+11;-0.6701120E+01;0.2863340E+13
0.19608888399649E+11;-0.6756976E+01;0.2576329E+13
0.19609080075058E+11;-0.6813992E+01;0.2317389E+13
0.19609282873917E+11;-0.6843891E+01;0.2098557E+13
0.19609515435611E+11;-0.6892512E+01;0.1897166E+13
0.19609778231584E+11;-0.6947882E+01;0.1715074E+13
0.19610062092830E+11;-0.6985362E+01;0.1557064E+13
0.19610380304805E+11;-0.7027977E+01;0.1414125E+13
0.19610740316388E+11;-0.7082186E+01;0.1283729E+13
0.19611132157171E+11;-0.7120942E+01;0.1169016E+13
0.19611568256576E+11;-0.7163798E+01;0.1065431E+13
0.19612061644158E+11;-0.7217472E+01;0.9703873E+12
0.19612591315772E+11;-0.7251869E+01;0.8873676E+12
0.19613191680710E+11;-0.7300288E+01;0.8105896E+12
0.19613867899246E+11;-0.7347961E+01;0.7401767E+12
0.19614594736691E+11;-0.7385961E+01;0.6783474E+12
0.19615422588913E+11;-0.7438970E+01;0.6207011E+12
0.19616313028594E+11;-0.7473898E+01;0.5698541E+12
0.19617327137628E+11;-0.7525375E+01;0.5222846E+12
0.19618423161378E+11;-0.7562920E+01;0.4800031E+12
0.19619671347865E+11;-0.7613461E+01;0.4403595E+12
0.19621026651887E+11;-0.7652267E+01;0.4048975E+12
0.19622573677745E+11;-0.7703481E+01;0.3715395E+12
0.19624263606520E+11;-0.7742942E+01;0.3415176E+12
0.19626180807712E+11;-0.7791245E+01;0.3134510E+12
0.19628313597480E+11;-0.7836047E+01;0.2877646E+12
0.19630687311970E+11;-0.7880210E+01;0.2642467E+12
0.19633395276224E+11;-0.7929369E+01;0.2422369E+12
0.19636448422802E+11;-0.7974928E+01;0.2219656E+12
0.19639896157044E+11;-0.8021106E+01;0.2033272E+12
0.19643814210501E+11;-0.8068929E+01;0.1861466E+12
0.19648294322569E+11;-0.8117642E+01;0.1702794E+12
0.19653457580380E+11;-0.8165380E+01;0.1555778E+12
0.19659439623021E+11;-0.8213796E+01;0.1419521E+12
0.19666419375204E+11;-0.8262962E+01;0.1293027E+12
0.19674643966531E+11;-0.8312685E+01;0.1175230E+12
0.19683492344501E+11;-0.8355666E+01;0.1074845E+12
0.19694346086435E+11;-0.8399779E+01;0.9776535E+11
0.19698318361846E+11;-0.8414378E+01;0.9474745E+11
0.19704276774963E+11;-0.8435005E+01;0.9065245E+11
0.19713214394638E+11;-0.8463488E+01;0.8531768E+11
0.19725129723790E+11;-0.8497614E+01;0.7938869E+11
0.19737778247915E+11;-0.8529931E+01;0.7421416E+11
0.19751859361751E+11;-0.8562268E+01;0.6946036E+11
0.19765930061113E+11;-0.8591346E+01;0.6550143E+11
0.19780521989168E+11;-0.8618773E+01;0.6202356E+11
0.19795714279615E+11;-0.8644901E+01;0.5892005E+11
0.19811606254089E+11;-0.8669948E+01;0.5611100E+11
0.19829630899835E+11;-0.8695886E+01;0.5334744E+11
0.19846932266469E+11;-0.8718748E+01;0.5102755E+11
0.19864914911887E+11;-0.8740674E+01;0.4889265E+11
0.19883207187450E+11;-0.8761290E+01;0.4695977E+11
0.19904027528061E+11;-0.8782828E+01;0.4500657E+11
0.19924173295567E+11;-0.8800782E+01;0.4333048E+11
0.19945139994971E+11;-0.8816985E+01;0.4177844E+11
0.19966398143338E+11;-0.8831992E+01;0.4037939E+11
0.19988499459306E+11;-0.8846406E+01;0.3908846E+11
0.20011544490478E+11;-0.8860282E+01;0.3789800E+11
0.20035426439587E+11;-0.8873600E+01;0.3681016E+11
0.20058615453655E+11;-0.8885589E+01;0.3587768E+11
0.20083602275098E+11;-0.8897551E+01;0.3499071E+11
0.20107982847637E+11;-0.8908356E+01;0.3422670E+11
0.20134848319707E+11;-0.8919364E+01;0.3348414E+11
0.20160542812745E+11;-0.8929075E+01;0.3285714E+11
0.20186885737816E+11;-0.8938229E+01;0.3228599E+11
0.20213786599502E+11;-0.8946843E+01;0.3176687E+11
0.20241158405968E+11;-0.8954857E+01;0.3129622E+11
0.20269912386507E+11;-0.8962547E+01;0.3085463E+11
0.20296612068072E+11;-0.8969022E+01;0.3048598E+11
0.20325884649341E+11;-0.8975455E+01;0.3012182E+11
0.20354040584154E+11;-0.8981014E+01;0.2980501E+11
0.20382594272992E+11;-0.8986037E+01;0.2951217E+11
0.20410659814358E+11;-0.8990401E+01;0.2925038E+11
0.20439472686245E+11;-0.8994298E+01;0.2900816E+11
0.20467425357489E+11;-0.8997516E+01;0.2879906E+11
0.20494015795129E+11;-0.9000030E+01;0.2862433E+11
0.20520591818457E+11;-0.9000543E+01;0.2847364E+11
0.20548907784528E+11;-0.9000619E+01;0.2833997E+11
0.20578857771262E+11;-0.9000691E+01;0.2822947E+11
0.20608336934838E+11;-0.9000756E+01;0.2815146E+11
0.20635550490864E+11;-0.9000811E+01;0.2810408E+11
0.20661526445471E+11;-0.9000859E+01;0.2807793E+11
0.20689017754724E+11;-0.9000906E+01;0.2806852E+11
0.20719510789375E+11;-0.9000954E+01;0.2807839E+11
0.20750749862015E+11;-0.9000998E+01;0.2810694E+11
0.20760061260984E+11;-0.9001011E+01;0.2811823E+11
0.20774028359437E+11;-0.9001029E+01;0.2813703E+11
0.20794979007117E+11;-0.9001054E+01;0.2816883E+11
0.20825318504520E+11;-0.9001089E+01;0.2822146E+11
0.20856103057421E+11;-0.9001121E+01;0.2828204E+11
0.20885668711511E+11;-0.9001148E+01;0.2834647E+11
0.20915855038900E+11;-0.9001174E+01;0.2841722E+11
0.20943609492701E+11;-0.9001196E+01;0.2848635E+11
0.20973743653453E+11;-0.9001218E+01;0.2856786E+11
0.21003678839590E+11;-0.9001237E+01;0.2865887E+11
0.21034736628569E+11;-0.9001256E+01;0.2876515E+11
0.21062719450650E+11;-0.9001271E+01;0.2887049E+11
0.21091087687976E+11;-0.9001284E+01;0.2898691E+11
0.21122206375073E+11;-0.9001298E+01;0.2912671E+11
0.21150970793258E+11;-0.9001310E+01;0.2926662E+11
0.21179336282150E+11;-0.9001320E+01;0.2941218E+11
0.21206347112898E+11;-0.9001328E+01;0.2955601E+11
0.21232887235524E+11;-0.9001336E+01;0.2970233E+11
0.21260354759350E+11;-0.9001343E+01;0.2985966E+11
0.21289138906093E+11;-0.9001349E+01;0.3002956E+11
0.21316068313153E+11;-0.9001354E+01;0.3019076E+11
0.21343260169488E+11;-0.9001359E+01;0.3035499E+11
0.21371026729762E+11;-0.9001363E+01;0.3052444E+11
0.21398871494731E+11;-0.9001367E+01;0.3069721E+11
0.21425997567977E+11;-0.9001369E+01;0.3086813E+11
0.21451997455732E+11;-0.9001372E+01;0.3103341E+11
0.21478435760518E+11;-0.9001373E+01;0.3120450E+11
0.21506003509723E+11;-0.9001375E+01;0.3138959E+11
0.21534232687045E+11;-0.9001376E+01;0.3158708E+11
0.21559849465956E+11;-0.9001376E+01;0.3177212E+11
0.21585489784777E+11;-0.9001376E+01;0.3196241E+11
0.21612037913478E+11;-0.9001376E+01;0.3216480E+11
0.21640304887293E+11;-0.9001375E+01;0.3238575E+11
0.21666099132754E+11;-0.9001374E+01;0.3259190E+11
0.21691092338642E+11;-0.9001373E+01;0.3279430E+11
0.21717148282412E+11;-0.9001371E+01;0.3300641E+11
0.21743815429157E+11;-0.9001369E+01;0.3322566E+11
0.21770501533272E+11;-0.9001367E+01;0.3344727E+11
0.21794986940906E+11;-0.9001365E+01;0.3365070E+11
0.21821067571602E+11;-0.9001362E+01;0.3386710E+11
0.21845991777751E+11;-0.9001359E+01;0.3407470E+11
0.21872709468987E+11;-0.9001356E+01;0.3429920E+11
0.21897233013528E+11;-0.9001353E+01;0.3450819E+11
0.21921401919042E+11;-0.9001350E+01;0.3471858E+11
0.21947131898816E+11;-0.9001346E+01;0.3494794E+11
0.21971904894567E+11;-0.9001343E+01;0.3517392E+11
0.21997092182650E+11;-0.9001339E+01;0.3540846E+11
0.22020546487150E+11;-0.9001335E+01;0.3563017E+11
0.22045915176291E+11;-0.9001331E+01;0.3587209E+11
0.22070712362320E+11;-0.9001327E+01;0.3611016E+11
0.22094882131188E+11;-0.9001323E+01;0.3634383E+11
0.22118405165623E+11;-0.9001319E+01;0.3657238E+11
0.22141907754870E+11;-0.9001315E+01;0.3680276E+11
0.22167412605062E+11;-0.9001310E+01;0.3705618E+11
0.22190741980814E+11;-0.9001305E+01;0.3728970E+11
0.22214557998015E+11;-0.9001301E+01;0.3752821E+11
0.22237055698056E+11;-0.9001296E+01;0.3775441E+11
0.22261973397386E+11;-0.9001291E+01;0.3800730E+11
0.22285666059835E+11;-0.9001286E+01;0.3825095E+11
0.22308620709282E+11;-0.9001281E+01;0.3849050E+11
0.22331003800241E+11;-0.9001277E+01;0.3872815E+11
0.22354137602658E+11;-0.9001272E+01;0.3897955E+11
0.22377999171596E+11;-0.9001266E+01;0.3924522E+11
0.22401253330514E+11;-0.9001261E+01;0.3950714E+11
0.22423608353713E+11;-0.9001256E+01;0.3975846E+11
0.22445361860683E+11;-0.9001251E+01;0.4000241E+11
0.22469166226582E+11;-0.9001245E+01;0.4027056E+11
0.22492310634167E+11;-0.9001240E+01;0.4053299E+11
0.22514515872546E+11;-0.9001234E+01;0.4078542E+11
0.22535802737633E+11;-0.9001229E+01;0.4102863E+11
0.22558756284640E+11;-0.9001224E+01;0.4129516E+11
0.22581165415405E+11;-0.9001218E+01;0.4156031E+11
0.22603623222972E+11;-0.9001212E+01;0.4182783E+11
0.22624684803124E+11;-0.9001207E+01;0.4207956E+11
0.22646188860767E+11;-0.9001202E+01;0.4233923E+11
0.22669135150709E+11;-0.9001196E+01;0.4262215E+11
0.22690884388371E+11;-0.9001190E+01;0.4289612E+11
0.22711959417893E+11;-0.9001184E+01;0.4316419E+11
0.22732619309970E+11;-0.9001179E+01;0.4342857E+11
0.22755167297312E+11;-0.9001173E+01;0.4371985E+11
0.22776407536155E+11;-0.9001167E+01;0.4399612E+11
0.22797230655806E+11;-0.9001161E+01;0.4426608E+11
0.22817119436626E+11;-0.9001156E+01;0.4452235E+11
0.22838721165706E+11;-0.9001150E+01;0.4480275E+11
0.22860511709310E+11;-0.9001144E+01;0.4509172E+11
0.22880791249156E+11;-0.9001138E+01;0.4536497E+11
0.22900274659635E+11;-0.9001133E+01;0.4562991E+11
0.22921033039223E+11;-0.9001127E+01;0.4591569E+11
0.22942386107047E+11;-0.9001121E+01;0.4621484E+11
0.22962534913303E+11;-0.9001115E+01;0.4650216E+11
0.22981763615653E+11;-0.9001109E+01;0.4677904E+11
0.23001436197695E+11;-0.9001103E+01;0.4706358E+11
0.23021999112876E+11;-0.9001097E+01;0.4736380E+11
0.23042211977718E+11;-0.9001091E+01;0.4766256E+11
0.23061197728456E+11;-0.9001085E+01;0.4794371E+11
0.23079861782896E+11;-0.9001080E+01;0.4821906E+11
0.23099361028776E+11;-0.9001074E+01;0.4850788E+11
0.23119382849591E+11;-0.9001067E+01;0.4880808E+11
0.23138328221200E+11;-0.9001061E+01;0.4909512E+11
0.23156460018083E+11;-0.9001056E+01;0.4937256E+11
0.23175664461695E+11;-0.9001050E+01;0.4967013E+11
0.23195014775029E+11;-0.9001044E+01;0.4997491E+11
0.23214134482386E+11;-0.9001037E+01;0.5028231E+11
0.23231893907845E+11;-0.9001032E+01;0.5057206E+11
0.23250533048375E+11;-0.9001026E+01;0.5087764E+11
0.23268838060719E+11;-0.9001020E+01;0.5117948E+11
0.23287426495957E+11;-0.9001014E+01;0.5148711E+11
0.23305114213593E+11;-0.9001008E+01;0.5177949E+11
0.23322787030294E+11;-0.9001002E+01;0.5207296E+11
0.23341078191298E+11;-0.9000996E+01;0.5237962E+11
0.23359267380809E+11;-0.9000989E+01;0.5268743E+11
0.23376726954526E+11;-0.9000984E+01;0.5298521E+11
0.23393737765720E+11;-0.9000978E+01;0.5327808E+11
0.23411962172786E+11;-0.9000971E+01;0.5359600E+11
0.23429326786826E+11;-0.9000965E+01;0.5390411E+11
0.23446586573052E+11;-0.9000959E+01;0.5421687E+11
0.23462947349630E+11;-0.9000954E+01;0.5451990E+11
0.23480993288524E+11;-0.9000947E+01;0.5485947E+11
0.23498203425875E+11;-0.9000941E+01;0.5518545E+11
0.23514966738760E+11;-0.9000935E+01;0.5550246E+11
0.23530996148431E+11;-0.9000929E+01;0.5580628E+11
0.23548270515549E+11;-0.9000923E+01;0.5613887E+11
0.23565241103973E+11;-0.9000917E+01;0.5647247E+11
0.23581769545034E+11;-0.9000911E+01;0.5680152E+11
0.23597507489356E+11;-0.9000905E+01;0.5711706E+11
0.23613802150121E+11;-0.9000899E+01;0.5744894E+11
0.23630281403948E+11;-0.9000892E+01;0.5779298E+11
0.23646203338659E+11;-0.9000886E+01;0.5813320E+11
0.23661653139156E+11;-0.9000880E+01;0.5847091E+11
0.23677082679216E+11;-0.9000874E+01;0.5881558E+11
0.23693009246517E+11;-0.9000868E+01;0.5917800E+11
0.23708754723135E+11;-0.9000862E+01;0.5953926E+11
0.23723920105441E+11;-0.9000856E+01;0.5988692E+11
0.23738771025385E+11;-0.9000849E+01;0.6023052E+11
0.23754375810312E+11;-0.9000843E+01;0.6059900E+11
0.23769282852717E+11;-0.9000837E+01;0.6095663E+11
0.23783952444576E+11;-0.9000831E+01;0.6131053E+11
0.23798121327076E+11;-0.8998887E+01;0.6165348E+11
0.23812838310886E+11;-0.8996874E+01;0.6201562E+11
0.23827383430905E+11;-0.8992456E+01;0.6238304E+11
0.23841669602738E+11;-0.8987734E+01;0.6274930E+11
0.23855333067401E+11;-0.8981707E+01;0.6310102E+11
0.23869639098029E+11;-0.8979628E+01;0.6347162E+11
0.23883554493003E+11;-0.8976322E+01;0.6383565E+11
0.23897339058107E+11;-0.8969471E+01;0.6419647E+11
0.23910623227543E+11;-0.8965379E+01;0.6454059E+11
0.23924358435140E+11;-0.8962152E+01;0.6489353E+11
0.23937577153788E+11;-0.8957745E+01;0.6523268E+11
0.23950975363724E+11;-0.8954761E+01;0.6557631E+11
0.23963991120278E+11;-0.8948813E+01;0.6590871E+11
0.23977036357576E+11;-0.8946626E+01;0.6624015E+11
0.23989889663564E+11;-0.8944036E+01;0.6656590E+11
0.24002580579403E+11;-0.8938016E+01;0.6688771E+11
0.24015244456771E+11;-0.8935316E+01;0.6720835E+11
0.24027659292311E+11;-0.8932151E+01;0.6752010E+11
0.24040280133400E+11;-0.8928408E+01;0.6783512E+11
0.24052559051848E+11;-0.8926300E+01;0.6813915E+11
0.24064705391431E+11;-0.8921910E+01;0.6843302E+11
0.24076775116400E+11;-0.8920395E+01;0.6871728E+11
0.24089413653696E+11;-0.8916574E+01;0.6901072E+11
0.24101411180286E+11;-0.8913695E+01;0.6928904E+11
0.24113318481517E+11;-0.8911847E+01;0.6956454E+11
0.24125110687657E+11;-0.8907951E+01;0.6983547E+11
0.24136645490692E+11;-0.8907254E+01;0.7010019E+11
0.24148942885312E+11;-0.8903122E+01;0.7038467E+11
0.24160587455715E+11;-0.8901793E+01;0.7065959E+11
0.24172199116532E+11;-0.8899346E+01;0.7094124E+11
0.24183746191225E+11;-0.8895681E+01;0.7122652E+11
0.24194909113994E+11;-0.8893359E+01;0.7150474E+11
0.24206675218672E+11;-0.8890360E+01;0.7180221E+11
0.24218099794620E+11;-0.8888542E+01;0.7209949E+11
0.24229429321004E+11;-0.8885669E+01;0.7240739E+11
0.24240751264590E+11;-0.8881550E+01;0.7273124E+11
0.24251600329597E+11;-0.8877937E+01;0.7305650E+11
0.24262915754008E+11;-0.8875949E+01;0.7341293E+11
0.24274133827678E+11;-0.8872737E+01;0.7379165E+11
0.24285105595935E+11;-0.8867543E+01;0.7419427E+11
0.24296067345817E+11;-0.8861536E+01;0.7462947E+11
0.24306548218874E+11;-0.8853001E+01;0.7507434E+11
0.24317013932272E+11;-0.8844506E+01;0.7555020E+11
0.24327364385804E+11;-0.8837667E+01;0.7605768E+11
0.24337630320328E+11;-0.8829707E+01;0.7660146E+11
0.24347783125276E+11;-0.8821866E+01;0.7718355E+11
0.24357605110950E+11;-0.8814063E+01;0.7779306E+11
0.24367171299515E+11;-0.8804036E+01;0.7843619E+11
0.24376509683852E+11;-0.8797601E+01;0.7911819E+11
0.24386005692452E+11;-0.8790882E+01;0.7987699E+11
0.24395772938921E+11;-0.8782800E+01;0.8073792E+11
0.24404715704532E+11;-0.8775630E+01;0.8160751E+11
0.24413538968745E+11;-0.8765908E+01;0.8255320E+11
0.24422058116902E+11;-0.8758993E+01;0.8356195E+11
0.24430840560052E+11;-0.8745412E+01;0.8471855E+11
0.24439666712575E+11;-0.8726432E+01;0.8602625E+11
0.24447765607572E+11;-0.8705467E+01;0.8738213E+11
0.24455561994943E+11;-0.8687437E+01;0.8885796E+11
0.24463515265345E+11;-0.8672792E+01;0.9057675E+11
0.24470945689010E+11;-0.8647522E+01;0.9243332E+11
0.24478211783979E+11;-0.8618344E+01;0.9455464E+11
0.24484760004625E+11;-0.8587012E+01;0.9680204E+11
0.24490979760344E+11;-0.8557868E+01;0.9932383E+11
0.24493106498133E+11;-0.8548297E+01;0.1002939E+12
0.24496296604817E+11;-0.8533978E+01;0.1018736E+12
0.24501081764843E+11;-0.8507967E+01;0.1045806E+12
0.24502924636974E+11;-0.8494618E+01;0.1057537E+12
0.24505688945171E+11;-0.8473410E+01;0.1076781E+12
0.24509835407467E+11;-0.8435183E+01;0.1110170E+12
0.24514448070630E+11;-0.8386863E+01;0.1155816E+12
0.24515962186593E+11;-0.8370543E+01;0.1173372E+12
0.24518233360536E+11;-0.8345397E+01;0.1202770E+12
0.24521640121451E+11;-0.8304414E+01;0.1255740E+12
0.24522902008532E+11;-0.8287509E+01;0.1278866E+12
0.24524794839153E+11;-0.8259534E+01;0.1318215E+12
0.24527634085085E+11;-0.8205168E+01;0.1391225E+12
0.24528573116639E+11;-0.8182760E+01;0.1420322E+12
0.24529981663969E+11;-0.8146012E+01;0.1470187E+12
0.24532094484966E+11;-0.8083772E+01;0.1563991E+12
0.24532978366759E+11;-0.8055028E+01;0.1612636E+12
0.24534304189449E+11;-0.8007455E+01;0.1700647E+12
0.24536292923484E+11;-0.7919707E+01;0.1885762E+12
0.24536890267335E+11;-0.7887261E+01;0.1961199E+12
0.24537786283110E+11;-0.7830546E+01;0.2102374E+12
0.24538229810919E+11;-0.7797894E+01;0.2189570E+12
0.24538895102632E+11;-0.7741439E+01;0.2352185E+12
0.24539893040202E+11;-0.7617264E+01;0.2717066E+12
0.24540241410036E+11;-0.7556910E+01;0.2904889E+12
0.24540763964788E+11;-0.7445412E+01;0.3299784E+12
0.24541022629390E+11;-0.7376677E+01;0.3579056E+12
0.24541410626293E+11;-0.7246024E+01;0.4198806E+12
0.24541602684760E+11;-0.7162802E+01;0.4667402E+12
0.24541890772460E+11;-0.6997675E+01;0.5815962E+12
0.24542033375872E+11;-0.6885611E+01;0.6806713E+12
0.24542247280990E+11;-0.6637686E+01;0.9877736E+12
0.24542326932015E+11;-0.6494868E+01;0.1243269E+13
0.24542366359273E+11;-0.6403494E+01;0.1449121E+13
0.24542425500159E+11;-0.6220583E+01;0.1999279E+13
0.24542454774898E+11;-0.6094271E+01;0.2526730E+13
0.24542469265894E+11;-0.6016424E+01;0.2933147E+13
0.24542491002387E+11;-0.5868266E+01;0.3935127E+13
0.24542501761952E+11;-0.5772890E+01;0.4787076E+13
0.24542517901298E+11;-0.5578100E+01;0.7247771E+13
0.24542522701328E+11;-0.5500308E+01;0.8609811E+13
0.24542527798227E+11;-0.5399435E+01;0.1079708E+14
0.24542529553152E+11;-0.5358900E+01;0.1184289E+14
0.24542532185538E+11;-0.5290146E+01;0.1386857E+14
0.24542536134119E+11;-0.5161918E+01;0.1869472E+14
0.24542537990779E+11;-0.5085945E+01;0.2236521E+14
0.24542540775769E+11;-0.4939577E+01;0.3168760E+14
0.24542541742317E+11;-0.4874912E+01;0.3702258E+14
0.24542543126853E+11;-0.4761017E+01;0.4870895E+14
0.24542543626016E+11;-0.4711420E+01;0.5492154E+14
0.24542544374759E+11;-0.4624168E+01;0.6782529E+14
0.24542544745387E+11;-0.4573409E+01;0.7668870E+14
0.24542545301329E+11;-0.4483844E+01;0.9523522E+14
0.24542546135241E+11;-0.4300005E+01;0.1483626E+15
0.24542546439608E+11;-0.4206813E+01;0.1856192E+15
0.24542546541763E+11;-0.4170433E+01;0.2025825E+15
0.24542546694995E+11;-0.4109205E+01;0.2345904E+15
0.24542546924845E+11;-0.3996959E+01;0.3066979E+15
0.24542547038620E+11;-0.3928257E+01;0.3611973E+15
0.24542547209283E+11;-0.3798850E+01;0.4909851E+15
0.24542547293761E+11;-0.3716828E+01;0.5960838E+15
0.24542547420478E+11;-0.3554079E+01;0.8743063E+15
0.24542547459662E+11;-0.3488542E+01;0.1020328E+16
0.24542547509885E+11;-0.3386526E+01;0.1296256E+16
0.24542547528736E+11;-0.3341152E+01;0.1441878E+16
0.24542547557012E+11;-0.3262737E+01;0.1732674E+16
0.24542547599427E+11;-0.3110204E+01;0.2476134E+16
0.24542547615599E+11;-0.3034669E+01;0.2955749E+16
0.24542547637821E+11;-0.2903805E+01;0.4016454E+16
0.24542547644893E+11;-0.2852773E+01;0.4529586E+16
0.24542547655500E+11;-0.2763129E+01;0.5594485E+16
0.24542547660391E+11;-0.2714939E+01;0.6269005E+16
0.24542547667728E+11;-0.2631485E+01;0.7639632E+16
0.24542547678734E+11;-0.2468676E+01;0.1127007E+17
0.24542547683194E+11;-0.2382518E+01;0.1387850E+17
0.24542547684940E+11;-0.2344126E+01;0.1523866E+17
0.24542547687558E+11;-0.2280213E+01;0.1782273E+17
0.24542547691487E+11;-0.2166020E+01;0.2367654E+17
0.24542547693431E+11;-0.2098713E+01;0.2807723E+17
0.24542547696348E+11;-0.1979660E+01;0.3825351E+17
0.24542547697730E+11;-0.1913858E+01;0.4563559E+17
0.24542547699804E+11;-0.1801917E+01;0.6241218E+17
0.24542547700588E+11;-0.1755353E+01;0.7154128E+17
0.24542547701764E+11;-0.1662060E+01;0.8969159E+17
0.24542547702275E+11;-0.1615216E+01;0.9977761E+17
0.24542547703042E+11;-0.1540852E+01;0.1181364E+18
0.24542547703403E+11;-0.1503495E+01;0.1283498E+18
0.24542547703945E+11;-0.1447307E+01;0.1458328E+18
0.24542547704213E+11;-0.1417264E+01;0.1555235E+18
0.24542547704615E+11;-0.1369849E+01;0.1714211E+18
0.24542547705218E+11;-0.1301086E+01;0.1984181E+18
0.24542547705414E+11;-0.1279891E+01;0.2079977E+18
0.24542547705707E+11;-0.1248114E+01;0.2231300E+18
0.24542547706148E+11;-0.1200927E+01;0.2476059E+18
0.24542547706302E+11;-0.1184959E+01;0.2566807E+18
0.24542547706532E+11;-0.1161880E+01;0.2708223E+18
0.24542547706878E+11;-0.1124897E+01;0.2932403E+18
0.24542547707258E+11;-0.1083680E+01;0.3194587E+18
0.24542547707601E+11;-0.1049376E+01;0.3445815E+18
0.24542547707923E+11;-0.1019067E+01;0.3696152E+18
0.24542547708219E+11;-0.9921777E+00;0.3945540E+18
0.24542547708506E+11;-0.9662429E+00;0.4205976E+18
0.24542547708778E+11;-0.9426263E+00;0.4471856E+18
0.24542547709034E+11;-0.9181794E+00;0.4741632E+18
0.24542547709281E+11;-0.8960177E+00;0.5023796E+18
0.24542547709518E+11;-0.8754906E+00;0.5315361E+18
0.24542547709744E+11;-0.8565708E+00;0.5613263E+18
0.24542547709963E+11;-0.8377251E+00;0.5919039E+18
0.24542547710176E+11;-0.8203406E+00;0.6232285E+18
0.24542547710378E+11;-0.8022178E+00;0.6548066E+18
0.24542547710579E+11;-0.7842477E+00;0.6889705E+18
0.24542547710768E+11;-0.7683453E+00;0.7235776E+18
0.24542547710955E+11;-0.7523891E+00;0.7606304E+18
0.24542547711136E+11;-0.7372051E+00;0.7985389E+18
0.24542547711311E+11;-0.7229274E+00;0.8368317E+18
0.24542547711481E+11;-0.7088209E+00;0.8758801E+18
0.24542547711649E+11;-0.6931749E+00;0.9157380E+18
0.24542547711807E+11;-0.6797942E+00;0.9546144E+18
0.24542547711964E+11;-0.6665662E+00;0.9942895E+18
0.24542547712120E+11;-0.6541143E+00;0.1035861E+19
0.24542547712268E+11;-0.6418451E+00;0.1078206E+19
0.24542547712417E+11;-0.6304872E+00;0.1123373E+19
0.24542547712561E+11;-0.6170631E+00;0.1169153E+19
0.24542547712701E+11;-0.6053414E+00;0.1214275E+19
0.24542547712842E+11;-0.5939029E+00;0.1260608E+19
0.24542547712980E+11;-0.5835489E+00;0.1306443E+19
0.24542547713112E+11;-0.5727362E+00;0.1351998E+19
0.24542547713243E+11;-0.5632024E+00;0.1399135E+19
0.24542547713374E+11;-0.5519357E+00;0.1448978E+19
0.24542547713500E+11;-0.5416015E+00;0.1498390E+19
0.24542547713626E+11;-0.5318798E+00;0.1549419E+19
0.24542547713747E+11;-0.5232554E+00;0.1599056E+19
0.24542547713867E+11;-0.5139568E+00;0.1649474E+19
0.24542547713987E+11;-0.5054569E+00;0.1702290E+19
0.24542547714103E+11;-0.4962393E+00;0.1755229E+19
0.24542547714220E+11;-0.4871795E+00;0.1810118E+19
0.24542547714334E+11;-0.4788851E+00;0.1864786E+19
0.24542547714446E+11;-0.4709472E+00;0.1919468E+19
0.24542547714556E+11;-0.4633146E+00;0.1975319E+19
0.24542547714667E+11;-0.4551477E+00;0.2033717E+19
0.24542547714774E+11;-0.4477698E+00;0.2090682E+19
0.24542547714881E+11;-0.4398270E+00;0.2148639E+19
0.24542547714986E+11;-0.4328902E+00;0.2207512E+19
0.24542547715090E+11;-0.4255281E+00;0.2268539E+19
0.24542547715194E+11;-0.4194827E+00;0.2331416E+19
0.24542547715295E+11;-0.4114653E+00;0.2392337E+19
0.24542547715396E+11;-0.4047458E+00;0.2452956E+19
0.24542547715499E+11;-0.3988030E+00;0.2514987E+19
0.24542547715597E+11;-0.3924679E+00;0.2575588E+19
0.24542547715696E+11;-0.3857372E+00;0.2638813E+19
0.24542547715794E+11;-0.3791143E+00;0.2702609E+19
0.24542547715890E+11;-0.3735940E+00;0.2767615E+19
0.24542547715987E+11;-0.3676211E+00;0.2833788E+19
0.24542547716082E+11;-0.3636468E+00;0.2898266E+19
0.24542547716177E+11;-0.3558375E+00;0.2960149E+19
0.24542547716271E+11;-0.3501392E+00;0.3019350E+19
0.24542547716365E+11;-0.3445410E+00;0.3079033E+19
0.24542547716459E+11;-0.3396771E+00;0.3141635E+19
0.24542547716552E+11;-0.3342560E+00;0.3206219E+19
0.24542547716644E+11;-0.3300624E+00;0.3271840E+19
0.24542547716734E+11;-0.3238238E+00;0.3334327E+19
0.24542547716824E+11;-0.3192784E+00;0.3395396E+19
0.24542547716914E+11;-0.3151327E+00;0.3455489E+19
0.24542547717003E+11;-0.3092821E+00;0.3514632E+19
0.24542547717094E+11;-0.3049116E+00;0.3576317E+19
0.24542547717183E+11;-0.3010524E+00;0.3638618E+19
0.24542547717271E+11;-0.2953249E+00;0.3702359E+19
0.24542547717355E+11;-0.2920260E+00;0.3763347E+19
0.24542547717438E+11;-0.2870653E+00;0.3820741E+19
0.24542547717521E+11;-0.2830155E+00;0.3876731E+19
0.24542547717604E+11;-0.2786456E+00;0.3932238E+19
0.24542547717688E+11;-0.2753665E+00;0.3989885E+19
0.24542547717773E+11;-0.2711337E+00;0.4050506E+19
0.24542547717856E+11;-0.2671173E+00;0.4110364E+19
0.24542547717937E+11;-0.2632969E+00;0.4168990E+19
0.24542547718016E+11;-0.2595310E+00;0.4225447E+19
0.24542547718093E+11;-0.2563735E+00;0.4280116E+19
0.24542547718171E+11;-0.2526874E+00;0.4335399E+19
0.24542547718249E+11;-0.2489598E+00;0.4392278E+19
0.24542547718328E+11;-0.2456263E+00;0.4451829E+19
0.24542547718407E+11;-0.2425484E+00;0.4514496E+19
0.24542547718484E+11;-0.2392247E+00;0.4575610E+19
0.24542547718558E+11;-0.2360794E+00;0.4633201E+19
0.24542547718635E+11;-0.2323827E+00;0.4690998E+19
0.24542547718709E+11;-0.2299133E+00;0.4746524E+19
0.24542547718782E+11;-0.2263783E+00;0.4804902E+19
0.24542547718856E+11;-0.2239086E+00;0.4866472E+19
0.24542547718930E+11;-0.2212076E+00;0.4929838E+19
0.24542547719002E+11;-0.2178778E+00;0.4990601E+19
0.24542547719078E+11;-0.2145592E+00;0.5053225E+19
0.24542547719147E+11;-0.2119618E+00;0.5109335E+19
0.24542547719218E+11;-0.2099211E+00;0.5166609E+19
0.24542547719290E+11;-0.2068832E+00;0.5226698E+19
0.24542547719361E+11;-0.2040669E+00;0.5288776E+19
0.24542547719431E+11;-0.2011463E+00;0.5352706E+19
0.24542547719502E+11;-0.1984168E+00;0.5417835E+19
0.24542547719570E+11;-0.1960561E+00;0.5479577E+19
0.24542547719640E+11;-0.1941841E+00;0.5540676E+19
0.24542547719708E+11;-0.1915737E+00;0.5599188E+19
0.24542547719775E+11;-0.1883574E+00;0.5657351E+19
0.24542547719841E+11;-0.1854928E+00;0.5718702E+19
0.24542547719909E+11;-0.1829985E+00;0.5783597E+19
0.24542547719976E+11;-0.1803715E+00;0.5850547E+19
0.24542547720041E+11;-0.1777653E+00;0.5915393E+19
0.24542547720111E+11;-0.1749963E+00;0.5982470E+19
0.24542547720175E+11;-0.1727397E+00;0.6041878E+19
0.24542547720241E+11;-0.1708620E+00;0.6103445E+19
0.24542547720306E+11;-0.1677590E+00;0.6165796E+19
0.24542547720370E+11;-0.1656357E+00;0.6231021E+19
0.24542547720434E+11;-0.1630494E+00;0.6299954E+19
0.24542547720499E+11;-0.1604191E+00;0.6370536E+19
0.24542547720564E+11;-0.1579384E+00;0.6438663E+19
0.24542547720628E+11;-0.1558692E+00;0.6502957E+19
0.24542547720690E+11;-0.1533497E+00;0.6565191E+19
0.24542547720752E+11;-0.1508870E+00;0.6628031E+19
0.24542547720815E+11;-0.1493074E+00;0.6695334E+19
0.24542547720878E+11;-0.1467901E+00;0.6766143E+19
0.24542547720941E+11;-0.1446253E+00;0.6839619E+19
0.24542547721002E+11;-0.1427823E+00;0.6911148E+19
0.24542547721065E+11;-0.1402387E+00;0.6981514E+19
0.24542547721125E+11;-0.1378011E+00;0.7044546E+19
0.24542547721184E+11;-0.1357471E+00;0.7106366E+19
0.24542547721244E+11;-0.1346226E+00;0.7167825E+19
0.24542547721303E+11;-0.1316820E+00;0.7230051E+19
0.24542547721363E+11;-0.1302501E+00;0.7294410E+19
0.24542547721422E+11;-0.1282800E+00;0.7359699E+19
0.24542547721482E+11;-0.1263982E+00;0.7424217E+19
0.24542547721541E+11;-0.1250885E+00;0.7484116E+19
0.24542547721598E+11;-0.1231189E+00;0.7541182E+19
0.24542547721656E+11;-0.1217204E+00;0.7597196E+19
0.24542547721714E+11;-0.1202752E+00;0.7653164E+19
0.24542547721773E+11;-0.1182939E+00;0.7709564E+19
0.24542547721830E+11;-0.1178575E+00;0.7764814E+19
0.24542547721889E+11;-0.1151321E+00;0.7818247E+19
0.24542547721946E+11;-0.1140277E+00;0.7865685E+19
0.24542547722004E+11;-0.1126477E+00;0.7907548E+19
0.24542547722061E+11;-0.1115397E+00;0.7943714E+19
0.24542547722118E+11;-0.1096247E+00;0.7977131E+19
0.24542547722176E+11;-0.1085086E+00;0.8009007E+19
0.24542547722232E+11;-0.1055240E+00;0.8040421E+19
0.24542547722289E+11;-0.1023262E+00;0.8072401E+19
0.24542547722345E+11;-0.1005144E+00;0.8103630E+19
0.24542547722402E+11;-0.9728871E-01;0.8133500E+19
0.24542547722458E+11;-0.9558001E-01;0.8160071E+19
0.24542547722514E+11;-0.9403764E-01;0.8183436E+19
0.24542547722570E+11;-0.9253040E-01;0.8203269E+19
0.24542547722625E+11;-0.9043640E-01;0.8220351E+19
0.24542547722680E+11;-0.8731826E-01;0.8235675E+19
0.24542547722735E+11;-0.8564203E-01;0.8248806E+19
0.24542547722789E+11;-0.8265323E-01;0.8259383E+19
0.24542547722843E+11;-0.8084872E-01;0.8267235E+19
0.24542547722897E+11;-0.7960804E-01;0.8273423E+19
0.24542547722950E+11;-0.7785219E-01;0.8278323E+19
0.24542547723003E+11;-0.7672891E-01;0.8282137E+19
0.24542547723055E+11;-0.7369357E-01;0.8285304E+19
0.24542547723107E+11;-0.7203432E-01;0.8288374E+19
0.24542547723160E+11;-0.6938873E-01;0.8290456E+19
0.24542547723211E+11;-0.6739656E-01;0.8290151E+19
0.24542547723263E+11;-0.6658314E-01;0.8287531E+19
0.24542547723313E+11;-0.6450161E-01;0.8283059E+19
0.24542547723365E+11;-0.6351803E-01;0.8276929E+19
0.24542547723415E+11;-0.6137365E-01;0.8270203E+19
0.24542547723465E+11;-0.5962642E-01;0.8263342E+19
0.24542547723514E+11;-0.5754714E-01;0.8255878E+19
0.24542547723564E+11;-0.5522137E-01;0.8246854E+19
0.24542547723613E+11;-0.5411671E-01;0.8236137E+19
0.24542547723662E+11;-0.5252478E-01;0.8224496E+19
0.24542547723711E+11;-0.5112082E-01;0.8212466E+19
0.24542547723759E+11;-0.5035456E-01;0.8200369E+19
0.24542547723808E+11;-0.4838437E-01;0.8189147E+19
0.24542547723855E+11;-0.4704482E-01;0.8178806E+19
0.24542547723904E+11;-0.4425672E-01;0.8168250E+19
0.24542547723951E+11;-0.4278341E-01;0.8156790E+19
0.24542547723998E+11;-0.4189534E-01;0.8144155E+19
0.24542547724045E+11;-0.3995607E-01;0.8130915E+19
0.24542547724092E+11;-0.3912646E-01;0.8117967E+19
0.24542547724138E+11;-0.3801705E-01;0.8106288E+19
0.24542547724185E+11;-0.3700362E-01;0.8095497E+19
0.24542547724231E+11;-0.3455856E-01;0.8085591E+19
0.24542547724277E+11;-0.3259012E-01;0.8075323E+19
0.24542547724323E+11;-0.3177993E-01;0.8063972E+19
0.24542547724368E+11;-0.3003951E-01;0.8051886E+19
0.24542547724413E+11;-0.2861345E-01;0.8039806E+19
0.24542547724459E+11;-0.2828055E-01;0.8028374E+19
0.24542547724503E+11;-0.2658316E-01;0.8017798E+19
0.24542547724549E+11;-0.2591120E-01;0.8008005E+19
0.24542547724593E+11;-0.2344116E-01;0.7999130E+19
0.24542547724638E+11;-0.2210184E-01;0.7990305E+19
0.24542547724682E+11;-0.2134627E-01;0.7980599E+19
0.24542547724726E+11;-0.1923694E-01;0.7970146E+19
0.24542547724770E+11;-0.1825301E-01;0.7959723E+19
0.24542547724813E+11;-0.1742162E-01;0.7950023E+19
0.24542547724857E+11;-0.1600804E-01;0.7941192E+19
0.24542547724901E+11;-0.1536074E-01;0.7933389E+19
0.24542547724943E+11;-0.1341639E-01;0.7926106E+19
0.24542547724986E+11;-0.1262983E-01;0.7918452E+19
0.24542547725029E+11;-0.1104085E-01;0.7909835E+19
0.24542547725072E+11;-0.9318074E-02;0.7900927E+19
0.24542547725114E+11;-0.8703976E-02;0.7892155E+19
0.24542547725156E+11;-0.7368964E-02;0.7883470E+19
0.24542547725199E+11;-0.6153151E-02;0.7874981E+19
0.24542547725241E+11;-0.5686037E-02;0.7867664E+19
0.24542547725283E+11;-0.4235299E-02;0.7860771E+19
0.24542547725325E+11;-0.3888909E-02;0.7853802E+19
0.24542547725366E+11;-0.1464575E-02;0.7846226E+19
0.24542547725408E+11;-0.5763738E-04;0.7838009E+19
0.24542547725449E+11;0.1912493E-03;0.7829332E+19
0.24542547725490E+11;0.2112842E-02;0.7820667E+19
0.24542547725533E+11;0.3152573E-02;0.7812470E+19
0.24542547725573E+11;0.3864323E-02;0.7805936E+19
0.24542547725615E+11;0.5157802E-02;0.7800034E+19
0.24542547725655E+11;0.5697596E-02;0.7794309E+19
0.24542547725695E+11;0.7594562E-02;0.7787835E+19
0.24542547725736E+11;0.8691877E-02;0.7780458E+19
0.24542547725776E+11;0.9270787E-02;0.7772672E+19
0.24542547725816E+11;0.1116126E-01;0.7765355E+19
0.24542547725856E+11;0.1201648E-01;0.7759140E+19
0.24542547725896E+11;0.1296013E-01;0.7754529E+19
0.24542547725937E+11;0.1422692E-01;0.7750394E+19
0.24542547725976E+11;0.1483562E-01;0.7746193E+19
0.24542547726015E+11;0.1619835E-01;0.7741310E+19
0.24542547726055E+11;0.1702099E-01;0.7735660E+19
0.24542547726094E+11;0.1806934E-01;0.7729752E+19
0.24542547726132E+11;0.1983199E-01;0.7724518E+19
0.24542547726171E+11;0.2055927E-01;0.7720445E+19
0.24542547726210E+11;0.2169534E-01;0.7717651E+19
0.24542547726250E+11;0.2298749E-01;0.7715374E+19
0.24542547726288E+11;0.2361482E-01;0.7713194E+19
0.24542547726327E+11;0.2493046E-01;0.7710391E+19
0.24542547726365E+11;0.2569499E-01;0.7706722E+19
0.24542547726402E+11;0.2662461E-01;0.7702845E+19
0.24542547726440E+11;0.2823920E-01;0.7699706E+19
0.24542547726478E+11;0.2888713E-01;0.7697710E+19
0.24542547726515E+11;0.3019717E-01;0.7696908E+19
0.24542547726555E+11;0.3154351E-01;0.7696818E+19
0.24542547726592E+11;0.3215104E-01;0.7696644E+19
0.24542547726630E+11;0.3361647E-01;0.7695698E+19
0.24542547726667E+11;0.3434105E-01;0.7694081E+19
0.24542547726704E+11;0.3546135E-01;0.7692515E+19
0.24542547726740E+11;0.3649269E-01;0.7691574E+19
0.24542547726778E+11;0.3712076E-01;0.7691584E+19
0.24542547726814E+11;0.3856196E-01;0.7692666E+19
0.24542547726853E+11;0.3997713E-01;0.7694412E+19
0.24542547726889E+11;0.4053815E-01;0.7695937E+19
0.24542547726927E+11;0.4217402E-01;0.7697119E+19
0.24542547726963E+11;0.4282589E-01;0.7697888E+19
0.24542547726999E+11;0.4416586E-01;0.7698572E+19
0.24542547727034E+11;0.4505070E-01;0.7699513E+19
0.24542547727070E+11;0.4592190E-01;0.7701212E+19
0.24542547727106E+11;0.4683043E-01;0.7703932E+19
0.24542547727143E+11;0.4834292E-01;0.7707454E+19
0.24542547727179E+11;0.4881115E-01;0.7710978E+19
0.24542547727215E+11;0.5063572E-01;0.7714413E+19
0.24542547727250E+11;0.5142704E-01;0.7717317E+19
0.24542547727286E+11;0.5277685E-01;0.7719873E+19
0.24542547727321E+11;0.5364995E-01;0.7722449E+19
0.24542547727356E+11;0.5463948E-01;0.7725750E+19
0.24542547727391E+11;0.5553916E-01;0.7730161E+19
0.24542547727427E+11;0.5671893E-01;0.7735519E+19
0.24542547727462E+11;0.5717357E-01;0.7740899E+19
0.24542547727497E+11;0.5908702E-01;0.7746162E+19
0.24542547727531E+11;0.6010307E-01;0.7750823E+19
0.24542547727566E+11;0.6135334E-01;0.7755048E+19
0.24542547727600E+11;0.6232784E-01;0.7759327E+19
0.24542547727634E+11;0.6347778E-01;0.7764387E+19
0.24542547727668E+11;0.6440685E-01;0.7770457E+19
0.24542547727703E+11;0.6517022E-01;0.7777287E+19
0.24542547727737E+11;0.6577863E-01;0.7784203E+19
0.24542547727772E+11;0.6758065E-01;0.7790978E+19
0.24542547727806E+11;0.6885623E-01;0.7797375E+19
0.24542547727839E+11;0.6994947E-01;0.7803544E+19
0.24542547727872E+11;0.7123713E-01;0.7809771E+19
0.24542547727906E+11;0.7232381E-01;0.7816472E+19
0.24542547727939E+11;0.7332792E-01;0.7823848E+19
0.24542547727973E+11;0.7431373E-01;0.7831910E+19
0.24542547728007E+11;0.7474897E-01;0.7840420E+19
0.24542547728040E+11;0.7620382E-01;0.7848846E+19
0.24542547728073E+11;0.7776614E-01;0.7857334E+19
0.24542547728106E+11;0.7863966E-01;0.7865398E+19
0.24542547728139E+11;0.8027160E-01;0.7873323E+19
0.24542547728171E+11;0.8126699E-01;0.7881374E+19
0.24542547728203E+11;0.8247588E-01;0.7889821E+19
0.24542547728236E+11;0.8354393E-01;0.7899230E+19
0.24542547728270E+11;0.8438176E-01;0.7909504E+19
0.24542547728302E+11;0.8507703E-01;0.7919496E+19
0.24542547728336E+11;0.8694021E-01;0.7929840E+19
0.24542547728367E+11;0.8760734E-01;0.7939358E+19
0.24542547728399E+11;0.8955734E-01;0.7948791E+19
0.24542547728431E+11;0.9054410E-01;0.7958175E+19
0.24542547728463E+11;0.9199900E-01;0.7968112E+19
0.24542547728495E+11;0.9311812E-01;0.7979223E+19
0.24542547728528E+11;0.9419526E-01;0.7991194E+19
0.24542547728559E+11;0.9455884E-01;0.8002441E+19
0.24542547728592E+11;0.9647073E-01;0.8014037E+19
0.24542547728623E+11;0.9737282E-01;0.8025085E+19
0.24542547728655E+11;0.9919235E-01;0.8036422E+19
0.24542547728685E+11;0.1004872E+00;0.8047501E+19
0.24542547728716E+11;0.1018183E+00;0.8059115E+19
0.24542547728746E+11;0.1029312E+00;0.8071378E+19
0.24542547728779E+11;0.1042628E+00;0.8084688E+19
0.24542547728810E+11;0.1050861E+00;0.8097105E+19
0.24542547728841E+11;0.1064391E+00;0.8110052E+19
0.24542547728871E+11;0.1075778E+00;0.8122753E+19
0.24542547728902E+11;0.1091859E+00;0.8135531E+19
0.24542547728932E+11;0.1108337E+00;0.8148078E+19
0.24542547728962E+11;0.1119920E+00;0.8161063E+19
0.24542547728991E+11;0.1134777E+00;0.8174348E+19
0.24542547729022E+11;0.1147863E+00;0.8188650E+19
0.24542547729052E+11;0.1159077E+00;0.8202603E+19
0.24542547729082E+11;0.1168872E+00;0.8217011E+19
0.24542547729112E+11;0.1183086E+00;0.8231334E+19
0.24542547729141E+11;0.1196303E+00;0.8245357E+19
0.24542547729171E+11;0.1216845E+00;0.8259575E+19
0.24542547729200E+11;0.1226462E+00;0.8274207E+19
0.24542547729229E+11;0.1245522E+00;0.8289036E+19
0.24542547729258E+11;0.1257913E+00;0.8304307E+19
0.24542547729287E+11;0.1271442E+00;0.8319550E+19
0.24542547729316E+11;0.1281408E+00;0.8335045E+19
0.24542547729346E+11;0.1297150E+00;0.8350996E+19
0.24542547729374E+11;0.1307776E+00;0.8366430E+19
0.24542547729403E+11;0.1332644E+00;0.8382636E+19
0.24542547729431E+11;0.1346065E+00;0.8398521E+19
0.24542547729459E+11;0.1362776E+00;0.8414547E+19
0.24542547729487E+11;0.1377438E+00;0.8430807E+19
0.24542547729515E+11;0.1392453E+00;0.8447528E+19
0.24542547729543E+11;0.1405563E+00;0.8464696E+19
0.24542547729573E+11;0.1419692E+00;0.8482840E+19
0.24542547729600E+11;0.1429220E+00;0.8499744E+19
0.24542547729629E+11;0.1457987E+00;0.8517485E+19
0.24542547729656E+11;0.1474800E+00;0.8534521E+19
0.24542547729683E+11;0.1489820E+00;0.8551988E+19
0.24542547729710E+11;0.1509003E+00;0.8569647E+19
0.24542547729737E+11;0.1523402E+00;0.8587975E+19
0.24542547729765E+11;0.1538737E+00;0.8606778E+19
0.24542547729794E+11;0.1552605E+00;0.8626879E+19
0.24542547729820E+11;0.1564653E+00;0.8645413E+19
0.24542547729847E+11;0.1595825E+00;0.8664591E+19
0.24542547729873E+11;0.1615578E+00;0.8683229E+19
0.24542547729900E+11;0.1630201E+00;0.8702263E+19
0.24542547729926E+11;0.1653697E+00;0.8721186E+19
0.24542547729952E+11;0.1667590E+00;0.8740885E+19
0.24542547729979E+11;0.1687509E+00;0.8761647E+19
0.24542547730007E+11;0.1703567E+00;0.8783731E+19
0.24542547730032E+11;0.1716930E+00;0.8804274E+19
0.24542547730058E+11;0.1749982E+00;0.8825144E+19
0.24542547730083E+11;0.1771826E+00;0.8845634E+19
0.24542547730109E+11;0.1788132E+00;0.8865970E+19
0.24542547730134E+11;0.1815826E+00;0.8886222E+19
0.24542547730158E+11;0.1832406E+00;0.8907214E+19
0.24542547730184E+11;0.1855944E+00;0.8930380E+19
0.24542547730211E+11;0.1875708E+00;0.8955128E+19
0.24542547730236E+11;0.1890013E+00;0.8978142E+19
0.24542547730261E+11;0.1924763E+00;0.9001924E+19
0.24542547730285E+11;0.1946835E+00;0.9024781E+19
0.24542547730309E+11;0.1972928E+00;0.9047162E+19
0.24542547730333E+11;0.2004191E+00;0.9069415E+19
0.24542547730357E+11;0.2023818E+00;0.9092032E+19
0.24542547730381E+11;0.2053887E+00;0.9116276E+19
0.24542547730406E+11;0.2078599E+00;0.9141772E+19
0.24542547730429E+11;0.2097119E+00;0.9166303E+19
0.24542547730454E+11;0.2118806E+00;0.9192300E+19
0.24542547730477E+11;0.2145802E+00;0.9216879E+19
0.24542547730500E+11;0.2189725E+00;0.9240763E+19
0.24542547730523E+11;0.2222872E+00;0.9264122E+19
0.24542547730545E+11;0.2254886E+00;0.9287288E+19
0.24542547730568E+11;0.2289968E+00;0.9311185E+19
0.24542547730590E+11;0.2323163E+00;0.9335591E+19
0.24542547730613E+11;0.2347030E+00;0.9360028E+19
0.24542547730637E+11;0.2350700E+00;0.9386774E+19
0.24542547730658E+11;0.2386111E+00;0.9411250E+19
0.24542547730680E+11;0.2428477E+00;0.9435783E+19
0.24542547730701E+11;0.2474174E+00;0.9459306E+19
0.24542547730722E+11;0.2517941E+00;0.9482336E+19
0.24542547730744E+11;0.2562864E+00;0.9505661E+19
0.24542547730765E+11;0.2598276E+00;0.9528903E+19
0.24542547730787E+11;0.2620729E+00;0.9553116E+19
0.24542547730808E+11;0.2617756E+00;0.9576954E+19
0.24542547730829E+11;0.2624689E+00;0.9599199E+19
0.24542547730850E+11;0.2686939E+00;0.9622211E+19
0.24542547730869E+11;0.2742889E+00;0.9643869E+19
0.24542547730889E+11;0.2792162E+00;0.9665502E+19
0.24542547730909E+11;0.2832432E+00;0.9688256E+19
0.24542547730930E+11;0.2860088E+00;0.9711587E+19
0.24542547730951E+11;0.2865495E+00;0.9734686E+19
0.24542547730970E+11;0.2835571E+00;0.9755093E+19
0.24542547730990E+11;0.2870889E+00;0.9775471E+19
0.24542547731009E+11;0.2930456E+00;0.9794064E+19
0.24542547731028E+11;0.2978381E+00;0.9812285E+19
0.24542547731046E+11;0.3015470E+00;0.9830917E+19
0.24542547731067E+11;0.3039797E+00;0.9851618E+19
0.24542547731087E+11;0.3037672E+00;0.9871626E+19
0.24542547731105E+11;0.2997255E+00;0.9890303E+19
0.24542547731125E+11;0.2993325E+00;0.9908996E+19
0.24542547731142E+11;0.3046722E+00;0.9925926E+19
0.24542547731160E+11;0.3087531E+00;0.9942030E+19
0.24542547731178E+11;0.3115642E+00;0.9958171E+19
0.24542547731199E+11;0.3122752E+00;0.9975384E+19
0.24542547731217E+11;0.3093173E+00;0.9990420E+19
0.24542547731236E+11;0.3012341E+00;0.1000507E+20
0.24542547731254E+11;0.3026333E+00;0.1001845E+20
0.24542547731271E+11;0.3067487E+00;0.1003146E+20
0.24542547731289E+11;0.3093235E+00;0.1004469E+20
0.24542547731308E+11;0.3095316E+00;0.1005920E+20
0.24542547731327E+11;0.3056668E+00;0.1007301E+20
0.24542547731346E+11;0.2963598E+00;0.1008637E+20
0.24542547731363E+11;0.2913870E+00;0.1009820E+20
0.24542547731381E+11;0.2949912E+00;0.1010911E+20
0.24542547731399E+11;0.2966370E+00;0.1011968E+20
0.24542547731419E+11;0.2948125E+00;0.1013052E+20
0.24542547731438E+11;0.2878653E+00;0.1014013E+20
0.24542547731457E+11;0.2757112E+00;0.1014904E+20
0.24542547731475E+11;0.2715025E+00;0.1015750E+20
0.24542547731493E+11;0.2741666E+00;0.1016609E+20
0.24542547731513E+11;0.2740900E+00;0.1017573E+20
0.24542547731534E+11;0.2688545E+00;0.1018634E+20
0.24542547731554E+11;0.2579811E+00;0.1019601E+20
0.24542547731574E+11;0.2432738E+00;0.1020476E+20
0.24542547731593E+11;0.2458103E+00;0.1021263E+20
0.24542547731613E+11;0.2483412E+00;0.1022026E+20
0.24542547731635E+11;0.2479358E+00;0.1022802E+20
0.24542547731659E+11;0.2418299E+00;0.1023561E+20
0.24542547731681E+11;0.2296037E+00;0.1024274E+20
0.24542547731702E+11;0.2155193E+00;0.1025011E+20
0.24542547731723E+11;0.2201068E+00;0.1025819E+20
0.24542547731744E+11;0.2234026E+00;0.1026756E+20
0.24542547731768E+11;0.2247858E+00;0.1027806E+20
0.24542547731797E+11;0.2214805E+00;0.1028858E+20
0.24542547731823E+11;0.2111704E+00;0.1029613E+20
0.24542547731846E+11;0.1957942E+00;0.1030212E+20
0.24542547731868E+11;0.1990887E+00;0.1030815E+20
0.24542547731890E+11;0.2030136E+00;0.1031557E+20
0.24542547731914E+11;0.2055996E+00;0.1032529E+20
0.24542547731942E+11;0.2054981E+00;0.1033723E+20
0.24542547731953E+11;0.2041240E+00;0.1034161E+20
0.24542547731969E+11;0.2000863E+00;0.1034756E+20
0.24542547731993E+11;0.1888556E+00;0.1035486E+20
0.24542547732018E+11;0.1812056E+00;0.1036089E+20
0.24542547732040E+11;0.1861181E+00;0.1036662E+20
0.24542547732064E+11;0.1897323E+00;0.1037374E+20
0.24542547732090E+11;0.1918014E+00;0.1038338E+20
0.24542547732120E+11;0.1902934E+00;0.1039568E+20
0.24542547732130E+11;0.1882621E+00;0.1039979E+20
0.24542547732146E+11;0.1832662E+00;0.1040544E+20
0.24542547732170E+11;0.1711654E+00;0.1041246E+20
0.24542547732194E+11;0.1715096E+00;0.1041847E+20
0.24542547732217E+11;0.1761313E+00;0.1042415E+20
0.24542547732242E+11;0.1794511E+00;0.1043127E+20
0.24542547732270E+11;0.1809027E+00;0.1044102E+20
0.24542547732301E+11;0.1779889E+00;0.1045280E+20
0.24542547732331E+11;0.1670553E+00;0.1046368E+20
0.24542547732341E+11;0.1619809E+00;0.1046645E+20
0.24542547732355E+11;0.1592076E+00;0.1047018E+20
0.24542547732376E+11;0.1641408E+00;0.1047513E+20
0.24542547732400E+11;0.1684605E+00;0.1048090E+20
0.24542547732426E+11;0.1713451E+00;0.1048810E+20
0.24542547732455E+11;0.1718349E+00;0.1049778E+20
0.24542547732485E+11;0.1673398E+00;0.1050866E+20
0.24542547732515E+11;0.1547738E+00;0.1051883E+20
0.24542547732524E+11;0.1497361E+00;0.1052144E+20
0.24542547732537E+11;0.1533082E+00;0.1052499E+20
0.24542547732558E+11;0.1577658E+00;0.1052978E+20
0.24542547732583E+11;0.1618907E+00;0.1053567E+20
0.24542547732610E+11;0.1644487E+00;0.1054286E+20
0.24542547732639E+11;0.1642950E+00;0.1055171E+20
0.24542547732668E+11;0.1590836E+00;0.1056161E+20
0.24542547732697E+11;0.1462307E+00;0.1057108E+20
0.24542547732724E+11;0.1488199E+00;0.1057839E+20
0.24542547732749E+11;0.1536955E+00;0.1058423E+20
0.24542547732775E+11;0.1571698E+00;0.1059043E+20
0.24542547732803E+11;0.1587575E+00;0.1059778E+20
0.24542547732831E+11;0.1570237E+00;0.1060646E+20
0.24542547732860E+11;0.1493728E+00;0.1061563E+20
0.24542547732869E+11;0.1451195E+00;0.1061857E+20
0.24542547732884E+11;0.1379808E+00;0.1062272E+20
0.24542547732906E+11;0.1435211E+00;0.1062832E+20
0.24542547732931E+11;0.1484960E+00;0.1063425E+20
0.24542547732958E+11;0.1519812E+00;0.1064040E+20
0.24542547732985E+11;0.1536262E+00;0.1064747E+20
0.24542547733013E+11;0.1521754E+00;0.1065560E+20
0.24542547733041E+11;0.1452628E+00;0.1066423E+20
0.24542547733070E+11;0.1340420E+00;0.1067224E+20
0.24542547733097E+11;0.1405769E+00;0.1067866E+20
0.24542547733123E+11;0.1451434E+00;0.1068429E+20
0.24542547733149E+11;0.1482178E+00;0.1069043E+20
0.24542547733177E+11;0.1492719E+00;0.1069757E+20
0.24542547733204E+11;0.1468500E+00;0.1070564E+20
0.24542547733233E+11;0.1385974E+00;0.1071392E+20
0.24542547733261E+11;0.1317843E+00;0.1072144E+20
0.24542547733288E+11;0.1378518E+00;0.1072736E+20
0.24542547733314E+11;0.1421410E+00;0.1073273E+20
0.24542547733341E+11;0.1448639E+00;0.1073866E+20
0.24542547733369E+11;0.1453999E+00;0.1074567E+20
0.24542547733397E+11;0.1421119E+00;0.1075364E+20
0.24542547733425E+11;0.1342569E+00;0.1076170E+20
0.24542547733454E+11;0.1297989E+00;0.1076893E+20
0.24542547733481E+11;0.1354927E+00;0.1077456E+20
0.24542547733507E+11;0.1395202E+00;0.1077976E+20
0.24542547733534E+11;0.1419095E+00;0.1078546E+20
0.24542547733562E+11;0.1419415E+00;0.1079222E+20
0.24542547733590E+11;0.1378097E+00;0.1079995E+20
0.24542547733618E+11;0.1313008E+00;0.1080777E+20
0.24542547733647E+11;0.1279830E+00;0.1081467E+20
0.24542547733674E+11;0.1333874E+00;0.1082012E+20
0.24542547733701E+11;0.1371871E+00;0.1082526E+20
0.24542547733728E+11;0.1392850E+00;0.1083083E+20
0.24542547733755E+11;0.1388614E+00;0.1083731E+20
0.24542547733784E+11;0.1344205E+00;0.1084466E+20
0.24542547733812E+11;0.1293117E+00;0.1085207E+20
0.24542547733841E+11;0.1262493E+00;0.1085868E+20
0.24542547733867E+11;0.1314526E+00;0.1086403E+20
0.24542547733894E+11;0.1350737E+00;0.1086915E+20
0.24542547733922E+11;0.1369449E+00;0.1087467E+20
0.24542547733949E+11;0.1361621E+00;0.1088096E+20
0.24542547733977E+11;0.1319458E+00;0.1088791E+20
0.24542547734006E+11;0.1277052E+00;0.1089487E+20
0.24542547734034E+11;0.1246228E+00;0.1090115E+20
0.24542547734061E+11;0.1296861E+00;0.1090640E+20
0.24542547734088E+11;0.1331742E+00;0.1091150E+20
0.24542547734116E+11;0.1348713E+00;0.1091702E+20
0.24542547734143E+11;0.1338116E+00;0.1092321E+20
0.24542547734172E+11;0.1299462E+00;0.1092986E+20
0.24542547734200E+11;0.1263355E+00;0.1093639E+20
0.24542547734228E+11;0.1231309E+00;0.1094231E+20
0.24542547734255E+11;0.1280930E+00;0.1094739E+20
0.24542547734283E+11;0.1314799E+00;0.1095244E+20
0.24542547734310E+11;0.1330421E+00;0.1095795E+20
0.24542547734338E+11;0.1317677E+00;0.1096410E+20
0.24542547734366E+11;0.1282445E+00;0.1097059E+20
0.24542547734394E+11;0.1251541E+00;0.1097679E+20
0.24542547734423E+11;0.1217957E+00;0.1098235E+20
0.24542547734450E+11;0.1266758E+00;0.1098719E+20
0.24542547734477E+11;0.1299813E+00;0.1099212E+20
0.24542547734505E+11;0.1314337E+00;0.1099759E+20
0.24542547734533E+11;0.1300043E+00;0.1100372E+20
0.24542547734561E+11;0.1269620E+00;0.1101013E+20
0.24542547734589E+11;0.1241200E+00;0.1101613E+20
0.24542547734618E+11;0.1210757E+00;0.1102141E+20
0.24542547734645E+11;0.1254358E+00;0.1102598E+20
0.24542547734673E+11;0.1286688E+00;0.1103072E+20
0.24542547734700E+11;0.1300222E+00;0.1103610E+20
0.24542547734728E+11;0.1285017E+00;0.1104219E+20
0.24542547734756E+11;0.1258341E+00;0.1104856E+20
0.24542547734785E+11;0.1232008E+00;0.1105445E+20
0.24542547734814E+11;0.1204119E+00;0.1105954E+20
0.24542547734841E+11;0.1243709E+00;0.1106386E+20
0.24542547734869E+11;0.1275316E+00;0.1106839E+20
0.24542547734896E+11;0.1287844E+00;0.1107362E+20
0.24542547734924E+11;0.1272146E+00;0.1107963E+20
0.24542547734953E+11;0.1248345E+00;0.1108596E+20
0.24542547734981E+11;0.1223722E+00;0.1109181E+20
0.24542547735010E+11;0.1198036E+00;0.1109677E+20
0.24542547735038E+11;0.1234630E+00;0.1110089E+20
0.24542547735065E+11;0.1265500E+00;0.1110521E+20
0.24542547735093E+11;0.1276988E+00;0.1111027E+20
0.24542547735121E+11;0.1261295E+00;0.1111615E+20
0.24542547735149E+11;0.1239487E+00;0.1112242E+20
0.24542547735178E+11;0.1216266E+00;0.1112824E+20
0.24542547735207E+11;0.1192711E+00;0.1113311E+20
0.24542547735234E+11;0.1226750E+00;0.1113710E+20
0.24542547735262E+11;0.1256950E+00;0.1114123E+20
0.24542547735290E+11;0.1267478E+00;0.1114610E+20
0.24542547735318E+11;0.1251773E+00;0.1115183E+20
0.24542547735346E+11;0.1231752E+00;0.1115799E+20
0.24542547735375E+11;0.1209744E+00;0.1116378E+20
0.24542547735404E+11;0.1188038E+00;0.1116861E+20
0.24542547735432E+11;0.1219981E+00;0.1117251E+20
0.24542547735459E+11;0.1249551E+00;0.1117650E+20
0.24542547735487E+11;0.1259164E+00;0.1118119E+20
0.24542547735516E+11;0.1243411E+00;0.1118675E+20
0.24542547735544E+11;0.1224999E+00;0.1119277E+20
0.24542547735573E+11;0.1204033E+00;0.1119851E+20
0.24542547735601E+11;0.1183942E+00;0.1120330E+20
0.24542547735629E+11;0.1214210E+00;0.1120717E+20
0.24542547735657E+11;0.1243181E+00;0.1121106E+20
0.24542547735685E+11;0.1251913E+00;0.1121560E+20
0.24542547735713E+11;0.1236077E+00;0.1122099E+20
0.24542547735742E+11;0.1219121E+00;0.1122685E+20
0.24542547735770E+11;0.1199053E+00;0.1123250E+20
0.24542547735799E+11;0.1180383E+00;0.1123726E+20
0.24542547735827E+11;0.1209347E+00;0.1124113E+20
0.24542547735855E+11;0.1237739E+00;0.1124495E+20
0.24542547735883E+11;0.1245604E+00;0.1124937E+20
0.24542547735911E+11;0.1229956E+00;0.1125460E+20
0.24542547735940E+11;0.1214017E+00;0.1126030E+20
0.24542547735969E+11;0.1194723E+00;0.1126583E+20
0.24542547735997E+11;0.1177311E+00;0.1127054E+20
0.24542547736025E+11;0.1205305E+00;0.1127441E+20
0.24542547736053E+11;0.1233128E+00;0.1127821E+20
0.24542547736081E+11;0.1240132E+00;0.1128253E+20
0.24542547736109E+11;0.1225213E+00;0.1128762E+20
0.24542547736138E+11;0.1209598E+00;0.1129315E+20
0.24542547736167E+11;0.1190971E+00;0.1129854E+20
0.24542547736196E+11;0.1174680E+00;0.1130318E+20
0.24542547736223E+11;0.1201992E+00;0.1130706E+20
0.24542547736251E+11;0.1229251E+00;0.1131084E+20
0.24542547736280E+11;0.1235390E+00;0.1131508E+20
0.24542547736308E+11;0.1221133E+00;0.1132001E+20
0.24542547736336E+11;0.1205769E+00;0.1132530E+20
0.24542547736365E+11;0.1188316E+00;0.1133038E+20
0.24542547736394E+11;0.1172415E+00;0.1133458E+20
0.24542547736422E+11;0.1199066E+00;0.1133777E+20
0.24542547736450E+11;0.1225511E+00;0.1134025E+20
0.24542547736478E+11;0.1230309E+00;0.1134229E+20
0.24542547736506E+11;0.1216318E+00;0.1134406E+20
0.24542547736535E+11;0.1200573E+00;0.1134543E+20
0.24542547736564E+11;0.1184371E+00;0.1134620E+20
0.24542547736593E+11;0.1168126E+00;0.1134628E+20
0.24542547736621E+11;0.1181099E+00;0.1134575E+20
0.24542547736649E+11;0.1202532E+00;0.1134471E+20
0.24542547736677E+11;0.1201777E+00;0.1134329E+20
0.24542547736705E+11;0.1187317E+00;0.1134145E+20
0.24542547736734E+11;0.1170619E+00;0.1133870E+20
0.24542547736763E+11;0.1156440E+00;0.1133435E+20
0.24542547736792E+11;0.1140195E+00;0.1132817E+20
0.24542547736820E+11;0.1123955E+00;0.1132021E+20
0.24542547736849E+11;0.1114142E+00;0.1131037E+20
0.24542547736877E+11;0.1098892E+00;0.1129891E+20
0.24542547736906E+11;0.1081191E+00;0.1128596E+20
0.24542547736935E+11;0.1070921E+00;0.1127141E+20
0.24542547736964E+11;0.1049573E+00;0.1125488E+20
0.24542547736993E+11;0.1039949E+00;0.1123700E+20
0.24542547737023E+11;0.1014003E+00;0.1121770E+20
0.24542547737052E+11;0.1009437E+00;0.1119678E+20
0.24542547737082E+11;0.9824358E-01;0.1117468E+20
0.24542547737111E+11;0.9782499E-01;0.1115116E+20
0.24542547737141E+11;0.9452631E-01;0.1112610E+20
0.24542547737172E+11;0.9419871E-01;0.1109831E+20
0.24542547737202E+11;0.9239223E-01;0.1106856E+20
0.24542547737232E+11;0.8948213E-01;0.1103566E+20
0.24542547737263E+11;0.8953047E-01;0.1100008E+20
0.24542547737293E+11;0.8603621E-01;0.1096132E+20
0.24542547737324E+11;0.8481836E-01;0.1092042E+20
0.24542547737356E+11;0.8417893E-01;0.1087728E+20
0.24542547737387E+11;0.7984607E-01;0.1083199E+20
0.24542547737418E+11;0.7931324E-01;0.1078548E+20
0.24542547737451E+11;0.7846410E-01;0.1073424E+20
0.24542547737483E+11;0.7358149E-01;0.1068157E+20
0.24542547737514E+11;0.7292276E-01;0.1062736E+20
0.24542547737546E+11;0.7251026E-01;0.1057064E+20
0.24542547737580E+11;0.6826358E-01;0.1051084E+20
0.24542547737612E+11;0.6533693E-01;0.1045256E+20
0.24542547737645E+11;0.6573477E-01;0.1039165E+20
0.24542547737679E+11;0.6297331E-01;0.1032812E+20
0.24542547737711E+11;0.5638581E-01;0.1026518E+20
0.24542547737745E+11;0.5751777E-01;0.1020003E+20
0.24542547737780E+11;0.5652102E-01;0.1013006E+20
0.24542547737814E+11;0.5182133E-01;0.1006123E+20
0.24542547737848E+11;0.4738434E-01;0.9990032E+19
0.24542547737882E+11;0.4783861E-01;0.9916287E+19
0.24542547737917E+11;0.4596822E-01;0.9837987E+19
0.24542547737951E+11;0.4023879E-01;0.9759612E+19
0.24542547737987E+11;0.3617430E-01;0.9676321E+19
0.24542547738022E+11;0.3633050E-01;0.9593533E+19
0.24542547738058E+11;0.3418984E-01;0.9507843E+19
0.24542547738094E+11;0.2830705E-01;0.9422196E+19
0.24542547738132E+11;0.2312358E-01;0.9330475E+19
0.24542547738169E+11;0.2262599E-01;0.9239134E+19
0.24542547738206E+11;0.2070191E-01;0.9148116E+19
0.24542547738243E+11;0.1540740E-01;0.9057847E+19
0.24542547738281E+11;0.8475659E-02;0.8962572E+19
0.24542547738320E+11;0.5782863E-02;0.8867616E+19
0.24542547738359E+11;0.4611194E-02;0.8772159E+19
0.24542547738397E+11;0.4248908E-03;0.8676483E+19
0.24542547738437E+11;-0.7794704E-02;0.8578461E+19
0.24542547738477E+11;-0.1610967E-01;0.8478527E+19
0.24542547738520E+11;-0.1601994E-01;0.8372175E+19
0.24542547738561E+11;-0.1894880E-01;0.8268235E+19
0.24542547738602E+11;-0.2521334E-01;0.8164298E+19
0.24542547738645E+11;-0.3522036E-01;0.8055967E+19
0.24542547738689E+11;-0.4427943E-01;0.7942133E+19
0.24542547738738E+11;-0.4569609E-01;0.7818672E+19
0.24542547738782E+11;-0.5042018E-01;0.7703051E+19
0.24542547738828E+11;-0.5885864E-01;0.7586884E+19
0.24542547738875E+11;-0.7237442E-01;0.7465075E+19
0.24542547738927E+11;-0.7854431E-01;0.7331808E+19
0.24542547738981E+11;-0.8323480E-01;0.7193185E+19
0.24542547739031E+11;-0.9144175E-01;0.7064637E+19
0.24542547739082E+11;-0.1040399E+00;0.6933926E+19
0.24542547739138E+11;-0.1236048E+00;0.6793296E+19
0.24542547739198E+11;-0.1282987E+00;0.6641684E+19
0.24542547739262E+11;-0.1379771E+00;0.6479643E+19
0.24542547739322E+11;-0.1517095E+00;0.6330511E+19
0.24542547739384E+11;-0.1713768E+00;0.6178388E+19
0.24542547739450E+11;-0.1951602E+00;0.6017757E+19
0.24542547739521E+11;-0.2075859E+00;0.5847553E+19
0.24542547739596E+11;-0.2230606E+00;0.5671919E+19
0.24542547739673E+11;-0.2442583E+00;0.5492689E+19
0.24542547739753E+11;-0.2725270E+00;0.5310443E+19
0.24542547739836E+11;-0.2964493E+00;0.5124803E+19
0.24542547739922E+11;-0.3178000E+00;0.4936406E+19
0.24542547740010E+11;-0.3450465E+00;0.4746990E+19
0.24542547740108E+11;-0.3805441E+00;0.4542642E+19
0.24542547740208E+11;-0.4157088E+00;0.4340699E+19
0.24542547740307E+11;-0.4522152E+00;0.4146316E+19
0.24542547740416E+11;-0.4826273E+00;0.3938399E+19
0.24542547740520E+11;-0.5139306E+00;0.3746982E+19
0.24542547740633E+11;-0.5513099E+00;0.3547361E+19
0.24542547740747E+11;-0.5919113E+00;0.3354036E+19
0.24542547740873E+11;-0.6399760E+00;0.3149326E+19
0.24542547741015E+11;-0.6870322E+00;0.2931814E+19
0.24542547741159E+11;-0.7286971E+00;0.2721829E+19
0.24542547741306E+11;-0.7728372E+00;0.2521326E+19
0.24542547741460E+11;-0.8212841E+00;0.2324646E+19
0.24542547741630E+11;-0.8765713E+00;0.2123710E+19
0.24542547741819E+11;-0.9283395E+00;0.1919388E+19
0.24542547742033E+11;-0.9858847E+00;0.1710127E+19
0.24542547742266E+11;-0.1041845E+01;0.1509375E+19
0.24542547742526E+11;-0.1103189E+01;0.1314671E+19
0.24542547742800E+11;-0.1160448E+01;0.1140441E+19
0.24542547743096E+11;-0.1220879E+01;0.9822397E+18
0.24542547743435E+11;-0.1273778E+01;0.8346578E+18
0.24542547743843E+11;-0.1338303E+01;0.6943355E+18
0.24542547744307E+11;-0.1402336E+01;0.5728426E+18
0.24542547744844E+11;-0.1476346E+01;0.4681737E+18
0.24542547745447E+11;-0.1538745E+01;0.3824116E+18
0.24542547746161E+11;-0.1598458E+01;0.3094561E+18
0.24542547747044E+11;-0.1666881E+01;0.2464479E+18
0.24542547748121E+11;-0.1742500E+01;0.1944214E+18
0.24542547749421E+11;-0.1822052E+01;0.1527052E+18
0.24542547750989E+11;-0.1905497E+01;0.1197330E+18
0.24542547752841E+11;-0.1990354E+01;0.9438531E+17
0.24542547755064E+11;-0.2077079E+01;0.7463872E+17
0.24542547757750E+11;-0.2165467E+01;0.5923414E+17
0.24542547760982E+11;-0.2254652E+01;0.4729173E+17
0.24542547764900E+11;-0.2344885E+01;0.3797046E+17
0.24542547769670E+11;-0.2436313E+01;0.3065617E+17
0.24542547775499E+11;-0.2502051E+01;0.2487479E+17
0.24542547782652E+11;-0.2571077E+01;0.2025916E+17
0.24542547791472E+11;-0.2653152E+01;0.1652422E+17
0.24542547802421E+11;-0.2743851E+01;0.1345300E+17
0.24542547815862E+11;-0.2831615E+01;0.1093493E+17
0.24542547831861E+11;-0.2917746E+01;0.8916278E+16
0.24542547851428E+11;-0.3007170E+01;0.7252291E+16
0.24542547875428E+11;-0.3097507E+01;0.5888086E+16
0.24542547904914E+11;-0.3188475E+01;0.4777445E+16
0.24542547941195E+11;-0.3279914E+01;0.3878553E+16
0.24542547985869E+11;-0.3371635E+01;0.3154906E+16
0.24542548040971E+11;-0.3463477E+01;0.2573942E+16
0.24542548109014E+11;-0.3555799E+01;0.2108365E+16
0.24542548193067E+11;-0.3645253E+01;0.1735475E+16
0.24542548297148E+11;-0.3717078E+01;0.1435695E+16
0.24542548425618E+11;-0.3785262E+01;0.1194255E+16
0.24542548585073E+11;-0.3854620E+01;0.9970667E+15
0.24542548782454E+11;-0.3932242E+01;0.8345036E+15
0.24542549028332E+11;-0.4024798E+01;0.6976072E+15
0.24542549332124E+11;-0.4119973E+01;0.5817322E+15
0.24542549673531E+11;-0.4202304E+01;0.4908289E+15
0.24542550084418E+11;-0.4282343E+01;0.4138098E+15
0.24542550586166E+11;-0.4364263E+01;0.3483783E+15
0.24542551197942E+11;-0.4443410E+01;0.2935869E+15
0.24542551944406E+11;-0.4516984E+01;0.2480920E+15
0.24542552856103E+11;-0.4584464E+01;0.2104556E+15
0.24542553969281E+11;-0.4648125E+01;0.1792997E+15
0.24542555332088E+11;-0.4713925E+01;0.1532593E+15
0.24542556999554E+11;-0.4791376E+01;0.1312103E+15
0.24542558892216E+11;-0.4874604E+01;0.1133801E+15
0.24542561145827E+11;-0.4957104E+01;0.9790277E+14
0.24542563631211E+11;-0.5026481E+01;0.8535103E+14
0.24542566621602E+11;-0.5088604E+01;0.7428535E+14
0.24542570181221E+11;-0.5148447E+01;0.6477202E+14
0.24542574427878E+11;-0.5205906E+01;0.5662068E+14
0.24542579498040E+11;-0.5265501E+01;0.4960855E+14
0.24542585377558E+11;-0.5334025E+01;0.4365903E+14
0.24542592157251E+11;-0.5408330E+01;0.3852924E+14
0.24542600230514E+11;-0.5483295E+01;0.3392291E+14
0.24542608859933E+11;-0.5539797E+01;0.3019492E+14
0.24542619117437E+11;-0.5589771E+01;0.2684407E+14
0.24542631109058E+11;-0.5640863E+01;0.2390640E+14
0.24542645174035E+11;-0.5697708E+01;0.2131517E+14
0.24542661274683E+11;-0.5764474E+01;0.1905717E+14
0.24542680173272E+11;-0.5833807E+01;0.1701721E+14
0.24542700820392E+11;-0.5895365E+01;0.1528995E+14
0.24542724144355E+11;-0.5936583E+01;0.1377270E+14
0.24542751262595E+11;-0.5983108E+01;0.1240432E+14
0.24542782638660E+11;-0.6039202E+01;0.1117358E+14
0.24542819012711E+11;-0.6104114E+01;0.1005546E+14
0.24542861168057E+11;-0.6169480E+01;0.9034334E+13
0.24542905242693E+11;-0.6211259E+01;0.8186017E+13
0.24542956492831E+11;-0.6252623E+01;0.7398569E+13
0.24543015173737E+11;-0.6306025E+01;0.6679035E+13
0.24543082662263E+11;-0.6367318E+01;0.6014059E+13
0.24543160177510E+11;-0.6428984E+01;0.5398172E+13
0.24543241438370E+11;-0.6461938E+01;0.4875953E+13
0.24543335613692E+11;-0.6506431E+01;0.4387167E+13
0.24543442806578E+11;-0.6563824E+01;0.3940433E+13
0.24543565314336E+11;-0.6622790E+01;0.3531237E+13
0.24543695209736E+11;-0.6658697E+01;0.3183157E+13
0.24543843679166E+11;-0.6700887E+01;0.2864700E+13
0.24544012113544E+11;-0.6756727E+01;0.2577538E+13
0.24544203665417E+11;-0.6813731E+01;0.2318496E+13
0.24544406355848E+11;-0.6843710E+01;0.2099552E+13
0.24544638790999E+11;-0.6892253E+01;0.1898061E+13
0.24544901411293E+11;-0.6947612E+01;0.1715899E+13
0.24545185218802E+11;-0.6985220E+01;0.1557756E+13
0.24545503230344E+11;-0.7027726E+01;0.1414765E+13
0.24545863045733E+11;-0.7081930E+01;0.1284308E+13
0.24546254834835E+11;-0.7120808E+01;0.1169499E+13
0.24546690671415E+11;-0.7163559E+01;0.1065880E+13
0.24547183778432E+11;-0.7217228E+01;0.9707995E+12
0.24547713263570E+11;-0.7251698E+01;0.8877308E+12
0.24548313238509E+11;-0.7300042E+01;0.8109305E+12
0.24548989073885E+11;-0.7347846E+01;0.7404901E+12
0.24549715478758E+11;-0.7385714E+01;0.6786379E+12
0.24550542892021E+11;-0.7438709E+01;0.6209661E+12
0.24551432809123E+11;-0.7473676E+01;0.5700992E+12
0.24552446284608E+11;-0.7525108E+01;0.5225125E+12
0.24553541724480E+11;-0.7562704E+01;0.4802116E+12
0.24554789158911E+11;-0.7613192E+01;0.4405525E+12
0.24556143619992E+11;-0.7652038E+01;0.4050770E+12
0.24557689692978E+11;-0.7703206E+01;0.3717057E+12
0.24559378505750E+11;-0.7742684E+01;0.3416728E+12
0.24561295580116E+11;-0.7791080E+01;0.3135803E+12
0.24563426631196E+11;-0.7835782E+01;0.2878901E+12
0.24565798827091E+11;-0.7879980E+01;0.2643635E+12
0.24568506411454E+11;-0.7929196E+01;0.2423353E+12
0.24571557266424E+11;-0.7974680E+01;0.2220596E+12
0.24575002781558E+11;-0.8020872E+01;0.2034144E+12
0.24578917959485E+11;-0.8068706E+01;0.1862285E+12
0.24583394976620E+11;-0.8117427E+01;0.1703553E+12
0.24588555004284E+11;-0.8165134E+01;0.1556469E+12
0.24594532989782E+11;-0.8213556E+01;0.1420155E+12
0.24601506939432E+11;-0.8262721E+01;0.1293623E+12
0.24609724530940E+11;-0.8312441E+01;0.1175788E+12
0.24618568043373E+11;-0.8355451E+01;0.1075340E+12
0.24629405387341E+11;-0.8399533E+01;0.9781702E+11
0.24633378534141E+11;-0.8414148E+01;0.9479438E+11
0.24639338254340E+11;-0.8434794E+01;0.9069331E+11
0.24648277834639E+11;-0.8463303E+01;0.8535128E+11
0.24660185241230E+11;-0.8497428E+01;0.7941977E+11
0.24672825443890E+11;-0.8529744E+01;0.7424292E+11
0.24686914683504E+11;-0.8562118E+01;0.6948159E+11
0.24700975533464E+11;-0.8591190E+01;0.6552185E+11
0.24715567729132E+11;-0.8618632E+01;0.6204090E+11
0.24730757738248E+11;-0.8644768E+01;0.5893543E+11
0.24746640213261E+11;-0.8669811E+01;0.5612592E+11
0.24764651691553E+11;-0.8695743E+01;0.5336225E+11
0.24781963329224E+11;-0.8718630E+01;0.5103933E+11
0.24799934732638E+11;-0.8740551E+01;0.4890436E+11
0.24818219691990E+11;-0.8761169E+01;0.4697095E+11
0.24839022293645E+11;-0.8782700E+01;0.4501801E+11
0.24859173436195E+11;-0.8800681E+01;0.4334024E+11
0.24880142456057E+11;-0.8816895E+01;0.4178696E+11
0.24901391140170E+11;-0.8831902E+01;0.4038755E+11
0.24923488998992E+11;-0.8846321E+01;0.3909587E+11
0.24946517173809E+11;-0.8860194E+01;0.3790537E+11
0.24970422045602E+11;-0.8873530E+01;0.3681566E+11
0.24993593802304E+11;-0.8885516E+01;0.3588321E+11
0.25018599260083E+11;-0.8897493E+01;0.3499496E+11
0.25042963695820E+11;-0.8908295E+01;0.3423094E+11
0.25069849614813E+11;-0.8919315E+01;0.3348733E+11
0.25095532791530E+11;-0.8929026E+01;0.3286023E+11
0.25121871184711E+11;-0.8938182E+01;0.3228883E+11
0.25148769256165E+11;-0.8946799E+01;0.3176946E+11
0.25176145802841E+11;-0.8954818E+01;0.3129845E+11
0.25204926622092E+11;-0.8962519E+01;0.3085623E+11
0.25231615209011E+11;-0.8968994E+01;0.3048758E+11
0.25260889052169E+11;-0.8975430E+01;0.3012324E+11
0.25289057076243E+11;-0.8980993E+01;0.2980617E+11
0.25317604468883E+11;-0.8986018E+01;0.2951329E+11
0.25345669382519E+11;-0.8990384E+01;0.2925140E+11
0.25374434128581E+11;-0.8994277E+01;0.2900946E+11
0.25402346724906E+11;-0.8997495E+01;0.2880048E+11
0.25428956491125E+11;-0.9000015E+01;0.2862545E+11
0.25455593250381E+11;-0.9000543E+01;0.2847428E+11
0.25483939890553E+11;-0.9000618E+01;0.2834036E+11
0.25513873681650E+11;-0.9000691E+01;0.2822982E+11
0.25543265796737E+11;-0.9000756E+01;0.2815188E+11
0.25570427946579E+11;-0.9000811E+01;0.2810441E+11
0.25596453047481E+11;-0.9000859E+01;0.2807806E+11
0.25624049406204E+11;-0.9000906E+01;0.2806852E+11
0.25654576494740E+11;-0.9000954E+01;0.2807835E+11
0.25685705793092E+11;-0.9000998E+01;0.2810674E+11
0.25694976956978E+11;-0.9001011E+01;0.2811796E+11
0.25708883702807E+11;-0.9001029E+01;0.2813665E+11
0.25729743821551E+11;-0.9001054E+01;0.2816825E+11
0.25760092268733E+11;-0.9001088E+01;0.2822081E+11
0.25790824686766E+11;-0.9001120E+01;0.2828120E+11
0.25820408350154E+11;-0.9001148E+01;0.2834559E+11
0.25850563728051E+11;-0.9001174E+01;0.2841622E+11
0.25878326594712E+11;-0.9001196E+01;0.2848530E+11
0.25908427634990E+11;-0.9001217E+01;0.2856660E+11
0.25938382590819E+11;-0.9001237E+01;0.2865751E+11
0.25948665379874E+11;-0.9001243E+01;0.2869135E+11
0.25964089563456E+11;-0.9001252E+01;0.2874454E+11
0.25987225838828E+11;-0.9001265E+01;0.2882945E+11
0.26016275022728E+11;-0.9001280E+01;0.2894496E+11
0.26045845050706E+11;-0.9001293E+01;0.2907362E+11
0.26076028020569E+11;-0.9001306E+01;0.2921662E+11
0.26104657877499E+11;-0.9001316E+01;0.2936118E+11
0.26131704288250E+11;-0.9001325E+01;0.2950345E+11
0.26160377743464E+11;-0.9001334E+01;0.2965968E+11
0.26189058383933E+11;-0.9001341E+01;0.2982236E+11
0.26218277221422E+11;-0.9001348E+01;0.2999395E+11
0.26245325338879E+11;-0.9001353E+01;0.3015551E+11
0.26272531983640E+11;-0.9001358E+01;0.3031952E+11
0.26301635543954E+11;-0.9001362E+01;0.3049672E+11
0.26330443947762E+11;-0.9001366E+01;0.3067499E+11
0.26357766783759E+11;-0.9001369E+01;0.3084690E+11
0.26383747392902E+11;-0.9001371E+01;0.3101185E+11
0.26410930181271E+11;-0.9001373E+01;0.3118724E+11
0.26438554258065E+11;-0.9001375E+01;0.3137197E+11
0.26448082992967E+11;-0.9001375E+01;0.3143754E+11
0.26462376095320E+11;-0.9001375E+01;0.3153756E+11
0.26483815748849E+11;-0.9001376E+01;0.3169090E+11
0.26511091056976E+11;-0.9001376E+01;0.3189113E+11
0.26537015118551E+11;-0.9001376E+01;0.3208683E+11
0.26565327879577E+11;-0.9001375E+01;0.3230617E+11
0.26591527040818E+11;-0.9001374E+01;0.3251396E+11
0.26616738130331E+11;-0.9001373E+01;0.3271738E+11
0.26643107167778E+11;-0.9001371E+01;0.3293165E+11
0.26669102461667E+11;-0.9001370E+01;0.3314444E+11
0.26695289535707E+11;-0.9001368E+01;0.3336132E+11
0.26720633724152E+11;-0.9001365E+01;0.3357201E+11
0.26745764950598E+11;-0.9001363E+01;0.3378056E+11
0.26771573986890E+11;-0.9001360E+01;0.3399505E+11
0.26796923987273E+11;-0.9001357E+01;0.3420723E+11
0.26822231172471E+11;-0.9001354E+01;0.3442143E+11
0.26846369864377E+11;-0.9001351E+01;0.3462957E+11
0.26872006645470E+11;-0.9001348E+01;0.3485591E+11
0.26896537207655E+11;-0.9001344E+01;0.3507760E+11
0.26921589847314E+11;-0.9001341E+01;0.3530898E+11
0.26945801361823E+11;-0.9001337E+01;0.3553657E+11
0.26969914970221E+11;-0.9001333E+01;0.3576580E+11
0.26994941411965E+11;-0.9001329E+01;0.3600533E+11
0.27018829698901E+11;-0.9001325E+01;0.3623560E+11
0.27043130459771E+11;-0.9001321E+01;0.3647118E+11
0.27066276482471E+11;-0.9001316E+01;0.3669696E+11
0.27091122831678E+11;-0.9001312E+01;0.3694237E+11
0.27115506499194E+11;-0.9001307E+01;0.3718594E+11
0.27139216933529E+11;-0.9001303E+01;0.3742337E+11
0.27162177261425E+11;-0.9001298E+01;0.3765364E+11
0.27185590867904E+11;-0.9001293E+01;0.3789014E+11
0.27210805283202E+11;-0.9001288E+01;0.3814784E+11
0.27234068007179E+11;-0.9001283E+01;0.3838906E+11
0.27256928654566E+11;-0.9001279E+01;0.3862989E+11
0.27279300126773E+11;-0.9001274E+01;0.3887048E+11
0.27303070664763E+11;-0.9001268E+01;0.3913265E+11
0.27326892152427E+11;-0.9001263E+01;0.3940022E+11
0.27349169706965E+11;-0.9001258E+01;0.3965110E+11
0.27370883302119E+11;-0.9001253E+01;0.3989469E+11
0.27394123138968E+11;-0.9001248E+01;0.4015578E+11
0.27418025966717E+11;-0.9001242E+01;0.4042617E+11
0.27440346699064E+11;-0.9001237E+01;0.4067971E+11
0.27461803974544E+11;-0.9001231E+01;0.4092410E+11
0.27483895632630E+11;-0.9001226E+01;0.4117850E+11
0.27506637191605E+11;-0.9001220E+01;0.4144567E+11
0.27529260984710E+11;-0.9001215E+01;0.4171476E+11
0.27550506541843E+11;-0.9001209E+01;0.4196818E+11
0.27571325783192E+11;-0.9001204E+01;0.4221813E+11
0.27594367692971E+11;-0.9001198E+01;0.4249930E+11
0.27616766716885E+11;-0.9001192E+01;0.4277919E+11
0.27637995687245E+11;-0.9001187E+01;0.4304841E+11
0.27658292920587E+11;-0.9001181E+01;0.4330738E+11
0.27680340469408E+11;-0.9001176E+01;0.4359092E+11
0.27702073341135E+11;-0.9001170E+01;0.4387303E+11
0.27723922686001E+11;-0.9001164E+01;0.4415702E+11
0.27743905400998E+11;-0.9001158E+01;0.4441496E+11
0.27764565548352E+11;-0.9001153E+01;0.4468168E+11
0.27786050303059E+11;-0.9001147E+01;0.4496382E+11
0.27807443158786E+11;-0.9001141E+01;0.4525048E+11
0.27827509460844E+11;-0.9001135E+01;0.4552231E+11
0.27847171034061E+11;-0.9001129E+01;0.4579145E+11
0.27868959919522E+11;-0.9001123E+01;0.4609434E+11
0.27889399839070E+11;-0.9001117E+01;0.4638389E+11
0.27909430184715E+11;-0.9001111E+01;0.4667148E+11
0.27928510769170E+11;-0.9001106E+01;0.4694697E+11
0.27948567666725E+11;-0.9001100E+01;0.4723838E+11
0.27968819269941E+11;-0.9001094E+01;0.4753638E+11
0.27988472015103E+11;-0.9001088E+01;0.4782759E+11
0.28007026143043E+11;-0.9001082E+01;0.4810168E+11
0.28026481300245E+11;-0.9001076E+01;0.4838896E+11
0.28046445124736E+11;-0.9001070E+01;0.4868675E+11
0.28065632004946E+11;-0.9001064E+01;0.4897632E+11
0.28083990789287E+11;-0.9001058E+01;0.4925599E+11
0.28102988443007E+11;-0.9001052E+01;0.4954875E+11
0.28121900106396E+11;-0.9001046E+01;0.4984441E+11
0.28140981644802E+11;-0.9001040E+01;0.5014846E+11
0.28159111990908E+11;-0.9001034E+01;0.5044277E+11
0.28176954476924E+11;-0.9001028E+01;0.5073481E+11
0.28195711572197E+11;-0.9001022E+01;0.5104316E+11
0.28214547825752E+11;-0.9001016E+01;0.5135469E+11
0.28232430801736E+11;-0.9001010E+01;0.5165039E+11
0.28249667526050E+11;-0.9001005E+01;0.5193575E+11
0.28268817815205E+11;-0.9000998E+01;0.5225542E+11
0.28286694227376E+11;-0.9000992E+01;0.5255685E+11
0.28304601703868E+11;-0.9000986E+01;0.5286126E+11
0.28321499729970E+11;-0.9000980E+01;0.5315092E+11
0.28339589746611E+11;-0.9000974E+01;0.5346461E+11
0.28357405329725E+11;-0.9000968E+01;0.5377839E+11
0.28374773280887E+11;-0.9000962E+01;0.5409027E+11
0.28391436716650E+11;-0.9000956E+01;0.5439631E+11
0.28408463924209E+11;-0.9000950E+01;0.5471497E+11
0.28425825560704E+11;-0.9000944E+01;0.5504330E+11
0.28442795320551E+11;-0.9000938E+01;0.5536460E+11
0.28459297174625E+11;-0.9000932E+01;0.5567661E+11
0.28475632756275E+11;-0.9000926E+01;0.5598854E+11
0.28493205192049E+11;-0.9000919E+01;0.5633099E+11
0.28509634959540E+11;-0.9000913E+01;0.5665673E+11
0.28525733728041E+11;-0.9000907E+01;0.5697840E+11
0.28541401656995E+11;-0.9000902E+01;0.5729477E+11
0.28557870046612E+11;-0.9000895E+01;0.5763461E+11
0.28574384640493E+11;-0.9000889E+01;0.5798393E+11
0.28590266176463E+11;-0.9000883E+01;0.5832766E+11
0.28605321238370E+11;-0.9000877E+01;0.5866092E+11
0.28621726275089E+11;-0.9000871E+01;0.5903157E+11
0.28637288262622E+11;-0.9000864E+01;0.5938805E+11
0.28652569294568E+11;-0.9000858E+01;0.5973845E+11
0.28667289262364E+11;-0.9000852E+01;0.6007696E+11
0.28682839806426E+11;-0.9000846E+01;0.6044082E+11
0.28698165659150E+11;-0.9000839E+01;0.6080649E+11
0.28713153212443E+11;-0.9000833E+01;0.6116759E+11
0.28727431131712E+11;-0.9000827E+01;0.6151244E+11
0.28742259021562E+11;-0.8997129E+01;0.6187417E+11
0.28757001948699E+11;-0.8995422E+01;0.6224299E+11
0.28771277943236E+11;-0.8989040E+01;0.6260761E+11
0.28785182507122E+11;-0.8983483E+01;0.6296509E+11
0.28799176887787E+11;-0.8980344E+01;0.6332645E+11
0.28813201667219E+11;-0.8977325E+01;0.6369201E+11
0.28827358746361E+11;-0.8971920E+01;0.6406314E+11
0.28840968350250E+11;-0.8966888E+01;0.6441716E+11
0.28854368809086E+11;-0.8962740E+01;0.6476223E+11
0.28867772408944E+11;-0.8959942E+01;0.6510610E+11
0.28881099534600E+11;-0.8955384E+01;0.6544807E+11
0.28894204926940E+11;-0.8950472E+01;0.6578340E+11
0.28906962958691E+11;-0.8947640E+01;0.6610811E+11
0.28919960586423E+11;-0.8945655E+01;0.6643769E+11
0.28932715415052E+11;-0.8939858E+01;0.6676096E+11
0.28945297322165E+11;-0.8936547E+01;0.6707997E+11
0.28957690670849E+11;-0.8932824E+01;0.6739234E+11
0.28970216314345E+11;-0.8929572E+01;0.6770552E+11
0.28982803776825E+11;-0.8927970E+01;0.6801866E+11
0.28995211557700E+11;-0.8923040E+01;0.6832203E+11
0.29007169635525E+11;-0.8921251E+01;0.6860636E+11
0.29019809507909E+11;-0.8918300E+01;0.6890081E+11
0.29031774934386E+11;-0.8914324E+01;0.6917827E+11
0.29044059295349E+11;-0.8913801E+01;0.6946304E+11
0.29055961153198E+11;-0.8909109E+01;0.6973713E+11
0.29067565469376E+11;-0.8907270E+01;0.7000330E+11
0.29079585092178E+11;-0.8904123E+01;0.7028021E+11
0.29091238782904E+11;-0.8902135E+01;0.7055284E+11
0.29103012023582E+11;-0.8899891E+01;0.7083559E+11
0.29114549948097E+11;-0.8896724E+01;0.7111917E+11
0.29125883801153E+11;-0.8893503E+01;0.7140082E+11
0.29137315279130E+11;-0.8891461E+01;0.7168790E+11
0.29148722475814E+11;-0.8889860E+01;0.7198091E+11
0.29160127464817E+11;-0.8886425E+01;0.7228519E+11
0.29171344920380E+11;-0.8883253E+01;0.7259964E+11
0.29182343899647E+11;-0.8878707E+01;0.7292348E+11
0.29193304967146E+11;-0.8877469E+01;0.7326134E+11
0.29204449669644E+11;-0.8875008E+01;0.7362579E+11
0.29215840658780E+11;-0.8869982E+01;0.7402942E+11
0.29226653916601E+11;-0.8864347E+01;0.7444591E+11
0.29237281031276E+11;-0.8857165E+01;0.7488495E+11
0.29247775547720E+11;-0.8848299E+01;0.7534819E+11
0.29258001082563E+11;-0.8840881E+01;0.7583364E+11
0.29268536296029E+11;-0.8832523E+01;0.7637376E+11
0.29278692875756E+11;-0.8825836E+01;0.7693736E+11
0.29288643083986E+11;-0.8817289E+01;0.7753487E+11
0.29298470297443E+11;-0.8808238E+01;0.7817419E+11
0.29307813562390E+11;-0.8799402E+01;0.7883382E+11
0.29317576661839E+11;-0.8793484E+01;0.7958652E+11
0.29327062978742E+11;-0.8786670E+01;0.8039175E+11
0.29336220153756E+11;-0.8778257E+01;0.8124797E+11
0.29345256169643E+11;-0.8769662E+01;0.8217974E+11
0.29353881491216E+11;-0.8760879E+01;0.8316222E+11
0.29362659534763E+11;-0.8751632E+01;0.8427159E+11
0.29371389079666E+11;-0.8734695E+01;0.8550723E+11
0.29379665828886E+11;-0.8713989E+01;0.8682741E+11
0.29387471398559E+11;-0.8694276E+01;0.8823242E+11
0.29395645112192E+11;-0.8677949E+01;0.8990720E+11
0.29403448321863E+11;-0.8656672E+01;0.9175356E+11
0.29410667699092E+11;-0.8630085E+01;0.9374369E+11
0.29417369844589E+11;-0.8599280E+01;0.9590536E+11
0.29423599663159E+11;-0.8569198E+01;0.9826725E+11
0.29425765857645E+11;-0.8559238E+01;0.9918703E+11
0.29429015149373E+11;-0.8544655E+01;0.1006808E+12
0.29433889086965E+11;-0.8522399E+01;0.1032286E+12
0.29435807540718E+11;-0.8510625E+01;0.1043532E+12
0.29438685221347E+11;-0.8489737E+01;0.1061957E+12
0.29443001742290E+11;-0.8453368E+01;0.1093852E+12
0.29447739464168E+11;-0.8406057E+01;0.1136648E+12
0.29452186420711E+11;-0.8358307E+01;0.1187421E+12
0.29453619392139E+11;-0.8342169E+01;0.1206764E+12
0.29455768849280E+11;-0.8316693E+01;0.1239341E+12
0.29458993034991E+11;-0.8273331E+01;0.1298670E+12
0.29460129496263E+11;-0.8255840E+01;0.1323510E+12
0.29461834188171E+11;-0.8225520E+01;0.1365843E+12
0.29464391226032E+11;-0.8164923E+01;0.1444629E+12
0.29467087064211E+11;-0.8087307E+01;0.1558376E+12
0.29467941285934E+11;-0.8059747E+01;0.1604464E+12
0.29469222618518E+11;-0.8014499E+01;0.1687070E+12
0.29471144617395E+11;-0.7932381E+01;0.1857347E+12
0.29471769763528E+11;-0.7899889E+01;0.1931430E+12
0.29472707482726E+11;-0.7843048E+01;0.2070222E+12
0.29473171653729E+11;-0.7810257E+01;0.2156055E+12
0.29473867910234E+11;-0.7753420E+01;0.2316371E+12
0.29474912294991E+11;-0.7630788E+01;0.2677405E+12
0.29475264276758E+11;-0.7571922E+01;0.2856805E+12
0.29475792249409E+11;-0.7463731E+01;0.3230473E+12
0.29476053595871E+11;-0.7397458E+01;0.3491716E+12
0.29476445615564E+11;-0.7272670E+01;0.4062067E+12
0.29476639665312E+11;-0.7194017E+01;0.4484408E+12
0.29476930739934E+11;-0.7040546E+01;0.5486215E+12
0.29477074821871E+11;-0.6938826E+01;0.6312022E+12
0.29477290944778E+11;-0.6723190E+01;0.8654079E+12
0.29477382378223E+11;-0.6588365E+01;0.1068218E+13
0.29477427637778E+11;-0.6503235E+01;0.1226320E+13
0.29477495527110E+11;-0.6336289E+01;0.1627247E+13
0.29477529132330E+11;-0.6224662E+01;0.1984619E+13
0.29477579540159E+11;-0.5982738E+01;0.3132235E+13
0.29477600108128E+11;-0.5831520E+01;0.4240053E+13
0.29477607426122E+11;-0.5763424E+01;0.4882366E+13
0.29477618403113E+11;-0.5637558E+01;0.6375718E+13
0.29477622655672E+11;-0.5577927E+01;0.7257646E+13
0.29477629034509E+11;-0.5470689E+01;0.9199263E+13
0.29477632192033E+11;-0.5406578E+01;0.1062697E+14
0.29477636928320E+11;-0.5289286E+01;0.1389575E+14
0.29477639272782E+11;-0.5217532E+01;0.1641380E+14
0.29477642789475E+11;-0.5082067E+01;0.2257050E+14
0.29477644530238E+11;-0.4995704E+01;0.2771757E+14
0.29477645391915E+11;-0.4945719E+01;0.3123738E+14
0.29477646684432E+11;-0.4858011E+01;0.3856048E+14
0.29477648623206E+11;-0.4680227E+01;0.5921309E+14
0.29477649377775E+11;-0.4584815E+01;0.7458333E+14
0.29477649641494E+11;-0.4545834E+01;0.8197327E+14
0.29477650037072E+11;-0.4479665E+01;0.9619974E+14
0.29477650630440E+11;-0.4356067E+01;0.1296416E+15
0.29477650914715E+11;-0.4281277E+01;0.1552353E+15
0.29477651341128E+11;-0.4136743E+01;0.2195741E+15
0.29477651495013E+11;-0.4069865E+01;0.2577171E+15
0.29477651721966E+11;-0.3946883E+01;0.3454679E+15
0.29477651801702E+11;-0.3893819E+01;0.3919845E+15
0.29477651921307E+11;-0.3799325E+01;0.4904321E+15
0.29477651979975E+11;-0.3744125E+01;0.5588562E+15
0.29477652067977E+11;-0.3645294E+01;0.7056765E+15
0.29477652111539E+11;-0.3586524E+01;0.8104465E+15
0.29477652176880E+11;-0.3480058E+01;0.1040936E+16
0.29477652209224E+11;-0.3415827E+01;0.1210309E+16
0.29477652257741E+11;-0.3297280E+01;0.1598012E+16
0.29477652281756E+11;-0.3224083E+01;0.1896848E+16
0.29477652317779E+11;-0.3084659E+01;0.2629189E+16
0.29477652335611E+11;-0.2994986E+01;0.3243980E+16
0.29477652362358E+11;-0.2813479E+01;0.4967875E+16
0.29477652372601E+11;-0.2718504E+01;0.6215365E+16
0.29477652376128E+11;-0.2680652E+01;0.6798592E+16
0.29477652381419E+11;-0.2617176E+01;0.7903801E+16
0.29477652389354E+11;-0.2501841E+01;0.1040837E+17
0.29477652393282E+11;-0.2432224E+01;0.1230617E+17
0.29477652399175E+11;-0.2304215E+01;0.1680097E+17
0.29477652401957E+11;-0.2229934E+01;0.2018183E+17
0.29477652406130E+11;-0.2093529E+01;0.2844639E+17
0.29477652407518E+11;-0.2039479E+01;0.3270262E+17
0.29477652409600E+11;-0.1947618E+01;0.4166322E+17
0.29477652410441E+11;-0.1906323E+01;0.4658182E+17
0.29477652411702E+11;-0.1839449E+01;0.5607139E+17
0.29477652413595E+11;-0.1725334E+01;0.7770976E+17
0.29477652414226E+11;-0.1670839E+01;0.8791135E+17
0.29477652415172E+11;-0.1583288E+01;0.1072988E+18
0.29477652415563E+11;-0.1545007E+01;0.1170597E+18
0.29477652416149E+11;-0.1484323E+01;0.1340035E+18
0.29477652416439E+11;-0.1454220E+01;0.1435214E+18
0.29477652416874E+11;-0.1405413E+01;0.1593237E+18
0.29477652417526E+11;-0.1329351E+01;0.1866481E+18
0.29477652417736E+11;-0.1305897E+01;0.1963452E+18
0.29477652418049E+11;-0.1271744E+01;0.2117531E+18
0.29477652418520E+11;-0.1221259E+01;0.2368450E+18
0.29477652418678E+11;-0.1204162E+01;0.2458418E+18
0.29477652418916E+11;-0.1179571E+01;0.2598849E+18
0.29477652419272E+11;-0.1142409E+01;0.2822172E+18
0.29477652419665E+11;-0.1100280E+01;0.3086325E+18
0.29477652420022E+11;-0.1062969E+01;0.3341686E+18
0.29477652420350E+11;-0.1031649E+01;0.3589766E+18
0.29477652420654E+11;-0.1003156E+01;0.3837250E+18
0.29477652420945E+11;-0.9776587E+00;0.4092905E+18
0.29477652421229E+11;-0.9518542E+00;0.4362185E+18
0.29477652421489E+11;-0.9282005E+00;0.4627873E+18
0.29477652421739E+11;-0.9051772E+00;0.4903604E+18
0.29477652421981E+11;-0.8841808E+00;0.5192711E+18
0.29477652422209E+11;-0.8642776E+00;0.5484220E+18
0.29477652422429E+11;-0.8462431E+00;0.5783612E+18
0.29477652422645E+11;-0.8275519E+00;0.6095613E+18
0.29477652422848E+11;-0.8109281E+00;0.6403554E+18
0.29477652423050E+11;-0.7920319E+00;0.6733162E+18
0.29477652423247E+11;-0.7750723E+00;0.7082035E+18
0.29477652423432E+11;-0.7592037E+00;0.7437511E+18
0.29477652423612E+11;-0.7450013E+00;0.7804874E+18
0.29477652423793E+11;-0.7291031E+00;0.8193360E+18
0.29477652423962E+11;-0.7163575E+00;0.8573973E+18
0.29477652424134E+11;-0.6999783E+00;0.8975322E+18
0.29477652424297E+11;-0.6856740E+00;0.9370361E+18
0.29477652424457E+11;-0.6722646E+00;0.9768260E+18
0.29477652424611E+11;-0.6600837E+00;0.1016956E+19
0.29477652424764E+11;-0.6469280E+00;0.1059368E+19
0.29477652424911E+11;-0.6360196E+00;0.1102745E+19
0.29477652425057E+11;-0.6231571E+00;0.1148432E+19
0.29477652425199E+11;-0.6105349E+00;0.1193965E+19
0.29477652425338E+11;-0.5994428E+00;0.1239198E+19
0.29477652425474E+11;-0.5885278E+00;0.1284303E+19
0.29477652425607E+11;-0.5778053E+00;0.1329097E+19
0.29477652425738E+11;-0.5681022E+00;0.1375153E+19
0.29477652425870E+11;-0.5574044E+00;0.1423805E+19
0.29477652425995E+11;-0.5467170E+00;0.1472513E+19
0.29477652426124E+11;-0.5368653E+00;0.1523984E+19
0.29477652426247E+11;-0.5274726E+00;0.1573956E+19
0.29477652426368E+11;-0.5183412E+00;0.1624019E+19
0.29477652426487E+11;-0.5100662E+00;0.1675332E+19
0.29477652426609E+11;-0.5002850E+00;0.1729968E+19
0.29477652426724E+11;-0.4913983E+00;0.1783280E+19
0.29477652426841E+11;-0.4828858E+00;0.1838550E+19
0.29477652426953E+11;-0.4748516E+00;0.1892906E+19
0.29477652427064E+11;-0.4668547E+00;0.1948119E+19
0.29477652427176E+11;-0.4595367E+00;0.2006004E+19
0.29477652427283E+11;-0.4512118E+00;0.2062887E+19
0.29477652427393E+11;-0.4436131E+00;0.2121702E+19
0.29477652427499E+11;-0.4360626E+00;0.2180555E+19
0.29477652427604E+11;-0.4285893E+00;0.2240509E+19
0.29477652427707E+11;-0.4223919E+00;0.2302180E+19
0.29477652427810E+11;-0.4149383E+00;0.2364848E+19
0.29477652427911E+11;-0.4077836E+00;0.2425291E+19
0.29477652428012E+11;-0.4011641E+00;0.2485828E+19
0.29477652428111E+11;-0.3955952E+00;0.2546278E+19
0.29477652428211E+11;-0.3897234E+00;0.2609227E+19
0.29477652428310E+11;-0.3817659E+00;0.2673355E+19
0.29477652428407E+11;-0.3759714E+00;0.2737754E+19
0.29477652428503E+11;-0.3705948E+00;0.2803249E+19
0.29477652428602E+11;-0.3649140E+00;0.2870359E+19
0.29477652428697E+11;-0.3588366E+00;0.2933597E+19
0.29477652428791E+11;-0.3523673E+00;0.2993876E+19
0.29477652428885E+11;-0.3469589E+00;0.3052620E+19
0.29477652428978E+11;-0.3423365E+00;0.3113302E+19
0.29477652429071E+11;-0.3363366E+00;0.3176735E+19
0.29477652429162E+11;-0.3325729E+00;0.3241482E+19
0.29477652429252E+11;-0.3264473E+00;0.3304485E+19
0.29477652429341E+11;-0.3217911E+00;0.3365888E+19
0.29477652429431E+11;-0.3169861E+00;0.3426416E+19
0.29477652429521E+11;-0.3117020E+00;0.3486167E+19
0.29477652429610E+11;-0.3072143E+00;0.3545736E+19
0.29477652429698E+11;-0.3037110E+00;0.3606045E+19
0.29477652429786E+11;-0.2980726E+00;0.3668873E+19
0.29477652429869E+11;-0.2934086E+00;0.3729741E+19
0.29477652429953E+11;-0.2896527E+00;0.3789383E+19
0.29477652430037E+11;-0.2856513E+00;0.3846224E+19
0.29477652430119E+11;-0.2815060E+00;0.3901545E+19
0.29477652430203E+11;-0.2768552E+00;0.3957686E+19
0.29477652430288E+11;-0.2742952E+00;0.4017409E+19
0.29477652430371E+11;-0.2689218E+00;0.4077596E+19
0.29477652430456E+11;-0.2664400E+00;0.4139285E+19
0.29477652430534E+11;-0.2611967E+00;0.4194814E+19
0.29477652430612E+11;-0.2589569E+00;0.4250125E+19
0.29477652430690E+11;-0.2546245E+00;0.4305347E+19
0.29477652430767E+11;-0.2508180E+00;0.4360989E+19
0.29477652430846E+11;-0.2483337E+00;0.4419062E+19
0.29477652430926E+11;-0.2437677E+00;0.4480831E+19
0.29477652431001E+11;-0.2419577E+00;0.4541002E+19
0.29477652431028E+11;-0.2402229E+00;0.4562385E+19
0.29477652431068E+11;-0.2380884E+00;0.4594163E+19
0.29477652431129E+11;-0.2357199E+00;0.4640726E+19
0.29477652431204E+11;-0.2320282E+00;0.4696834E+19
0.29477652431278E+11;-0.2293384E+00;0.4753355E+19
0.29477652431353E+11;-0.2261637E+00;0.4812642E+19
0.29477652431426E+11;-0.2234340E+00;0.4874239E+19
0.29477652431500E+11;-0.2208629E+00;0.4937762E+19
0.29477652431572E+11;-0.2175538E+00;0.4998087E+19
0.29477652431597E+11;-0.2166061E+00;0.5019272E+19
0.29477652431635E+11;-0.2146811E+00;0.5050665E+19
0.29477652431693E+11;-0.2128019E+00;0.5097116E+19
0.29477652431765E+11;-0.2100054E+00;0.5155328E+19
0.29477652431835E+11;-0.2074041E+00;0.5213497E+19
0.29477652431905E+11;-0.2047167E+00;0.5273874E+19
0.29477652431976E+11;-0.2019127E+00;0.5337870E+19
0.29477652432046E+11;-0.1991725E+00;0.5402813E+19
0.29477652432114E+11;-0.1969217E+00;0.5464499E+19
0.29477652432139E+11;-0.1957208E+00;0.5486343E+19
0.29477652432176E+11;-0.1945635E+00;0.5518627E+19
0.29477652432231E+11;-0.1927830E+00;0.5566299E+19
0.29477652432300E+11;-0.1904596E+00;0.5625704E+19
0.29477652432367E+11;-0.1867920E+00;0.5686186E+19
0.29477652432434E+11;-0.1843380E+00;0.5748978E+19
0.29477652432501E+11;-0.1819018E+00;0.5815181E+19
0.29477652432569E+11;-0.1792903E+00;0.5882796E+19
0.29477652432635E+11;-0.1769216E+00;0.5947170E+19
0.29477652432702E+11;-0.1741058E+00;0.6011138E+19
0.29477652432768E+11;-0.1713573E+00;0.6071378E+19
0.29477652432831E+11;-0.1692394E+00;0.6131286E+19
0.29477652432897E+11;-0.1670049E+00;0.6195989E+19
0.29477652432964E+11;-0.1642904E+00;0.6265653E+19
0.29477652433029E+11;-0.1617541E+00;0.6336617E+19
0.29477652433092E+11;-0.1592630E+00;0.6404021E+19
0.29477652433158E+11;-0.1566238E+00;0.6472179E+19
0.29477652433219E+11;-0.1542419E+00;0.6533781E+19
0.29477652433282E+11;-0.1523712E+00;0.6596690E+19
0.29477652433345E+11;-0.1501492E+00;0.6662293E+19
0.29477652433407E+11;-0.1476493E+00;0.6729909E+19
0.29477652433469E+11;-0.1462794E+00;0.6801276E+19
0.29477652433530E+11;-0.1434835E+00;0.6873213E+19
0.29477652433593E+11;-0.1413001E+00;0.6944656E+19
0.29477652433653E+11;-0.1391881E+00;0.7010147E+19
0.29477652433713E+11;-0.1374000E+00;0.7072411E+19
0.29477652433772E+11;-0.1347564E+00;0.7134096E+19
0.29477652433832E+11;-0.1329268E+00;0.7196180E+19
0.29477652433892E+11;-0.1315191E+00;0.7259839E+19
0.29477652433952E+11;-0.1289185E+00;0.7325289E+19
0.29477652434011E+11;-0.1285046E+00;0.7390407E+19
0.29477652434071E+11;-0.1253193E+00;0.7453061E+19
0.29477652434128E+11;-0.1251798E+00;0.7511166E+19
0.29477652434186E+11;-0.1220264E+00;0.7567654E+19
0.29477652434244E+11;-0.1225785E+00;0.7623318E+19
0.29477652434302E+11;-0.1189593E+00;0.7679156E+19
0.29477652434360E+11;-0.1179279E+00;0.7735127E+19
0.29477652434418E+11;-0.1163000E+00;0.7790169E+19
0.29477652434477E+11;-0.1150176E+00;0.7841789E+19
0.29477652434534E+11;-0.1133366E+00;0.7885988E+19
0.29477652434592E+11;-0.1117522E+00;0.7925407E+19
0.29477652434650E+11;-0.1108909E+00;0.7960212E+19
0.29477652434707E+11;-0.1090406E+00;0.7992627E+19
0.29477652434764E+11;-0.1078322E+00;0.8024279E+19
0.29477652434821E+11;-0.1037338E+00;0.8056461E+19
0.29477652434878E+11;-0.1012684E+00;0.8088310E+19
0.29477652434934E+11;-0.9874943E-01;0.8118349E+19
0.29477652434990E+11;-0.9631579E-01;0.8146633E+19
0.29477652435046E+11;-0.9517079E-01;0.8171531E+19
0.29477652435102E+11;-0.9318689E-01;0.8193173E+19
0.29477652435157E+11;-0.9217528E-01;0.8211724E+19
0.29477652435212E+11;-0.8876094E-01;0.8227837E+19
0.29477652435268E+11;-0.8635437E-01;0.8242253E+19
0.29477652435322E+11;-0.8414052E-01;0.8254263E+19
0.29477652435377E+11;-0.8160275E-01;0.8263512E+19
0.29477652435430E+11;-0.8038518E-01;0.8270415E+19
0.29477652435484E+11;-0.7858212E-01;0.8275967E+19
0.29477652435537E+11;-0.7738165E-01;0.8280301E+19
0.29477652435590E+11;-0.7505534E-01;0.8283663E+19
0.29477652435642E+11;-0.7271348E-01;0.8286809E+19
0.29477652435694E+11;-0.7096671E-01;0.8289583E+19
0.29477652435746E+11;-0.6825851E-01;0.8290567E+19
0.29477652435797E+11;-0.6685840E-01;0.8289085E+19
0.29477652435848E+11;-0.6543746E-01;0.8285532E+19
0.29477652435899E+11;-0.6390369E-01;0.8280253E+19
0.29477652435950E+11;-0.6280041E-01;0.8273664E+19
0.29477652436000E+11;-0.6037019E-01;0.8266824E+19
0.29477652436050E+11;-0.5921973E-01;0.8259770E+19
0.29477652436100E+11;-0.5619974E-01;0.8251469E+19
0.29477652436149E+11;-0.5452690E-01;0.8241582E+19
0.29477652436199E+11;-0.5367271E-01;0.8230279E+19
0.29477652436247E+11;-0.5169056E-01;0.8218473E+19
0.29477652436297E+11;-0.5081934E-01;0.8206148E+19
0.29477652436345E+11;-0.4920380E-01;0.8194523E+19
0.29477652436393E+11;-0.4785464E-01;0.8183730E+19
0.29477652436440E+11;-0.4548391E-01;0.8173562E+19
0.29477652436488E+11;-0.4339711E-01;0.8162752E+19
0.29477652436535E+11;-0.4248200E-01;0.8150587E+19
0.29477652436583E+11;-0.4076914E-01;0.8137439E+19
0.29477652436629E+11;-0.3940458E-01;0.8124198E+19
0.29477652436677E+11;-0.3887004E-01;0.8111691E+19
0.29477652436723E+11;-0.3737450E-01;0.8100566E+19
0.29477652436769E+11;-0.3598673E-01;0.8090360E+19
0.29477652436816E+11;-0.3338036E-01;0.8080253E+19
0.29477652436861E+11;-0.3202446E-01;0.8069512E+19
0.29477652436907E+11;-0.3116915E-01;0.8057776E+19
0.29477652436952E+11;-0.2918267E-01;0.8045643E+19
0.29477652436997E+11;-0.2831123E-01;0.8033931E+19
0.29477652437042E+11;-0.2730327E-01;0.8022958E+19
0.29477652437087E+11;-0.2611357E-01;0.8012630E+19
0.29477652437132E+11;-0.2457335E-01;0.8003497E+19
0.29477652437176E+11;-0.2264480E-01;0.7994766E+19
0.29477652437220E+11;-0.2187330E-01;0.7985705E+19
0.29477652437264E+11;-0.2020162E-01;0.7975669E+19
0.29477652437307E+11;-0.1864235E-01;0.7965097E+19
0.29477652437351E+11;-0.1818657E-01;0.7955027E+19
0.29477652437394E+11;-0.1665066E-01;0.7945818E+19
0.29477652437439E+11;-0.1569772E-01;0.7937201E+19
0.29477652437482E+11;-0.1427673E-01;0.7929800E+19
0.29477652437526E+11;-0.1288231E-01;0.7922333E+19
0.29477652437568E+11;-0.1239170E-01;0.7914230E+19
0.29477652437611E+11;-0.1007007E-01;0.7905458E+19
0.29477652437653E+11;-0.8884503E-02;0.7896638E+19
0.29477652437695E+11;-0.8425365E-02;0.7887934E+19
0.29477652437737E+11;-0.6672268E-02;0.7879342E+19
0.29477652437780E+11;-0.5962154E-02;0.7871264E+19
0.29477652437822E+11;-0.4859607E-02;0.7864301E+19
0.29477652437864E+11;-0.3959104E-02;0.7857378E+19
0.29477652437906E+11;-0.2629945E-02;0.7850106E+19
0.29477652437947E+11;-0.6588052E-03;0.7842309E+19
0.29477652437988E+11;0.2151288E-03;0.7833909E+19
0.29477652438029E+11;0.1139889E-02;0.7825175E+19
0.29477652438070E+11;0.2723548E-02;0.7816688E+19
0.29477652438112E+11;0.3231395E-02;0.7809289E+19
0.29477652438153E+11;0.4558908E-02;0.7803194E+19
0.29477652438193E+11;0.5395169E-02;0.7797517E+19
0.29477652438234E+11;0.6511872E-02;0.7791461E+19
0.29477652438274E+11;0.8206268E-02;0.7784636E+19
0.29477652438314E+11;0.8800113E-02;0.7777072E+19
0.29477652438353E+11;0.1019845E-01;0.7769402E+19
0.29477652438394E+11;0.1165950E-01;0.7762430E+19
0.29477652438434E+11;0.1201394E-01;0.7756993E+19
0.29477652438474E+11;0.1360005E-01;0.7752743E+19
0.29477652438513E+11;0.1442973E-01;0.7748708E+19
0.29477652438553E+11;0.1543053E-01;0.7744233E+19
0.29477652438592E+11;0.1665727E-01;0.7739091E+19
0.29477652438631E+11;0.1720784E-01;0.7733263E+19
0.29477652438669E+11;0.1887549E-01;0.7727526E+19
0.29477652438708E+11;0.2024676E-01;0.7722678E+19
0.29477652438747E+11;0.2050546E-01;0.7719149E+19
0.29477652438786E+11;0.2231281E-01;0.7716663E+19
0.29477652438825E+11;0.2318406E-01;0.7714514E+19
0.29477652438863E+11;0.2421576E-01;0.7712171E+19
0.29477652438901E+11;0.2516768E-01;0.7709081E+19
0.29477652438940E+11;0.2613540E-01;0.7705185E+19
0.29477652438977E+11;0.2729486E-01;0.7701478E+19
0.29477652439015E+11;0.2860917E-01;0.7698743E+19
0.29477652439053E+11;0.2887101E-01;0.7697208E+19
0.29477652439091E+11;0.3081491E-01;0.7696750E+19
0.29477652439129E+11;0.3174982E-01;0.7696732E+19
0.29477652439166E+11;0.3278388E-01;0.7696338E+19
0.29477652439204E+11;0.3388360E-01;0.7695116E+19
0.29477652439241E+11;0.3484295E-01;0.7693397E+19
0.29477652439278E+11;0.3565044E-01;0.7692004E+19
0.29477652439315E+11;0.3683452E-01;0.7691376E+19
0.29477652439352E+11;0.3737645E-01;0.7691788E+19
0.29477652439389E+11;0.3918202E-01;0.7693181E+19
0.29477652439427E+11;0.4019925E-01;0.7694910E+19
0.29477652439463E+11;0.4120968E-01;0.7696314E+19
0.29477652439500E+11;0.4247933E-01;0.7697327E+19
0.29477652439536E+11;0.4338257E-01;0.7698039E+19
0.29477652439572E+11;0.4441562E-01;0.7698766E+19
0.29477652439607E+11;0.4537928E-01;0.7699903E+19
0.29477652439644E+11;0.4620960E-01;0.7702000E+19
0.29477652439680E+11;0.4747598E-01;0.7705033E+19
0.29477652439716E+11;0.4859116E-01;0.7708582E+19
0.29477652439752E+11;0.4952705E-01;0.7712077E+19
0.29477652439788E+11;0.5101225E-01;0.7715373E+19
0.29477652439823E+11;0.5181228E-01;0.7718142E+19
0.29477652439858E+11;0.5310483E-01;0.7720614E+19
0.29477652439893E+11;0.5405876E-01;0.7723336E+19
0.29477652439928E+11;0.5497142E-01;0.7727035E+19
0.29477652439963E+11;0.5577443E-01;0.7731771E+19
0.29477652439999E+11;0.5698946E-01;0.7737129E+19
0.29477652440033E+11;0.5777292E-01;0.7742457E+19
0.29477652440069E+11;0.5953073E-01;0.7747700E+19
0.29477652440104E+11;0.6019956E-01;0.7752163E+19
0.29477652440138E+11;0.6176623E-01;0.7756311E+19
0.29477652440172E+11;0.6268184E-01;0.7760796E+19
0.29477652440206E+11;0.6372708E-01;0.7766185E+19
0.29477652440240E+11;0.6468446E-01;0.7772509E+19
0.29477652440275E+11;0.6548413E-01;0.7779334E+19
0.29477652440308E+11;0.6608060E-01;0.7786166E+19
0.29477652440343E+11;0.6808743E-01;0.7792964E+19
0.29477652440377E+11;0.6903128E-01;0.7799189E+19
0.29477652440411E+11;0.7044585E-01;0.7805381E+19
0.29477652440444E+11;0.7144659E-01;0.7811762E+19
0.29477652440477E+11;0.7267922E-01;0.7818659E+19
0.29477652440510E+11;0.7367070E-01;0.7826224E+19
0.29477652440544E+11;0.7452850E-01;0.7834369E+19
0.29477652440577E+11;0.7468593E-01;0.7842789E+19
0.29477652440611E+11;0.7677062E-01;0.7851305E+19
0.29477652440644E+11;0.7800544E-01;0.7859572E+19
0.29477652440677E+11;0.7921846E-01;0.7867683E+19
0.29477652440709E+11;0.8056847E-01;0.7875573E+19
0.29477652440741E+11;0.8169694E-01;0.7883669E+19
0.29477652440774E+11;0.8273928E-01;0.7892374E+19
0.29477652440806E+11;0.8383623E-01;0.7901981E+19
0.29477652440839E+11;0.8446083E-01;0.7912095E+19
0.29477652440872E+11;0.8566422E-01;0.7922145E+19
0.29477652440904E+11;0.8721304E-01;0.7932159E+19
0.29477652440936E+11;0.8815152E-01;0.7941649E+19
0.29477652440968E+11;0.8988112E-01;0.7950929E+19
0.29477652441000E+11;0.9087850E-01;0.7960414E+19
0.29477652441031E+11;0.9224433E-01;0.7970536E+19
0.29477652441063E+11;0.9338211E-01;0.7981859E+19
0.29477652441096E+11;0.9435013E-01;0.7993552E+19
0.29477652441127E+11;0.9492129E-01;0.8004809E+19
0.29477652441159E+11;0.9674652E-01;0.8016241E+19
0.29477652441190E+11;0.9739196E-01;0.8027255E+19
0.29477652441221E+11;0.9951207E-01;0.8038446E+19
0.29477652441252E+11;0.1006141E+00;0.8049665E+19
0.29477652441283E+11;0.1021002E+00;0.8061433E+19
0.29477652441314E+11;0.1032469E+00;0.8073889E+19
0.29477652441346E+11;0.1044696E+00;0.8086876E+19
0.29477652441376E+11;0.1051302E+00;0.8099314E+19
0.29477652441407E+11;0.1067122E+00;0.8112159E+19
0.29477652441437E+11;0.1076388E+00;0.8124786E+19
0.29477652441468E+11;0.1095490E+00;0.8137700E+19
0.29477652441498E+11;0.1110173E+00;0.8150279E+19
0.29477652441528E+11;0.1123102E+00;0.8163284E+19
0.29477652441557E+11;0.1136408E+00;0.8176657E+19
0.29477652441589E+11;0.1150022E+00;0.8191234E+19
0.29477652441618E+11;0.1160606E+00;0.8205199E+19
0.29477652441648E+11;0.1172251E+00;0.8219528E+19
0.29477652441678E+11;0.1184176E+00;0.8233668E+19
0.29477652441708E+11;0.1200677E+00;0.8247818E+19
0.29477652441737E+11;0.1219319E+00;0.8261988E+19
0.29477652441766E+11;0.1230076E+00;0.8276689E+19
0.29477652441795E+11;0.1247876E+00;0.8291504E+19
0.29477652441824E+11;0.1260876E+00;0.8306989E+19
0.29477652441853E+11;0.1273824E+00;0.8322184E+19
0.29477652441882E+11;0.1283859E+00;0.8337670E+19
0.29477652441911E+11;0.1298534E+00;0.8353380E+19
0.29477652441940E+11;0.1312378E+00;0.8368914E+19
0.29477652441968E+11;0.1335337E+00;0.8384942E+19
0.29477652441997E+11;0.1346972E+00;0.8400937E+19
0.29477652442024E+11;0.1365660E+00;0.8416989E+19
0.29477652442052E+11;0.1378722E+00;0.8433370E+19
0.29477652442080E+11;0.1394449E+00;0.8450050E+19
0.29477652442109E+11;0.1407146E+00;0.8467325E+19
0.29477652442138E+11;0.1421107E+00;0.8485126E+19
0.29477652442165E+11;0.1433614E+00;0.8502032E+19
0.29477652442193E+11;0.1460797E+00;0.8519659E+19
0.29477652442220E+11;0.1476071E+00;0.8536722E+19
0.29477652442247E+11;0.1492741E+00;0.8554138E+19
0.29477652442274E+11;0.1510646E+00;0.8571833E+19
0.29477652442301E+11;0.1525604E+00;0.8590133E+19
0.29477652442329E+11;0.1540776E+00;0.8609104E+19
0.29477652442357E+11;0.1553725E+00;0.8628855E+19
0.29477652442384E+11;0.1568401E+00;0.8647380E+19
0.29477652442411E+11;0.1598331E+00;0.8666450E+19
0.29477652442437E+11;0.1616842E+00;0.8685028E+19
0.29477652442464E+11;0.1632889E+00;0.8704032E+19
0.29477652442490E+11;0.1655462E+00;0.8723066E+19
0.29477652442516E+11;0.1669892E+00;0.8742794E+19
0.29477652442542E+11;0.1688886E+00;0.8763754E+19
0.29477652442570E+11;0.1704599E+00;0.8785792E+19
0.29477652442596E+11;0.1720651E+00;0.8806304E+19
0.29477652442621E+11;0.1752662E+00;0.8827153E+19
0.29477652442647E+11;0.1773196E+00;0.8847517E+19
0.29477652442672E+11;0.1791391E+00;0.8867973E+19
0.29477652442697E+11;0.1818054E+00;0.8888280E+19
0.29477652442722E+11;0.1833271E+00;0.8909417E+19
0.29477652442748E+11;0.1858082E+00;0.8932892E+19
0.29477652442774E+11;0.1877346E+00;0.8957312E+19
0.29477652442799E+11;0.1893662E+00;0.8980310E+19
0.29477652442824E+11;0.1927522E+00;0.9004185E+19
0.29477652442848E+11;0.1948135E+00;0.9026866E+19
0.29477652442873E+11;0.1976520E+00;0.9049353E+19
0.29477652442896E+11;0.2006679E+00;0.9071595E+19
0.29477652442920E+11;0.2025785E+00;0.9094265E+19
0.29477652442945E+11;0.2056512E+00;0.9118800E+19
0.29477652442969E+11;0.2080879E+00;0.9144063E+19
0.29477652442992E+11;0.2098031E+00;0.9168647E+19
0.29477652443017E+11;0.2121506E+00;0.9194863E+19
0.29477652443040E+11;0.2150620E+00;0.9219238E+19
0.29477652443063E+11;0.2193720E+00;0.9243208E+19
0.29477652443086E+11;0.2225576E+00;0.9266466E+19
0.29477652443108E+11;0.2258762E+00;0.9289585E+19
0.29477652443131E+11;0.2292993E+00;0.9313702E+19
0.29477652443154E+11;0.2326097E+00;0.9337986E+19
0.29477652443176E+11;0.2348562E+00;0.9362576E+19
0.29477652443184E+11;0.2352266E+00;0.9371463E+19
0.29477652443196E+11;0.2351466E+00;0.9384870E+19
0.29477652443214E+11;0.2373903E+00;0.9405078E+19
0.29477652443236E+11;0.2419040E+00;0.9429734E+19
0.29477652443257E+11;0.2462027E+00;0.9453652E+19
0.29477652443278E+11;0.2508709E+00;0.9477009E+19
0.29477652443300E+11;0.2552706E+00;0.9500031E+19
0.29477652443321E+11;0.2590864E+00;0.9523363E+19
0.29477652443342E+11;0.2616960E+00;0.9547160E+19
0.29477652443365E+11;0.2621266E+00;0.9571876E+19
0.29477652443385E+11;0.2609779E+00;0.9594211E+19
0.29477652443406E+11;0.2674231E+00;0.9617119E+19
0.29477652443426E+11;0.2729860E+00;0.9638831E+19
0.29477652443445E+11;0.2781759E+00;0.9660499E+19
0.29477652443465E+11;0.2823920E+00;0.9682837E+19
0.29477652443486E+11;0.2854914E+00;0.9705932E+19
0.29477652443493E+11;0.2861900E+00;0.9714006E+19
0.29477652443504E+11;0.2867004E+00;0.9725988E+19
0.29477652443521E+11;0.2857622E+00;0.9743592E+19
0.29477652443540E+11;0.2829813E+00;0.9764009E+19
0.29477652443560E+11;0.2898080E+00;0.9783556E+19
0.29477652443578E+11;0.2952781E+00;0.9802017E+19
0.29477652443597E+11;0.2995648E+00;0.9820170E+19
0.29477652443616E+11;0.3028102E+00;0.9839547E+19
0.29477652443623E+11;0.3036002E+00;0.9846740E+19
0.29477652443634E+11;0.3042430E+00;0.9857567E+19
0.29477652443650E+11;0.3035186E+00;0.9873817E+19
0.29477652443669E+11;0.2988386E+00;0.9892701E+19
0.29477652443688E+11;0.3000361E+00;0.9911048E+19
0.29477652443706E+11;0.3052407E+00;0.9927921E+19
0.29477652443723E+11;0.3091678E+00;0.9943949E+19
0.29477652443742E+11;0.3117993E+00;0.9960181E+19
0.29477652443762E+11;0.3121398E+00;0.9977217E+19
0.29477652443780E+11;0.3086764E+00;0.9992113E+19
0.29477652443799E+11;0.2998774E+00;0.1000682E+20
0.29477652443817E+11;0.3032443E+00;0.1002011E+20
0.29477652443834E+11;0.3071654E+00;0.1003308E+20
0.29477652443852E+11;0.3095217E+00;0.1004643E+20
0.29477652443871E+11;0.3092822E+00;0.1006114E+20
0.29477652443890E+11;0.3047693E+00;0.1007482E+20
0.29477652443909E+11;0.2946703E+00;0.1008815E+20
0.29477652443927E+11;0.2920321E+00;0.1009986E+20
0.29477652443944E+11;0.2953785E+00;0.1011065E+20
0.29477652443962E+11;0.2966601E+00;0.1012124E+20
0.29477652443983E+11;0.2940766E+00;0.1013215E+20
0.29477652444002E+11;0.2862422E+00;0.1014160E+20
0.29477652444021E+11;0.2735663E+00;0.1015035E+20
0.29477652444039E+11;0.2720369E+00;0.1015875E+20
0.29477652444057E+11;0.2743840E+00;0.1016746E+20
0.29477652444077E+11;0.2737185E+00;0.1017730E+20
0.29477652444098E+11;0.2675330E+00;0.1018792E+20
0.29477652444119E+11;0.2558498E+00;0.1019748E+20
0.29477652444138E+11;0.2423827E+00;0.1020608E+20
0.29477652444157E+11;0.2463564E+00;0.1021387E+20
0.29477652444177E+11;0.2485476E+00;0.1022150E+20
0.29477652444200E+11;0.2474064E+00;0.1022931E+20
0.29477652444224E+11;0.2402436E+00;0.1023678E+20
0.29477652444246E+11;0.2271434E+00;0.1024395E+20
0.29477652444267E+11;0.2163996E+00;0.1025142E+20
0.29477652444287E+11;0.2207629E+00;0.1025968E+20
0.29477652444309E+11;0.2238177E+00;0.1026928E+20
0.29477652444334E+11;0.2246999E+00;0.1027988E+20
0.29477652444343E+11;0.2240152E+00;0.1028357E+20
0.29477652444358E+11;0.2215094E+00;0.1028857E+20
0.29477652444379E+11;0.2136060E+00;0.1029491E+20
0.29477652444403E+11;0.1990715E+00;0.1030098E+20
0.29477652444425E+11;0.1981760E+00;0.1030690E+20
0.29477652444446E+11;0.2023380E+00;0.1031395E+20
0.29477652444470E+11;0.2052378E+00;0.1032318E+20
0.29477652444497E+11;0.2058941E+00;0.1033476E+20
0.29477652444508E+11;0.2050391E+00;0.1033913E+20
0.29477652444523E+11;0.2020915E+00;0.1034520E+20
0.29477652444547E+11;0.1929851E+00;0.1035282E+20
0.29477652444572E+11;0.1794677E+00;0.1035928E+20
0.29477652444595E+11;0.1848619E+00;0.1036491E+20
0.29477652444618E+11;0.1888272E+00;0.1037148E+20
0.29477652444643E+11;0.1914385E+00;0.1038032E+20
0.29477652444672E+11;0.1913600E+00;0.1039196E+20
0.29477652444703E+11;0.1847253E+00;0.1040414E+20
0.29477652444713E+11;0.1805187E+00;0.1040753E+20
0.29477652444729E+11;0.1722809E+00;0.1041200E+20
0.29477652444752E+11;0.1707290E+00;0.1041769E+20
0.29477652444775E+11;0.1755698E+00;0.1042331E+20
0.29477652444800E+11;0.1790756E+00;0.1043015E+20
0.29477652444827E+11;0.1808861E+00;0.1043948E+20
0.29477652444857E+11;0.1788214E+00;0.1045113E+20
0.29477652444888E+11;0.1692659E+00;0.1046224E+20
0.29477652444898E+11;0.1643566E+00;0.1046526E+20
0.29477652444912E+11;0.1582502E+00;0.1046928E+20
0.29477652444934E+11;0.1635772E+00;0.1047453E+20
0.29477652444958E+11;0.1680362E+00;0.1048020E+20
0.29477652444984E+11;0.1711034E+00;0.1048716E+20
0.29477652445013E+11;0.1719792E+00;0.1049659E+20
0.29477652445042E+11;0.1682001E+00;0.1050746E+20
0.29477652445073E+11;0.1565241E+00;0.1051787E+20
0.29477652445082E+11;0.1513230E+00;0.1052061E+20
0.29477652445096E+11;0.1526398E+00;0.1052433E+20
0.29477652445116E+11;0.1573359E+00;0.1052929E+20
0.29477652445142E+11;0.1615730E+00;0.1053511E+20
0.29477652445169E+11;0.1642995E+00;0.1054211E+20
0.29477652445197E+11;0.1644844E+00;0.1055083E+20
0.29477652445226E+11;0.1598792E+00;0.1056069E+20
0.29477652445255E+11;0.1477737E+00;0.1057027E+20
0.29477652445283E+11;0.1482977E+00;0.1057785E+20
0.29477652445308E+11;0.1533215E+00;0.1058373E+20
0.29477652445334E+11;0.1569214E+00;0.1058984E+20
0.29477652445361E+11;0.1587237E+00;0.1059708E+20
0.29477652445389E+11;0.1573951E+00;0.1060563E+20
0.29477652445418E+11;0.1503771E+00;0.1061483E+20
0.29477652445448E+11;0.1387103E+00;0.1062345E+20
0.29477652445474E+11;0.1451357E+00;0.1063010E+20
0.29477652445500E+11;0.1496358E+00;0.1063595E+20
0.29477652445526E+11;0.1526706E+00;0.1064231E+20
0.29477652445554E+11;0.1536190E+00;0.1064969E+20
0.29477652445582E+11;0.1508907E+00;0.1065807E+20
0.29477652445610E+11;0.1419239E+00;0.1066667E+20
0.29477652445639E+11;0.1363039E+00;0.1067439E+20
0.29477652445666E+11;0.1421178E+00;0.1068039E+20
0.29477652445692E+11;0.1462523E+00;0.1068610E+20
0.29477652445718E+11;0.1487966E+00;0.1069250E+20
0.29477652445746E+11;0.1490114E+00;0.1069994E+20
0.29477652445774E+11;0.1450973E+00;0.1070817E+20
0.29477652445802E+11;0.1354194E+00;0.1071631E+20
0.29477652445831E+11;0.1339163E+00;0.1072345E+20
0.29477652445857E+11;0.1393317E+00;0.1072903E+20
0.29477652445884E+11;0.1431670E+00;0.1073449E+20
0.29477652445911E+11;0.1453159E+00;0.1074071E+20
0.29477652445938E+11;0.1449121E+00;0.1074806E+20
0.29477652445966E+11;0.1400203E+00;0.1075612E+20
0.29477652445994E+11;0.1320174E+00;0.1076395E+20
0.29477652446023E+11;0.1317227E+00;0.1077076E+20
0.29477652446049E+11;0.1368430E+00;0.1077611E+20
0.29477652446076E+11;0.1404182E+00;0.1078139E+20
0.29477652446103E+11;0.1422250E+00;0.1078737E+20
0.29477652446131E+11;0.1412681E+00;0.1079445E+20
0.29477652446159E+11;0.1358651E+00;0.1080226E+20
0.29477652446187E+11;0.1298314E+00;0.1080983E+20
0.29477652446216E+11;0.1297449E+00;0.1081637E+20
0.29477652446242E+11;0.1346343E+00;0.1082161E+20
0.29477652446269E+11;0.1379869E+00;0.1082682E+20
0.29477652446297E+11;0.1394866E+00;0.1083263E+20
0.29477652446325E+11;0.1380209E+00;0.1083941E+20
0.29477652446353E+11;0.1328938E+00;0.1084685E+20
0.29477652446381E+11;0.1278666E+00;0.1085412E+20
0.29477652446409E+11;0.1279814E+00;0.1086038E+20
0.29477652446436E+11;0.1326839E+00;0.1086556E+20
0.29477652446463E+11;0.1358355E+00;0.1087075E+20
0.29477652446491E+11;0.1370601E+00;0.1087649E+20
0.29477652446519E+11;0.1351289E+00;0.1088304E+20
0.29477652446547E+11;0.1305497E+00;0.1089010E+20
0.29477652446576E+11;0.1261283E+00;0.1089699E+20
0.29477652446604E+11;0.1264467E+00;0.1090294E+20
0.29477652446631E+11;0.1309851E+00;0.1090805E+20
0.29477652446658E+11;0.1339470E+00;0.1091324E+20
0.29477652446686E+11;0.1349082E+00;0.1091898E+20
0.29477652446714E+11;0.1325763E+00;0.1092543E+20
0.29477652446742E+11;0.1287094E+00;0.1093218E+20
0.29477652446771E+11;0.1249466E+00;0.1093860E+20
0.29477652446799E+11;0.1250783E+00;0.1094418E+20
0.29477652446826E+11;0.1294762E+00;0.1094918E+20
0.29477652446853E+11;0.1322741E+00;0.1095434E+20
0.29477652446881E+11;0.1330002E+00;0.1096010E+20
0.29477652446909E+11;0.1305096E+00;0.1096649E+20
0.29477652446938E+11;0.1271197E+00;0.1097301E+20
0.29477652446966E+11;0.1239134E+00;0.1097903E+20
0.29477652446994E+11;0.1238352E+00;0.1098424E+20
0.29477652447021E+11;0.1281220E+00;0.1098905E+20
0.29477652447049E+11;0.1307860E+00;0.1099414E+20
0.29477652447077E+11;0.1313157E+00;0.1099989E+20
0.29477652447105E+11;0.1287993E+00;0.1100626E+20
0.29477652447133E+11;0.1257554E+00;0.1101264E+20
0.29477652447162E+11;0.1230129E+00;0.1101836E+20
0.29477652447190E+11;0.1227052E+00;0.1102325E+20
0.29477652447217E+11;0.1269029E+00;0.1102782E+20
0.29477652447244E+11;0.1294627E+00;0.1103277E+20
0.29477652447272E+11;0.1298370E+00;0.1103846E+20
0.29477652447301E+11;0.1273634E+00;0.1104479E+20
0.29477652447329E+11;0.1245936E+00;0.1105110E+20
0.29477652447357E+11;0.1222305E+00;0.1105664E+20
0.29477652447385E+11;0.1216773E+00;0.1106128E+20
0.29477652447413E+11;0.1258077E+00;0.1106561E+20
0.29477652447440E+11;0.1282890E+00;0.1107037E+20
0.29477652447468E+11;0.1285456E+00;0.1107593E+20
0.29477652447497E+11;0.1262442E+00;0.1108219E+20
0.29477652447525E+11;0.1236582E+00;0.1108845E+20
0.29477652447553E+11;0.1215518E+00;0.1109391E+20
0.29477652447581E+11;0.1207440E+00;0.1109838E+20
0.29477652447609E+11;0.1248268E+00;0.1110250E+20
0.29477652447637E+11;0.1272515E+00;0.1110704E+20
0.29477652447665E+11;0.1274230E+00;0.1111244E+20
0.29477652447693E+11;0.1252808E+00;0.1111858E+20
0.29477652447721E+11;0.1229147E+00;0.1112478E+20
0.29477652447750E+11;0.1209637E+00;0.1113021E+20
0.29477652447778E+11;0.1199005E+00;0.1113460E+20
0.29477652447805E+11;0.1239514E+00;0.1113856E+20
0.29477652447833E+11;0.1263375E+00;0.1114289E+20
0.29477652447861E+11;0.1264511E+00;0.1114809E+20
0.29477652447889E+11;0.1244545E+00;0.1115407E+20
0.29477652447918E+11;0.1222715E+00;0.1116019E+20
0.29477652447946E+11;0.1204548E+00;0.1116562E+20
0.29477652447974E+11;0.1191429E+00;0.1116998E+20
0.29477652448002E+11;0.1231740E+00;0.1117383E+20
0.29477652448030E+11;0.1255356E+00;0.1117799E+20
0.29477652448058E+11;0.1256128E+00;0.1118298E+20
0.29477652448086E+11;0.1237481E+00;0.1118878E+20
0.29477652448114E+11;0.1217166E+00;0.1119478E+20
0.29477652448143E+11;0.1200155E+00;0.1120018E+20
0.29477652448171E+11;0.1184677E+00;0.1120456E+20
0.29477652448199E+11;0.1224878E+00;0.1120835E+20
0.29477652448226E+11;0.1248355E+00;0.1121238E+20
0.29477652448255E+11;0.1248922E+00;0.1121718E+20
0.29477652448283E+11;0.1231458E+00;0.1122278E+20
0.29477652448311E+11;0.1212396E+00;0.1122863E+20
0.29477652448340E+11;0.1196379E+00;0.1123400E+20
0.29477652448368E+11;0.1179074E+00;0.1123840E+20
0.29477652448396E+11;0.1218871E+00;0.1124218E+20
0.29477652448423E+11;0.1242280E+00;0.1124610E+20
0.29477652448452E+11;0.1242745E+00;0.1125074E+20
0.29477652448480E+11;0.1226337E+00;0.1125616E+20
0.29477652448508E+11;0.1208317E+00;0.1126184E+20
0.29477652448537E+11;0.1193155E+00;0.1126714E+20
0.29477652448565E+11;0.1176507E+00;0.1127156E+20
0.29477652448593E+11;0.1213665E+00;0.1127535E+20
0.29477652448621E+11;0.1237045E+00;0.1127921E+20
0.29477652448649E+11;0.1237466E+00;0.1128372E+20
0.29477652448677E+11;0.1221996E+00;0.1128895E+20
0.29477652448705E+11;0.1204854E+00;0.1129447E+20
0.29477652448734E+11;0.1190429E+00;0.1129967E+20
0.29477652448762E+11;0.1174330E+00;0.1130407E+20
0.29477652448790E+11;0.1209208E+00;0.1130787E+20
0.29477652448818E+11;0.1232569E+00;0.1131170E+20
0.29477652448846E+11;0.1232957E+00;0.1131608E+20
0.29477652448875E+11;0.1218316E+00;0.1132112E+20
0.29477652448903E+11;0.1201927E+00;0.1132638E+20
0.29477652448932E+11;0.1188134E+00;0.1133128E+20
0.29477652448960E+11;0.1172489E+00;0.1133525E+20
0.29477652448988E+11;0.1205150E+00;0.1133829E+20
0.29477652449016E+11;0.1228200E+00;0.1134066E+20
0.29477652449044E+11;0.1228019E+00;0.1134264E+20
0.29477652449072E+11;0.1213747E+00;0.1134435E+20
0.29477652449101E+11;0.1197835E+00;0.1134563E+20
0.29477652449130E+11;0.1184143E+00;0.1134628E+20
0.29477652449158E+11;0.1168526E+00;0.1134626E+20
0.29477652449186E+11;0.1185506E+00;0.1134564E+20
0.29477652449214E+11;0.1204043E+00;0.1134454E+20
0.29477652449242E+11;0.1199668E+00;0.1134307E+20
0.29477652449270E+11;0.1184421E+00;0.1134114E+20
0.29477652449299E+11;0.1169972E+00;0.1133822E+20
0.29477652449328E+11;0.1155646E+00;0.1133365E+20
0.29477652449356E+11;0.1139964E+00;0.1132727E+20
0.29477652449385E+11;0.1120570E+00;0.1131909E+20
0.29477652449413E+11;0.1111098E+00;0.1130905E+20
0.29477652449442E+11;0.1098051E+00;0.1129740E+20
0.29477652449470E+11;0.1080042E+00;0.1128428E+20
0.29477652449499E+11;0.1068787E+00;0.1126957E+20
0.29477652449528E+11;0.1047825E+00;0.1125298E+20
0.29477652449558E+11;0.1037093E+00;0.1123483E+20
0.29477652449587E+11;0.1014917E+00;0.1121538E+20
0.29477652449616E+11;0.1006790E+00;0.1119434E+20
0.29477652449646E+11;0.9801285E-01;0.1117203E+20
0.29477652449676E+11;0.9764908E-01;0.1114836E+20
0.29477652449706E+11;0.9412803E-01;0.1112300E+20
0.29477652449736E+11;0.9416476E-01;0.1109512E+20
0.29477652449766E+11;0.9192120E-01;0.1106494E+20
0.29477652449797E+11;0.8961386E-01;0.1103169E+20
0.29477652449827E+11;0.8934257E-01;0.1099576E+20
0.29477652449858E+11;0.8530392E-01;0.1095666E+20
0.29477652449889E+11;0.8488945E-01;0.1091571E+20
0.29477652449920E+11;0.8387741E-01;0.1087205E+20
0.29477652449952E+11;0.7955463E-01;0.1082672E+20
0.29477652449983E+11;0.7937012E-01;0.1077993E+20
0.29477652450015E+11;0.7816491E-01;0.1072870E+20
0.29477652450047E+11;0.7269644E-01;0.1067557E+20
0.29477652450079E+11;0.7301080E-01;0.1062103E+20
0.29477652450111E+11;0.7226769E-01;0.1056417E+20
0.29477652450144E+11;0.6755546E-01;0.1050492E+20
0.29477652450176E+11;0.6548467E-01;0.1044639E+20
0.29477652450209E+11;0.6561873E-01;0.1038508E+20
0.29477652450243E+11;0.6241359E-01;0.1032119E+20
0.29477652450276E+11;0.5626935E-01;0.1025810E+20
0.29477652450309E+11;0.5755323E-01;0.1019270E+20
0.29477652450345E+11;0.5618301E-01;0.1012187E+20
0.29477652450378E+11;0.5095461E-01;0.1005319E+20
0.29477652450413E+11;0.4723690E-01;0.9981196E+19
0.29477652450447E+11;0.4777473E-01;0.9906981E+19
0.29477652450482E+11;0.4552363E-01;0.9828777E+19
0.29477652450516E+11;0.3920670E-01;0.9750216E+19
0.29477652450552E+11;0.3596914E-01;0.9666288E+19
0.29477652450588E+11;0.3623111E-01;0.9583396E+19
0.29477652450624E+11;0.3369220E-01;0.9497205E+19
0.29477652450659E+11;0.2719236E-01;0.9411246E+19
0.29477652450697E+11;0.2245365E-01;0.9319153E+19
0.29477652450734E+11;0.2254413E-01;0.9228364E+19
0.29477652450771E+11;0.2024521E-01;0.9136746E+19
0.29477652450808E+11;0.1441035E-01;0.9046357E+19
0.29477652450847E+11;0.7627305E-02;0.8949916E+19
0.29477652450886E+11;0.5784389E-02;0.8854818E+19
0.29477652450925E+11;0.4243379E-02;0.8759538E+19
0.29477652450963E+11;-0.3825547E-03;0.8664119E+19
0.29477652451003E+11;-0.8675382E-02;0.8565106E+19
0.29477652451044E+11;-0.1593337E-01;0.8464874E+19
0.29477652451087E+11;-0.1625841E-01;0.8357048E+19
0.29477652451128E+11;-0.1963102E-01;0.8253237E+19
0.29477652451169E+11;-0.2650624E-01;0.8148722E+19
0.29477652451212E+11;-0.3680956E-01;0.8040199E+19
0.29477652451257E+11;-0.4426077E-01;0.7924836E+19
0.29477652451305E+11;-0.4618875E-01;0.7801458E+19
0.29477652451350E+11;-0.5136991E-01;0.7686654E+19
0.29477652451395E+11;-0.6053002E-01;0.7569344E+19
0.29477652451443E+11;-0.7501887E-01;0.7446273E+19
0.29477652451495E+11;-0.7894013E-01;0.7312802E+19
0.29477652451550E+11;-0.8429068E-01;0.7172728E+19
0.29477652451600E+11;-0.9306329E-01;0.7044692E+19
0.29477652451651E+11;-0.1066147E+00;0.6912543E+19
0.29477652451708E+11;-0.1242724E+00;0.6770101E+19
0.29477652451768E+11;-0.1294286E+00;0.6617014E+19
0.29477652451832E+11;-0.1396213E+00;0.6458732E+19
0.29477652451891E+11;-0.1539615E+00;0.6310224E+19
0.29477652451954E+11;-0.1747214E+00;0.6157206E+19
0.29477652452021E+11;-0.1965171E+00;0.5995220E+19
0.29477652452092E+11;-0.2096100E+00;0.5823967E+19
0.29477652452167E+11;-0.2255506E+00;0.5648060E+19
0.29477652452244E+11;-0.2476773E+00;0.5467785E+19
0.29477652452324E+11;-0.2770814E+00;0.5285579E+19
0.29477652452408E+11;-0.2990177E+00;0.5099128E+19
0.29477652452494E+11;-0.3211122E+00;0.4911139E+19
0.29477652452584E+11;-0.3492557E+00;0.4720696E+19
0.29477652452684E+11;-0.3863259E+00;0.4512844E+19
0.29477652452784E+11;-0.4211145E+00;0.4309608E+19
0.29477652452884E+11;-0.4576183E+00;0.4115306E+19
0.29477652452992E+11;-0.4869858E+00;0.3910031E+19
0.29477652453097E+11;-0.5190021E+00;0.3718340E+19
0.29477652453211E+11;-0.5571601E+00;0.3518214E+19
0.29477652453325E+11;-0.5983341E+00;0.3325235E+19
0.29477652453455E+11;-0.6483927E+00;0.3116078E+19
0.29477652453596E+11;-0.6928533E+00;0.2901248E+19
0.29477652453743E+11;-0.7354388E+00;0.2689780E+19
0.29477652453891E+11;-0.7800928E+00;0.2490416E+19
0.29477652454046E+11;-0.8293282E+00;0.2294060E+19
0.29477652454220E+11;-0.8845877E+00;0.2090972E+19
0.29477652454412E+11;-0.9370062E+00;0.1886724E+19
0.29477652454628E+11;-0.9943430E+00;0.1679357E+19
0.29477652454865E+11;-0.1051140E+01;0.1478607E+19
0.29477652455126E+11;-0.1111484E+01;0.1287791E+19
0.29477652455403E+11;-0.1169226E+01;0.1115984E+19
0.29477652455704E+11;-0.1228132E+01;0.9597045E+18
0.29477652456051E+11;-0.1282642E+01;0.8133634E+18
0.29477652456473E+11;-0.1347845E+01;0.6739358E+18
0.29477652456947E+11;-0.1413246E+01;0.5553611E+18
0.29477652457492E+11;-0.1486435E+01;0.4540537E+18
0.29477652458108E+11;-0.1547464E+01;0.3705069E+18
0.29477652458844E+11;-0.1608476E+01;0.2992330E+18
0.29477652459761E+11;-0.1678800E+01;0.2375521E+18
0.29477652460868E+11;-0.1754209E+01;0.1872937E+18
0.29477652462212E+11;-0.1834743E+01;0.1469004E+18
0.29477652463818E+11;-0.1918450E+01;0.1153482E+18
0.29477652465725E+11;-0.2003886E+01;0.9094296E+17
0.29477652468023E+11;-0.2091292E+01;0.7189481E+17
0.29477652470775E+11;-0.2179402E+01;0.5716929E+17
0.29477652474098E+11;-0.2268455E+01;0.4570245E+17
0.29477652478129E+11;-0.2358498E+01;0.3673756E+17
0.29477652483040E+11;-0.2449661E+01;0.2969248E+17
0.29477652489040E+11;-0.2511766E+01;0.2411702E+17
0.29477652496396E+11;-0.2582236E+01;0.1966039E+17
0.29477652505452E+11;-0.2665817E+01;0.1604974E+17
0.29477652516665E+11;-0.2756398E+01;0.1307824E+17
0.29477652530612E+11;-0.2843970E+01;0.1060877E+17
0.29477652547016E+11;-0.2930615E+01;0.8654743E+16
0.29477652567184E+11;-0.3020248E+01;0.7036198E+16
0.29477652591903E+11;-0.3110634E+01;0.5712084E+16
0.29477652622283E+11;-0.3201647E+01;0.4634805E+16
0.29477652659679E+11;-0.3293303E+01;0.3763430E+16
0.29477652705743E+11;-0.3384969E+01;0.3062234E+16
0.29477652762609E+11;-0.3477014E+01;0.2499227E+16
0.29477652832731E+11;-0.3569309E+01;0.2048820E+16
0.29477652919356E+11;-0.3655967E+01;0.1687936E+16
0.29477653026603E+11;-0.3727057E+01;0.1397630E+16
0.29477653159403E+11;-0.3795192E+01;0.1162913E+16
0.29477653323541E+11;-0.3865088E+01;0.9717271E+15
0.29477653527902E+11;-0.3944960E+01;0.8128993E+15
0.29477653780642E+11;-0.4038473E+01;0.6797957E+15
0.29477654094410E+11;-0.4133864E+01;0.5664069E+15
0.29477654442351E+11;-0.4213928E+01;0.4785618E+15
0.29477654866537E+11;-0.4294730E+01;0.4031979E+15
0.29477655383263E+11;-0.4376449E+01;0.3394783E+15
0.29477656013582E+11;-0.4454883E+01;0.2861786E+15
0.29477656782848E+11;-0.4527514E+01;0.2419571E+15
0.29477657722475E+11;-0.4594200E+01;0.2053806E+15
0.29477658871037E+11;-0.4657764E+01;0.1750544E+15
0.29477660275135E+11;-0.4724586E+01;0.1497037E+15
0.29477661991972E+11;-0.4804576E+01;0.1281905E+15
0.29477663924195E+11;-0.4887273E+01;0.1108729E+15
0.29477666232010E+11;-0.4969447E+01;0.9576171E+14
0.29477668778651E+11;-0.5036238E+01;0.8350956E+14
0.29477671854837E+11;-0.5098245E+01;0.7268642E+14
0.29477675514774E+11;-0.5157612E+01;0.6340106E+14
0.29477679884905E+11;-0.5215020E+01;0.5543983E+14
0.29477685098533E+11;-0.5275676E+01;0.4858803E+14
0.29477691078096E+11;-0.5345615E+01;0.4281642E+14
0.29477698054011E+11;-0.5420150E+01;0.3776713E+14
0.29477706142802E+11;-0.5493497E+01;0.3334115E+14
0.29477714992979E+11;-0.5547147E+01;0.2967061E+14
0.29477725490251E+11;-0.5597225E+01;0.2638407E+14
0.29477737760612E+11;-0.5648719E+01;0.2350331E+14
0.29477752126166E+11;-0.5706958E+01;0.2096329E+14
0.29477768613188E+11;-0.5774761E+01;0.1874028E+14
0.29477787967810E+11;-0.5844219E+01;0.1673072E+14
0.29477808787882E+11;-0.5901183E+01;0.1505416E+14
0.29477832688568E+11;-0.5943213E+01;0.1355714E+14
0.29477860394682E+11;-0.5990736E+01;0.1221149E+14
0.29477892499133E+11;-0.6048874E+01;0.1099822E+14
0.29477929697384E+11;-0.6113973E+01;0.9895321E+13
0.29477972536150E+11;-0.6178999E+01;0.8893684E+13
0.29478017430967E+11;-0.6217060E+01;0.8059477E+13
0.29478069825870E+11;-0.6260001E+01;0.7282355E+13
0.29478129792078E+11;-0.6315512E+01;0.6572051E+13
0.29478198713113E+11;-0.6376876E+01;0.5915308E+13
0.29478276255105E+11;-0.6435234E+01;0.5318367E+13
0.29478359406622E+11;-0.6467626E+01;0.4800427E+13
0.29478455384404E+11;-0.6514434E+01;0.4318227E+13
0.29478564664718E+11;-0.6572526E+01;0.3877433E+13
0.29478689567094E+11;-0.6631494E+01;0.3473868E+13
0.29478821323286E+11;-0.6663952E+01;0.3132608E+13
0.29478972860681E+11;-0.6709039E+01;0.2818686E+13
0.29479144660527E+11;-0.6765440E+01;0.2536002E+13
0.29479339357398E+11;-0.6819086E+01;0.2281826E+13
0.29479546128882E+11;-0.6850090E+01;0.2066173E+13
0.29479783175007E+11;-0.6901025E+01;0.1867828E+13
0.29480050966336E+11;-0.6956461E+01;0.1688567E+13
0.29480337407710E+11;-0.6990339E+01;0.1534385E+13
0.29480662306045E+11;-0.7036274E+01;0.1393175E+13
0.29481029101563E+11;-0.7090621E+01;0.1264682E+13
0.29481423654912E+11;-0.7125787E+01;0.1152851E+13
0.29481868862529E+11;-0.7171916E+01;0.1050394E+13
0.29482371129291E+11;-0.7225680E+01;0.9566888E+12
0.29482908696322E+11;-0.7258020E+01;0.8750702E+12
0.29483520687576E+11;-0.7308567E+01;0.7992510E+12
0.29484198840904E+11;-0.7351786E+01;0.7307580E+12
0.29484941071081E+11;-0.7393707E+01;0.6694575E+12
0.29485783446537E+11;-0.7446344E+01;0.6125378E+12
0.29486690511939E+11;-0.7481091E+01;0.5622874E+12
0.29487723951052E+11;-0.7533609E+01;0.5152736E+12
0.29488840470473E+11;-0.7569984E+01;0.4735126E+12
0.29490113359587E+11;-0.7621939E+01;0.4343272E+12
0.29491496036032E+11;-0.7659810E+01;0.3992754E+12
0.29493075134721E+11;-0.7710556E+01;0.3663006E+12
0.29494801595334E+11;-0.7751363E+01;0.3366140E+12
0.29496730700000E+11;-0.7796994E+01;0.3092572E+12
0.29498916057719E+11;-0.7844649E+01;0.2837515E+12
0.29501340288194E+11;-0.7887853E+01;0.2605004E+12
0.29504072384973E+11;-0.7935355E+01;0.2389949E+12
0.29507203603351E+11;-0.7983248E+01;0.2188633E+12
0.29510729201687E+11;-0.8029028E+01;0.2004338E+12
0.29514744162750E+11;-0.8076552E+01;0.1834302E+12
0.29519338083979E+11;-0.8125071E+01;0.1677360E+12
0.29524631713549E+11;-0.8173891E+01;0.1532126E+12
0.29530775833138E+11;-0.8222246E+01;0.1397423E+12
0.29537963742372E+11;-0.8271447E+01;0.1272216E+12
0.29546399704030E+11;-0.8321023E+01;0.1156222E+12
0.29555444191145E+11;-0.8363136E+01;0.1057753E+12
0.29566731614580E+11;-0.8407794E+01;0.9609613E+11
0.29578248176122E+11;-0.8447263E+01;0.8831145E+11
0.29589247111826E+11;-0.8480633E+01;0.8228185E+11
0.29601406621781E+11;-0.8513498E+01;0.7679053E+11
0.29615141500503E+11;-0.8546744E+01;0.7169164E+11
0.29628836141927E+11;-0.8576584E+01;0.6747668E+11
0.29643216668216E+11;-0.8604922E+01;0.6374994E+11
0.29657956756041E+11;-0.8631450E+01;0.6049385E+11
0.29673306084573E+11;-0.8656786E+01;0.5756938E+11
0.29690384577764E+11;-0.8682541E+01;0.5475060E+11
0.29696641121394E+11;-0.8691422E+01;0.5381259E+11
0.29706025936838E+11;-0.8704248E+01;0.5248717E+11
0.29720103160005E+11;-0.8722457E+01;0.5066050E+11
0.29738704166070E+11;-0.8744813E+01;0.4849887E+11
0.29757267768169E+11;-0.8765407E+01;0.4658180E+11
0.29778752084258E+11;-0.8787240E+01;0.4461546E+11
0.29798788933483E+11;-0.8804317E+01;0.4299043E+11
0.29819753747589E+11;-0.8820183E+01;0.4147624E+11
0.29841422862325E+11;-0.8835222E+01;0.4008582E+11
0.29863474961269E+11;-0.8849349E+01;0.3883098E+11
0.29887246575033E+11;-0.8863428E+01;0.3763631E+11
0.29910439786369E+11;-0.8876146E+01;0.3660834E+11
0.29934207394308E+11;-0.8888235E+01;0.3567761E+11
0.29958629273072E+11;-0.8899741E+01;0.3483291E+11
0.29983618496240E+11;-0.8910646E+01;0.3406939E+11
0.30009829727225E+11;-0.8921223E+01;0.3336243E+11
0.30035977218976E+11;-0.8930940E+01;0.3273888E+11
0.30062571330449E+11;-0.8940034E+01;0.3217574E+11
0.30089673712143E+11;-0.8948564E+01;0.3166510E+11
0.30116962372948E+11;-0.8956403E+01;0.3120666E+11
0.30144796490628E+11;-0.8963715E+01;0.3078763E+11
0.30172045346524E+11;-0.8970222E+01;0.3041834E+11
0.30201341326131E+11;-0.8976536E+01;0.3006070E+11
0.30229073327131E+11;-0.8981897E+01;0.2975382E+11
0.30257978925714E+11;-0.8986879E+01;0.2946215E+11
0.30286138976661E+11;-0.8991152E+01;0.2920423E+11
0.30315485450289E+11;-0.8995013E+01;0.2896278E+11
0.30345849549316E+11;-0.8998346E+01;0.2874266E+11
0.30374738106023E+11;-0.9000497E+01;0.2856194E+11
0.30403222196674E+11;-0.9000577E+01;0.2841164E+11
0.30430524908357E+11;-0.9000647E+01;0.2829417E+11
0.30457422497174E+11;-0.9000710E+01;0.2820438E+11
0.30485442859460E+11;-0.9000771E+01;0.2813737E+11
0.30514672042587E+11;-0.9000828E+01;0.2809314E+11
0.30543301435020E+11;-0.9000880E+01;0.2807175E+11
0.30571845313533E+11;-0.9000927E+01;0.2807013E+11
0.30599978307086E+11;-0.9000969E+01;0.2808594E+11
0.30627889456756E+11;-0.9001008E+01;0.2811520E+11
0.30656104508934E+11;-0.9001044E+01;0.2815451E+11
0.30684785166959E+11;-0.9001077E+01;0.2820195E+11
0.30713617368429E+11;-0.9001108E+01;0.2825616E+11
0.30741939934553E+11;-0.9001136E+01;0.2831534E+11
0.30769632172639E+11;-0.9001160E+01;0.2837810E+11
0.30797342490145E+11;-0.9001183E+01;0.2844473E+11
0.30825771943127E+11;-0.9001205E+01;0.2851763E+11
0.30854759174386E+11;-0.9001225E+01;0.2859934E+11
0.30883298418466E+11;-0.9001243E+01;0.2868976E+11
0.30910760747023E+11;-0.9001259E+01;0.2878622E+11
0.30937771248625E+11;-0.9001273E+01;0.2888956E+11
0.30965574630715E+11;-0.9001286E+01;0.2900526E+11
0.30994563594632E+11;-0.9001299E+01;0.2913672E+11
0.31023295791879E+11;-0.9001310E+01;0.2927713E+11
0.31050787011748E+11;-0.9001320E+01;0.2941856E+11
0.31077253336641E+11;-0.9001328E+01;0.2955967E+11
0.31104169732909E+11;-0.9001336E+01;0.2970823E+11
0.31132634429843E+11;-0.9001343E+01;0.2987161E+11
0.31161416111053E+11;-0.9001350E+01;0.3004175E+11
0.31188317869694E+11;-0.9001355E+01;0.3020290E+11
0.31214736958323E+11;-0.9001359E+01;0.3036255E+11
0.31241852813662E+11;-0.9001363E+01;0.3052810E+11
0.31270074303487E+11;-0.9001367E+01;0.3070330E+11
0.31297676285319E+11;-0.9001369E+01;0.3087730E+11
0.31323593182957E+11;-0.9001372E+01;0.3104213E+11
0.31350040388134E+11;-0.9001373E+01;0.3121353E+11
0.31377572265765E+11;-0.9001375E+01;0.3139877E+11
0.31405897828518E+11;-0.9001376E+01;0.3159730E+11
0.31431455716227E+11;-0.9001376E+01;0.3178220E+11
0.31457103394375E+11;-0.9001376E+01;0.3197282E+11
0.31483765046035E+11;-0.9001376E+01;0.3217636E+11
0.31512075921679E+11;-0.9001375E+01;0.3239795E+11
0.31537854416805E+11;-0.9001374E+01;0.3260419E+11
0.31562874822267E+11;-0.9001372E+01;0.3280690E+11
0.31588929452040E+11;-0.9001371E+01;0.3301907E+11
0.31615600191094E+11;-0.9001369E+01;0.3323852E+11
0.31642454189320E+11;-0.9001367E+01;0.3346158E+11
0.31666861846209E+11;-0.9001364E+01;0.3366434E+11
0.31693018922631E+11;-0.9001362E+01;0.3388139E+11
0.31717879920576E+11;-0.9001359E+01;0.3408856E+11
0.31744765366698E+11;-0.9001356E+01;0.3431463E+11
0.31769233082748E+11;-0.9001353E+01;0.3452342E+11
0.31793482740242E+11;-0.9001350E+01;0.3473488E+11
0.31818989285262E+11;-0.9001346E+01;0.3496262E+11
0.31843927514693E+11;-0.9001343E+01;0.3519046E+11
0.31869196374638E+11;-0.9001339E+01;0.3542606E+11
0.31892602954941E+11;-0.9001335E+01;0.3564752E+11
0.31918111247648E+11;-0.9001331E+01;0.3589089E+11
0.31942821646517E+11;-0.9001327E+01;0.3612826E+11
0.31967150590401E+11;-0.9001323E+01;0.3636358E+11
0.31990616108468E+11;-0.9001318E+01;0.3659168E+11
0.32014273391161E+11;-0.9001314E+01;0.3682383E+11
0.32039944449185E+11;-0.9001309E+01;0.3707918E+11
0.32063175390900E+11;-0.9001305E+01;0.3731175E+11
0.32087042570436E+11;-0.9001300E+01;0.3755080E+11
0.32109558641758E+11;-0.9001296E+01;0.3777735E+11
0.32134734334613E+11;-0.9001291E+01;0.3803315E+11
0.32158225324892E+11;-0.9001286E+01;0.3827508E+11
0.32181205766130E+11;-0.9001281E+01;0.3851528E+11
0.32203580579039E+11;-0.9001276E+01;0.3875334E+11
0.32226996043050E+11;-0.9001271E+01;0.3900852E+11
0.32250888537803E+11;-0.9001266E+01;0.3927510E+11
0.32273813121283E+11;-0.9001260E+01;0.3953338E+11
0.32296267576250E+11;-0.9001255E+01;0.3978569E+11
0.32318148403941E+11;-0.9001250E+01;0.4003110E+11
0.32341995973741E+11;-0.9001245E+01;0.4029996E+11
0.32364873627506E+11;-0.9001239E+01;0.4055948E+11
0.32387057820147E+11;-0.9001234E+01;0.4081173E+11
0.32408424434498E+11;-0.9001229E+01;0.4105613E+11
0.32431583274990E+11;-0.9001223E+01;0.4132566E+11
0.32454030467954E+11;-0.9001217E+01;0.4159165E+11
0.32476287393756E+11;-0.9001212E+01;0.4185685E+11
0.32497162130514E+11;-0.9001207E+01;0.4210652E+11
0.32519007896384E+11;-0.9001201E+01;0.4237079E+11
0.32541848238886E+11;-0.9001195E+01;0.4265318E+11
0.32563383176265E+11;-0.9001189E+01;0.4292488E+11
0.32584192244740E+11;-0.9001184E+01;0.4318973E+11
0.32605105398322E+11;-0.9001178E+01;0.4345756E+11
0.32627594658275E+11;-0.9001172E+01;0.4374837E+11
0.32648863216032E+11;-0.9001167E+01;0.4402505E+11
0.32669436137342E+11;-0.9001161E+01;0.4429157E+11
0.32689383496750E+11;-0.9001155E+01;0.4454856E+11
0.32710883038124E+11;-0.9001149E+01;0.4482809E+11
0.32732748151216E+11;-0.9001143E+01;0.4511861E+11
0.32752886811818E+11;-0.9001138E+01;0.4539022E+11
0.32772317948926E+11;-0.9001132E+01;0.4565470E+11
0.32793346228544E+11;-0.9001126E+01;0.4594461E+11
0.32814500128929E+11;-0.9001120E+01;0.4624150E+11
0.32834678659181E+11;-0.9001114E+01;0.4652962E+11
0.32853815871364E+11;-0.9001108E+01;0.4680533E+11
0.32873695084729E+11;-0.9001103E+01;0.4709302E+11
0.32894097903736E+11;-0.9001097E+01;0.4739128E+11
0.32914200484252E+11;-0.9001090E+01;0.4768861E+11
0.32933158318196E+11;-0.9001085E+01;0.4796926E+11
0.32951920786750E+11;-0.9001079E+01;0.4824603E+11
0.32971497572668E+11;-0.9001073E+01;0.4853628E+11
0.32991463391947E+11;-0.9001067E+01;0.4883599E+11
0.33010435998110E+11;-0.9001061E+01;0.4912370E+11
0.33028598487845E+11;-0.9001055E+01;0.4940193E+11
0.33047795682317E+11;-0.9001049E+01;0.4969981E+11
0.33067189016334E+11;-0.9001043E+01;0.5000585E+11
0.33086283600539E+11;-0.9001037E+01;0.5031346E+11
0.33103936106157E+11;-0.9001031E+01;0.5060171E+11
0.33122860726726E+11;-0.9001025E+01;0.5091210E+11
0.33141141085674E+11;-0.9001019E+01;0.5121376E+11
0.33159596421119E+11;-0.9001013E+01;0.5151917E+11
0.33177099738294E+11;-0.9001007E+01;0.5180852E+11
0.33195010760701E+11;-0.9001001E+01;0.5210621E+11
0.33213158592380E+11;-0.9000995E+01;0.5241079E+11
0.33231294355484E+11;-0.9000989E+01;0.5271795E+11
0.33248629243089E+11;-0.9000983E+01;0.5301384E+11
0.33265762145658E+11;-0.9000977E+01;0.5330915E+11
0.33283972225119E+11;-0.9000971E+01;0.5362731E+11
0.33301303817970E+11;-0.9000965E+01;0.5393542E+11
0.33318397192421E+11;-0.9000959E+01;0.5424586E+11
0.33334799209585E+11;-0.9000953E+01;0.5455022E+11
0.33352803189605E+11;-0.9000947E+01;0.5488934E+11
0.33370092049971E+11;-0.9000941E+01;0.5521684E+11
0.33386785384719E+11;-0.9000935E+01;0.5553246E+11
0.33402793191089E+11;-0.9000929E+01;0.5583615E+11
0.33420210506266E+11;-0.9000922E+01;0.5617217E+11
0.33437019359310E+11;-0.9000916E+01;0.5650315E+11
0.33453536205910E+11;-0.9000910E+01;0.5683220E+11
0.33469179172964E+11;-0.9000904E+01;0.5714612E+11
0.33485685882581E+11;-0.9000898E+01;0.5748305E+11
0.33502169254285E+11;-0.9000892E+01;0.5782804E+11
0.33518026501569E+11;-0.9000886E+01;0.5816764E+11
0.33533429154357E+11;-0.9000880E+01;0.5850510E+11
0.33549017209277E+11;-0.9000874E+01;0.5885406E+11
0.33564821869090E+11;-0.9000867E+01;0.5921425E+11
0.33580653127841E+11;-0.9000861E+01;0.5957749E+11
0.33595733954656E+11;-0.9000855E+01;0.5992329E+11
0.33610708973024E+11;-0.9000849E+01;0.6027044E+11
0.33626375946090E+11;-0.9000842E+01;0.6064123E+11
0.33641235878659E+11;-0.9000836E+01;0.6099814E+11
0.33655822258592E+11;-0.9000830E+01;0.6135010E+11
0.33670050426244E+11;-0.8998399E+01;0.6169483E+11
0.33684757336646E+11;-0.8996890E+01;0.6205779E+11
0.33699291921786E+11;-0.8991677E+01;0.6242589E+11
0.33713641579859E+11;-0.8986850E+01;0.6279406E+11
0.33727259583864E+11;-0.8981296E+01;0.6314477E+11
0.33741679433028E+11;-0.8979381E+01;0.6351876E+11
0.33755616994004E+11;-0.8976119E+01;0.6388369E+11
0.33769297895914E+11;-0.8968794E+01;0.6424144E+11
0.33782554161402E+11;-0.8964673E+01;0.6458436E+11
0.33796205185821E+11;-0.8962089E+01;0.6493496E+11
0.33809429507669E+11;-0.8957156E+01;0.6527427E+11
0.33822872693859E+11;-0.8953763E+01;0.6561894E+11
0.33835767825476E+11;-0.8948442E+01;0.6594803E+11
0.33848907510129E+11;-0.8946339E+01;0.6628170E+11
0.33861777952682E+11;-0.8943004E+01;0.6660786E+11
0.33874400278490E+11;-0.8937577E+01;0.6692797E+11
0.33886994017662E+11;-0.8934643E+01;0.6724660E+11
0.33899515528429E+11;-0.8931764E+01;0.6756069E+11
0.33912065230479E+11;-0.8928200E+01;0.6787376E+11
0.33924333634049E+11;-0.8925488E+01;0.6817690E+11
0.33936457494733E+11;-0.8921691E+01;0.6846917E+11
0.33948601859747E+11;-0.8920106E+01;0.6875440E+11
0.33961043972027E+11;-0.8916012E+01;0.6904310E+11
0.33973143097990E+11;-0.8913632E+01;0.6932379E+11
0.33984984951514E+11;-0.8911317E+01;0.6959755E+11
0.33996716482708E+11;-0.8907699E+01;0.6986694E+11
0.34008290809761E+11;-0.8906557E+01;0.7013267E+11
0.34020414123778E+11;-0.8902942E+01;0.7041357E+11
0.34032156415097E+11;-0.8901361E+01;0.7069161E+11
0.34043688180025E+11;-0.8899038E+01;0.7097210E+11
0.34055151089185E+11;-0.8895168E+01;0.7125564E+11
0.34066316493307E+11;-0.8893492E+01;0.7153419E+11
0.34078034713171E+11;-0.8890177E+01;0.7183110E+11
0.34089495917683E+11;-0.8888111E+01;0.7213046E+11
0.34100750623386E+11;-0.8885561E+01;0.7243785E+11
0.34111977951741E+11;-0.8881001E+01;0.7276051E+11
0.34122806719599E+11;-0.8877908E+01;0.7308648E+11
0.34134094639668E+11;-0.8875726E+01;0.7344385E+11
0.34145365646065E+11;-0.8872254E+01;0.7382704E+11
0.34156269009817E+11;-0.8867001E+01;0.7423013E+11
0.34167175121514E+11;-0.8860897E+01;0.7466571E+11
0.34177619737015E+11;-0.8852279E+01;0.7511142E+11
0.34188098468388E+11;-0.8843846E+01;0.7559075E+11
0.34198503657263E+11;-0.8836812E+01;0.7610429E+11
0.34208731841782E+11;-0.8829209E+01;0.7664980E+11
0.34218904592821E+11;-0.8821092E+01;0.7723711E+11
0.34228732156661E+11;-0.8813075E+01;0.7785143E+11
0.34238273798754E+11;-0.8803160E+01;0.7849779E+11
0.34247641876123E+11;-0.8797351E+01;0.7918758E+11
0.34257106922126E+11;-0.8790335E+01;0.7995068E+11
0.34266901870170E+11;-0.8781965E+01;0.8082206E+11
0.34275834433971E+11;-0.8774573E+01;0.8169910E+11
0.34284615903721E+11;-0.8764942E+01;0.8264959E+11
0.34293144126777E+11;-0.8758677E+01;0.8366975E+11
0.34301911894684E+11;-0.8743834E+01;0.8483717E+11
0.34310758702656E+11;-0.8724336E+01;0.8616376E+11
0.34318843565437E+11;-0.8703295E+01;0.8753487E+11
0.34326662417633E+11;-0.8685674E+01;0.8903570E+11
0.34334587355950E+11;-0.8670648E+01;0.9077489E+11
0.34341949513545E+11;-0.8644776E+01;0.9264478E+11
0.34349083304936E+11;-0.8615456E+01;0.9476082E+11
0.34355548960632E+11;-0.8584277E+01;0.9701335E+11
0.34361807979917E+11;-0.8555156E+01;0.9959246E+11
0.34363912891656E+11;-0.8545707E+01;0.1005698E+12
0.34367070259265E+11;-0.8531483E+01;0.1021614E+12
0.34371806310679E+11;-0.8504402E+01;0.1048899E+12
0.34373619112757E+11;-0.8491170E+01;0.1060651E+12
0.34376338315873E+11;-0.8469642E+01;0.1079921E+12
0.34380417120548E+11;-0.8431532E+01;0.1113329E+12
0.34385030497455E+11;-0.8383067E+01;0.1159809E+12
0.34386547971726E+11;-0.8366644E+01;0.1177759E+12
0.34388824183133E+11;-0.8341257E+01;0.1207872E+12
0.34392238500244E+11;-0.8299571E+01;0.1262315E+12
0.34393492121947E+11;-0.8282417E+01;0.1285945E+12
0.34395372554501E+11;-0.8253952E+01;0.1326216E+12
0.34398193203333E+11;-0.8197400E+01;0.1401166E+12
0.34400989443764E+11;-0.8124026E+01;0.1501738E+12
0.34403547128996E+11;-0.8043550E+01;0.1633341E+12
0.34404312078594E+11;-0.8015854E+01;0.1684537E+12
0.34405459502992E+11;-0.7969687E+01;0.1776889E+12
0.34407180639589E+11;-0.7883672E+01;0.1969810E+12
0.34407710912279E+11;-0.7851020E+01;0.2050008E+12
0.34408506321312E+11;-0.7794126E+01;0.2199966E+12
0.34408900048784E+11;-0.7761529E+01;0.2292492E+12
0.34409490639992E+11;-0.7705446E+01;0.2464817E+12
0.34410376526803E+11;-0.7573970E+01;0.2850150E+12
0.34410715345885E+11;-0.7508253E+01;0.3069137E+12
0.34411223574509E+11;-0.7384528E+01;0.3545698E+12
0.34411475147677E+11;-0.7306188E+01;0.3897594E+12
0.34411852507430E+11;-0.7152439E+01;0.4730495E+12
0.34412039300507E+11;-0.7049969E+01;0.5416574E+12
0.34412319490124E+11;-0.6830878E+01;0.7368382E+12
0.34412432187910E+11;-0.6700160E+01;0.8963942E+12
0.34412601234590E+11;-0.6386533E+01;0.1491683E+13
0.34412618306321E+11;-0.6338892E+01;0.1619802E+13
0.34412643913917E+11;-0.6256847E+01;0.1872680E+13
0.34412682325311E+11;-0.6098347E+01;0.2507283E+13
0.34412699896582E+11;-0.6003074E+01;0.3010200E+13
0.34412708594362E+11;-0.5947636E+01;0.3356511E+13
0.34412721641030E+11;-0.5849802E+01;0.4085691E+13
0.34412741211033E+11;-0.5648737E+01;0.6224223E+13
0.34412748861916E+11;-0.5538053E+01;0.7919019E+13
0.34412751450720E+11;-0.5493777E+01;0.8737328E+13
0.34412755333926E+11;-0.5417884E+01;0.1035871E+14
0.34412761158735E+11;-0.5272978E+01;0.1442697E+14
0.34412763457931E+11;-0.5199970E+01;0.1710042E+14
0.34412766906725E+11;-0.5061092E+01;0.2371027E+14
0.34412768055002E+11;-0.5003414E+01;0.2721148E+14
0.34412769777418E+11;-0.4899096E+01;0.3492925E+14
0.34412770490751E+11;-0.4847398E+01;0.3955818E+14
0.34412771560751E+11;-0.4755967E+01;0.4931780E+14
0.34412772090401E+11;-0.4702384E+01;0.5613607E+14
0.34412772884877E+11;-0.4606960E+01;0.7070961E+14
0.34412774076589E+11;-0.4406165E+01;0.1148454E+15
0.34412774213276E+11;-0.4375878E+01;0.1235867E+15
0.34412774418306E+11;-0.4325842E+01;0.1394435E+15
0.34412774725851E+11;-0.4237670E+01;0.1723977E+15
0.34412775187168E+11;-0.4057505E+01;0.2652412E+15
0.34412775325723E+11;-0.3984795E+01;0.3156703E+15
0.34412775475571E+11;-0.3888810E+01;0.3966177E+15
0.34412775528495E+11;-0.3849112E+01;0.4358575E+15
0.34412775607881E+11;-0.3781630E+01;0.5114236E+15
0.34412775726960E+11;-0.3655200E+01;0.6893666E+15
0.34412775784767E+11;-0.3577332E+01;0.8281633E+15
0.34412775871477E+11;-0.3425622E+01;0.1182499E+16
0.34412775901439E+11;-0.3358062E+01;0.1385818E+16
0.34412775943630E+11;-0.3240487E+01;0.1825040E+16
0.34412775958694E+11;-0.3189579E+01;0.2056410E+16
0.34412775981290E+11;-0.3099982E+01;0.2536472E+16
0.34412775992475E+11;-0.3047850E+01;0.2865964E+16
0.34412776009252E+11;-0.2955955E+01;0.3554941E+16
0.34412776034418E+11;-0.2768444E+01;0.5523853E+16
0.34412776043628E+11;-0.2674221E+01;0.6901740E+16
0.34412776046654E+11;-0.2638544E+01;0.7512291E+16
0.34412776051193E+11;-0.2579134E+01;0.8652805E+16
0.34412776058002E+11;-0.2472770E+01;0.1116086E+17
0.34412776061372E+11;-0.2409703E+01;0.1299462E+17
0.34412776066427E+11;-0.2296331E+01;0.1712997E+17
0.34412776068929E+11;-0.2228905E+01;0.2023378E+17
0.34412776072683E+11;-0.2107699E+01;0.2744162E+17
0.34412776074541E+11;-0.2035921E+01;0.3300510E+17
0.34412776077328E+11;-0.1908854E+01;0.4626502E+17
0.34412776078412E+11;-0.1851932E+01;0.5413843E+17
0.34412776080039E+11;-0.1758201E+01;0.7093998E+17
0.34412776080682E+11;-0.1712546E+01;0.7997551E+17
0.34412776081647E+11;-0.1626982E+01;0.9716030E+17
0.34412776082108E+11;-0.1583322E+01;0.1072889E+18
0.34412776082799E+11;-0.1514019E+01;0.1253699E+18
0.34412776083138E+11;-0.1478841E+01;0.1356755E+18
0.34412776083646E+11;-0.1424904E+01;0.1531306E+18
0.34412776083897E+11;-0.1395128E+01;0.1627129E+18
0.34412776084275E+11;-0.1350994E+01;0.1783045E+18
0.34412776084840E+11;-0.1287493E+01;0.2044783E+18
0.34412776085028E+11;-0.1267123E+01;0.2138996E+18
0.34412776085309E+11;-0.1237197E+01;0.2287396E+18
0.34412776085732E+11;-0.1191906E+01;0.2526562E+18
0.34412776085884E+11;-0.1176410E+01;0.2617977E+18
0.34412776086112E+11;-0.1152805E+01;0.2760330E+18
0.34412776086455E+11;-0.1116751E+01;0.2985666E+18
0.34412776086830E+11;-0.1075905E+01;0.3248045E+18
0.34412776087168E+11;-0.1042669E+01;0.3498314E+18
0.34412776087483E+11;-0.1013112E+01;0.3746993E+18
0.34412776087777E+11;-0.9871465E+00;0.3998741E+18
0.34412776088064E+11;-0.9608262E+00;0.4262871E+18
0.34412776088331E+11;-0.9375435E+00;0.4528336E+18
0.34412776088585E+11;-0.9132294E+00;0.4801122E+18
0.34412776088832E+11;-0.8913460E+00;0.5087949E+18
0.34412776089064E+11;-0.8712305E+00;0.5377199E+18
0.34412776089287E+11;-0.8531705E+00;0.5674272E+18
0.34412776089504E+11;-0.8339875E+00;0.5981941E+18
0.34412776089712E+11;-0.8173691E+00;0.6291995E+18
0.34412776089916E+11;-0.7984559E+00;0.6614049E+18
0.34412776090117E+11;-0.7806872E+00;0.6961394E+18
0.34412776090303E+11;-0.7649003E+00;0.7308824E+18
0.34412776090487E+11;-0.7498023E+00;0.7675469E+18
0.34412776090668E+11;-0.7342590E+00;0.8058388E+18
0.34412776090839E+11;-0.7205923E+00;0.8438873E+18
0.34412776091011E+11;-0.7055710E+00;0.8836268E+18
0.34412776091179E+11;-0.6904495E+00;0.9235409E+18
0.34412776091337E+11;-0.6773522E+00;0.9625123E+18
0.34412776091494E+11;-0.6640755E+00;0.1002576E+19
0.34412776091649E+11;-0.6513168E+00;0.1044613E+19
0.34412776091797E+11;-0.6395526E+00;0.1087439E+19
0.34412776091946E+11;-0.6275313E+00;0.1133155E+19
0.34412776092091E+11;-0.6142674E+00;0.1179383E+19
0.34412776092230E+11;-0.6028409E+00;0.1224658E+19
0.34412776092369E+11;-0.5916171E+00;0.1270265E+19
0.34412776092505E+11;-0.5811021E+00;0.1315730E+19
0.34412776092636E+11;-0.5708846E+00;0.1361249E+19
0.34412776092766E+11;-0.5609106E+00;0.1408799E+19
0.34412776092895E+11;-0.5498712E+00;0.1457901E+19
0.34412776093021E+11;-0.5397381E+00;0.1507953E+19
0.34412776093145E+11;-0.5302099E+00;0.1558284E+19
0.34412776093266E+11;-0.5215145E+00;0.1607820E+19
0.34412776093385E+11;-0.5125796E+00;0.1658393E+19
0.34412776093506E+11;-0.5036186E+00;0.1711637E+19
0.34412776093621E+11;-0.4948059E+00;0.1764492E+19
0.34412776093737E+11;-0.4856785E+00;0.1819427E+19
0.34412776093851E+11;-0.4774636E+00;0.1874089E+19
0.34412776093963E+11;-0.4694380E+00;0.1929433E+19
0.34412776094074E+11;-0.4620763E+00;0.1985850E+19
0.34412776094184E+11;-0.4537267E+00;0.2043709E+19
0.34412776094291E+11;-0.4462870E+00;0.2101085E+19
0.34412776094398E+11;-0.4384995E+00;0.2159063E+19
0.34412776094502E+11;-0.4315110E+00;0.2217919E+19
0.34412776094606E+11;-0.4244735E+00;0.2279844E+19
0.34412776094711E+11;-0.4178032E+00;0.2343248E+19
0.34412776094812E+11;-0.4100511E+00;0.2404127E+19
0.34412776094913E+11;-0.4034074E+00;0.2464332E+19
0.34412776095015E+11;-0.3981227E+00;0.2526046E+19
0.34412776095113E+11;-0.3914208E+00;0.2587092E+19
0.34412776095212E+11;-0.3842769E+00;0.2650500E+19
0.34412776095309E+11;-0.3782171E+00;0.2714301E+19
0.34412776095405E+11;-0.3729010E+00;0.2779097E+19
0.34412776095502E+11;-0.3666254E+00;0.2845587E+19
0.34412776095597E+11;-0.3620640E+00;0.2909416E+19
0.34412776095692E+11;-0.3548056E+00;0.2970993E+19
0.34412776095786E+11;-0.3493912E+00;0.3030403E+19
0.34412776095880E+11;-0.3437303E+00;0.3090151E+19
0.34412776095973E+11;-0.3385183E+00;0.3152570E+19
0.34412776096065E+11;-0.3336657E+00;0.3217497E+19
0.34412776096157E+11;-0.3288629E+00;0.3282162E+19
0.34412776096248E+11;-0.3230118E+00;0.3345217E+19
0.34412776096337E+11;-0.3184274E+00;0.3405826E+19
0.34412776096427E+11;-0.3138730E+00;0.3465935E+19
0.34412776096516E+11;-0.3085610E+00;0.3525197E+19
0.34412776096606E+11;-0.3043992E+00;0.3585808E+19
0.34412776096694E+11;-0.3000402E+00;0.3648057E+19
0.34412776096780E+11;-0.2946885E+00;0.3710694E+19
0.34412776096866E+11;-0.2914113E+00;0.3772351E+19
0.34412776096949E+11;-0.2864679E+00;0.3829759E+19
0.34412776097032E+11;-0.2823907E+00;0.3885759E+19
0.34412776097116E+11;-0.2779251E+00;0.3941558E+19
0.34412776097201E+11;-0.2748348E+00;0.4000165E+19
0.34412776097286E+11;-0.2701629E+00;0.4061386E+19
0.34412776097369E+11;-0.2667987E+00;0.4121783E+19
0.34412776097448E+11;-0.2624367E+00;0.4178630E+19
0.34412776097529E+11;-0.2592349E+00;0.4236353E+19
0.34412776097607E+11;-0.2556164E+00;0.4291587E+19
0.34412776097686E+11;-0.2518927E+00;0.4347705E+19
0.34412776097764E+11;-0.2485250E+00;0.4404892E+19
0.34412776097842E+11;-0.2446659E+00;0.4465233E+19
0.34412776097919E+11;-0.2424792E+00;0.4526177E+19
0.34412776097998E+11;-0.2383941E+00;0.4588595E+19
0.34412776098071E+11;-0.2355457E+00;0.4644946E+19
0.34412776098146E+11;-0.2317988E+00;0.4700976E+19
0.34412776098221E+11;-0.2289599E+00;0.4758147E+19
0.34412776098295E+11;-0.2260646E+00;0.4817649E+19
0.34412776098369E+11;-0.2231458E+00;0.4879411E+19
0.34412776098443E+11;-0.2206609E+00;0.4942980E+19
0.34412776098515E+11;-0.2173624E+00;0.5003150E+19
0.34412776098540E+11;-0.2162369E+00;0.5024497E+19
0.34412776098579E+11;-0.2144262E+00;0.5056133E+19
0.34412776098637E+11;-0.2123836E+00;0.5102992E+19
0.34412776098708E+11;-0.2099392E+00;0.5160507E+19
0.34412776098779E+11;-0.2071495E+00;0.5219529E+19
0.34412776098850E+11;-0.2044213E+00;0.5280621E+19
0.34412776098920E+11;-0.2015413E+00;0.5344784E+19
0.34412776098991E+11;-0.1987951E+00;0.5409974E+19
0.34412776099059E+11;-0.1964971E+00;0.5471587E+19
0.34412776099131E+11;-0.1944090E+00;0.5534744E+19
0.34412776099198E+11;-0.1919012E+00;0.5592517E+19
0.34412776099264E+11;-0.1887849E+00;0.5650567E+19
0.34412776099332E+11;-0.1857228E+00;0.5712200E+19
0.34412776099400E+11;-0.1832703E+00;0.5777417E+19
0.34412776099467E+11;-0.1806076E+00;0.5844339E+19
0.34412776099533E+11;-0.1779875E+00;0.5909651E+19
0.34412776099602E+11;-0.1752725E+00;0.5976081E+19
0.34412776099666E+11;-0.1731164E+00;0.6035827E+19
0.34412776099732E+11;-0.1708384E+00;0.6097282E+19
0.34412776099797E+11;-0.1679945E+00;0.6158786E+19
0.34412776099860E+11;-0.1658903E+00;0.6223489E+19
0.34412776099925E+11;-0.1634148E+00;0.6292105E+19
0.34412776099989E+11;-0.1607937E+00;0.6362423E+19
0.34412776100053E+11;-0.1583906E+00;0.6430167E+19
0.34412776100117E+11;-0.1562561E+00;0.6495294E+19
0.34412776100180E+11;-0.1534774E+00;0.6557441E+19
0.34412776100242E+11;-0.1511746E+00;0.6620226E+19
0.34412776100305E+11;-0.1498370E+00;0.6686974E+19
0.34412776100368E+11;-0.1469000E+00;0.6757237E+19
0.34412776100430E+11;-0.1450614E+00;0.6830443E+19
0.34412776100491E+11;-0.1429471E+00;0.6901754E+19
0.34412776100555E+11;-0.1404179E+00;0.6972331E+19
0.34412776100614E+11;-0.1380832E+00;0.7035717E+19
0.34412776100674E+11;-0.1361873E+00;0.7097680E+19
0.34412776100733E+11;-0.1344968E+00;0.7159202E+19
0.34412776100793E+11;-0.1319391E+00;0.7221260E+19
0.34412776100852E+11;-0.1307846E+00;0.7285368E+19
0.34412776100912E+11;-0.1283267E+00;0.7350593E+19
0.34412776100971E+11;-0.1268792E+00;0.7415208E+19
0.34412776101030E+11;-0.1250109E+00;0.7475764E+19
0.34412776101087E+11;-0.1236022E+00;0.7532994E+19
0.34412776101145E+11;-0.1216659E+00;0.7588984E+19
0.34412776101203E+11;-0.1208450E+00;0.7644939E+19
0.34412776101262E+11;-0.1183515E+00;0.7701311E+19
0.34412776101320E+11;-0.1177312E+00;0.7756940E+19
0.34412776101378E+11;-0.1153789E+00;0.7810831E+19
0.34412776101436E+11;-0.1143468E+00;0.7859639E+19
0.34412776101494E+11;-0.1130377E+00;0.7902216E+19
0.34412776101551E+11;-0.1116621E+00;0.7939260E+19
0.34412776101609E+11;-0.1098842E+00;0.7973080E+19
0.34412776101666E+11;-0.1086221E+00;0.8004833E+19
0.34412776101722E+11;-0.1060650E+00;0.8036293E+19
0.34412776101779E+11;-0.1026542E+00;0.8068302E+19
0.34412776101836E+11;-0.1006991E+00;0.8099766E+19
0.34412776101893E+11;-0.9761208E-01;0.8129799E+19
0.34412776101949E+11;-0.9573713E-01;0.8156785E+19
0.34412776102005E+11;-0.9432958E-01;0.8180580E+19
0.34412776102060E+11;-0.9266988E-01;0.8200821E+19
0.34412776102115E+11;-0.9098113E-01;0.8218202E+19
0.34412776102170E+11;-0.8765540E-01;0.8233700E+19
0.34412776102225E+11;-0.8579999E-01;0.8247158E+19
0.34412776102280E+11;-0.8300307E-01;0.8258146E+19
0.34412776102333E+11;-0.8102101E-01;0.8266323E+19
0.34412776102387E+11;-0.7994892E-01;0.8272687E+19
0.34412776102440E+11;-0.7802219E-01;0.8277753E+19
0.34412776102493E+11;-0.7720270E-01;0.8281693E+19
0.34412776102546E+11;-0.7403249E-01;0.8284887E+19
0.34412776102597E+11;-0.7219401E-01;0.8287989E+19
0.34412776102650E+11;-0.6979394E-01;0.8290312E+19
0.34412776102701E+11;-0.6760485E-01;0.8290369E+19
0.34412776102753E+11;-0.6662587E-01;0.8288057E+19
0.34412776102804E+11;-0.6472621E-01;0.8283824E+19
0.34412776102855E+11;-0.6359452E-01;0.8277922E+19
0.34412776102905E+11;-0.6174260E-01;0.8271234E+19
0.34412776102955E+11;-0.5980669E-01;0.8264393E+19
0.34412776103005E+11;-0.5800636E-01;0.8257095E+19
0.34412776103054E+11;-0.5547930E-01;0.8248317E+19
0.34412776103103E+11;-0.5420563E-01;0.8237792E+19
0.34412776103153E+11;-0.5282156E-01;0.8226224E+19
0.34412776103201E+11;-0.5125988E-01;0.8214277E+19
0.34412776103250E+11;-0.5073139E-01;0.8202010E+19
0.34412776103299E+11;-0.4858057E-01;0.8190653E+19
0.34412776103347E+11;-0.4751590E-01;0.8180167E+19
0.34412776103395E+11;-0.4455262E-01;0.8169756E+19
0.34412776103442E+11;-0.4292144E-01;0.8158500E+19
0.34412776103489E+11;-0.4227371E-01;0.8146018E+19
0.34412776103536E+11;-0.4015732E-01;0.8132803E+19
0.34412776103583E+11;-0.3917737E-01;0.8119777E+19
0.34412776103629E+11;-0.3823987E-01;0.8107897E+19
0.34412776103676E+11;-0.3708837E-01;0.8097032E+19
0.34412776103722E+11;-0.3496131E-01;0.8087088E+19
0.34412776103767E+11;-0.3280533E-01;0.8076916E+19
0.34412776103813E+11;-0.3182405E-01;0.8065783E+19
0.34412776103859E+11;-0.3036446E-01;0.8053815E+19
0.34412776103904E+11;-0.2876605E-01;0.8041700E+19
0.34412776103949E+11;-0.2827307E-01;0.8030206E+19
0.34412776103993E+11;-0.2679047E-01;0.8019521E+19
0.34412776104040E+11;-0.2594268E-01;0.8009420E+19
0.34412776104084E+11;-0.2375200E-01;0.8000508E+19
0.34412776104128E+11;-0.2223196E-01;0.7991695E+19
0.34412776104173E+11;-0.2179108E-01;0.7982198E+19
0.34412776104217E+11;-0.1948657E-01;0.7971822E+19
0.34412776104261E+11;-0.1833354E-01;0.7961308E+19
0.34412776104304E+11;-0.1774311E-01;0.7951513E+19
0.34412776104348E+11;-0.1616717E-01;0.7942587E+19
0.34412776104391E+11;-0.1563302E-01;0.7934570E+19
0.34412776104434E+11;-0.1364129E-01;0.7927266E+19
0.34412776104477E+11;-0.1267159E-01;0.7919692E+19
0.34412776104521E+11;-0.1138524E-01;0.7911127E+19
0.34412776104563E+11;-0.9500823E-02;0.7902251E+19
0.34412776104606E+11;-0.8719980E-02;0.7893445E+19
0.34412776104648E+11;-0.7628932E-02;0.7884744E+19
0.34412776104690E+11;-0.6267395E-02;0.7876220E+19
0.34412776104733E+11;-0.5975423E-02;0.7868727E+19
0.34412776104775E+11;-0.4383609E-02;0.7861848E+19
0.34412776104816E+11;-0.3944258E-02;0.7854928E+19
0.34412776104858E+11;-0.1761641E-02;0.7847387E+19
0.34412776104899E+11;-0.2000330E-03;0.7839315E+19
0.34412776104940E+11;0.2402993E-03;0.7830703E+19
0.34412776104981E+11;0.1861017E-02;0.7822013E+19
0.34412776105023E+11;0.3061868E-02;0.7813720E+19
0.34412776105064E+11;0.3558226E-02;0.7806966E+19
0.34412776105105E+11;0.5007802E-02;0.7801044E+19
0.34412776105146E+11;0.5440350E-02;0.7795384E+19
0.34412776105186E+11;0.7293376E-02;0.7789048E+19
0.34412776105226E+11;0.8577042E-02;0.7781862E+19
0.34412776105266E+11;0.8787222E-02;0.7774145E+19
0.34412776105306E+11;0.1088407E-01;0.7766691E+19
0.34412776105347E+11;0.1195319E-01;0.7760088E+19
0.34412776105387E+11;0.1265149E-01;0.7755264E+19
0.34412776105427E+11;0.1407895E-01;0.7751141E+19
0.34412776105467E+11;0.1451291E-01;0.7747025E+19
0.34412776105506E+11;0.1592500E-01;0.7742288E+19
0.34412776105545E+11;0.1695581E-01;0.7736809E+19
0.34412776105583E+11;0.1759094E-01;0.7730909E+19
0.34412776105622E+11;0.1956642E-01;0.7725485E+19
0.34412776105661E+11;0.2051168E-01;0.7721114E+19
0.34412776105700E+11;0.2135201E-01;0.7718123E+19
0.34412776105740E+11;0.2282101E-01;0.7715814E+19
0.34412776105778E+11;0.2323790E-01;0.7713677E+19
0.34412776105816E+11;0.2473925E-01;0.7711056E+19
0.34412776105854E+11;0.2538046E-01;0.7707576E+19
0.34412776105892E+11;0.2649736E-01;0.7703660E+19
0.34412776105929E+11;0.2796317E-01;0.7700305E+19
0.34412776105968E+11;0.2885104E-01;0.7698038E+19
0.34412776106005E+11;0.2979758E-01;0.7697014E+19
0.34412776106044E+11;0.3134363E-01;0.7696831E+19
0.34412776106081E+11;0.3180691E-01;0.7696748E+19
0.34412776106119E+11;0.3336959E-01;0.7696012E+19
0.34412776106156E+11;0.3405856E-01;0.7694508E+19
0.34412776106193E+11;0.3527659E-01;0.7692858E+19
0.34412776106229E+11;0.3619664E-01;0.7691738E+19
0.34412776106266E+11;0.3704969E-01;0.7691494E+19
0.34412776106303E+11;0.3807248E-01;0.7692333E+19
0.34412776106341E+11;0.3972222E-01;0.7693978E+19
0.34412776106377E+11;0.4028292E-01;0.7695590E+19
0.34412776106414E+11;0.4183579E-01;0.7696862E+19
0.34412776106450E+11;0.4270955E-01;0.7697713E+19
0.34412776106487E+11;0.4389626E-01;0.7698395E+19
0.34412776106523E+11;0.4473262E-01;0.7699234E+19
0.34412776106558E+11;0.4565324E-01;0.7700673E+19
0.34412776106594E+11;0.4650056E-01;0.7703141E+19
0.34412776106631E+11;0.4803898E-01;0.7706475E+19
0.34412776106667E+11;0.4871355E-01;0.7710023E+19
0.34412776106703E+11;0.5021950E-01;0.7713486E+19
0.34412776106738E+11;0.5130385E-01;0.7716539E+19
0.34412776106774E+11;0.5242416E-01;0.7719204E+19
0.34412776106809E+11;0.5336868E-01;0.7721696E+19
0.34412776106843E+11;0.5444110E-01;0.7724720E+19
0.34412776106878E+11;0.5530800E-01;0.7728858E+19
0.34412776106914E+11;0.5636798E-01;0.7733969E+19
0.34412776106949E+11;0.5717416E-01;0.7739361E+19
0.34412776106984E+11;0.5858519E-01;0.7744645E+19
0.34412776107019E+11;0.5991114E-01;0.7749537E+19
0.34412776107054E+11;0.6089480E-01;0.7753860E+19
0.34412776107088E+11;0.6213560E-01;0.7758010E+19
0.34412776107121E+11;0.6317178E-01;0.7762779E+19
0.34412776107156E+11;0.6412884E-01;0.7768614E+19
0.34412776107190E+11;0.6500336E-01;0.7775258E+19
0.34412776107225E+11;0.6573099E-01;0.7782141E+19
0.34412776107259E+11;0.6698358E-01;0.7788924E+19
0.34412776107293E+11;0.6859387E-01;0.7795588E+19
0.34412776107327E+11;0.6938012E-01;0.7801724E+19
0.34412776107360E+11;0.7095021E-01;0.7807897E+19
0.34412776107393E+11;0.7192102E-01;0.7814463E+19
0.34412776107426E+11;0.7300811E-01;0.7821592E+19
0.34412776107460E+11;0.7403606E-01;0.7829471E+19
0.34412776107494E+11;0.7470980E-01;0.7837813E+19
0.34412776107527E+11;0.7551373E-01;0.7846208E+19
0.34412776107561E+11;0.7742310E-01;0.7854920E+19
0.34412776107594E+11;0.7819103E-01;0.7863017E+19
0.34412776107627E+11;0.7990240E-01;0.7871083E+19
0.34412776107660E+11;0.8085358E-01;0.7879090E+19
0.34412776107692E+11;0.8221939E-01;0.7887383E+19
0.34412776107725E+11;0.8328068E-01;0.7896566E+19
0.34412776107758E+11;0.8421946E-01;0.7906573E+19
0.34412776107790E+11;0.8442932E-01;0.7916574E+19
0.34412776107823E+11;0.8650484E-01;0.7926830E+19
0.34412776107855E+11;0.8753627E-01;0.7936474E+19
0.34412776107888E+11;0.8907920E-01;0.7946072E+19
0.34412776107919E+11;0.9035788E-01;0.7955306E+19
0.34412776107951E+11;0.9160744E-01;0.7964981E+19
0.34412776107982E+11;0.9269024E-01;0.7975639E+19
0.34412776108015E+11;0.9388300E-01;0.7987438E+19
0.34412776108046E+11;0.9455523E-01;0.7998783E+19
0.34412776108079E+11;0.9591071E-01;0.8010252E+19
0.34412776108110E+11;0.9721037E-01;0.8021467E+19
0.34412776108141E+11;0.9850632E-01;0.8032579E+19
0.34412776108172E+11;0.1001464E+00;0.8043569E+19
0.34412776108203E+11;0.1012417E+00;0.8055028E+19
0.34412776108233E+11;0.1026241E+00;0.8067019E+19
0.34412776108265E+11;0.1038655E+00;0.8080027E+19
0.34412776108296E+11;0.1048844E+00;0.8092556E+19
0.34412776108327E+11;0.1057229E+00;0.8105273E+19
0.34412776108358E+11;0.1072961E+00;0.8118059E+19
0.34412776108388E+11;0.1082808E+00;0.8130666E+19
0.34412776108418E+11;0.1103282E+00;0.8143333E+19
0.34412776108448E+11;0.1113264E+00;0.8156237E+19
0.34412776108478E+11;0.1130381E+00;0.8169467E+19
0.34412776108508E+11;0.1142417E+00;0.8183249E+19
0.34412776108538E+11;0.1155048E+00;0.8197321E+19
0.34412776108568E+11;0.1162838E+00;0.8211511E+19
0.34412776108598E+11;0.1179029E+00;0.8225824E+19
0.34412776108627E+11;0.1185355E+00;0.8239768E+19
0.34412776108658E+11;0.1210472E+00;0.8254336E+19
0.34412776108686E+11;0.1224332E+00;0.8268624E+19
0.34412776108715E+11;0.1239089E+00;0.8283289E+19
0.34412776108744E+11;0.1252789E+00;0.8298229E+19
0.34412776108774E+11;0.1267063E+00;0.8313774E+19
0.34412776108802E+11;0.1278752E+00;0.8329050E+19
0.34412776108832E+11;0.1291973E+00;0.8344717E+19
0.34412776108860E+11;0.1300480E+00;0.8360117E+19
0.34412776108889E+11;0.1323960E+00;0.8376137E+19
0.34412776108917E+11;0.1341944E+00;0.8391938E+19
0.34412776108946E+11;0.1354222E+00;0.8408106E+19
0.34412776108973E+11;0.1372775E+00;0.8424242E+19
0.34412776109002E+11;0.1386511E+00;0.8441186E+19
0.34412776109030E+11;0.1400440E+00;0.8457977E+19
0.34412776109059E+11;0.1413758E+00;0.8475741E+19
0.34412776109087E+11;0.1423842E+00;0.8492861E+19
0.34412776109114E+11;0.1447246E+00;0.8510050E+19
0.34412776109142E+11;0.1469024E+00;0.8527237E+19
0.34412776109169E+11;0.1478874E+00;0.8544655E+19
0.34412776109196E+11;0.1502117E+00;0.8562161E+19
0.34412776109223E+11;0.1515164E+00;0.8580234E+19
0.34412776109250E+11;0.1532890E+00;0.8598648E+19
0.34412776109279E+11;0.1547309E+00;0.8618413E+19
0.34412776109306E+11;0.1556456E+00;0.8637273E+19
0.34412776109333E+11;0.1583192E+00;0.8656039E+19
0.34412776109359E+11;0.1608176E+00;0.8674919E+19
0.34412776109385E+11;0.1620891E+00;0.8693504E+19
0.34412776109411E+11;0.1643851E+00;0.8712212E+19
0.34412776109437E+11;0.1661786E+00;0.8731376E+19
0.34412776109463E+11;0.1679040E+00;0.8751423E+19
0.34412776109491E+11;0.1696427E+00;0.8773366E+19
0.34412776109517E+11;0.1707340E+00;0.8794412E+19
0.34412776109543E+11;0.1735241E+00;0.8815061E+19
0.34412776109569E+11;0.1763028E+00;0.8836007E+19
0.34412776109594E+11;0.1777738E+00;0.8856112E+19
0.34412776109619E+11;0.1803809E+00;0.8876477E+19
0.34412776109644E+11;0.1826159E+00;0.8897141E+19
0.34412776109669E+11;0.1844617E+00;0.8919112E+19
0.34412776109697E+11;0.1865794E+00;0.8944004E+19
0.34412776109722E+11;0.1883462E+00;0.8967463E+19
0.34412776109746E+11;0.1909615E+00;0.8990665E+19
0.34412776109772E+11;0.1938784E+00;0.9014787E+19
0.34412776109796E+11;0.1955299E+00;0.9037017E+19
0.34412776109820E+11;0.1991834E+00;0.9059693E+19
0.34412776109844E+11;0.2017019E+00;0.9082219E+19
0.34412776109868E+11;0.2041205E+00;0.9105460E+19
0.34412776109894E+11;0.2067635E+00;0.9131605E+19
0.34412776109917E+11;0.2091199E+00;0.9156199E+19
0.34412776109941E+11;0.2105881E+00;0.9181383E+19
0.34412776109965E+11;0.2132340E+00;0.9207149E+19
0.34412776109988E+11;0.2172808E+00;0.9230959E+19
0.34412776110011E+11;0.2211265E+00;0.9255041E+19
0.34412776110034E+11;0.2238757E+00;0.9278227E+19
0.34412776110056E+11;0.2277121E+00;0.9301530E+19
0.34412776110080E+11;0.2311260E+00;0.9326683E+19
0.34412776110102E+11;0.2339724E+00;0.9350794E+19
0.34412776110125E+11;0.2353052E+00;0.9376492E+19
0.34412776110147E+11;0.2366841E+00;0.9401699E+19
0.34412776110169E+11;0.2412658E+00;0.9425902E+19
0.34412776110191E+11;0.2454124E+00;0.9450152E+19
0.34412776110212E+11;0.2502115E+00;0.9473414E+19
0.34412776110233E+11;0.2545637E+00;0.9496325E+19
0.34412776110254E+11;0.2585717E+00;0.9519793E+19
0.34412776110275E+11;0.2613928E+00;0.9543365E+19
0.34412776110283E+11;0.2620003E+00;0.9551761E+19
0.34412776110294E+11;0.2623474E+00;0.9564348E+19
0.34412776110312E+11;0.2610587E+00;0.9583188E+19
0.34412776110332E+11;0.2643781E+00;0.9605831E+19
0.34412776110353E+11;0.2701047E+00;0.9628150E+19
0.34412776110372E+11;0.2757820E+00;0.9649949E+19
0.34412776110392E+11;0.2804260E+00;0.9671694E+19
0.34412776110412E+11;0.2841354E+00;0.9694508E+19
0.34412776110434E+11;0.2864544E+00;0.9718242E+19
0.34412776110454E+11;0.2861469E+00;0.9740280E+19
0.34412776110473E+11;0.2819668E+00;0.9760470E+19
0.34412776110493E+11;0.2887888E+00;0.9780491E+19
0.34412776110512E+11;0.2944321E+00;0.9798942E+19
0.34412776110530E+11;0.2989083E+00;0.9817074E+19
0.34412776110549E+11;0.3023452E+00;0.9836124E+19
0.34412776110570E+11;0.3042442E+00;0.9857555E+19
0.34412776110590E+11;0.3030772E+00;0.9876965E+19
0.34412776110608E+11;0.2976436E+00;0.9895654E+19
0.34412776110627E+11;0.3008776E+00;0.9913610E+19
0.34412776110645E+11;0.3059239E+00;0.9930453E+19
0.34412776110662E+11;0.3096607E+00;0.9946416E+19
0.34412776110681E+11;0.3120456E+00;0.9962779E+19
0.34412776110701E+11;0.3119130E+00;0.9979352E+19
0.34412776110719E+11;0.3078300E+00;0.9994122E+19
0.34412776110738E+11;0.2987151E+00;0.1000869E+20
0.34412776110756E+11;0.3038649E+00;0.1002193E+20
0.34412776110773E+11;0.3075797E+00;0.1003487E+20
0.34412776110791E+11;0.3096808E+00;0.1004836E+20
0.34412776110811E+11;0.3088963E+00;0.1006329E+20
0.34412776110830E+11;0.3036285E+00;0.1007684E+20
0.34412776110848E+11;0.2929920E+00;0.1008982E+20
0.34412776110866E+11;0.2925984E+00;0.1010143E+20
0.34412776110883E+11;0.2956933E+00;0.1011214E+20
0.34412776110902E+11;0.2965888E+00;0.1012276E+20
0.34412776110922E+11;0.2933638E+00;0.1013343E+20
0.34412776110941E+11;0.2847931E+00;0.1014280E+20
0.34412776110960E+11;0.2717037E+00;0.1015144E+20
0.34412776110978E+11;0.2724351E+00;0.1015981E+20
0.34412776110996E+11;0.2744959E+00;0.1016863E+20
0.34412776111016E+11;0.2732764E+00;0.1017864E+20
0.34412776111038E+11;0.2663793E+00;0.1018912E+20
0.34412776111058E+11;0.2540700E+00;0.1019861E+20
0.34412776111077E+11;0.2429723E+00;0.1020712E+20
0.34412776111096E+11;0.2467399E+00;0.1021486E+20
0.34412776111117E+11;0.2486324E+00;0.1022250E+20
0.34412776111140E+11;0.2468235E+00;0.1023036E+20
0.34412776111163E+11;0.2387622E+00;0.1023776E+20
0.34412776111185E+11;0.2251359E+00;0.1024490E+20
0.34412776111206E+11;0.2170377E+00;0.1025244E+20
0.34412776111226E+11;0.2212322E+00;0.1026086E+20
0.34412776111249E+11;0.2240833E+00;0.1027063E+20
0.34412776111274E+11;0.2245138E+00;0.1028129E+20
0.34412776111283E+11;0.2235835E+00;0.1028482E+20
0.34412776111297E+11;0.2206674E+00;0.1028959E+20
0.34412776111318E+11;0.2121777E+00;0.1029566E+20
0.34412776111342E+11;0.1971948E+00;0.1030165E+20
0.34412776111364E+11;0.1987015E+00;0.1030762E+20
0.34412776111385E+11;0.2027273E+00;0.1031488E+20
0.34412776111410E+11;0.2054523E+00;0.1032439E+20
0.34412776111437E+11;0.2056943E+00;0.1033618E+20
0.34412776111448E+11;0.2045553E+00;0.1034056E+20
0.34412776111464E+11;0.2010062E+00;0.1034657E+20
0.34412776111488E+11;0.1907008E+00;0.1035401E+20
0.34412776111512E+11;0.1804706E+00;0.1036021E+20
0.34412776111535E+11;0.1855822E+00;0.1036587E+20
0.34412776111558E+11;0.1893498E+00;0.1037274E+20
0.34412776111584E+11;0.1916694E+00;0.1038203E+20
0.34412776111614E+11;0.1908372E+00;0.1039406E+20
0.34412776111645E+11;0.1827009E+00;0.1040592E+20
0.34412776111655E+11;0.1782016E+00;0.1040899E+20
0.34412776111669E+11;0.1697922E+00;0.1041305E+20
0.34412776111691E+11;0.1714013E+00;0.1041837E+20
0.34412776111715E+11;0.1760728E+00;0.1042407E+20
0.34412776111739E+11;0.1794110E+00;0.1043116E+20
0.34412776111767E+11;0.1809047E+00;0.1044086E+20
0.34412776111798E+11;0.1780897E+00;0.1045263E+20
0.34412776111829E+11;0.1673128E+00;0.1046354E+20
0.34412776111838E+11;0.1622563E+00;0.1046633E+20
0.34412776111852E+11;0.1590996E+00;0.1047009E+20
0.34412776111873E+11;0.1640749E+00;0.1047508E+20
0.34412776111897E+11;0.1684111E+00;0.1048083E+20
0.34412776111923E+11;0.1713179E+00;0.1048800E+20
0.34412776111952E+11;0.1718553E+00;0.1049765E+20
0.34412776111982E+11;0.1674485E+00;0.1050853E+20
0.34412776112012E+11;0.1549900E+00;0.1051873E+20
0.34412776112021E+11;0.1497051E+00;0.1052135E+20
0.34412776112035E+11;0.1532273E+00;0.1052492E+20
0.34412776112055E+11;0.1577129E+00;0.1052973E+20
0.34412776112080E+11;0.1618518E+00;0.1053561E+20
0.34412776112108E+11;0.1644313E+00;0.1054278E+20
0.34412776112136E+11;0.1643210E+00;0.1055161E+20
0.34412776112165E+11;0.1591874E+00;0.1056151E+20
0.34412776112194E+11;0.1464288E+00;0.1057099E+20
0.34412776112222E+11;0.1487539E+00;0.1057834E+20
0.34412776112247E+11;0.1536481E+00;0.1058418E+20
0.34412776112273E+11;0.1571388E+00;0.1059037E+20
0.34412776112300E+11;0.1587545E+00;0.1059770E+20
0.34412776112328E+11;0.1570727E+00;0.1060637E+20
0.34412776112357E+11;0.1495022E+00;0.1061554E+20
0.34412776112367E+11;0.1452763E+00;0.1061849E+20
0.34412776112381E+11;0.1378907E+00;0.1062265E+20
0.34412776112403E+11;0.1434502E+00;0.1062826E+20
0.34412776112429E+11;0.1484442E+00;0.1063419E+20
0.34412776112455E+11;0.1519486E+00;0.1064034E+20
0.34412776112482E+11;0.1536213E+00;0.1064739E+20
0.34412776112510E+11;0.1522215E+00;0.1065551E+20
0.34412776112538E+11;0.1453928E+00;0.1066414E+20
0.34412776112567E+11;0.1339427E+00;0.1067216E+20
0.34412776112594E+11;0.1405108E+00;0.1067861E+20
0.34412776112620E+11;0.1450958E+00;0.1068424E+20
0.34412776112646E+11;0.1481904E+00;0.1069036E+20
0.34412776112674E+11;0.1492764E+00;0.1069748E+20
0.34412776112702E+11;0.1469115E+00;0.1070555E+20
0.34412776112730E+11;0.1387361E+00;0.1071384E+20
0.34412776112759E+11;0.1316949E+00;0.1072137E+20
0.34412776112785E+11;0.1377908E+00;0.1072731E+20
0.34412776112812E+11;0.1420977E+00;0.1073268E+20
0.34412776112839E+11;0.1448426E+00;0.1073860E+20
0.34412776112866E+11;0.1454121E+00;0.1074559E+20
0.34412776112894E+11;0.1421824E+00;0.1075356E+20
0.34412776112922E+11;0.1343335E+00;0.1076163E+20
0.34412776112951E+11;0.1297235E+00;0.1076888E+20
0.34412776112978E+11;0.1354406E+00;0.1077451E+20
0.34412776113005E+11;0.1394844E+00;0.1077971E+20
0.34412776113032E+11;0.1418944E+00;0.1078541E+20
0.34412776113059E+11;0.1419598E+00;0.1079215E+20
0.34412776113087E+11;0.1378900E+00;0.1079987E+20
0.34412776113116E+11;0.1313872E+00;0.1080769E+20
0.34412776113144E+11;0.1278993E+00;0.1081461E+20
0.34412776113171E+11;0.1333287E+00;0.1082007E+20
0.34412776113198E+11;0.1371488E+00;0.1082521E+20
0.34412776113225E+11;0.1392716E+00;0.1083077E+20
0.34412776113253E+11;0.1388899E+00;0.1083724E+20
0.34412776113281E+11;0.1344977E+00;0.1084457E+20
0.34412776113309E+11;0.1293688E+00;0.1085199E+20
0.34412776113338E+11;0.1261582E+00;0.1085861E+20
0.34412776113365E+11;0.1313883E+00;0.1086397E+20
0.34412776113392E+11;0.1350325E+00;0.1086909E+20
0.34412776113419E+11;0.1369335E+00;0.1087460E+20
0.34412776113447E+11;0.1362012E+00;0.1088088E+20
0.34412776113475E+11;0.1320105E+00;0.1088782E+20
0.34412776113503E+11;0.1277682E+00;0.1089478E+20
0.34412776113531E+11;0.1245248E+00;0.1090107E+20
0.34412776113558E+11;0.1296167E+00;0.1090633E+20
0.34412776113585E+11;0.1331305E+00;0.1091143E+20
0.34412776113613E+11;0.1348619E+00;0.1091694E+20
0.34412776113641E+11;0.1338607E+00;0.1092311E+20
0.34412776113669E+11;0.1300205E+00;0.1092976E+20
0.34412776113697E+11;0.1264021E+00;0.1093630E+20
0.34412776113725E+11;0.1230279E+00;0.1094223E+20
0.34412776113752E+11;0.1280201E+00;0.1094731E+20
0.34412776113780E+11;0.1314347E+00;0.1095236E+20
0.34412776113807E+11;0.1330349E+00;0.1095786E+20
0.34412776113835E+11;0.1318249E+00;0.1096400E+20
0.34412776113863E+11;0.1283103E+00;0.1097049E+20
0.34412776113891E+11;0.1252214E+00;0.1097669E+20
0.34412776113920E+11;0.1218823E+00;0.1098228E+20
0.34412776113947E+11;0.1266015E+00;0.1098712E+20
0.34412776113974E+11;0.1299360E+00;0.1099204E+20
0.34412776114002E+11;0.1314286E+00;0.1099750E+20
0.34412776114030E+11;0.1300562E+00;0.1100362E+20
0.34412776114058E+11;0.1270000E+00;0.1101003E+20
0.34412776114086E+11;0.1241855E+00;0.1101604E+20
0.34412776114115E+11;0.1211569E+00;0.1102134E+20
0.34412776114142E+11;0.1253630E+00;0.1102591E+20
0.34412776114170E+11;0.1286250E+00;0.1103065E+20
0.34412776114198E+11;0.1300193E+00;0.1103601E+20
0.34412776114225E+11;0.1285562E+00;0.1104209E+20
0.34412776114254E+11;0.1258712E+00;0.1104846E+20
0.34412776114282E+11;0.1232627E+00;0.1105437E+20
0.34412776114311E+11;0.1204861E+00;0.1105947E+20
0.34412776114338E+11;0.1243021E+00;0.1106380E+20
0.34412776114366E+11;0.1274908E+00;0.1106832E+20
0.34412776114394E+11;0.1287838E+00;0.1107353E+20
0.34412776114422E+11;0.1272488E+00;0.1107953E+20
0.34412776114450E+11;0.1248700E+00;0.1108587E+20
0.34412776114478E+11;0.1224293E+00;0.1109173E+20
0.34412776114507E+11;0.1198654E+00;0.1109672E+20
0.34412776114535E+11;0.1234042E+00;0.1110084E+20
0.34412776114562E+11;0.1265158E+00;0.1110515E+20
0.34412776114590E+11;0.1277003E+00;0.1111019E+20
0.34412776114618E+11;0.1261612E+00;0.1111607E+20
0.34412776114647E+11;0.1239800E+00;0.1112234E+20
0.34412776114675E+11;0.1216753E+00;0.1112818E+20
0.34412776114704E+11;0.1193227E+00;0.1113307E+20
0.34412776114732E+11;0.1226248E+00;0.1113706E+20
0.34412776114759E+11;0.1256663E+00;0.1114118E+20
0.34412776114787E+11;0.1267507E+00;0.1114604E+20
0.34412776114815E+11;0.1252064E+00;0.1115176E+20
0.34412776114844E+11;0.1232027E+00;0.1115792E+20
0.34412776114872E+11;0.1210157E+00;0.1116373E+20
0.34412776114901E+11;0.1188468E+00;0.1116857E+20
0.34412776114929E+11;0.1219555E+00;0.1117248E+20
0.34412776114957E+11;0.1249311E+00;0.1117646E+20
0.34412776114985E+11;0.1259202E+00;0.1118114E+20
0.34412776115013E+11;0.1243676E+00;0.1118669E+20
0.34412776115041E+11;0.1225239E+00;0.1119272E+20
0.34412776115070E+11;0.1204384E+00;0.1119846E+20
0.34412776115099E+11;0.1184302E+00;0.1120327E+20
0.34412776115126E+11;0.1213855E+00;0.1120715E+20
0.34412776115154E+11;0.1242985E+00;0.1121103E+20
0.34412776115182E+11;0.1251955E+00;0.1121556E+20
0.34412776115211E+11;0.1236313E+00;0.1122094E+20
0.34412776115239E+11;0.1219328E+00;0.1122681E+20
0.34412776115268E+11;0.1199348E+00;0.1123246E+20
0.34412776115297E+11;0.1180680E+00;0.1123724E+20
0.34412776115324E+11;0.1209051E+00;0.1124111E+20
0.34412776115352E+11;0.1237578E+00;0.1124493E+20
0.34412776115380E+11;0.1245649E+00;0.1124934E+20
0.34412776115409E+11;0.1230020E+00;0.1125456E+20
0.34412776115437E+11;0.1214195E+00;0.1126026E+20
0.34412776115466E+11;0.1194971E+00;0.1126580E+20
0.34412776115495E+11;0.1177557E+00;0.1127052E+20
0.34412776115522E+11;0.1205058E+00;0.1127440E+20
0.34412776115550E+11;0.1232995E+00;0.1127819E+20
0.34412776115579E+11;0.1240177E+00;0.1128251E+20
0.34412776115607E+11;0.1225272E+00;0.1128759E+20
0.34412776115635E+11;0.1209751E+00;0.1129312E+20
0.34412776115664E+11;0.1191180E+00;0.1129852E+20
0.34412776115693E+11;0.1174886E+00;0.1130317E+20
0.34412776115721E+11;0.1201785E+00;0.1130705E+20
0.34412776115749E+11;0.1229142E+00;0.1131082E+20
0.34412776115777E+11;0.1235435E+00;0.1131506E+20
0.34412776115805E+11;0.1221187E+00;0.1131999E+20
0.34412776115834E+11;0.1205903E+00;0.1132528E+20
0.34412776115863E+11;0.1188304E+00;0.1133036E+20
0.34412776115891E+11;0.1172588E+00;0.1133457E+20
0.34412776115919E+11;0.1198893E+00;0.1133777E+20
0.34412776115947E+11;0.1225423E+00;0.1134024E+20
0.34412776115976E+11;0.1230355E+00;0.1134228E+20
0.34412776116004E+11;0.1216371E+00;0.1134405E+20
0.34412776116032E+11;0.1200694E+00;0.1134543E+20
0.34412776116061E+11;0.1184364E+00;0.1134621E+20
0.34412776116090E+11;0.1168105E+00;0.1134629E+20
0.34412776116118E+11;0.1180971E+00;0.1134576E+20
0.34412776116146E+11;0.1202483E+00;0.1134472E+20
0.34412776116174E+11;0.1201837E+00;0.1134330E+20
0.34412776116203E+11;0.1187381E+00;0.1134146E+20
0.34412776116231E+11;0.1170626E+00;0.1133872E+20
0.34412776116261E+11;0.1156454E+00;0.1133437E+20
0.34412776116289E+11;0.1140192E+00;0.1132820E+20
0.34412776116318E+11;0.1124105E+00;0.1132026E+20
0.34412776116346E+11;0.1114230E+00;0.1131042E+20
0.34412776116375E+11;0.1098910E+00;0.1129896E+20
0.34412776116403E+11;0.1081295E+00;0.1128602E+20
0.34412776116432E+11;0.1070980E+00;0.1127147E+20
0.34412776116462E+11;0.1049621E+00;0.1125495E+20
0.34412776116491E+11;0.1040030E+00;0.1123707E+20
0.34412776116520E+11;0.1013966E+00;0.1121778E+20
0.34412776116550E+11;0.1009515E+00;0.1119687E+20
0.34412776116579E+11;0.9825025E-01;0.1117478E+20
0.34412776116609E+11;0.9782978E-01;0.1115126E+20
0.34412776116639E+11;0.9453826E-01;0.1112621E+20
0.34412776116669E+11;0.9419898E-01;0.1109842E+20
0.34412776116699E+11;0.9240629E-01;0.1106868E+20
0.34412776116730E+11;0.8947713E-01;0.1103579E+20
0.34412776116760E+11;0.8953551E-01;0.1100022E+20
0.34412776116791E+11;0.8605858E-01;0.1096148E+20
0.34412776116822E+11;0.8481530E-01;0.1092057E+20
0.34412776116853E+11;0.8418751E-01;0.1087745E+20
0.34412776116885E+11;0.7985441E-01;0.1083217E+20
0.34412776116916E+11;0.7931066E-01;0.1078566E+20
0.34412776116948E+11;0.7847395E-01;0.1073445E+20
0.34412776116980E+11;0.7361186E-01;0.1068179E+20
0.34412776117012E+11;0.7291879E-01;0.1062759E+20
0.34412776117044E+11;0.7251788E-01;0.1057087E+20
0.34412776117077E+11;0.6828740E-01;0.1051106E+20
0.34412776117109E+11;0.6533108E-01;0.1045278E+20
0.34412776117142E+11;0.6573799E-01;0.1039188E+20
0.34412776117176E+11;0.6299159E-01;0.1032836E+20
0.34412776117209E+11;0.5639610E-01;0.1026543E+20
0.34412776117242E+11;0.5751579E-01;0.1020028E+20
0.34412776117277E+11;0.5653151E-01;0.1013034E+20
0.34412776117311E+11;0.5184944E-01;0.1006150E+20
0.34412776117345E+11;0.4739103E-01;0.9990334E+19
0.34412776117379E+11;0.4783986E-01;0.9916603E+19
0.34412776117414E+11;0.4598202E-01;0.9838297E+19
0.34412776117449E+11;0.4027163E-01;0.9759927E+19
0.34412776117485E+11;0.3618897E-01;0.9676668E+19
0.34412776117520E+11;0.3633302E-01;0.9593882E+19
0.34412776117556E+11;0.3420562E-01;0.9508207E+19
0.34412776117591E+11;0.2834304E-01;0.9422568E+19
0.34412776117629E+11;0.2314653E-01;0.9330886E+19
0.34412776117666E+11;0.2262811E-01;0.9239535E+19
0.34412776117703E+11;0.2071755E-01;0.9148536E+19
0.34412776117740E+11;0.1544215E-01;0.9058269E+19
0.34412776117779E+11;0.8505044E-02;0.8963035E+19
0.34412776117817E+11;0.5781686E-02;0.8868081E+19
0.34412776117856E+11;0.4623277E-02;0.8772613E+19
0.34412776117895E+11;0.4522550E-03;0.8676925E+19
0.34412776117934E+11;-0.7764907E-02;0.8578935E+19
0.34412776117975E+11;-0.1611698E-01;0.8479009E+19
0.34412776118017E+11;-0.1601290E-01;0.8372706E+19
0.34412776118058E+11;-0.1892640E-01;0.8268758E+19
0.34412776118099E+11;-0.2517057E-01;0.8164838E+19
0.34412776118142E+11;-0.3516793E-01;0.8056508E+19
0.34412776118187E+11;-0.4428147E-01;0.7942725E+19
0.34412776118235E+11;-0.4568082E-01;0.7819256E+19
0.34412776118280E+11;-0.5038970E-01;0.7703601E+19
0.34412776118325E+11;-0.5880504E-01;0.7587468E+19
0.34412776118372E+11;-0.7228984E-01;0.7465700E+19
0.34412776118424E+11;-0.7853150E-01;0.7332501E+19
0.34412776118478E+11;-0.8319852E-01;0.7193925E+19
0.34412776118528E+11;-0.9138557E-01;0.7065352E+19
0.34412776118579E+11;-0.1039511E+00;0.6934689E+19
0.34412776118635E+11;-0.1234740E+00;0.6794127E+19
0.34412776118695E+11;-0.1282606E+00;0.6642567E+19
0.34412776118760E+11;-0.1379049E+00;0.6480589E+19
0.34412776118820E+11;-0.1516080E+00;0.6331446E+19
0.34412776118881E+11;-0.1712273E+00;0.6179361E+19
0.34412776118947E+11;-0.1951000E+00;0.6018793E+19
0.34412776119018E+11;-0.2074901E+00;0.5848639E+19
0.34412776119093E+11;-0.2229486E+00;0.5673017E+19
0.34412776119170E+11;-0.2441045E+00;0.5493829E+19
0.34412776119250E+11;-0.2723239E+00;0.5311577E+19
0.34412776119333E+11;-0.2963345E+00;0.5125974E+19
0.34412776119419E+11;-0.3176518E+00;0.4937555E+19
0.34412776119507E+11;-0.3448583E+00;0.4748181E+19
0.34412776119605E+11;-0.3802880E+00;0.4543983E+19
0.34412776119705E+11;-0.4154721E+00;0.4342080E+19
0.34412776119804E+11;-0.4519347E+00;0.4147675E+19
0.34412776119913E+11;-0.4824194E+00;0.3939768E+19
0.34412776120017E+11;-0.5136953E+00;0.3748324E+19
0.34412776120130E+11;-0.5510394E+00;0.3548719E+19
0.34412776120244E+11;-0.5916168E+00;0.3355367E+19
0.34412776120370E+11;-0.6395960E+00;0.3150844E+19
0.34412776120511E+11;-0.6867699E+00;0.2933200E+19
0.34412776120656E+11;-0.7283965E+00;0.2723269E+19
0.34412776120803E+11;-0.7725156E+00;0.2522708E+19
0.34412776120957E+11;-0.8209295E+00;0.2326006E+19
0.34412776121126E+11;-0.8762194E+00;0.2125156E+19
0.34412776121315E+11;-0.9279606E+00;0.1920825E+19
0.34412776121529E+11;-0.9854972E+00;0.1711475E+19
0.34412776121762E+11;-0.1041445E+01;0.1510719E+19
0.34412776122022E+11;-0.1102832E+01;0.1315840E+19
0.34412776122295E+11;-0.1160063E+01;0.1141525E+19
0.34412776122592E+11;-0.1220565E+01;0.9832332E+18
0.34412776122930E+11;-0.1273396E+01;0.8355958E+18
0.34412776123338E+11;-0.1337892E+01;0.6952334E+18
0.34412776123801E+11;-0.1401868E+01;0.5736109E+18
0.34412776124338E+11;-0.1475914E+01;0.4687922E+18
0.34412776124940E+11;-0.1538376E+01;0.3829321E+18
0.34412776125653E+11;-0.1598035E+01;0.3099025E+18
0.34412776126535E+11;-0.1666380E+01;0.2468361E+18
0.34412776127611E+11;-0.1741950E+01;0.1947316E+18
0.34412776128908E+11;-0.1821523E+01;0.1529566E+18
0.34412776130475E+11;-0.1904959E+01;0.1199215E+18
0.34412776132325E+11;-0.1989796E+01;0.9453236E+17
0.34412776134545E+11;-0.2076496E+01;0.7475533E+17
0.34412776137228E+11;-0.2164899E+01;0.5932121E+17
0.34412776140457E+11;-0.2254093E+01;0.4735825E+17
0.34412776144371E+11;-0.2344336E+01;0.3802171E+17
0.34412776149135E+11;-0.2435778E+01;0.3069595E+17
0.34412776154958E+11;-0.2501664E+01;0.2490585E+17
0.34412776162103E+11;-0.2570636E+01;0.2028352E+17
0.34412776170914E+11;-0.2652654E+01;0.1654337E+17
0.34412776181853E+11;-0.2743351E+01;0.1346800E+17
0.34412776195275E+11;-0.2831133E+01;0.1094794E+17
0.34412776211259E+11;-0.2917242E+01;0.8926648E+16
0.34412776230802E+11;-0.3006654E+01;0.7260891E+16
0.34412776254776E+11;-0.3096991E+01;0.5895045E+16
0.34412776284225E+11;-0.3187960E+01;0.4783147E+16
0.34412776320462E+11;-0.3279383E+01;0.3883191E+16
0.34412776365084E+11;-0.3371113E+01;0.3158610E+16
0.34412776420117E+11;-0.3462947E+01;0.2576933E+16
0.34412776488074E+11;-0.3555263E+01;0.2110778E+16
0.34412776572023E+11;-0.3644821E+01;0.1737412E+16
0.34412776675985E+11;-0.3716680E+01;0.1437232E+16
0.34412776804290E+11;-0.3784870E+01;0.1195512E+16
0.34412776963570E+11;-0.3854213E+01;0.9980753E+15
0.34412777160690E+11;-0.3931754E+01;0.8353575E+15
0.34412777406315E+11;-0.4024269E+01;0.6983051E+15
0.34412777709739E+11;-0.4119446E+01;0.5823287E+15
0.34412778050915E+11;-0.4201864E+01;0.4913022E+15
0.34412778461302E+11;-0.4281871E+01;0.4142200E+15
0.34412778962478E+11;-0.4363795E+01;0.3487237E+15
0.34412779573591E+11;-0.4442972E+01;0.2938719E+15
0.34412780319158E+11;-0.4516578E+01;0.2483303E+15
0.34412781229751E+11;-0.4584087E+01;0.2106545E+15
0.34412782341661E+11;-0.4647758E+01;0.1794642E+15
0.34412783702725E+11;-0.4713514E+01;0.1533999E+15
0.34412785368417E+11;-0.4790874E+01;0.1313281E+15
0.34412787259611E+11;-0.4874118E+01;0.1134774E+15
0.34412789510640E+11;-0.4956610E+01;0.9798900E+14
0.34412791993887E+11;-0.5026099E+01;0.8542408E+14
0.34412794980916E+11;-0.5088223E+01;0.7434899E+14
0.34412798536895E+11;-0.5148089E+01;0.6482605E+14
0.34412802779053E+11;-0.5205555E+01;0.5666682E+14
0.34412807843360E+11;-0.5265110E+01;0.4964885E+14
0.34412813719282E+11;-0.5333576E+01;0.4369199E+14
0.34412820491488E+11;-0.5407879E+01;0.3855903E+14
0.34412828557126E+11;-0.5482842E+01;0.3394908E+14
0.34412837179105E+11;-0.5539482E+01;0.3021766E+14
0.34412847425970E+11;-0.5589449E+01;0.2686417E+14
0.34412859404408E+11;-0.5640521E+01;0.2392427E+14
0.34412873456485E+11;-0.5697309E+01;0.2133074E+14
0.34412889539901E+11;-0.5764023E+01;0.1907124E+14
0.34412908419752E+11;-0.5833360E+01;0.1702983E+14
0.34412929060892E+11;-0.5895117E+01;0.1530021E+14
0.34412952358862E+11;-0.5936296E+01;0.1378217E+14
0.34412979451215E+11;-0.5982780E+01;0.1241281E+14
0.34413010797294E+11;-0.6038787E+01;0.1118124E+14
0.34413047138600E+11;-0.6103686E+01;0.1006238E+14
0.34413089252924E+11;-0.6169051E+01;0.9040673E+13
0.34413133297450E+11;-0.6211009E+01;0.8191614E+13
0.34413184495438E+11;-0.6252303E+01;0.7403742E+13
0.34413243121606E+11;-0.6305608E+01;0.6683778E+13
0.34413310538808E+11;-0.6366885E+01;0.6018514E+13
0.34413387982834E+11;-0.6428560E+01;0.5402267E+13
0.34413469169631E+11;-0.6461664E+01;0.4879708E+13
0.34413563254369E+11;-0.6506045E+01;0.4390607E+13
0.34413670331500E+11;-0.6563390E+01;0.3943627E+13
0.34413792735713E+11;-0.6622348E+01;0.3534099E+13
0.34413922551263E+11;-0.6658449E+01;0.3185652E+13
0.34414070857859E+11;-0.6700495E+01;0.2866999E+13
0.34414239149482E+11;-0.6756309E+01;0.2579580E+13
0.34414430494509E+11;-0.6813293E+01;0.2320365E+13
0.34414633003790E+11;-0.6843406E+01;0.2101231E+13
0.34414865227864E+11;-0.6891818E+01;0.1899569E+13
0.34415127555080E+11;-0.6947160E+01;0.1717287E+13
0.34415411275001E+11;-0.6984982E+01;0.1558920E+13
0.34415728953328E+11;-0.7027307E+01;0.1415839E+13
0.34416088442911E+11;-0.7081502E+01;0.1285279E+13
0.34416480149494E+11;-0.7120584E+01;0.1170309E+13
0.34416915550774E+11;-0.7163160E+01;0.1066630E+13
0.34417408193375E+11;-0.7216821E+01;0.9714880E+12
0.34417937372208E+11;-0.7251415E+01;0.8883369E+12
0.34418536703386E+11;-0.7299633E+01;0.8114988E+12
0.34419211907275E+11;-0.7347656E+01;0.7410120E+12
0.34419937600747E+11;-0.7385305E+01;0.6791208E+12
0.34420764293843E+11;-0.7438277E+01;0.6214060E+12
0.34421653326502E+11;-0.7473308E+01;0.5705073E+12
0.34422665768097E+11;-0.7524666E+01;0.5228910E+12
0.34423760251365E+11;-0.7562349E+01;0.4805574E+12
0.34425006456386E+11;-0.7612746E+01;0.4408721E+12
0.34426359505871E+11;-0.7651658E+01;0.4053746E+12
0.34427904030198E+11;-0.7702745E+01;0.3719807E+12
0.34429591020661E+11;-0.7742260E+01;0.3419293E+12
0.34431507917852E+11;-0.7790808E+01;0.3137937E+12
0.34433636137031E+11;-0.7835347E+01;0.2880966E+12
0.34436005865755E+11;-0.7879604E+01;0.2645556E+12
0.34438712872108E+11;-0.7928915E+01;0.2424967E+12
0.34441760015096E+11;-0.7974274E+01;0.2222135E+12
0.34445201863536E+11;-0.8020490E+01;0.2035575E+12
0.34449112410467E+11;-0.8068341E+01;0.1863626E+12
0.34453584428964E+11;-0.8117077E+01;0.1704793E+12
0.34458739268304E+11;-0.8164733E+01;0.1557597E+12
0.34464710739276E+11;-0.8213166E+01;0.1421188E+12
0.34471675360573E+11;-0.8262330E+01;0.1294593E+12
0.34479881147654E+11;-0.8312042E+01;0.1176702E+12
0.34488716865585E+11;-0.8355101E+01;0.1076147E+12
0.34499527613295E+11;-0.8399132E+01;0.9790128E+11
0.34503497778432E+11;-0.8413756E+01;0.9487411E+11
0.34509453026137E+11;-0.8434414E+01;0.9076709E+11
0.34518385897694E+11;-0.8462936E+01;0.8541756E+11
0.34530280294119E+11;-0.8497068E+01;0.7947993E+11
0.34542904042412E+11;-0.8529380E+01;0.7429871E+11
0.34557009421942E+11;-0.8561826E+01;0.6952265E+11
0.34571051510015E+11;-0.8590890E+01;0.6556127E+11
0.34585644398757E+11;-0.8618359E+01;0.6207435E+11
0.34600830212218E+11;-0.8644511E+01;0.5896504E+11
0.34616694577735E+11;-0.8669549E+01;0.5615464E+11
0.34634681026359E+11;-0.8695469E+01;0.5339070E+11
0.34652012896990E+11;-0.8718403E+01;0.5106189E+11
0.34669963099272E+11;-0.8740317E+01;0.4892676E+11
0.34688234306662E+11;-0.8760937E+01;0.4699231E+11
0.34709003274316E+11;-0.8782454E+01;0.4503984E+11
0.34729165144243E+11;-0.8800489E+01;0.4335884E+11
0.34750139019888E+11;-0.8816725E+01;0.4180315E+11
0.34771370131327E+11;-0.8831733E+01;0.4040304E+11
0.34793461731448E+11;-0.8846161E+01;0.3910994E+11
0.34816458284760E+11;-0.8860027E+01;0.3791933E+11
0.34840407568366E+11;-0.8873400E+01;0.3682605E+11
0.34863547301017E+11;-0.8885379E+01;0.3589362E+11
0.34888588360497E+11;-0.8897383E+01;0.3500293E+11
0.34912922882853E+11;-0.8908180E+01;0.3423888E+11
0.34939848005602E+11;-0.8919225E+01;0.3349329E+11
0.34965510292718E+11;-0.8928935E+01;0.3286600E+11
0.34991840589131E+11;-0.8938096E+01;0.3229413E+11
0.35018733774323E+11;-0.8946718E+01;0.3177426E+11
0.35046119544123E+11;-0.8954747E+01;0.3130259E+11
0.35074951478785E+11;-0.8962468E+01;0.3085918E+11
0.35101619810179E+11;-0.8968942E+01;0.3049051E+11
0.35130896242164E+11;-0.8975384E+01;0.3012585E+11
0.35159086921384E+11;-0.8980956E+01;0.2980830E+11
0.35187622922033E+11;-0.8985983E+01;0.2951534E+11
0.35215686880006E+11;-0.8990354E+01;0.2925327E+11
0.35244347602037E+11;-0.8994238E+01;0.2901196E+11
0.35272173357876E+11;-0.8997453E+01;0.2880330E+11
0.35298825120102E+11;-0.8999985E+01;0.2862766E+11
0.35325594419063E+11;-0.9000542E+01;0.2847547E+11
0.35354008128892E+11;-0.9000618E+01;0.2834104E+11
0.35383891874129E+11;-0.9000691E+01;0.2823048E+11
0.35413097645252E+11;-0.9000755E+01;0.2815273E+11
0.35440166118987E+11;-0.9000810E+01;0.2810508E+11
0.35466310876709E+11;-0.9000858E+01;0.2807832E+11
0.35494127082400E+11;-0.9000906E+01;0.2806853E+11
0.35524702061659E+11;-0.9000954E+01;0.2807828E+11
0.35555583732720E+11;-0.9000998E+01;0.2810634E+11
0.35583435613662E+11;-0.9001034E+01;0.2814287E+11
0.35608640087762E+11;-0.9001064E+01;0.2818251E+11
0.35634791817399E+11;-0.9001093E+01;0.2822916E+11
0.35665035026181E+11;-0.9001124E+01;0.2828953E+11
0.35694595646070E+11;-0.9001152E+01;0.2835461E+11
0.35724453477511E+11;-0.9001177E+01;0.2842509E+11
0.35752280658577E+11;-0.9001199E+01;0.2849494E+11
0.35778781530195E+11;-0.9001218E+01;0.2856696E+11
0.35805908806895E+11;-0.9001235E+01;0.2864884E+11
0.35835151544593E+11;-0.9001253E+01;0.2874749E+11
0.35863493556452E+11;-0.9001268E+01;0.2885263E+11
0.35891535197918E+11;-0.9001282E+01;0.2896604E+11
0.35919859069874E+11;-0.9001295E+01;0.2909093E+11
0.35947993085243E+11;-0.9001306E+01;0.2922517E+11
0.35975559983665E+11;-0.9001316E+01;0.2936466E+11
0.36002746908302E+11;-0.9001325E+01;0.2950781E+11
0.36030275151491E+11;-0.9001334E+01;0.2965784E+11
0.36058425963523E+11;-0.9001341E+01;0.2981739E+11
0.36086611029107E+11;-0.9001347E+01;0.2998270E+11
0.36113894179242E+11;-0.9001353E+01;0.3014555E+11
0.36140494678336E+11;-0.9001358E+01;0.3030580E+11
0.36167354328963E+11;-0.9001362E+01;0.3046911E+11
0.36195159333472E+11;-0.9001365E+01;0.3064060E+11
0.36222597784415E+11;-0.9001369E+01;0.3081279E+11
0.36248820501875E+11;-0.9001371E+01;0.3097900E+11
0.36275981111714E+11;-0.9001373E+01;0.3115344E+11
0.36303991110548E+11;-0.9001374E+01;0.3133935E+11
0.36331694900528E+11;-0.9001375E+01;0.3153114E+11
0.36357877920528E+11;-0.9001376E+01;0.3171870E+11
0.36383176289403E+11;-0.9001376E+01;0.3190497E+11
0.36409275519370E+11;-0.9001376E+01;0.3210238E+11
0.36437072079142E+11;-0.9001375E+01;0.3231806E+11
0.36463223040846E+11;-0.9001374E+01;0.3252573E+11
0.36488355534890E+11;-0.9001373E+01;0.3272864E+11
0.36514640763639E+11;-0.9001371E+01;0.3294228E+11
0.36540699809397E+11;-0.9001370E+01;0.3315571E+11
0.36566921708367E+11;-0.9001368E+01;0.3337299E+11
0.36592103050450E+11;-0.9001365E+01;0.3358232E+11
0.36617387851353E+11;-0.9001363E+01;0.3379213E+11
0.36643032856477E+11;-0.9001360E+01;0.3400531E+11
0.36668536147396E+11;-0.9001357E+01;0.3421887E+11
0.36693704980846E+11;-0.9001354E+01;0.3443206E+11
0.36717803463110E+11;-0.9001351E+01;0.3464008E+11
0.36743542284104E+11;-0.9001348E+01;0.3486760E+11
0.36768046684610E+11;-0.9001344E+01;0.3508931E+11
0.36793077196045E+11;-0.9001341E+01;0.3532072E+11
0.36817150537210E+11;-0.9001337E+01;0.3554717E+11
0.36841411419477E+11;-0.9001333E+01;0.3577790E+11
0.36866380255856E+11;-0.9001329E+01;0.3601696E+11
0.36890257114933E+11;-0.9001325E+01;0.3624720E+11
0.36914428319038E+11;-0.9001320E+01;0.3648157E+11
0.36937572540852E+11;-0.9001316E+01;0.3670743E+11
0.36962517935130E+11;-0.9001312E+01;0.3695397E+11
0.36986744229774E+11;-0.9001307E+01;0.3719605E+11
0.37010564630653E+11;-0.9001302E+01;0.3743458E+11
0.37033419127819E+11;-0.9001298E+01;0.3766383E+11
0.37056978266719E+11;-0.9001293E+01;0.3790191E+11
0.37081991893260E+11;-0.9001288E+01;0.3815770E+11
0.37105295007259E+11;-0.9001283E+01;0.3839949E+11
0.37128057759927E+11;-0.9001278E+01;0.3863947E+11
0.37150477228044E+11;-0.9001273E+01;0.3888081E+11
0.37174227898978E+11;-0.9001268E+01;0.3914302E+11
0.37198079595088E+11;-0.9001263E+01;0.3941103E+11
0.37220347321019E+11;-0.9001258E+01;0.3966176E+11
0.37242028755866E+11;-0.9001253E+01;0.3990497E+11
0.37265431986839E+11;-0.9001247E+01;0.4016795E+11
0.37289270721575E+11;-0.9001242E+01;0.4043770E+11
0.37311536819672E+11;-0.9001236E+01;0.4069064E+11
0.37332944168716E+11;-0.9001231E+01;0.4093452E+11
0.37355140123860E+11;-0.9001226E+01;0.4119031E+11
0.37377811476714E+11;-0.9001220E+01;0.4145688E+11
0.37400392919863E+11;-0.9001215E+01;0.4172552E+11
0.37421605718500E+11;-0.9001209E+01;0.4197859E+11
0.37442458949082E+11;-0.9001204E+01;0.4222906E+11
0.37465584060059E+11;-0.9001198E+01;0.4251151E+11
0.37487960614595E+11;-0.9001192E+01;0.4279137E+11
0.37509194467926E+11;-0.9001187E+01;0.4306076E+11
0.37529487507369E+11;-0.9001181E+01;0.4331975E+11
0.37551620444912E+11;-0.9001175E+01;0.4360451E+11
0.37573258011811E+11;-0.9001169E+01;0.4388547E+11
0.37595087639084E+11;-0.9001164E+01;0.4416915E+11
0.37615072235819E+11;-0.9001158E+01;0.4442704E+11
0.37635837376577E+11;-0.9001152E+01;0.4469523E+11
0.37657363284588E+11;-0.9001146E+01;0.4497823E+11
0.37678652657290E+11;-0.9001140E+01;0.4526371E+11
0.37698751209503E+11;-0.9001135E+01;0.4553610E+11
0.37718483157437E+11;-0.9001129E+01;0.4580638E+11
0.37740343645638E+11;-0.9001123E+01;0.4611056E+11
0.37760690139347E+11;-0.9001117E+01;0.4639905E+11
0.37780605959135E+11;-0.9001111E+01;0.4668513E+11
0.37799730198900E+11;-0.9001105E+01;0.4696130E+11
0.37819844252725E+11;-0.9001099E+01;0.4725370E+11
0.37840128523101E+11;-0.9001093E+01;0.4755237E+11
0.37859649825211E+11;-0.9001087E+01;0.4784164E+11
0.37878183795044E+11;-0.9001082E+01;0.4811537E+11
0.37897617268915E+11;-0.9001076E+01;0.4840241E+11
0.37917564282751E+11;-0.9001070E+01;0.4870013E+11
0.37936699644620E+11;-0.9001064E+01;0.4898904E+11
0.37955003171691E+11;-0.9001058E+01;0.4926799E+11
0.37974118878037E+11;-0.9001052E+01;0.4956275E+11
0.37993032687646E+11;-0.9001046E+01;0.4985867E+11
0.38012098204770E+11;-0.9001040E+01;0.5016277E+11
0.38030168319308E+11;-0.9001034E+01;0.5045629E+11
0.38048068803719E+11;-0.9001028E+01;0.5074934E+11
0.38066749999227E+11;-0.9001022E+01;0.5105652E+11
0.38085696882054E+11;-0.9001016E+01;0.5136993E+11
0.38103529261765E+11;-0.9001010E+01;0.5166477E+11
0.38120781192186E+11;-0.9001004E+01;0.5195046E+11
0.38139914760305E+11;-0.9000998E+01;0.5227000E+11
0.38157801583905E+11;-0.9000992E+01;0.5257174E+11
0.38175634510847E+11;-0.9000986E+01;0.5287499E+11
0.38192519851575E+11;-0.9000980E+01;0.5316456E+11
0.38210675057245E+11;-0.9000974E+01;0.5347959E+11
0.38228485443012E+11;-0.9000968E+01;0.5379353E+11
0.38245852802206E+11;-0.9000962E+01;0.5410574E+11
0.38262443771839E+11;-0.9000956E+01;0.5441076E+11
0.38279582143222E+11;-0.9000950E+01;0.5473173E+11
0.38296904941487E+11;-0.9000944E+01;0.5505942E+11
0.38313885851768E+11;-0.9000937E+01;0.5538089E+11
0.38330309899434E+11;-0.9000932E+01;0.5569147E+11
0.38346732937888E+11;-0.9000926E+01;0.5600534E+11
0.38364324990503E+11;-0.9000919E+01;0.5634853E+11
0.38380748212685E+11;-0.9000913E+01;0.5667434E+11
0.38396816659753E+11;-0.9000907E+01;0.5699552E+11
0.38412528273165E+11;-0.9000901E+01;0.5731306E+11
0.38428999356067E+11;-0.9000895E+01;0.5765343E+11
0.38445417812236E+11;-0.9000889E+01;0.5800113E+11
0.38461230787232E+11;-0.9000883E+01;0.5834376E+11
0.38476301530863E+11;-0.9000877E+01;0.5867771E+11
0.38492733596780E+11;-0.9000870E+01;0.5904931E+11
0.38508311398221E+11;-0.9000864E+01;0.5940626E+11
0.38523554779493E+11;-0.9000858E+01;0.5975576E+11
0.38538266176405E+11;-0.9000852E+01;0.6009427E+11
0.38553805552417E+11;-0.9000845E+01;0.6045824E+11
0.38569071898253E+11;-0.9000839E+01;0.6082275E+11
0.38584078398996E+11;-0.9000833E+01;0.6118438E+11
0.38598308750142E+11;-0.9000827E+01;0.6152814E+11
0.38613226523778E+11;-0.8997066E+01;0.6189240E+11
0.38627968602049E+11;-0.8994990E+01;0.6226170E+11
0.38642218808072E+11;-0.8988835E+01;0.6262590E+11
0.38656104375375E+11;-0.8983205E+01;0.6298295E+11
0.38670169843709E+11;-0.8980224E+01;0.6334629E+11
0.38684178759458E+11;-0.8977152E+01;0.6371165E+11
0.38698381685329E+11;-0.8971498E+01;0.6408396E+11
0.38711921914386E+11;-0.8966750E+01;0.6443596E+11
0.38725386434064E+11;-0.8962606E+01;0.6478255E+11
0.38738787992069E+11;-0.8959550E+01;0.6512637E+11
0.38752100935975E+11;-0.8955248E+01;0.6546798E+11
0.38765176441905E+11;-0.8950171E+01;0.6580247E+11
0.38777960327524E+11;-0.8947604E+01;0.6612776E+11
0.38790920060504E+11;-0.8945627E+01;0.6645635E+11
0.38803647969739E+11;-0.8939552E+01;0.6677897E+11
0.38816259771538E+11;-0.8936484E+01;0.6709871E+11
0.38828629071901E+11;-0.8932676E+01;0.6741032E+11
0.38841153200387E+11;-0.8929366E+01;0.6772338E+11
0.38853679330583E+11;-0.8927991E+01;0.6803486E+11
0.38866033525264E+11;-0.8922852E+01;0.6833653E+11
0.38877991388533E+11;-0.8921220E+01;0.6862049E+11
0.38890711498332E+11;-0.8918103E+01;0.6891664E+11
0.38902649946130E+11;-0.8914196E+01;0.6919349E+11
0.38914866992221E+11;-0.8913612E+01;0.6947664E+11
0.38926817767185E+11;-0.8908902E+01;0.6975175E+11
0.38938386496031E+11;-0.8907281E+01;0.7001710E+11
0.38950480990078E+11;-0.8903935E+01;0.7029586E+11
0.38962111944625E+11;-0.8902069E+01;0.7056828E+11
0.38973861687192E+11;-0.8899781E+01;0.7085086E+11
0.38985433828762E+11;-0.8896538E+01;0.7113551E+11
0.38996763217469E+11;-0.8893420E+01;0.7141714E+11
0.39008250874826E+11;-0.8891246E+01;0.7170586E+11
0.39019642603762E+11;-0.8889892E+01;0.7199898E+11
0.39031044970876E+11;-0.8886277E+01;0.7230398E+11
0.39042289141554E+11;-0.8882971E+01;0.7262015E+11
0.39053287054722E+11;-0.8878517E+01;0.7294485E+11
0.39064292539914E+11;-0.8877182E+01;0.7328515E+11
0.39075432141267E+11;-0.8874922E+01;0.7365111E+11
0.39086754133653E+11;-0.8869761E+01;0.7405443E+11
0.39097604476358E+11;-0.8864063E+01;0.7447434E+11
0.39108222420605E+11;-0.8856443E+01;0.7491482E+11
0.39118751799106E+11;-0.8847760E+01;0.7538176E+11
0.39128970053228E+11;-0.8840580E+01;0.7586939E+11
0.39139486173488E+11;-0.8831993E+01;0.7641137E+11
0.39149627658255E+11;-0.8825134E+01;0.7697712E+11
0.39159537022646E+11;-0.8816825E+01;0.7757527E+11
0.39169303346418E+11;-0.8807675E+01;0.7821381E+11
0.39178629869259E+11;-0.8799044E+01;0.7887554E+11
0.39188345587551E+11;-0.8793048E+01;0.7962846E+11
0.39197878370727E+11;-0.8786044E+01;0.8044208E+11
0.39206986677614E+11;-0.8777863E+01;0.8129852E+11
0.39216023814708E+11;-0.8769144E+01;0.8223566E+11
0.39224611924998E+11;-0.8760525E+01;0.8321947E+11
0.39233447238800E+11;-0.8750615E+01;0.8434308E+11
0.39242170217779E+11;-0.8733398E+01;0.8558668E+11
0.39250407748047E+11;-0.8712655E+01;0.8691034E+11
0.39258201340870E+11;-0.8693219E+01;0.8832376E+11
0.39266332546227E+11;-0.8677200E+01;0.9000278E+11
0.39274065436233E+11;-0.8655389E+01;0.9184662E+11
0.39281303167074E+11;-0.8628387E+01;0.9385806E+11
0.39287977489640E+11;-0.8597505E+01;0.9602989E+11
0.39294198248306E+11;-0.8567594E+01;0.9841059E+11
0.39296378296658E+11;-0.8557611E+01;0.9934574E+11
0.39299648369185E+11;-0.8542957E+01;0.1008661E+12
0.39304553477977E+11;-0.8520429E+01;0.1034646E+12
0.39306466098211E+11;-0.8507711E+01;0.1046025E+12
0.39309335028562E+11;-0.8486749E+01;0.1064679E+12
0.39313638424088E+11;-0.8449764E+01;0.1097008E+12
0.39318336324980E+11;-0.8402370E+01;0.1140199E+12
0.39322803959686E+11;-0.8354200E+01;0.1192248E+12
0.39324206876940E+11;-0.8338259E+01;0.1211611E+12
0.39326311252820E+11;-0.8313017E+01;0.1244198E+12
0.39329467816641E+11;-0.8269917E+01;0.1303466E+12
0.39330590297697E+11;-0.8252367E+01;0.1328477E+12
0.39332274019281E+11;-0.8221294E+01;0.1371103E+12
0.39334799601657E+11;-0.8160543E+01;0.1450445E+12
0.39337492723218E+11;-0.8082244E+01;0.1566589E+12
0.39338345422448E+11;-0.8054389E+01;0.1613775E+12
0.39339624471294E+11;-0.8008506E+01;0.1698599E+12
0.39341543044563E+11;-0.7924674E+01;0.1874541E+12
0.39342150205105E+11;-0.7892257E+01;0.1949327E+12
0.39343060945919E+11;-0.7835591E+01;0.2089293E+12
0.39343511762621E+11;-0.7802950E+01;0.2175751E+12
0.39344187987676E+11;-0.7746473E+01;0.2337007E+12
0.39345202325257E+11;-0.7623366E+01;0.2698954E+12
0.39345552350372E+11;-0.7563681E+01;0.2882937E+12
0.39346077388045E+11;-0.7453676E+01;0.3268125E+12
0.39346337281693E+11;-0.7386056E+01;0.3539122E+12
0.39346727122165E+11;-0.7258071E+01;0.4136060E+12
0.39346920093199E+11;-0.7176940E+01;0.4583129E+12
0.39347209549750E+11;-0.7017199E+01;0.5662485E+12
0.39347352830742E+11;-0.6909973E+01;0.6574081E+12
0.39347567752231E+11;-0.6677513E+01;0.9282430E+12
0.39347652659973E+11;-0.6538562E+01;0.1157458E+13
0.39347694689305E+11;-0.6450152E+01;0.1339227E+13
0.39347757733304E+11;-0.6275043E+01;0.1812731E+13
0.39347788940083E+11;-0.6156036E+01;0.2250654E+13
0.39347835750251E+11;-0.5889560E+01;0.3767432E+13
0.39347840512734E+11;-0.5851791E+01;0.4068609E+13
0.39347847656459E+11;-0.5788402E+01;0.4635238E+13
0.39347858372045E+11;-0.5673299E+01;0.5905876E+13
0.39347863640340E+11;-0.5604171E+01;0.6854489E+13
0.39347871542783E+11;-0.5475920E+01;0.9092504E+13
0.39347875454492E+11;-0.5396061E+01;0.1088335E+14
0.39347881322055E+11;-0.5241231E+01;0.1552873E+14
0.39347883549051E+11;-0.5165055E+01;0.1855781E+14
0.39347886628312E+11;-0.5031605E+01;0.2542793E+14
0.39347887598625E+11;-0.4979909E+01;0.2878188E+14
0.39347889054093E+11;-0.4888199E+01;0.3585821E+14
0.39347889704266E+11;-0.4840058E+01;0.4026445E+14
0.39347890679525E+11;-0.4755991E+01;0.4931594E+14
0.39347892142414E+11;-0.4587773E+01;0.7404526E+14
0.39347892666581E+11;-0.4507016E+01;0.9003562E+14
0.39347892865761E+11;-0.4471845E+01;0.9803467E+14
0.39347893164530E+11;-0.4412937E+01;0.1130282E+15
0.39347893612683E+11;-0.4305844E+01;0.1463253E+15
0.39347893834519E+11;-0.4240938E+01;0.1710514E+15
0.39347894167273E+11;-0.4120307E+01;0.2284398E+15
0.39347894331987E+11;-0.4045125E+01;0.2734157E+15
0.39347894579056E+11;-0.3899832E+01;0.3864260E+15
0.39347894700338E+11;-0.3805341E+01;0.4834937E+15
0.39347894757701E+11;-0.3752246E+01;0.5482310E+15
0.39347894843746E+11;-0.3657883E+01;0.6850435E+15
0.39347894972813E+11;-0.3460852E+01;0.1088283E+16
0.39347895011499E+11;-0.3379181E+01;0.1318615E+16
0.39347895048445E+11;-0.3283451E+01;0.1650213E+16
0.39347895060186E+11;-0.3248134E+01;0.1792850E+16
0.39347895077797E+11;-0.3189054E+01;0.2058968E+16
0.39347895104213E+11;-0.3082176E+01;0.2644478E+16
0.39347895117289E+11;-0.3017866E+01;0.3074565E+16
0.39347895136904E+11;-0.2899622E+01;0.4057473E+16
0.39347895146613E+11;-0.2827029E+01;0.4812640E+16
0.39347895161176E+11;-0.2690010E+01;0.6649635E+16
0.39347895168385E+11;-0.2603122E+01;0.8172278E+16
0.39347895171954E+11;-0.2553196E+01;0.9205081E+16
0.39347895177306E+11;-0.2466601E+01;0.1132783E+17
0.39347895185335E+11;-0.2297453E+01;0.1708082E+17
0.39347895188520E+11;-0.2210215E+01;0.2119467E+17
0.39347895189696E+11;-0.2173852E+01;0.2321491E+17
0.39347895191461E+11;-0.2114063E+01;0.2700013E+17
0.39347895194108E+11;-0.2010160E+01;0.3529998E+17
0.39347895195418E+11;-0.1951045E+01;0.4128001E+17
0.39347895197384E+11;-0.1851010E+01;0.5427774E+17
0.39347895198316E+11;-0.1798439E+01;0.6303926E+17
0.39347895199714E+11;-0.1705976E+01;0.8117319E+17
0.39347895200307E+11;-0.1653969E+01;0.9136463E+17
0.39347895201196E+11;-0.1570573E+01;0.1104757E+18
0.39347895201587E+11;-0.1531311E+01;0.1206492E+18
0.39347895202174E+11;-0.1470409E+01;0.1382983E+18
0.39347895202465E+11;-0.1440369E+01;0.1482010E+18
0.39347895202900E+11;-0.1389447E+01;0.1646164E+18
0.39347895203554E+11;-0.1313989E+01;0.1929082E+18
0.39347895203756E+11;-0.1291773E+01;0.2025405E+18
0.39347895204058E+11;-0.1258941E+01;0.2177945E+18
0.39347895204512E+11;-0.1210299E+01;0.2425397E+18
0.39347895204668E+11;-0.1193847E+01;0.2515580E+18
0.39347895204901E+11;-0.1170243E+01;0.2656215E+18
0.39347895205251E+11;-0.1133148E+01;0.2879472E+18
0.39347895205637E+11;-0.1091559E+01;0.3142241E+18
0.39347895205986E+11;-0.1055992E+01;0.3395055E+18
0.39347895206312E+11;-0.1025290E+01;0.3645221E+18
0.39347895206612E+11;-0.9973520E+00;0.3893245E+18
0.39347895206900E+11;-0.9716875E+00;0.4150920E+18
0.39347895207177E+11;-0.9470726E+00;0.4417989E+18
0.39347895207435E+11;-0.9230466E+00;0.4685324E+18
0.39347895207682E+11;-0.9005721E+00;0.4963926E+18
0.39347895207922E+11;-0.8799154E+00;0.5253811E+18
0.39347895208149E+11;-0.8603101E+00;0.5549178E+18
0.39347895208369E+11;-0.8417896E+00;0.5853088E+18
0.39347895208584E+11;-0.8238136E+00;0.6165151E+18
0.39347895208785E+11;-0.8064745E+00;0.6476112E+18
0.39347895208988E+11;-0.7880471E+00;0.6811967E+18
0.39347895209180E+11;-0.7716900E+00;0.7159975E+18
0.39347895209367E+11;-0.7556079E+00;0.7524326E+18
0.39347895209547E+11;-0.7409650E+00;0.7896122E+18
0.39347895209727E+11;-0.7257505E+00;0.8286343E+18
0.39347895209895E+11;-0.7126515E+00;0.8669998E+18
0.39347895210065E+11;-0.6963925E+00;0.9069190E+18
0.39347895210225E+11;-0.6825987E+00;0.9460045E+18
0.39347895210383E+11;-0.6693447E+00;0.9855389E+18
0.39347895210537E+11;-0.6573756E+00;0.1026204E+19
0.39347895210687E+11;-0.6444358E+00;0.1068349E+19
0.39347895210834E+11;-0.6336661E+00;0.1112440E+19
0.39347895210979E+11;-0.6202569E+00;0.1158041E+19
0.39347895211119E+11;-0.6081776E+00;0.1203178E+19
0.39347895211259E+11;-0.5968769E+00;0.1248782E+19
0.39347895211395E+11;-0.5865311E+00;0.1294020E+19
0.39347895211527E+11;-0.5755464E+00;0.1338932E+19
0.39347895211659E+11;-0.5658165E+00;0.1385840E+19
0.39347895211792E+11;-0.5548260E+00;0.1435642E+19
0.39347895211918E+11;-0.5443226E+00;0.1484590E+19
0.39347895212047E+11;-0.5344546E+00;0.1536636E+19
0.39347895212171E+11;-0.5253555E+00;0.1586988E+19
0.39347895212292E+11;-0.5158807E+00;0.1637820E+19
0.39347895212413E+11;-0.5079785E+00;0.1690165E+19
0.39347895212531E+11;-0.4980109E+00;0.1743731E+19
0.39347895212648E+11;-0.4889651E+00;0.1798267E+19
0.39347895212763E+11;-0.4807583E+00;0.1853347E+19
0.39347895212874E+11;-0.4728845E+00;0.1907573E+19
0.39347895212985E+11;-0.4648632E+00;0.1963121E+19
0.39347895213096E+11;-0.4570617E+00;0.2021100E+19
0.39347895213203E+11;-0.4494256E+00;0.2078071E+19
0.39347895213312E+11;-0.4414884E+00;0.2136593E+19
0.39347895213418E+11;-0.4343828E+00;0.2195833E+19
0.39347895213522E+11;-0.4268012E+00;0.2256178E+19
0.39347895213625E+11;-0.4207682E+00;0.2318316E+19
0.39347895213727E+11;-0.4130789E+00;0.2379649E+19
0.39347895213828E+11;-0.4063562E+00;0.2440403E+19
0.39347895213930E+11;-0.3997619E+00;0.2501905E+19
0.39347895214029E+11;-0.3937912E+00;0.2562350E+19
0.39347895214129E+11;-0.3875199E+00;0.2625607E+19
0.39347895214226E+11;-0.3802748E+00;0.2689216E+19
0.39347895214324E+11;-0.3744971E+00;0.2754996E+19
0.39347895214421E+11;-0.3687754E+00;0.2821084E+19
0.39347895214518E+11;-0.3640803E+00;0.2886791E+19
0.39347895214613E+11;-0.3570161E+00;0.2949006E+19
0.39347895214706E+11;-0.3510225E+00;0.3008406E+19
0.39347895214800E+11;-0.3455368E+00;0.3067391E+19
0.39347895214894E+11;-0.3409160E+00;0.3129240E+19
0.39347895214986E+11;-0.3350640E+00;0.3193462E+19
0.39347895215078E+11;-0.3311300E+00;0.3258778E+19
0.39347895215168E+11;-0.3248928E+00;0.3321156E+19
0.39347895215257E+11;-0.3204716E+00;0.3382538E+19
0.39347895215347E+11;-0.3161588E+00;0.3442751E+19
0.39347895215436E+11;-0.3102689E+00;0.3502029E+19
0.39347895215527E+11;-0.3058280E+00;0.3562822E+19
0.39347895215615E+11;-0.3027777E+00;0.3623912E+19
0.39347895215704E+11;-0.2965711E+00;0.3687880E+19
0.39347895215787E+11;-0.2924734E+00;0.3748412E+19
0.39347895215870E+11;-0.2881451E+00;0.3806305E+19
0.39347895215952E+11;-0.2841638E+00;0.3862171E+19
0.39347895216036E+11;-0.2799415E+00;0.3917962E+19
0.39347895216119E+11;-0.2760795E+00;0.3974706E+19
0.39347895216204E+11;-0.2727098E+00;0.4034811E+19
0.39347895216286E+11;-0.2678580E+00;0.4094420E+19
0.39347895216372E+11;-0.2645659E+00;0.4156144E+19
0.39347895216449E+11;-0.2601604E+00;0.4211537E+19
0.39347895216526E+11;-0.2574771E+00;0.4266070E+19
0.39347895216603E+11;-0.2535207E+00;0.4320803E+19
0.39347895216681E+11;-0.2497634E+00;0.4377132E+19
0.39347895216760E+11;-0.2469716E+00;0.4435908E+19
0.39347895216842E+11;-0.2429024E+00;0.4500003E+19
0.39347895216917E+11;-0.2403978E+00;0.4560183E+19
0.39347895216994E+11;-0.2367838E+00;0.4620433E+19
0.39347895217069E+11;-0.2333971E+00;0.4676736E+19
0.39347895217141E+11;-0.2306047E+00;0.4731343E+19
0.39347895217214E+11;-0.2270944E+00;0.4788188E+19
0.39347895217288E+11;-0.2251730E+00;0.4848718E+19
0.39347895217362E+11;-0.2218099E+00;0.4911657E+19
0.39347895217436E+11;-0.2186577E+00;0.4974630E+19
0.39347895217509E+11;-0.2155150E+00;0.5035478E+19
0.39347895217579E+11;-0.2131418E+00;0.5092539E+19
0.39347895217653E+11;-0.2100661E+00;0.5152055E+19
0.39347895217722E+11;-0.2075676E+00;0.5209640E+19
0.39347895217792E+11;-0.2049068E+00;0.5269626E+19
0.39347895217863E+11;-0.2021008E+00;0.5333132E+19
0.39347895217933E+11;-0.1994375E+00;0.5398022E+19
0.39347895218001E+11;-0.1970738E+00;0.5459848E+19
0.39347895218026E+11;-0.1959426E+00;0.5481751E+19
0.39347895218062E+11;-0.1946684E+00;0.5514115E+19
0.39347895218118E+11;-0.1929820E+00;0.5561849E+19
0.39347895218187E+11;-0.1905700E+00;0.5621938E+19
0.39347895218254E+11;-0.1870011E+00;0.5681772E+19
0.39347895218321E+11;-0.1845231E+00;0.5744151E+19
0.39347895218388E+11;-0.1820387E+00;0.5809931E+19
0.39347895218456E+11;-0.1795760E+00;0.5877817E+19
0.39347895218521E+11;-0.1770149E+00;0.5942037E+19
0.39347895218589E+11;-0.1741825E+00;0.6006592E+19
0.39347895218654E+11;-0.1715502E+00;0.6066423E+19
0.39347895218718E+11;-0.1695277E+00;0.6126382E+19
0.39347895218785E+11;-0.1671504E+00;0.6191662E+19
0.39347895218850E+11;-0.1644688E+00;0.6260328E+19
0.39347895218916E+11;-0.1618883E+00;0.6331799E+19
0.39347895218979E+11;-0.1593863E+00;0.6399331E+19
0.39347895219045E+11;-0.1567620E+00;0.6467668E+19
0.39347895219107E+11;-0.1544221E+00;0.6529365E+19
0.39347895219169E+11;-0.1526562E+00;0.6592054E+19
0.39347895219232E+11;-0.1501749E+00;0.6657084E+19
0.39347895219294E+11;-0.1478469E+00;0.6724433E+19
0.39347895219356E+11;-0.1464941E+00;0.6795701E+19
0.39347895219418E+11;-0.1436237E+00;0.6868061E+19
0.39347895219480E+11;-0.1415013E+00;0.6939729E+19
0.39347895219541E+11;-0.1394226E+00;0.7005786E+19
0.39347895219600E+11;-0.1373936E+00;0.7068115E+19
0.39347895219660E+11;-0.1348784E+00;0.7129747E+19
0.39347895219720E+11;-0.1331617E+00;0.7191672E+19
0.39347895219780E+11;-0.1314613E+00;0.7255021E+19
0.39347895219839E+11;-0.1290755E+00;0.7320257E+19
0.39347895219899E+11;-0.1287856E+00;0.7385499E+19
0.39347895219958E+11;-0.1254554E+00;0.7448513E+19
0.39347895220016E+11;-0.1255343E+00;0.7506850E+19
0.39347895220074E+11;-0.1221714E+00;0.7563381E+19
0.39347895220131E+11;-0.1224223E+00;0.7619088E+19
0.39347895220189E+11;-0.1191172E+00;0.7674895E+19
0.39347895220248E+11;-0.1180444E+00;0.7730907E+19
0.39347895220306E+11;-0.1165393E+00;0.7786076E+19
0.39347895220365E+11;-0.1149552E+00;0.7838185E+19
0.39347895220421E+11;-0.1133869E+00;0.7882716E+19
0.39347895220480E+11;-0.1118502E+00;0.7922553E+19
0.39347895220537E+11;-0.1111052E+00;0.7957418E+19
0.39347895220594E+11;-0.1090649E+00;0.7989983E+19
0.39347895220651E+11;-0.1082523E+00;0.8021688E+19
0.39347895220708E+11;-0.1039950E+00;0.8053804E+19
0.39347895220765E+11;-0.1014178E+00;0.8085673E+19
0.39347895220821E+11;-0.9902893E-01;0.8115780E+19
0.39347895220877E+11;-0.9646026E-01;0.8144383E+19
0.39347895220933E+11;-0.9522344E-01;0.8169464E+19
0.39347895220989E+11;-0.9332154E-01;0.8191396E+19
0.39347895221044E+11;-0.9222004E-01;0.8210174E+19
0.39347895221099E+11;-0.8903636E-01;0.8226458E+19
0.39347895221155E+11;-0.8649814E-01;0.8241109E+19
0.39347895221209E+11;-0.8442538E-01;0.8253310E+19
0.39347895221264E+11;-0.8176548E-01;0.8262778E+19
0.39347895221317E+11;-0.8044581E-01;0.8269824E+19
0.39347895221371E+11;-0.7874336E-01;0.8275486E+19
0.39347895221424E+11;-0.7744665E-01;0.8279916E+19
0.39347895221477E+11;-0.7533305E-01;0.8283346E+19
0.39347895221529E+11;-0.7286041E-01;0.8286505E+19
0.39347895221581E+11;-0.7127580E-01;0.8289356E+19
0.39347895221633E+11;-0.6843634E-01;0.8290551E+19
0.39347895221684E+11;-0.6693446E-01;0.8289276E+19
0.39347895221735E+11;-0.6563363E-01;0.8285896E+19
0.39347895221786E+11;-0.6399646E-01;0.8280768E+19
0.39347895221837E+11;-0.6306713E-01;0.8274203E+19
0.39347895221887E+11;-0.6052621E-01;0.8267385E+19
0.39347895221937E+11;-0.5926578E-01;0.8260356E+19
0.39347895221988E+11;-0.5640569E-01;0.8252220E+19
0.39347895222037E+11;-0.5462607E-01;0.8242489E+19
0.39347895222086E+11;-0.5391788E-01;0.8231296E+19
0.39347895222134E+11;-0.5181802E-01;0.8219516E+19
0.39347895222184E+11;-0.5084963E-01;0.8207254E+19
0.39347895222232E+11;-0.4939237E-01;0.8195553E+19
0.39347895222280E+11;-0.4792901E-01;0.8184698E+19
0.39347895222328E+11;-0.4576289E-01;0.8174542E+19
0.39347895222375E+11;-0.4354456E-01;0.8163823E+19
0.39347895222423E+11;-0.4251286E-01;0.8151711E+19
0.39347895222470E+11;-0.4094171E-01;0.8138578E+19
0.39347895222517E+11;-0.3947935E-01;0.8125311E+19
0.39347895222565E+11;-0.3904091E-01;0.8112618E+19
0.39347895222611E+11;-0.3745748E-01;0.8101418E+19
0.39347895222658E+11;-0.3624893E-01;0.8091111E+19
0.39347895222704E+11;-0.3354074E-01;0.8081058E+19
0.39347895222749E+11;-0.3209034E-01;0.8070393E+19
0.39347895222795E+11;-0.3138077E-01;0.8058702E+19
0.39347895222840E+11;-0.2929523E-01;0.8046566E+19
0.39347895222885E+11;-0.2833723E-01;0.8034787E+19
0.39347895222930E+11;-0.2743272E-01;0.8023733E+19
0.39347895222976E+11;-0.2616760E-01;0.8013375E+19
0.39347895223020E+11;-0.2477860E-01;0.8004167E+19
0.39347895223064E+11;-0.2275254E-01;0.7995428E+19
0.39347895223108E+11;-0.2188772E-01;0.7986435E+19
0.39347895223152E+11;-0.2037287E-01;0.7976471E+19
0.39347895223196E+11;-0.1872282E-01;0.7965889E+19
0.39347895223239E+11;-0.1817556E-01;0.7955747E+19
0.39347895223283E+11;-0.1676228E-01;0.7946470E+19
0.39347895223327E+11;-0.1573079E-01;0.7937822E+19
0.39347895223370E+11;-0.1444144E-01;0.7930376E+19
0.39347895223414E+11;-0.1295412E-01;0.7922968E+19
0.39347895223456E+11;-0.1265530E-01;0.7914963E+19
0.39347895223499E+11;-0.1022545E-01;0.7906222E+19
0.39347895223541E+11;-0.8943347E-02;0.7897382E+19
0.39347895223583E+11;-0.8629093E-02;0.7888665E+19
0.39347895223625E+11;-0.6781898E-02;0.7880059E+19
0.39347895223669E+11;-0.5973556E-02;0.7871825E+19
0.39347895223711E+11;-0.4979401E-02;0.7864826E+19
0.39347895223753E+11;-0.3980985E-02;0.7857877E+19
0.39347895223795E+11;-0.2832467E-02;0.7850669E+19
0.39347895223836E+11;-0.7696073E-03;0.7842916E+19
0.39347895223877E+11;0.1901424E-03;0.7834551E+19
0.39347895223918E+11;0.9746425E-03;0.7825832E+19
0.39347895223959E+11;0.2638245E-02;0.7817311E+19
0.39347895224001E+11;0.3237767E-02;0.7809761E+19
0.39347895224041E+11;0.4458785E-02;0.7803612E+19
0.39347895224082E+11;0.5371043E-02;0.7797904E+19
0.39347895224123E+11;0.6342287E-02;0.7791919E+19
0.39347895224163E+11;0.8119711E-02;0.7785155E+19
0.39347895224203E+11;0.8800446E-02;0.7777619E+19
0.39347895224242E+11;0.1005478E-01;0.7769929E+19
0.39347895224283E+11;0.1158819E-01;0.7762894E+19
0.39347895224323E+11;0.1203346E-01;0.7757333E+19
0.39347895224362E+11;0.1349833E-01;0.7753036E+19
0.39347895224402E+11;0.1440655E-01;0.7748994E+19
0.39347895224442E+11;0.1533355E-01;0.7744580E+19
0.39347895224481E+11;0.1658605E-01;0.7739490E+19
0.39347895224520E+11;0.1714596E-01;0.7733679E+19
0.39347895224558E+11;0.1874245E-01;0.7727898E+19
0.39347895224597E+11;0.2018380E-01;0.7722980E+19
0.39347895224636E+11;0.2053416E-01;0.7719356E+19
0.39347895224675E+11;0.2220898E-01;0.7716824E+19
0.39347895224714E+11;0.2315949E-01;0.7714658E+19
0.39347895224752E+11;0.2411182E-01;0.7712355E+19
0.39347895224790E+11;0.2513239E-01;0.7709328E+19
0.39347895224829E+11;0.2606575E-01;0.7705445E+19
0.39347895224867E+11;0.2717742E-01;0.7701688E+19
0.39347895224904E+11;0.2855629E-01;0.7698882E+19
0.39347895224942E+11;0.2882706E-01;0.7697267E+19
0.39347895224980E+11;0.3071837E-01;0.7696755E+19
0.39347895225019E+11;0.3172572E-01;0.7696734E+19
0.39347895225056E+11;0.3268367E-01;0.7696385E+19
0.39347895225093E+11;0.3384530E-01;0.7695212E+19
0.39347895225131E+11;0.3476206E-01;0.7693505E+19
0.39347895225168E+11;0.3562610E-01;0.7692077E+19
0.39347895225204E+11;0.3678332E-01;0.7691389E+19
0.39347895225242E+11;0.3733522E-01;0.7691731E+19
0.39347895225278E+11;0.3908544E-01;0.7693076E+19
0.39347895225316E+11;0.4017337E-01;0.7694820E+19
0.39347895225353E+11;0.4110712E-01;0.7696245E+19
0.39347895225389E+11;0.4243647E-01;0.7697285E+19
0.39347895225426E+11;0.4329668E-01;0.7698004E+19
0.39347895225461E+11;0.4438103E-01;0.7698721E+19
0.39347895225497E+11;0.4533048E-01;0.7699820E+19
0.39347895225534E+11;0.4616813E-01;0.7701847E+19
0.39347895225569E+11;0.4737471E-01;0.7704830E+19
0.39347895225606E+11;0.4855906E-01;0.7708381E+19
0.39347895225642E+11;0.4941218E-01;0.7711881E+19
0.39347895225678E+11;0.5096096E-01;0.7715219E+19
0.39347895225713E+11;0.5171527E-01;0.7718006E+19
0.39347895225748E+11;0.5305889E-01;0.7720486E+19
0.39347895225783E+11;0.5399789E-01;0.7723176E+19
0.39347895225818E+11;0.5491534E-01;0.7726804E+19
0.39347895225853E+11;0.5574067E-01;0.7731486E+19
0.39347895225889E+11;0.5695123E-01;0.7736843E+19
0.39347895225923E+11;0.5765237E-01;0.7742178E+19
0.39347895225959E+11;0.5946008E-01;0.7747425E+19
0.39347895225993E+11;0.6019340E-01;0.7751920E+19
0.39347895226028E+11;0.6170175E-01;0.7756085E+19
0.39347895226062E+11;0.6260243E-01;0.7760542E+19
0.39347895226096E+11;0.6369217E-01;0.7765871E+19
0.39347895226130E+11;0.6463320E-01;0.7772152E+19
0.39347895226165E+11;0.6543801E-01;0.7778974E+19
0.39347895226199E+11;0.6594926E-01;0.7785817E+19
0.39347895226233E+11;0.6800472E-01;0.7792609E+19
0.39347895226267E+11;0.6900885E-01;0.7798858E+19
0.39347895226300E+11;0.7036203E-01;0.7805039E+19
0.39347895226334E+11;0.7141644E-01;0.7811385E+19
0.39347895226367E+11;0.7262201E-01;0.7818257E+19
0.39347895226400E+11;0.7361460E-01;0.7825784E+19
0.39347895226434E+11;0.7449473E-01;0.7833908E+19
0.39347895226467E+11;0.7470740E-01;0.7842340E+19
0.39347895226501E+11;0.7667003E-01;0.7850835E+19
0.39347895226534E+11;0.7796698E-01;0.7859137E+19
0.39347895226567E+11;0.7911219E-01;0.7867234E+19
0.39347895226599E+11;0.8051707E-01;0.7875123E+19
0.39347895226631E+11;0.8161682E-01;0.7883202E+19
0.39347895226663E+11;0.8265696E-01;0.7891848E+19
0.39347895226696E+11;0.8377716E-01;0.7901411E+19
0.39347895226729E+11;0.8445099E-01;0.7911551E+19
0.39347895226762E+11;0.8554678E-01;0.7921584E+19
0.39347895226794E+11;0.8716109E-01;0.7931663E+19
0.39347895226826E+11;0.8803112E-01;0.7941153E+19
0.39347895226858E+11;0.8981554E-01;0.7950458E+19
0.39347895226890E+11;0.9078934E-01;0.7959947E+19
0.39347895226921E+11;0.9219796E-01;0.7970024E+19
0.39347895226953E+11;0.9333093E-01;0.7981300E+19
0.39347895226986E+11;0.9432094E-01;0.7993046E+19
0.39347895227017E+11;0.9481332E-01;0.8004296E+19
0.39347895227049E+11;0.9669157E-01;0.8015765E+19
0.39347895227080E+11;0.9739448E-01;0.8026783E+19
0.39347895227112E+11;0.9944750E-01;0.8038014E+19
0.39347895227143E+11;0.1005917E+00;0.8049197E+19
0.39347895227173E+11;0.1020427E+00;0.8060928E+19
0.39347895227204E+11;0.1031816E+00;0.8073341E+19
0.39347895227236E+11;0.1044267E+00;0.8086392E+19
0.39347895227267E+11;0.1051249E+00;0.8098820E+19
0.39347895227298E+11;0.1066541E+00;0.8111684E+19
0.39347895227328E+11;0.1076296E+00;0.8124324E+19
0.39347895227359E+11;0.1094693E+00;0.8137203E+19
0.39347895227389E+11;0.1109791E+00;0.8149771E+19
0.39347895227418E+11;0.1122394E+00;0.8162767E+19
0.39347895227448E+11;0.1136064E+00;0.8176117E+19
0.39347895227479E+11;0.1149567E+00;0.8190646E+19
0.39347895227509E+11;0.1160295E+00;0.8204605E+19
0.39347895227539E+11;0.1171509E+00;0.8218947E+19
0.39347895227569E+11;0.1183969E+00;0.8233124E+19
0.39347895227598E+11;0.1199684E+00;0.8247240E+19
0.39347895227627E+11;0.1218770E+00;0.8261416E+19
0.39347895227656E+11;0.1229160E+00;0.8276097E+19
0.39347895227685E+11;0.1247349E+00;0.8290916E+19
0.39347895227715E+11;0.1260198E+00;0.8306346E+19
0.39347895227743E+11;0.1273281E+00;0.8321549E+19
0.39347895227773E+11;0.1283001E+00;0.8337035E+19
0.39347895227802E+11;0.1298237E+00;0.8352796E+19
0.39347895227830E+11;0.1311273E+00;0.8368301E+19
0.39347895227859E+11;0.1334696E+00;0.8384368E+19
0.39347895227887E+11;0.1346788E+00;0.8400331E+19
0.39347895227915E+11;0.1364962E+00;0.8416373E+19
0.39347895227943E+11;0.1378438E+00;0.8432720E+19
0.39347895227971E+11;0.1393971E+00;0.8449407E+19
0.39347895227999E+11;0.1406776E+00;0.8466653E+19
0.39347895228028E+11;0.1420777E+00;0.8484536E+19
0.39347895228056E+11;0.1432492E+00;0.8501438E+19
0.39347895228084E+11;0.1460118E+00;0.8519115E+19
0.39347895228111E+11;0.1475783E+00;0.8536167E+19
0.39347895228138E+11;0.1492022E+00;0.8553593E+19
0.39347895228165E+11;0.1510254E+00;0.8571275E+19
0.39347895228192E+11;0.1525061E+00;0.8589580E+19
0.39347895228220E+11;0.1540275E+00;0.8608506E+19
0.39347895228248E+11;0.1553461E+00;0.8628342E+19
0.39347895228275E+11;0.1567440E+00;0.8646867E+19
0.39347895228302E+11;0.1597691E+00;0.8665962E+19
0.39347895228328E+11;0.1616531E+00;0.8684553E+19
0.39347895228355E+11;0.1632237E+00;0.8703593E+19
0.39347895228381E+11;0.1655041E+00;0.8722595E+19
0.39347895228407E+11;0.1669331E+00;0.8742314E+19
0.39347895228434E+11;0.1688563E+00;0.8763223E+19
0.39347895228461E+11;0.1704396E+00;0.8785339E+19
0.39347895228487E+11;0.1719842E+00;0.8805856E+19
0.39347895228513E+11;0.1752085E+00;0.8826709E+19
0.39347895228538E+11;0.1772913E+00;0.8847099E+19
0.39347895228563E+11;0.1790678E+00;0.8867526E+19
0.39347895228588E+11;0.1817574E+00;0.8887818E+19
0.39347895228613E+11;0.1833106E+00;0.8908920E+19
0.39347895228639E+11;0.1857623E+00;0.8932323E+19
0.39347895228666E+11;0.1876995E+00;0.8956814E+19
0.39347895228690E+11;0.1892841E+00;0.8979814E+19
0.39347895228715E+11;0.1926907E+00;0.9003666E+19
0.39347895228740E+11;0.1947860E+00;0.9026386E+19
0.39347895228764E+11;0.1975706E+00;0.9048846E+19
0.39347895228788E+11;0.2006122E+00;0.9071088E+19
0.39347895228811E+11;0.2025010E+00;0.9093743E+19
0.39347895228836E+11;0.2055922E+00;0.9118207E+19
0.39347895228861E+11;0.2080366E+00;0.9143521E+19
0.39347895228884E+11;0.2097850E+00;0.9168090E+19
0.39347895228908E+11;0.2120888E+00;0.9194253E+19
0.39347895228932E+11;0.2149491E+00;0.9218674E+19
0.39347895228955E+11;0.2192786E+00;0.9242622E+19
0.39347895228977E+11;0.2224952E+00;0.9265901E+19
0.39347895228999E+11;0.2257849E+00;0.9289028E+19
0.39347895229022E+11;0.2292290E+00;0.9313089E+19
0.39347895229045E+11;0.2325412E+00;0.9337399E+19
0.39347895229067E+11;0.2348228E+00;0.9361948E+19
0.39347895229075E+11;0.2352135E+00;0.9370814E+19
0.39347895229087E+11;0.2351773E+00;0.9384190E+19
0.39347895229105E+11;0.2372429E+00;0.9404354E+19
0.39347895229127E+11;0.2417828E+00;0.9428981E+19
0.39347895229148E+11;0.2460513E+00;0.9452961E+19
0.39347895229170E+11;0.2507445E+00;0.9476295E+19
0.39347895229191E+11;0.2551344E+00;0.9499290E+19
0.39347895229212E+11;0.2589878E+00;0.9522644E+19
0.39347895229233E+11;0.2616413E+00;0.9546391E+19
0.39347895229256E+11;0.2621629E+00;0.9571240E+19
0.39347895229276E+11;0.2607908E+00;0.9593597E+19
0.39347895229297E+11;0.2672547E+00;0.9616458E+19
0.39347895229317E+11;0.2728161E+00;0.9638184E+19
0.39347895229337E+11;0.2780423E+00;0.9659865E+19
0.39347895229357E+11;0.2822825E+00;0.9682154E+19
0.39347895229377E+11;0.2854214E+00;0.9705223E+19
0.39347895229384E+11;0.2861450E+00;0.9713350E+19
0.39347895229395E+11;0.2866956E+00;0.9725413E+19
0.39347895229412E+11;0.2858217E+00;0.9743137E+19
0.39347895229432E+11;0.2828102E+00;0.9763543E+19
0.39347895229451E+11;0.2896770E+00;0.9783147E+19
0.39347895229470E+11;0.2951688E+00;0.9801602E+19
0.39347895229488E+11;0.2994798E+00;0.9819747E+19
0.39347895229507E+11;0.3027512E+00;0.9839077E+19
0.39347895229514E+11;0.3035559E+00;0.9846252E+19
0.39347895229525E+11;0.3042299E+00;0.9857052E+19
0.39347895229541E+11;0.3035835E+00;0.9873266E+19
0.39347895229560E+11;0.2990447E+00;0.9892146E+19
0.39347895229579E+11;0.2998775E+00;0.9910568E+19
0.39347895229597E+11;0.3051118E+00;0.9927452E+19
0.39347895229614E+11;0.3090734E+00;0.9943495E+19
0.39347895229633E+11;0.3117466E+00;0.9959704E+19
0.39347895229653E+11;0.3121688E+00;0.9976830E+19
0.39347895229672E+11;0.3088089E+00;0.9991751E+19
0.39347895229691E+11;0.3001557E+00;0.1000644E+20
0.39347895229708E+11;0.3031176E+00;0.1001975E+20
0.39347895229726E+11;0.3070779E+00;0.1003272E+20
0.39347895229743E+11;0.3094799E+00;0.1004605E+20
0.39347895229763E+11;0.3093357E+00;0.1006072E+20
0.39347895229781E+11;0.3049584E+00;0.1007442E+20
0.39347895229800E+11;0.2949886E+00;0.1008779E+20
0.39347895229818E+11;0.2919068E+00;0.1009952E+20
0.39347895229836E+11;0.2953021E+00;0.1011033E+20
0.39347895229854E+11;0.2966552E+00;0.1012092E+20
0.39347895229874E+11;0.2942215E+00;0.1013181E+20
0.39347895229893E+11;0.2865575E+00;0.1014129E+20
0.39347895229912E+11;0.2739799E+00;0.1015006E+20
0.39347895229930E+11;0.2719282E+00;0.1015847E+20
0.39347895229948E+11;0.2743389E+00;0.1016716E+20
0.39347895229968E+11;0.2737937E+00;0.1017696E+20
0.39347895229990E+11;0.2677994E+00;0.1018757E+20
0.39347895230010E+11;0.2562757E+00;0.1019715E+20
0.39347895230029E+11;0.2422165E+00;0.1020578E+20
0.39347895230048E+11;0.2462419E+00;0.1021359E+20
0.39347895230068E+11;0.2485047E+00;0.1022122E+20
0.39347895230091E+11;0.2475208E+00;0.1022902E+20
0.39347895230115E+11;0.2405778E+00;0.1023651E+20
0.39347895230137E+11;0.2276413E+00;0.1024367E+20
0.39347895230158E+11;0.2162172E+00;0.1025112E+20
0.39347895230178E+11;0.2206254E+00;0.1025934E+20
0.39347895230200E+11;0.2237308E+00;0.1026890E+20
0.39347895230225E+11;0.2247220E+00;0.1027948E+20
0.39347895230234E+11;0.2241009E+00;0.1028320E+20
0.39347895230249E+11;0.2217081E+00;0.1028826E+20
0.39347895230270E+11;0.2139888E+00;0.1029466E+20
0.39347895230294E+11;0.1995858E+00;0.1030076E+20
0.39347895230316E+11;0.1980153E+00;0.1030667E+20
0.39347895230337E+11;0.2022159E+00;0.1031366E+20
0.39347895230361E+11;0.2051628E+00;0.1032281E+20
0.39347895230388E+11;0.2059272E+00;0.1033433E+20
0.39347895230420E+11;0.2008162E+00;0.1034676E+20
0.39347895230429E+11;0.1974191E+00;0.1034990E+20
0.39347895230443E+11;0.1905130E+00;0.1035406E+20
0.39347895230464E+11;0.1796862E+00;0.1035945E+20
0.39347895230487E+11;0.1850124E+00;0.1036507E+20
0.39347895230510E+11;0.1889362E+00;0.1037171E+20
0.39347895230536E+11;0.1914885E+00;0.1038064E+20
0.39347895230565E+11;0.1912612E+00;0.1039237E+20
0.39347895230596E+11;0.1843218E+00;0.1040448E+20
0.39347895230606E+11;0.1800534E+00;0.1040780E+20
0.39347895230621E+11;0.1717806E+00;0.1041218E+20
0.39347895230644E+11;0.1708574E+00;0.1041779E+20
0.39347895230667E+11;0.1756644E+00;0.1042343E+20
0.39347895230692E+11;0.1791383E+00;0.1043030E+20
0.39347895230720E+11;0.1808904E+00;0.1043971E+20
0.39347895230750E+11;0.1786873E+00;0.1045139E+20
0.39347895230780E+11;0.1689028E+00;0.1046246E+20
0.39347895230790E+11;0.1639650E+00;0.1046543E+20
0.39347895230804E+11;0.1584068E+00;0.1046940E+20
0.39347895230826E+11;0.1636645E+00;0.1047460E+20
0.39347895230850E+11;0.1681011E+00;0.1048028E+20
0.39347895230876E+11;0.1711400E+00;0.1048727E+20
0.39347895230905E+11;0.1719569E+00;0.1049675E+20
0.39347895230935E+11;0.1680685E+00;0.1050762E+20
0.39347895230965E+11;0.1562540E+00;0.1051799E+20
0.39347895230974E+11;0.1510377E+00;0.1052071E+20
0.39347895230988E+11;0.1527404E+00;0.1052440E+20
0.39347895231009E+11;0.1573983E+00;0.1052933E+20
0.39347895231034E+11;0.1616185E+00;0.1053516E+20
0.39347895231061E+11;0.1643201E+00;0.1054219E+20
0.39347895231089E+11;0.1644554E+00;0.1055092E+20
0.39347895231118E+11;0.1597618E+00;0.1056079E+20
0.39347895231147E+11;0.1475456E+00;0.1057036E+20
0.39347895231175E+11;0.1483721E+00;0.1057789E+20
0.39347895231200E+11;0.1533738E+00;0.1058377E+20
0.39347895231226E+11;0.1569555E+00;0.1058989E+20
0.39347895231253E+11;0.1587272E+00;0.1059714E+20
0.39347895231282E+11;0.1573415E+00;0.1060572E+20
0.39347895231310E+11;0.1502334E+00;0.1061491E+20
0.39347895231340E+11;0.1388069E+00;0.1062351E+20
0.39347895231366E+11;0.1451991E+00;0.1063014E+20
0.39347895231392E+11;0.1496808E+00;0.1063598E+20
0.39347895231418E+11;0.1526940E+00;0.1064236E+20
0.39347895231446E+11;0.1536091E+00;0.1064975E+20
0.39347895231474E+11;0.1508188E+00;0.1065814E+20
0.39347895231502E+11;0.1417556E+00;0.1066674E+20
0.39347895231531E+11;0.1363994E+00;0.1067445E+20
0.39347895231558E+11;0.1421830E+00;0.1068043E+20
0.39347895231584E+11;0.1462976E+00;0.1068614E+20
0.39347895231611E+11;0.1488159E+00;0.1069256E+20
0.39347895231638E+11;0.1489877E+00;0.1070001E+20
0.39347895231666E+11;0.1449967E+00;0.1070825E+20
0.39347895231694E+11;0.1352631E+00;0.1071638E+20
0.39347895231723E+11;0.1340129E+00;0.1072350E+20
0.39347895231749E+11;0.1393989E+00;0.1072907E+20
0.39347895231776E+11;0.1432107E+00;0.1073454E+20
0.39347895231803E+11;0.1453299E+00;0.1074078E+20
0.39347895231830E+11;0.1448752E+00;0.1074814E+20
0.39347895231858E+11;0.1398975E+00;0.1075621E+20
0.39347895231887E+11;0.1319311E+00;0.1076402E+20
0.39347895231915E+11;0.1318150E+00;0.1077081E+20
0.39347895231942E+11;0.1369077E+00;0.1077615E+20
0.39347895231968E+11;0.1404589E+00;0.1078143E+20
0.39347895231996E+11;0.1422331E+00;0.1078743E+20
0.39347895232023E+11;0.1412197E+00;0.1079453E+20
0.39347895232051E+11;0.1357562E+00;0.1080234E+20
0.39347895232080E+11;0.1297445E+00;0.1080989E+20
0.39347895232108E+11;0.1298196E+00;0.1081641E+20
0.39347895232135E+11;0.1346870E+00;0.1082164E+20
0.39347895232162E+11;0.1380188E+00;0.1082685E+20
0.39347895232189E+11;0.1394883E+00;0.1083267E+20
0.39347895232217E+11;0.1379704E+00;0.1083946E+20
0.39347895232245E+11;0.1328184E+00;0.1084691E+20
0.39347895232273E+11;0.1277928E+00;0.1085416E+20
0.39347895232302E+11;0.1280426E+00;0.1086040E+20
0.39347895232328E+11;0.1327272E+00;0.1086558E+20
0.39347895232355E+11;0.1358593E+00;0.1087077E+20
0.39347895232383E+11;0.1370575E+00;0.1087652E+20
0.39347895232411E+11;0.1350806E+00;0.1088308E+20
0.39347895232439E+11;0.1305107E+00;0.1089014E+20
0.39347895232468E+11;0.1261024E+00;0.1089702E+20
0.39347895232496E+11;0.1265015E+00;0.1090295E+20
0.39347895232523E+11;0.1310238E+00;0.1090807E+20
0.39347895232550E+11;0.1339672E+00;0.1091326E+20
0.39347895232578E+11;0.1349022E+00;0.1091901E+20
0.39347895232606E+11;0.1325322E+00;0.1092546E+20
0.39347895232634E+11;0.1286713E+00;0.1093221E+20
0.39347895232663E+11;0.1249238E+00;0.1093862E+20
0.39347895232691E+11;0.1251277E+00;0.1094419E+20
0.39347895232718E+11;0.1295105E+00;0.1094919E+20
0.39347895232745E+11;0.1322911E+00;0.1095436E+20
0.39347895232773E+11;0.1329917E+00;0.1096012E+20
0.39347895232801E+11;0.1304740E+00;0.1096652E+20
0.39347895232830E+11;0.1270759E+00;0.1097304E+20
0.39347895232858E+11;0.1238900E+00;0.1097905E+20
0.39347895232886E+11;0.1238888E+00;0.1098426E+20
0.39347895232913E+11;0.1281592E+00;0.1098907E+20
0.39347895232941E+11;0.1308037E+00;0.1099416E+20
0.39347895232969E+11;0.1313037E+00;0.1099992E+20
0.39347895232997E+11;0.1287568E+00;0.1100630E+20
0.39347895233025E+11;0.1257059E+00;0.1101267E+20
0.39347895233054E+11;0.1229891E+00;0.1101839E+20
0.39347895233082E+11;0.1227638E+00;0.1102327E+20
0.39347895233109E+11;0.1269423E+00;0.1102784E+20
0.39347895233137E+11;0.1294807E+00;0.1103280E+20
0.39347895233165E+11;0.1298218E+00;0.1103849E+20
0.39347895233193E+11;0.1273383E+00;0.1104483E+20
0.39347895233221E+11;0.1245399E+00;0.1105114E+20
0.39347895233250E+11;0.1222073E+00;0.1105667E+20
0.39347895233278E+11;0.1217396E+00;0.1106130E+20
0.39347895233305E+11;0.1258495E+00;0.1106563E+20
0.39347895233333E+11;0.1283075E+00;0.1107039E+20
0.39347895233361E+11;0.1285275E+00;0.1107597E+20
0.39347895233389E+11;0.1262166E+00;0.1108224E+20
0.39347895233417E+11;0.1236439E+00;0.1108850E+20
0.39347895233446E+11;0.1215298E+00;0.1109394E+20
0.39347895233474E+11;0.1208097E+00;0.1109840E+20
0.39347895233501E+11;0.1248708E+00;0.1110252E+20
0.39347895233529E+11;0.1272704E+00;0.1110707E+20
0.39347895233557E+11;0.1274024E+00;0.1111248E+20
0.39347895233585E+11;0.1252514E+00;0.1111863E+20
0.39347895233613E+11;0.1229011E+00;0.1112483E+20
0.39347895233642E+11;0.1209434E+00;0.1113025E+20
0.39347895233670E+11;0.1199690E+00;0.1113462E+20
0.39347895233697E+11;0.1239972E+00;0.1113858E+20
0.39347895233725E+11;0.1263568E+00;0.1114292E+20
0.39347895233753E+11;0.1264288E+00;0.1114813E+20
0.39347895233782E+11;0.1244242E+00;0.1115413E+20
0.39347895233810E+11;0.1222592E+00;0.1116024E+20
0.39347895233838E+11;0.1204368E+00;0.1116565E+20
0.39347895233866E+11;0.1192130E+00;0.1117000E+20
0.39347895233894E+11;0.1232208E+00;0.1117385E+20
0.39347895233922E+11;0.1255552E+00;0.1117802E+20
0.39347895233950E+11;0.1255895E+00;0.1118302E+20
0.39347895233978E+11;0.1237177E+00;0.1118883E+20
0.39347895234007E+11;0.1217059E+00;0.1119483E+20
0.39347895234035E+11;0.1200001E+00;0.1120022E+20
0.39347895234063E+11;0.1185381E+00;0.1120459E+20
0.39347895234091E+11;0.1225348E+00;0.1120837E+20
0.39347895234119E+11;0.1248550E+00;0.1121241E+20
0.39347895234147E+11;0.1248685E+00;0.1121722E+20
0.39347895234175E+11;0.1231163E+00;0.1122283E+20
0.39347895234203E+11;0.1212308E+00;0.1122869E+20
0.39347895234232E+11;0.1196253E+00;0.1123404E+20
0.39347895234260E+11;0.1179412E+00;0.1123843E+20
0.39347895234288E+11;0.1219332E+00;0.1124220E+20
0.39347895234316E+11;0.1242470E+00;0.1124613E+20
0.39347895234344E+11;0.1242514E+00;0.1125078E+20
0.39347895234372E+11;0.1226058E+00;0.1125621E+20
0.39347895234400E+11;0.1208249E+00;0.1126189E+20
0.39347895234429E+11;0.1193057E+00;0.1126718E+20
0.39347895234457E+11;0.1176466E+00;0.1127158E+20
0.39347895234485E+11;0.1214108E+00;0.1127536E+20
0.39347895234513E+11;0.1237228E+00;0.1127923E+20
0.39347895234541E+11;0.1237246E+00;0.1128375E+20
0.39347895234569E+11;0.1221739E+00;0.1128900E+20
0.39347895234598E+11;0.1204804E+00;0.1129452E+20
0.39347895234626E+11;0.1190356E+00;0.1129970E+20
0.39347895234655E+11;0.1174313E+00;0.1130409E+20
0.39347895234682E+11;0.1209622E+00;0.1130789E+20
0.39347895234710E+11;0.1232740E+00;0.1131172E+20
0.39347895234739E+11;0.1232753E+00;0.1131611E+20
0.39347895234767E+11;0.1218084E+00;0.1132116E+20
0.39347895234795E+11;0.1201894E+00;0.1132642E+20
0.39347895234824E+11;0.1188083E+00;0.1133130E+20
0.39347895234852E+11;0.1172491E+00;0.1133526E+20
0.39347895234880E+11;0.1205527E+00;0.1133829E+20
0.39347895234908E+11;0.1228353E+00;0.1134065E+20
0.39347895234936E+11;0.1227825E+00;0.1134263E+20
0.39347895234965E+11;0.1213533E+00;0.1134434E+20
0.39347895234993E+11;0.1197805E+00;0.1134561E+20
0.39347895235022E+11;0.1184098E+00;0.1134626E+20
0.39347895235050E+11;0.1168531E+00;0.1134623E+20
0.39347895235078E+11;0.1185800E+00;0.1134561E+20
0.39347895235106E+11;0.1204132E+00;0.1134450E+20
0.39347895235134E+11;0.1199508E+00;0.1134303E+20
0.39347895235163E+11;0.1184184E+00;0.1134109E+20
0.39347895235191E+11;0.1169903E+00;0.1133815E+20
0.39347895235220E+11;0.1155568E+00;0.1133357E+20
0.39347895235249E+11;0.1139932E+00;0.1132718E+20
0.39347895235277E+11;0.1120620E+00;0.1131898E+20
0.39347895235305E+11;0.1110853E+00;0.1130892E+20
0.39347895235334E+11;0.1097974E+00;0.1129727E+20
0.39347895235362E+11;0.1079952E+00;0.1128413E+20
0.39347895235391E+11;0.1068609E+00;0.1126941E+20
0.39347895235421E+11;0.1047680E+00;0.1125281E+20
0.39347895235450E+11;0.1036858E+00;0.1123464E+20
0.39347895235479E+11;0.1014977E+00;0.1121518E+20
0.39347895235509E+11;0.1006574E+00;0.1119413E+20
0.39347895235538E+11;0.9799378E-01;0.1117180E+20
0.39347895235568E+11;0.9763413E-01;0.1114813E+20
0.39347895235598E+11;0.9409705E-01;0.1112275E+20
0.39347895235628E+11;0.9416127E-01;0.1109486E+20
0.39347895235658E+11;0.9188439E-01;0.1106465E+20
0.39347895235689E+11;0.8962322E-01;0.1103137E+20
0.39347895235719E+11;0.8932712E-01;0.1099541E+20
0.39347895235750E+11;0.8524840E-01;0.1095630E+20
0.39347895235781E+11;0.8489389E-01;0.1091534E+20
0.39347895235812E+11;0.8385365E-01;0.1087165E+20
0.39347895235844E+11;0.7953178E-01;0.1082631E+20
0.39347895235875E+11;0.7937352E-01;0.1077950E+20
0.39347895235907E+11;0.7814179E-01;0.1072828E+20
0.39347895235939E+11;0.7262902E-01;0.1067511E+20
0.39347895235971E+11;0.7301658E-01;0.1062054E+20
0.39347895236003E+11;0.7224841E-01;0.1056367E+20
0.39347895236036E+11;0.6750061E-01;0.1050446E+20
0.39347895236068E+11;0.6549536E-01;0.1044590E+20
0.39347895236101E+11;0.6560907E-01;0.1038456E+20
0.39347895236135E+11;0.6236925E-01;0.1032064E+20
0.39347895236168E+11;0.5627236E-01;0.1025754E+20
0.39347895236201E+11;0.5755524E-01;0.1019212E+20
0.39347895236237E+11;0.5615536E-01;0.1012122E+20
0.39347895236270E+11;0.5088490E-01;0.1005255E+20
0.39347895236305E+11;0.4725293E-01;0.9980488E+19
0.39347895236339E+11;0.4776859E-01;0.9906233E+19
0.39347895236374E+11;0.4548685E-01;0.9828031E+19
0.39347895236408E+11;0.3912183E-01;0.9749451E+19
0.39347895236445E+11;0.3598307E-01;0.9665477E+19
0.39347895236480E+11;0.3622211E-01;0.9582573E+19
0.39347895236516E+11;0.3365055E-01;0.9496337E+19
0.39347895236552E+11;0.2709943E-01;0.9410348E+19
0.39347895236589E+11;0.2240170E-01;0.9318290E+19
0.39347895236626E+11;0.2253703E-01;0.9227541E+19
0.39347895236664E+11;0.2020926E-01;0.9135873E+19
0.39347895236700E+11;0.1433207E-01;0.9045470E+19
0.39347895236740E+11;0.7560443E-02;0.8948939E+19
0.39347895236778E+11;0.5783014E-02;0.8853824E+19
0.39347895236817E+11;0.4213462E-02;0.8758551E+19
0.39347895236855E+11;-0.4475568E-03;0.8663143E+19
0.39347895236895E+11;-0.8746437E-02;0.8564049E+19
0.39347895236936E+11;-0.1592114E-01;0.8463788E+19
0.39347895236979E+11;-0.1627935E-01;0.8355844E+19
0.39347895237020E+11;-0.1968748E-01;0.8252034E+19
0.39347895237061E+11;-0.2661342E-01;0.8147464E+19
0.39347895237104E+11;-0.3694178E-01;0.8038916E+19
0.39347895237149E+11;-0.4426180E-01;0.7923426E+19
0.39347895237198E+11;-0.4623152E-01;0.7800044E+19
0.39347895237242E+11;-0.5145073E-01;0.7685292E+19
0.39347895237288E+11;-0.6067313E-01;0.7567880E+19
0.39347895237336E+11;-0.7524631E-01;0.7444700E+19
0.39347895237388E+11;-0.7897607E-01;0.7311207E+19
0.39347895237442E+11;-0.8438262E-01;0.7171007E+19
0.39347895237492E+11;-0.9320391E-01;0.7042999E+19
0.39347895237544E+11;-0.1068352E+00;0.6910758E+19
0.39347895237600E+11;-0.1243107E+00;0.6768183E+19
0.39347895237661E+11;-0.1295265E+00;0.6614971E+19
0.39347895237724E+11;-0.1397606E+00;0.6456994E+19
0.39347895237784E+11;-0.1541534E+00;0.6308520E+19
0.39347895237846E+11;-0.1750089E+00;0.6155422E+19
0.39347895237913E+11;-0.1966340E+00;0.5993323E+19
0.39347895237985E+11;-0.2097574E+00;0.5821988E+19
0.39347895238059E+11;-0.2257627E+00;0.5646057E+19
0.39347895238137E+11;-0.2479694E+00;0.5465685E+19
0.39347895238217E+11;-0.2774739E+00;0.5283475E+19
0.39347895238301E+11;-0.2992382E+00;0.5096957E+19
0.39347895238387E+11;-0.3213963E+00;0.4908996E+19
0.39347895238476E+11;-0.3496173E+00;0.4718455E+19
0.39347895238577E+11;-0.3868277E+00;0.4510292E+19
0.39347895238677E+11;-0.4215892E+00;0.4306908E+19
0.39347895238777E+11;-0.4579751E+00;0.4112580E+19
0.39347895238885E+11;-0.4873599E+00;0.3907616E+19
0.39347895238990E+11;-0.5194460E+00;0.3715851E+19
0.39347895239104E+11;-0.5576749E+00;0.3515664E+19
0.39347895239219E+11;-0.5989042E+00;0.3322693E+19
0.39347895239349E+11;-0.6491528E+00;0.3113107E+19
0.39347895239490E+11;-0.6933794E+00;0.2898499E+19
0.39347895239637E+11;-0.7360551E+00;0.2686871E+19
0.39347895239785E+11;-0.7807600E+00;0.2487596E+19
0.39347895239940E+11;-0.8300724E+00;0.2291252E+19
0.39347895240115E+11;-0.8853322E+00;0.2087949E+19
0.39347895240306E+11;-0.9378145E+00;0.1883695E+19
0.39347895240523E+11;-0.9950943E+00;0.1676491E+19
0.39347895240761E+11;-0.1052020E+01;0.1475732E+19
0.39347895241022E+11;-0.1112271E+01;0.1285267E+19
0.39347895241299E+11;-0.1170048E+01;0.1113719E+19
0.39347895241601E+11;-0.1228819E+01;0.9576084E+18
0.39347895241949E+11;-0.1283486E+01;0.8113808E+18
0.39347895242372E+11;-0.1348720E+01;0.6721086E+18
0.39347895242846E+11;-0.1414255E+01;0.5537836E+18
0.39347895243391E+11;-0.1487368E+01;0.4527762E+18
0.39347895244010E+11;-0.1548281E+01;0.3694275E+18
0.39347895244747E+11;-0.1609418E+01;0.2983050E+18
0.39347895245667E+11;-0.1679925E+01;0.2367439E+18
0.39347895246778E+11;-0.1755290E+01;0.1866444E+18
0.39347895248126E+11;-0.1835949E+01;0.1463690E+18
0.39347895249735E+11;-0.1919689E+01;0.1149438E+18
0.39347895251648E+11;-0.2005189E+01;0.9062338E+17
0.39347895253951E+11;-0.2092574E+01;0.7165623E+17
0.39347895256710E+11;-0.2180680E+01;0.5698650E+17
0.39347895260041E+11;-0.2269727E+01;0.4556093E+17
0.39347895264083E+11;-0.2359760E+01;0.3662698E+17
0.39347895269007E+11;-0.2450555E+01;0.2960544E+17
0.39347895275024E+11;-0.2512674E+01;0.2404809E+17
0.39347895282400E+11;-0.2583289E+01;0.1960551E+17
0.39347895291479E+11;-0.2667008E+01;0.1600590E+17
0.39347895302718E+11;-0.2757587E+01;0.1304333E+17
0.39347895316715E+11;-0.2845154E+01;0.1057826E+17
0.39347895333160E+11;-0.2931842E+01;0.8630133E+16
0.39347895353387E+11;-0.3021507E+01;0.7015816E+16
0.39347895378179E+11;-0.3111904E+01;0.5695385E+16
0.39347895408644E+11;-0.3202919E+01;0.4621352E+16
0.39347895446143E+11;-0.3294555E+01;0.3752675E+16
0.39347895492348E+11;-0.3386254E+01;0.3053501E+16
0.39347895549372E+11;-0.3478297E+01;0.2492302E+16
0.39347895619697E+11;-0.3570594E+01;0.2043283E+16
0.39347895706567E+11;-0.3656972E+01;0.1683523E+16
0.39347895814121E+11;-0.3727996E+01;0.1394089E+16
0.39347895947354E+11;-0.3796140E+01;0.1159975E+16
0.39347896111962E+11;-0.3866101E+01;0.9693330E+15
0.39347896317027E+11;-0.3946210E+01;0.8108426E+15
0.39347896570468E+11;-0.4039817E+01;0.6780856E+15
0.39347896885259E+11;-0.4135193E+01;0.5649252E+15
0.39347897233892E+11;-0.4215084E+01;0.4773654E+15
0.39347897659363E+11;-0.4295946E+01;0.4021721E+15
0.39347898177587E+11;-0.4377641E+01;0.3386182E+15
0.39347898809850E+11;-0.4456011E+01;0.2854567E+15
0.39347899581278E+11;-0.4528537E+01;0.2413659E+15
0.39347900523536E+11;-0.4595139E+01;0.2048963E+15
0.39347901675806E+11;-0.4658713E+01;0.1746443E+15
0.39347903084070E+11;-0.4725649E+01;0.1493591E+15
0.39347904805802E+11;-0.4805879E+01;0.1278978E+15
0.39347906742145E+11;-0.4888505E+01;0.1106280E+15
0.39347909051114E+11;-0.4970516E+01;0.9557643E+14
0.39347911604506E+11;-0.5037122E+01;0.8334496E+14
0.39347914688375E+11;-0.5099110E+01;0.7254427E+14
0.39347918358133E+11;-0.5158443E+01;0.6327785E+14
0.39347922740275E+11;-0.5215860E+01;0.5533280E+14
0.39347927966402E+11;-0.5276615E+01;0.4849642E+14
0.39347933955855E+11;-0.5346681E+01;0.4274002E+14
0.39347940950090E+11;-0.5421218E+01;0.3769798E+14
0.39347949040606E+11;-0.5494416E+01;0.3328809E+14
0.39347957912903E+11;-0.5547833E+01;0.2962231E+14
0.39347968432454E+11;-0.5597918E+01;0.2634180E+14
0.39347980730824E+11;-0.5649462E+01;0.2346589E+14
0.39347995115786E+11;-0.5707804E+01;0.2093200E+14
0.39348011641540E+11;-0.5775704E+01;0.1871166E+14
0.39348031039634E+11;-0.5845149E+01;0.1670472E+14
0.39348051879046E+11;-0.5901727E+01;0.1503252E+14
0.39348075834599E+11;-0.5943834E+01;0.1353732E+14
0.39348103596368E+11;-0.5991456E+01;0.1219374E+14
0.39348135760643E+11;-0.6049767E+01;0.1098235E+14
0.39348173043743E+11;-0.6114901E+01;0.9880597E+13
0.39348215858900E+11;-0.6179751E+01;0.8882564E+13
0.39348260845671E+11;-0.6217551E+01;0.8049045E+13
0.39348313335823E+11;-0.6260627E+01;0.7272787E+13
0.39348373402851E+11;-0.6316300E+01;0.6563312E+13
0.39348442447202E+11;-0.6377677E+01;0.5907204E+13
0.39348519971043E+11;-0.6435548E+01;0.5311947E+13
0.39348603284304E+11;-0.6468102E+01;0.4794319E+13
0.39348699405293E+11;-0.6515100E+01;0.4312676E+13
0.39348808868832E+11;-0.6573240E+01;0.3872317E+13
0.39348933988813E+11;-0.6632228E+01;0.3469156E+13
0.39349065921544E+11;-0.6664410E+01;0.3128409E+13
0.39349217698162E+11;-0.6709733E+01;0.2814904E+13
0.39349389814661E+11;-0.6766172E+01;0.2532538E+13
0.39349584766323E+11;-0.6819370E+01;0.2278782E+13
0.39349791901506E+11;-0.6850652E+01;0.2063385E+13
0.39350029310874E+11;-0.6901768E+01;0.1865325E+13
0.39350297584151E+11;-0.6957226E+01;0.1686277E+13
0.39350584309919E+11;-0.6990805E+01;0.1532397E+13
0.39350909829569E+11;-0.7037007E+01;0.1391329E+13
0.39351277184336E+11;-0.7091376E+01;0.1263019E+13
0.39351672081839E+11;-0.7126250E+01;0.1151412E+13
0.39352118142371E+11;-0.7172643E+01;0.1049050E+13
0.39352621247481E+11;-0.7226426E+01;0.9554599E+12
0.39353159676184E+11;-0.7258617E+01;0.8739475E+12
0.39353772669075E+11;-0.7309315E+01;0.7982248E+12
0.39354450793620E+11;-0.7352159E+01;0.7299231E+12
0.39355194561219E+11;-0.7394419E+01;0.6686587E+12
0.39356038103408E+11;-0.7446619E+01;0.6118142E+12
0.39356946652983E+11;-0.7481759E+01;0.5616175E+12
0.39357982005646E+11;-0.7534343E+01;0.5146459E+12
0.39359100387821E+11;-0.7570649E+01;0.4729317E+12
0.39360375620682E+11;-0.7622704E+01;0.4337849E+12
0.39361760699890E+11;-0.7660517E+01;0.3987723E+12
0.39363342906364E+11;-0.7710988E+01;0.3658284E+12
0.39365072478384E+11;-0.7752140E+01;0.3361760E+12
0.39367003461871E+11;-0.7797557E+01;0.3088719E+12
0.39369193783890E+11;-0.7845452E+01;0.2833826E+12
0.39371622953886E+11;-0.7888585E+01;0.2601543E+12
0.39374358442951E+11;-0.7935954E+01;0.2386872E+12
0.39377496396686E+11;-0.7984038E+01;0.2185738E+12
0.39381029928136E+11;-0.8029791E+01;0.2001614E+12
0.39385054131694E+11;-0.8077289E+01;0.1831749E+12
0.39389659258056E+11;-0.8125793E+01;0.1674962E+12
0.39394966430322E+11;-0.8174711E+01;0.1529873E+12
0.39401126905840E+11;-0.8223063E+01;0.1395308E+12
0.39408335058851E+11;-0.8272266E+01;0.1270227E+12
0.39416779099167E+11;-0.8321756E+01;0.1154559E+12
0.39425845899063E+11;-0.8363816E+01;0.1056212E+12
0.39437141982686E+11;-0.8408408E+01;0.9596959E+11
0.39448618207256E+11;-0.8447671E+01;0.8823475E+11
0.39459635724233E+11;-0.8481052E+01;0.8220942E+11
0.39471802438334E+11;-0.8513889E+01;0.7672792E+11
0.39485571573003E+11;-0.8547173E+01;0.7162877E+11
0.39499264334580E+11;-0.8576967E+01;0.6742454E+11
0.39513659264430E+11;-0.8605297E+01;0.6370237E+11
0.39528401649811E+11;-0.8631798E+01;0.6045254E+11
0.39543756921084E+11;-0.8657114E+01;0.5753253E+11
0.39560877765664E+11;-0.8682901E+01;0.5471220E+11
0.39567112307950E+11;-0.8691741E+01;0.5377924E+11
0.39576464121377E+11;-0.8704509E+01;0.5246057E+11
0.39590491841519E+11;-0.8722639E+01;0.5064252E+11
0.39609092863063E+11;-0.8744982E+01;0.4848294E+11
0.39627676544184E+11;-0.8765583E+01;0.4656564E+11
0.39649190065195E+11;-0.8787429E+01;0.4459872E+11
0.39669225668314E+11;-0.8804470E+01;0.4297561E+11
0.39690193993691E+11;-0.8820326E+01;0.4146282E+11
0.39711884838234E+11;-0.8835367E+01;0.4007260E+11
0.39733932379633E+11;-0.8849481E+01;0.3881950E+11
0.39757741963758E+11;-0.8863572E+01;0.3762443E+11
0.39780909435104E+11;-0.8876265E+01;0.3659891E+11
0.39804697437865E+11;-0.8888356E+01;0.3566853E+11
0.39829099114358E+11;-0.8899844E+01;0.3482555E+11
0.39854107606363E+11;-0.8910749E+01;0.3406233E+11
0.39880294556103E+11;-0.8921309E+01;0.3335682E+11
0.39906440788343E+11;-0.8931018E+01;0.3273394E+11
0.39933052839748E+11;-0.8940113E+01;0.3217099E+11
0.39960167442544E+11;-0.8948639E+01;0.3166066E+11
0.39987457023353E+11;-0.8956473E+01;0.3120267E+11
0.40015257100419E+11;-0.8963769E+01;0.3078453E+11
0.40042535599848E+11;-0.8970279E+01;0.3041517E+11
0.40071836412966E+11;-0.8976587E+01;0.3005778E+11
0.40099552804619E+11;-0.8981941E+01;0.2975133E+11
0.40128479282468E+11;-0.8986921E+01;0.2945968E+11
0.40156647403273E+11;-0.8991189E+01;0.2920193E+11
0.40186010546488E+11;-0.8995048E+01;0.2896060E+11
0.40216331373786E+11;-0.8998370E+01;0.2874106E+11
0.40245241215824E+11;-0.9000497E+01;0.2856044E+11
0.40273746503977E+11;-0.9000578E+01;0.2841030E+11
0.40301043824825E+11;-0.9000648E+01;0.2829313E+11
0.40327914204215E+11;-0.9000711E+01;0.2820368E+11
0.40355917671099E+11;-0.9000771E+01;0.2813693E+11
0.40385140640338E+11;-0.9000829E+01;0.2809290E+11
0.40413765668104E+11;-0.9000880E+01;0.2807167E+11
0.40442359064301E+11;-0.9000927E+01;0.2807022E+11
0.40470539113326E+11;-0.9000970E+01;0.2808621E+11
0.40498432992453E+11;-0.9001008E+01;0.2811558E+11
0.40526577595777E+11;-0.9001044E+01;0.2815487E+11
0.40555266353792E+11;-0.9001077E+01;0.2820238E+11
0.40584141698747E+11;-0.9001108E+01;0.2825673E+11
0.40612490700154E+11;-0.9001136E+01;0.2831602E+11
0.40640155501136E+11;-0.9001161E+01;0.2837877E+11
0.40667811367177E+11;-0.9001184E+01;0.2844529E+11
0.40696225644334E+11;-0.9001205E+01;0.2851820E+11
0.40725266280521E+11;-0.9001225E+01;0.2860014E+11
0.40753868002683E+11;-0.9001243E+01;0.2869086E+11
0.40781320813152E+11;-0.9001259E+01;0.2878739E+11
0.40808252548556E+11;-0.9001273E+01;0.2889051E+11
0.40835997061794E+11;-0.9001287E+01;0.2900605E+11
0.40865031660221E+11;-0.9001299E+01;0.2913779E+11
0.40893749305331E+11;-0.9001310E+01;0.2927820E+11
0.40921295424922E+11;-0.9001320E+01;0.2941997E+11
0.40947822305746E+11;-0.9001328E+01;0.2956144E+11
0.40974727245633E+11;-0.9001336E+01;0.2971001E+11
0.41003105101326E+11;-0.9001343E+01;0.2987295E+11
0.41031890573032E+11;-0.9001350E+01;0.3004314E+11
0.41058793807322E+11;-0.9001355E+01;0.3020431E+11
0.41085246071718E+11;-0.9001359E+01;0.3036417E+11
0.41112388463732E+11;-0.9001363E+01;0.3052991E+11
0.41140591164702E+11;-0.9001367E+01;0.3070502E+11
0.41168212541382E+11;-0.9001370E+01;0.3087916E+11
0.41194130035573E+11;-0.9001372E+01;0.3104403E+11
0.41220524680811E+11;-0.9001373E+01;0.3121513E+11
0.41248057394762E+11;-0.9001375E+01;0.3140044E+11
0.41276397940521E+11;-0.9001376E+01;0.3159915E+11
0.41301946802461E+11;-0.9001376E+01;0.3178403E+11
0.41327588244930E+11;-0.9001376E+01;0.3197465E+11
0.41354273362220E+11;-0.9001376E+01;0.3217842E+11
0.41382592272538E+11;-0.9001375E+01;0.3240012E+11
0.41408369102124E+11;-0.9001374E+01;0.3260640E+11
0.41433396030375E+11;-0.9001372E+01;0.3280917E+11
0.41459451753025E+11;-0.9001371E+01;0.3302137E+11
0.41486096328673E+11;-0.9001369E+01;0.3324063E+11
0.41512986819365E+11;-0.9001367E+01;0.3346400E+11
0.41537382495130E+11;-0.9001364E+01;0.3366666E+11
0.41563554141196E+11;-0.9001362E+01;0.3388383E+11
0.41588406305097E+11;-0.9001359E+01;0.3409094E+11
0.41615322039339E+11;-0.9001356E+01;0.3431730E+11
0.41639781736056E+11;-0.9001353E+01;0.3452607E+11
0.41664047445907E+11;-0.9001350E+01;0.3473773E+11
0.41689517746134E+11;-0.9001346E+01;0.3496521E+11
0.41714486818896E+11;-0.9001343E+01;0.3519339E+11
0.41739760916253E+11;-0.9001339E+01;0.3542910E+11
0.41763163182647E+11;-0.9001335E+01;0.3565055E+11
0.41788697661187E+11;-0.9001331E+01;0.3589419E+11
0.41813363905811E+11;-0.9001327E+01;0.3613116E+11
0.41837728763448E+11;-0.9001323E+01;0.3636684E+11
0.41861186182296E+11;-0.9001318E+01;0.3659489E+11
0.41884871497384E+11;-0.9001314E+01;0.3682735E+11
0.41910573082629E+11;-0.9001309E+01;0.3708305E+11
0.41933790693130E+11;-0.9001305E+01;0.3731549E+11
0.41957668168652E+11;-0.9001300E+01;0.3755465E+11
0.41980191181667E+11;-0.9001296E+01;0.3778130E+11
0.42005414180073E+11;-0.9001290E+01;0.3803763E+11
0.42028874206465E+11;-0.9001286E+01;0.3827931E+11
0.42051863382694E+11;-0.9001281E+01;0.3851966E+11
0.42074240391727E+11;-0.9001276E+01;0.3875784E+11
0.42097709623110E+11;-0.9001271E+01;0.3901373E+11
0.42121578321699E+11;-0.9001266E+01;0.3928014E+11
0.42144455912286E+11;-0.9001260E+01;0.3953790E+11
0.42166930758022E+11;-0.9001255E+01;0.3979042E+11
0.42188837671413E+11;-0.9001250E+01;0.4003613E+11
0.42212697255068E+11;-0.9001245E+01;0.4030516E+11
0.42235534331088E+11;-0.9001239E+01;0.4056424E+11
0.42257703529564E+11;-0.9001234E+01;0.4081633E+11
0.42279091267091E+11;-0.9001229E+01;0.4106103E+11
0.42302289711110E+11;-0.9001223E+01;0.4133114E+11
0.42324748576536E+11;-0.9001217E+01;0.4159732E+11
0.42346934254068E+11;-0.9001212E+01;0.4186168E+11
0.42367788587821E+11;-0.9001206E+01;0.4211114E+11
0.42389697934386E+11;-0.9001201E+01;0.4237627E+11
0.42412523096998E+11;-0.9001195E+01;0.4265860E+11
0.42434026735447E+11;-0.9001189E+01;0.4292999E+11
0.42454795374827E+11;-0.9001184E+01;0.4319434E+11
0.42475757050837E+11;-0.9001178E+01;0.4346284E+11
0.42498239208986E+11;-0.9001172E+01;0.4375360E+11
0.42519517464103E+11;-0.9001166E+01;0.4403042E+11
0.42540049426638E+11;-0.9001161E+01;0.4429636E+11
0.42560011652340E+11;-0.9001155E+01;0.4455355E+11
0.42581495813721E+11;-0.9001149E+01;0.4483297E+11
0.42603378799251E+11;-0.9001143E+01;0.4512383E+11
0.42623493800305E+11;-0.9001138E+01;0.4539517E+11
0.42642918706691E+11;-0.9001132E+01;0.4565962E+11
0.42663988328774E+11;-0.9001126E+01;0.4595018E+11
0.42685107696793E+11;-0.9001120E+01;0.4624669E+11
0.42705294141970E+11;-0.9001114E+01;0.4653499E+11
0.42724417335861E+11;-0.9001108E+01;0.4681052E+11
0.42744330512842E+11;-0.9001102E+01;0.4709874E+11
0.42764706839567E+11;-0.9001096E+01;0.4739669E+11
0.42784790555153E+11;-0.9001090E+01;0.4769378E+11
0.42803746064758E+11;-0.9001085E+01;0.4797437E+11
0.42822531155253E+11;-0.9001079E+01;0.4825147E+11
0.42842126368047E+11;-0.9001073E+01;0.4854206E+11
0.42862083868937E+11;-0.9001067E+01;0.4884171E+11
0.42881064376766E+11;-0.9001061E+01;0.4912959E+11
0.42899236924024E+11;-0.9001055E+01;0.4940805E+11
0.42918432981005E+11;-0.9001049E+01;0.4970600E+11
0.42937795884210E+11;-0.9001043E+01;0.5001168E+11
0.42956861421637E+11;-0.9001037E+01;0.5031893E+11
0.42974503309101E+11;-0.9001031E+01;0.5060704E+11
0.42993483303682E+11;-0.9001025E+01;0.5091837E+11
0.43011762085465E+11;-0.9001019E+01;0.5122004E+11
0.43030196088927E+11;-0.9001013E+01;0.5152509E+11
0.43047669179174E+11;-0.9001007E+01;0.5181395E+11
0.43065627918296E+11;-0.9001001E+01;0.5211248E+11
0.43083752286275E+11;-0.9000995E+01;0.5241673E+11
0.43101867806021E+11;-0.9000989E+01;0.5272360E+11
0.43119168771923E+11;-0.9000983E+01;0.5301895E+11
0.43136330469210E+11;-0.9000977E+01;0.5331482E+11
0.43154533889223E+11;-0.9000971E+01;0.5363295E+11
0.43171863885082E+11;-0.9000965E+01;0.5394115E+11
0.43188930772608E+11;-0.9000959E+01;0.5425123E+11
0.43205343335100E+11;-0.9000953E+01;0.5455588E+11
0.43223331466127E+11;-0.9000947E+01;0.5489477E+11
0.43240594262653E+11;-0.9000941E+01;0.5522178E+11
0.43257284831005E+11;-0.9000934E+01;0.5553734E+11
0.43273291521173E+11;-0.9000929E+01;0.5584105E+11
0.43290719196688E+11;-0.9000922E+01;0.5617739E+11
0.43307505820917E+11;-0.9000916E+01;0.5650802E+11
0.43324023454197E+11;-0.9000910E+01;0.5683711E+11
0.43339653643332E+11;-0.9000904E+01;0.5715083E+11
0.43356196099577E+11;-0.9000898E+01;0.5748861E+11
0.43372682243223E+11;-0.9000892E+01;0.5783379E+11
0.43388530875364E+11;-0.9000886E+01;0.5817334E+11
0.43403928146570E+11;-0.9000880E+01;0.5851081E+11
0.43419544858171E+11;-0.9000874E+01;0.5886053E+11
0.43435331186580E+11;-0.9000867E+01;0.5922039E+11
0.43451180097060E+11;-0.9000861E+01;0.5958404E+11
0.43466229600084E+11;-0.9000855E+01;0.5992914E+11
0.43481231925200E+11;-0.9000849E+01;0.6027703E+11
0.43496910535314E+11;-0.9000842E+01;0.6064824E+11
0.43511765158469E+11;-0.9000836E+01;0.6100508E+11
0.43526340382152E+11;-0.9000830E+01;0.6135679E+11
0.43540581612569E+11;-0.8998323E+01;0.6170189E+11
0.43555289447729E+11;-0.8996897E+01;0.6206507E+11
0.43569824821592E+11;-0.8991548E+01;0.6243334E+11
0.43584187988968E+11;-0.8986668E+01;0.6280190E+11
0.43597801682087E+11;-0.8981231E+01;0.6315253E+11
0.43612195230207E+11;-0.8979276E+01;0.6352592E+11
0.43626148880847E+11;-0.8975976E+01;0.6389132E+11
0.43639815454280E+11;-0.8968692E+01;0.6424863E+11
0.43653070456617E+11;-0.8964568E+01;0.6459144E+11
0.43666702116252E+11;-0.8962083E+01;0.6494152E+11
0.43679931513675E+11;-0.8957067E+01;0.6528097E+11
0.43693378011899E+11;-0.8953604E+01;0.6562570E+11
0.43706251949253E+11;-0.8948390E+01;0.6595422E+11
0.43719381633514E+11;-0.8946296E+01;0.6628761E+11
0.43732261886498E+11;-0.8942859E+01;0.6661402E+11
0.43744871537473E+11;-0.8937518E+01;0.6693381E+11
0.43757458248016E+11;-0.8934550E+01;0.6725223E+11
0.43769997958413E+11;-0.8931654E+01;0.6756672E+11
0.43782539429709E+11;-0.8928173E+01;0.6787957E+11
0.43794808571453E+11;-0.8925371E+01;0.6818263E+11
0.43806931289149E+11;-0.8921663E+01;0.6847470E+11
0.43819083971048E+11;-0.8920069E+01;0.6876002E+11
0.43831499551678E+11;-0.8915930E+01;0.6904808E+11
0.43843607457352E+11;-0.8913628E+01;0.6932898E+11
0.43855442935619E+11;-0.8911243E+01;0.6960255E+11
0.43867167479226E+11;-0.8907665E+01;0.6987176E+11
0.43878749823017E+11;-0.8906454E+01;0.7013770E+11
0.43890848723894E+11;-0.8902918E+01;0.7041810E+11
0.43902607852428E+11;-0.8901297E+01;0.7069667E+11
0.43914128968664E+11;-0.8898942E+01;0.7097701E+11
0.43925580595581E+11;-0.8895090E+01;0.7126032E+11
0.43936748141383E+11;-0.8893521E+01;0.7153897E+11
0.43948460130085E+11;-0.8890151E+01;0.7183583E+11
0.43959914191139E+11;-0.8888048E+01;0.7213517E+11
0.43971160852089E+11;-0.8885548E+01;0.7244257E+11
0.43982375024361E+11;-0.8880919E+01;0.7276508E+11
0.43993201952143E+11;-0.8877909E+01;0.7309120E+11
0.44004486609858E+11;-0.8875694E+01;0.7344876E+11
0.44015767162223E+11;-0.8872179E+01;0.7383269E+11
0.44026660752381E+11;-0.8866915E+01;0.7423589E+11
0.44037553484802E+11;-0.8860799E+01;0.7467134E+11
0.44047994306024E+11;-0.8852166E+01;0.7511726E+11
0.44058461860774E+11;-0.8843754E+01;0.7559650E+11
0.44068878960263E+11;-0.8836689E+01;0.7611110E+11
0.44079102201316E+11;-0.8829137E+01;0.7665688E+11
0.44089278897068E+11;-0.8820978E+01;0.7724502E+11
0.44099108070536E+11;-0.8812929E+01;0.7786009E+11
0.44108646932588E+11;-0.8803032E+01;0.7850698E+11
0.44118020383828E+11;-0.8797319E+01;0.7919801E+11
0.44127481791186E+11;-0.8790255E+01;0.7996183E+11
0.44137253818159E+11;-0.8781864E+01;0.8083226E+11
0.44146190873923E+11;-0.8774439E+01;0.8171078E+11
0.44154967544702E+11;-0.8764821E+01;0.8266194E+11
0.44163497735874E+11;-0.8758643E+01;0.8368367E+11
0.44172264484419E+11;-0.8743630E+01;0.8485261E+11
0.44181092255422E+11;-0.8724115E+01;0.8617821E+11
0.44189180266984E+11;-0.8703058E+01;0.8755176E+11
0.44197002979549E+11;-0.8685481E+01;0.8905567E+11
0.44204925368887E+11;-0.8670313E+01;0.9079733E+11
0.44212280683066E+11;-0.8644462E+01;0.9266897E+11
0.44219400340746E+11;-0.8615121E+01;0.9478469E+11
0.44225857297609E+11;-0.8583958E+01;0.9703815E+11
0.44232121407584E+11;-0.8554837E+01;0.9962432E+11
0.44234223885472E+11;-0.8545401E+01;0.1006026E+12
0.44237377602305E+11;-0.8531185E+01;0.1021958E+12
0.44242108177555E+11;-0.8503972E+01;0.1049271E+12
0.44243917568596E+11;-0.8490753E+01;0.1061027E+12
0.44246631655159E+11;-0.8469182E+01;0.1080302E+12
0.44250702785003E+11;-0.8431081E+01;0.1113718E+12
0.44255316608829E+11;-0.8382595E+01;0.1160306E+12
0.44256834258599E+11;-0.8366162E+01;0.1178303E+12
0.44259110733255E+11;-0.8340746E+01;0.1208501E+12
0.44262525445238E+11;-0.8298977E+01;0.1263121E+12
0.44263778234413E+11;-0.8281789E+01;0.1286817E+12
0.44265657418176E+11;-0.8253258E+01;0.1327209E+12
0.44268476193820E+11;-0.8196427E+01;0.1402418E+12
0.44271266738579E+11;-0.8123001E+01;0.1503243E+12
0.44273824743449E+11;-0.8042310E+01;0.1635577E+12
0.44274586348160E+11;-0.8014638E+01;0.1686861E+12
0.44275728755226E+11;-0.7968498E+01;0.1779370E+12
0.44277442365826E+11;-0.7882512E+01;0.1972586E+12
0.44277970995705E+11;-0.7849830E+01;0.2053003E+12
0.44278763940522E+11;-0.7792882E+01;0.2203395E+12
0.44279953357749E+11;-0.7678327E+01;0.2543221E+12
0.44280307180763E+11;-0.7626185E+01;0.2690732E+12
0.44280837915284E+11;-0.7532604E+01;0.2985455E+12
0.44281100628872E+11;-0.7476899E+01;0.3181474E+12
0.44281494699254E+11;-0.7376134E+01;0.3581437E+12
0.44282085804827E+11;-0.7156583E+01;0.4705155E+12
0.44282277974247E+11;-0.7051901E+01;0.5402477E+12
0.44282566228377E+11;-0.6825881E+01;0.7422475E+12
0.44282679798980E+11;-0.6692298E+01;0.9073000E+12
0.44282736016428E+11;-0.6608208E+01;0.1034894E+13
0.44282820342601E+11;-0.6443238E+01;0.1354876E+13
0.44282862084056E+11;-0.6333071E+01;0.1636349E+13
0.44282924696239E+11;-0.6095336E+01;0.2520450E+13
0.44282930973600E+11;-0.6063450E+01;0.2678850E+13
0.44282940389642E+11;-0.6010909E+01;0.2964646E+13
0.44282954513704E+11;-0.5918950E+01;0.3553568E+13
0.44282975699798E+11;-0.5734177E+01;0.5187978E+13
0.44282982415798E+11;-0.5656444E+01;0.6122306E+13
0.44282990378653E+11;-0.5542798E+01;0.7836807E+13
0.44282993119264E+11;-0.5496287E+01;0.8688771E+13
0.44282997230180E+11;-0.5416003E+01;0.1040282E+14
0.44283003396554E+11;-0.5260112E+01;0.1486058E+14
0.44283005573729E+11;-0.5189201E+01;0.1753618E+14
0.44283008596018E+11;-0.5066717E+01;0.2339872E+14
0.44283009633958E+11;-0.5015592E+01;0.2643308E+14
0.44283011190867E+11;-0.4925323E+01;0.3280152E+14
0.44283011961537E+11;-0.4872641E+01;0.3722734E+14
0.44283013117543E+11;-0.4779243E+01;0.4662330E+14
0.44283014851550E+11;-0.4584754E+01;0.7455258E+14
0.44283015391152E+11;-0.4500843E+01;0.9136426E+14
0.44283015557996E+11;-0.4471232E+01;0.9817079E+14
0.44283015808261E+11;-0.4422419E+01;0.1104680E+15
0.44283016183658E+11;-0.4336774E+01;0.1358197E+15
0.44283016746755E+11;-0.4163673E+01;0.2057825E+15
0.44283016923418E+11;-0.4091234E+01;0.2448646E+15
0.44283017124493E+11;-0.3990092E+01;0.3117030E+15
0.44283017194668E+11;-0.3948405E+01;0.3442839E+15
0.44283017299931E+11;-0.3877036E+01;0.4079313E+15
0.44283017457825E+11;-0.3741232E+01;0.5626478E+15
0.44283017525283E+11;-0.3667070E+01;0.6703535E+15
0.44283017626470E+11;-0.3524507E+01;0.9374492E+15
0.44283017660528E+11;-0.3463798E+01;0.1081409E+16
0.44283017711614E+11;-0.3352872E+01;0.1402683E+16
0.44283017731442E+11;-0.3300934E+01;0.1584368E+16
0.44283017761185E+11;-0.3209176E+01;0.1964206E+16
0.44283017775907E+11;-0.3155515E+01;0.2227204E+16
0.44283017797991E+11;-0.3060331E+01;0.2783378E+16
0.44283017831116E+11;-0.2862915E+01;0.4422023E+16
0.44283017842866E+11;-0.2764944E+01;0.5569051E+16
0.44283017846465E+11;-0.2730229E+01;0.6046083E+16
0.44283017851865E+11;-0.2672467E+01;0.6931890E+16
0.44283017859964E+11;-0.2569302E+01;0.8857886E+16
0.44283017863973E+11;-0.2508279E+01;0.1024920E+17
0.44283017869987E+11;-0.2398771E+01;0.1334308E+17
0.44283017872964E+11;-0.2333688E+01;0.1563221E+17
0.44283017877429E+11;-0.2216521E+01;0.2086643E+17
0.44283017879639E+11;-0.2146815E+01;0.2485043E+17
0.44283017882954E+11;-0.2021821E+01;0.3424033E+17
0.44283017884518E+11;-0.1952023E+01;0.4117248E+17
0.44283017886863E+11;-0.1831186E+01;0.5740261E+17
0.44283017887721E+11;-0.1781724E+01;0.6618142E+17
0.44283017889008E+11;-0.1690984E+01;0.8397656E+17
0.44283017889548E+11;-0.1643079E+01;0.9367571E+17
0.44283017890358E+11;-0.1566514E+01;0.1115129E+18
0.44283017890745E+11;-0.1527439E+01;0.1216890E+18
0.44283017891325E+11;-0.1467220E+01;0.1393081E+18
0.44283017891612E+11;-0.1437556E+01;0.1491765E+18
0.44283017892043E+11;-0.1386829E+01;0.1655100E+18
0.44283017892689E+11;-0.1312347E+01;0.1935997E+18
0.44283017892890E+11;-0.1290244E+01;0.2032313E+18
0.44283017893192E+11;-0.1257530E+01;0.2184794E+18
0.44283017893644E+11;-0.1209049E+01;0.2432064E+18
0.44283017893799E+11;-0.1192663E+01;0.2522295E+18
0.44283017894032E+11;-0.1169164E+01;0.2662989E+18
0.44283017894381E+11;-0.1132070E+01;0.2886299E+18
0.44283017894766E+11;-0.1090540E+01;0.3148948E+18
0.44283017895115E+11;-0.1055166E+01;0.3401524E+18
0.44283017895440E+11;-0.1024490E+01;0.3651676E+18
0.44283017895739E+11;-0.9966829E+00;0.3899854E+18
0.44283017896027E+11;-0.9709951E+00;0.4157824E+18
0.44283017896304E+11;-0.9465054E+00;0.4424716E+18
0.44283017896561E+11;-0.9224373E+00;0.4692294E+18
0.44283017896809E+11;-0.9000027E+00;0.4971281E+18
0.44283017897047E+11;-0.8793597E+00;0.5261418E+18
0.44283017897275E+11;-0.8598387E+00;0.5557033E+18
0.44283017897495E+11;-0.8412547E+00;0.5861628E+18
0.44283017897709E+11;-0.8233567E+00;0.6173757E+18
0.44283017897911E+11;-0.8059263E+00;0.6485270E+18
0.44283017898113E+11;-0.7875538E+00;0.6821999E+18
0.44283017898305E+11;-0.7712791E+00;0.7169694E+18
0.44283017898493E+11;-0.7551659E+00;0.7535311E+18
0.44283017898673E+11;-0.7404648E+00;0.7907818E+18
0.44283017898851E+11;-0.7253802E+00;0.8296834E+18
0.44283017899020E+11;-0.7121682E+00;0.8681172E+18
0.44283017899189E+11;-0.6959859E+00;0.9080144E+18
0.44283017899349E+11;-0.6822481E+00;0.9470546E+18
0.44283017899507E+11;-0.6690030E+00;0.9865913E+18
0.44283017899661E+11;-0.6569843E+00;0.1027342E+19
0.44283017899811E+11;-0.6441261E+00;0.1069492E+19
0.44283017899958E+11;-0.6333075E+00;0.1113690E+19
0.44283017900103E+11;-0.6198888E+00;0.1159308E+19
0.44283017900243E+11;-0.6078518E+00;0.1204427E+19
0.44283017900383E+11;-0.5965393E+00;0.1250093E+19
0.44283017900519E+11;-0.5862032E+00;0.1295369E+19
0.44283017900651E+11;-0.5752358E+00;0.1340321E+19
0.44283017900783E+11;-0.5655011E+00;0.1387369E+19
0.44283017900917E+11;-0.5544764E+00;0.1437311E+19
0.44283017901042E+11;-0.5439943E+00;0.1486322E+19
0.44283017901171E+11;-0.5340966E+00;0.1538364E+19
0.44283017901295E+11;-0.5250312E+00;0.1588794E+19
0.44283017901416E+11;-0.5155914E+00;0.1639518E+19
0.44283017901537E+11;-0.5075812E+00;0.1692047E+19
0.44283017901655E+11;-0.4977334E+00;0.1745476E+19
0.44283017901772E+11;-0.4886697E+00;0.1800197E+19
0.44283017901887E+11;-0.4804515E+00;0.1855173E+19
0.44283017901998E+11;-0.4725725E+00;0.1909441E+19
0.44283017902108E+11;-0.4646142E+00;0.1965011E+19
0.44283017902220E+11;-0.4567624E+00;0.2023029E+19
0.44283017902327E+11;-0.4492132E+00;0.2079973E+19
0.44283017902435E+11;-0.4412363E+00;0.2138369E+19
0.44283017902541E+11;-0.4341549E+00;0.2197575E+19
0.44283017902645E+11;-0.4266064E+00;0.2257990E+19
0.44283017902748E+11;-0.4205883E+00;0.2320214E+19
0.44283017902850E+11;-0.4128656E+00;0.2381459E+19
0.44283017902951E+11;-0.4061081E+00;0.2442287E+19
0.44283017903054E+11;-0.3995998E+00;0.2503935E+19
0.44283017903152E+11;-0.3935750E+00;0.2564431E+19
0.44283017903252E+11;-0.3872328E+00;0.2627698E+19
0.44283017903349E+11;-0.3800923E+00;0.2691306E+19
0.44283017903447E+11;-0.3743360E+00;0.2757095E+19
0.44283017903544E+11;-0.3685799E+00;0.2823178E+19
0.44283017903641E+11;-0.3639981E+00;0.2888647E+19
0.44283017903735E+11;-0.3568211E+00;0.2950801E+19
0.44283017903829E+11;-0.3508737E+00;0.3010141E+19
0.44283017903923E+11;-0.3453761E+00;0.3069209E+19
0.44283017904017E+11;-0.3407493E+00;0.3131241E+19
0.44283017904109E+11;-0.3349245E+00;0.3195511E+19
0.44283017904201E+11;-0.3309687E+00;0.3260969E+19
0.44283017904291E+11;-0.3247104E+00;0.3323325E+19
0.44283017904381E+11;-0.3202554E+00;0.3384780E+19
0.44283017904471E+11;-0.3160651E+00;0.3445021E+19
0.44283017904560E+11;-0.3100921E+00;0.3504243E+19
0.44283017904650E+11;-0.3056486E+00;0.3565260E+19
0.44283017904739E+11;-0.3024644E+00;0.3626522E+19
0.44283017904827E+11;-0.2963237E+00;0.3690640E+19
0.44283017904911E+11;-0.2923670E+00;0.3751202E+19
0.44283017904993E+11;-0.2879364E+00;0.3808975E+19
0.44283017905076E+11;-0.2839427E+00;0.3864801E+19
0.44283017905159E+11;-0.2797032E+00;0.3920459E+19
0.44283017905243E+11;-0.2759975E+00;0.3977302E+19
0.44283017905328E+11;-0.2724340E+00;0.4037472E+19
0.44283017905410E+11;-0.2677128E+00;0.4097099E+19
0.44283017905495E+11;-0.2642892E+00;0.4158884E+19
0.44283017905573E+11;-0.2600127E+00;0.4214357E+19
0.44283017905650E+11;-0.2572459E+00;0.4268863E+19
0.44283017905727E+11;-0.2533524E+00;0.4323632E+19
0.44283017905805E+11;-0.2495796E+00;0.4380204E+19
0.44283017905884E+11;-0.2466811E+00;0.4439193E+19
0.44283017905966E+11;-0.2427827E+00;0.4503792E+19
0.44283017906042E+11;-0.2400884E+00;0.4564066E+19
0.44283017906118E+11;-0.2366121E+00;0.4623477E+19
0.44283017906193E+11;-0.2331435E+00;0.4680104E+19
0.44283017906266E+11;-0.2305545E+00;0.4734855E+19
0.44283017906339E+11;-0.2269076E+00;0.4791965E+19
0.44283017906413E+11;-0.2248577E+00;0.4852896E+19
0.44283017906487E+11;-0.2217030E+00;0.4915951E+19
0.44283017906560E+11;-0.2184714E+00;0.4978217E+19
0.44283017906633E+11;-0.2152803E+00;0.5039442E+19
0.44283017906703E+11;-0.2128726E+00;0.5096161E+19
0.44283017906777E+11;-0.2099981E+00;0.5155646E+19
0.44283017906847E+11;-0.2073962E+00;0.5213664E+19
0.44283017906917E+11;-0.2047064E+00;0.5274083E+19
0.44283017906988E+11;-0.2018995E+00;0.5338101E+19
0.44283017907058E+11;-0.1991592E+00;0.5403048E+19
0.44283017907126E+11;-0.1969073E+00;0.5464731E+19
0.44283017907151E+11;-0.1957094E+00;0.5486572E+19
0.44283017907188E+11;-0.1945572E+00;0.5518851E+19
0.44283017907243E+11;-0.1927727E+00;0.5566520E+19
0.44283017907311E+11;-0.1904523E+00;0.5625895E+19
0.44283017907379E+11;-0.1867806E+00;0.5686411E+19
0.44283017907446E+11;-0.1843274E+00;0.5749227E+19
0.44283017907513E+11;-0.1818932E+00;0.5815453E+19
0.44283017907581E+11;-0.1792752E+00;0.5883057E+19
0.44283017907647E+11;-0.1769035E+00;0.5947443E+19
0.44283017907714E+11;-0.1741005E+00;0.6011343E+19
0.44283017907779E+11;-0.1713473E+00;0.6071612E+19
0.44283017907843E+11;-0.1692257E+00;0.6131520E+19
0.44283017907909E+11;-0.1669968E+00;0.6196197E+19
0.44283017907975E+11;-0.1642807E+00;0.6265911E+19
0.44283017908041E+11;-0.1617462E+00;0.6336852E+19
0.44283017908104E+11;-0.1592555E+00;0.6404251E+19
0.44283017908170E+11;-0.1566157E+00;0.6472402E+19
0.44283017908231E+11;-0.1542321E+00;0.6534003E+19
0.44283017908294E+11;-0.1523574E+00;0.6596921E+19
0.44283017908357E+11;-0.1501457E+00;0.6662533E+19
0.44283017908419E+11;-0.1476393E+00;0.6730164E+19
0.44283017908481E+11;-0.1462687E+00;0.6801539E+19
0.44283017908542E+11;-0.1434754E+00;0.6873459E+19
0.44283017908605E+11;-0.1412900E+00;0.6944893E+19
0.44283017908665E+11;-0.1391766E+00;0.7010364E+19
0.44283017908724E+11;-0.1373977E+00;0.7072623E+19
0.44283017908784E+11;-0.1347492E+00;0.7134311E+19
0.44283017908844E+11;-0.1329159E+00;0.7196392E+19
0.44283017908904E+11;-0.1315186E+00;0.7260064E+19
0.44283017908964E+11;-0.1289103E+00;0.7325523E+19
0.44283017909023E+11;-0.1284893E+00;0.7390636E+19
0.44283017909083E+11;-0.1253118E+00;0.7453276E+19
0.44283017909140E+11;-0.1251648E+00;0.7511374E+19
0.44283017909198E+11;-0.1220187E+00;0.7567856E+19
0.44283017909256E+11;-0.1225810E+00;0.7623520E+19
0.44283017909314E+11;-0.1189512E+00;0.7679361E+19
0.44283017909372E+11;-0.1179211E+00;0.7735332E+19
0.44283017909430E+11;-0.1162892E+00;0.7790370E+19
0.44283017909489E+11;-0.1150170E+00;0.7841972E+19
0.44283017909546E+11;-0.1133320E+00;0.7886163E+19
0.44283017909604E+11;-0.1117460E+00;0.7925567E+19
0.44283017909662E+11;-0.1108793E+00;0.7960375E+19
0.44283017909719E+11;-0.1090352E+00;0.7992777E+19
0.44283017909776E+11;-0.1078125E+00;0.8024428E+19
0.44283017909833E+11;-0.1037215E+00;0.8056609E+19
0.44283017909890E+11;-0.1012610E+00;0.8088457E+19
0.44283017909946E+11;-0.9873582E-01;0.8118496E+19
0.44283017910002E+11;-0.9630816E-01;0.8146769E+19
0.44283017910058E+11;-0.9516727E-01;0.8171664E+19
0.44283017910113E+11;-0.9317956E-01;0.8193298E+19
0.44283017910169E+11;-0.9217216E-01;0.8211840E+19
0.44283017910224E+11;-0.8874786E-01;0.8227949E+19
0.44283017910279E+11;-0.8634695E-01;0.8242358E+19
0.44283017910334E+11;-0.8412663E-01;0.8254361E+19
0.44283017910389E+11;-0.8159425E-01;0.8263603E+19
0.44283017910442E+11;-0.8038127E-01;0.8270501E+19
0.44283017910496E+11;-0.7857356E-01;0.8276050E+19
0.44283017910549E+11;-0.7737747E-01;0.8280381E+19
0.44283017910602E+11;-0.7504173E-01;0.8283743E+19
0.44283017910654E+11;-0.7270567E-01;0.8286890E+19
0.44283017910706E+11;-0.7095125E-01;0.8289661E+19
0.44283017910758E+11;-0.6824902E-01;0.8290637E+19
0.44283017910809E+11;-0.6685360E-01;0.8289148E+19
0.44283017910860E+11;-0.6542697E-01;0.8285589E+19
0.44283017910910E+11;-0.6389800E-01;0.8280304E+19
0.44283017910962E+11;-0.6278681E-01;0.8273717E+19
0.44283017911012E+11;-0.6036168E-01;0.8266878E+19
0.44283017911062E+11;-0.5921639E-01;0.8259823E+19
0.44283017911112E+11;-0.5618962E-01;0.8251520E+19
0.44283017911161E+11;-0.5452131E-01;0.8241627E+19
0.44283017911210E+11;-0.5366075E-01;0.8230319E+19
0.44283017911259E+11;-0.5168361E-01;0.8218513E+19
0.44283017911308E+11;-0.5081665E-01;0.8206186E+19
0.44283017911356E+11;-0.4919446E-01;0.8194565E+19
0.44283017911405E+11;-0.4785023E-01;0.8183776E+19
0.44283017911452E+11;-0.4547033E-01;0.8173606E+19
0.44283017911500E+11;-0.4338920E-01;0.8162793E+19
0.44283017911547E+11;-0.4247924E-01;0.8150626E+19
0.44283017911594E+11;-0.4075987E-01;0.8137477E+19
0.44283017911641E+11;-0.3939967E-01;0.8124237E+19
0.44283017911688E+11;-0.3886069E-01;0.8111738E+19
0.44283017911735E+11;-0.3736916E-01;0.8100616E+19
0.44283017911781E+11;-0.3597339E-01;0.8090415E+19
0.44283017911828E+11;-0.3337216E-01;0.8080310E+19
0.44283017911873E+11;-0.3202016E-01;0.8069566E+19
0.44283017911919E+11;-0.3115862E-01;0.8057827E+19
0.44283017911964E+11;-0.2917626E-01;0.8045694E+19
0.44283017912009E+11;-0.2830847E-01;0.8033984E+19
0.44283017912053E+11;-0.2729606E-01;0.8023015E+19
0.44283017912099E+11;-0.2610958E-01;0.8012689E+19
0.44283017912143E+11;-0.2456301E-01;0.8003559E+19
0.44283017912188E+11;-0.2263855E-01;0.7994828E+19
0.44283017912232E+11;-0.2187106E-01;0.7985763E+19
0.44283017912276E+11;-0.2019247E-01;0.7975724E+19
0.44283017912319E+11;-0.1863708E-01;0.7965153E+19
0.44283017912363E+11;-0.1818533E-01;0.7955085E+19
0.44283017912406E+11;-0.1664394E-01;0.7945880E+19
0.44283017912451E+11;-0.1569449E-01;0.7937263E+19
0.44283017912494E+11;-0.1426780E-01;0.7929865E+19
0.44283017912537E+11;-0.1287745E-01;0.7922395E+19
0.44283017912580E+11;-0.1237824E-01;0.7914288E+19
0.44283017912623E+11;-0.1006134E-01;0.7905513E+19
0.44283017912665E+11;-0.8880066E-02;0.7896694E+19
0.44283017912707E+11;-0.8414412E-02;0.7887992E+19
0.44283017912749E+11;-0.6665481E-02;0.7879400E+19
0.44283017912792E+11;-0.5959776E-02;0.7871329E+19
0.44283017912834E+11;-0.4852401E-02;0.7864368E+19
0.44283017912876E+11;-0.3956314E-02;0.7857446E+19
0.44283017912918E+11;-0.2618755E-02;0.7850171E+19
0.44283017912959E+11;-0.6517690E-03;0.7842372E+19
0.44283017913000E+11;0.2182083E-03;0.7833970E+19
0.44283017913041E+11;0.1149248E-02;0.7825237E+19
0.44283017913082E+11;0.2729366E-02;0.7816752E+19
0.44283017913124E+11;0.3233075E-02;0.7809359E+19
0.44283017913164E+11;0.4565481E-02;0.7803266E+19
0.44283017913205E+11;0.5398294E-02;0.7797590E+19
0.44283017913246E+11;0.6521635E-02;0.7791531E+19
0.44283017913286E+11;0.8212276E-02;0.7784703E+19
0.44283017913326E+11;0.8802120E-02;0.7777138E+19
0.44283017913365E+11;0.1020720E-01;0.7769469E+19
0.44283017913406E+11;0.1166491E-01;0.7762499E+19
0.44283017913446E+11;0.1201508E-01;0.7757068E+19
0.44283017913485E+11;0.1360694E-01;0.7752819E+19
0.44283017913525E+11;0.1443294E-01;0.7748784E+19
0.44283017913565E+11;0.1543725E-01;0.7744306E+19
0.44283017913604E+11;0.1666278E-01;0.7739161E+19
0.44283017913643E+11;0.1721293E-01;0.7733332E+19
0.44283017913681E+11;0.1888407E-01;0.7727597E+19
0.44283017913720E+11;0.2025200E-01;0.7722753E+19
0.44283017913759E+11;0.2050622E-01;0.7719228E+19
0.44283017913798E+11;0.2232006E-01;0.7716744E+19
0.44283017913837E+11;0.2318748E-01;0.7714595E+19
0.44283017913875E+11;0.2422308E-01;0.7712249E+19
0.44283017913913E+11;0.2517165E-01;0.7709156E+19
0.44283017913951E+11;0.2614108E-01;0.7705259E+19
0.44283017913989E+11;0.2730300E-01;0.7701555E+19
0.44283017914027E+11;0.2861413E-01;0.7698823E+19
0.44283017914065E+11;0.2888094E-01;0.7697292E+19
0.44283017914103E+11;0.3082179E-01;0.7696835E+19
0.44283017914141E+11;0.3175332E-01;0.7696818E+19
0.44283017914178E+11;0.3279099E-01;0.7696421E+19
0.44283017914215E+11;0.3388779E-01;0.7695197E+19
0.44283017914253E+11;0.3484915E-01;0.7693477E+19
0.44283017914290E+11;0.3565395E-01;0.7692086E+19
0.44283017914326E+11;0.3683938E-01;0.7691460E+19
0.44283017914364E+11;0.3738079E-01;0.7691875E+19
0.44283017914401E+11;0.3918914E-01;0.7693270E+19
0.44283017914438E+11;0.4020297E-01;0.7694998E+19
0.44283017914475E+11;0.4121715E-01;0.7696402E+19
0.44283017914511E+11;0.4248391E-01;0.7697413E+19
0.44283017914548E+11;0.4338925E-01;0.7698124E+19
0.44283017914583E+11;0.4441979E-01;0.7698851E+19
0.44283017914619E+11;0.4538409E-01;0.7699989E+19
0.44283017914656E+11;0.4621381E-01;0.7702089E+19
0.44283017914692E+11;0.4748285E-01;0.7705124E+19
0.44283017914728E+11;0.4859508E-01;0.7708673E+19
0.44283017914764E+11;0.4953457E-01;0.7712167E+19
0.44283017914800E+11;0.5101705E-01;0.7715461E+19
0.44283017914835E+11;0.5181906E-01;0.7718229E+19
0.44283017914870E+11;0.5310941E-01;0.7720700E+19
0.44283017914905E+11;0.5406398E-01;0.7723424E+19
0.44283017914940E+11;0.5497643E-01;0.7727126E+19
0.44283017914975E+11;0.5577847E-01;0.7731864E+19
0.44283017915010E+11;0.5699379E-01;0.7737223E+19
0.44283017915045E+11;0.5778090E-01;0.7742549E+19
0.44283017915081E+11;0.5953652E-01;0.7747792E+19
0.44283017915115E+11;0.6020247E-01;0.7752253E+19
0.44283017915150E+11;0.6177177E-01;0.7756400E+19
0.44283017915184E+11;0.6268804E-01;0.7760886E+19
0.44283017915218E+11;0.6373132E-01;0.7766278E+19
0.44283017915252E+11;0.6468942E-01;0.7772604E+19
0.44283017915286E+11;0.6548895E-01;0.7779429E+19
0.44283017915320E+11;0.6608929E-01;0.7786260E+19
0.44283017915355E+11;0.6809394E-01;0.7793058E+19
0.44283017915388E+11;0.6903505E-01;0.7799282E+19
0.44283017915422E+11;0.7045243E-01;0.7805474E+19
0.44283017915456E+11;0.7145072E-01;0.7811856E+19
0.44283017915489E+11;0.7268460E-01;0.7818755E+19
0.44283017915522E+11;0.7367604E-01;0.7826321E+19
0.44283017915556E+11;0.7453283E-01;0.7834467E+19
0.44283017915589E+11;0.7468768E-01;0.7842887E+19
0.44283017915622E+11;0.7677814E-01;0.7851404E+19
0.44283017915655E+11;0.7801009E-01;0.7859669E+19
0.44283017915688E+11;0.7922628E-01;0.7867780E+19
0.44283017915721E+11;0.8057374E-01;0.7875670E+19
0.44283017915753E+11;0.8170356E-01;0.7883767E+19
0.44283017915785E+11;0.8274601E-01;0.7892474E+19
0.44283017915818E+11;0.8384189E-01;0.7902084E+19
0.44283017915851E+11;0.8446418E-01;0.7912196E+19
0.44283017915883E+11;0.8567276E-01;0.7922247E+19
0.44283017915916E+11;0.8721850E-01;0.7932258E+19
0.44283017915948E+11;0.8816026E-01;0.7941748E+19
0.44283017915980E+11;0.8988726E-01;0.7951026E+19
0.44283017916011E+11;0.9088578E-01;0.7960511E+19
0.44283017916043E+11;0.9224958E-01;0.7970635E+19
0.44283017916075E+11;0.9338761E-01;0.7981960E+19
0.44283017916107E+11;0.9435458E-01;0.7993651E+19
0.44283017916139E+11;0.9492967E-01;0.8004909E+19
0.44283017916171E+11;0.9675233E-01;0.8016338E+19
0.44283017916201E+11;0.9739492E-01;0.8027352E+19
0.44283017916233E+11;0.9951840E-01;0.8038541E+19
0.44283017916264E+11;0.1006183E+00;0.8049762E+19
0.44283017916294E+11;0.1021062E+00;0.8061531E+19
0.44283017916325E+11;0.1032533E+00;0.8073990E+19
0.44283017916357E+11;0.1044749E+00;0.8086974E+19
0.44283017916388E+11;0.1051337E+00;0.8099412E+19
0.44283017916419E+11;0.1067184E+00;0.8112256E+19
0.44283017916449E+11;0.1076425E+00;0.8124882E+19
0.44283017916480E+11;0.1095563E+00;0.8137797E+19
0.44283017916510E+11;0.1110225E+00;0.8150376E+19
0.44283017916539E+11;0.1123171E+00;0.8163382E+19
0.44283017916569E+11;0.1136458E+00;0.8176756E+19
0.44283017916600E+11;0.1150074E+00;0.8191330E+19
0.44283017916630E+11;0.1160652E+00;0.8205296E+19
0.44283017916660E+11;0.1172316E+00;0.8219624E+19
0.44283017916690E+11;0.1184219E+00;0.8233762E+19
0.44283017916719E+11;0.1200753E+00;0.8247914E+19
0.44283017916748E+11;0.1219377E+00;0.8262083E+19
0.44283017916778E+11;0.1230149E+00;0.8276784E+19
0.44283017916806E+11;0.1247933E+00;0.8291599E+19
0.44283017916836E+11;0.1260939E+00;0.8307087E+19
0.44283017916865E+11;0.1273882E+00;0.8322282E+19
0.44283017916894E+11;0.1283931E+00;0.8337768E+19
0.44283017916923E+11;0.1298582E+00;0.8353476E+19
0.44283017916951E+11;0.1312462E+00;0.8369011E+19
0.44283017916980E+11;0.1335402E+00;0.8385037E+19
0.44283017917008E+11;0.1347016E+00;0.8401033E+19
0.44283017917036E+11;0.1365727E+00;0.8417085E+19
0.44283017917064E+11;0.1378772E+00;0.8433468E+19
0.44283017917092E+11;0.1394507E+00;0.8450149E+19
0.44283017917120E+11;0.1407200E+00;0.8467425E+19
0.44283017917149E+11;0.1421159E+00;0.8485222E+19
0.44283017917177E+11;0.1433702E+00;0.8502129E+19
0.44283017917205E+11;0.1460866E+00;0.8519753E+19
0.44283017917232E+11;0.1476123E+00;0.8536816E+19
0.44283017917259E+11;0.1492812E+00;0.8554232E+19
0.44283017917286E+11;0.1510704E+00;0.8571927E+19
0.44283017917313E+11;0.1525669E+00;0.8590227E+19
0.44283017917341E+11;0.1540839E+00;0.8609201E+19
0.44283017917369E+11;0.1553777E+00;0.8628948E+19
0.44283017917395E+11;0.1568486E+00;0.8647473E+19
0.44283017917422E+11;0.1598402E+00;0.8666542E+19
0.44283017917449E+11;0.1616899E+00;0.8685119E+19
0.44283017917475E+11;0.1632962E+00;0.8704121E+19
0.44283017917501E+11;0.1655526E+00;0.8723157E+19
0.44283017917527E+11;0.1669962E+00;0.8742885E+19
0.44283017917554E+11;0.1688947E+00;0.8763848E+19
0.44283017917582E+11;0.1704655E+00;0.8785883E+19
0.44283017917607E+11;0.1720735E+00;0.8806395E+19
0.44283017917633E+11;0.1752736E+00;0.8827244E+19
0.44283017917658E+11;0.1773256E+00;0.8847608E+19
0.44283017917684E+11;0.1791474E+00;0.8868065E+19
0.44283017917709E+11;0.1818126E+00;0.8888372E+19
0.44283017917733E+11;0.1833329E+00;0.8909511E+19
0.44283017917760E+11;0.1858156E+00;0.8932988E+19
0.44283017917786E+11;0.1877416E+00;0.8957406E+19
0.44283017917810E+11;0.1893753E+00;0.8980405E+19
0.44283017917836E+11;0.1927603E+00;0.9004281E+19
0.44283017917860E+11;0.1948199E+00;0.9026961E+19
0.44283017917884E+11;0.1976617E+00;0.9049450E+19
0.44283017917908E+11;0.2006764E+00;0.9071691E+19
0.44283017917932E+11;0.2025885E+00;0.9094362E+19
0.44283017917956E+11;0.2056603E+00;0.9118899E+19
0.44283017917981E+11;0.2080969E+00;0.9144159E+19
0.44283017918004E+11;0.2098107E+00;0.9168743E+19
0.44283017918029E+11;0.2121591E+00;0.9194962E+19
0.44283017918052E+11;0.2150741E+00;0.9219335E+19
0.44283017918075E+11;0.2193831E+00;0.9243306E+19
0.44283017918097E+11;0.2225672E+00;0.9266564E+19
0.44283017918120E+11;0.2258880E+00;0.9289681E+19
0.44283017918143E+11;0.2293101E+00;0.9313800E+19
0.44283017918165E+11;0.2326209E+00;0.9338082E+19
0.44283017918188E+11;0.2348655E+00;0.9362672E+19
0.44283017918196E+11;0.2352349E+00;0.9371557E+19
0.44283017918208E+11;0.2351530E+00;0.9384961E+19
0.44283017918225E+11;0.2374013E+00;0.9405163E+19
0.44283017918247E+11;0.2419142E+00;0.9429819E+19
0.44283017918269E+11;0.2462151E+00;0.9453735E+19
0.44283017918290E+11;0.2508823E+00;0.9477093E+19
0.44283017918311E+11;0.2552829E+00;0.9500115E+19
0.44283017918332E+11;0.2590973E+00;0.9523446E+19
0.44283017918354E+11;0.2617052E+00;0.9547244E+19
0.44283017918376E+11;0.2621323E+00;0.9571953E+19
0.44283017918397E+11;0.2609908E+00;0.9594286E+19
0.44283017918418E+11;0.2674351E+00;0.9617194E+19
0.44283017918437E+11;0.2729986E+00;0.9638904E+19
0.44283017918457E+11;0.2781869E+00;0.9660569E+19
0.44283017918477E+11;0.2824020E+00;0.9682908E+19
0.44283017918498E+11;0.2854996E+00;0.9706004E+19
0.44283017918505E+11;0.2861970E+00;0.9714075E+19
0.44283017918516E+11;0.2867057E+00;0.9726054E+19
0.44283017918532E+11;0.2857646E+00;0.9743652E+19
0.44283017918552E+11;0.2829920E+00;0.9764069E+19
0.44283017918571E+11;0.2898167E+00;0.9783613E+19
0.44283017918590E+11;0.2952857E+00;0.9802073E+19
0.44283017918608E+11;0.2995712E+00;0.9820224E+19
0.44283017918628E+11;0.3028151E+00;0.9839601E+19
0.44283017918635E+11;0.3036043E+00;0.9846793E+19
0.44283017918645E+11;0.3042454E+00;0.9857621E+19
0.44283017918661E+11;0.3035169E+00;0.9873870E+19
0.44283017918680E+11;0.2988295E+00;0.9892753E+19
0.44283017918699E+11;0.3000429E+00;0.9911094E+19
0.44283017918717E+11;0.3052459E+00;0.9927967E+19
0.44283017918735E+11;0.3091710E+00;0.9943994E+19
0.44283017918753E+11;0.3118001E+00;0.9960226E+19
0.44283017918773E+11;0.3121358E+00;0.9977257E+19
0.44283017918792E+11;0.3086662E+00;0.9992151E+19
0.44283017918811E+11;0.2998585E+00;0.1000686E+20
0.44283017918828E+11;0.3032459E+00;0.1002015E+20
0.44283017918846E+11;0.3071645E+00;0.1003311E+20
0.44283017918863E+11;0.3095179E+00;0.1004646E+20
0.44283017918883E+11;0.3092723E+00;0.1006117E+20
0.44283017918902E+11;0.3047506E+00;0.1007485E+20
0.44283017918921E+11;0.2946450E+00;0.1008818E+20
0.44283017918938E+11;0.2920294E+00;0.1009988E+20
0.44283017918956E+11;0.2953729E+00;0.1011067E+20
0.44283017918974E+11;0.2966502E+00;0.1012126E+20
0.44283017918994E+11;0.2940576E+00;0.1013217E+20
0.44283017919013E+11;0.2862128E+00;0.1014162E+20
0.44283017919032E+11;0.2735306E+00;0.1015036E+20
0.44283017919050E+11;0.2720304E+00;0.1015876E+20
0.44283017919069E+11;0.2743739E+00;0.1016747E+20
0.44283017919089E+11;0.2737015E+00;0.1017731E+20
0.44283017919110E+11;0.2675054E+00;0.1018793E+20
0.44283017919130E+11;0.2558133E+00;0.1019749E+20
0.44283017919150E+11;0.2423776E+00;0.1020609E+20
0.44283017919168E+11;0.2463488E+00;0.1021388E+20
0.44283017919189E+11;0.2485368E+00;0.1022151E+20
0.44283017919212E+11;0.2473884E+00;0.1022933E+20
0.44283017919235E+11;0.2402156E+00;0.1023679E+20
0.44283017919258E+11;0.2271088E+00;0.1024396E+20
0.44283017919278E+11;0.2163959E+00;0.1025142E+20
0.44283017919299E+11;0.2207573E+00;0.1025969E+20
0.44283017919321E+11;0.2238100E+00;0.1026929E+20
0.44283017919346E+11;0.2246879E+00;0.1027989E+20
0.44283017919355E+11;0.2240008E+00;0.1028358E+20
0.44283017919369E+11;0.2214905E+00;0.1028858E+20
0.44283017919391E+11;0.2135796E+00;0.1029492E+20
0.44283017919414E+11;0.1990396E+00;0.1030099E+20
0.44283017919436E+11;0.1981735E+00;0.1030690E+20
0.44283017919458E+11;0.2023339E+00;0.1031396E+20
0.44283017919482E+11;0.2052318E+00;0.1032319E+20
0.44283017919509E+11;0.2058837E+00;0.1033477E+20
0.44283017919519E+11;0.2050258E+00;0.1033914E+20
0.44283017919535E+11;0.2020718E+00;0.1034522E+20
0.44283017919558E+11;0.1929524E+00;0.1035283E+20
0.44283017919583E+11;0.1794719E+00;0.1035929E+20
0.44283017919606E+11;0.1848628E+00;0.1036491E+20
0.44283017919629E+11;0.1888259E+00;0.1037149E+20
0.44283017919655E+11;0.1914342E+00;0.1038034E+20
0.44283017919683E+11;0.1913483E+00;0.1039198E+20
0.44283017919715E+11;0.1846986E+00;0.1040415E+20
0.44283017919725E+11;0.1804886E+00;0.1040754E+20
0.44283017919740E+11;0.1722485E+00;0.1041200E+20
0.44283017919763E+11;0.1707300E+00;0.1041769E+20
0.44283017919787E+11;0.1755690E+00;0.1042332E+20
0.44283017919811E+11;0.1790731E+00;0.1043015E+20
0.44283017919839E+11;0.1808805E+00;0.1043949E+20
0.44283017919869E+11;0.1788089E+00;0.1045114E+20
0.44283017919899E+11;0.1692426E+00;0.1046225E+20
0.44283017919909E+11;0.1643320E+00;0.1046526E+20
0.44283017919924E+11;0.1582526E+00;0.1046928E+20
0.44283017919945E+11;0.1635762E+00;0.1047453E+20
0.44283017919970E+11;0.1680341E+00;0.1048020E+20
0.44283017919996E+11;0.1711000E+00;0.1048716E+20
0.44283017920024E+11;0.1719731E+00;0.1049659E+20
0.44283017920054E+11;0.1681893E+00;0.1050746E+20
0.44283017920084E+11;0.1565070E+00;0.1051787E+20
0.44283017920094E+11;0.1513053E+00;0.1052061E+20
0.44283017920107E+11;0.1526398E+00;0.1052433E+20
0.44283017920128E+11;0.1573342E+00;0.1052929E+20
0.44283017920153E+11;0.1615705E+00;0.1053510E+20
0.44283017920180E+11;0.1642959E+00;0.1054211E+20
0.44283017920209E+11;0.1644786E+00;0.1055082E+20
0.44283017920237E+11;0.1598699E+00;0.1056068E+20
0.44283017920267E+11;0.1477601E+00;0.1057027E+20
0.44283017920295E+11;0.1482967E+00;0.1057784E+20
0.44283017920320E+11;0.1533196E+00;0.1058373E+20
0.44283017920346E+11;0.1569187E+00;0.1058984E+20
0.44283017920373E+11;0.1587198E+00;0.1059707E+20
0.44283017920401E+11;0.1573892E+00;0.1060563E+20
0.44283017920430E+11;0.1503681E+00;0.1061483E+20
0.44283017920459E+11;0.1387102E+00;0.1062344E+20
0.44283017920486E+11;0.1451344E+00;0.1063010E+20
0.44283017920511E+11;0.1496338E+00;0.1063594E+20
0.44283017920538E+11;0.1526678E+00;0.1064230E+20
0.44283017920565E+11;0.1536151E+00;0.1064968E+20
0.44283017920593E+11;0.1508849E+00;0.1065806E+20
0.44283017920622E+11;0.1419155E+00;0.1066666E+20
0.44283017920651E+11;0.1363033E+00;0.1067438E+20
0.44283017920677E+11;0.1421164E+00;0.1068038E+20
0.44283017920703E+11;0.1462503E+00;0.1068609E+20
0.44283017920730E+11;0.1487939E+00;0.1069249E+20
0.44283017920757E+11;0.1490077E+00;0.1069993E+20
0.44283017920785E+11;0.1450918E+00;0.1070816E+20
0.44283017920814E+11;0.1354137E+00;0.1071630E+20
0.44283017920842E+11;0.1339155E+00;0.1072344E+20
0.44283017920869E+11;0.1393303E+00;0.1072902E+20
0.44283017920895E+11;0.1431651E+00;0.1073448E+20
0.44283017920922E+11;0.1453133E+00;0.1074070E+20
0.44283017920950E+11;0.1449085E+00;0.1074805E+20
0.44283017920978E+11;0.1400152E+00;0.1075611E+20
0.44283017921006E+11;0.1320145E+00;0.1076394E+20
0.44283017921035E+11;0.1317218E+00;0.1077075E+20
0.44283017921061E+11;0.1368416E+00;0.1077610E+20
0.44283017921088E+11;0.1404163E+00;0.1078137E+20
0.44283017921115E+11;0.1422225E+00;0.1078736E+20
0.44283017921143E+11;0.1412648E+00;0.1079444E+20
0.44283017921171E+11;0.1358612E+00;0.1080224E+20
0.44283017921199E+11;0.1298288E+00;0.1080981E+20
0.44283017921228E+11;0.1297437E+00;0.1081636E+20
0.44283017921254E+11;0.1346328E+00;0.1082160E+20
0.44283017921281E+11;0.1379850E+00;0.1082680E+20
0.44283017921308E+11;0.1394843E+00;0.1083261E+20
0.44283017921336E+11;0.1380179E+00;0.1083939E+20
0.44283017921364E+11;0.1328910E+00;0.1084683E+20
0.44283017921393E+11;0.1278645E+00;0.1085410E+20
0.44283017921421E+11;0.1279801E+00;0.1086036E+20
0.44283017921448E+11;0.1326824E+00;0.1086554E+20
0.44283017921475E+11;0.1358337E+00;0.1087073E+20
0.44283017921502E+11;0.1370580E+00;0.1087647E+20
0.44283017921530E+11;0.1351263E+00;0.1088303E+20
0.44283017921559E+11;0.1305477E+00;0.1089009E+20
0.44283017921587E+11;0.1261269E+00;0.1089697E+20
0.44283017921615E+11;0.1264454E+00;0.1090292E+20
0.44283017921642E+11;0.1309836E+00;0.1090804E+20
0.44283017921670E+11;0.1339453E+00;0.1091323E+20
0.44283017921697E+11;0.1349063E+00;0.1091897E+20
0.44283017921725E+11;0.1325742E+00;0.1092541E+20
0.44283017921754E+11;0.1287077E+00;0.1093217E+20
0.44283017921782E+11;0.1249454E+00;0.1093858E+20
0.44283017921810E+11;0.1250770E+00;0.1094416E+20
0.44283017921837E+11;0.1294748E+00;0.1094916E+20
0.44283017921865E+11;0.1322726E+00;0.1095433E+20
0.44283017921893E+11;0.1329985E+00;0.1096008E+20
0.44283017921921E+11;0.1305080E+00;0.1096648E+20
0.44283017921949E+11;0.1271184E+00;0.1097300E+20
0.44283017921978E+11;0.1239125E+00;0.1097901E+20
0.44283017922006E+11;0.1238338E+00;0.1098422E+20
0.44283017922033E+11;0.1281206E+00;0.1098903E+20
0.44283017922060E+11;0.1307846E+00;0.1099412E+20
0.44283017922088E+11;0.1313142E+00;0.1099987E+20
0.44283017922116E+11;0.1287980E+00;0.1100624E+20
0.44283017922145E+11;0.1257545E+00;0.1101262E+20
0.44283017922173E+11;0.1230122E+00;0.1101834E+20
0.44283017922201E+11;0.1227038E+00;0.1102323E+20
0.44283017922229E+11;0.1269015E+00;0.1102780E+20
0.44283017922256E+11;0.1294613E+00;0.1103275E+20
0.44283017922284E+11;0.1298357E+00;0.1103844E+20
0.44283017922312E+11;0.1273624E+00;0.1104477E+20
0.44283017922341E+11;0.1245929E+00;0.1105108E+20
0.44283017922369E+11;0.1222299E+00;0.1105662E+20
0.44283017922397E+11;0.1216758E+00;0.1106126E+20
0.44283017922424E+11;0.1258063E+00;0.1106559E+20
0.44283017922452E+11;0.1282878E+00;0.1107035E+20
0.44283017922480E+11;0.1285446E+00;0.1107591E+20
0.44283017922508E+11;0.1262434E+00;0.1108217E+20
0.44283017922537E+11;0.1236575E+00;0.1108843E+20
0.44283017922565E+11;0.1215514E+00;0.1109389E+20
0.44283017922593E+11;0.1207424E+00;0.1109836E+20
0.44283017922621E+11;0.1248254E+00;0.1110248E+20
0.44283017922648E+11;0.1272503E+00;0.1110702E+20
0.44283017922676E+11;0.1274222E+00;0.1111242E+20
0.44283017922704E+11;0.1252802E+00;0.1111856E+20
0.44283017922733E+11;0.1229141E+00;0.1112476E+20
0.44283017922761E+11;0.1209634E+00;0.1113019E+20
0.44283017922789E+11;0.1198989E+00;0.1113458E+20
0.44283017922817E+11;0.1239500E+00;0.1113854E+20
0.44283017922845E+11;0.1263364E+00;0.1114287E+20
0.44283017922873E+11;0.1264505E+00;0.1114807E+20
0.44283017922901E+11;0.1244542E+00;0.1115405E+20
0.44283017922929E+11;0.1222711E+00;0.1116017E+20
0.44283017922958E+11;0.1204545E+00;0.1116560E+20
0.44283017922986E+11;0.1191413E+00;0.1116996E+20
0.44283017923013E+11;0.1231726E+00;0.1117381E+20
0.44283017923041E+11;0.1255346E+00;0.1117797E+20
0.44283017923069E+11;0.1256125E+00;0.1118296E+20
0.44283017923098E+11;0.1237479E+00;0.1118876E+20
0.44283017923126E+11;0.1217163E+00;0.1119476E+20
0.44283017923154E+11;0.1200153E+00;0.1120016E+20
0.44283017923182E+11;0.1184661E+00;0.1120454E+20
0.44283017923210E+11;0.1224865E+00;0.1120833E+20
0.44283017923238E+11;0.1248347E+00;0.1121236E+20
0.44283017923266E+11;0.1248919E+00;0.1121716E+20
0.44283017923294E+11;0.1231457E+00;0.1122276E+20
0.44283017923323E+11;0.1212393E+00;0.1122861E+20
0.44283017923351E+11;0.1196378E+00;0.1123398E+20
0.44283017923379E+11;0.1179073E+00;0.1123838E+20
0.44283017923407E+11;0.1218858E+00;0.1124216E+20
0.44283017923435E+11;0.1242271E+00;0.1124609E+20
0.44283017923463E+11;0.1242744E+00;0.1125073E+20
0.44283017923491E+11;0.1226338E+00;0.1125614E+20
0.44283017923520E+11;0.1208315E+00;0.1126182E+20
0.44283017923548E+11;0.1193155E+00;0.1126712E+20
0.44283017923577E+11;0.1176506E+00;0.1127154E+20
0.44283017923604E+11;0.1213654E+00;0.1127533E+20
0.44283017923632E+11;0.1237038E+00;0.1127919E+20
0.44283017923660E+11;0.1237466E+00;0.1128370E+20
0.44283017923689E+11;0.1221998E+00;0.1128894E+20
0.44283017923717E+11;0.1204852E+00;0.1129445E+20
0.44283017923746E+11;0.1190429E+00;0.1129965E+20
0.44283017923774E+11;0.1174329E+00;0.1130405E+20
0.44283017923802E+11;0.1209197E+00;0.1130785E+20
0.44283017923830E+11;0.1232563E+00;0.1131168E+20
0.44283017923858E+11;0.1232958E+00;0.1131606E+20
0.44283017923886E+11;0.1218318E+00;0.1132110E+20
0.44283017923915E+11;0.1201926E+00;0.1132637E+20
0.44283017923943E+11;0.1188134E+00;0.1133126E+20
0.44283017923972E+11;0.1172488E+00;0.1133523E+20
0.44283017923999E+11;0.1205140E+00;0.1133827E+20
0.44283017924028E+11;0.1228196E+00;0.1134064E+20
0.44283017924056E+11;0.1228021E+00;0.1134262E+20
0.44283017924084E+11;0.1213751E+00;0.1134434E+20
0.44283017924112E+11;0.1197836E+00;0.1134561E+20
0.44283017924141E+11;0.1184144E+00;0.1134627E+20
0.44283017924169E+11;0.1168526E+00;0.1134625E+20
0.44283017924197E+11;0.1185499E+00;0.1134563E+20
0.44283017924226E+11;0.1204040E+00;0.1134452E+20
0.44283017924254E+11;0.1199671E+00;0.1134306E+20
0.44283017924282E+11;0.1184427E+00;0.1134112E+20
0.44283017924311E+11;0.1169974E+00;0.1133820E+20
0.44283017924339E+11;0.1155649E+00;0.1133364E+20
0.44283017924368E+11;0.1139966E+00;0.1132726E+20
0.44283017924396E+11;0.1120570E+00;0.1131907E+20
0.44283017924425E+11;0.1111106E+00;0.1130904E+20
0.44283017924453E+11;0.1098056E+00;0.1129739E+20
0.44283017924482E+11;0.1080045E+00;0.1128427E+20
0.44283017924511E+11;0.1068795E+00;0.1126956E+20
0.44283017924540E+11;0.1047830E+00;0.1125297E+20
0.44283017924569E+11;0.1037104E+00;0.1123482E+20
0.44283017924599E+11;0.1014918E+00;0.1121537E+20
0.44283017924628E+11;0.1006801E+00;0.1119433E+20
0.44283017924658E+11;0.9801365E-01;0.1117202E+20
0.44283017924687E+11;0.9764997E-01;0.1114836E+20
0.44283017924717E+11;0.9412927E-01;0.1112299E+20
0.44283017924748E+11;0.9416528E-01;0.1109511E+20
0.44283017924778E+11;0.9192299E-01;0.1106493E+20
0.44283017924808E+11;0.8961391E-01;0.1103169E+20
0.44283017924839E+11;0.8934360E-01;0.1099576E+20
0.44283017924870E+11;0.8530655E-01;0.1095666E+20
0.44283017924900E+11;0.8488973E-01;0.1091571E+20
0.44283017924932E+11;0.8387885E-01;0.1087205E+20
0.44283017924963E+11;0.7955589E-01;0.1082672E+20
0.44283017924994E+11;0.7937046E-01;0.1077993E+20
0.44283017925027E+11;0.7816638E-01;0.1072871E+20
0.44283017925059E+11;0.7269982E-01;0.1067558E+20
0.44283017925090E+11;0.7301105E-01;0.1062103E+20
0.44283017925122E+11;0.7226905E-01;0.1056418E+20
0.44283017925156E+11;0.6755840E-01;0.1050493E+20
0.44283017925188E+11;0.6548471E-01;0.1044639E+20
0.44283017925221E+11;0.6561969E-01;0.1038508E+20
0.44283017925255E+11;0.6241615E-01;0.1032119E+20
0.44283017925287E+11;0.5626977E-01;0.1025811E+20
0.44283017925321E+11;0.5755368E-01;0.1019271E+20
0.44283017925356E+11;0.5618485E-01;0.1012189E+20
0.44283017925390E+11;0.5095846E-01;0.1005321E+20
0.44283017925424E+11;0.4723667E-01;0.9981213E+19
0.44283017925458E+11;0.4777558E-01;0.9907001E+19
0.44283017925493E+11;0.4552596E-01;0.9828796E+19
0.44283017925528E+11;0.3921138E-01;0.9750236E+19
0.44283017925564E+11;0.3596900E-01;0.9666311E+19
0.44283017925599E+11;0.3623211E-01;0.9583419E+19
0.44283017925635E+11;0.3369481E-01;0.9497231E+19
0.44283017925671E+11;0.2719754E-01;0.9411273E+19
0.44283017925709E+11;0.2245671E-01;0.9319180E+19
0.44283017925746E+11;0.2254504E-01;0.9228389E+19
0.44283017925783E+11;0.2024758E-01;0.9136773E+19
0.44283017925820E+11;0.1441487E-01;0.9046385E+19
0.44283017925859E+11;0.7631168E-02;0.8949950E+19
0.44283017925898E+11;0.5785012E-02;0.8854852E+19
0.44283017925936E+11;0.4245463E-02;0.8759572E+19
0.44283017925975E+11;-0.3786673E-03;0.8664153E+19
0.44283017926015E+11;-0.8671243E-02;0.8565144E+19
0.44283017926055E+11;-0.1593345E-01;0.8464915E+19
0.44283017926098E+11;-0.1625679E-01;0.8357095E+19
0.44283017926139E+11;-0.1962755E-01;0.8253284E+19
0.44283017926181E+11;-0.2650014E-01;0.8148772E+19
0.44283017926223E+11;-0.3680221E-01;0.8040250E+19
0.44283017926269E+11;-0.4426019E-01;0.7924894E+19
0.44283017926317E+11;-0.4618598E-01;0.7801517E+19
0.44283017926361E+11;-0.5136515E-01;0.7686711E+19
0.44283017926407E+11;-0.6052200E-01;0.7569406E+19
0.44283017926455E+11;-0.7500649E-01;0.7446342E+19
0.44283017926507E+11;-0.7893774E-01;0.7312872E+19
0.44283017926561E+11;-0.8428535E-01;0.7172805E+19
0.44283017926611E+11;-0.9305539E-01;0.7044768E+19
0.44283017926663E+11;-0.1066026E+00;0.6912623E+19
0.44283017926719E+11;-0.1242699E+00;0.6770189E+19
0.44283017926780E+11;-0.1294229E+00;0.6617109E+19
0.44283017926843E+11;-0.1396135E+00;0.6458811E+19
0.44283017926903E+11;-0.1539508E+00;0.6310302E+19
0.44283017926965E+11;-0.1747057E+00;0.6157289E+19
0.44283017927032E+11;-0.1965104E+00;0.5995308E+19
0.44283017927104E+11;-0.2096017E+00;0.5824061E+19
0.44283017927178E+11;-0.2255388E+00;0.5648155E+19
0.44283017927256E+11;-0.2476613E+00;0.5467885E+19
0.44283017927336E+11;-0.2770601E+00;0.5285680E+19
0.44283017927420E+11;-0.2990055E+00;0.5099233E+19
0.44283017927506E+11;-0.3210966E+00;0.4911243E+19
0.44283017927595E+11;-0.3492360E+00;0.4720805E+19
0.44283017927695E+11;-0.3862988E+00;0.4512971E+19
0.44283017927796E+11;-0.4210888E+00;0.4309742E+19
0.44283017927895E+11;-0.4575989E+00;0.4115442E+19
0.44283017928004E+11;-0.4869655E+00;0.3910150E+19
0.44283017928109E+11;-0.5189781E+00;0.3718464E+19
0.44283017928222E+11;-0.5571324E+00;0.3518342E+19
0.44283017928337E+11;-0.5983034E+00;0.3325363E+19
0.44283017928467E+11;-0.6483521E+00;0.3116228E+19
0.44283017928608E+11;-0.6928250E+00;0.2901387E+19
0.44283017928754E+11;-0.7354057E+00;0.2689928E+19
0.44283017928902E+11;-0.7800571E+00;0.2490559E+19
0.44283017929058E+11;-0.8292884E+00;0.2294202E+19
0.44283017929232E+11;-0.8845479E+00;0.2091126E+19
0.44283017929423E+11;-0.9369630E+00;0.1886879E+19
0.44283017929639E+11;-0.9943029E+00;0.1679503E+19
0.44283017929877E+11;-0.1051093E+01;0.1478755E+19
0.44283017930138E+11;-0.1111442E+01;0.1287920E+19
0.44283017930414E+11;-0.1169182E+01;0.1116100E+19
0.44283017930716E+11;-0.1228095E+01;0.9598124E+18
0.44283017931063E+11;-0.1282598E+01;0.8134656E+18
0.44283017931485E+11;-0.1347797E+01;0.6740340E+18
0.44283017931958E+11;-0.1413190E+01;0.5554454E+18
0.44283017932503E+11;-0.1486383E+01;0.4541220E+18
0.44283017933119E+11;-0.1547419E+01;0.3705646E+18
0.44283017933855E+11;-0.1608424E+01;0.2992827E+18
0.44283017934772E+11;-0.1678739E+01;0.2375955E+18
0.44283017935879E+11;-0.1754149E+01;0.1873286E+18
0.44283017937223E+11;-0.1834676E+01;0.1469290E+18
0.44283017938828E+11;-0.1918382E+01;0.1153700E+18
0.44283017940735E+11;-0.2003815E+01;0.9096023E+17
0.44283017943033E+11;-0.2091219E+01;0.7190816E+17
0.44283017945784E+11;-0.2179330E+01;0.5717950E+17
0.44283017949107E+11;-0.2268383E+01;0.4571039E+17
0.44283017953138E+11;-0.2358426E+01;0.3674378E+17
0.44283017958047E+11;-0.2449591E+01;0.2969738E+17
0.44283017964046E+11;-0.2511714E+01;0.2412091E+17
0.44283017971401E+11;-0.2582176E+01;0.1966350E+17
0.44283017980456E+11;-0.2665750E+01;0.1605222E+17
0.44283017991667E+11;-0.2756331E+01;0.1308022E+17
0.44283018005612E+11;-0.2843903E+01;0.1061050E+17
0.44283018022014E+11;-0.2930546E+01;0.8656135E+16
0.44283018042178E+11;-0.3020177E+01;0.7037353E+16
0.44283018066893E+11;-0.3110563E+01;0.5713029E+16
0.44283018097268E+11;-0.3201576E+01;0.4635566E+16
0.44283018134658E+11;-0.3293232E+01;0.3764039E+16
0.44283018180714E+11;-0.3384896E+01;0.3062728E+16
0.44283018237572E+11;-0.3476941E+01;0.2499620E+16
0.44283018307682E+11;-0.3569237E+01;0.2049134E+16
0.44283018394293E+11;-0.3655909E+01;0.1688188E+16
0.44283018501523E+11;-0.3727002E+01;0.1397833E+16
0.44283018634298E+11;-0.3795138E+01;0.1163081E+16
0.44283018798409E+11;-0.3865029E+01;0.9718644E+15
0.44283019002731E+11;-0.3944890E+01;0.8130170E+15
0.44283019255431E+11;-0.4038397E+01;0.6798937E+15
0.44283019569142E+11;-0.4133789E+01;0.5664916E+15
0.44283019917042E+11;-0.4213862E+01;0.4786304E+15
0.44283020341156E+11;-0.4294661E+01;0.4032566E+15
0.44283020857797E+11;-0.4376381E+01;0.3395275E+15
0.44283021488007E+11;-0.4454819E+01;0.2862199E+15
0.44283022257150E+11;-0.4527455E+01;0.2419910E+15
0.44283023196628E+11;-0.4594146E+01;0.2054084E+15
0.44283024344981E+11;-0.4657710E+01;0.1750779E+15
0.44283025748843E+11;-0.4724525E+01;0.1497235E+15
0.44283027465403E+11;-0.4804502E+01;0.1282073E+15
0.44283029397393E+11;-0.4887203E+01;0.1108870E+15
0.44283031705132E+11;-0.4969386E+01;0.9577240E+14
0.44283034251392E+11;-0.5036187E+01;0.8351905E+14
0.44283037327141E+11;-0.5098195E+01;0.7269461E+14
0.44283040986523E+11;-0.5157564E+01;0.6340815E+14
0.44283045355975E+11;-0.5214972E+01;0.5544600E+14
0.44283050568892E+11;-0.5275622E+01;0.4859331E+14
0.44283056547895E+11;-0.5345554E+01;0.4282082E+14
0.44283063522773E+11;-0.5420089E+01;0.3777112E+14
0.44283071611429E+11;-0.5493445E+01;0.3334423E+14
0.44283080460356E+11;-0.5547108E+01;0.2967341E+14
0.44283090956358E+11;-0.5597184E+01;0.2638652E+14
0.44283103225127E+11;-0.5648676E+01;0.2350547E+14
0.44283117589577E+11;-0.5706909E+01;0.2096511E+14
0.44283134074382E+11;-0.5774707E+01;0.1874194E+14
0.44283153426536E+11;-0.5844166E+01;0.1673222E+14
0.44283174245455E+11;-0.5901150E+01;0.1505542E+14
0.44283198143031E+11;-0.5943177E+01;0.1355829E+14
0.44283225845970E+11;-0.5990694E+01;0.1221252E+14
0.44283257946997E+11;-0.6048823E+01;0.1099914E+14
0.44283295140429E+11;-0.6113920E+01;0.9896175E+13
0.44283337980315E+11;-0.6178955E+01;0.8894335E+13
0.44283382869909E+11;-0.6217031E+01;0.8060086E+13
0.44283435259355E+11;-0.6259965E+01;0.7282913E+13
0.44283495219768E+11;-0.6315466E+01;0.6572561E+13
0.44283564133731E+11;-0.6376830E+01;0.5915780E+13
0.44283641676413E+11;-0.6435215E+01;0.5318743E+13
0.44283724818716E+11;-0.6467597E+01;0.4800784E+13
0.44283820788215E+11;-0.6514395E+01;0.4318551E+13
0.44283930057991E+11;-0.6572485E+01;0.3877732E+13
0.44284054947856E+11;-0.6631452E+01;0.3474142E+13
0.44284186693836E+11;-0.6663925E+01;0.3132853E+13
0.44284338217460E+11;-0.6708999E+01;0.2818907E+13
0.44284509998872E+11;-0.6765397E+01;0.2536204E+13
0.44284704681156E+11;-0.6819068E+01;0.2282004E+13
0.44284911431801E+11;-0.6850057E+01;0.2066335E+13
0.44285148457004E+11;-0.6900982E+01;0.1867973E+13
0.44285416220727E+11;-0.6956417E+01;0.1688700E+13
0.44285702645461E+11;-0.6990312E+01;0.1534501E+13
0.44286027508389E+11;-0.7036231E+01;0.1393282E+13
0.44286394271728E+11;-0.7090578E+01;0.1264778E+13
0.44286788804872E+11;-0.7125760E+01;0.1152935E+13
0.44287233963966E+11;-0.7171874E+01;0.1050472E+13
0.44287736182728E+11;-0.7225637E+01;0.9567603E+12
0.44288273700681E+11;-0.7257985E+01;0.8751355E+12
0.44288885634750E+11;-0.7308524E+01;0.7993105E+12
0.44289563787916E+11;-0.7351764E+01;0.7308067E+12
0.44290305931215E+11;-0.7393666E+01;0.6695040E+12
0.44291148239632E+11;-0.7446327E+01;0.6125799E+12
0.44292055211880E+11;-0.7481052E+01;0.5623268E+12
0.44293088543525E+11;-0.7533567E+01;0.5153103E+12
0.44294204955976E+11;-0.7569945E+01;0.4735465E+12
0.44295477711351E+11;-0.7621895E+01;0.4343589E+12
0.44296860250906E+11;-0.7659770E+01;0.3993047E+12
0.44298439172804E+11;-0.7710530E+01;0.3663280E+12
0.44300165429184E+11;-0.7751317E+01;0.3366399E+12
0.44302094429198E+11;-0.7796961E+01;0.3092799E+12
0.44304279501256E+11;-0.7844603E+01;0.2837732E+12
0.44306703449086E+11;-0.7887810E+01;0.2605207E+12
0.44309435350433E+11;-0.7935321E+01;0.2390129E+12
0.44312566184130E+11;-0.7983203E+01;0.2188802E+12
0.44316091330212E+11;-0.8028984E+01;0.2004497E+12
0.44320105765825E+11;-0.8076509E+01;0.1834450E+12
0.44324699051839E+11;-0.8125029E+01;0.1677499E+12
0.44329991909473E+11;-0.8173844E+01;0.1532257E+12
0.44336135106989E+11;-0.8222199E+01;0.1397545E+12
0.44343321830442E+11;-0.8271399E+01;0.1272331E+12
0.44351757336452E+11;-0.8320981E+01;0.1156318E+12
0.44360800562349E+11;-0.8363097E+01;0.1057842E+12
0.44372087487304E+11;-0.8407759E+01;0.9610345E+11
0.44383606294739E+11;-0.8447239E+01;0.8831595E+11
0.44394603963885E+11;-0.8480609E+01;0.8228619E+11
0.44406763075810E+11;-0.8513475E+01;0.7679427E+11
0.44420495982370E+11;-0.8546719E+01;0.7169538E+11
0.44434190709207E+11;-0.8576562E+01;0.6747980E+11
0.44448570408356E+11;-0.8604900E+01;0.6375278E+11
0.44463310347391E+11;-0.8631429E+01;0.6049632E+11
0.44478659329308E+11;-0.8656766E+01;0.5757158E+11
0.44495735411519E+11;-0.8682519E+01;0.5475288E+11
0.44501993187741E+11;-0.8691403E+01;0.5381458E+11
0.44511379852073E+11;-0.8704232E+01;0.5248877E+11
0.44525459848571E+11;-0.8722445E+01;0.5066161E+11
0.44544060843201E+11;-0.8744803E+01;0.4849986E+11
0.44562623291816E+11;-0.8765396E+01;0.4658279E+11
0.44584105938090E+11;-0.8787228E+01;0.4461647E+11
0.44604142834001E+11;-0.8804308E+01;0.4299133E+11
0.44625107430949E+11;-0.8820175E+01;0.4147706E+11
0.44646775323067E+11;-0.8835213E+01;0.4008662E+11
0.44668827664277E+11;-0.8849341E+01;0.3883167E+11
0.44692597132680E+11;-0.8863419E+01;0.3763702E+11
0.44715791750446E+11;-0.8876138E+01;0.3660892E+11
0.44739558220878E+11;-0.8888227E+01;0.3567816E+11
0.44763981224247E+11;-0.8899735E+01;0.3483336E+11
0.44788969361987E+11;-0.8910640E+01;0.3406982E+11
0.44815181907694E+11;-0.8921218E+01;0.3336278E+11
0.44841329454392E+11;-0.8930935E+01;0.3273919E+11
0.44867922571686E+11;-0.8940030E+01;0.3217604E+11
0.44895024262760E+11;-0.8948559E+01;0.3166538E+11
0.44922312869219E+11;-0.8956399E+01;0.3120691E+11
0.44950148835672E+11;-0.8963712E+01;0.3078783E+11
0.44977396076560E+11;-0.8970219E+01;0.3041854E+11
0.45006691789785E+11;-0.8976533E+01;0.3006088E+11
0.45034424661732E+11;-0.8981895E+01;0.2975398E+11
0.45063329100279E+11;-0.8986877E+01;0.2946231E+11
0.45091488719336E+11;-0.8991149E+01;0.2920438E+11
0.45120834291877E+11;-0.8995011E+01;0.2896291E+11
0.45151200795735E+11;-0.8998345E+01;0.2874276E+11
0.45180088181386E+11;-0.9000497E+01;0.2856204E+11
0.45208570563801E+11;-0.9000577E+01;0.2841173E+11
0.45235873110486E+11;-0.9000647E+01;0.2829425E+11
0.45262772397689E+11;-0.9000710E+01;0.2820444E+11
0.45290794404913E+11;-0.9000771E+01;0.2813741E+11
0.45320023849553E+11;-0.9000828E+01;0.2809317E+11
0.45348653482435E+11;-0.9000880E+01;0.2807177E+11
0.45377194212670E+11;-0.9000927E+01;0.2807014E+11
0.45405324246146E+11;-0.9000969E+01;0.2808593E+11
0.45433236509364E+11;-0.9001008E+01;0.2811519E+11
0.45461456012044E+11;-0.9001044E+01;0.2815450E+11
0.45490136140409E+11;-0.9001077E+01;0.2820193E+11
0.45518965567687E+11;-0.9001108E+01;0.2825614E+11
0.45547286430168E+11;-0.9001136E+01;0.2831531E+11
0.45574980418632E+11;-0.9001160E+01;0.2837807E+11
0.45602694220621E+11;-0.9001183E+01;0.2844470E+11
0.45631124635733E+11;-0.9001205E+01;0.2851760E+11
0.45660108434184E+11;-0.9001225E+01;0.2859930E+11
0.45688643666828E+11;-0.9001243E+01;0.2868970E+11
0.45716106597263E+11;-0.9001259E+01;0.2878616E+11
0.45743122147487E+11;-0.9001273E+01;0.2888951E+11
0.45770929296776E+11;-0.9001286E+01;0.2900523E+11
0.45799915320598E+11;-0.9001299E+01;0.2913667E+11
0.45828648324980E+11;-0.9001310E+01;0.2927708E+11
0.45856136037246E+11;-0.9001320E+01;0.2941849E+11
0.45882598617279E+11;-0.9001328E+01;0.2955957E+11
0.45909515840013E+11;-0.9001336E+01;0.2970814E+11
0.45937986014124E+11;-0.9001343E+01;0.2987154E+11
0.45966767447470E+11;-0.9001350E+01;0.3004168E+11
0.45993669127773E+11;-0.9001355E+01;0.3020282E+11
0.46020085979145E+11;-0.9001359E+01;0.3036246E+11
0.46047200003280E+11;-0.9001363E+01;0.3052800E+11
0.46075422706846E+11;-0.9001367E+01;0.3070320E+11
0.46103023612848E+11;-0.9001369E+01;0.3087719E+11
0.46128940491463E+11;-0.9001372E+01;0.3104203E+11
0.46155390962341E+11;-0.9001373E+01;0.3121345E+11
0.46182922765019E+11;-0.9001375E+01;0.3139868E+11
0.46211247354009E+11;-0.9001376E+01;0.3159720E+11
0.46236805765924E+11;-0.9001376E+01;0.3178210E+11
0.46262453854931E+11;-0.9001376E+01;0.3197272E+11
0.46289114161275E+11;-0.9001376E+01;0.3217624E+11
0.46317424537371E+11;-0.9001375E+01;0.3239783E+11
0.46343203147390E+11;-0.9001374E+01;0.3260407E+11
0.46368223215283E+11;-0.9001372E+01;0.3280678E+11
0.46394277793581E+11;-0.9001371E+01;0.3301895E+11
0.46420949951714E+11;-0.9001369E+01;0.3323841E+11
0.46447802021999E+11;-0.9001367E+01;0.3346145E+11
0.46472210329829E+11;-0.9001364E+01;0.3366421E+11
0.46498366641047E+11;-0.9001362E+01;0.3388126E+11
0.46523228154670E+11;-0.9001359E+01;0.3408843E+11
0.46550111891355E+11;-0.9001356E+01;0.3431448E+11
0.46574580065603E+11;-0.9001353E+01;0.3452328E+11
0.46598828886205E+11;-0.9001350E+01;0.3473473E+11
0.46624337508075E+11;-0.9001346E+01;0.3496248E+11
0.46649274009421E+11;-0.9001343E+01;0.3519030E+11
0.46674542621584E+11;-0.9001339E+01;0.3542590E+11
0.46697949448892E+11;-0.9001335E+01;0.3564735E+11
0.46723456377365E+11;-0.9001331E+01;0.3589071E+11
0.46748169277293E+11;-0.9001327E+01;0.3612811E+11
0.46772496227534E+11;-0.9001323E+01;0.3636340E+11
0.46795962201180E+11;-0.9001318E+01;0.3659151E+11
0.46819618041422E+11;-0.9001314E+01;0.3682364E+11
0.46845287408363E+11;-0.9001309E+01;0.3707897E+11
0.46868519120673E+11;-0.9001305E+01;0.3731155E+11
0.46892385772331E+11;-0.9001300E+01;0.3755060E+11
0.46914901512477E+11;-0.9001296E+01;0.3777714E+11
0.46940074769618E+11;-0.9001291E+01;0.3803291E+11
0.46963567476367E+11;-0.9001286E+01;0.3827486E+11
0.46986547474683E+11;-0.9001281E+01;0.3851504E+11
0.47008922207358E+11;-0.9001276E+01;0.3875311E+11
0.47032334933025E+11;-0.9001271E+01;0.3900824E+11
0.47056228746969E+11;-0.9001266E+01;0.3927483E+11
0.47079155932679E+11;-0.9001260E+01;0.3953314E+11
0.47101609341816E+11;-0.9001255E+01;0.3978544E+11
0.47123488882890E+11;-0.9001250E+01;0.4003084E+11
0.47147335835410E+11;-0.9001245E+01;0.4029969E+11
0.47170215594737E+11;-0.9001239E+01;0.4055923E+11
0.47192400652935E+11;-0.9001234E+01;0.4081149E+11
0.47213766223008E+11;-0.9001229E+01;0.4105588E+11
0.47236923108315E+11;-0.9001223E+01;0.4132538E+11
0.47259369758539E+11;-0.9001217E+01;0.4159136E+11
0.47281630311477E+11;-0.9001212E+01;0.4185660E+11
0.47302506113684E+11;-0.9001207E+01;0.4210628E+11
0.47324348748508E+11;-0.9001201E+01;0.4237051E+11
