Nr;Dags.;Timi;Dagtimi;Breidd;Lengd;Dypi;M;ML
142;20180102;184904.701;2018-01-02 18:49:04.701;64.6249;-17.48822;3.33;1.52;0.92
161;20180103;002446.617;2018-01-03 00:24:46.617;64.61701;-17.45986;0.451;1.75;1.29
162;20180103;003428.151;2018-01-03 00:34:28.151;64.5937;-17.54999;0.331;0.55;0.45
195;20180103;123109.939;2018-01-03 12:31:09.939;64.66294;-17.50522;3.004;1.5899999999999999;1.38
222;20180103;223340.079;2018-01-03 22:33:40.079;64.65423;-17.36925;0.135;1.1;0.68
225;20180103;232607.252;2018-01-03 23:26:07.252;64.65807;-17.5409;16.182;0.8300000000000001;0.52
227;20180103;232753.926;2018-01-03 23:27:53.926;64.63834;-17.3854;7.974;1.18;0.77
237;20180104;015208.349;2018-01-04 01:52:08.349;64.63194;-17.36369;2.526;2.85;2.1
297;20180105;024616.983;2018-01-05 02:46:16.983;64.62201;-17.38146;6.124;2.62;1.73
330;20180105;112127.081;2018-01-05 11:21:27.081;64.63126;-17.37589;2.035;0.85;0.51
334;20180105;133234.606;2018-01-05 13:32:34.606;64.62437;-17.44146;2.806;0.9400000000000001;0.6900000000000001
390;20180106;002812.148;2018-01-06 00:28:12.148;64.61724;-17.47527;0.135;0.73;0.31
400;20180106;031707.979;2018-01-06 03:17:07.979;64.62867;-17.46165;1.413;0.97;0.75
402;20180106;033115.266;2018-01-06 03:31:15.266;64.60543;-17.45535;2.451;1.9500000000000002;1.6600000000000001
436;20180106;150847.064;2018-01-06 15:08:47.064;64.61414;-17.34983;3.559;0.97;0.67
437;20180106;151819.450;2018-01-06 15:18:19.450;64.67467;-17.52192;4.719;0.02;-0.41000000000000003
441;20180106;171028.665;2018-01-06 17:10:28.665;64.6068;-17.4573;0.135;0.18;-0.09
442;20180106;190215.472;2018-01-06 19:02:15.472;64.67945;-17.47057;3.08;0.45;0.36
449;20180106;211430.667;2018-01-06 21:14:30.667;64.63497;-17.432290000000002;3.979;0.79;0.43
455;20180106;233014.120;2018-01-06 23:30:14.120;64.62349;-17.45293;0.809;-0.23;-0.06
470;20180107;070257.425;2018-01-07 07:02:57.425;64.66651;-17.48739;3.561;0.01;0.12
471;20180107;071115.186;2018-01-07 07:11:15.186;64.64199;-17.50171;2.396;0.61;0.41000000000000003
516;20180107;201617.025;2018-01-07 20:16:17.025;64.62483;-17.4724;2.8609999999999998;1.33;0.5700000000000001
6;20180108;055721.825;2018-01-08 05:57:21.825;64.67645;-17.39935;4.869;0.64;0.32
11;20180108;164503.714;2018-01-08 16:45:03.714;64.6666;-17.38934;0.301;0.96;1.12
22;20180109;134226.452;2018-01-09 13:42:26.452;64.6174;-17.49252;0.135;0.38;-0.21
24;20180109;162120.925;2018-01-09 16:21:20.925;64.65778;-17.49407;4.127;0.8200000000000001;0.06
25;20180109;164636.226;2018-01-09 16:46:36.226;64.6797;-17.47534;2.9370000000000003;1.96;2.1
26;20180109;175544.607;2018-01-09 17:55:44.607;64.64668;-17.43634;0.402;0.08;0.42
31;20180109;205518.562;2018-01-09 20:55:18.562;64.62366;-17.4245;0.836;0.53;0.61
36;20180110;035827.619;2018-01-10 03:58:27.619;64.65781;-17.49239;3.999;2.84;2.48
44;20180110;073742.712;2018-01-10 07:37:42.712;64.63734;-17.37438;0.8;0.76;0.6000000000000001
45;20180110;075806.659;2018-01-10 07:58:06.659;64.62932;-17.44424;2.028;0.35000000000000003;-0.48
60;20180110;112044.259;2018-01-10 11:20:44.259;64.63895;-17.37754;1.405;0.67;0.36
61;20180110;112357.158;2018-01-10 11:23:57.158;64.66046;-17.52547;2.935;0.87;0.6900000000000001
65;20180110;115849.770;2018-01-10 11:58:49.770;64.59608;-17.5181;0.135;0.44;0.24
74;20180110;171755.660;2018-01-10 17:17:55.660;64.61988;-17.48765;2.87;1.18;0.43
82;20180110;194314.573;2018-01-10 19:43:14.573;64.66278;-17.53239;2.462;0.7000000000000001;-0.08
91;20180110;232240.441;2018-01-10 23:22:40.441;64.61068;-17.52064;1.74;0.89;0.79
94;20180111;000101.322;2018-01-11 00:01:01.322;64.62057;-17.51472;1.808;0.89;0.55
95;20180111;000846.657;2018-01-11 00:08:46.657;64.6282;-17.44298;6.483;0.42;-0.35000000000000003
98;20180111;025522.850;2018-01-11 02:55:22.850;64.64668;-17.46835;7.281;0.54;-0.72
100;20180111;032633.577;2018-01-11 03:26:33.577;64.59816000000001;-17.49716;0.135;0.25;-0.17
102;20180111;035001.785;2018-01-11 03:50:01.785;64.64767;-17.56421;5.026;0.34;-0.16
107;20180111;054331.597;2018-01-11 05:43:31.597;64.61512;-17.46978;0.135;0.9400000000000001;0.79
139;20180111;171533.040;2018-01-11 17:15:33.040;64.61201;-17.52992;0.372;0.8200000000000001;0.73
161;20180112;164741.616;2018-01-12 16:47:41.616;64.62858;-17.39559;2.146;1.07;1.07
171;20180113;044216.452;2018-01-13 04:42:16.452;64.66883;-17.47612;4.073;0.65;0.24
222;20180114;214111.035;2018-01-14 21:41:11.035;64.62073;-17.4649;7.805;1.9;1.4
7;20180115;081208.707;2018-01-15 08:12:08.707;64.65063;-17.37479;0.335;0.75;0.43
8;20180115;093948.671;2018-01-15 09:39:48.671;64.62031;-17.49512;5.28;3.51;2.52
9;20180115;094350.558;2018-01-15 09:43:50.558;64.60284;-17.52292;0.135;0.81;0.26
10;20180115;094759.858;2018-01-15 09:47:59.858;64.62041;-17.4321;6.761;3.32;2.32
12;20180115;095836.538;2018-01-15 09:58:36.538;64.61012;-17.50833;1.6019999999999999;1.74;1.09
14;20180115;113543.826;2018-01-15 11:35:43.826;64.60361;-17.51967;0.135;1.15;0.76
21;20180115;141643.744;2018-01-15 14:16:43.744;64.6491;-17.38095;0.40900000000000003;0.78;0.5700000000000001
56;20180116;171656.228;2018-01-16 17:16:56.228;64.63686;-17.40297;1.039;0.54;0.31
58;20180116;185434.737;2018-01-16 18:54:34.737;64.63466;-17.39837;1.066;0.16;0.14
78;20180117;121233.434;2018-01-17 12:12:33.434;64.66872;-17.53637;2.654;0.08;-0.46
80;20180117;132727.731;2018-01-17 13:27:27.731;64.62314;-17.41685;1.643;0.61;0.2
128;20180118;140047.418;2018-01-18 14:00:47.418;64.67928;-17.50534;2.749;0.25;0.06
151;20180119;044508.384;2018-01-19 04:45:08.384;64.6729;-17.46443;2.904;1.73;1.25
163;20180119;094152.495;2018-01-19 09:41:52.495;64.62885;-17.45814;5.819;0.77;-0.12
164;20180119;100244.584;2018-01-19 10:02:44.584;64.65368;-17.53154;2.874;0.73;-0.21
182;20180119;181234.884;2018-01-19 18:12:34.884;64.67146;-17.47174;3.795;0.03;-0.22
186;20180119;192430.083;2018-01-19 19:24:30.083;64.68443;-17.47365;3.137;1.56;1.11
191;20180119;215004.686;2018-01-19 21:50:04.686;64.67484;-17.45516;1.888;1.28;0.8300000000000001
225;20180120;094109.917;2018-01-20 09:41:09.917;64.67236;-17.50288;3.009;0.85;0.9
257;20180121;015336.822;2018-01-21 01:53:36.822;64.6584;-17.42443;1.625;0.87;0.43
259;20180121;020226.033;2018-01-21 02:02:26.033;64.65049;-17.43432;4.25;-0.14;-0.47000000000000003
261;20180121;031409.467;2018-01-21 03:14:09.467;64.58962;-17.37294;3.667;0.19;0.17
3;20180122;011827.802;2018-01-22 01:18:27.802;64.62753;-17.40791;1.447;1.23;1.15
13;20180122;090444.702;2018-01-22 09:04:44.702;64.67043;-17.40817;0.082;0.27;-0.15
17;20180122;115635.482;2018-01-22 11:56:35.482;64.61797;-17.46504;2.7720000000000002;1.5;1.07
37;20180122;224648.051;2018-01-22 22:46:48.051;64.61526;-17.46046;1.5590000000000002;1.46;1.1400000000000001
45;20180123;025119.982;2018-01-23 02:51:19.982;64.63573;-17.35755;0.181;2.12;1.75
74;20180123;213733.237;2018-01-23 21:37:33.237;64.65244;-17.37155;0.135;0.65;0.47000000000000003
89;20180124;095206.304;2018-01-24 09:52:06.304;64.66352;-17.38487;6.179;0.67;0.17
90;20180124;101117.383;2018-01-24 10:11:17.383;64.64856;-17.37704;0.135;1.53;1.54
98;20180124;184532.960;2018-01-24 18:45:32.960;64.67358;-17.39141;0.135;1.31;1.52
99;20180124;215659.742;2018-01-24 21:56:59.742;64.64125;-17.49281;1.167;0.32;0.23
104;20180125;005623.394;2018-01-25 00:56:23.394;64.65221;-17.39508;2.134;0.86;0.0
108;20180125;033131.681;2018-01-25 03:31:31.681;64.59856;-17.44647;0.135;0.66;0.6000000000000001
114;20180125;080212.528;2018-01-25 08:02:12.528;64.64257;-17.36061;0.135;2.84;2.38
127;20180125;182334.389;2018-01-25 18:23:34.389;64.67583;-17.46418;2.722;1.62;1.3599999999999999
128;20180125;185351.067;2018-01-25 18:53:51.067;64.67363;-17.41439;0.987;0.92;0.77
136;20180125;215835.099;2018-01-25 21:58:35.099;64.66724;-17.43196;1.282;1.76;1.67
212;20180127;170453.575;2018-01-27 17:04:53.575;64.63715;-17.49531;1.796;0.48;0.15
218;20180127;210345.574;2018-01-27 21:03:45.574;64.61774;-17.45184;4.98;0.6000000000000001;-0.27
225;20180128;012431.971;2018-01-28 01:24:31.971;64.65126;-17.51865;4.665;0.66;0.01
230;20180128;035007.054;2018-01-28 03:50:07.054;64.63284;-17.483530000000002;2.328;0.8200000000000001;0.6900000000000001
322;20180128;113110.705;2018-01-28 11:31:10.705;64.62621;-17.37056;0.653;0.9500000000000001;0.6900000000000001
336;20180128;123928.256;2018-01-28 12:39:28.256;64.66554;-17.46053;3.321;0.03;-0.36
341;20180128;130811.935;2018-01-28 13:08:11.935;64.65783;-17.54729;4.743;0.8200000000000001;0.6000000000000001
344;20180128;132206.761;2018-01-28 13:22:06.761;64.64151;-17.39795;1.7690000000000001;0.16;0.08
347;20180128;140409.262;2018-01-28 14:04:09.262;64.64356;-17.47733;2.106;0.11;0.23
360;20180128;150152.339;2018-01-28 15:01:52.339;64.63165;-17.49082;2.831;0.4;0.59
35;20180129;053637.767;2018-01-29 05:36:37.767;64.63263;-17.5368;2.125;-0.12;-1.18
55;20180129;094638.347;2018-01-29 09:46:38.347;64.65878;-17.54808;4.33;0.33;0.17
67;20180129;125956.573;2018-01-29 12:59:56.573;64.64399;-17.47836;2.876;0.31;0.28
71;20180129;143406.835;2018-01-29 14:34:06.835;64.61506;-17.47161;2.667;1.57;0.88
78;20180129;215152.967;2018-01-29 21:51:52.967;64.67818;-17.45801;2.5140000000000002;1.47;1.48
85;20180130;000149.829;2018-01-30 00:01:49.829;64.6749;-17.48118;4.072;0.05;-0.7000000000000001
94;20180130;014107.022;2018-01-30 01:41:07.022;64.67422;-17.48332;4.471;-0.13;-0.74
98;20180130;015540.795;2018-01-30 01:55:40.795;64.6792;-17.46512;0.135;-0.6000000000000001;-0.79
99;20180130;015550.632;2018-01-30 01:55:50.632;64.66783;-17.48827;4.504;-0.19;-1.46
120;20180130;061008.849;2018-01-30 06:10:08.849;64.64391;-17.49515;0.135;1.22;0.93
142;20180130;124450.044;2018-01-30 12:44:50.044;64.66397;-17.47515;4.291;0.61;0.1
150;20180130;174857.903;2018-01-30 17:48:57.903;64.67793;-17.45743;1.009;3.67;3.33
151;20180130;175102.655;2018-01-30 17:51:02.655;64.65247;-17.43433;2.99;0.92;1.16
152;20180130;175248.978;2018-01-30 17:52:48.978;64.64661;-17.41825;1.8290000000000002;0.16;0.34
153;20180130;175326.280;2018-01-30 17:53:26.280;64.65458;-17.3841;0.219;0.42;0.5700000000000001
154;20180130;175435.740;2018-01-30 17:54:35.740;64.63519;-17.36645;0.257;1.09;0.71
155;20180130;175518.112;2018-01-30 17:55:18.112;64.64793;-17.43851;3.021;0.05;-0.03
156;20180130;175554.766;2018-01-30 17:55:54.766;64.66235;-17.38083;0.248;1.74;1.38
157;20180130;175734.544;2018-01-30 17:57:34.544;64.65526;-17.37524;0.215;1.8599999999999999;1.55
158;20180130;175958.587;2018-01-30 17:59:58.587;64.66045;-17.44971;2.4050000000000002;0.56;0.5
159;20180130;180023.275;2018-01-30 18:00:23.275;64.66473;-17.46259;1.609;3.75;2.87
160;20180130;180306.339;2018-01-30 18:03:06.339;64.64843;-17.44413;3.043;0.52;0.66
162;20180130;180759.840;2018-01-30 18:07:59.840;64.67068;-17.47511;3.008;1.24;0.9400000000000001
163;20180130;180843.297;2018-01-30 18:08:43.297;64.65723;-17.44503;3.4050000000000002;0.06;-0.26
164;20180130;181129.987;2018-01-30 18:11:29.987;64.66441;-17.47442;3.23;0.62;0.6000000000000001
166;20180130;181906.466;2018-01-30 18:19:06.466;64.6348;-17.41748;1.7770000000000001;0.47000000000000003;0.2
168;20180130;183124.044;2018-01-30 18:31:24.044;64.68307;-17.45636;2.836;1.35;0.8200000000000001
169;20180130;185617.843;2018-01-30 18:56:17.843;64.6665;-17.43294;3.285;1.03;0.93
170;20180130;185849.729;2018-01-30 18:58:49.729;64.6619;-17.3915;1.3820000000000001;0.89;0.9
171;20180130;185958.628;2018-01-30 18:59:58.628;64.65887;-17.39749;1.812;1.02;0.97
172;20180130;191548.145;2018-01-30 19:15:48.145;64.66306;-17.39196;1.073;0.64;0.52
173;20180130;192418.700;2018-01-30 19:24:18.700;64.66837;-17.4374;1.831;4.91;3.71
174;20180130;193036.044;2018-01-30 19:30:36.044;64.6337;-17.45197;2.116;0.62;0.5
175;20180130;193515.670;2018-01-30 19:35:15.670;64.64469;-17.48208;2.289;0.12;-0.09
176;20180130;193712.966;2018-01-30 19:37:12.966;64.65409;-17.530450000000002;3.127;1.4;0.97
177;20180130;194752.171;2018-01-30 19:47:52.171;64.62372;-17.35391;0.135;1.3900000000000001;0.93
182;20180130;212940.193;2018-01-30 21:29:40.193;64.66797;-17.48173;3.165;1.6800000000000002;0.9400000000000001
190;20180131;002242.562;2018-01-31 00:22:42.562;64.64588;-17.50511;0.135;-0.29;-0.71
388;20180131;200233.406;2018-01-31 20:02:33.406;64.62648;-17.58834;0.135;0.07;-0.66
398;20180201;002041.279;2018-02-01 00:20:41.279;64.62032;-17.48045;2.94;1.44;0.75
416;20180201;101139.881;2018-02-01 10:11:39.881;64.68224;-17.48178;2.9130000000000003;0.05;-0.73
534;20180203;215013.253;2018-02-03 21:50:13.253;64.64317;-17.48009;2.408;0.79;0.81
537;20180203;231718.265;2018-02-03 23:17:18.265;64.67152;-17.46038;2.814;1.77;1.21
544;20180204;033058.904;2018-02-04 03:30:58.904;64.671;-17.46996;2.36;2.25;1.94
5;20180205;041826.361;2018-02-05 04:18:26.361;64.67574;-17.44398;6.881;0.64;0.61
14;20180205;053151.263;2018-02-05 05:31:51.263;64.61819;-17.493;4.497;2.56;2.13
20;20180205;062246.912;2018-02-05 06:22:46.912;64.61868;-17.52393;2.7720000000000002;1.48;1.0
22;20180205;074658.624;2018-02-05 07:46:58.624;64.63014;-17.47124;2.375;1.05;0.61
59;20180212;164643.692;2018-02-12 16:46:43.692;64.65137;-17.51092;2.37;0.39;-0.6900000000000001
104;20180213;022206.368;2018-02-13 02:22:06.368;64.63666;-17.3737;6.029;2.19;1.72
622;20180215;033702.601;2018-02-15 03:37:02.601;64.62012;-17.47383;2.851;1.54;1.02
687;20180215;092635.263;2018-02-15 09:26:35.263;64.60774;-17.42131;6.867;0.85;0.58
885;20180215;220114.892;2018-02-15 22:01:14.892;64.63593;-17.36669;0.557;1.4;0.89
756;20180225;072730.230;2018-02-25 07:27:30.230;64.6241;-17.46705;2.084;0.68;-0.18
783;20180225;145221.549;2018-02-25 14:52:21.549;64.6288;-17.42358;0.135;1.3599999999999999;1.11
15;20180226;021908.913;2018-02-26 02:19:08.913;64.65334;-17.3725;0.404;1.07;1.06
63;20180226;134149.897;2018-02-26 13:41:49.897;64.61689;-17.43392;0.62;0.74;1.01
68;20180226;151725.035;2018-02-26 15:17:25.035;64.64015;-17.37037;4.091;1.11;0.93
75;20180226;190342.587;2018-02-26 19:03:42.587;64.62095;-17.43595;2.417;0.5;-0.03
82;20180226;205943.092;2018-02-26 20:59:43.092;64.67839;-17.49072;2.717;0.22;-0.1
83;20180226;210013.285;2018-02-26 21:00:13.285;64.66978;-17.47907;1.7000000000000002;1.27;0.84
87;20180226;235629.816;2018-02-26 23:56:29.816;64.62085;-17.46825;7.736;2.05;1.55
88;20180227;000834.021;2018-02-27 00:08:34.021;64.62934;-17.48118;4.575;0.61;-0.05
100;20180227;025713.956;2018-02-27 02:57:13.956;64.6066;-17.48751;2.382;0.26;-0.23
114;20180227;052003.414;2018-02-27 05:20:03.414;64.62222;-17.45666;2.666;0.97;0.35000000000000003
115;20180227;052037.793;2018-02-27 05:20:37.793;64.6187;-17.4514;1.9300000000000002;0.86;1.02
116;20180227;052139.936;2018-02-27 05:21:39.936;64.61768000000001;-17.45894;0.662;0.02;-0.32
122;20180227;072333.813;2018-02-27 07:23:33.813;64.66013;-17.39778;11.367;0.85;0.04
136;20180227;082249.005;2018-02-27 08:22:49.005;64.62656;-17.37544;1.5150000000000001;1.4100000000000001;1.03
137;20180227;082540.072;2018-02-27 08:25:40.072;64.62861;-17.375;0.969;0.85;0.8200000000000001
139;20180227;085537.858;2018-02-27 08:55:37.858;64.62408;-17.3815;0.135;0.53;0.35000000000000003
156;20180227;145340.444;2018-02-27 14:53:40.444;64.62495;-17.3889;0.135;0.05;-0.36
178;20180227;184108.016;2018-02-27 18:41:08.016;64.61491;-17.48503;2.32;0.86;0.63
181;20180227;194549.633;2018-02-27 19:45:49.633;64.59757;-17.4915;0.135;-0.12;0.11
184;20180227;204357.507;2018-02-27 20:43:57.507;64.62412;-17.47371;1.832;0.5;0.01
186;20180227;205340.645;2018-02-27 20:53:40.645;64.67185;-17.48099;2.777;0.44;0.37
197;20180227;225309.503;2018-02-27 22:53:09.503;64.63423;-17.44386;0.135;0.16;-0.19
201;20180228;001626.273;2018-02-28 00:16:26.273;64.60905;-17.49112;0.135;0.04;-0.27
214;20180228;030023.440;2018-02-28 03:00:23.440;64.61186000000001;-17.49244;1.2650000000000001;1.3;0.96
307;20180228;234554.943;2018-02-28 23:45:54.943;64.67973;-17.45343;2.694;-0.37;-0.16
330;20180301;101827.012;2018-03-01 10:18:27.012;64.68285;-17.51829;2.615;0.56;0.30000000000000004
346;20180301;142042.887;2018-03-01 14:20:42.887;64.67847;-17.47044;3.087;1.43;0.92
368;20180301;203814.193;2018-03-01 20:38:14.193;64.66949;-17.48392;2.572;0.30000000000000004;0.11
374;20180301;223859.447;2018-03-01 22:38:59.447;64.67596;-17.528;2.9699999999999998;1.03;0.81
376;20180301;224223.015;2018-03-01 22:42:23.015;64.59575;-17.52606;0.135;0.12;-0.30000000000000004
380;20180301;233108.354;2018-03-01 23:31:08.354;64.63377;-17.37014;0.135;0.66;0.52
392;20180302;012752.903;2018-03-02 01:27:52.903;64.66071;-17.4561;3.515;0.27;-0.34
428;20180302;084310.026;2018-03-02 08:43:10.026;64.6208;-17.39253;1.996;2.23;1.77
429;20180302;084516.765;2018-03-02 08:45:16.765;64.61712;-17.40427;1.009;1.22;0.93
432;20180302;091438.451;2018-03-02 09:14:38.451;64.62122;-17.38355;2.966;2.79;2.67
433;20180302;091623.015;2018-03-02 09:16:23.015;64.63609;-17.3747;0.667;0.73;0.73
434;20180302;091909.866;2018-03-02 09:19:09.866;64.63803;-17.38757;0.937;0.51;0.37
447;20180302;131412.547;2018-03-02 13:14:12.547;64.62566;-17.40727;0.135;0.11;-0.18
457;20180302;155516.074;2018-03-02 15:55:16.074;64.62868;-17.42847;3.432;0.47000000000000003;-0.02
522;20180303;144622.607;2018-03-03 14:46:22.607;64.65871;-17.53998;3.104;0.26;-0.37
543;20180303;182950.532;2018-03-03 18:29:50.532;64.6127;-17.51879;1.486;0.77;0.09
548;20180303;190324.405;2018-03-03 19:03:24.405;64.61835;-17.48931;4.227;1.92;1.5
549;20180303;190420.020;2018-03-03 19:04:20.020;64.61493;-17.51144;1.7570000000000001;0.71;0.39
550;20180303;190602.990;2018-03-03 19:06:02.990;64.58367;-17.57871;0.135;0.65;0.18
551;20180303;190823.522;2018-03-03 19:08:23.522;64.6031;-17.52042;0.135;0.44;0.05
552;20180303;191127.499;2018-03-03 19:11:27.499;64.619;-17.46695;1.376;1.24;0.67
553;20180303;195950.734;2018-03-03 19:59:50.734;64.61708;-17.478650000000002;1.288;0.49;-0.15
555;20180303;200407.316;2018-03-03 20:04:07.316;64.67064;-17.396630000000002;0.135;0.31;-0.17
563;20180303;234929.521;2018-03-03 23:49:29.521;64.68489;-17.48053;2.584;0.8300000000000001;0.85
573;20180304;021855.304;2018-03-04 02:18:55.304;64.61816;-17.41232;1.7309999999999999;0.35000000000000003;-0.30000000000000004
580;20180304;030600.922;2018-03-04 03:06:00.922;64.60363;-17.50175;0.135;-0.12;-0.5700000000000001
608;20180304;131705.112;2018-03-04 13:17:05.112;64.6038;-17.5732;2.178;0.41000000000000003;-0.31
621;20180304;191634.281;2018-03-04 19:16:34.281;64.6142;-17.43542;0.135;0.65;0.49
7;20180305;023029.975;2018-03-05 02:30:29.975;64.68216;-17.48166;1.846;0.6900000000000001;0.96
15;20180305;050328.033;2018-03-05 05:03:28.033;64.67893;-17.44853;2.451;1.6099999999999999;1.31
22;20180305;065919.311;2018-03-05 06:59:19.311;64.64597;-17.52616;25.783;0.58;0.72
33;20180305;133838.194;2018-03-05 13:38:38.194;64.62046;-17.47291;2.819;1.37;1.07
42;20180305;191628.480;2018-03-05 19:16:28.480;64.62563;-17.47482;1.423;0.92;0.65
79;20180306;045610.020;2018-03-06 04:56:10.020;64.63793;-17.50033;7.86;0.8200000000000001;0.16
80;20180306;045637.034;2018-03-06 04:56:37.034;64.62674;-17.45259;0.021;0.27;0.02
81;20180306;045700.166;2018-03-06 04:57:00.166;64.63159;-17.4409;0.052000000000000005;0.8200000000000001;0.41000000000000003
82;20180306;045726.871;2018-03-06 04:57:26.871;64.62737;-17.44268;2.343;1.08;0.92
83;20180306;045936.913;2018-03-06 04:59:36.913;64.62448;-17.43882;1.176;0.44;0.01
117;20180306;094232.981;2018-03-06 09:42:32.981;64.60989000000001;-17.51142;0.135;0.23;0.19
118;20180306;094520.685;2018-03-06 09:45:20.685;64.60782;-17.52071;0.135;0.16;-0.35000000000000003
120;20180306;095142.751;2018-03-06 09:51:42.751;64.62252;-17.48336;0.135;0.8;0.62
121;20180306;100227.226;2018-03-06 10:02:27.226;64.61489;-17.49177;1.9889999999999999;2.01;1.7000000000000002
122;20180306;100759.069;2018-03-06 10:07:59.069;64.61636;-17.49124;1.62;2.39;2.22
123;20180306;100849.012;2018-03-06 10:08:49.012;64.61088;-17.50091;0.042;2.46;1.9300000000000002
124;20180306;101206.227;2018-03-06 10:12:06.227;64.62039;-17.53228;0.402;-0.16;-0.51
130;20180306;112600.050;2018-03-06 11:26:00.050;64.60593;-17.51158;0.051000000000000004;0.63;-0.01
139;20180306;143923.683;2018-03-06 14:39:23.683;64.62064;-17.42485;0.082;0.91;0.11
168;20180306;215923.176;2018-03-06 21:59:23.176;64.60564;-17.48972;0.035;0.17;-0.24
183;20180307;034211.442;2018-03-07 03:42:11.442;64.62241;-17.43726;1.699;1.01;0.08
187;20180307;041831.260;2018-03-07 04:18:31.260;64.6203;-17.47601;1.708;0.91;0.46
188;20180307;045828.732;2018-03-07 04:58:28.732;64.62;-17.45161;1.384;1.8599999999999999;1.49
189;20180307;050437.646;2018-03-07 05:04:37.646;64.61732;-17.48106;0.88;0.67;0.41000000000000003
191;20180307;053024.293;2018-03-07 05:30:24.293;64.61515;-17.42881;0.062;0.27;-0.43
192;20180307;054046.208;2018-03-07 05:40:46.208;64.64905;-17.52874;2.7199999999999998;1.3599999999999999;0.9
193;20180307;054520.761;2018-03-07 05:45:20.761;64.64708;-17.56087;0.135;0.4;-0.11
196;20180307;061057.607;2018-03-07 06:10:57.607;64.63542;-17.52999;0.135;0.24;-0.06
197;20180307;061142.328;2018-03-07 06:11:42.328;64.63505;-17.53334;0.529;-0.52;-0.62
200;20180307;063338.190;2018-03-07 06:33:38.190;64.61312;-17.58243;4.707;0.33;-0.17
201;20180307;063502.703;2018-03-07 06:35:02.703;64.63915;-17.36163;0.135;0.15;-0.34
202;20180307;063939.511;2018-03-07 06:39:39.511;64.60843;-17.5001;0.135;0.0;-0.46
203;20180307;065752.534;2018-03-07 06:57:52.534;64.62123;-17.47698;1.434;0.59;-0.28
214;20180307;082313.068;2018-03-07 08:23:13.068;64.63678;-17.52909;0.05;0.1;-0.16
215;20180307;082823.770;2018-03-07 08:28:23.770;64.63697;-17.53008;0.037;-0.61;-0.79
223;20180307;095800.491;2018-03-07 09:58:00.491;64.63724;-17.5424;1.085;-0.32;-0.44
247;20180307;130336.992;2018-03-07 13:03:36.992;64.63746;-17.51557;1.299;0.76;-0.03
248;20180307;132431.733;2018-03-07 13:24:31.733;64.6398;-17.53996;0.135;-0.06;-0.07
256;20180307;144018.143;2018-03-07 14:40:18.143;64.66541;-17.52321;1.379;0.8300000000000001;0.15
258;20180307;145213.142;2018-03-07 14:52:13.142;64.6741;-17.53121;1.871;0.67;-0.09
262;20180307;150739.406;2018-03-07 15:07:39.406;64.66209;-17.52123;2.52;1.31;0.9500000000000001
277;20180307;194004.558;2018-03-07 19:40:04.558;64.68463;-17.49746;2.159;0.41000000000000003;0.29
289;20180308;012813.841;2018-03-08 01:28:13.841;64.67682;-17.51049;2.54;0.43;0.7000000000000001
305;20180308;095057.477;2018-03-08 09:50:57.477;64.6833;-17.51683;2.356;0.32;0.19
328;20180308;145655.136;2018-03-08 14:56:55.136;64.61752;-17.43436;0.135;0.02;-0.39
381;20180309;124327.077;2018-03-09 12:43:27.077;64.64258;-17.45792;4.076;0.61;0.49
522;20180311;122720.315;2018-03-11 12:27:20.315;64.65002;-17.53782;3.902;-0.12;-0.51
524;20180311;130116.571;2018-03-11 13:01:16.571;64.66631;-17.44975;1.83;-0.35000000000000003;-0.54
525;20180311;130605.737;2018-03-11 13:06:05.737;64.62085;-17.47481;1.974;1.52;1.26
12;20180312;040806.576;2018-03-12 04:08:06.576;64.63213;-17.50987;1.705;0.65;0.02
572;20180312;062501.543;2018-03-12 06:25:01.543;64.68716;-17.39002;5.375;1.1400000000000001;0.58
33;20180312;102901.743;2018-03-12 10:29:01.743;64.64813;-17.48005;1.353;-0.1;0.0
80;20180313;005302.886;2018-03-13 00:53:02.886;64.62202;-17.44073;1.8719999999999999;0.93;0.4
90;20180313;031325.298;2018-03-13 03:13:25.298;64.61115;-17.47403;2.313;0.47000000000000003;-0.14
123;20180313;103610.276;2018-03-13 10:36:10.276;64.62469;-17.45356;2.411;1.8599999999999999;1.49
124;20180313;103901.897;2018-03-13 10:39:01.897;64.62845;-17.46083;1.327;0.72;0.56
125;20180313;104212.434;2018-03-13 10:42:12.434;64.62512;-17.47597;1.006;0.26;0.14
158;20180313;214127.105;2018-03-13 21:41:27.105;64.62614;-17.42986;1.828;1.3900000000000001;1.06
277;20180315;094305.843;2018-03-15 09:43:05.843;64.67615;-17.39942;3.452;0.47000000000000003;0.02
280;20180315;110622.345;2018-03-15 11:06:22.345;64.68555;-17.5123;0.8280000000000001;0.41000000000000003;0.16
410;20180317;013910.889;2018-03-17 01:39:10.889;64.64862;-17.36889;0.456;0.74;0.63
441;20180317;125819.220;2018-03-17 12:58:19.220;64.63676;-17.36438;0.8230000000000001;0.61;0.53
504;20180318;061047.125;2018-03-18 06:10:47.125;64.66756;-17.46185;2.627;0.52;0.52
505;20180318;063522.148;2018-03-18 06:35:22.148;64.67091;-17.47045;3.209;0.9;0.53
507;20180318;072902.243;2018-03-18 07:29:02.243;64.64699;-17.4533;2.017;-0.19;-0.26
1;20180319;001648.476;2018-03-19 00:16:48.476;64.631;-17.43004;4.476;0.32;-0.06
2;20180319;001756.007;2018-03-19 00:17:56.007;64.61391;-17.39746;0.17400000000000002;1.27;0.91
37;20180319;113201.541;2018-03-19 11:32:01.541;64.61953;-17.3617;0.39;0.43;0.48
71;20180319;234200.384;2018-03-19 23:42:00.384;64.62403;-17.38615;0.135;0.7000000000000001;0.5700000000000001
87;20180320;051053.997;2018-03-20 05:10:53.997;64.6507;-17.4581;2.521;0.38;0.51
89;20180320;061934.506;2018-03-20 06:19:34.506;64.6276;-17.49749;7.199;0.8200000000000001;0.42
91;20180320;062735.180;2018-03-20 06:27:35.180;64.61991;-17.46067;1.225;1.15;0.89
92;20180320;065723.262;2018-03-20 06:57:23.262;64.63055;-17.48548;4.572;1.05;0.72
97;20180320;085155.887;2018-03-20 08:51:55.887;64.63111;-17.54031;0.135;-0.08;-0.27
100;20180320;091430.660;2018-03-20 09:14:30.660;64.62424;-17.51674;1.116;1.3900000000000001;1.16
107;20180320;104931.393;2018-03-20 10:49:31.393;64.65607;-17.52914;3.308;1.83;0.97
108;20180320;110309.245;2018-03-20 11:03:09.245;64.65849;-17.52668;3.22;1.29;0.8200000000000001
194;20180321;150343.396;2018-03-21 15:03:43.396;64.61872;-17.46636;1.909;2.02;1.56
203;20180321;183240.834;2018-03-21 18:32:40.834;64.64661;-17.48352;1.8860000000000001;2.76;2.42
206;20180321;191736.361;2018-03-21 19:17:36.361;64.68125;-17.47501;3.484;1.2;0.73
210;20180321;203419.448;2018-03-21 20:34:19.448;64.66977;-17.46652;2.716;0.5;0.68
212;20180321;210548.028;2018-03-21 21:05:48.028;64.68306;-17.53757;2.547;0.33;-0.22
213;20180321;214518.735;2018-03-21 21:45:18.735;64.60857;-17.49689;0.153;0.55;0.98
216;20180321;225602.094;2018-03-21 22:56:02.094;64.62061;-17.42136;4.501;4.28;3.34
217;20180321;230252.201;2018-03-21 23:02:52.201;64.6225;-17.43584;4.783;2.64;2.3
218;20180321;230539.896;2018-03-21 23:05:39.896;64.62656;-17.45802;6.285;0.37;-0.21
221;20180322;003840.036;2018-03-22 00:38:40.036;64.62009;-17.43497;5.013;2.48;2.44
226;20180322;040854.882;2018-03-22 04:08:54.882;64.63837;-17.37484;0.797;0.66;0.59
295;20180323;021642.410;2018-03-23 02:16:42.410;64.66785;-17.47536;3.17;0.6900000000000001;0.73
410;20180324;165340.639;2018-03-24 16:53:40.639;64.65839;-17.51894;3.341;1.15;0.98
411;20180324;165352.529;2018-03-24 16:53:52.529;64.64127;-17.53131;0.864;1.3;1.03
101;20180328;012255.612;2018-03-28 01:22:55.612;64.63826;-17.52055;2.296;0.31;-0.30000000000000004
124;20180328;090726.380;2018-03-28 09:07:26.380;64.61496;-17.53527;3.549;1.94;1.44
163;20180329;063458.883;2018-03-29 06:34:58.883;64.67635;-17.46844;3.183;1.58;0.86
172;20180329;135642.611;2018-03-29 13:56:42.611;64.67532;-17.47551;8.133;0.52;0.17
178;20180329;165204.198;2018-03-29 16:52:04.198;64.65986;-17.52269;5.946;0.26;-0.72
186;20180329;210459.919;2018-03-29 21:04:59.919;64.6293;-17.47248;7.673;0.61;-0.08
263;20180330;201404.239;2018-03-30 20:14:04.239;64.62489;-17.40487;0.135;0.37;0.22
285;20180331;020159.222;2018-03-31 02:01:59.222;64.65759;-17.44213;3.091;-0.62;-0.54
292;20180331;040132.742;2018-03-31 04:01:32.742;64.65869;-17.52103;2.738;0.78;0.06
303;20180331;071303.796;2018-03-31 07:13:03.796;64.65727;-17.5229;2.421;0.48;-0.16
307;20180331;074415.652;2018-03-31 07:44:15.652;64.62479;-17.37725;1.565;1.2;0.92
427;20180401;043021.771;2018-04-01 04:30:21.771;64.66254;-17.51801;3.079;1.12;0.64
432;20180401;054803.485;2018-04-01 05:48:03.485;64.66715;-17.48713;3.018;0.9400000000000001;0.81
433;20180401;060921.931;2018-04-01 06:09:21.931;64.64489;-17.46649;2.023;-0.34;-0.26
444;20180401;121011.918;2018-04-01 12:10:11.918;64.65057;-17.48227;4.491;-0.29;-0.43
445;20180401;121105.499;2018-04-01 12:11:05.499;64.67775;-17.4984;3.212;0.73;0.55
446;20180401;121155.879;2018-04-01 12:11:55.879;64.66685;-17.46681;2.733;1.33;0.93
450;20180401;133313.120;2018-04-01 13:33:13.120;64.66497;-17.46152;2.4;3.23;2.37
451;20180401;134553.278;2018-04-01 13:45:53.278;64.65543;-17.4469;4.527;0.06;0.02
452;20180401;135446.002;2018-04-01 13:54:46.002;64.67982;-17.43503;2.936;0.93;0.74
453;20180401;140134.756;2018-04-01 14:01:34.756;64.64671;-17.48712;4.626;-0.59;-1.0
454;20180401;140755.752;2018-04-01 14:07:55.752;64.65238;-17.4594;1.441;-0.81;-0.65
456;20180401;144540.121;2018-04-01 14:45:40.121;64.68066;-17.50155;3.239;-0.67;-0.72
459;20180401;150308.701;2018-04-01 15:03:08.701;64.68067;-17.49545;3.543;0.5700000000000001;0.30000000000000004
480;20180401;210052.463;2018-04-01 21:00:52.463;64.66079;-17.45099;5.055;-0.6900000000000001;-0.8200000000000001
25;20180402;142833.837;2018-04-02 14:28:33.837;64.60441;-17.3868;5.005;0.73;1.0
42;20180403;014221.642;2018-04-03 01:42:21.642;64.66061;-17.44405;5.014;0.37;0.22
70;20180403;182304.489;2018-04-03 18:23:04.489;64.66191;-17.52766;2.851;0.81;0.6900000000000001
188;20180405;082510.226;2018-04-05 08:25:10.226;64.65332;-17.5078;2.822;0.26;1.15
189;20180405;082512.582;2018-04-05 08:25:12.582;64.66153;-17.50838;3.292;1.07;0.6900000000000001
190;20180405;083214.512;2018-04-05 08:32:14.512;64.64405;-17.50531;2.297;0.0;-0.26
194;20180405;091548.381;2018-04-05 09:15:48.381;64.67329;-17.4954;4.586;0.44;-0.38
211;20180405;170456.302;2018-04-05 17:04:56.302;64.64531;-17.35932;0.135;-0.09;-0.33
212;20180405;171242.385;2018-04-05 17:12:42.385;64.61542;-17.5176;2.025;-0.15;-0.5700000000000001
217;20180405;191238.240;2018-04-05 19:12:38.240;64.62699;-17.36187;0.184;0.8300000000000001;0.79
235;20180406;011459.387;2018-04-06 01:14:59.387;64.6226;-17.58449;0.867;0.04;-0.25
261;20180406;112158.889;2018-04-06 11:21:58.889;64.68359;-17.44771;1.1440000000000001;-0.15;-0.6000000000000001
268;20180406;150528.861;2018-04-06 15:05:28.861;64.63428;-17.50755;2.021;0.48;0.36
302;20180407;070004.153;2018-04-07 07:00:04.153;64.63425;-17.51245;2.052;0.12;-0.19
324;20180407;151024.572;2018-04-07 15:10:24.572;64.64993;-17.37206;0.40800000000000003;0.87;0.9500000000000001
442;20180408;231111.473;2018-04-08 23:11:11.473;64.64891;-17.43763;2.625;1.02;0.66
52;20180409;034828.854;2018-04-09 03:48:28.854;64.63692;-17.37698;7.591;0.46;0.37
83;20180409;104650.510;2018-04-09 10:46:50.510;64.61687;-17.58141;10.587;0.6000000000000001;0.05
90;20180409;124313.699;2018-04-09 12:43:13.699;64.67736;-17.44605;2.984;0.89;0.44
98;20180409;171916.340;2018-04-09 17:19:16.340;64.67181;-17.47802;6.736;0.15;-0.36
99;20180409;181035.797;2018-04-09 18:10:35.797;64.64181;-17.52196;2.5220000000000002;1.17;0.53
158;20180410;140049.979;2018-04-10 14:00:49.979;64.64729;-17.46123;2.439;0.91;0.7000000000000001
160;20180410;142509.561;2018-04-10 14:25:09.561;64.65022;-17.50131;2.709;0.8;0.68
184;20180411;044216.721;2018-04-11 04:42:16.721;64.6813;-17.477;3.618;1.6400000000000001;0.8200000000000001
199;20180411;112407.608;2018-04-11 11:24:07.608;64.64785;-17.50268;2.901;0.89;0.5
216;20180411;204541.602;2018-04-11 20:45:41.602;64.6488;-17.47392;1.42;-0.42;-0.52
221;20180411;233457.988;2018-04-11 23:34:57.988;64.67262;-17.5344;2.212;0.25;-0.25
249;20180412;114455.222;2018-04-12 11:44:55.222;64.63888;-17.52166;0.211;-0.29;-0.58
283;20180412;215735.276;2018-04-12 21:57:35.276;64.67669;-17.42647;2.666;1.9100000000000001;1.44
284;20180412;220407.795;2018-04-12 22:04:07.795;64.64935;-17.42065;2.289;0.24;0.51
298;20180413;055522.951;2018-04-13 05:55:22.951;64.62449;-17.36525;0.8250000000000001;1.71;1.32
326;20180413;181645.372;2018-04-13 18:16:45.372;64.63788;-17.36982;0.135;0.37;0.38
405;20180414;133226.908;2018-04-14 13:32:26.908;64.67653;-17.53344;1.447;0.08;-0.35000000000000003
407;20180414;141208.623;2018-04-14 14:12:08.623;64.62492;-17.39165;0.135;0.22;0.15
421;20180414;162907.845;2018-04-14 16:29:07.845;64.66552;-17.45883;2.816;2.59;2.14
422;20180414;163427.184;2018-04-14 16:34:27.184;64.67151;-17.47448;2.993;1.38;0.96
426;20180414;165654.443;2018-04-14 16:56:54.443;64.66224;-17.53048;2.675;0.73;0.35000000000000003
433;20180414;173327.072;2018-04-14 17:33:27.072;64.65405;-17.52385;3.536;1.77;1.25
441;20180414;183330.341;2018-04-14 18:33:30.341;64.67908;-17.54277;2.041;0.41000000000000003;-0.15
456;20180414;225657.375;2018-04-14 22:56:57.375;64.63399;-17.43985;5.943;0.75;0.27
460;20180415;000140.118;2018-04-15 00:01:40.118;64.64051;-17.39694;4.534;1.2;0.76
461;20180415;000205.959;2018-04-15 00:02:05.959;64.63711;-17.37591;0.47800000000000004;1.04;0.96
467;20180415;024239.610;2018-04-15 02:42:39.610;64.6349;-17.35533;0.497;2.2;1.81
24;20180416;120623.592;2018-04-16 12:06:23.592;64.64191;-17.48388;1.085;-0.04;-0.11
33;20180416;174107.790;2018-04-16 17:41:07.790;64.63487;-17.35979;0.052000000000000005;0.16;-0.36
40;20180416;195655.037;2018-04-16 19:56:55.037;64.61599;-17.55795;0.037;0.56;0.22
46;20180416;212340.530;2018-04-16 21:23:40.530;64.62833;-17.45789;0.135;-0.04;0.02
52;20180416;224652.496;2018-04-16 22:46:52.496;64.62998;-17.55367;3.638;0.13;-0.30000000000000004
123;20180418;161158.735;2018-04-18 16:11:58.735;64.62637;-17.47181;1.518;0.51;0.26
124;20180418;165650.617;2018-04-18 16:56:50.617;64.65292;-17.49465;3.59;0.22;-0.33
128;20180418;193915.806;2018-04-18 19:39:15.806;64.64783;-17.49295;1.264;0.73;1.0
129;20180418;194531.782;2018-04-18 19:45:31.782;64.60668;-17.47172;0.626;0.67;0.99
130;20180418;200437.064;2018-04-18 20:04:37.064;64.68249;-17.52612;2.714;0.58;0.36
140;20180419;011606.197;2018-04-19 01:16:06.197;64.62588;-17.40435;5.075;1.77;1.45
145;20180419;021334.450;2018-04-19 02:13:34.450;64.62967;-17.47821;1.5750000000000002;0.43;-0.03
147;20180419;023934.548;2018-04-19 02:39:34.548;64.6404;-17.54797;2.859;1.22;0.75
149;20180419;034431.215;2018-04-19 03:44:31.215;64.67223;-17.50456;4.132;0.44;0.51
150;20180419;041003.250;2018-04-19 04:10:03.250;64.62101;-17.44594;6.234;0.61;0.19
156;20180419;063130.295;2018-04-19 06:31:30.295;64.61991;-17.43401;2.011;0.67;0.05
164;20180419;122016.206;2018-04-19 12:20:16.206;64.63984;-17.55703;2.27;0.81;0.68
167;20180419;141655.009;2018-04-19 14:16:55.009;64.65376;-17.4824;2.394;-0.46;-0.8200000000000001
244;20180420;220156.518;2018-04-20 22:01:56.518;64.6235;-17.38157;2.229;2.22;1.55
248;20180421;000738.953;2018-04-21 00:07:38.953;64.62234;-17.38287;0.155;0.93;0.91
251;20180421;003647.215;2018-04-21 00:36:47.215;64.61795;-17.46468;2.444;0.73;0.41000000000000003
256;20180421;040859.225;2018-04-21 04:08:59.225;64.63346;-17.3739;0.5680000000000001;0.38;0.35000000000000003
265;20180421;083605.804;2018-04-21 08:36:05.804;64.6262;-17.41625;0.99;0.15;0.18
273;20180421;102549.963;2018-04-21 10:25:49.963;64.61139;-17.34267;7.739;0.91;0.64
275;20180421;124659.368;2018-04-21 12:46:59.368;64.63138000000001;-17.41899;3.106;1.47;0.74
286;20180422;011630.363;2018-04-22 01:16:30.363;64.66982;-17.5039;3.697;1.0;0.71
289;20180422;031641.364;2018-04-22 03:16:41.364;64.66161;-17.41268;3.13;1.06;0.65
297;20180422;051910.491;2018-04-22 05:19:10.491;64.68317;-17.5104;2.944;0.05;-0.2
302;20180422;064022.942;2018-04-22 06:40:22.942;64.67155;-17.50997;2.91;1.8399999999999999;1.02
303;20180422;064515.069;2018-04-22 06:45:15.069;64.67149;-17.52222;2.7;0.89;0.44
304;20180422;070358.950;2018-04-22 07:03:58.950;64.67878;-17.50483;2.794;0.15;-0.37
311;20180422;091932.260;2018-04-22 09:19:32.260;64.66473;-17.50744;3.423;1.52;0.88
312;20180422;092003.143;2018-04-22 09:20:03.143;64.68555;-17.53316;2.203;1.02;0.92
323;20180422;114018.342;2018-04-22 11:40:18.342;64.67762;-17.48661;0.135;0.71;0.53
335;20180422;132012.420;2018-04-22 13:20:12.420;64.68236;-17.5077;2.373;0.09;-0.58
339;20180422;134737.672;2018-04-22 13:47:37.672;64.66504;-17.45805;0.135;-0.19;-0.8
340;20180422;141311.409;2018-04-22 14:13:11.409;64.62067;-17.47586;0.845;0.2;-0.48
341;20180422;141409.495;2018-04-22 14:14:09.495;64.67033;-17.50401;3.698;2.01;0.98
360;20180422;230951.525;2018-04-22 23:09:51.525;64.65466;-17.47127;3.084;0.15;-0.03
361;20180422;233728.909;2018-04-22 23:37:28.909;64.64731;-17.4415;5.446;0.28;-0.61
362;20180422;233803.987;2018-04-22 23:38:03.987;64.62646;-17.36683;11.534;0.32;0.5
4;20180423;005913.401;2018-04-23 00:59:13.401;64.61773;-17.42312;4.351;0.6900000000000001;0.37
12;20180423;030809.736;2018-04-23 03:08:09.736;64.66057;-17.52241;3.334;1.01;0.49
13;20180423;033347.253;2018-04-23 03:33:47.253;64.6865;-17.52794;2.6310000000000002;0.47000000000000003;-0.05
14;20180423;040200.178;2018-04-23 04:02:00.178;64.65877;-17.48281;3.8810000000000002;-0.1;0.28
42;20180423;124952.374;2018-04-23 12:49:52.374;64.67329;-17.42517;2.896;1.1;0.75
46;20180423;135913.008;2018-04-23 13:59:13.008;64.60832;-17.49123;1.9769999999999999;0.6000000000000001;-0.02
52;20180423;154106.906;2018-04-23 15:41:06.906;64.64151;-17.46269;4.941;0.17;-0.22
72;20180424;000739.231;2018-04-24 00:07:39.231;64.60944;-17.51241;0.135;0.73;0.37
113;20180424;100622.808;2018-04-24 10:06:22.808;64.65845;-17.47787;4.432;0.16;-0.37
164;20180424;172546.903;2018-04-24 17:25:46.903;64.62646;-17.44814;4.496;0.27;-0.21
165;20180424;173130.236;2018-04-24 17:31:30.236;64.62052;-17.451;4.059;2.26;2.01
166;20180424;173350.650;2018-04-24 17:33:50.650;64.62778;-17.43321;3.561;0.11;-0.31
167;20180424;173613.752;2018-04-24 17:36:13.752;64.62943;-17.46733;5.237;0.81;0.35000000000000003
168;20180424;173837.770;2018-04-24 17:38:37.770;64.62926;-17.45938;2.144;0.16;0.02
173;20180424;193451.313;2018-04-24 19:34:51.313;64.62865;-17.47176;2.63;0.4;-0.04
174;20180424;193520.399;2018-04-24 19:35:20.399;64.63425;-17.47221;2.503;0.89;0.67
188;20180425;001647.598;2018-04-25 00:16:47.598;64.6623;-17.50857;3.275;2.09;1.57
212;20180425;073951.597;2018-04-25 07:39:51.597;64.67007;-17.48688;3.304;0.99;0.89
216;20180425;091609.898;2018-04-25 09:16:09.898;64.68005;-17.48467;3.098;-0.21;-0.23
228;20180425;142504.871;2018-04-25 14:25:04.871;64.6886;-17.47796;3.3529999999999998;-0.35000000000000003;-0.58
249;20180425;194223.933;2018-04-25 19:42:23.933;64.68821;-17.47942;3.346;-0.2;-0.67
266;20180425;213928.748;2018-04-25 21:39:28.748;64.62489;-17.45796;2.239;0.12;-0.5
267;20180425;220029.999;2018-04-25 22:00:29.999;64.68932;-17.5213;2.791;0.17;-0.38
275;20180426;005227.361;2018-04-26 00:52:27.361;64.62351;-17.50798;4.864;0.5;-0.03
276;20180426;005412.737;2018-04-26 00:54:12.737;64.6008;-17.52212;0.135;0.11;-0.32
277;20180426;005433.605;2018-04-26 00:54:33.605;64.59367;-17.58018;0.135;0.15;0.0
278;20180426;005828.289;2018-04-26 00:58:28.289;64.61528;-17.48848;1.904;1.45;0.9400000000000001
279;20180426;005850.930;2018-04-26 00:58:50.930;64.60488;-17.5237;2.496;1.26;0.77
280;20180426;010026.579;2018-04-26 01:00:26.579;64.61625;-17.47517;0.135;1.76;0.92
282;20180426;015642.799;2018-04-26 01:56:42.799;64.66862;-17.41418;8.175;0.59;-0.18
288;20180426;024722.610;2018-04-26 02:47:22.610;64.68732;-17.39967;8.588;0.33;-0.47000000000000003
291;20180426;030447.671;2018-04-26 03:04:47.671;64.60521;-17.51874;1.041;0.25;-0.04
292;20180426;030540.796;2018-04-26 03:05:40.796;64.61358;-17.54332;0.135;0.09;0.05
308;20180426;071816.770;2018-04-26 07:18:16.770;64.61353;-17.51415;25.716;0.42;0.02
309;20180426;081534.844;2018-04-26 08:15:34.844;64.68565;-17.47701;2.831;0.12;-0.16
327;20180426;151447.605;2018-04-26 15:14:47.605;64.67293;-17.54214;2.175;0.32;-0.34
333;20180426;175358.065;2018-04-26 17:53:58.065;64.68554;-17.50983;3.029;0.84;0.41000000000000003
353;20180427;022722.659;2018-04-27 02:27:22.659;64.63338;-17.35945;0.088;0.14;-0.43
359;20180427;043010.315;2018-04-27 04:30:10.315;64.62825;-17.35355;0.055;0.53;0.18
395;20180427;170418.003;2018-04-27 17:04:18.003;64.68757;-17.4902;2.797;-0.04;-0.19
488;20180429;050114.397;2018-04-29 05:01:14.397;64.65559;-17.51869;3.208;2.76;2.33
490;20180429;053354.133;2018-04-29 05:33:54.133;64.65778;-17.53184;3.054;0.52;-0.35000000000000003
502;20180429;094418.254;2018-04-29 09:44:18.254;64.68727;-17.51385;2.927;-0.16;-0.32
506;20180429;102408.956;2018-04-29 10:24:08.956;64.62091;-17.38655;0.722;0.16;0.32
509;20180429;104604.112;2018-04-29 10:46:04.112;64.68212;-17.51779;2.823;0.22;-0.14
510;20180429;104640.598;2018-04-29 10:46:40.598;64.67463;-17.50328;3.167;0.5700000000000001;0.67
511;20180429;105319.664;2018-04-29 10:53:19.664;64.67747;-17.51246;3.021;-0.05;-0.5
512;20180429;105713.339;2018-04-29 10:57:13.339;64.63493;-17.48975;1.623;0.33;0.34
516;20180429;161303.016;2018-04-29 16:13:03.016;64.67451;-17.43273;3.295;3.85;2.87
517;20180429;161418.771;2018-04-29 16:14:18.771;64.68244;-17.51055;3.039;1.37;1.29
518;20180429;161759.524;2018-04-29 16:17:59.524;64.63628;-17.49083;1.718;0.66;0.77
520;20180429;165704.602;2018-04-29 16:57:04.602;64.68697;-17.51314;3.03;0.44;0.4
31;20180430;151149.469;2018-04-30 15:11:49.469;64.63703;-17.36202;0.135;0.4;0.39
75;20180501;045443.078;2018-05-01 04:54:43.078;64.68671;-17.3464;7.021;0.08;-0.54
128;20180502;003718.825;2018-05-02 00:37:18.825;64.65159;-17.53355;5.406;-0.08;-0.67
213;20180502;171018.572;2018-05-02 17:10:18.572;64.68813;-17.46739;3.48;-0.04;-0.09
233;20180502;211101.921;2018-05-02 21:11:01.921;64.68806;-17.46262;3.6310000000000002;-0.23;-0.64
244;20180503;000914.941;2018-05-03 00:09:14.941;64.62426;-17.46636;4.483;1.17;0.65
273;20180503;064549.019;2018-05-03 06:45:49.019;64.64446;-17.37458;0.34700000000000003;0.38;0.28
337;20180504;134743.599;2018-05-04 13:47:43.599;64.60933;-17.3838;0.048;1.28;0.88
338;20180504;210842.593;2018-05-04 21:08:42.593;64.61419;-17.47794;0.042;0.88;0.85
344;20180505;040438.845;2018-05-05 04:04:38.845;64.61755;-17.47975;2.396;0.9400000000000001;0.53
345;20180505;040453.338;2018-05-05 04:04:53.338;64.62292;-17.46706;0.135;0.66;0.27
346;20180505;040719.614;2018-05-05 04:07:19.614;64.6155;-17.4736;7.974;2.17;1.8
347;20180505;041838.716;2018-05-05 04:18:38.716;64.61732;-17.48827;4.165;1.43;0.8200000000000001
350;20180505;050348.228;2018-05-05 05:03:48.228;64.68986;-17.34905;0.055;0.35000000000000003;-0.09
363;20180505;125440.331;2018-05-05 12:54:40.331;64.62299;-17.41221;0.038;0.38;0.18
378;20180505;165603.154;2018-05-05 16:56:03.154;64.62554;-17.48084;5.396;1.33;0.76
413;20180506;181259.286;2018-05-06 18:12:59.286;64.6059;-17.5207;0.395;0.75;0.48
1;20180507;001553.968;2018-05-07 00:15:53.968;64.62107;-17.43227;2.6470000000000002;0.65;0.55
17;20180507;124543.508;2018-05-07 12:45:43.508;64.66785;-17.51198;3.14;1.5;1.02
33;20180507;200935.483;2018-05-07 20:09:35.483;64.64899;-17.37131;1.245;1.02;0.96
58;20180508;104639.696;2018-05-08 10:46:39.696;64.6394;-17.43561;2.416;0.9;0.54
59;20180508;105502.827;2018-05-08 10:55:02.827;64.61603;-17.39889;0.378;1.29;0.91
93;20180508;185438.967;2018-05-08 18:54:38.967;64.67576;-17.41584;3.037;0.34;0.31
140;20180509;085835.743;2018-05-09 08:58:35.743;64.67785;-17.53259;2.729;0.77;0.55
169;20180510;012217.509;2018-05-10 01:22:17.509;64.62217;-17.43305;0.546;0.32;-0.07
198;20180510;104222.373;2018-05-10 10:42:22.373;64.63692;-17.41932;3.129;0.67;0.64
232;20180511;023652.253;2018-05-11 02:36:52.253;64.61541;-17.41616;5.263;1.31;0.16
245;20180511;090840.817;2018-05-11 09:08:40.817;64.60744;-17.4973;1.7309999999999999;1.6099999999999999;0.92
262;20180511;191623.579;2018-05-11 19:16:23.579;64.65936;-17.37504;0.14400000000000002;1.37;1.18
263;20180511;191625.395;2018-05-11 19:16:25.395;64.65859;-17.37424;0.135;1.83;1.25
266;20180511;192632.061;2018-05-11 19:26:32.061;64.65519;-17.38654;1.604;0.67;0.6900000000000001
297;20180512;071345.955;2018-05-12 07:13:45.955;64.66832;-17.50119;2.5540000000000003;2.02;1.5
301;20180512;083531.327;2018-05-12 08:35:31.327;64.68916;-17.5191;3.02;0.47000000000000003;0.11
309;20180512;145505.490;2018-05-12 14:55:05.490;64.65563;-17.54747;5.755;0.01;-0.59
333;20180512;231430.669;2018-05-12 23:14:30.669;64.62511;-17.46085;1.895;0.43;-0.39
352;20180513;071118.106;2018-05-13 07:11:18.106;64.66754;-17.50962;2.964;1.05;0.72
361;20180513;123906.514;2018-05-13 12:39:06.514;64.63852;-17.37851;1.569;-0.06;-0.02
376;20180513;204224.883;2018-05-13 20:42:24.883;64.63097;-17.36127;0.41000000000000003;1.04;0.67
14;20180514;071805.181;2018-05-14 07:18:05.181;64.68483;-17.50324;3.091;0.03;-0.13
27;20180514;161827.692;2018-05-14 16:18:27.692;64.61572;-17.51593;2.207;1.0;0.31
38;20180515;000144.210;2018-05-15 00:01:44.210;64.62241;-17.40926;1.808;1.83;1.35
57;20180515;123552.079;2018-05-15 12:35:52.079;64.63214;-17.4436;4.7059999999999995;0.46;-0.37
101;20180517;025654.205;2018-05-17 02:56:54.205;64.61002;-17.50694;1.241;0.58;0.07
115;20180517;085132.178;2018-05-17 08:51:32.178;64.62239;-17.40046;1.239;0.7000000000000001;0.65
129;20180517;155652.127;2018-05-17 15:56:52.127;64.62077;-17.4404;0.035;3.69;3.14
130;20180517;160023.888;2018-05-17 16:00:23.888;64.61463;-17.40704;0.135;3.99;3.25
131;20180517;160157.931;2018-05-17 16:01:57.931;64.6162;-17.43476;0.723;1.85;1.71
171;20180518;115119.069;2018-05-18 11:51:19.069;64.62562;-17.36732;0.424;0.27;0.44
176;20180518;161908.223;2018-05-18 16:19:08.223;64.60841;-17.50996;0.135;0.96;0.62
184;20180519;003758.655;2018-05-19 00:37:58.655;64.67384;-17.38111;10.128;0.62;0.14
209;20180519;180820.999;2018-05-19 18:08:20.999;64.66693;-17.40599;1.839;2.24;1.75
241;20180520;204525.885;2018-05-20 20:45:25.885;64.67765;-17.46556;4.7059999999999995;2.08;1.53
6;20180521;030416.788;2018-05-21 03:04:16.788;64.67596;-17.41536;1.016;2.22;1.38
18;20180521;065632.567;2018-05-21 06:56:32.567;64.68767;-17.43827;3.391;0.22;0.5700000000000001
24;20180521;084436.357;2018-05-21 08:44:36.357;64.68878;-17.47635;3.26;0.1;-0.18
26;20180521;111502.147;2018-05-21 11:15:02.147;64.66972;-17.40085;7.804;0.17;-0.1
29;20180521;115756.385;2018-05-21 11:57:56.385;64.6424;-17.38622;0.05;0.06;-0.30000000000000004
50;20180521;205245.320;2018-05-21 20:52:45.320;64.68831;-17.52306;2.531;0.11;-0.25
55;20180521;233423.239;2018-05-21 23:34:23.239;64.6231;-17.40898;0.135;0.65;0.56
81;20180522;085100.954;2018-05-22 08:51:00.954;64.62453;-17.46026;7.727;1.23;1.18
85;20180522;104433.591;2018-05-22 10:44:33.591;64.66444;-17.41592;1.841;1.27;1.35
102;20180523;062609.111;2018-05-23 06:26:09.111;64.63218;-17.36665;0.135;0.75;1.03
105;20180523;075554.145;2018-05-23 07:55:54.145;64.62604;-17.34908;0.135;0.42;-0.44
136;20180524;032420.251;2018-05-24 03:24:20.251;64.67056;-17.43147;9.995;1.15;1.26
156;20180524;131524.512;2018-05-24 13:15:24.512;64.66569;-17.4936;2.567;1.9500000000000002;1.51
308;20180527;074724.893;2018-05-27 07:47:24.893;64.67725;-17.5041;2.709;0.39;0.02
313;20180527;083818.957;2018-05-27 08:38:18.957;64.68386;-17.49974;3.147;0.43;0.29
315;20180527;090951.896;2018-05-27 09:09:51.896;64.67003;-17.49179;2.566;0.91;1.06
316;20180527;091300.484;2018-05-27 09:13:00.484;64.6684;-17.48586;2.791;0.74;0.9400000000000001
317;20180527;092700.509;2018-05-27 09:27:00.509;64.66093;-17.49759;2.6189999999999998;1.12;1.1
318;20180527;092852.036;2018-05-27 09:28:52.036;64.64388;-17.48584;2.214;-0.09;0.04
320;20180527;104605.328;2018-05-27 10:46:05.328;64.68058;-17.45428;0.035;0.85;0.88
322;20180527;105720.157;2018-05-27 10:57:20.157;64.66532;-17.45069;2.505;1.74;1.4
2;20180528;013659.496;2018-05-28 01:36:59.496;64.66225;-17.52205;2.591;0.85;0.27
11;20180528;050849.167;2018-05-28 05:08:49.167;64.65829;-17.50194;0.051000000000000004;1.02;0.9500000000000001
24;20180528;170350.333;2018-05-28 17:03:50.333;64.66872;-17.46301;3.482;0.58;-0.13
26;20180528;171427.316;2018-05-28 17:14:27.316;64.67496;-17.52286;2.1;0.8200000000000001;0.36
29;20180528;234812.651;2018-05-28 23:48:12.651;64.63115;-17.36251;0.027;0.8;0.59
83;20180530;050918.934;2018-05-30 05:09:18.934;64.61452;-17.56497;1.612;0.88;0.87
90;20180530;065656.791;2018-05-30 06:56:56.791;64.66745;-17.42632;1.815;0.66;0.55
99;20180530;110715.527;2018-05-30 11:07:15.527;64.60831;-17.39093;6.476;0.46;0.24
112;20180530;150407.588;2018-05-30 15:04:07.588;64.68327;-17.50394;8.895;0.5;-1.04
117;20180530;181849.944;2018-05-30 18:18:49.944;64.67329;-17.46137;1.587;0.9;0.6000000000000001
119;20180530;211854.946;2018-05-30 21:18:54.946;64.63943;-17.37196;0.135;0.76;0.55
134;20180531;024919.955;2018-05-31 02:49:19.955;64.67669;-17.48337;2.5380000000000003;0.43;0.52
138;20180531;040905.720;2018-05-31 04:09:05.720;64.61986;-17.4387;3.715;2.98;2.35
142;20180531;044219.398;2018-05-31 04:42:19.398;64.65366;-17.5;3.009;-0.13;-0.68
143;20180531;053029.062;2018-05-31 05:30:29.062;64.63427;-17.42558;7.182;2.11;1.49
144;20180531;053405.872;2018-05-31 05:34:05.872;64.63387;-17.41509;1.111;0.75;0.49
145;20180531;053438.097;2018-05-31 05:34:38.097;64.63567;-17.40747;1.941;1.83;1.22
156;20180531;142400.932;2018-05-31 14:24:00.932;64.68718;-17.46925;1.992;-0.16;-0.36
188;20180601;075457.956;2018-06-01 07:54:57.956;64.68621;-17.47097;2.227;0.5;-0.23
208;20180601;174241.099;2018-06-01 17:42:41.099;64.68755;-17.4523;0.135;0.11;0.04
244;20180602;194031.472;2018-06-02 19:40:31.472;64.64297;-17.36911;0.045;2.25;1.8399999999999999
245;20180602;194353.229;2018-06-02 19:43:53.229;64.65114;-17.38044;0.649;1.3599999999999999;1.24
246;20180602;194609.263;2018-06-02 19:46:09.263;64.64353;-17.39533;0.135;1.15;1.28
259;20180603;135914.063;2018-06-03 13:59:14.063;64.6713;-17.5043;2.825;0.88;0.62
268;20180603;184145.612;2018-06-03 18:41:45.612;64.65079;-17.53453;0.135;-0.06;-0.11
272;20180603;200113.986;2018-06-03 20:01:13.986;64.67877;-17.50442;2.987;2.2800000000000002;1.85
273;20180603;211224.917;2018-06-03 21:12:24.917;64.67413;-17.49976;2.609;1.04;0.88
274;20180603;214130.164;2018-06-03 21:41:30.164;64.66939;-17.50447;2.446;0.8;0.84
275;20180603;214339.125;2018-06-03 21:43:39.125;64.67969;-17.51335;2.383;0.49;0.44
277;20180603;223717.527;2018-06-03 22:37:17.527;64.66323;-17.46882;0.135;1.48;1.3
278;20180603;230930.771;2018-06-03 23:09:30.771;64.66077;-17.46812;1.955;-0.4;-0.38
9;20180604;041955.519;2018-06-04 04:19:55.519;64.66534;-17.55;0.135;0.41000000000000003;-0.2
10;20180604;050632.860;2018-06-04 05:06:32.860;64.66381;-17.41892;3.81;0.47000000000000003;0.45
21;20180604;094611.835;2018-06-04 09:46:11.835;64.66879;-17.5134;1.624;0.85;0.79
22;20180604;100605.464;2018-06-04 10:06:05.464;64.62677;-17.5621;0.135;-0.79;-0.7000000000000001
29;20180604;142910.076;2018-06-04 14:29:10.076;64.67469;-17.53146;2.291;0.64;0.63
33;20180604;202353.418;2018-06-04 20:23:53.418;64.62337;-17.40747;0.135;1.6099999999999999;1.38
72;20180605;164758.890;2018-06-05 16:47:58.890;64.64175;-17.43358;4.466;0.7000000000000001;-0.09
114;20180606;195219.631;2018-06-06 19:52:19.631;64.66206;-17.43479;2.013;0.51;0.68
140;20180607;023839.281;2018-06-07 02:38:39.281;64.66515;-17.44323;1.891;0.61;0.52
146;20180607;055014.043;2018-06-07 05:50:14.043;64.66074;-17.45105;1.9769999999999999;-0.4;-0.34
150;20180607;063323.294;2018-06-07 06:33:23.294;64.59235;-17.48413;8.531;0.74;0.78
151;20180607;063356.015;2018-06-07 06:33:56.015;64.67094;-17.44109;2.601;1.45;1.12
158;20180607;093802.107;2018-06-07 09:38:02.107;64.67444;-17.45271;3.013;-0.12;0.08
159;20180607;094352.026;2018-06-07 09:43:52.026;64.67204;-17.45983;1.431;0.65;0.74
170;20180607;183730.606;2018-06-07 18:37:30.606;64.62503;-17.51612;0.135;1.0;0.76
178;20180607;234846.079;2018-06-07 23:48:46.079;64.64935;-17.4604;0.71;0.23;0.55
180;20180608;014333.954;2018-06-08 01:43:33.954;64.65293;-17.46522;1.2570000000000001;-0.17;-0.01
188;20180608;060324.367;2018-06-08 06:03:24.367;64.65325;-17.44312;2.85;0.89;0.67
256;20180609;080511.489;2018-06-09 08:05:11.489;64.63987;-17.3909;0.135;0.35000000000000003;0.67
273;20180609;214617.255;2018-06-09 21:46:17.255;64.65362;-17.50234;0.135;0.79;0.59
274;20180609;215810.593;2018-06-09 21:58:10.593;64.67098;-17.51275;2.371;1.04;1.01
287;20180610;035052.521;2018-06-10 03:50:52.521;64.6459;-17.51999;1.095;0.76;0.48
12;20180611;035044.876;2018-06-11 03:50:44.876;64.64977;-17.49739;1.687;-0.28;-0.5
24;20180611;103109.053;2018-06-11 10:31:09.053;64.63724;-17.3891;0.135;0.67;0.87
25;20180611;103314.404;2018-06-11 10:33:14.404;64.65722;-17.5032;1.806;1.44;1.17
26;20180611;103405.118;2018-06-11 10:34:05.118;64.63842;-17.55807;1.873;0.84;1.05
99;20180612;061130.750;2018-06-12 06:11:30.750;64.64255;-17.53812;0.135;0.42;0.48
118;20180613;013425.925;2018-06-13 01:34:25.925;64.66982;-17.45688;0.135;1.2;0.87
126;20180613;053704.090;2018-06-13 05:37:04.090;64.65965;-17.47312;1.004;1.56;1.1400000000000001
127;20180613;053837.312;2018-06-13 05:38:37.312;64.67432;-17.4894;1.304;1.3900000000000001;0.99
136;20180613;082948.553;2018-06-13 08:29:48.553;64.63495;-17.49876;8.474;1.09;0.67
145;20180613;165640.256;2018-06-13 16:56:40.256;64.63711;-17.47531;0.135;-0.36;-0.13
156;20180613;190522.085;2018-06-13 19:05:22.085;64.64803;-17.45574;1.7690000000000001;0.87;0.43
179;20180614;074821.587;2018-06-14 07:48:21.587;64.58568;-17.37689;5.353;0.01;-0.29
183;20180614;082704.721;2018-06-14 08:27:04.721;64.67673;-17.42687;0.135;0.68;0.53
190;20180614;131401.324;2018-06-14 13:14:01.324;64.68395;-17.48189;0.135;4.06;3.26
191;20180614;131932.295;2018-06-14 13:19:32.295;64.65157;-17.41113;7.539;0.02;-0.16
192;20180614;132056.849;2018-06-14 13:20:56.849;64.67157;-17.47085;0.135;2.38;2.15
193;20180614;132551.510;2018-06-14 13:25:51.510;64.66631;-17.41095;0.644;3.34;2.77
194;20180614;132812.188;2018-06-14 13:28:12.188;64.67091;-17.49257;1.231;1.98;1.63
195;20180614;133037.934;2018-06-14 13:30:37.934;64.66257;-17.51113;1.933;1.88;1.6
196;20180614;133603.380;2018-06-14 13:36:03.380;64.66657000000001;-17.4558;0.718;3.1;2.7800000000000002
197;20180614;135323.598;2018-06-14 13:53:23.598;64.68462;-17.46663;0.135;0.62;0.58
201;20180614;143231.914;2018-06-14 14:32:31.914;64.66048;-17.46289;6.065;0.07;0.68
203;20180614;150450.392;2018-06-14 15:04:50.392;64.66929;-17.46939;2.634;4.86;3.87
207;20180614;151932.195;2018-06-14 15:19:32.195;64.6647;-17.4063;0.135;1.51;1.47
208;20180614;163544.472;2018-06-14 16:35:44.472;64.66847;-17.45328;0.135;3.55;2.8200000000000003
106;20180620;061615.554;2018-06-20 06:16:15.554;64.63049;-17.46688;0.135;0.59;0.46
119;20180627;075638.670;2018-06-27 07:56:38.670;64.68884;-17.48176;0.81;0.1;0.37
325;20180630;154939.858;2018-06-30 15:49:39.858;64.61697;-17.3359;3.332;0.23;0.44
366;20180701;065031.674;2018-07-01 06:50:31.674;64.66421;-17.41019;4.472;0.76;0.78
49;20180702;111012.126;2018-07-02 11:10:12.126;64.61445;-17.49029;5.899;2.37;1.6
122;20180704;024733.568;2018-07-04 02:47:33.568;64.63559;-17.40267;2.225;2.24;1.55
70;20180711;083538.293;2018-07-11 08:35:38.293;64.61687;-17.5496;1.075;0.55;-0.08
128;20180712;010831.300;2018-07-12 01:08:31.300;64.63484;-17.45919;1.685;0.99;0.46
168;20180712;213720.460;2018-07-12 21:37:20.460;64.62369;-17.46069;1.984;0.65;0.15
169;20180712;213806.045;2018-07-12 21:38:06.045;64.60409;-17.53724;3.575;0.24;-0.22
214;20180713;182508.664;2018-07-13 18:25:08.664;64.61829;-17.48001;2.739;1.94;1.47
216;20180713;184436.279;2018-07-13 18:44:36.279;64.61599;-17.48485;1.998;1.5;1.1
253;20180714;070411.035;2018-07-14 07:04:11.035;64.626;-17.44332;7.058;1.85;1.3599999999999999
332;20180715;164944.230;2018-07-15 16:49:44.230;64.66456;-17.42776;1.469;1.9;1.42
20;20180716;121901.085;2018-07-16 12:19:01.085;64.61823;-17.46695;2.827;1.88;1.58
24;20180716;171915.918;2018-07-16 17:19:15.918;64.6256;-17.47537;4.727;0.9;0.64
43;20180717;024358.941;2018-07-17 02:43:58.941;64.61741;-17.46628;0.135;0.5700000000000001;-0.01
52;20180717;051602.857;2018-07-17 05:16:02.857;64.61325;-17.40544;0.135;0.44;0.01
74;20180717;123302.053;2018-07-17 12:33:02.053;64.61047;-17.48913;1.526;0.6900000000000001;-0.13
80;20180717;154257.988;2018-07-17 15:42:57.988;64.62115;-17.38428;1.3980000000000001;0.7000000000000001;0.89
125;20180718;181724.169;2018-07-18 18:17:24.169;64.6132;-17.483530000000002;2.04;0.77;0.64
159;20180719;053303.256;2018-07-19 05:33:03.256;64.63884;-17.37276;0.865;0.24;0.23
185;20180719;171338.112;2018-07-19 17:13:38.112;64.61927;-17.47223;2.003;0.6000000000000001;0.17
195;20180719;222812.484;2018-07-19 22:28:12.484;64.61365;-17.42953;4.77;0.43;0.41000000000000003
207;20180720;062834.257;2018-07-20 06:28:34.257;64.63306;-17.36524;2.165;3.38;2.84
208;20180720;065156.741;2018-07-20 06:51:56.741;64.62534;-17.36918;0.135;0.12;0.25
218;20180720;114717.162;2018-07-20 11:47:17.162;64.62473;-17.36825;1.2469999999999999;0.73;0.85
224;20180720;144815.697;2018-07-20 14:48:15.697;64.6126;-17.43596;0.891;2.05;1.71
232;20180721;005521.621;2018-07-21 00:55:21.621;64.62177;-17.50593;1.889;0.98;0.44
249;20180721;082106.418;2018-07-21 08:21:06.418;64.6211;-17.48122;0.135;0.66;0.27
257;20180721;103451.647;2018-07-21 10:34:51.647;64.62932;-17.35793;0.901;1.03;1.0
258;20180721;104115.149;2018-07-21 10:41:15.149;64.62194;-17.37358;2.255;1.06;0.9500000000000001
260;20180721;104308.872;2018-07-21 10:43:08.872;64.62923;-17.37715;5.67;0.75;0.58
261;20180721;105232.877;2018-07-21 10:52:32.877;64.62466;-17.47046;4.16;0.74;0.11
264;20180721;130535.290;2018-07-21 13:05:35.290;64.68221;-17.54203;1.65;0.18;0.34
273;20180721;182251.542;2018-07-21 18:22:51.542;64.62001;-17.48925;2.293;0.24;0.1
274;20180721;195446.944;2018-07-21 19:54:46.944;64.61115;-17.49744;2.505;1.83;1.28
275;20180721;195526.596;2018-07-21 19:55:26.596;64.61692;-17.49402;1.802;1.67;1.27
283;20180722;024123.142;2018-07-22 02:41:23.142;64.61628;-17.50016;1.5270000000000001;0.5;0.06
302;20180722;162114.459;2018-07-22 16:21:14.459;64.66679;-17.45063;1.553;1.35;1.11
52;20180724;000956.141;2018-07-24 00:09:56.141;64.68172;-17.42714;3.529;0.6900000000000001;0.5
134;20180724;210138.336;2018-07-24 21:01:38.336;64.6688;-17.49745;1.879;1.19;1.0
144;20180725;012949.820;2018-07-25 01:29:49.820;64.6637;-17.48485;3.537;2.17;1.51
146;20180725;025916.420;2018-07-25 02:59:16.420;64.64503;-17.54791;4.947;-0.01;-0.33
147;20180725;030117.374;2018-07-25 03:01:17.374;64.60426;-17.51522;1.587;0.37;-0.24
158;20180725;083437.804;2018-07-25 08:34:37.804;64.62061;-17.40053;4.924;2.65;2.25
162;20180725;113713.326;2018-07-25 11:37:13.326;64.66023;-17.45057;2.287;0.96;0.84
176;20180725;193018.434;2018-07-25 19:30:18.434;64.61304;-17.50816;2.901;2.18;1.6800000000000002
260;20180727;115844.046;2018-07-27 11:58:44.046;64.62898;-17.43421;4.338;0.66;-0.09
331;20180729;004509.116;2018-07-29 00:45:09.116;64.6435;-17.50296;2.711;0.07;-0.18
20;20180730;160133.841;2018-07-30 16:01:33.841;64.61856;-17.4787;3.907;1.53;1.24
21;20180730;160741.460;2018-07-30 16:07:41.460;64.62199;-17.49313;2.314;0.91;0.44
38;20180731;052644.320;2018-07-31 05:26:44.320;64.62824;-17.36147;1.75;0.84;0.5
66;20180731;144858.793;2018-07-31 14:48:58.793;64.62063;-17.46673;1.153;0.72;1.17
71;20180731;161612.932;2018-07-31 16:16:12.932;64.65537;-17.36544;0.265;0.28;0.2
158;20180801;070016.793;2018-08-01 07:00:16.793;64.62694;-17.45137;4.187;2.89;2.4
159;20180801;070058.661;2018-08-01 07:00:58.661;64.62615;-17.43788;1.984;1.94;1.67
160;20180801;070839.371;2018-08-01 07:08:39.371;64.62166;-17.44276;6.126;3.68;3.09
161;20180801;071127.061;2018-08-01 07:11:27.061;64.62379;-17.39949;0.135;-0.04;-0.01
162;20180801;080005.317;2018-08-01 08:00:05.317;64.62682;-17.38006;0.097;0.8300000000000001;0.98
163;20180801;080143.270;2018-08-01 08:01:43.270;64.68083;-17.36859;8.993;0.61;-0.07
165;20180801;081251.847;2018-08-01 08:12:51.847;64.62334;-17.43631;4.141;1.9300000000000002;1.4
168;20180801;082055.767;2018-08-01 08:20:55.767;64.5892;-17.54903;0.8150000000000001;0.15;0.1
351;20180803;092615.081;2018-08-03 09:26:15.081;64.67793;-17.58009;0.135;0.14;-0.07
424;20180804;141713.338;2018-08-04 14:17:13.338;64.6888;-17.51192;3.275;0.62;0.97
59;20180807;211252.300;2018-08-07 21:12:52.300;64.61912;-17.52537;6.468;1.01;0.55
60;20180807;211939.354;2018-08-07 21:19:39.354;64.62062;-17.4588;1.4100000000000001;1.79;1.25
61;20180807;215619.473;2018-08-07 21:56:19.473;64.61811;-17.46722;5.666;2.5;2.13
63;20180807;220816.286;2018-08-07 22:08:16.286;64.6149;-17.49443;7.529;2.48;2.21
235;20180810;081349.947;2018-08-10 08:13:49.947;64.60814;-17.33501;9.838;0.24;0.42
5;20180813;032305.077;2018-08-13 03:23:05.077;64.63269;-17.43886;7.623;0.68;0.24
35;20180813;183118.474;2018-08-13 18:31:18.474;64.63271;-17.35946;0.135;1.9100000000000001;1.5
81;20180814;095916.685;2018-08-14 09:59:16.685;64.64388;-17.43403;6.292;0.98;0.41000000000000003
169;20180816;150553.576;2018-08-16 15:05:53.576;64.65736;-17.48745;2.91;3.5300000000000002;2.61
173;20180816;161324.946;2018-08-16 16:13:24.946;64.68288;-17.46069;3.6;0.08;-0.26
19;20180820;111204.723;2018-08-20 11:12:04.723;64.62354;-17.39992;0.079;0.74;0.8
22;20180820;115228.454;2018-08-20 11:52:28.454;64.65082;-17.3666;0.055;1.0;0.8300000000000001
30;20180820;171620.715;2018-08-20 17:16:20.715;64.65867;-17.37205;0.736;1.44;1.09
35;20180820;181226.049;2018-08-20 18:12:26.049;64.67882;-17.467;4.232;2.4;1.7000000000000002
118;20180822;084445.449;2018-08-22 08:44:45.449;64.65249;-17.44779;3.984;0.74;0.29
136;20180822;173751.499;2018-08-22 17:37:51.499;64.66521;-17.460820000000002;4.166;-0.16;-0.63
175;20180823;085233.207;2018-08-23 08:52:33.207;64.64326;-17.51129;4.114;0.65;0.19
312;20180826;072454.539;2018-08-26 07:24:54.539;64.60796;-17.49134;1.689;1.62;1.02
25;20180827;143059.514;2018-08-27 14:30:59.514;64.62955;-17.4733;3.947;1.05;0.62
32;20180827;183625.106;2018-08-27 18:36:25.106;64.62566;-17.46117;0.135;0.61;0.52
38;20180827;225919.826;2018-08-27 22:59:19.826;64.66511;-17.38276;1.241;1.63;1.51
98;20180829;155118.659;2018-08-29 15:51:18.659;64.60172;-17.38207;0.135;0.72;0.9400000000000001
100;20180829;204705.555;2018-08-29 20:47:05.555;64.68726;-17.43391;3.565;0.98;0.29
106;20180829;231918.635;2018-08-29 23:19:18.635;64.67327;-17.46709;3.169;1.4100000000000001;1.09
121;20180830;091630.590;2018-08-30 09:16:30.590;64.62416;-17.43537;6.684;2.14;1.65
171;20180831;173525.305;2018-08-31 17:35:25.305;64.67486;-17.54276;2.432;0.76;0.33
37;20180903;190438.436;2018-09-03 19:04:38.436;64.60748;-17.51681;1.8900000000000001;1.55;1.06
48;20180903;211018.042;2018-09-03 21:10:18.042;64.6789;-17.40777;1.1280000000000001;0.53;0.48
72;20180904;154551.119;2018-09-04 15:45:51.119;64.6104;-17.4675;0.135;1.1;0.93
74;20180904;171056.588;2018-09-04 17:10:56.588;64.61966;-17.47832;5.331;1.92;1.43
150;20180906;012316.931;2018-09-06 01:23:16.931;64.61444;-17.5053;3.8810000000000002;2.49;2.04
153;20180906;022422.529;2018-09-06 02:24:22.529;64.62671;-17.47956;0.795;0.59;0.99
158;20180906;042601.932;2018-09-06 04:26:01.932;64.61772;-17.48074;2.586;1.4;0.8200000000000001
179;20180906;140932.841;2018-09-06 14:09:32.841;64.65549;-17.54024;4.955;-0.01;-0.53
187;20180906;212048.832;2018-09-06 21:20:48.832;64.64577;-17.4819;2.714;0.4;0.5700000000000001
198;20180907;045605.521;2018-09-07 04:56:05.521;64.63109;-17.41803;1.417;0.76;0.55
215;20180908;020355.532;2018-09-08 02:03:55.532;64.66612;-17.39236;0.065;0.22;0.45
257;20180908;184917.169;2018-09-08 18:49:17.169;64.6441;-17.37399;0.72;0.66;0.91
260;20180908;224228.189;2018-09-08 22:42:28.189;64.66933;-17.41856;0.059000000000000004;0.03;-0.11
295;20180909;203354.104;2018-09-09 20:33:54.104;64.64187;-17.48469;8.465;0.5;0.22
281;20180914;104013.869;2018-09-14 10:40:13.869;64.66206;-17.47065;1.202;4.18;3.21
282;20180914;104312.940;2018-09-14 10:43:12.940;64.66556;-17.46792;1.803;2.21;1.62
283;20180914;104624.871;2018-09-14 10:46:24.871;64.66460000000001;-17.44918;2.5;2.91;2.19
284;20180914;104805.846;2018-09-14 10:48:05.846;64.64076;-17.4676;3.124;-0.17;-0.5
285;20180914;105247.035;2018-09-14 10:52:47.035;64.65012;-17.43486;2.872;-0.24;-0.61
286;20180914;105505.400;2018-09-14 10:55:05.400;64.64528;-17.47868;2.527;0.39;0.47000000000000003
287;20180914;112838.409;2018-09-14 11:28:38.409;64.64664;-17.47837;2.115;-0.08;-0.1
289;20180914;114615.004;2018-09-14 11:46:15.004;64.63924;-17.38467;1.399;0.15;0.16
293;20180914;121112.527;2018-09-14 12:11:12.527;64.65477;-17.42556;1.8130000000000002;-0.12;0.04
294;20180914;122248.231;2018-09-14 12:22:48.231;64.65434;-17.47953;2.8890000000000002;-0.41000000000000003;-0.97
296;20180914;130124.032;2018-09-14 13:01:24.032;64.67618;-17.45691;0.135;-0.25;-0.63
313;20180915;001209.183;2018-09-15 00:12:09.183;64.64529;-17.48365;2.151;-0.06;-0.54
244;20180922;130815.788;2018-09-22 13:08:15.788;64.65286;-17.36465;0.135;0.33;0.03
294;20180923;044154.202;2018-09-23 04:41:54.202;64.62414;-17.47922;2.991;0.64;-0.05
11;20180924;075934.498;2018-09-24 07:59:34.498;64.64734;-17.384900000000002;0.078;1.55;0.9500000000000001
12;20180924;080208.912;2018-09-24 08:02:08.912;64.64541;-17.39777;1.964;1.5899999999999999;0.93
23;20180924;201310.729;2018-09-24 20:13:10.729;64.64766;-17.43632;5.007;0.62;0.14
57;20180925;215129.593;2018-09-25 21:51:29.593;64.61879;-17.3834;0.995;1.9;1.6
98;20180926;214707.376;2018-09-26 21:47:07.376;64.61097;-17.34409;7.074;0.99;0.68
130;20180927;121755.502;2018-09-27 12:17:55.502;64.67609;-17.54658;2.04;0.92;0.56
163;20180929;024715.838;2018-09-29 02:47:15.838;64.63107;-17.48003;0.135;0.35000000000000003;0.71
164;20180929;024723.453;2018-09-29 02:47:23.453;64.62097;-17.47607;0.135;1.27;0.8300000000000001
165;20180929;031121.456;2018-09-29 03:11:21.456;64.62856;-17.4442;0.729;0.89;0.14
181;20180929;214846.526;2018-09-29 21:48:46.526;64.67164;-17.52139;3.129;0.36;0.15
182;20180929;223209.356;2018-09-29 22:32:09.356;64.64876;-17.48012;2.648;0.09;-0.02
185;20180929;233920.223;2018-09-29 23:39:20.223;64.65427;-17.36272;0.135;0.25;0.53
186;20180929;233924.854;2018-09-29 23:39:24.854;64.65923;-17.37178;4.995;0.8300000000000001;0.77
187;20180930;011834.314;2018-09-30 01:18:34.314;64.66952;-17.51127;2.832;1.17;1.07
188;20180930;011901.655;2018-09-30 01:19:01.655;64.68678;-17.52675;1.843;0.63;0.34
191;20180930;025827.717;2018-09-30 02:58:27.717;64.62904;-17.45357;3.558;0.03;-0.48
198;20180930;093040.245;2018-09-30 09:30:40.245;64.68141;-17.41952;0.135;0.30000000000000004;-0.11
199;20180930;093242.589;2018-09-30 09:32:42.589;64.67929;-17.42169;5.191;1.21;0.85
210;20180930;151039.534;2018-09-30 15:10:39.534;64.64434;-17.37108;0.6880000000000001;1.18;0.81
211;20180930;154941.033;2018-09-30 15:49:41.033;64.64938;-17.3761;1.937;0.12;-0.41000000000000003
213;20180930;174017.017;2018-09-30 17:40:17.017;64.61061;-17.4884;1.708;1.1400000000000001;0.79
214;20180930;203515.591;2018-09-30 20:35:15.591;64.65141;-17.46663;3.25;-0.38;-0.6000000000000001
220;20180930;233107.427;2018-09-30 23:31:07.427;64.61612;-17.45039;2.2880000000000003;0.81;0.76
7;20181001;060938.381;2018-10-01 06:09:38.381;64.64624;-17.36873;3.4;2.96;2.52
8;20181001;061112.484;2018-10-01 06:11:12.484;64.65527;-17.37934;0.038;0.4;0.16
84;20181002;130804.190;2018-10-02 13:08:04.190;64.67208;-17.41011;6.28;3.5700000000000003;2.98
126;20181003;062145.785;2018-10-03 06:21:45.785;64.62617;-17.59162;2.521;0.9500000000000001;0.48
22;20181008;181627.128;2018-10-08 18:16:27.128;64.62536;-17.48214;2.368;1.13;0.25
55;20181009;150642.628;2018-10-09 15:06:42.628;64.63433;-17.42276;1.917;0.54;0.29
244;20181014;202752.721;2018-10-14 20:27:52.721;64.61862;-17.52879;1.348;0.09;-0.55
36;20181015;121857.971;2018-10-15 12:18:57.971;64.64082;-17.55873;4.692;0.13;-0.66
49;20181015;173813.640;2018-10-15 17:38:13.640;64.61324;-17.50325;0.656;0.18;0.35000000000000003
50;20181015;174544.270;2018-10-15 17:45:44.270;64.62405;-17.48255;1.725;0.73;0.14
58;20181015;232558.711;2018-10-15 23:25:58.711;64.6207;-17.4741;1.333;1.23;0.72
66;20181016;051710.421;2018-10-16 05:17:10.421;64.61955;-17.47217;0.135;0.88;0.53
68;20181016;064159.917;2018-10-16 06:41:59.917;64.62515;-17.43036;1.107;0.51;-0.07
73;20181016;143813.221;2018-10-16 14:38:13.221;64.62502;-17.5915;0.135;-0.23;-1.2
134;20181019;050327.589;2018-10-19 05:03:27.589;64.61636;-17.51735;0.135;0.77;0.35000000000000003
187;20181021;163214.603;2018-10-21 16:32:14.603;64.63624;-17.42577;4.29;0.97;0.42
1;20181022;004854.583;2018-10-22 00:48:54.583;64.63157;-17.35604;0.153;1.25;0.8300000000000001
6;20181022;075716.382;2018-10-22 07:57:16.382;64.62096;-17.46332;0.135;1.5;0.86
13;20181022;123117.330;2018-10-22 12:31:17.330;64.61366;-17.48244;0.064;0.21;-0.29
25;20181022;233456.965;2018-10-22 23:34:56.965;64.61858;-17.42936;4.069;2.75;2.42
26;20181022;233513.111;2018-10-22 23:35:13.111;64.61762;-17.39504;0.135;3.92;2.67
27;20181023;000858.549;2018-10-23 00:08:58.549;64.62096;-17.43741;6.644;4.64;3.49
28;20181023;001254.405;2018-10-23 00:12:54.405;64.62327;-17.43769;2.186;3.51;1.18
29;20181023;002021.730;2018-10-23 00:20:21.730;64.61301;-17.50056;0.135;0.34;0.35000000000000003
30;20181023;002602.134;2018-10-23 00:26:02.134;64.60596;-17.50737;0.135;0.08;-0.18
32;20181023;012950.347;2018-10-23 01:29:50.347;64.60806;-17.56819;0.135;0.19;-0.27
39;20181023;073822.816;2018-10-23 07:38:22.816;64.62097;-17.35804;0.278;1.26;1.25
40;20181023;084806.676;2018-10-23 08:48:06.676;64.6271;-17.37564;0.135;0.14;-0.34
58;20181023;175055.442;2018-10-23 17:50:55.442;64.62691;-17.52041;1.565;0.42;-0.54
122;20181025;085829.766;2018-10-25 08:58:29.766;64.61841;-17.34186;2.59;0.49;0.29
127;20181025;104414.494;2018-10-25 10:44:14.494;64.61473;-17.54866;1.5670000000000002;0.8;0.59
129;20181025;124230.496;2018-10-25 12:42:30.496;64.67665;-17.51408;2.902;0.43;-0.11
156;20181026;024313.340;2018-10-26 02:43:13.340;64.61612;-17.41612;0.9440000000000001;-0.13;0.0
180;20181026;221051.625;2018-10-26 22:10:51.625;64.65085;-17.36962;0.738;0.67;0.65
185;20181027;011053.601;2018-10-27 01:10:53.601;64.62918;-17.48111;5.198;0.68;0.45
236;20181027;223535.704;2018-10-27 22:35:35.704;64.66261;-17.50464;3.126;1.05;0.26
38;20181029;203450.776;2018-10-29 20:34:50.776;64.66191;-17.53656;2.944;0.99;0.88
49;20181030;003602.251;2018-10-30 00:36:02.251;64.63602;-17.44945;2.759;0.87;0.31
66;20181030;060421.152;2018-10-30 06:04:21.152;64.63611;-17.36443;0.135;0.8;0.47000000000000003
76;20181030;114758.316;2018-10-30 11:47:58.316;64.63381;-17.50564;1.738;0.66;-0.01
77;20181030;115416.631;2018-10-30 11:54:16.631;64.63448;-17.50504;2.066;0.53;0.05
79;20181030;122218.036;2018-10-30 12:22:18.036;64.64143;-17.5187;2.316;0.66;-0.05
94;20181030;174846.330;2018-10-30 17:48:46.330;64.67985;-17.51151;3.218;0.93;0.86
96;20181030;180540.245;2018-10-30 18:05:40.245;64.63966;-17.50825;2.151;0.51;-0.07
97;20181030;185223.423;2018-10-30 18:52:23.423;64.68672;-17.55173;1.687;0.8300000000000001;-0.19
98;20181030;185523.398;2018-10-30 18:55:23.398;64.65383;-17.53331;3.207;1.35;0.93
213;20181101;091444.530;2018-11-01 09:14:44.530;64.61758;-17.40458;0.135;0.01;-0.33
214;20181101;092000.686;2018-11-01 09:20:00.686;64.67944;-17.49974;3.336;0.33;-0.05
234;20181101;204227.427;2018-11-01 20:42:27.427;64.63976;-17.51076;2.553;0.22;-0.29
242;20181102;000823.663;2018-11-02 00:08:23.663;64.68118;-17.52433;1.7229999999999999;0.45;0.06
259;20181102;121558.039;2018-11-02 12:15:58.039;64.62859;-17.38548;6.748;0.18;-0.46
272;20181102;220600.345;2018-11-02 22:06:00.345;64.64929;-17.48018;2.259;-0.25;-0.35000000000000003
279;20181103;012903.918;2018-11-03 01:29:03.918;64.65713;-17.57161;5.692;0.14;-0.58
284;20181103;061209.648;2018-11-03 06:12:09.648;64.67966;-17.5217;1.526;0.64;0.23
295;20181103;173550.040;2018-11-03 17:35:50.040;64.68341;-17.5313;1.127;0.49;0.15
296;20181103;173924.914;2018-11-03 17:39:24.914;64.68552;-17.52132;0.135;0.53;0.53
297;20181103;173958.195;2018-11-03 17:39:58.195;64.6432;-17.51873;4.259;0.23;-0.4
298;20181103;175133.176;2018-11-03 17:51:33.176;64.68381;-17.52399;2.209;0.78;0.64
299;20181103;180840.247;2018-11-03 18:08:40.247;64.68124;-17.52294;2.293;0.73;0.08
300;20181103;182307.941;2018-11-03 18:23:07.941;64.67984;-17.5263;2.734;1.1400000000000001;0.93
301;20181103;182918.749;2018-11-03 18:29:18.749;64.6572;-17.47076;0.135;0.32;-0.35000000000000003
302;20181103;193224.808;2018-11-03 19:32:24.808;64.68216;-17.51459;2.124;0.55;0.12
305;20181103;215834.483;2018-11-03 21:58:34.483;64.62762;-17.39595;0.135;0.75;0.21
307;20181103;223553.757;2018-11-03 22:35:53.757;64.64458;-17.46292;0.135;0.52;0.34
332;20181104;153524.582;2018-11-04 15:35:24.582;64.68079;-17.43087;0.135;0.16;0.04
334;20181104;164341.670;2018-11-04 16:43:41.670;64.67287;-17.5466;2.033;0.53;-0.37
335;20181104;164425.994;2018-11-04 16:44:25.994;64.62522;-17.48363;2.844;0.37;-0.12
337;20181104;174521.626;2018-11-04 17:45:21.626;64.67111;-17.43256;3.038;1.15;0.78
352;20181104;233243.096;2018-11-04 23:32:43.096;64.66647;-17.54672;2.717;1.4;0.8300000000000001
9;20181105;031837.377;2018-11-05 03:18:37.377;64.68535;-17.4519;1.027;0.39;0.15
20;20181105;063235.950;2018-11-05 06:32:35.950;64.64164;-17.50897;2.403;0.56;0.04
21;20181105;063656.855;2018-11-05 06:36:56.855;64.64361;-17.51323;2.601;0.46;-0.11
28;20181105;085315.850;2018-11-05 08:53:15.850;64.65155;-17.47771;3.236;0.13;-0.37
40;20181105;140647.094;2018-11-05 14:06:47.094;64.63193;-17.56251;0.135;0.27;-0.16
42;20181105;144324.386;2018-11-05 14:43:24.386;64.68182;-17.47841;2.458;0.13;-0.04
50;20181105;183951.660;2018-11-05 18:39:51.660;64.62679;-17.3698;1.177;0.8;0.87
64;20181106;040507.517;2018-11-06 04:05:07.517;64.67692;-17.54067;2.084;0.66;0.0
72;20181106;053112.514;2018-11-06 05:31:12.514;64.64543;-17.48987;2.147;0.18;-0.23
80;20181106;063956.742;2018-11-06 06:39:56.742;64.63535;-17.35364;0.05;0.6000000000000001;0.38
140;20181106;221854.170;2018-11-06 22:18:54.170;64.6729;-17.51817;2.963;1.33;0.9500000000000001
175;20181107;174118.151;2018-11-07 17:41:18.151;64.64335;-17.48497;2.177;0.01;-0.2
176;20181107;183802.662;2018-11-07 18:38:02.662;64.59066;-17.58137;18.909;0.47000000000000003;-0.2
181;20181107;194619.278;2018-11-07 19:46:19.278;64.66731;-17.52956;1.271;0.35000000000000003;-0.2
188;20181107;221050.551;2018-11-07 22:10:50.551;64.68032;-17.53086;2.316;0.24;-0.81
263;20181110;010249.316;2018-11-10 01:02:49.316;64.6177;-17.48587;1.162;0.16;0.5
301;20181110;104700.716;2018-11-10 10:47:00.716;64.66877;-17.4991;3.3810000000000002;0.8;0.64
304;20181110;104931.855;2018-11-10 10:49:31.855;64.68108;-17.47038;4.752;0.52;0.48
307;20181110;110423.606;2018-11-10 11:04:23.606;64.68365;-17.51894;2.363;0.4;0.02
335;20181110;190659.232;2018-11-10 19:06:59.232;64.68095;-17.51042;2.384;0.17;0.06
420;20181111;185656.552;2018-11-11 18:56:56.552;64.65421;-17.41197;0.135;0.12;-0.52
432;20181111;234733.950;2018-11-11 23:47:33.950;64.65156;-17.46125;1.5390000000000001;0.07;0.03
4;20181112;004244.333;2018-11-12 00:42:44.333;64.64158;-17.49605;1.435;0.43;0.28
22;20181112;192149.834;2018-11-12 19:21:49.834;64.66268;-17.53242;9.995;3.64;2.87
23;20181112;192323.345;2018-11-12 19:23:23.345;64.66177;-17.4704;2.995;3.3;2.25
25;20181112;192559.861;2018-11-12 19:25:59.861;64.68272;-17.53199;2.197;-0.22;-0.17
26;20181112;192654.197;2018-11-12 19:26:54.197;64.67206;-17.53882;1.862;0.51;0.04
27;20181112;192815.630;2018-11-12 19:28:15.630;64.64685;-17.50854;2.456;0.08;-0.32
28;20181112;192858.390;2018-11-12 19:28:58.390;64.68041;-17.52102;1.413;-0.08;-0.12
29;20181112;192948.701;2018-11-12 19:29:48.701;64.6806;-17.48299;1.9500000000000002;-0.05;-0.61
30;20181112;193043.564;2018-11-12 19:30:43.564;64.68085;-17.47659;3.179;0.13;-0.51
31;20181112;193111.053;2018-11-12 19:31:11.053;64.68617;-17.53356;2.115;-0.06;-0.37
32;20181112;193310.699;2018-11-12 19:33:10.699;64.67435;-17.51259;2.914;0.41000000000000003;0.08
33;20181112;194635.422;2018-11-12 19:46:35.422;64.65177;-17.408360000000002;1.517;0.01;-0.38
34;20181112;195543.041;2018-11-12 19:55:43.041;64.68169;-17.46802;1.1440000000000001;-0.08;-0.24
35;20181112;195652.121;2018-11-12 19:56:52.121;64.64953;-17.47668;2.455;-0.21;-0.5
37;20181112;203559.894;2018-11-12 20:35:59.894;64.68149;-17.53341;1.9380000000000002;-0.39;-0.52
38;20181112;203930.546;2018-11-12 20:39:30.546;64.68365;-17.49097;2.1390000000000002;-0.09;-0.36
39;20181112;212120.967;2018-11-12 21:21:20.967;64.63556;-17.52319;1.483;-0.44;-0.76
40;20181112;212204.461;2018-11-12 21:22:04.461;64.67272;-17.54885;1.233;-0.04;-0.81
41;20181112;212726.552;2018-11-12 21:27:26.552;64.63091;-17.58102;3.438;0.7000000000000001;0.42
42;20181112;212834.077;2018-11-12 21:28:34.077;64.65335;-17.46295;6.06;0.1;-0.75
43;20181112;214328.466;2018-11-12 21:43:28.466;64.67519;-17.48407;5.415;0.33;-0.85
44;20181112;215425.721;2018-11-12 21:54:25.721;64.63267;-17.51041;1.615;-0.23;-0.55
46;20181112;224058.016;2018-11-12 22:40:58.016;64.62678;-17.45749;8.129;0.06;-0.76
56;20181113;020650.932;2018-11-13 02:06:50.932;64.68138;-17.41599;0.135;1.75;1.03
60;20181113;051700.688;2018-11-13 05:17:00.688;64.68133;-17.52873;2.435;0.18;-0.27
66;20181113;065859.552;2018-11-13 06:58:59.552;64.67148;-17.54278;2.043;0.44;-0.35000000000000003
73;20181113;105709.118;2018-11-13 10:57:09.118;64.64612;-17.36358;0.135;0.22;-0.04
75;20181113;125605.630;2018-11-13 12:56:05.630;64.67325;-17.4379;2.919;0.65;0.59
82;20181113;210920.884;2018-11-13 21:09:20.884;64.68861;-17.41981;0.135;-0.34;-0.35000000000000003
112;20181114;084128.635;2018-11-14 08:41:28.635;64.63567;-17.51063;0.135;-0.35000000000000003;-0.58
118;20181114;095443.475;2018-11-14 09:54:43.475;64.65498;-17.42453;3.625;0.62;0.42
178;20181115;104557.452;2018-11-15 10:45:57.452;64.62466;-17.40991;0.749;0.17;-0.14
196;20181116;023103.740;2018-11-16 02:31:03.740;64.66219;-17.50462;3.866;0.39;-0.9400000000000001
197;20181116;030748.049;2018-11-16 03:07:48.049;64.66655;-17.40394;1.488;0.48;-0.45
220;20181117;195851.113;2018-11-17 19:58:51.113;64.61725;-17.42742;0.105;2.66;2.65
2;20181119;010507.384;2018-11-19 01:05:07.384;64.65007;-17.36678;0.135;1.54;1.4100000000000001
3;20181119;010557.859;2018-11-19 01:05:57.859;64.63541;-17.36096;0.135;0.54;0.62
8;20181119;035404.803;2018-11-19 03:54:04.803;64.63972;-17.35711;0.135;1.32;0.92
15;20181119;101011.600;2018-11-19 10:10:11.600;64.62762;-17.53713;9.376;0.44;0.17
17;20181119;104408.806;2018-11-19 10:44:08.806;64.63561;-17.52752;1.322;0.11;-0.72
22;20181119;160610.851;2018-11-19 16:06:10.851;64.66845;-17.47519;0.135;-0.29;-0.55
40;20181119;201823.181;2018-11-19 20:18:23.181;64.64516;-17.36542;1.72;0.5;0.29
55;20181120;030538.370;2018-11-20 03:05:38.370;64.65846;-17.38786;1.798;1.06;1.11
56;20181120;030608.077;2018-11-20 03:06:08.077;64.66378;-17.38748;0.417;1.8599999999999999;1.38
100;20181121;130443.045;2018-11-21 13:04:43.045;64.5827;-17.4982;12.34;-0.16;-0.1
102;20181121;144539.017;2018-11-21 14:45:39.017;64.62141;-17.39895;0.135;1.53;1.04
116;20181121;203827.643;2018-11-21 20:38:27.643;64.66895;-17.51302;2.547;0.25;0.39
167;20181122;174206.001;2018-11-22 17:42:06.001;64.68582;-17.47289;2.646;0.05;-0.43
211;20181123;095252.435;2018-11-23 09:52:52.435;64.66108;-17.50589;2.839;1.7000000000000002;1.22
215;20181123;133349.926;2018-11-23 13:33:49.926;64.60847;-17.52572;5.358;-0.03;-0.55
216;20181123;145439.914;2018-11-23 14:54:39.914;64.62154;-17.38748;0.331;0.53;0.5
219;20181123;172646.062;2018-11-23 17:26:46.062;64.67468;-17.42333;2.036;0.64;0.55
301;20181124;100619.525;2018-11-24 10:06:19.525;64.63071;-17.44159;1.482;0.16;-0.38
305;20181124;113510.822;2018-11-24 11:35:10.822;64.67397;-17.41978;1.059;-0.16;-0.53
412;20181125;083217.737;2018-11-25 08:32:17.737;64.61602;-17.4832;2.974;2.44;1.87
413;20181125;083546.733;2018-11-25 08:35:46.733;64.60786;-17.5038;0.135;0.29;-0.07
414;20181125;083711.920;2018-11-25 08:37:11.920;64.62764;-17.47496;5.143;0.39;0.05
422;20181125;113739.788;2018-11-25 11:37:39.788;64.62656;-17.47268;2.197;0.43;-0.14
429;20181125;140420.217;2018-11-25 14:04:20.217;64.67477;-17.42646;0.403;0.66;-0.53
12;20181126;024730.974;2018-11-26 02:47:30.974;64.6251;-17.36725;0.135;1.62;1.28
28;20181126;070441.046;2018-11-26 07:04:41.046;64.61728;-17.47001;0.135;0.7000000000000001;0.59
46;20181126;121736.896;2018-11-26 12:17:36.896;64.64087;-17.42756;3.49;0.56;0.38
47;20181126;122516.390;2018-11-26 12:25:16.390;64.61597;-17.49418;3.1310000000000002;0.08;-0.7000000000000001
78;20181126;213358.463;2018-11-26 21:33:58.463;64.61556;-17.4789;0.135;1.3;0.89
115;20181127;031015.947;2018-11-27 03:10:15.947;64.67602;-17.44742;2.857;0.71;0.8200000000000001
139;20181127;090535.497;2018-11-27 09:05:35.497;64.61766;-17.50701;3.875;0.05;-0.46
146;20181127;105952.526;2018-11-27 10:59:52.526;64.63927;-17.49998;1.268;-0.03;0.21
174;20181128;015152.059;2018-11-28 01:51:52.059;64.6515;-17.49912;2.982;0.1;-0.4
177;20181128;031408.451;2018-11-28 03:14:08.451;64.65427;-17.46928;2.813;0.19;0.6000000000000001
178;20181128;031457.658;2018-11-28 03:14:57.658;64.68122;-17.52127;2.059;0.4;0.16
181;20181128;113505.001;2018-11-28 11:35:05.001;64.65585;-17.46836;2.036;0.63;0.25
182;20181128;145032.325;2018-11-28 14:50:32.325;64.62994;-17.39719;0.14400000000000002;0.58;0.33
184;20181128;154243.080;2018-11-28 15:42:43.080;64.64961;-17.47571;1.604;0.4;0.14
199;20181129;091900.023;2018-11-29 09:19:00.023;64.64429;-17.48446;4.735;0.92;0.4
260;20181130;144626.679;2018-11-30 14:46:26.679;64.67342;-17.53198;0.734;0.33;0.05
261;20181130;153942.815;2018-11-30 15:39:42.815;64.63447;-17.51621;1.371;0.32;-0.32
265;20181130;170611.402;2018-11-30 17:06:11.402;64.63866;-17.51002;0.9;0.35000000000000003;0.14
266;20181130;174802.269;2018-11-30 17:48:02.269;64.64164;-17.48768;3.1;0.02;-0.35000000000000003
267;20181130;175603.676;2018-11-30 17:56:03.676;64.6386;-17.50441;1.904;0.68;0.08
268;20181130;180035.527;2018-11-30 18:00:35.527;64.64063;-17.51925;0.135;0.18;-0.17
269;20181130;180824.788;2018-11-30 18:08:24.788;64.64148;-17.50658;1.129;0.30000000000000004;-0.2
270;20181130;182551.843;2018-11-30 18:25:51.843;64.64845;-17.515;2.586;1.9300000000000002;1.47
271;20181130;184640.235;2018-11-30 18:46:40.235;64.63575;-17.51068;1.808;0.18;-0.19
273;20181130;185949.544;2018-11-30 18:59:49.544;64.61586;-17.49371;1.67;0.42;-0.14
276;20181130;192942.108;2018-11-30 19:29:42.108;64.64646;-17.47184;3.9210000000000003;0.12;-0.37
287;20181201;001823.218;2018-12-01 00:18:23.218;64.63345;-17.41232;1.294;0.66;0.5
289;20181201;011904.350;2018-12-01 01:19:04.350;64.64159;-17.50912;4.316;0.21;-0.47000000000000003
315;20181201;150852.244;2018-12-01 15:08:52.244;64.64218;-17.51859;2.158;0.72;0.18
343;20181201;232938.179;2018-12-01 23:29:38.179;64.60802;-17.49947;0.331;0.39;0.16
345;20181202;003659.946;2018-12-02 00:36:59.946;64.64368;-17.44627;3.987;0.23;-0.47000000000000003
352;20181202;031603.629;2018-12-02 03:16:03.629;64.65446;-17.47886;2.116;0.28;-0.04
353;20181202;031739.785;2018-12-02 03:17:39.785;64.66637;-17.49449;2.317;-0.01;-0.34
358;20181202;040428.186;2018-12-02 04:04:28.186;64.64536;-17.48887;2.359;0.38;0.2
359;20181202;040443.432;2018-12-02 04:04:43.432;64.66699;-17.51184;7.506;2.36;2.05
360;20181202;040536.395;2018-12-02 04:05:36.395;64.64736;-17.50936;1.8679999999999999;1.09;0.78
375;20181202;143632.707;2018-12-02 14:36:32.707;64.66401;-17.49787;2.848;0.16;-0.67
381;20181202;162125.799;2018-12-02 16:21:25.799;64.64401;-17.49157;2.995;-0.06;-0.87
1;20181203;010624.031;2018-12-03 01:06:24.031;64.65453;-17.48001;2.575;-0.09;-0.38
15;20181203;053124.258;2018-12-03 05:31:24.258;64.65295;-17.41047;0.135;-0.31;-0.71
56;20181203;234206.323;2018-12-03 23:42:06.323;64.65762;-17.44564;2.709;0.1;-0.38
59;20181204;005005.276;2018-12-04 00:50:05.276;64.61397;-17.40773;1.054;0.1;-0.22
102;20181204;151358.215;2018-12-04 15:13:58.215;64.65967;-17.40243;0.425;-0.02;-0.16
146;20181205;122824.983;2018-12-05 12:28:24.983;64.62708;-17.35442;0.135;0.47000000000000003;0.27
159;20181205;163144.959;2018-12-05 16:31:44.959;64.62795;-17.358530000000002;0.135;0.47000000000000003;-0.01
175;20181205;223553.529;2018-12-05 22:35:53.529;64.65823;-17.40953;0.979;-0.01;-0.39
184;20181206;043304.790;2018-12-06 04:33:04.790;64.62929;-17.3558;1.252;0.92;0.84
206;20181207;060043.085;2018-12-07 06:00:43.085;64.66412;-17.43053;2.808;0.61;0.01
211;20181207;081914.428;2018-12-07 08:19:14.428;64.65185;-17.48134;2.584;0.51;0.07
223;20181207;212941.912;2018-12-07 21:29:41.912;64.65862;-17.42255;2.539;1.7000000000000002;1.1
235;20181208;030625.033;2018-12-08 03:06:25.033;64.61843;-17.48817;0.135;0.9500000000000001;0.5
284;20181209;020837.217;2018-12-09 02:08:37.217;64.64391;-17.47877;2.219;0.16;0.6000000000000001
294;20181209;084207.308;2018-12-09 08:42:07.308;64.64299;-17.4798;1.889;0.34;0.73
295;20181209;092702.802;2018-12-09 09:27:02.802;64.65475;-17.50131;2.749;0.22;-0.30000000000000004
296;20181209;104445.205;2018-12-09 10:44:45.205;64.64339;-17.48275;3.132;0.19;-0.30000000000000004
302;20181209;144821.427;2018-12-09 14:48:21.427;64.67147;-17.41001;0.517;0.33;-0.33
310;20181209;225413.294;2018-12-09 22:54:13.294;64.61681;-17.4673;1.909;1.6400000000000001;1.01
4;20181210;005913.516;2018-12-10 00:59:13.516;64.65744;-17.45542;1.97;0.62;0.21
25;20181210;144822.955;2018-12-10 14:48:22.955;64.68826;-17.46667;3.082;0.29;0.43
78;20181211;214916.977;2018-12-11 21:49:16.977;64.65786;-17.46809;2.785;0.64;0.43
90;20181212;042739.166;2018-12-12 04:27:39.166;64.65985;-17.50534;3.282;2.0;1.3599999999999999
107;20181212;155938.347;2018-12-12 15:59:38.347;64.63398;-17.50166;1.712;1.37;0.6900000000000001
108;20181212;155951.737;2018-12-12 15:59:51.737;64.63979;-17.50542;0.929;1.1400000000000001;1.07
109;20181212;160301.204;2018-12-12 16:03:01.204;64.64201;-17.5055;1.308;0.48;-0.03
110;20181212;163752.170;2018-12-12 16:37:52.170;64.64578;-17.50313;1.92;0.55;0.01
111;20181212;170607.355;2018-12-12 17:06:07.355;64.66361;-17.5082;3.015;0.59;0.6900000000000001
114;20181212;182512.295;2018-12-12 18:25:12.295;64.65138;-17.48588;2.082;0.19;-0.07
115;20181212;182556.787;2018-12-12 18:25:56.787;64.64608;-17.48077;1.3820000000000001;0.15;0.06
118;20181212;213959.562;2018-12-12 21:39:59.562;64.65208;-17.47038;8.765;0.63;-0.27
119;20181212;214053.306;2018-12-12 21:40:53.306;64.67487;-17.49385;8.168;0.2;-0.45
126;20181212;221520.299;2018-12-12 22:15:20.299;64.63893;-17.51826;2.347;0.14;-0.34
152;20181213;061937.286;2018-12-13 06:19:37.286;64.65883;-17.41011;0.135;0.12;-0.09
171;20181213;210628.223;2018-12-13 21:06:28.223;64.68094;-17.41039;0.34500000000000003;1.08;1.04
191;20181214;095726.727;2018-12-14 09:57:26.727;64.61879;-17.43357;0.135;0.87;0.42
192;20181214;102221.411;2018-12-14 10:22:21.411;64.64428;-17.44342;5.518;0.86;0.14
209;20181214;231345.267;2018-12-14 23:13:45.267;64.66932;-17.43185;3.112;0.16;0.17
222;20181215;120751.440;2018-12-15 12:07:51.440;64.64931;-17.45429;3.555;2.08;1.53
240;20181216;003353.495;2018-12-16 00:33:53.495;64.63983;-17.45159;0.135;0.8300000000000001;0.64
249;20181216;062725.215;2018-12-16 06:27:25.215;64.64993;-17.51921;4.66;0.39;-0.79
254;20181216;092512.350;2018-12-16 09:25:12.350;64.66974;-17.47899;3.023;0.8300000000000001;0.71
6;20181217;025019.149;2018-12-17 02:50:19.149;64.67095;-17.557290000000002;3.058;0.23;-0.2
11;20181217;062924.735;2018-12-17 06:29:24.735;64.60335;-17.40392;0.135;0.13;0.09
12;20181217;065900.952;2018-12-17 06:59:00.952;64.6166;-17.39089;3.035;3.59;2.89
13;20181217;070625.728;2018-12-17 07:06:25.728;64.63265;-17.37665;1.458;0.43;0.51
16;20181217;082821.121;2018-12-17 08:28:21.121;64.6116;-17.46629;1.8130000000000002;2.41;1.94
17;20181217;084742.372;2018-12-17 08:47:42.372;64.64896;-17.39839;1.8050000000000002;0.45;0.39
18;20181217;085410.854;2018-12-17 08:54:10.854;64.63971;-17.37635;1.131;0.36;0.46
19;20181217;091309.173;2018-12-17 09:13:09.173;64.61496;-17.46084;1.067;0.88;0.9400000000000001
20;20181217;093954.633;2018-12-17 09:39:54.633;64.62594;-17.48087;0.135;2.04;1.49
21;20181217;094857.650;2018-12-17 09:48:57.650;64.63882;-17.48271;1.596;0.75;0.58
22;20181217;105044.489;2018-12-17 10:50:44.489;64.65675;-17.36426;0.039;1.23;0.76
28;20181217;232128.486;2018-12-17 23:21:28.486;64.6483;-17.3659;0.135;0.88;0.76
32;20181218;040009.584;2018-12-18 04:00:09.584;64.65776;-17.50522;3.42;1.72;1.25
33;20181218;052816.697;2018-12-18 05:28:16.697;64.64111;-17.50339;1.357;1.18;0.87
34;20181218;052942.788;2018-12-18 05:29:42.788;64.64223;-17.49511;1.536;0.14;-0.30000000000000004
35;20181218;061642.911;2018-12-18 06:16:42.911;64.63853;-17.54752;1.558;0.89;0.64
36;20181218;062353.145;2018-12-18 06:23:53.145;64.65998;-17.45914;2.17;0.2;0.06
142;20181218;184524.045;2018-12-18 18:45:24.045;64.65416;-17.37676;0.805;3.37;2.49
164;20181218;224600.706;2018-12-18 22:46:00.706;64.62099;-17.40922;2.662;0.75;0.47000000000000003
208;20181219;042249.248;2018-12-19 04:22:49.248;64.66649;-17.45375;2.461;0.22;0.16
259;20181219;083423.597;2018-12-19 08:34:23.597;64.65353;-17.3787;1.223;0.97;0.98
261;20181219;084827.671;2018-12-19 08:48:27.671;64.63811;-17.47605;2.386;0.48;0.53
262;20181219;085256.604;2018-12-19 08:52:56.604;64.67541;-17.4432;0.135;0.37;0.75
265;20181219;091259.852;2018-12-19 09:12:59.852;64.66143;-17.44817;3.963;0.09;-0.22
266;20181219;091554.567;2018-12-19 09:15:54.567;64.65548;-17.44277;3.733;0.13;-0.18
269;20181219;094918.313;2018-12-19 09:49:18.313;64.65016;-17.43127;2.445;1.13;0.92
322;20181219;151335.154;2018-12-19 15:13:35.154;64.67533;-17.41611;0.551;0.33;0.64
323;20181219;151336.882;2018-12-19 15:13:36.882;64.64664;-17.46023;7.212;0.93;0.78
373;20181219;173209.012;2018-12-19 17:32:09.012;64.65988;-17.4589;4.792;0.39;-0.31
439;20181220;004218.606;2018-12-20 00:42:18.606;64.65104;-17.48035;2.79;0.30000000000000004;-0.05
442;20181220;013010.860;2018-12-20 01:30:10.860;64.65401;-17.46927;1.554;-0.14;-0.63
743;20181220;234013.506;2018-12-20 23:40:13.506;64.63964;-17.54069;2.003;-0.1;-0.53
750;20181221;004410.030;2018-12-21 00:44:10.030;64.65547;-17.52167;9.049;0.03;-0.9
783;20181221;081913.591;2018-12-21 08:19:13.591;64.65277;-17.51379;3.051;1.26;0.98
826;20181221;192347.214;2018-12-21 19:23:47.214;64.67764;-17.41117;0.135;-0.15;-0.37
847;20181222;025604.827;2018-12-22 02:56:04.827;64.67808;-17.42075;0.048;-0.48;-0.63
904;20181223;094353.737;2018-12-23 09:43:53.737;64.60744;-17.48763;5.358;1.25;0.32
905;20181223;094401.582;2018-12-23 09:44:01.582;64.6409;-17.4826;2.5869999999999997;0.42;0.01
906;20181223;094409.262;2018-12-23 09:44:09.262;64.63921;-17.49295;2.196;-0.15;-0.48
926;20181223;185843.801;2018-12-23 18:58:43.801;64.63483;-17.54977;8.473;1.6600000000000001;1.24
927;20181223;190326.921;2018-12-23 19:03:26.921;64.66421;-17.45343;3.818;0.54;0.12
32;20181224;211947.052;2018-12-24 21:19:47.052;64.66729;-17.4006;0.135;-0.1;0.04
33;20181224;211951.520;2018-12-24 21:19:51.520;64.68037;-17.4205;0.14400000000000002;0.15;-0.06
39;20181224;231544.868;2018-12-24 23:15:44.868;64.65433;-17.42054;3.017;0.67;0.51
40;20181224;231643.373;2018-12-24 23:16:43.373;64.66439;-17.49629;0.039;0.87;0.65
68;20181225;113243.146;2018-12-25 11:32:43.146;64.64987;-17.48708;1.186;-0.06;-0.07
70;20181225;121538.015;2018-12-25 12:15:38.015;64.65045;-17.48011;3.26;3.13;2.7199999999999998
71;20181225;121700.919;2018-12-25 12:17:00.919;64.64717;-17.47802;2.246;0.14;0.14
72;20181225;122142.505;2018-12-25 12:21:42.505;64.65222;-17.49438;2.296;0.28;0.02
75;20181225;123347.779;2018-12-25 12:33:47.779;64.64048;-17.48645;2.981;-0.02;-0.47000000000000003
76;20181225;124516.262;2018-12-25 12:45:16.262;64.68034;-17.51698;2.777;0.72;0.53
87;20181226;011637.376;2018-12-26 01:16:37.376;64.63765;-17.41528;1.865;0.65;0.56
92;20181226;051358.764;2018-12-26 05:13:58.764;64.61549;-17.47418;4.69;0.39;0.22
139;20181226;230756.615;2018-12-26 23:07:56.615;64.64841;-17.4836;3.693;0.67;0.11
140;20181226;230914.786;2018-12-26 23:09:14.786;64.65097;-17.47458;2.6029999999999998;0.59;0.75
179;20181227;211543.131;2018-12-27 21:15:43.131;64.67562;-17.42231;0.327;0.15;-0.2
180;20181227;231653.430;2018-12-27 23:16:53.430;64.65272;-17.45556;2.365;0.35000000000000003;-0.08
183;20181228;011633.684;2018-12-28 01:16:33.684;64.66445;-17.45107;0.135;4.8;3.79
184;20181228;012019.344;2018-12-28 01:20:19.344;64.66657000000001;-17.44254;0.135;3.54;2.42
185;20181228;012126.100;2018-12-28 01:21:26.100;64.65144;-17.38899;0.135;1.3;1.16
186;20181228;012527.028;2018-12-28 01:25:27.028;64.5871;-17.55152;0.135;0.16;0.11
187;20181228;012541.904;2018-12-28 01:25:41.904;64.65473;-17.4934;3.459;0.03;-0.52
188;20181228;012552.474;2018-12-28 01:25:52.474;64.66315;-17.46656;3.324;-0.01;-0.24
189;20181228;013817.344;2018-12-28 01:38:17.344;64.66296;-17.44527;2.584;3.69;3.18
190;20181228;014618.506;2018-12-28 01:46:18.506;64.66064;-17.43757;1.425;2.76;2.35
191;20181228;021556.405;2018-12-28 02:15:56.405;64.65241;-17.37675;0.226;0.35000000000000003;0.03
223;20181229;081034.640;2018-12-29 08:10:34.640;64.66748;-17.40473;0.47000000000000003;1.72;1.15
34;20181231;220311.247;2018-12-31 22:03:11.247;64.63536;-17.50503;11.439;1.04;0.19
79;20190101;182555.673;2019-01-01 18:25:55.673;64.65204;-17.48753;7.7010000000000005;0.54;-0.79
84;20190101;201223.401;2019-01-01 20:12:23.401;64.65134;-17.36368;0.137;0.72;0.26
193;20190106;063653.083;2019-01-06 06:36:53.083;64.61343;-17.49767;0.135;0.31;0.30000000000000004
200;20190106;091127.124;2019-01-06 09:11:27.124;64.61652;-17.51138;1.826;0.89;0.81
9;20190107;022009.588;2019-01-07 02:20:09.588;64.62152;-17.45411;7.416;0.53;0.06
124;20190110;101012.628;2019-01-10 10:10:12.628;64.63727;-17.37611;1.741;0.81;0.91
139;20190111;031520.919;2019-01-11 03:15:20.919;64.65973;-17.44073;2.9;0.05;0.09
140;20190111;031607.039;2019-01-11 03:16:07.039;64.66967;-17.42438;0.256;-0.23;-0.87
196;20190112;201521.453;2019-01-12 20:15:21.453;64.60247;-17.485970000000002;0.135;1.8;1.35
207;20190113;185425.484;2019-01-13 18:54:25.484;64.63995;-17.37794;2.518;0.93;-0.07
11;20190114;091956.974;2019-01-14 09:19:56.974;64.62158;-17.47501;1.593;1.17;0.6900000000000001
12;20190114;092326.493;2019-01-14 09:23:26.493;64.61868;-17.48076;0.135;0.61;-0.04
34;20190115;012550.908;2019-01-15 01:25:50.908;64.6554;-17.38795;0.355;0.45;0.07
39;20190115;034455.137;2019-01-15 03:44:55.137;64.64552;-17.43327;4.69;0.85;-0.03
46;20190115;093857.704;2019-01-15 09:38:57.704;64.65912;-17.4828;2.988;0.18;-0.45
62;20190116;022550.167;2019-01-16 02:25:50.167;64.65797;-17.45148;3.423;0.29;-0.09
67;20190116;060826.505;2019-01-16 06:08:26.505;64.61205;-17.46231;1.032;1.2;0.85
157;20190118;212118.987;2019-01-18 21:21:18.987;64.59659;-17.34055;0.135;0.06;0.06
158;20190118;212616.990;2019-01-18 21:26:16.990;64.60429;-17.33517;0.14400000000000002;0.19;0.14
189;20190119;233013.365;2019-01-19 23:30:13.365;64.6458;-17.47165;1.966;0.15;0.1
17;20190121;205050.338;2019-01-21 20:50:50.338;64.61863;-17.4625;0.515;0.6000000000000001;-0.51
44;20190122;181513.568;2019-01-22 18:15:13.568;64.61613;-17.36512;3.827;2.43;2.2
45;20190122;192224.331;2019-01-22 19:22:24.331;64.66556;-17.38637;0.725;0.27;0.05
47;20190122;201718.519;2019-01-22 20:17:18.519;64.63093;-17.38187;0.135;-0.04;-0.27
57;20190123;034831.770;2019-01-23 03:48:31.770;64.65829;-17.52453;2.7039999999999997;0.61;0.36
58;20190123;034842.543;2019-01-23 03:48:42.543;64.64701;-17.49472;2.561;0.81;0.63
84;20190123;223801.506;2019-01-23 22:38:01.506;64.65504;-17.421;1.596;0.05;0.0
99;20190124;045502.912;2019-01-24 04:55:02.912;64.60905;-17.50006;1.745;0.56;0.13
153;20190125;101030.842;2019-01-25 10:10:30.842;64.65055;-17.40848;0.135;0.8300000000000001;0.30000000000000004
22;20190204;185646.628;2019-02-04 18:56:46.628;64.61655;-17.44767;0.14400000000000002;2.23;1.69
123;20190207;050620.479;2019-02-07 05:06:20.479;64.66155;-17.50248;7.941;0.74;0.38
149;20190208;081936.863;2019-02-08 08:19:36.863;64.6544;-17.47982;1.057;0.31;-0.02
156;20190208;182257.820;2019-02-08 18:22:57.820;64.66853;-17.45349;2.031;1.63;1.09
191;20190210;050234.185;2019-02-10 05:02:34.185;64.61722;-17.4991;1.484;1.27;0.99
192;20190210;050300.770;2019-02-10 05:03:00.770;64.6124;-17.47467;0.177;2.01;1.3900000000000001
194;20190210;051658.163;2019-02-10 05:16:58.163;64.61388;-17.50049;1.232;1.8599999999999999;1.57
205;20190210;122654.811;2019-02-10 12:26:54.811;64.61581;-17.44866;0.135;1.17;0.61
34;20190211;160521.853;2019-02-11 16:05:21.853;64.66326;-17.39118;0.543;1.06;0.81
65;20190212;194907.117;2019-02-12 19:49:07.117;64.59339;-17.50869;5.005;0.8200000000000001;0.64
77;20190213;113037.394;2019-02-13 11:30:37.394;64.65531;-17.39294;1.638;0.74;0.52
104;20190214;091046.144;2019-02-14 09:10:46.144;64.6186;-17.39914;0.135;1.6099999999999999;1.09
231;20190216;193259.438;2019-02-16 19:32:59.438;64.63338;-17.48009;5.231;0.36;0.08
237;20190216;232354.887;2019-02-16 23:23:54.887;64.65228;-17.3898;1.556;1.04;1.06
242;20190217;011425.304;2019-02-17 01:14:25.304;64.59322;-17.47568;0.135;0.63;0.89
246;20190217;040826.334;2019-02-17 04:08:26.334;64.63232;-17.36051;0.135;0.8300000000000001;0.63
57;20190219;081123.562;2019-02-19 08:11:23.562;64.63223;-17.35919;0.738;2.25;1.9
58;20190219;081908.786;2019-02-19 08:19:08.786;64.62806;-17.36122;0.47500000000000003;2.23;1.76
127;20190220;222405.291;2019-02-20 22:24:05.291;64.62735;-17.36376;0.135;0.73;0.62
135;20190221;075541.411;2019-02-21 07:55:41.411;64.62382;-17.4751;6.054;1.13;0.37
163;20190221;194359.799;2019-02-21 19:43:59.799;64.66463;-17.38407;0.052000000000000005;0.62;0.37
180;20190222;154847.281;2019-02-22 15:48:47.281;64.61365;-17.46093;1.536;1.57;0.99
219;20190223;120759.352;2019-02-23 12:07:59.352;64.62466;-17.45218;0.135;0.66;0.07
229;20190223;211726.294;2019-02-23 21:17:26.294;64.64043;-17.36332;1.811;2.71;2.42
231;20190223;212358.163;2019-02-23 21:23:58.163;64.65089;-17.38869;2.31;4.19;3.3
234;20190223;222620.465;2019-02-23 22:26:20.465;64.65479;-17.4628;7.099;0.35000000000000003;-0.11
235;20190223;224139.129;2019-02-23 22:41:39.129;64.65192;-17.39766;2.9050000000000002;0.96;0.62
236;20190223;225652.018;2019-02-23 22:56:52.018;64.67059;-17.38769;1.1440000000000001;0.55;0.49
253;20190224;071432.959;2019-02-24 07:14:32.959;64.65707;-17.41355;4.033;1.49;0.87
257;20190224;084749.163;2019-02-24 08:47:49.163;64.65504;-17.41707;5.162;1.56;0.93
30;20190225;213913.702;2019-02-25 21:39:13.702;64.64278;-17.50902;2.635;0.65;0.18
31;20190225;215203.124;2019-02-25 21:52:03.124;64.67556;-17.51223;2.8529999999999998;0.86;0.79
59;20190227;090017.341;2019-02-27 09:00:17.341;64.63866;-17.52494;0.741;0.17;-0.4
150;20190228;114811.492;2019-02-28 11:48:11.492;64.6591;-17.44158;2.731;-0.23;-0.35000000000000003
179;20190301;095436.145;2019-03-01 09:54:36.145;64.64658;-17.46937;0.135;0.16;0.14
263;20190303;234312.103;2019-03-03 23:43:12.103;64.61254;-17.45206;0.135;0.8;0.48
5;20190304;034142.769;2019-03-04 03:41:42.769;64.64646;-17.44313;23.546;1.1;1.23
6;20190304;034145.016;2019-03-04 03:41:45.016;64.63813;-17.39315;20.187;1.28;0.9400000000000001
7;20190304;034151.550;2019-03-04 03:41:51.550;64.63621;-17.3686;19.785;1.1;0.79
8;20190304;054658.086;2019-03-04 05:46:58.086;64.6171;-17.4212;0.135;3.77;2.89
9;20190304;055259.676;2019-03-04 05:52:59.676;64.60009;-17.44789;0.135;4.1;3.38
10;20190304;055423.080;2019-03-04 05:54:23.080;64.6228;-17.44135;2.284;1.48;1.54
11;20190304;060045.333;2019-03-04 06:00:45.333;64.64812;-17.54548;3.544;0.7000000000000001;-0.12
12;20190304;060353.577;2019-03-04 06:03:53.577;64.6244;-17.4394;9.995;3.26;2.52
13;20190304;061109.831;2019-03-04 06:11:09.831;64.61909;-17.43329;3.004;1.5899999999999999;1.16
14;20190304;061345.163;2019-03-04 06:13:45.163;64.63664;-17.51428;4.107;0.64;0.61
15;20190304;063855.728;2019-03-04 06:38:55.728;64.62588;-17.46151;3.833;0.97;0.86
16;20190304;065601.836;2019-03-04 06:56:01.836;64.62543;-17.43947;2.838;1.6600000000000001;1.04
26;20190304;154222.875;2019-03-04 15:42:22.875;64.6531;-17.52401;3.657;0.22;-0.36
42;20190305;004306.526;2019-03-05 00:43:06.526;64.65375;-17.44703;2.786;0.52;0.44
47;20190305;012409.108;2019-03-05 01:24:09.108;64.63478;-17.42392;4.798;0.93;0.56
49;20190305;033232.723;2019-03-05 03:32:32.723;64.63716;-17.381990000000002;0.581;0.38;0.19
64;20190305;113521.954;2019-03-05 11:35:21.954;64.6265;-17.43235;0.753;0.8;0.71
166;20190308;030448.641;2019-03-08 03:04:48.641;64.66353;-17.42728;1.4889999999999999;1.6600000000000001;1.12
214;20190309;065957.613;2019-03-09 06:59:57.613;64.63798;-17.36048;1.085;0.77;0.51
225;20190309;185806.540;2019-03-09 18:58:06.540;64.61677;-17.4699;2.616;1.69;0.88
51;20190313;013411.313;2019-03-13 01:34:11.313;64.67252;-17.49708;4.893;0.9;0.75
119;20190314;150535.039;2019-03-14 15:05:35.039;64.64723;-17.48053;2.463;0.81;0.86
168;20190316;004627.001;2019-03-16 00:46:27.001;64.63564;-17.41659;3.698;0.98;0.15
225;20190316;205721.124;2019-03-16 20:57:21.124;64.64434;-17.50163;2.784;0.05;-0.28
259;20190317;130902.301;2019-03-17 13:09:02.301;64.66902;-17.51296;3.171;1.3900000000000001;0.76
185;20190319;104448.136;2019-03-19 10:44:48.136;64.64114000000001;-17.48272;2.039;-0.13;0.11
238;20190319;153913.579;2019-03-19 15:39:13.579;64.66782;-17.42425;0.135;2.75;2.25
239;20190319;154059.466;2019-03-19 15:40:59.466;64.65506;-17.45157;2.876;0.04;-0.33
241;20190319;155044.283;2019-03-19 15:50:44.283;64.67659;-17.45717;2.472;1.02;0.78
355;20190321;174832.609;2019-03-21 17:48:32.609;64.65443;-17.45344;2.26;-0.29;-0.36
391;20190323;011237.842;2019-03-23 01:12:37.842;64.64026;-17.51753;2.602;0.64;-0.14
502;20190324;192715.721;2019-03-24 19:27:15.721;64.62315;-17.49233;0.05;1.79;0.97
269;20190403;034859.648;2019-04-03 03:48:59.648;64.63161;-17.53316;3.113;0.11;-0.53
425;20190404;110705.948;2019-04-04 11:07:05.948;64.67181;-17.40605;1.005;-0.30000000000000004;-0.33
4;20190408;012446.072;2019-04-08 01:24:46.072;64.64813;-17.414;2.781;1.01;0.30000000000000004
175;20190409;221303.395;2019-04-09 22:13:03.395;64.59728;-17.46976;0.135;-0.09;-0.24
351;20190411;073306.268;2019-04-11 07:33:06.268;64.60584;-17.3942;0.135;-0.07;-0.36
352;20190411;073330.154;2019-04-11 07:33:30.154;64.59325;-17.38913;0.135;0.08;-0.19
394;20190411;155400.860;2019-04-11 15:54:00.860;64.65211;-17.43479;2.9290000000000003;-0.03;-0.17
513;20190413;234652.982;2019-04-13 23:46:52.982;64.65141;-17.41722;3.561;1.05;0.81
518;20190414;060443.592;2019-04-14 06:04:43.592;64.6345;-17.46688;0.806;0.23;0.24
25;20190415;165245.791;2019-04-15 16:52:45.791;64.63515;-17.44134;4.851;0.33;-0.28
26;20190415;165304.430;2019-04-15 16:53:04.430;64.64879;-17.44864;6.577;0.30000000000000004;-0.6900000000000001
45;20190416;030338.503;2019-04-16 03:03:38.503;64.67184;-17.49475;3.187;1.73;1.1400000000000001
63;20190416;092424.756;2019-04-16 09:24:24.756;64.68595;-17.53238;1.764;0.44;0.51
74;20190416;222215.982;2019-04-16 22:22:15.982;64.64539;-17.448;7.567;1.17;0.67
191;20190419;225547.527;2019-04-19 22:55:47.527;64.65375;-17.50367;1.7389999999999999;2.17;1.67
221;20190421;013935.343;2019-04-21 01:39:35.343;64.62881;-17.4706;3.101;1.18;0.88
246;20190421;111304.636;2019-04-21 11:13:04.636;64.68169;-17.48148;2.954;-0.22;-0.26
249;20190421;131353.982;2019-04-21 13:13:53.982;64.65442;-17.45205;1.9689999999999999;0.24;-0.04
96;20190424;085435.867;2019-04-24 08:54:35.867;64.61868;-17.44535;5.545;0.7000000000000001;0.29
182;20190426;162913.511;2019-04-26 16:29:13.511;64.63776;-17.44225;5.005;0.42;0.16
203;20190427;095429.267;2019-04-27 09:54:29.267;64.63731;-17.49707;3.027;-0.17;-0.77
205;20190427;121323.575;2019-04-27 12:13:23.575;64.64205;-17.36332;0.396;1.3900000000000001;1.6099999999999999
222;20190427;221752.701;2019-04-27 22:17:52.701;64.63686;-17.51022;2.519;0.53;0.21
249;20190428;052306.814;2019-04-28 05:23:06.814;64.59372;-17.45299;0.758;0.42;0.28
250;20190428;052346.933;2019-04-28 05:23:46.933;64.62224;-17.47411;2.429;0.35000000000000003;0.31
255;20190428;053449.636;2019-04-28 05:34:49.636;64.613;-17.45562;1.88;1.49;1.22
257;20190428;054405.759;2019-04-28 05:44:05.759;64.64497;-17.44514;2.34;0.26;0.16
261;20190428;064911.437;2019-04-28 06:49:11.437;64.59803;-17.48244;0.135;0.05;-0.30000000000000004
268;20190428;081455.469;2019-04-28 08:14:55.469;64.62463;-17.37371;1.259;1.24;1.24
293;20190428;111515.441;2019-04-28 11:15:15.441;64.60859;-17.50808;0.388;-0.34;-0.51
301;20190428;131830.498;2019-04-28 13:18:30.498;64.66416;-17.41039;2.7720000000000002;1.44;1.35
89;20190430;004426.487;2019-04-30 00:44:26.487;64.63137;-17.36253;0.135;0.59;0.68
330;20190502;225023.678;2019-05-02 22:50:23.678;64.66059;-17.45197;2.2560000000000002;1.29;1.3
331;20190502;225035.233;2019-05-02 22:50:35.233;64.66611;-17.44962;0.14400000000000002;1.94;1.72
347;20190502;232203.951;2019-05-02 23:22:03.951;64.66264;-17.46415;2.628;1.6400000000000001;1.46
414;20190503;102217.656;2019-05-03 10:22:17.656;64.63512;-17.4337;3.802;0.28;-0.44
430;20190503;132336.657;2019-05-03 13:23:36.657;64.66526;-17.46865;3.2439999999999998;1.03;1.04
434;20190503;134410.898;2019-05-03 13:44:10.898;64.68079;-17.50476;3.3609999999999998;0.19;-0.14
545;20190504;200034.531;2019-05-04 20:00:34.531;64.63375;-17.52067;2.895;-0.12;-0.8300000000000001
578;20190505;025245.855;2019-05-05 02:52:45.855;64.67876;-17.55154;2.42;0.38;0.0
41;20190506;151703.205;2019-05-06 15:17:03.205;64.64711;-17.52131;3.345;0.14;-0.73
45;20190506;155122.142;2019-05-06 15:51:22.142;64.6072;-17.48213;0.685;0.6900000000000001;-0.4
56;20190506;192551.117;2019-05-06 19:25:51.117;64.61749;-17.49018;1.249;0.17;-0.32
96;20190507;055705.805;2019-05-07 05:57:05.805;64.63931;-17.54983;29.607;0.54;0.87
302;20190508;221511.575;2019-05-08 22:15:11.575;64.63121;-17.40686;0.135;0.06;-0.31
313;20190509;001056.241;2019-05-09 00:10:56.241;64.63317;-17.36922;0.368;0.19;0.55
358;20190509;144212.806;2019-05-09 14:42:12.806;64.62469;-17.49583;2.544;0.17;-0.27
359;20190509;151804.076;2019-05-09 15:18:04.076;64.67849;-17.52201;2.278;0.42;0.26
366;20190509;170200.109;2019-05-09 17:02:00.109;64.63969;-17.37311;0.135;0.59;0.51
367;20190509;171430.073;2019-05-09 17:14:30.073;64.68041;-17.53465;2.031;0.8;0.46
434;20190510;091429.247;2019-05-10 09:14:29.247;64.68434;-17.46827;3.789;0.39;0.26
491;20190510;191248.403;2019-05-10 19:12:48.403;64.64572;-17.43674;1.725;-0.08;-0.05
658;20190512;081511.305;2019-05-12 08:15:11.305;64.62017;-17.48438;2.798;-0.26;-0.8200000000000001
687;20190512;171214.275;2019-05-12 17:12:14.275;64.6396;-17.48458;3.21;-0.27;-0.34
691;20190512;183757.063;2019-05-12 18:37:57.063;64.65542;-17.53348;2.898;0.64;0.28
693;20190512;184646.247;2019-05-12 18:46:46.247;64.66106;-17.52931;2.7030000000000003;0.63;0.16
697;20190512;203933.496;2019-05-12 20:39:33.496;64.67889;-17.54909;2.099;-0.04;-0.61
62;20190514;095846.337;2019-05-14 09:58:46.337;64.66913;-17.50368;3.096;0.63;0.38
74;20190514;181643.908;2019-05-14 18:16:43.908;64.6175;-17.49773;2.226;-0.07;-0.45
81;20190514;204639.982;2019-05-14 20:46:39.982;64.61293;-17.4958;1.8900000000000001;-0.06;-0.68
124;20190516;040803.919;2019-05-16 04:08:03.919;64.603;-17.49613;0.431;1.13;0.9500000000000001
151;20190516;203306.196;2019-05-16 20:33:06.196;64.62611;-17.47344;2.295;0.55;-0.05
155;20190516;214829.633;2019-05-16 21:48:29.633;64.6427;-17.40714;1.87;0.78;0.4
59;20190520;165008.548;2019-05-20 16:50:08.548;64.59676;-17.38108;0.135;0.56;0.33
84;20190520;231453.875;2019-05-20 23:14:53.875;64.63509;-17.4259;3.185;0.7000000000000001;0.30000000000000004
244;20190522;062928.202;2019-05-22 06:29:28.202;64.6191;-17.40436;2.491;1.12;0.86
289;20190523;090738.128;2019-05-23 09:07:38.128;64.63914;-17.40414;6.536;0.25;0.23
336;20190524;122424.831;2019-05-24 12:24:24.831;64.67278;-17.5441;1.065;0.01;-0.44
378;20190525;000352.044;2019-05-25 00:03:52.044;64.64035;-17.51582;2.805;0.41000000000000003;0.24
413;20190525;082246.537;2019-05-25 08:22:46.537;64.63097;-17.3721;3.125;0.12;0.39
414;20190525;083003.067;2019-05-25 08:30:03.067;64.6317;-17.36909;2.3689999999999998;1.13;0.88
419;20190525;091736.913;2019-05-25 09:17:36.913;64.66832;-17.49546;2.951;1.8599999999999999;1.37
452;20190525;151400.457;2019-05-25 15:14:00.457;64.64264;-17.46283;0.135;-0.05;-0.32
480;20190526;045440.104;2019-05-26 04:54:40.104;64.66466;-17.53498;1.783;0.43;-0.03
481;20190526;045627.294;2019-05-26 04:56:27.294;64.66093;-17.53189;1.982;0.85;0.35000000000000003
502;20190526;091931.918;2019-05-26 09:19:31.918;64.6441;-17.57103;0.135;-0.12;-0.17
509;20190526;105942.593;2019-05-26 10:59:42.593;64.67963;-17.47032;0.135;0.34;-0.12
533;20190526;224422.549;2019-05-26 22:44:22.549;64.63608;-17.42439;3.028;0.92;0.46
327;20190601;033043.538;2019-06-01 03:30:43.538;64.65598;-17.425;2.9859999999999998;1.07;0.76
343;20190601;104014.013;2019-06-01 10:40:14.013;64.66286;-17.49607;8.691;0.55;0.53
358;20190601;152330.128;2019-06-01 15:23:30.128;64.62459;-17.59215;12.075;1.21;0.78
433;20190602;212849.370;2019-06-02 21:28:49.370;64.64429;-17.50237;2.362;1.37;1.03
437;20190602;221645.646;2019-06-02 22:16:45.646;64.61329;-17.47225;0.62;0.61;0.59
163;20190606;104232.147;2019-06-06 10:42:32.147;64.63351;-17.39702;0.135;1.07;0.88
187;20190606;224153.050;2019-06-06 22:41:53.050;64.61372;-17.47724;1.9769999999999999;0.72;0.51
195;20190607;025333.524;2019-06-07 02:53:33.524;64.63047;-17.43532;3.583;0.96;0.65
314;20190609;054617.201;2019-06-09 05:46:17.201;64.65559;-17.52911;5.045;-0.11;-0.11
324;20190609;104123.080;2019-06-09 10:41:23.080;64.64319;-17.4057;1.154;0.87;0.73
327;20190609;115722.408;2019-06-09 11:57:22.408;64.62613;-17.42492;0.135;2.42;2.25
330;20190609;124548.364;2019-06-09 12:45:48.364;64.59784;-17.4582;0.135;0.2;-0.08
331;20190609;124625.729;2019-06-09 12:46:25.729;64.61479;-17.47424;2.3970000000000002;0.64;0.58
332;20190609;125337.565;2019-06-09 12:53:37.565;64.60744;-17.46073;0.135;-0.24;0.16
7;20190610;032253.121;2019-06-10 03:22:53.121;64.62626;-17.44936;1.177;-0.06;-0.27
67;20190611;024849.715;2019-06-11 02:48:49.715;64.65106;-17.38543;0.707;-0.12;-0.35000000000000003
68;20190611;040210.931;2019-06-11 04:02:10.931;64.64162;-17.37357;1.611;0.9;0.72
98;20190612;010600.039;2019-06-12 01:06:00.039;64.6801;-17.4844;3.373;0.16;-0.1
148;20190613;192859.645;2019-06-13 19:28:59.645;64.66099;-17.39773;0.8140000000000001;1.6800000000000002;1.47
149;20190613;214629.450;2019-06-13 21:46:29.450;64.67546;-17.42143;0.135;-0.21;-0.45
203;20190615;080748.212;2019-06-15 08:07:48.212;64.60896;-17.48958;2.165;1.8399999999999999;1.34
225;20190615;172159.117;2019-06-15 17:21:59.117;64.61273;-17.46168;0.423;1.04;0.8200000000000001
233;20190615;203327.687;2019-06-15 20:33:27.687;64.64641;-17.40349;3.412;0.36;0.35000000000000003
242;20190615;231229.751;2019-06-15 23:12:29.751;64.67062;-17.38196;0.135;0.35000000000000003;0.27
279;20190616;102028.567;2019-06-16 10:20:28.567;64.6769;-17.48085;0.135;-0.27;-0.35000000000000003
43;20190617;223043.391;2019-06-17 22:30:43.391;64.64751;-17.43534;2.433;0.33;0.35000000000000003
51;20190618;053832.685;2019-06-18 05:38:32.685;64.62859;-17.49705;1.884;0.04;0.4
53;20190618;063510.019;2019-06-18 06:35:10.019;64.61689;-17.47662;1.71;0.89;0.77
56;20190618;071103.352;2019-06-18 07:11:03.352;64.62132;-17.44385;0.135;0.25;0.16
78;20190618;122649.397;2019-06-18 12:26:49.397;64.63643;-17.50875;2.29;0.38;-0.06
95;20190618;223052.853;2019-06-18 22:30:52.853;64.63123;-17.45537;4.995;3.39;2.7199999999999998
96;20190618;224329.967;2019-06-18 22:43:29.967;64.62732;-17.37941;0.262;0.61;1.02
98;20190618;233024.870;2019-06-18 23:30:24.870;64.63189;-17.35639;0.135;1.6099999999999999;1.17
271;20190621;075947.477;2019-06-21 07:59:47.477;64.68783;-17.46668;1.963;-0.68;-0.5700000000000001
296;20190621;121233.750;2019-06-21 12:12:33.750;64.66367;-17.41582;11.423;0.08;0.8300000000000001
363;20190622;075051.627;2019-06-22 07:50:51.627;64.65698;-17.49303;3.183;0.14;0.01
365;20190622;092545.849;2019-06-22 09:25:45.849;64.68456;-17.42219;0.135;-0.39;-0.59
366;20190622;094010.118;2019-06-22 09:40:10.118;64.64967;-17.48714;2.8529999999999998;0.36;0.23
375;20190622;134309.959;2019-06-22 13:43:09.959;64.658;-17.4729;3.492;1.3599999999999999;0.8300000000000001
402;20190622;233431.286;2019-06-22 23:34:31.286;64.65222;-17.44936;2.823;1.51;1.02
444;20190623;073701.702;2019-06-23 07:37:01.702;64.64106;-17.39496;0.448;0.63;0.53
499;20190623;190225.646;2019-06-23 19:02:25.646;64.63594;-17.33518;0.135;-0.22;0.52
33;20190624;130907.626;2019-06-24 13:09:07.626;64.66306;-17.58523;2.411;4.55;3.5
34;20190624;131201.660;2019-06-24 13:12:01.660;64.67011;-17.51293;2.432;0.73;0.28
35;20190624;131500.185;2019-06-24 13:15:00.185;64.66707;-17.50573;8.214;0.22;-0.52
36;20190624;131814.556;2019-06-24 13:18:14.556;64.66351;-17.405640000000002;2.172;3.4;2.92
37;20190624;131954.186;2019-06-24 13:19:54.186;64.6626;-17.42182;5.656;0.92;1.11
38;20190624;132159.993;2019-06-24 13:21:59.993;64.66735;-17.39515;1.772;1.58;-0.31
39;20190624;132235.065;2019-06-24 13:22:35.065;64.67636;-17.46352;2.667;2.2800000000000002;1.76
40;20190624;132403.502;2019-06-24 13:24:03.502;64.67323;-17.52281;2.6550000000000002;0.76;0.73
41;20190624;132937.337;2019-06-24 13:29:37.337;64.6469;-17.46544;2.899;0.75;0.33
42;20190624;134557.255;2019-06-24 13:45:57.255;64.6686;-17.43753;0.135;0.36;0.08
44;20190624;135144.064;2019-06-24 13:51:44.064;64.67855;-17.44926;2.673;0.22;-0.18
47;20190624;135557.769;2019-06-24 13:55:57.769;64.66844;-17.39341;4.717;4.28;3.49
48;20190624;140305.838;2019-06-24 14:03:05.838;64.66256;-17.39575;1.4140000000000001;2.08;1.85
62;20190624;215627.092;2019-06-24 21:56:27.092;64.64231;-17.35978;0.195;1.21;0.87
241;20190629;183805.853;2019-06-29 18:38:05.853;64.59435;-17.45111;12.236;1.48;1.45
242;20190629;183937.649;2019-06-29 18:39:37.649;64.61189;-17.39647;20.272;1.1400000000000001;0.97
243;20190629;184023.977;2019-06-29 18:40:23.977;64.60647;-17.34728;0.135;0.39;1.22
274;20190630;064808.170;2019-06-30 06:48:08.170;64.62747;-17.55483;2.594;1.48;0.36
306;20190630;184649.986;2019-06-30 18:46:49.986;64.61681;-17.44727;0.063;1.04;0.75
307;20190630;184915.360;2019-06-30 18:49:15.360;64.59868;-17.45543;0.069;0.8;0.65
308;20190630;190127.492;2019-06-30 19:01:27.492;64.61271;-17.49255;0.011;1.13;0.73
310;20190630;210320.300;2019-06-30 21:03:20.300;64.61491;-17.4787;1.13;1.8900000000000001;1.63
220;20190704;012827.082;2019-07-04 01:28:27.082;64.6155;-17.3498;6.68;1.18;0.67
240;20190704;134644.136;2019-07-04 13:46:44.136;64.62928;-17.46551;4.211;0.92;0.84
486;20190707;085723.481;2019-07-07 08:57:23.481;64.62514;-17.487940000000002;16.776;-0.21;0.49
533;20190707;213738.980;2019-07-07 21:37:38.980;64.65009;-17.43779;2.667;0.44;0.46
179;20190711;030411.821;2019-07-11 03:04:11.821;64.66888;-17.54941;5.587;-0.38;-0.46
207;20190711;132040.998;2019-07-11 13:20:40.998;64.63689;-17.42534;4.25;0.92;0.61
228;20190712;003446.355;2019-07-12 00:34:46.355;64.61049;-17.44976;2.098;0.64;1.07
68;20190716;105551.734;2019-07-16 10:55:51.734;64.65709;-17.49298;4.483;0.26;-0.62
76;20190716;175418.410;2019-07-16 17:54:18.410;64.61461;-17.4896;5.005;1.17;0.8
84;20190717;005253.223;2019-07-17 00:52:53.223;64.59831;-17.45699;0.135;0.63;0.87
85;20190717;005403.776;2019-07-17 00:54:03.776;64.61741;-17.49172;5.005;0.71;0.67
156;20190720;050144.786;2019-07-20 05:01:44.786;64.60339;-17.51185;0.036000000000000004;0.9;0.76
3;20190722;053342.278;2019-07-22 05:33:42.278;64.61453;-17.44208;21.382;1.01;0.9500000000000001
4;20190722;053448.864;2019-07-22 05:34:48.864;64.61958;-17.44882;20.758;0.8200000000000001;0.92
5;20190722;053511.615;2019-07-22 05:35:11.615;64.61275;-17.39299;18.72;0.8200000000000001;0.64
26;20190723;035647.014;2019-07-23 03:56:47.014;64.6503;-17.38567;23.877;0.04;-0.6000000000000001
42;20190723;101847.976;2019-07-23 10:18:47.976;64.63683;-17.37445;2.909;2.0;1.72
143;20190725;144019.663;2019-07-25 14:40:19.663;64.6125;-17.47801;2.7119999999999997;2.12;1.9100000000000001
153;20190725;204451.747;2019-07-25 20:44:51.747;64.60872;-17.4772;1.358;1.02;0.9400000000000001
193;20190726;045453.233;2019-07-26 04:54:53.233;64.61692;-17.42101;3.176;2.06;1.9100000000000001
254;20190727;053603.184;2019-07-27 05:36:03.184;64.60864;-17.47394;1.324;1.28;1.06
74;20190731;093920.626;2019-07-31 09:39:20.626;64.63439;-17.38446;0.135;1.6800000000000002;1.26
98;20190801;071226.964;2019-08-01 07:12:26.964;64.59525;-17.44602;0.135;0.37;0.23
122;20190802;012905.039;2019-08-02 01:29:05.039;64.61764;-17.46934;2.496;1.6600000000000001;1.3
136;20190802;083830.020;2019-08-02 08:38:30.020;64.62744;-17.43289;6.248;1.49;0.9500000000000001
196;20190803;232007.429;2019-08-03 23:20:07.429;64.63437;-17.40258;3.167;1.6400000000000001;1.07
211;20190804;033214.004;2019-08-04 03:32:14.004;64.62431;-17.4316;1.325;0.9500000000000001;1.1400000000000001
96;20190807;140858.645;2019-08-07 14:08:58.645;64.62347;-17.41576;6.141;1.9100000000000001;1.17
110;20190807;225121.665;2019-08-07 22:51:21.665;64.61424;-17.51017;1.7570000000000001;1.33;1.2
151;20190808;210345.654;2019-08-08 21:03:45.654;64.61373;-17.49129;1.685;0.92;0.88
168;20190809;085243.155;2019-08-09 08:52:43.155;64.63189;-17.37138;0.199;0.45;0.49
182;20190809;235841.691;2019-08-09 23:58:41.691;64.62553;-17.48048;2.7880000000000003;0.49;-0.39
198;20190810;105236.253;2019-08-10 10:52:36.253;64.62995;-17.46704;3.295;1.3;0.87
204;20190810;150321.138;2019-08-10 15:03:21.138;64.64555;-17.36933;0.135;0.65;0.56
205;20190810;151102.229;2019-08-10 15:11:02.229;64.65535;-17.37867;0.52;0.37;0.32
275;20190811;213212.771;2019-08-11 21:32:12.771;64.62019;-17.41711;0.135;0.06;-0.38
43;20190813;002634.606;2019-08-13 00:26:34.606;64.66644;-17.46723;4.082;0.42;0.39
45;20190813;004730.171;2019-08-13 00:47:30.171;64.6104;-17.49742;1.908;0.93;0.62
51;20190813;035729.360;2019-08-13 03:57:29.360;64.67733;-17.48775;3.046;0.59;0.37
70;20190813;165535.300;2019-08-13 16:55:35.300;64.6511;-17.45073;4.641;0.75;0.32
95;20190814;064942.700;2019-08-14 06:49:42.700;64.67081;-17.54923;1.6880000000000002;0.87;0.13
96;20190814;065006.840;2019-08-14 06:50:06.840;64.66096;-17.53668;3.124;1.19;0.8
110;20190814;113520.369;2019-08-14 11:35:20.369;64.63718;-17.43214;1.325;0.02;0.13
170;20190815;063152.893;2019-08-15 06:31:52.893;64.63735;-17.52928;3.3970000000000002;1.03;0.72
192;20190815;120729.077;2019-08-15 12:07:29.077;64.62836;-17.47616;0.135;0.76;0.5700000000000001
193;20190815;121513.176;2019-08-15 12:15:13.176;64.61254;-17.44291;1.056;0.85;0.9400000000000001
302;20190818;021432.895;2019-08-18 02:14:32.895;64.60696;-17.4771;1.654;1.79;1.27
17;20190819;091401.918;2019-08-19 09:14:01.918;64.64385;-17.47494;0.791;0.15;0.54
28;20190819;162430.436;2019-08-19 16:24:30.436;64.62086;-17.48082;4.286;0.8200000000000001;0.79
61;20190820;073730.706;2019-08-20 07:37:30.706;64.64718;-17.39166;0.135;0.05;0.11
73;20190820;143243.490;2019-08-20 14:32:43.490;64.63967;-17.39598;0.135;0.42;0.30000000000000004
74;20190820;190211.859;2019-08-20 19:02:11.859;64.63127;-17.36303;0.8250000000000001;0.88;0.65
79;20190821;024213.513;2019-08-21 02:42:13.513;64.66383;-17.4558;2.302;3.52;3.01
80;20190821;024916.878;2019-08-21 02:49:16.878;64.65177;-17.4572;1.919;0.33;0.31
81;20190821;024946.008;2019-08-21 02:49:46.008;64.65768;-17.46193;2.268;-0.09;-0.01
82;20190821;030540.534;2019-08-21 03:05:40.534;64.66915;-17.53039;2.863;1.2;0.76
83;20190821;031748.745;2019-08-21 03:17:48.745;64.62891;-17.45268;1.526;0.29;0.53
85;20190821;041509.332;2019-08-21 04:15:09.332;64.66342;-17.4498;1.7069999999999999;0.06;0.03
101;20190821;164545.318;2019-08-21 16:45:45.318;64.65171;-17.51778;3.274;1.52;1.11
13;20190826;151850.922;2019-08-26 15:18:50.922;64.66181;-17.51155;3.253;1.5899999999999999;1.1400000000000001
92;20190829;032959.287;2019-08-29 03:29:59.287;64.65987;-17.5335;2.98;0.97;0.76
103;20190829;061737.963;2019-08-29 06:17:37.963;64.64986;-17.48936;3.768;-0.18;0.22
261;20190901;105626.625;2019-09-01 10:56:26.625;64.68417;-17.54486;1.834;0.97;0.8
262;20190901;105722.285;2019-09-01 10:57:22.285;64.67905;-17.52505;0.641;0.75;0.37
269;20190901;170505.030;2019-09-01 17:05:05.030;64.61188;-17.45643;1.1440000000000001;0.28;-0.2
146;20190905;123939.872;2019-09-05 12:39:39.872;64.65233;-17.46288;2.919;0.6000000000000001;0.48
147;20190905;143802.085;2019-09-05 14:38:02.085;64.65379;-17.45794;2.304;0.8200000000000001;0.42
161;20190905;231947.490;2019-09-05 23:19:47.490;64.63733;-17.50169;4.22;0.66;0.31
163;20190906;000810.207;2019-09-06 00:08:10.207;64.67348;-17.47042;4.168;-0.07;-0.67
170;20190906;043330.321;2019-09-06 04:33:30.321;64.62635;-17.52826;0.914;-0.18;-0.4
176;20190906;071228.066;2019-09-06 07:12:28.066;64.62418;-17.47123;2.208;1.06;0.72
178;20190906;072517.155;2019-09-06 07:25:17.155;64.61714;-17.48089;2.605;1.6099999999999999;1.22
181;20190906;082952.557;2019-09-06 08:29:52.557;64.65361;-17.42535;3.322;0.63;0.6000000000000001
257;20190908;020024.643;2019-09-08 02:00:24.643;64.61904;-17.44558;2.716;2.3;1.87
258;20190908;020052.220;2019-09-08 02:00:52.220;64.67719;-17.33624;0.135;1.29;0.89
259;20190908;020111.120;2019-09-08 02:01:11.120;64.65928;-17.36679;0.135;1.24;0.68
260;20190908;020250.894;2019-09-08 02:02:50.894;64.61764;-17.44186;3.271;3.22;3.01
261;20190908;020300.622;2019-09-08 02:03:00.622;64.62876;-17.46229;4.907;4.23;3.22
7;20190909;091912.302;2019-09-09 09:19:12.302;64.62514;-17.43086;2.227;0.97;0.79
63;20190910;053606.653;2019-09-10 05:36:06.653;64.6187;-17.37562;0.159;0.44;0.5700000000000001
64;20190910;054452.933;2019-09-10 05:44:52.933;64.62955;-17.39767;0.135;0.09;0.16
70;20190910;085307.985;2019-09-10 08:53:07.985;64.61816;-17.38286;2.748;0.62;0.8
109;20190911;073013.352;2019-09-11 07:30:13.352;64.64296;-17.38663;0.514;0.64;0.86
186;20190912;115326.588;2019-09-12 11:53:26.588;64.61414;-17.42968;21.028;0.6900000000000001;0.89
189;20190912;141200.084;2019-09-12 14:12:00.084;64.65508;-17.38232;0.736;0.77;0.91
237;20190914;055546.822;2019-09-14 05:55:46.822;64.66609;-17.519660000000002;2.143;1.16;1.15
238;20190914;055649.097;2019-09-14 05:56:49.097;64.67777;-17.54122;0.32;0.5;0.7000000000000001
252;20190914;203218.090;2019-09-14 20:32:18.090;64.6516;-17.44309;1.996;0.06;0.06
6;20190916;080508.475;2019-09-16 08:05:08.475;64.60224;-17.45585;1.005;1.72;1.53
179;20190918;014820.442;2019-09-18 01:48:20.442;64.63351;-17.54193;1.387;-0.74;-0.5700000000000001
200;20190918;090955.590;2019-09-18 09:09:55.590;64.65889;-17.52766;2.5700000000000003;1.1400000000000001;0.9500000000000001
388;20190922;150512.003;2019-09-22 15:05:12.003;64.6295;-17.39611;1.377;0.89;0.7000000000000001
24;20190923;131337.487;2019-09-23 13:13:37.487;64.65175;-17.49087;2.771;0.59;0.42
138;20190926;184103.386;2019-09-26 18:41:03.386;64.64843;-17.42396;4.77;0.7000000000000001;0.45
153;20190927;042226.033;2019-09-27 04:22:26.033;64.63848;-17.36582;1.376;0.8200000000000001;0.56
156;20190927;055251.196;2019-09-27 05:52:51.196;64.63118;-17.39423;0.5650000000000001;1.6400000000000001;1.19
196;20190928;103149.619;2019-09-28 10:31:49.619;64.6181;-17.35561;0.9540000000000001;1.35;1.3900000000000001
36;20190930;200059.501;2019-09-30 20:00:59.501;64.66956;-17.51861;2.259;0.73;0.76
37;20190930;200225.068;2019-09-30 20:02:25.068;64.65588;-17.50135;2.823;1.02;1.01
41;20190930;220340.150;2019-09-30 22:03:40.150;64.67554;-17.52332;2.248;0.37;0.22
71;20191001;151857.347;2019-10-01 15:18:57.347;64.6356;-17.42402;2.919;0.99;0.63
137;20191003;064814.417;2019-10-03 06:48:14.417;64.645;-17.51208;2.36;0.31;0.54
147;20191003;203315.865;2019-10-03 20:33:15.865;64.6274;-17.36453;0.135;3.14;2.83
159;20191004;132508.754;2019-10-04 13:25:08.754;64.68916;-17.54321;0.135;0.62;0.8
162;20191004;163138.057;2019-10-04 16:31:38.057;64.61658;-17.42416;0.135;3.81;3.13
163;20191004;163527.750;2019-10-04 16:35:27.750;64.61496;-17.43588;1.576;2.11;1.6600000000000001
164;20191004;193709.049;2019-10-04 19:37:09.049;64.61862;-17.4266;0.135;1.6099999999999999;1.42
165;20191004;194354.707;2019-10-04 19:43:54.707;64.63343;-17.52217;0.135;0.5;0.27
169;20191005;025931.789;2019-10-05 02:59:31.789;64.61012;-17.37132;0.529;0.84;0.98
3;20191007;003933.961;2019-10-07 00:39:33.961;64.65217;-17.5411;2.231;0.38;0.46
5;20191007;022009.344;2019-10-07 02:20:09.344;64.65789;-17.45099;1.816;2.83;2.16
6;20191007;022125.358;2019-10-07 02:21:25.358;64.64658;-17.52378;2.3970000000000002;1.4;1.04
7;20191007;030344.257;2019-10-07 03:03:44.257;64.66049;-17.53526;2.2560000000000002;0.5700000000000001;0.31
15;20191007;113736.023;2019-10-07 11:37:36.023;64.65583;-17.52543;2.525;1.19;0.9400000000000001
28;20191007;210002.438;2019-10-07 21:00:02.438;64.65046;-17.4954;7.615;0.52;0.38
95;20191010;075640.110;2019-10-10 07:56:40.110;64.67053;-17.50578;1.625;0.96;0.5700000000000001
96;20191010;090434.474;2019-10-10 09:04:34.474;64.59689;-17.39403;0.135;0.59;0.38
126;20191011;194025.082;2019-10-11 19:40:25.082;64.65767;-17.50328;2.563;0.30000000000000004;-0.08
143;20191012;070742.628;2019-10-12 07:07:42.628;64.64729;-17.4716;1.979;-0.08;-0.14
149;20191012;091757.677;2019-10-12 09:17:57.677;64.62437;-17.41493;2.24;0.28;0.0
179;20191013;060342.988;2019-10-13 06:03:42.988;64.65752;-17.46608;2.633;0.36;0.12
4;20191014;015045.868;2019-10-14 01:50:45.868;64.65584;-17.53833;3.193;0.85;0.67
55;20191015;155216.971;2019-10-15 15:52:16.971;64.64447;-17.48531;1.733;0.8;0.81
56;20191015;155259.283;2019-10-15 15:52:59.283;64.64709;-17.48852;2.197;1.5;1.22
65;20191015;194958.462;2019-10-15 19:49:58.462;64.64726;-17.50691;2.761;0.85;0.63
83;20191016;170419.454;2019-10-16 17:04:19.454;64.63683;-17.52946;6.149;1.02;0.86
99;20191017;010247.936;2019-10-17 01:02:47.936;64.68256;-17.47225;3.732;0.48;0.51
165;20191019;031155.155;2019-10-19 03:11:55.155;64.66546;-17.47836;2.531;2.15;1.5899999999999999
696;20191020;204326.572;2019-10-20 20:43:26.572;64.65464;-17.51707;3.416;1.6400000000000001;1.21
742;20191020;233518.368;2019-10-20 23:35:18.368;64.6419;-17.504080000000002;1.3;0.93;1.01
206;20191023;193144.477;2019-10-23 19:31:44.477;64.64053;-17.51066;2.243;0.51;0.35000000000000003
208;20191023;201536.271;2019-10-23 20:15:36.271;64.60921;-17.54256;1.7890000000000001;1.8399999999999999;1.46
220;20191024;120239.302;2019-10-24 12:02:39.302;64.66231;-17.46633;1.919;0.7000000000000001;0.67
262;20191026;171414.563;2019-10-26 17:14:14.563;64.64397;-17.36464;1.263;3.48;2.96
263;20191026;173615.997;2019-10-26 17:36:15.997;64.62199;-17.3458;0.135;-0.09;0.07
265;20191026;175704.869;2019-10-26 17:57:04.869;64.64357;-17.4394;5.276;-0.15;-0.6900000000000001
289;20191027;032421.622;2019-10-27 03:24:21.622;64.66812;-17.4072;0.979;0.11;-0.15
295;20191027;055429.402;2019-10-27 05:54:29.402;64.62309;-17.58211;0.135;0.55;0.49
300;20191027;072600.923;2019-10-27 07:26:00.923;64.66829;-17.54408;2.216;0.54;0.1
309;20191027;085249.108;2019-10-27 08:52:49.108;64.63841;-17.48061;2.124;0.28;0.16
314;20191027;093602.460;2019-10-27 09:36:02.460;64.67039;-17.5597;8.256;-0.12;-1.32
15;20191028;071845.864;2019-10-28 07:18:45.864;64.65717;-17.5071;3.283;2.01;1.3900000000000001
16;20191028;072137.422;2019-10-28 07:21:37.422;64.6657;-17.51738;2.751;0.2;-0.8200000000000001
100;20191029;090217.481;2019-10-29 09:02:17.481;64.65232;-17.49655;2.928;0.72;0.15
107;20191029;131310.698;2019-10-29 13:13:10.698;64.62077;-17.356090000000002;0.358;0.51;0.49
109;20191029;135718.471;2019-10-29 13:57:18.471;64.61648;-17.493;0.135;0.46;0.7000000000000001
123;20191030;072843.300;2019-10-30 07:28:43.300;64.63138000000001;-17.52501;0.135;-0.03;0.18
151;20191031;044255.544;2019-10-31 04:42:55.544;64.62697;-17.37704;7.413;2.45;2.11
163;20191031;120239.606;2019-10-31 12:02:39.606;64.6863;-17.48162;3.524;0.32;-0.05
173;20191031;165443.384;2019-10-31 16:54:43.384;64.6698;-17.53588;5.005;0.76;0.44
175;20191031;181436.401;2019-10-31 18:14:36.401;64.59432;-17.37734;0.871;0.27;-0.06
184;20191101;014606.081;2019-11-01 01:46:06.081;64.64029;-17.49271;1.395;-0.03;-0.37
215;20191102;035650.541;2019-11-02 03:56:50.541;64.63627;-17.4728;0.73;0.35000000000000003;0.6000000000000001
280;20191103;111951.755;2019-11-03 11:19:51.755;64.63695;-17.43923;4.719;0.98;0.4
61;20191106;061059.365;2019-11-06 06:10:59.365;64.63731;-17.41653;2.321;0.31;0.04
81;20191106;133955.886;2019-11-06 13:39:55.886;64.64339;-17.40995;1.1320000000000001;-0.04;-0.39
91;20191106;210645.996;2019-11-06 21:06:45.996;64.67252;-17.51814;2.807;0.8300000000000001;0.54
92;20191106;210706.071;2019-11-06 21:07:06.071;64.65097;-17.49869;3.117;0.89;0.76
93;20191106;211340.935;2019-11-06 21:13:40.935;64.64347;-17.47762;2.29;0.01;-0.03
95;20191106;212405.961;2019-11-06 21:24:05.961;64.66591;-17.50787;2.576;0.4;0.08
128;20191107;125150.250;2019-11-07 12:51:50.250;64.63594;-17.43765;5.506;1.06;0.52
181;20191108;004257.556;2019-11-08 00:42:57.556;64.6452;-17.49694;2.543;0.19;-0.01
193;20191108;040656.894;2019-11-08 04:06:56.894;64.66398;-17.46944;2.765;0.52;0.51
194;20191108;042438.455;2019-11-08 04:24:38.455;64.64753;-17.45875;2.725;-0.19;-0.49
200;20191108;050656.722;2019-11-08 05:06:56.722;64.62402;-17.48326;2.512;0.28;0.12
367;20191109;145940.262;2019-11-09 14:59:40.262;64.60549;-17.48279;10.011;0.56;-0.2
592;20191110;193402.355;2019-11-10 19:34:02.355;64.61161;-17.44691;0.775;1.9100000000000001;1.4100000000000001
3;20191111;013326.426;2019-11-11 01:33:26.426;64.62026;-17.468140000000002;0.35000000000000003;1.67;1.71
712;20191114;062943.180;2019-11-14 06:29:43.180;64.61421;-17.50977;1.835;1.11;0.8300000000000001
836;20191115;011913.236;2019-11-15 01:19:13.236;64.66861;-17.50545;3.359;1.16;0.6000000000000001
908;20191115;121310.702;2019-11-15 12:13:10.702;64.6476;-17.48672;7.378;0.6000000000000001;0.22
1000;20191116;012803.060;2019-11-16 01:28:03.060;64.64626;-17.4737;2.195;-0.06;-0.41000000000000003
1007;20191116;023300.131;2019-11-16 02:33:00.131;64.62472;-17.36056;2.039;2.71;2.04
1009;20191116;024343.729;2019-11-16 02:43:43.729;64.63264;-17.36571;1.216;0.6900000000000001;0.75
1225;20191116;164319.348;2019-11-16 16:43:19.348;64.64887;-17.51383;3.078;1.72;1.48
1338;20191117;054526.129;2019-11-17 05:45:26.129;64.65136;-17.58416;3.571;0.45;-0.02
1364;20191117;123842.348;2019-11-17 12:38:42.348;64.6265;-17.36859;1.259;0.39;0.45
1388;20191117;235407.797;2019-11-17 23:54:07.797;64.62982;-17.43882;4.143;0.81;0.55
131;20191119;084440.967;2019-11-19 08:44:40.967;64.63639;-17.33123;5.179;0.72;0.53
386;20191122;084409.847;2019-11-22 08:44:09.847;64.60881;-17.46429;0.9410000000000001;2.2;1.74
387;20191122;094443.999;2019-11-22 09:44:43.999;64.6179;-17.48151;2.239;0.78;0.75
388;20191122;101353.635;2019-11-22 10:13:53.635;64.62198;-17.48836;2.693;0.16;0.03
420;20191122;174209.682;2019-11-22 17:42:09.682;64.64342;-17.47916;2.402;-0.46;-0.42
462;20191123;145039.208;2019-11-23 14:50:39.208;64.6745;-17.52022;5.005;1.45;1.1
465;20191123;150636.351;2019-11-23 15:06:36.351;64.64997;-17.50233;2.8;0.04;-0.27
471;20191123;180039.950;2019-11-23 18:00:39.950;64.65303;-17.47237;2.023;-0.5;-0.67
472;20191123;184558.474;2019-11-23 18:45:58.474;64.63037;-17.50458;4.994;0.67;0.54
473;20191123;184858.643;2019-11-23 18:48:58.643;64.644;-17.47921;2.315;0.05;0.06
496;20191124;042233.553;2019-11-24 04:22:33.553;64.61806;-17.41554;6.974;2.45;2.51
497;20191124;042253.565;2019-11-24 04:22:53.565;64.6147;-17.41564;0.135;4.03;3.27
498;20191124;042838.286;2019-11-24 04:28:38.286;64.61283;-17.41142;0.755;3.5;3.02
499;20191124;043032.394;2019-11-24 04:30:32.394;64.61668;-17.42701;1.25;1.52;1.38
500;20191124;044134.730;2019-11-24 04:41:34.730;64.61231;-17.5043;0.905;1.37;0.92
504;20191124;051758.890;2019-11-24 05:17:58.890;64.6149;-17.41421;1.101;2.76;2.49
512;20191124;082259.908;2019-11-24 08:22:59.908;64.63043;-17.37724;0.425;0.36;0.5
515;20191124;102800.655;2019-11-24 10:28:00.655;64.64654;-17.48468;3.091;-0.44;-0.77
516;20191124;102811.582;2019-11-24 10:28:11.582;64.65658;-17.50153;3.4050000000000002;-0.54;-1.04
538;20191124;200439.272;2019-11-24 20:04:39.272;64.66557;-17.42687;0.135;-0.52;-0.9
29;20191125;095950.622;2019-11-25 09:59:50.622;64.65705;-17.4306;2.844;-0.23;-0.25
164;20191126;165810.695;2019-11-26 16:58:10.695;64.66732;-17.51543;3.257;1.09;0.75
215;20191127;081938.041;2019-11-27 08:19:38.041;64.65978;-17.434450000000002;3.422;0.88;0.74
263;20191128;044420.939;2019-11-28 04:44:20.939;64.61899;-17.43951;1.79;0.64;0.66
398;20191129;095029.931;2019-11-29 09:50:29.931;64.64592;-17.43341;8.216;0.23;-0.63
422;20191129;204942.076;2019-11-29 20:49:42.076;64.67358;-17.50928;2.9859999999999998;1.06;0.48
424;20191129;210621.828;2019-11-29 21:06:21.828;64.67785;-17.46714;2.7720000000000002;0.03;0.34
534;20191201;062851.818;2019-12-01 06:28:51.818;64.63746;-17.46897;2.179;-0.36;-0.53
538;20191201;081340.989;2019-12-01 08:13:40.989;64.63059;-17.54468;0.584;-0.47000000000000003;-0.8
539;20191201;084428.829;2019-12-01 08:44:28.829;64.64243;-17.43814;4.7010000000000005;-0.31;-0.79
556;20191201;182437.306;2019-12-01 18:24:37.306;64.65981;-17.44646;4.025;0.53;0.38
565;20191201;221846.437;2019-12-01 22:18:46.437;64.63937;-17.50938;1.972;0.66;0.46
566;20191201;221933.364;2019-12-01 22:19:33.364;64.63974;-17.50727;1.034;0.46;0.17
567;20191201;222030.285;2019-12-01 22:20:30.285;64.649;-17.50632;2.743;1.77;1.1
568;20191201;222047.400;2019-12-01 22:20:47.400;64.65077;-17.51607;2.632;2.17;1.6800000000000002
569;20191201;222107.074;2019-12-01 22:21:07.074;64.64942;-17.5079;2.916;2.98;2.54
570;20191201;222130.608;2019-12-01 22:21:30.608;64.65578;-17.52858;3.251;2.96;2.56
571;20191201;222156.384;2019-12-01 22:21:56.384;64.66199;-17.47502;2.805;2.29;1.94
572;20191201;222231.137;2019-12-01 22:22:31.137;64.65319;-17.48885;2.4130000000000003;3.84;3.03
573;20191201;222432.434;2019-12-01 22:24:32.434;64.63473;-17.5078;1.887;1.2;0.71
575;20191201;223336.768;2019-12-01 22:33:36.768;64.66286;-17.45209;2.862;2.25;1.6400000000000001
576;20191201;223809.110;2019-12-01 22:38:09.110;64.64775;-17.47524;4.364;0.11;-0.24
577;20191201;224150.632;2019-12-01 22:41:50.632;64.66702;-17.49759;3.012;1.19;0.58
578;20191201;224624.680;2019-12-01 22:46:24.680;64.63697;-17.49795;0.9550000000000001;0.71;0.27
579;20191201;225353.706;2019-12-01 22:53:53.706;64.65269;-17.52389;3.434;2.14;1.52
581;20191201;233115.582;2019-12-01 23:31:15.582;64.62797;-17.51376;2.182;0.07;-0.17
8;20191202;015920.895;2019-12-02 01:59:20.895;64.6503;-17.47687;3.191;1.01;0.6900000000000001
14;20191202;033259.529;2019-12-02 03:32:59.529;64.65549;-17.49236;4.7379999999999995;0.02;-0.89
32;20191202;082737.319;2019-12-02 08:27:37.319;64.6702;-17.49541;2.867;2.29;1.76
85;20191203;234620.722;2019-12-03 23:46:20.722;64.62191;-17.39315;0.846;0.63;0.6000000000000001
112;20191204;192932.662;2019-12-04 19:29:32.662;64.61836;-17.59069;1.546;0.8300000000000001;0.55
147;20191205;125842.142;2019-12-05 12:58:42.142;64.67364;-17.52978;2.263;0.73;0.53
149;20191205;143554.359;2019-12-05 14:35:54.359;64.64958;-17.54356;4.846;0.23;-0.74
178;20191206;015303.385;2019-12-06 01:53:03.385;64.62789;-17.47559;3.065;0.56;0.42
179;20191206;020507.214;2019-12-06 02:05:07.214;64.647;-17.48958;3.191;0.85;0.28
198;20191206;140859.191;2019-12-06 14:08:59.191;64.65081;-17.48491;1.174;-0.22;-0.53
199;20191206;142834.850;2019-12-06 14:28:34.850;64.65297;-17.37938;0.135;0.21;-0.15
225;20191207;001356.212;2019-12-07 00:13:56.212;64.68674;-17.50428;0.135;-0.21;-0.76
245;20191207;092634.352;2019-12-07 09:26:34.352;64.63999;-17.47164;2.064;0.22;-0.06
28;20191209;165216.827;2019-12-09 16:52:16.827;64.66105;-17.43433;0.135;0.71;0.63
45;20191210;052503.116;2019-12-10 05:25:03.116;64.66015;-17.44174;3.3970000000000002;0.22;-0.59
52;20191210;095335.673;2019-12-10 09:53:35.673;64.64291;-17.3652;0.431;0.49;0.26
100;20191211;205322.201;2019-12-11 20:53:22.201;64.64531;-17.51188;2.609;0.67;0.0
122;20191212;102719.946;2019-12-12 10:27:19.946;64.63451;-17.44195;21.43;0.74;0.76
209;20191214;102118.396;2019-12-14 10:21:18.396;64.66037;-17.45436;3.696;0.65;0.54
223;20191214;230459.248;2019-12-14 23:04:59.248;64.62859;-17.45196;1.407;0.6900000000000001;1.0
479;20191215;171330.256;2019-12-15 17:13:30.256;64.66878;-17.56021;0.135;0.02;-0.30000000000000004
397;20191216;064222.185;2019-12-16 06:42:22.185;64.6665;-17.4603;2.672;2.24;1.69
1278;20191222;232355.579;2019-12-22 23:23:55.579;64.65685;-17.47507;2.7279999999999998;1.11;0.62
93;20191224;074807.650;2019-12-24 07:48:07.650;64.68078;-17.46719;3.455;0.0;-0.42
129;20191225;053336.428;2019-12-25 05:33:36.428;64.67579;-17.42288;1.953;1.12;0.86
238;20191227;163013.990;2019-12-27 16:30:13.990;64.64431;-17.47154;2.324;0.28;0.21
253;20191228;062117.491;2019-12-28 06:21:17.491;64.62428;-17.3781;1.451;1.07;1.27
268;20191228;075036.163;2019-12-28 07:50:36.163;64.62492;-17.35795;0.887;1.48;1.3
277;20191228;095657.161;2019-12-28 09:56:57.161;64.64094;-17.50702;1.948;0.6000000000000001;0.24
3;20191230;014449.035;2019-12-30 01:44:49.035;64.62617;-17.36411;0.135;0.77;0.92
22;20191230;185039.606;2019-12-30 18:50:39.606;64.62585;-17.37771;0.135;0.76;0.88
23;20191230;185056.625;2019-12-30 18:50:56.625;64.62832;-17.37657;6.381;1.9300000000000002;1.37
94;20200102;033406.605;2020-01-02 03:34:06.605;64.61948;-17.5512;2.034;0.71;-0.03
109;20200102;102626.086;2020-01-02 10:26:26.086;64.67239000000001;-17.54906;2.373;1.6099999999999999;1.21
110;20200102;102720.445;2020-01-02 10:27:20.445;64.66334;-17.47694;3.89;0.38;0.30000000000000004
115;20200102;114045.419;2020-01-02 11:40:45.419;64.65131;-17.44503;2.211;0.23;0.34
116;20200102;114053.053;2020-01-02 11:40:53.053;64.68626;-17.4439;0.135;1.12;0.44
127;20200102;185036.380;2020-01-02 18:50:36.380;64.66121;-17.45255;2.489;0.9400000000000001;0.71
134;20200102;204516.707;2020-01-02 20:45:16.707;64.68012;-17.46099;0.135;0.1;-0.74
148;20200103;054208.473;2020-01-03 05:42:08.473;64.60126;-17.51433;0.135;0.16;-0.38
152;20200103;095035.373;2020-01-03 09:50:35.373;64.63295;-17.42865;3.51;1.5899999999999999;0.64
185;20200104;000645.464;2020-01-04 00:06:45.464;64.64114000000001;-17.38286;0.135;0.43;-0.01
247;20200105;043250.212;2020-01-05 04:32:50.212;64.66508;-17.45592;0.135;4.85;3.69
248;20200105;043556.596;2020-01-05 04:35:56.596;64.65044;-17.48117;2.039;0.52;0.26
249;20200105;043856.109;2020-01-05 04:38:56.109;64.64653;-17.44321;8.809;1.5899999999999999;1.09
250;20200105;043958.778;2020-01-05 04:39:58.778;64.64288;-17.48657;2.154;0.59;0.46
251;20200105;044209.640;2020-01-05 04:42:09.640;64.64912;-17.48146;2.489;0.29;0.04
252;20200105;044840.110;2020-01-05 04:48:40.110;64.6431;-17.47337;1.339;0.65;0.13
253;20200105;044900.713;2020-01-05 04:49:00.713;64.65427;-17.48938;2.215;0.25;0.14
254;20200105;045631.577;2020-01-05 04:56:31.577;64.65857;-17.48441;2.5220000000000002;4.03;3.24
256;20200105;050735.208;2020-01-05 05:07:35.208;64.62599;-17.40083;0.135;1.7000000000000002;1.0
258;20200105;061143.794;2020-01-05 06:11:43.794;64.64056;-17.36911;0.646;1.21;0.85
277;20200105;120733.382;2020-01-05 12:07:33.382;64.65427;-17.40744;2.725;0.49;0.07
18;20200106;184547.944;2020-01-06 18:45:47.944;64.65289;-17.40786;0.135;0.56;0.12
24;20200107;020810.544;2020-01-07 02:08:10.544;64.64072;-17.39617;1.5859999999999999;0.67;0.66
346;20200112;152706.587;2020-01-12 15:27:06.587;64.66183;-17.54688;23.999;1.07;0.68
176;20200117;062703.287;2020-01-17 06:27:03.287;64.64344;-17.47733;2.468;0.45;0.34
206;20200117;215305.100;2020-01-17 21:53:05.100;64.61131;-17.35449;8.486;0.75;0.5700000000000001
249;20200124;232725.232;2020-01-24 23:27:25.232;64.65506;-17.43262;4.114;1.21;0.7000000000000001
322;20200126;142546.574;2020-01-26 14:25:46.574;64.6327;-17.35795;0.314;3.69;2.89
327;20200126;154016.708;2020-01-26 15:40:16.708;64.6324;-17.35279;0.135;0.96;0.6000000000000001
195;20200129;223321.464;2020-01-29 22:33:21.464;64.64611;-17.53527;4.687;0.30000000000000004;-0.84
206;20200130;010728.093;2020-01-30 01:07:28.093;64.60642;-17.33998;10.749;0.47000000000000003;0.36
237;20200130;123627.246;2020-01-30 12:36:27.246;64.65117;-17.39475;1.4849999999999999;0.54;0.31
240;20200130;134739.171;2020-01-30 13:47:39.171;64.63107;-17.54671;26.394;0.38;0.22
1087;20200201;200852.944;2020-02-01 20:08:52.944;64.64579;-17.4993;1.7810000000000001;-0.17;-0.41000000000000003
38;20200203;042232.645;2020-02-03 04:22:32.645;64.62911;-17.36415;0.135;0.7000000000000001;0.67
335;20200204;232958.633;2020-02-04 23:29:58.633;64.65265;-17.48764;2.932;0.36;0.1
391;20200205;233623.178;2020-02-05 23:36:23.178;64.63921;-17.54679;1.701;0.6900000000000001;0.99
410;20200206;175352.719;2020-02-06 17:53:52.719;64.61588;-17.49462;1.495;0.7000000000000001;0.54
523;20200208;061622.107;2020-02-08 06:16:22.107;64.65147;-17.4513;1.99;0.63;0.42
698;20200209;210818.853;2020-02-09 21:08:18.853;64.67139;-17.44383;4.77;0.87;0.73
27;20200210;094207.283;2020-02-10 09:42:07.283;64.65874;-17.37821;0.14100000000000001;1.6800000000000002;1.6600000000000001
291;20200213;011938.537;2020-02-13 01:19:38.537;64.64573;-17.53737;4.397;0.23;-0.76
413;20200215;055702.224;2020-02-15 05:57:02.224;64.66717;-17.43321;3.29;3.61;2.23
419;20200215;072231.248;2020-02-15 07:22:31.248;64.66437;-17.41157;0.811;0.23;-0.01
529;20200216;075231.250;2020-02-16 07:52:31.250;64.6657;-17.41664;5.321;1.23;0.85
273;20200219;070436.147;2020-02-19 07:04:36.147;64.62609;-17.38052;0.964;0.96;0.9
275;20200219;075251.334;2020-02-19 07:52:51.334;64.62653;-17.42918;12.803;0.9400000000000001;0.8
281;20200219;101805.394;2020-02-19 10:18:05.394;64.64434;-17.48631;2.228;0.23;-0.26
438;20200220;132302.232;2020-02-20 13:23:02.232;64.64657;-17.5113;2.657;0.68;-0.24
472;20200220;171825.487;2020-02-20 17:18:25.487;64.66418;-17.46787;3.7960000000000003;2.46;1.72
549;20200220;234153.515;2020-02-20 23:41:53.515;64.61542;-17.47665;4.081;2.37;1.63
694;20200221;155220.900;2020-02-21 15:52:20.900;64.62066;-17.37801;0.968;1.57;1.16
707;20200221;183047.378;2020-02-21 18:30:47.378;64.63033;-17.47421;3.448;1.3900000000000001;0.9400000000000001
845;20200223;043945.735;2020-02-23 04:39:45.735;64.64555;-17.5007;2.645;0.47000000000000003;-0.12
93;20200225;031134.031;2020-02-25 03:11:34.031;64.61819;-17.48154;1.737;1.65;1.12
112;20200225;101700.397;2020-02-25 10:17:00.397;64.64754;-17.36814;1.255;1.45;1.07
126;20200225;125531.637;2020-02-25 12:55:31.637;64.62876;-17.51487;3.445;0.34;-0.23
169;20200225;205050.750;2020-02-25 20:50:50.750;64.66556;-17.40627;1.494;0.35000000000000003;-0.84
222;20200226;104254.490;2020-02-26 10:42:54.490;64.6543;-17.39085;0.605;0.84;0.56
283;20200227;013012.185;2020-02-27 01:30:12.185;64.6413;-17.51511;26.819;1.1;0.7000000000000001
568;20200229;030052.428;2020-02-29 03:00:52.428;64.639;-17.47887;11.111;0.65;0.02
581;20200229;054425.455;2020-02-29 05:44:25.455;64.63415;-17.53317;1.042;1.99;1.29
82;20200303;074613.799;2020-03-03 07:46:13.799;64.592;-17.50294;0.135;0.93;0.19
163;20200304;084558.979;2020-03-04 08:45:58.979;64.65939;-17.39819;2.023;0.13;-0.30000000000000004
380;20200304;184847.780;2020-03-04 18:48:47.780;64.65307;-17.38835;1.619;1.1;1.02
835;20200306;230756.904;2020-03-06 23:07:56.904;64.65602;-17.50952;9.274000000000001;0.31;-0.08
42;20200309;192402.367;2020-03-09 19:24:02.367;64.64118;-17.50818;0.135;0.81;0.96
83;20200310;085249.263;2020-03-10 08:52:49.263;64.6506;-17.49316;3.081;1.01;0.9500000000000001
146;20200311;123423.520;2020-03-11 12:34:23.520;64.64923;-17.37196;1.147;0.66;0.68
153;20200311;171305.453;2020-03-11 17:13:05.453;64.61254;-17.52275;2.223;1.09;0.81
165;20200312;001301.781;2020-03-12 00:13:01.781;64.60379;-17.33265;0.667;1.1400000000000001;0.8200000000000001
338;20200312;120631.790;2020-03-12 12:06:31.790;64.65816;-17.43081;4.138;1.3900000000000001;0.9
881;20200313;111009.653;2020-03-13 11:10:09.653;64.65347;-17.42126;4.508;0.55;0.31
892;20200313;121334.740;2020-03-13 12:13:34.740;64.68448;-17.43424;1.6520000000000001;-0.2;-0.25
1045;20200314;055518.567;2020-03-14 05:55:18.567;64.65674;-17.4234;2.278;0.30000000000000004;0.26
1274;20200314;223011.131;2020-03-14 22:30:11.131;64.61699;-17.45429;1.722;1.73;1.45
1286;20200314;225956.895;2020-03-14 22:59:56.895;64.61395;-17.46629;0.743;1.56;1.22
1528;20200315;144334.680;2020-03-15 14:43:34.680;64.61971;-17.40352;0.135;1.33;0.98
1541;20200315;164414.149;2020-03-15 16:44:14.149;64.62314;-17.41066;0.135;0.18;0.11
1543;20200315;170902.284;2020-03-15 17:09:02.284;64.61198;-17.48045;1.957;2.49;1.94
1545;20200315;171115.812;2020-03-15 17:11:15.812;64.65698;-17.53904;3.334;0.34;0.25
1546;20200315;173439.853;2020-03-15 17:34:39.853;64.66407;-17.53306;3.47;0.67;0.23
28;20200316;051405.728;2020-03-16 05:14:05.728;64.60757;-17.49113;1.045;1.71;1.27
42;20200316;083620.264;2020-03-16 08:36:20.264;64.61898;-17.43941;5.116;0.6000000000000001;0.21
283;20200318;080755.438;2020-03-18 08:07:55.438;64.65242;-17.39984;3.263;0.81;0.72
405;20200318;172554.386;2020-03-18 17:25:54.386;64.6223;-17.405640000000002;1.094;0.72;0.53
662;20200319;130152.420;2020-03-19 13:01:52.420;64.65086;-17.4033;1.7610000000000001;0.25;0.03
1161;20200320;063701.492;2020-03-20 06:37:01.492;64.62452;-17.46862;4.016;0.92;0.59
1355;20200321;110853.845;2020-03-21 11:08:53.845;64.65266;-17.492350000000002;4.055;0.62;-0.08
1459;20200322;165855.462;2020-03-22 16:58:55.462;64.6514;-17.42527;4.929;1.27;0.9500000000000001
26;20200323;133326.190;2020-03-23 13:33:26.190;64.65369;-17.49059;3.668;0.78;0.67
125;20200325;011220.378;2020-03-25 01:12:20.378;64.65957;-17.42397;2.904;0.04;-0.51
146;20200325;044633.271;2020-03-25 04:46:33.271;64.62745;-17.53661;2.633;0.5700000000000001;-0.46
504;20200327;142529.947;2020-03-27 14:25:29.947;64.67755;-17.4127;1.048;0.11;0.1
507;20200327;151622.854;2020-03-27 15:16:22.854;64.67545;-17.55897;9.347;0.13;-1.76
751;20200328;094308.559;2020-03-28 09:43:08.559;64.62088;-17.41806;2.706;1.34;0.88
752;20200328;094820.164;2020-03-28 09:48:20.164;64.6153;-17.41249;0.135;0.41000000000000003;-0.2
900;20200328;152926.023;2020-03-28 15:29:26.023;64.62623;-17.45283;1.919;0.86;0.45
967;20200328;182944.090;2020-03-28 18:29:44.090;64.62053;-17.42063;1.529;0.5;-0.16
1050;20200329;063020.869;2020-03-29 06:30:20.869;64.67824;-17.53634;2.187;0.1;0.23
1052;20200329;065008.291;2020-03-29 06:50:08.291;64.62019;-17.39728;0.135;0.6000000000000001;0.39
1055;20200329;070922.481;2020-03-29 07:09:22.481;64.67954;-17.53209;2.06;0.33;0.4
1057;20200329;072746.537;2020-03-29 07:27:46.537;64.66408;-17.51967;2.452;0.77;1.28
1058;20200329;073044.691;2020-03-29 07:30:44.691;64.68023;-17.53048;2.289;1.06;0.48
1059;20200329;073111.054;2020-03-29 07:31:11.054;64.67776;-17.52884;1.5270000000000001;0.79;0.8200000000000001
44;20200330;064037.402;2020-03-30 06:40:37.402;64.65611;-17.40864;0.6880000000000001;0.37;0.16
138;20200330;225026.149;2020-03-30 22:50:26.149;64.6763;-17.41031;0.61;0.16;0.03
308;20200331;204748.697;2020-03-31 20:47:48.697;64.66249;-17.53864;2.605;1.58;1.05
338;20200401;004128.003;2020-04-01 00:41:28.003;64.62778;-17.39376;1.56;1.22;1.04
444;20200401;181604.811;2020-04-01 18:16:04.811;64.61802;-17.49342;1.953;0.42;-0.48
557;20200402;161152.096;2020-04-02 16:11:52.096;64.65243;-17.382460000000002;0.135;0.42;0.2
788;20200403;135433.322;2020-04-03 13:54:33.322;64.65519;-17.40595;0.606;-0.1;-0.34
802;20200403;154721.943;2020-04-03 15:47:21.943;64.62136;-17.48966;7.434;0.16;-0.64
813;20200403;183318.731;2020-04-03 18:33:18.731;64.62487;-17.42406;2.526;0.25;-0.06
833;20200403;210241.699;2020-04-03 21:02:41.699;64.62756;-17.36679;2.5700000000000003;0.72;0.5
843;20200403;220145.552;2020-04-03 22:01:45.552;64.61674;-17.42191;1.4060000000000001;0.35000000000000003;0.09
844;20200403;220216.462;2020-04-03 22:02:16.462;64.60939;-17.43574;0.135;-0.12;-0.23
907;20200404;044024.801;2020-04-04 04:40:24.801;64.64323;-17.56333;29.362;0.32;0.86
908;20200404;053051.679;2020-04-04 05:30:51.679;64.68382;-17.43352;1.205;0.22;-0.04
916;20200404;064409.440;2020-04-04 06:44:09.440;64.68204;-17.52531;2.548;0.42;0.01
1053;20200405;120705.836;2020-04-05 12:07:05.836;64.62534;-17.39944;10.329;1.16;1.08
62;20200406;084602.382;2020-04-06 08:46:02.382;64.63456;-17.36567;0.135;1.47;1.24
166;20200406;233511.540;2020-04-06 23:35:11.540;64.67191;-17.40255;1.011;0.84;0.66
241;20200407;151003.011;2020-04-07 15:10:03.011;64.62264;-17.48797;4.88;0.32;-0.24
281;20200407;235244.396;2020-04-07 23:52:44.396;64.62651;-17.39502;1.211;0.17;-0.45
286;20200408;010022.594;2020-04-08 01:00:22.594;64.63033;-17.42434;1.433;0.4;-0.27
298;20200408;044235.243;2020-04-08 04:42:35.243;64.62311;-17.44476;2.925;1.12;0.59
355;20200408;152138.996;2020-04-08 15:21:38.996;64.67632;-17.43281;4.996;0.9400000000000001;0.67
398;20200408;192153.822;2020-04-08 19:21:53.822;64.66922;-17.40644;1.816;0.74;0.5700000000000001
418;20200408;211421.382;2020-04-08 21:14:21.382;64.65061;-17.46393;5.435;0.5;-0.78
430;20200408;231707.098;2020-04-08 23:17:07.098;64.62215;-17.38946;0.135;0.19;0.08
465;20200409;034920.466;2020-04-09 03:49:20.466;64.66311;-17.399540000000002;3.251;0.76;0.84
508;20200409;123051.846;2020-04-09 12:30:51.846;64.61539;-17.51036;2.318;0.2;-0.42
538;20200409;182915.387;2020-04-09 18:29:15.387;64.63734;-17.37858;3.766;0.0;-0.21
636;20200410;021141.741;2020-04-10 02:11:41.741;64.61848;-17.44325;1.405;0.51;0.24
657;20200410;035217.221;2020-04-10 03:52:17.221;64.62112;-17.46668;4.905;2.67;1.94
659;20200410;040216.924;2020-04-10 04:02:16.924;64.63776;-17.54131;5.356;0.75;0.84
666;20200410;042139.511;2020-04-10 04:21:39.511;64.61861;-17.4783;1.488;0.41000000000000003;-0.34
709;20200410;135446.693;2020-04-10 13:54:46.693;64.62062;-17.49361;2.484;0.42;-0.06
725;20200410;161735.442;2020-04-10 16:17:35.442;64.64909;-17.43332;4.193;-0.46;-0.4
756;20200411;010508.256;2020-04-11 01:05:08.256;64.63122;-17.36728;0.888;0.24;0.08
757;20200411;010957.860;2020-04-11 01:09:57.860;64.6743;-17.54221;4.812;-0.43;-1.05
772;20200411;022424.111;2020-04-11 02:24:24.111;64.62298;-17.43832;3.365;1.13;0.78
781;20200411;034628.694;2020-04-11 03:46:28.694;64.61629;-17.48833;2.938;0.43;-0.22
810;20200411;081353.465;2020-04-11 08:13:53.465;64.61794;-17.44108;0.05;0.03;-0.48
891;20200411;114643.190;2020-04-11 11:46:43.190;64.62578;-17.48125;3.819;0.36;-0.54
964;20200411;172226.011;2020-04-11 17:22:26.011;64.63249;-17.36415;0.359;0.61;0.54
992;20200411;220237.936;2020-04-11 22:02:37.936;64.63553;-17.46806;21.992;0.58;0.29
997;20200411;223742.777;2020-04-11 22:37:42.777;64.64233;-17.35091;4.189;0.15;-0.25
1007;20200411;231345.403;2020-04-11 23:13:45.403;64.63811;-17.36444;1.149;0.14;0.2
1022;20200412;011549.681;2020-04-12 01:15:49.681;64.66895;-17.41976;0.135;-0.15;-0.53
1037;20200412;023109.498;2020-04-12 02:31:09.498;64.62251;-17.38577;5.328;3.21;2.8
1038;20200412;023622.361;2020-04-12 02:36:22.361;64.61897;-17.40797;1.9380000000000002;1.5899999999999999;1.42
1039;20200412;024921.797;2020-04-12 02:49:21.797;64.62608;-17.41292;1.161;0.03;-0.62
1040;20200412;024959.815;2020-04-12 02:49:59.815;64.62489;-17.41378;1.859;0.32;-0.25
1041;20200412;025029.676;2020-04-12 02:50:29.676;64.62283;-17.4137;1.899;0.77;0.55
1047;20200412;030139.061;2020-04-12 03:01:39.061;64.64953;-17.3792;2.148;1.01;0.89
1050;20200412;031606.282;2020-04-12 03:16:06.282;64.64133;-17.3592;0.33;0.19;-0.33
1058;20200412;055617.910;2020-04-12 05:56:17.910;64.62506;-17.46006;0.648;0.03;-0.5700000000000001
1060;20200412;061256.909;2020-04-12 06:12:56.909;64.60741;-17.50905;0.135;0.05;-0.43
1090;20200412;131216.351;2020-04-12 13:12:16.351;64.62186;-17.51551;1.687;0.84;0.11
1107;20200412;181249.309;2020-04-12 18:12:49.309;64.62876;-17.45226;3.21;0.74;0.43
1112;20200412;184844.537;2020-04-12 18:48:44.537;64.6242;-17.42193;2.155;0.37;-0.61
8;20200413;013333.887;2020-04-13 01:33:33.887;64.62559;-17.47272;6.844;0.56;-0.25
30;20200413;063730.414;2020-04-13 06:37:30.414;64.60802;-17.52292;1.819;1.6;0.91
65;20200413;175213.833;2020-04-13 17:52:13.833;64.61846;-17.44112;2.209;0.72;0.35000000000000003
148;20200414;125320.642;2020-04-14 12:53:20.642;64.65646;-17.47735;4.335;0.22;-0.1
160;20200414;151715.281;2020-04-14 15:17:15.281;64.60604;-17.50319;0.135;0.51;0.27
200;20200414;220409.560;2020-04-14 22:04:09.560;64.67427;-17.48585;1.23;0.96;0.86
201;20200414;220458.137;2020-04-14 22:04:58.137;64.6789;-17.51867;2.697;0.71;0.73
213;20200414;232633.867;2020-04-14 23:26:33.867;64.61619;-17.44889;2.999;0.84;0.17
243;20200415;081138.232;2020-04-15 08:11:38.232;64.66032;-17.52175;3.675;1.34;0.97
249;20200415;110323.241;2020-04-15 11:03:23.241;64.61192;-17.53335;1.428;0.18;-0.36
250;20200415;112657.523;2020-04-15 11:26:57.523;64.64931;-17.46542;4.413;0.06;-0.77
287;20200415;224336.645;2020-04-15 22:43:36.645;64.66411;-17.52525;2.112;0.36;0.29
313;20200416;003457.801;2020-04-16 00:34:57.801;64.6193;-17.49782;2.168;-0.03;0.18
314;20200416;003503.988;2020-04-16 00:35:03.988;64.62044;-17.48941;3.666;0.79;0.23
316;20200416;003607.373;2020-04-16 00:36:07.373;64.61817;-17.4814;2.594;0.59;0.4
414;20200416;104152.212;2020-04-16 10:41:52.212;64.61281;-17.48711;0.135;0.36;0.06
432;20200416;133337.799;2020-04-16 13:33:37.799;64.67885;-17.4433;4.718;0.89;0.8
467;20200416;231921.956;2020-04-16 23:19:21.956;64.63;-17.43596;7.839;1.22;0.51
473;20200417;003309.416;2020-04-17 00:33:09.416;64.61967;-17.49737;0.44;0.16;-0.23
507;20200417;082840.590;2020-04-17 08:28:40.590;64.61565;-17.437640000000002;4.114;0.37;-0.02
515;20200417;105055.917;2020-04-17 10:50:55.917;64.61419;-17.51044;1.353;0.08;-0.08
516;20200417;110519.691;2020-04-17 11:05:19.691;64.61441;-17.49789;2.345;1.26;0.88
517;20200417;110650.386;2020-04-17 11:06:50.386;64.61771;-17.52003;1.987;0.7000000000000001;-0.04
518;20200417;111455.965;2020-04-17 11:14:55.965;64.6319;-17.51786;3.821;-0.34;-0.62
519;20200417;111610.799;2020-04-17 11:16:10.799;64.62529;-17.49886;0.135;0.37;-0.03
571;20200418;053723.638;2020-04-18 05:37:23.638;64.63065;-17.4217;5.7219999999999995;0.78;0.36
618;20200418;193613.624;2020-04-18 19:36:13.624;64.64904;-17.41749;3.283;-0.09;-0.54
620;20200418;194941.450;2020-04-18 19:49:41.450;64.6571;-17.37547;0.135;0.9500000000000001;0.87
15;20200420;034627.265;2020-04-20 03:46:27.265;64.65823;-17.387;0.736;0.5700000000000001;0.62
16;20200420;034638.765;2020-04-20 03:46:38.765;64.65762;-17.38967;0.135;0.78;0.9400000000000001
18;20200420;035447.669;2020-04-20 03:54:47.669;64.653;-17.37907;1.443;4.82;3.89
19;20200420;035810.306;2020-04-20 03:58:10.306;64.63727;-17.3889;1.498;1.16;0.72
20;20200420;035924.639;2020-04-20 03:59:24.639;64.65131;-17.45885;2.479;0.62;0.45
21;20200420;040040.415;2020-04-20 04:00:40.415;64.67338;-17.39962;0.135;0.58;0.39
22;20200420;040117.032;2020-04-20 04:01:17.032;64.62748;-17.40237;0.135;0.44;-0.49
24;20200420;040905.985;2020-04-20 04:09:05.985;64.64384;-17.40745;1.98;0.46;0.08
25;20200420;041526.095;2020-04-20 04:15:26.095;64.6536;-17.41632;2.326;0.37;0.27
26;20200420;041624.354;2020-04-20 04:16:24.354;64.64666;-17.43861;3.166;0.02;-0.18
28;20200420;042110.647;2020-04-20 04:21:10.647;64.68047;-17.44392;0.135;0.0;-0.12
29;20200420;042216.852;2020-04-20 04:22:16.852;64.65116;-17.44986;1.189;0.14;-0.08
32;20200420;043606.875;2020-04-20 04:36:06.875;64.64208;-17.48594;2.614;-0.18;-0.16
35;20200420;052631.697;2020-04-20 05:26:31.697;64.6785;-17.48608;2.855;0.42;0.22
36;20200420;052816.539;2020-04-20 05:28:16.539;64.63248;-17.48015;2.404;0.56;0.5
37;20200420;054828.726;2020-04-20 05:48:28.726;64.63161;-17.36612;0.651;0.8;0.59
68;20200420;201329.788;2020-04-20 20:13:29.788;64.62392;-17.40067;0.135;-0.33;-0.74
142;20200422;011422.469;2020-04-22 01:14:22.469;64.63483;-17.44376;4.772;0.35000000000000003;-0.06
185;20200422;161505.284;2020-04-22 16:15:05.284;64.64647;-17.44437;1.391;0.47000000000000003;0.75
264;20200423;062528.809;2020-04-23 06:25:28.809;64.6638;-17.45921;2.786;2.52;1.79
342;20200424;041935.894;2020-04-24 04:19:35.894;64.6673;-17.50214;0.037;-0.54;-0.59
350;20200424;061358.204;2020-04-24 06:13:58.204;64.65694;-17.42122;2.319;0.01;0.23
357;20200424;082617.761;2020-04-24 08:26:17.761;64.63671;-17.37578;0.135;-0.1;-0.13
490;20200426;074415.897;2020-04-26 07:44:15.897;64.63518;-17.41107;2.297;0.66;0.4
516;20200426;165011.247;2020-04-26 16:50:11.247;64.62786;-17.51731;0.146;0.08;0.21
517;20200426;165018.601;2020-04-26 16:50:18.601;64.6316;-17.51195;0.135;0.08;0.12
42;20200505;044318.283;2020-05-05 04:43:18.283;64.65822;-17.44775;0.932;0.09;0.1
145;20200507;023146.444;2020-05-07 02:31:46.444;64.61068;-17.4239;0.135;-0.11;-0.45
159;20200507;063238.289;2020-05-07 06:32:38.289;64.6143;-17.41244;0.135;0.0;-0.38
162;20200507;073136.122;2020-05-07 07:31:36.122;64.61845;-17.40555;0.135;0.32;-0.14
434;20200509;092154.081;2020-05-09 09:21:54.081;64.62446;-17.47214;3.773;0.99;0.89
494;20200509;133759.441;2020-05-09 13:37:59.441;64.62297;-17.46846;2.558;0.24;-0.17
600;20200510;044909.980;2020-05-10 04:49:09.980;64.6253;-17.42749;3.58;0.7000000000000001;0.39
91;20200512;085030.859;2020-05-12 08:50:30.859;64.62379;-17.40776;0.135;-0.11;-0.51
189;20200513;113717.521;2020-05-13 11:37:17.521;64.61796;-17.42537;1.5150000000000001;0.72;0.17
190;20200513;115025.883;2020-05-13 11:50:25.883;64.60789;-17.41626;0.135;0.08;-0.17
217;20200514;012818.314;2020-05-14 01:28:18.314;64.62172;-17.41637;0.37;0.18;-0.2
395;20200516;054039.188;2020-05-16 05:40:39.188;64.65696;-17.53432;5.149;-0.11;-0.88
424;20200516;171352.709;2020-05-16 17:13:52.709;64.61926;-17.38668;2.383;0.13;-0.41000000000000003
457;20200517;131711.132;2020-05-17 13:17:11.132;64.62534;-17.45933;0.135;-0.18;-0.5
462;20200517;134122.162;2020-05-17 13:41:22.162;64.65759;-17.41931;2.211;0.15;-0.1
479;20200517;170646.191;2020-05-17 17:06:46.191;64.62523;-17.46094;2.801;0.5;0.18
484;20200517;180615.136;2020-05-17 18:06:15.136;64.67739;-17.41545;4.014;-0.02;-0.48
492;20200517;234600.052;2020-05-17 23:46:00.052;64.63487;-17.3672;1.6920000000000002;0.68;0.56
10;20200518;063713.799;2020-05-18 06:37:13.799;64.6335;-17.37655;1.838;0.9;0.51
72;20200518;101148.942;2020-05-18 10:11:48.942;64.66126;-17.43342;2.338;1.03;0.87
118;20200518;125442.366;2020-05-18 12:54:42.366;64.63224;-17.38693;0.6980000000000001;0.08;-0.18
172;20200519;094543.301;2020-05-19 09:45:43.301;64.68144;-17.44858;6.833;-0.2;-1.05
223;20200520;075300.466;2020-05-20 07:53:00.466;64.62823;-17.36704;1.358;0.96;0.68
230;20200520;111428.955;2020-05-20 11:14:28.955;64.64659;-17.36631;0.853;0.14;-0.36
253;20200520;205010.507;2020-05-20 20:50:10.507;64.63937;-17.35701;4.07;0.9500000000000001;0.68
341;20200522;130621.067;2020-05-22 13:06:21.067;64.62193;-17.47198;1.704;0.33;-0.31
409;20200523;114007.877;2020-05-23 11:40:07.877;64.62337;-17.46361;6.136;2.5300000000000002;2.1
414;20200523;141346.410;2020-05-23 14:13:46.410;64.64066;-17.48972;10.076;0.39;0.12
421;20200523;145832.406;2020-05-23 14:58:32.406;64.61731;-17.434450000000002;1.81;2.26;1.85
423;20200523;174335.074;2020-05-23 17:43:35.074;64.62276;-17.45457;0.135;0.46;-0.23
468;20200524;070846.147;2020-05-24 07:08:46.147;64.61938;-17.48853;2.856;1.8599999999999999;1.21
105;20200527;041826.147;2020-05-27 04:18:26.147;64.62392;-17.3774;4.169;2.6;2.26
207;20200530;012055.953;2020-05-30 01:20:55.953;64.66373;-17.4499;2.813;3.52;2.99
572;20200531;104126.040;2020-05-31 10:41:26.040;64.62087;-17.40479;0.135;0.41000000000000003;-0.11
38;20200601;074811.372;2020-06-01 07:48:11.372;64.6069;-17.43311;0.135;0.06;-0.4
46;20200601;095713.116;2020-06-01 09:57:13.116;64.62302;-17.39725;0.353;0.78;0.34
121;20200602;000735.143;2020-06-02 00:07:35.143;64.61459;-17.50418;3.118;1.51;1.19
232;20200602;122158.278;2020-06-02 12:21:58.278;64.61984;-17.41555;0.135;1.26;0.96
320;20200603;070950.907;2020-06-03 07:09:50.907;64.61338;-17.5022;1.6720000000000002;0.16;-0.42
533;20200604;215058.648;2020-06-04 21:50:58.648;64.62168;-17.38618;0.442;0.9400000000000001;0.75
911;20200606;171330.412;2020-06-06 17:13:30.412;64.61937;-17.48166;1.818;0.45;0.28
912;20200606;173914.344;2020-06-06 17:39:14.344;64.62474;-17.45544;0.056;-0.2;-0.02
162;20200609;103317.722;2020-06-09 10:33:17.722;64.6179;-17.46982;0.135;0.53;0.05
207;20200609;204056.406;2020-06-09 20:40:56.406;64.6365;-17.44099;4.279;0.42;-0.28
278;20200610;092150.369;2020-06-10 09:21:50.369;64.61937;-17.40702;0.421;0.45;-0.05
281;20200610;095921.034;2020-06-10 09:59:21.034;64.62011;-17.39931;0.135;0.15;-0.17
312;20200610;153754.462;2020-06-10 15:37:54.462;64.63229;-17.50287;3.455;0.72;0.29
325;20200610;172338.505;2020-06-10 17:23:38.505;64.62194;-17.45785;0.135;0.47000000000000003;-0.15
332;20200610;175843.929;2020-06-10 17:58:43.929;64.62497;-17.48211;1.5150000000000001;1.24;1.13
336;20200610;182011.301;2020-06-10 18:20:11.301;64.61217;-17.49622;1.109;0.15;-0.18
457;20200611;115239.378;2020-06-11 11:52:39.378;64.61864;-17.48105;2.8970000000000002;1.2;0.99
542;20200612;001902.838;2020-06-12 00:19:02.838;64.62148;-17.45506;0.135;0.9500000000000001;0.42
543;20200612;002057.545;2020-06-12 00:20:57.545;64.61449;-17.45457;0.135;2.32;1.9500000000000002
547;20200612;003121.441;2020-06-12 00:31:21.441;64.6257;-17.4886;6.034;0.46;-0.2
548;20200612;003531.095;2020-06-12 00:35:31.095;64.62213;-17.48354;4.837;0.76;0.07
604;20200612;074612.804;2020-06-12 07:46:12.804;64.60944;-17.49829;1.549;0.77;0.74
1492;20200614;090203.110;2020-06-14 09:02:03.110;64.61477;-17.37302;3.472;0.12;-0.45
1518;20200614;121936.008;2020-06-14 12:19:36.008;64.61446;-17.44663;0.135;0.48;-0.39
1541;20200614;163244.047;2020-06-14 16:32:44.047;64.62325;-17.43004;3.7199999999999998;3.37;3.23
1542;20200614;163608.363;2020-06-14 16:36:08.363;64.62883;-17.36831;2.214;1.22;1.03
281;20200617;002125.961;2020-06-17 00:21:25.961;64.6431;-17.42822;3.559;0.56;0.55
450;20200617;170417.837;2020-06-17 17:04:17.837;64.60921;-17.36795;8.734;0.19;-0.24
536;20200618;132926.607;2020-06-18 13:29:26.607;64.61851;-17.5049;2.537;1.23;0.9500000000000001
653;20200619;143723.376;2020-06-19 14:37:23.376;64.6154;-17.50726;1.5939999999999999;1.07;1.23
758;20200619;224151.163;2020-06-19 22:41:51.163;64.61442;-17.47098;1.107;1.05;1.06
1395;20200626;211351.959;2020-06-26 21:13:51.959;64.61416;-17.48995;1.473;0.63;-0.09
1397;20200626;212313.036;2020-06-26 21:23:13.036;64.62189;-17.46333;0.842;1.08;1.17
1446;20200627;032925.661;2020-06-27 03:29:25.661;64.59927;-17.44214;4.169;0.56;0.49
1447;20200627;033207.985;2020-06-27 03:32:07.985;64.61797;-17.458380000000002;5.7219999999999995;2.75;2.22
1486;20200627;073018.543;2020-06-27 07:30:18.543;64.62358;-17.46633;2.6;1.8900000000000001;1.6600000000000001
1551;20200627;182737.460;2020-06-27 18:27:37.460;64.64175;-17.365;0.854;0.55;1.2
26;20200706;050800.038;2020-07-06 05:08:00.038;64.61053;-17.50355;1.9300000000000002;1.79;1.38
191;20200707;071330.437;2020-07-07 07:13:30.437;64.67967;-17.46994;5.63;1.96;1.47
53;20200713;175859.620;2020-07-13 17:58:59.620;64.61273;-17.47216;0.135;1.62;1.44
70;20200713;234139.135;2020-07-13 23:41:39.135;64.61836;-17.42561;2.379;3.04;2.61
75;20200714;005617.316;2020-07-14 00:56:17.316;64.6168;-17.51958;0.528;3.61;3.58
76;20200714;005845.787;2020-07-14 00:58:45.787;64.61142;-17.485500000000002;2.558;2.51;1.8
86;20200714;024700.148;2020-07-14 02:47:00.148;64.62035;-17.43814;4.429;2.51;2.02
88;20200714;034535.518;2020-07-14 03:45:35.518;64.64391;-17.37374;0.135;0.38;0.43
251;20200716;192218.877;2020-07-16 19:22:18.877;64.65537;-17.36673;0.364;0.79;0.9400000000000001
889;20200725;044806.676;2020-07-25 04:48:06.676;64.5867;-17.57501;14.755;1.26;1.13
120;20200728;020421.181;2020-07-28 02:04:21.181;64.61063;-17.57475;0.135;0.9500000000000001;0.71
503;20200730;053900.540;2020-07-30 05:39:00.540;64.67625;-17.44325;4.391;1.07;0.72
566;20200730;152849.823;2020-07-30 15:28:49.823;64.63335000000001;-17.43041;6.443;0.85;0.30000000000000004
585;20200730;172437.869;2020-07-30 17:24:37.869;64.64742;-17.4869;2.738;0.27;0.4
154;20200804;031506.853;2020-08-04 03:15:06.853;64.60817;-17.33501;6.016;0.93;0.66
338;20200806;013919.559;2020-08-06 01:39:19.559;64.67744;-17.42022;1.9500000000000002;2.15;1.83
360;20200806;071245.507;2020-08-06 07:12:45.507;64.62092;-17.54286;5.2;1.22;1.04
736;20200809;002413.677;2020-08-09 00:24:13.677;64.66538;-17.52558;1.484;0.73;0.46
116;20200817;131912.440;2020-08-17 13:19:12.440;64.6593;-17.45511;1.976;0.98;0.89
236;20200818;012536.814;2020-08-18 01:25:36.814;64.64304;-17.41576;6.389;-0.04;-0.7000000000000001
1044;20200823;233336.757;2020-08-23 23:33:36.757;64.63489;-17.36979;1.556;0.84;0.6900000000000001
37;20200824;062133.497;2020-08-24 06:21:33.497;64.60869;-17.50193;0.135;0.66;1.1
134;20200825;023530.017;2020-08-25 02:35:30.017;64.6545;-17.52196;3.328;1.35;1.12
169;20200825;095355.857;2020-08-25 09:53:55.857;64.66502;-17.47766;3.417;0.73;0.71
693;20200827;122838.579;2020-08-27 12:28:38.579;64.62758;-17.52108;2.055;0.91;0.61
208;20200901;231031.979;2020-09-01 23:10:31.979;64.63793;-17.45093;0.135;0.71;0.54
290;20200902;113414.121;2020-09-02 11:34:14.121;64.61791;-17.35179;7.937;1.31;1.07
343;20200903;022724.721;2020-09-03 02:27:24.721;64.63797;-17.43739;3.05;0.92;0.71
505;20200904;204522.185;2020-09-04 20:45:22.185;64.63981;-17.37666;0.718;1.31;1.26
603;20200905;132206.686;2020-09-05 13:22:06.686;64.68088;-17.47827;3.3970000000000002;0.04;-0.22
604;20200905;132409.872;2020-09-05 13:24:09.872;64.68375;-17.46206;3.182;0.61;0.34
334;20200909;013707.424;2020-09-09 01:37:07.424;64.62598;-17.37072;4.112;0.64;0.58
350;20200909;024830.955;2020-09-09 02:48:30.955;64.62957;-17.38659;4.995;1.21;1.03
398;20200909;115940.153;2020-09-09 11:59:40.153;64.6324;-17.35744;0.332;0.84;1.21
416;20200909;153630.011;2020-09-09 15:36:30.011;64.66609;-17.40804;0.067;0.81;0.61
522;20200910;203336.827;2020-09-10 20:33:36.827;64.61513;-17.48487;3.316;1.77;1.26
532;20200910;225806.781;2020-09-10 22:58:06.781;64.68211;-17.47941;2.754;0.12;-0.45
546;20200911;041238.354;2020-09-11 04:12:38.354;64.63473;-17.45943;0.042;0.07;-0.5700000000000001
550;20200911;050552.904;2020-09-11 05:05:52.904;64.62927;-17.42018;0.135;0.25;-0.45
558;20200911;074515.136;2020-09-11 07:45:15.136;64.65478;-17.36946;0.34700000000000003;0.73;0.32
641;20200912;100641.684;2020-09-12 10:06:41.684;64.62083;-17.46386;0.135;0.6900000000000001;0.12
680;20200912;210552.599;2020-09-12 21:05:52.599;64.63232;-17.50548;2.032;0.38;-0.03
770;20200913;131449.160;2020-09-13 13:14:49.160;64.61041;-17.51984;0.135;0.53;0.36
40;20200914;101757.415;2020-09-14 10:17:57.415;64.64626;-17.38528;0.039;0.02;-0.73
148;20200915;095127.175;2020-09-15 09:51:27.175;64.65785;-17.52405;3.333;1.43;0.89
149;20200915;095410.886;2020-09-15 09:54:10.886;64.65505;-17.52248;3.648;2.23;1.5899999999999999
525;20200916;004652.939;2020-09-16 00:46:52.939;64.6534;-17.38292;5.975;-0.26;-0.62
678;20200916;123518.326;2020-09-16 12:35:18.326;64.64157;-17.40683;4.745;2.38;1.69
888;20200917;235042.747;2020-09-17 23:50:42.747;64.61927;-17.40915;4.498;2.07;1.48
967;20200918;105341.441;2020-09-18 10:53:41.441;64.61252;-17.48374;1.8359999999999999;2.68;2.29
972;20200918;111914.714;2020-09-18 11:19:14.714;64.61839;-17.4527;0.135;1.0;0.92
1121;20200920;133446.884;2020-09-20 13:34:46.884;64.6572;-17.50419;2.34;1.21;1.13
92;20200922;100209.902;2020-09-22 10:02:09.902;64.64245;-17.5235;3.515;0.64;-0.27
120;20200922;192643.853;2020-09-22 19:26:43.853;64.61803;-17.47898;1.001;0.38;0.21
132;20200923;005217.707;2020-09-23 00:52:17.707;64.64306;-17.38681;0.135;0.19;-0.19
187;20200923;112610.418;2020-09-23 11:26:10.418;64.64578;-17.50196;6.17;0.48;-0.36
194;20200923;160741.395;2020-09-23 16:07:41.395;64.64129;-17.36953;3.474;1.06;0.86
200;20200923;174601.250;2020-09-23 17:46:01.250;64.61512;-17.48079;3.093;1.9500000000000002;1.28
312;20200924;234237.863;2020-09-24 23:42:37.863;64.65091;-17.41266;2.366;0.47000000000000003;0.52
411;20200925;132903.601;2020-09-25 13:29:03.601;64.61671;-17.49091;2.151;1.11;0.67
448;20200925;215548.256;2020-09-25 21:55:48.256;64.63744;-17.35337;0.135;1.62;1.3599999999999999
697;20200927;000530.848;2020-09-27 00:05:30.848;64.63058;-17.34538;0.135;0.89;0.5700000000000001
698;20200927;000610.677;2020-09-27 00:06:10.677;64.62318;-17.35756;4.823;4.82;3.92
699;20200927;000731.948;2020-09-27 00:07:31.948;64.66714;-17.52578;2.199;1.98;1.69
700;20200927;000917.619;2020-09-27 00:09:17.619;64.62556;-17.43439;1.1440000000000001;1.17;1.08
701;20200927;001802.191;2020-09-27 00:18:02.191;64.64931;-17.5133;3.259;1.92;1.42
796;20200927;154427.350;2020-09-27 15:44:27.350;64.65481;-17.368;0.135;0.45;0.39
798;20200927;160127.044;2020-09-27 16:01:27.044;64.68259;-17.54075;1.738;0.14;0.16
816;20200927;202628.617;2020-09-27 20:26:28.617;64.61879;-17.38207;5.697;0.28;-0.43
525;20201004;162404.669;2020-10-04 16:24:04.669;64.6648;-17.45656;2.255;2.06;1.57
462;20201006;220742.020;2020-10-06 22:07:42.020;64.65649;-17.55101;12.744;0.02;-0.72
685;20201008;075418.592;2020-10-08 07:54:18.592;64.66301;-17.51139;4.148;-0.11;-1.05
81;20201020;051301.171;2020-10-20 05:13:01.171;64.6217;-17.39531;0.135;-0.07;-0.25
500;20201021;024114.309;2020-10-21 02:41:14.309;64.64606;-17.40605;0.135;0.84;0.5700000000000001
506;20201021;024818.147;2020-10-21 02:48:18.147;64.66866;-17.53476;1.857;0.64;0.30000000000000004
844;20201022;100241.290;2020-10-22 10:02:41.290;64.64054;-17.49748;1.607;-0.12;-0.46
283;20201030;004010.400;2020-10-30 00:40:10.400;64.63727;-17.46395;0.034;0.6000000000000001;0.2
329;20201030;180018.394;2020-10-30 18:00:18.394;64.61966;-17.48155;0.135;0.54;-0.12
295;20201107;122435.919;2020-11-07 12:24:35.919;64.62967;-17.4788;3.3529999999999998;0.41000000000000003;-0.36
21;20201109;071933.401;2020-11-09 07:19:33.401;64.61949;-17.41756;1.182;0.30000000000000004;0.16
77;20201110;111453.467;2020-11-10 11:14:53.467;64.62533;-17.41448;0.135;0.45;0.31
105;20201111;004637.617;2020-11-11 00:46:37.617;64.62283;-17.49279;0.135;0.44;-0.55
227;20201111;120211.531;2020-11-11 12:02:11.531;64.658;-17.48043;5.502;0.55;-0.14
258;20201111;180956.871;2020-11-11 18:09:56.871;64.68366;-17.50456;3.105;0.36;-0.14
308;20201112;055332.651;2020-11-12 05:53:32.651;64.67615;-17.449840000000002;2.6790000000000003;1.28;0.66
407;20201113;120831.902;2020-11-13 12:08:31.902;64.6433;-17.4505;5.202;0.31;-0.1
416;20201113;134213.266;2020-11-13 13:42:13.266;64.6171;-17.56024;2.675;0.35000000000000003;0.16
421;20201113;161932.034;2020-11-13 16:19:32.034;64.61884;-17.42724;5.999;0.36;0.01
422;20201113;170005.050;2020-11-13 17:00:05.050;64.61482;-17.49485;2.213;0.63;0.66
432;20201113;204722.116;2020-11-13 20:47:22.116;64.61758;-17.49925;2.5460000000000003;0.64;0.03
441;20201114;020401.219;2020-11-14 02:04:01.219;64.59914;-17.5965;2.021;0.29;-0.19
442;20201114;020509.591;2020-11-14 02:05:09.591;64.59148;-17.59824;16.125;0.65;0.21
13;20201116;013519.017;2020-11-16 01:35:19.017;64.61723;-17.43114;0.135;2.45;2.23
42;20201116;094055.851;2020-11-16 09:40:55.851;64.62715;-17.46397;2.2;1.04;0.6000000000000001
143;20201117;072301.769;2020-11-17 07:23:01.769;64.67699;-17.53782;1.924;0.8200000000000001;0.44
281;20201118;221208.356;2020-11-18 22:12:08.356;64.61946;-17.43233;15.776;1.18;1.16
335;20201127;043243.225;2020-11-27 04:32:43.225;64.66328;-17.51453;0.135;0.58;1.04
214;20201204;205328.265;2020-12-04 20:53:28.265;64.61254;-17.46935;4.393;1.72;1.1400000000000001
385;20201206;142825.869;2020-12-06 14:28:25.869;64.65026;-17.39223;2.77;0.41000000000000003;0.46
134;20201207;232011.712;2020-12-07 23:20:11.712;64.61797;-17.41899;12.497;0.71;0.63
257;20201208;234340.982;2020-12-08 23:43:40.982;64.61957;-17.40434;5.015;0.67;0.56
346;20201210;024832.502;2020-12-10 02:48:32.502;64.66072;-17.5282;3.233;1.48;1.13
352;20201210;062504.362;2020-12-10 06:25:04.362;64.65667;-17.43292;3.762;1.4;1.26
381;20201210;141629.901;2020-12-10 14:16:29.901;64.62692;-17.46446;2.307;0.49;0.89
417;20201211;044118.200;2020-12-11 04:41:18.200;64.61379;-17.4906;2.178;0.74;0.23
516;20201213;005145.793;2020-12-13 00:51:45.793;64.6235;-17.41263;0.135;1.58;1.12
73;20201215;190527.282;2020-12-15 19:05:27.282;64.63415;-17.53061;4.743;0.68;1.1
186;20201216;081339.085;2020-12-16 08:13:39.085;64.68796;-17.3767;5.587;0.6900000000000001;0.11
406;20201218;142958.894;2020-12-18 14:29:58.894;64.63789;-17.36458;3.469;0.89;0.64
15;20201221;073703.092;2020-12-21 07:37:03.092;64.6269;-17.54024;2.432;0.16;-0.02
23;20201221;113739.822;2020-12-21 11:37:39.822;64.62408;-17.46996;5.662;2.7800000000000002;2.5700000000000003
24;20201221;113749.973;2020-12-21 11:37:49.973;64.60206;-17.47115;1.685;3.87;2.75
25;20201221;113939.372;2020-12-21 11:39:39.372;64.63425;-17.47576;3.33;0.8200000000000001;0.6900000000000001
26;20201221;114137.008;2020-12-21 11:41:37.008;64.64538;-17.56081;8.3;0.24;0.2
28;20201221;132546.163;2020-12-21 13:25:46.163;64.63061;-17.46635;2.711;0.8;0.61
29;20201221;132614.395;2020-12-21 13:26:14.395;64.63754;-17.43921;2.142;0.19;-0.05
35;20201221;145225.424;2020-12-21 14:52:25.424;64.6102;-17.50785;1.96;1.63;1.21
36;20201221;150135.988;2020-12-21 15:01:35.988;64.61622;-17.49246;4.465;2.51;1.9
37;20201221;153104.417;2020-12-21 15:31:04.417;64.61081;-17.50387;0.135;0.36;0.30000000000000004
55;20201221;224159.219;2020-12-21 22:41:59.219;64.64158;-17.54763;5.305;-0.08;0.14
290;20201226;161150.330;2020-12-26 16:11:50.330;64.62515;-17.40852;5.21;2.61;2.22
291;20201226;161705.947;2020-12-26 16:17:05.947;64.62723;-17.41756;3.032;0.71;0.77
13;20201228;083521.339;2020-12-28 08:35:21.339;64.63804;-17.36691;3.079;1.09;1.25
230;20201229;235443.833;2020-12-29 23:54:43.833;64.6346;-17.42927;3.314;0.61;0.46
231;20201230;000203.023;2020-12-30 00:02:03.023;64.63426;-17.43041;4.165;0.8200000000000001;0.6900000000000001
358;20201230;162220.258;2020-12-30 16:22:20.258;64.62936;-17.46091;5.744;1.25;0.71
421;20201230;234205.650;2020-12-30 23:42:05.650;64.63953;-17.50769;2.18;0.28;0.23
564;20210101;092743.768;2021-01-01 09:27:43.768;64.63575;-17.55087;0.135;0.65;0.23
583;20210101;133221.573;2021-01-01 13:32:21.573;64.671;-17.46179;2.259;1.8900000000000001;1.27
611;20210101;235657.751;2021-01-01 23:56:57.751;64.61842;-17.46983;2.875;1.8900000000000001;1.44
703;20210103;223328.063;2021-01-03 22:33:28.063;64.60918;-17.52182;2.3890000000000002;2.04;1.74
184;20210106;043804.999;2021-01-06 04:38:04.999;64.63609;-17.42552;3.3689999999999998;0.46;0.31
436;20210107;235006.910;2021-01-07 23:50:06.910;64.62526;-17.36179;0.135;0.72;0.55
491;20210109;083529.424;2021-01-09 08:35:29.424;64.66433;-17.43683;3.519;0.04;-0.64
492;20210109;085750.686;2021-01-09 08:57:50.686;64.66986;-17.5325;1.516;0.88;0.13
493;20210109;090214.029;2021-01-09 09:02:14.029;64.66915;-17.46953;3.638;0.49;-0.5
494;20210109;091758.978;2021-01-09 09:17:58.978;64.65345;-17.5123;3.593;0.39;0.22
495;20210109;092359.275;2021-01-09 09:23:59.275;64.65018;-17.52982;3.342;1.9300000000000002;1.6099999999999999
496;20210109;093051.089;2021-01-09 09:30:51.089;64.67207;-17.54178;2.524;1.07;0.96
749;20210110;152604.242;2021-01-10 15:26:04.242;64.62991;-17.45665;7.463;0.04;-0.76
196;20210112;073520.326;2021-01-12 07:35:20.326;64.64411;-17.48964;1.484;0.17;0.03
233;20210113;102607.711;2021-01-13 10:26:07.711;64.6765;-17.5438;0.905;0.52;-0.17
243;20210113;165202.757;2021-01-13 16:52:02.757;64.62493;-17.48593;3.959;0.65;-0.19
273;20210114;044637.527;2021-01-14 04:46:37.527;64.62555;-17.49213;3.806;0.33;-0.6000000000000001
274;20210114;044659.799;2021-01-14 04:46:59.799;64.62106;-17.4718;2.238;0.52;-0.26
290;20210114;103843.490;2021-01-14 10:38:43.490;64.63646;-17.58062;2.401;0.30000000000000004;-0.62
292;20210114;164806.014;2021-01-14 16:48:06.014;64.62489;-17.43628;3.992;1.22;0.9500000000000001
311;20210115;032236.132;2021-01-15 03:22:36.132;64.62252;-17.48796;5.113;0.8300000000000001;0.03
442;20210116;063653.057;2021-01-16 06:36:53.057;64.65012;-17.45044;1.975;0.59;0.7000000000000001
449;20210116;071237.978;2021-01-16 07:12:37.978;64.63818;-17.39429;0.135;1.05;0.72
457;20210116;081605.491;2021-01-16 08:16:05.491;64.63703;-17.40929;1.182;0.8;0.42
458;20210116;081652.463;2021-01-16 08:16:52.463;64.63647;-17.40651;2.417;0.45;-0.22
465;20210116;093557.977;2021-01-16 09:35:57.977;64.61806;-17.39093;0.135;0.15;-0.44
472;20210116;115915.508;2021-01-16 11:59:15.508;64.6889;-17.53746;1.158;0.06;-0.38
478;20210116;153217.012;2021-01-16 15:32:17.012;64.62349;-17.42159;0.135;0.36;-0.12
479;20210116;155727.573;2021-01-16 15:57:27.573;64.62315;-17.41861;2.07;0.45;-0.19
35;20210118;103746.106;2021-01-18 10:37:46.106;64.66734;-17.46663;5.258;0.08;-0.91
36;20210118;105712.833;2021-01-18 10:57:12.833;64.63253;-17.40242;3.255;1.9100000000000001;1.37
98;20210120;052442.335;2021-01-20 05:24:42.335;64.61218;-17.50572;2.019;0.85;0.79
164;20210121;190529.124;2021-01-21 19:05:29.124;64.63886;-17.50673;1.865;0.21;-0.1
165;20210121;190632.099;2021-01-21 19:06:32.099;64.66608;-17.53449;3.172;2.51;1.83
42;20210125;092923.432;2021-01-25 09:29:23.432;64.61928;-17.47383;3.149;0.23;-0.37
52;20210125;105043.754;2021-01-25 10:50:43.754;64.67429;-17.53821;1.01;0.36;1.0
57;20210125;120313.180;2021-01-25 12:03:13.180;64.63428;-17.36287;0.135;0.49;0.48
93;20210125;193811.235;2021-01-25 19:38:11.235;64.66573;-17.43286;1.3860000000000001;2.25;1.62
189;20210126;091754.139;2021-01-26 09:17:54.139;64.66742;-17.45826;2.194;2.07;1.38
202;20210126;132734.687;2021-01-26 13:27:34.687;64.60828;-17.49305;1.076;0.5700000000000001;0.0
207;20210126;144442.260;2021-01-26 14:44:42.260;64.58987;-17.37712;3.427;0.58;0.07
327;20210127;210001.801;2021-01-27 21:00:01.801;64.62098;-17.46425;1.845;0.6900000000000001;-0.42
524;20210129;030810.106;2021-01-29 03:08:10.106;64.64366;-17.4581;6.371;0.54;-0.71
659;20210129;194340.202;2021-01-29 19:43:40.202;64.62272;-17.49097;1.921;0.08;-0.58
665;20210129;195547.998;2021-01-29 19:55:47.998;64.61996;-17.48889;5.328;1.9;1.35
805;20210130;063848.448;2021-01-30 06:38:48.448;64.6199;-17.5095;2.013;0.45;0.24
856;20210130;122422.867;2021-01-30 12:24:22.867;64.62718;-17.39596;0.135;0.51;0.67
958;20210131;052310.417;2021-01-31 05:23:10.417;64.65576;-17.5293;3.313;1.62;1.01
977;20210131;101948.977;2021-01-31 10:19:48.977;64.61555;-17.44745;0.967;0.13;-0.03
978;20210131;102006.402;2021-01-31 10:20:06.402;64.6271;-17.45028;3.784;2.81;2.4
982;20210131;112345.125;2021-01-31 11:23:45.125;64.63113;-17.48821;3.774;0.38;0.07
1002;20210131;193633.118;2021-01-31 19:36:33.118;64.64204;-17.39493;0.135;0.47000000000000003;0.24
1003;20210131;193812.820;2021-01-31 19:38:12.820;64.64362;-17.39122;0.733;1.81;1.2
1014;20210131;234833.938;2021-01-31 23:48:33.938;64.63544;-17.54591;4.401;0.35000000000000003;-0.35000000000000003
104;20210201;205228.438;2021-02-01 20:52:28.438;64.62862;-17.36038;2.146;1.6099999999999999;0.97
161;20210202;124038.434;2021-02-02 12:40:38.434;64.61828;-17.46433;3.014;2.3;2.19
162;20210202;124225.406;2021-02-02 12:42:25.406;64.62634;-17.48608;2.638;0.76;0.31
166;20210202;134952.102;2021-02-02 13:49:52.102;64.61391;-17.5176;2.984;1.11;0.7000000000000001
212;20210203;000059.463;2021-02-03 00:00:59.463;64.62108;-17.53358;4.134;1.27;1.13
225;20210203;021552.531;2021-02-03 02:15:52.531;64.61998;-17.52461;1.9220000000000002;0.38;-0.4
323;20210203;164039.163;2021-02-03 16:40:39.163;64.63581;-17.44785;5.464;0.99;0.65
326;20210203;171228.756;2021-02-03 17:12:28.756;64.61927;-17.37264;0.611;0.11;0.09
422;20210204;093231.282;2021-02-04 09:32:31.282;64.62112;-17.37545;0.717;1.33;1.35
470;20210204;134131.898;2021-02-04 13:41:31.898;64.63818;-17.51233;2.248;0.09;0.03
570;20210205;023324.892;2021-02-05 02:33:24.892;64.65752;-17.4789;0.135;-0.46;-0.41000000000000003
578;20210205;034842.039;2021-02-05 03:48:42.039;64.64795;-17.48427;2.305;0.06;-0.08
583;20210205;051551.665;2021-02-05 05:15:51.665;64.6618;-17.48299;3.219;0.6000000000000001;0.45
637;20210205;095124.658;2021-02-05 09:51:24.658;64.62002;-17.37962;0.135;0.21;0.16
1418;20210207;215756.518;2021-02-07 21:57:56.518;64.65887;-17.40636;3.368;1.75;1.45
37;20210208;044324.574;2021-02-08 04:43:24.574;64.63122;-17.41995;2.125;0.65;0.25
365;20210209;153808.690;2021-02-09 15:38:08.690;64.62009;-17.48641;2.44;0.79;0.03
491;20210210;060010.518;2021-02-10 06:00:10.518;64.64607;-17.46424;6.52;0.68;-0.5700000000000001
539;20210210;135936.099;2021-02-10 13:59:36.099;64.64877;-17.45254;2.199;0.39;0.44
616;20210211;014618.333;2021-02-11 01:46:18.333;64.61535;-17.51717;0.135;0.36;0.05
621;20210211;022510.587;2021-02-11 02:25:10.587;64.65176;-17.38811;1.098;0.87;0.58
733;20210213;010028.458;2021-02-13 01:00:28.458;64.6358;-17.47331;0.715;0.59;0.43
737;20210213;022930.640;2021-02-13 02:29:30.640;64.62332;-17.39787;7.18;3.9699999999999998;3.14
738;20210213;023023.906;2021-02-13 02:30:23.906;64.61688;-17.49681;2.507;1.8599999999999999;1.79
739;20210213;023329.631;2021-02-13 02:33:29.631;64.62611;-17.4389;5.907;1.8599999999999999;1.49
740;20210213;023704.305;2021-02-13 02:37:04.305;64.62447;-17.47729;1.13;0.7000000000000001;0.55
747;20210213;073214.941;2021-02-13 07:32:14.941;64.62849;-17.35371;0.47900000000000004;1.6099999999999999;1.55
779;20210214;045318.894;2021-02-14 04:53:18.894;64.59967;-17.50931;0.135;0.67;0.36
813;20210214;152138.352;2021-02-14 15:21:38.352;64.61752;-17.40019;0.135;0.36;0.18
841;20210214;221500.412;2021-02-14 22:15:00.412;64.66251;-17.48123;7.058;0.7000000000000001;-0.11
612;20210219;132725.128;2021-02-19 13:27:25.128;64.63831;-17.4955;1.473;0.81;0.97
970;20210221;125034.234;2021-02-21 12:50:34.234;64.65527;-17.5303;3.227;1.13;0.7000000000000001
16;20210222;102750.972;2021-02-22 10:27:50.972;64.65417;-17.522;3.473;1.96;1.57
41;20210222;162007.093;2021-02-22 16:20:07.093;64.66575;-17.38155;5.115;0.86;0.5700000000000001
89;20210223;063648.544;2021-02-23 06:36:48.544;64.6347;-17.43399;5.983;1.38;1.0
745;20210225;143322.675;2021-02-25 14:33:22.675;64.62028;-17.42198;8.131;0.76;0.2
1357;20210228;152557.338;2021-02-28 15:25:57.338;64.64683;-17.3756;0.135;0.62;0.42
468;20210301;234546.665;2021-03-01 23:45:46.665;64.64377;-17.40747;2.025;1.12;1.13
200;20210309;011556.595;2021-03-09 01:15:56.595;64.66035;-17.38803;0.135;1.52;1.38
604;20210311;021156.186;2021-03-11 02:11:56.186;64.6721;-17.53087;1.627;1.19;0.93
794;20210312;034210.372;2021-03-12 03:42:10.372;64.63245;-17.5259;0.135;0.74;0.84
316;20210316;154334.844;2021-03-16 15:43:34.844;64.63165;-17.46999;2.806;0.33;-0.28
810;20210318;012715.970;2021-03-18 01:27:15.970;64.63488;-17.59261;0.135;-0.15;0.03
815;20210318;015536.973;2021-03-18 01:55:36.973;64.62937;-17.42685;3.63;0.41000000000000003;-0.06
933;20210318;103055.127;2021-03-18 10:30:55.127;64.65821;-17.52091;3.224;1.87;1.5
1492;20210320;021732.573;2021-03-20 02:17:32.573;64.61906;-17.48217;1.2730000000000001;0.8;1.08
1594;20210320;095826.775;2021-03-20 09:58:26.775;64.64362;-17.51779;2.274;1.8599999999999999;1.4100000000000001
1599;20210320;102226.306;2021-03-20 10:22:26.306;64.62713;-17.53335;0.356;0.24;0.16
1601;20210320;102801.637;2021-03-20 10:28:01.637;64.65875;-17.53288;3.01;1.12;1.0
1602;20210320;102840.695;2021-03-20 10:28:40.695;64.62816;-17.47495;1.4929999999999999;0.75;0.59
1603;20210320;102933.015;2021-03-20 10:29:33.015;64.6352;-17.52748;1.974;0.22;0.47000000000000003
1604;20210320;102949.312;2021-03-20 10:29:49.312;64.63902;-17.51258;2.7030000000000003;0.58;0.96
1606;20210320;103819.964;2021-03-20 10:38:19.964;64.6391;-17.50979;2.735;0.68;0.01
1619;20210320;115029.912;2021-03-20 11:50:29.912;64.63681;-17.52211;1.732;-0.02;-0.74
1622;20210320;120622.816;2021-03-20 12:06:22.816;64.64449;-17.505;1.875;1.45;0.9400000000000001
1809;20210321;113515.502;2021-03-21 11:35:15.502;64.60987;-17.48408;0.135;1.49;0.87
1857;20210321;220053.429;2021-03-21 22:00:53.429;64.65614;-17.520690000000002;2.709;2.17;1.62
274;20210323;150517.672;2021-03-23 15:05:17.672;64.60935;-17.48764;1.117;0.35000000000000003;-0.19
926;20210326;021158.170;2021-03-26 02:11:58.170;64.63503;-17.54703;2.013;1.77;1.22
1046;20210326;222845.747;2021-03-26 22:28:45.747;64.66533;-17.52115;2.752;1.45;0.86
1149;20210328;014422.684;2021-03-28 01:44:22.684;64.65226;-17.48836;3.009;0.51;0.37
1193;20210328;101346.352;2021-03-28 10:13:46.352;64.63554;-17.43165;0.038;0.45;0.38
121;20210329;155404.339;2021-03-29 15:54:04.339;64.62404;-17.39075;3.974;0.47000000000000003;0.27
125;20210329;174544.474;2021-03-29 17:45:44.474;64.62742;-17.5386;1.72;0.07;-0.71
264;20210330;183711.802;2021-03-30 18:37:11.802;64.63126;-17.52132;2.793;0.29;-0.54
682;20210403;025349.850;2021-04-03 02:53:49.850;64.64308;-17.47983;4.74;1.46;0.84
108;20210405;095817.588;2021-04-05 09:58:17.588;64.61353;-17.51121;1.408;0.47000000000000003;-0.32
191;20210405;205149.202;2021-04-05 20:51:49.202;64.65796;-17.53405;2.648;0.8300000000000001;0.6000000000000001
328;20210406;150930.825;2021-04-06 15:09:30.825;64.64477;-17.53877;3.7030000000000003;-0.14;-1.32
339;20210406;162953.884;2021-04-06 16:29:53.884;64.62661;-17.38802;0.135;-0.01;-0.45
343;20210406;165354.785;2021-04-06 16:53:54.785;64.59854;-17.50043;3.5540000000000003;0.4;0.49
503;20210407;144318.314;2021-04-07 14:43:18.314;64.66689;-17.51501;3.063;0.44;0.56
665;20210408;232750.044;2021-04-08 23:27:50.044;64.61377;-17.46059;0.906;-0.06;-0.5
670;20210409;000952.001;2021-04-09 00:09:52.001;64.62637;-17.56249;14.478;0.12;-1.27
716;20210409;103821.082;2021-04-09 10:38:21.082;64.60542;-17.53801;0.135;0.0;0.58
765;20210409;205919.095;2021-04-09 20:59:19.095;64.62183;-17.53926;0.135;0.48;0.35000000000000003
773;20210409;223426.557;2021-04-09 22:34:26.557;64.61794;-17.47942;2.658;1.5;1.03
774;20210409;223516.235;2021-04-09 22:35:16.235;64.6163;-17.48046;1.4100000000000001;0.8300000000000001;0.25
775;20210409;223954.778;2021-04-09 22:39:54.778;64.62064;-17.47583;2.731;1.5;1.16
776;20210409;224205.939;2021-04-09 22:42:05.939;64.62262;-17.48434;5.129;-0.01;-0.58
777;20210409;224322.855;2021-04-09 22:43:22.855;64.62112;-17.46632;1.943;0.4;-0.41000000000000003
778;20210409;224412.899;2021-04-09 22:44:12.899;64.62527;-17.4924;3.549;0.44;-0.31
779;20210409;224735.442;2021-04-09 22:47:35.442;64.62225;-17.47454;3.024;1.09;0.9500000000000001
780;20210409;225006.651;2021-04-09 22:50:06.651;64.62389;-17.46197;2.447;0.07;-0.5700000000000001
828;20210410;031909.047;2021-04-10 03:19:09.047;64.62005;-17.42542;3.082;0.12;-0.13
868;20210410;080551.821;2021-04-10 08:05:51.821;64.61806;-17.42098;7.814;0.52;-0.2
910;20210410;150131.691;2021-04-10 15:01:31.691;64.66155;-17.39582;0.135;0.92;0.89
960;20210411;000903.516;2021-04-11 00:09:03.516;64.60034;-17.38823;2.001;-0.19;-0.03
961;20210411;002124.991;2021-04-11 00:21:24.991;64.61395;-17.46764;8.69;0.21;0.16
980;20210411;042302.801;2021-04-11 04:23:02.801;64.64119;-17.53196;3.426;-0.33;-1.12
123;20210413;050720.183;2021-04-13 05:07:20.183;64.62263;-17.38279;0.384;0.11;0.54
186;20210413;170053.112;2021-04-13 17:00:53.112;64.61021;-17.49306;0.135;0.30000000000000004;0.06
700;20210418;053354.788;2021-04-18 05:33:54.788;64.62179;-17.47635;4.149;0.9500000000000001;0.35000000000000003
106;20210419;213622.418;2021-04-19 21:36:22.418;64.63224;-17.36775;1.5430000000000001;1.96;1.5899999999999999
278;20210421;053956.718;2021-04-21 05:39:56.718;64.62068;-17.47348;2.939;1.58;1.21
288;20210421;091655.667;2021-04-21 09:16:55.667;64.62035;-17.4716;4.5;1.6600000000000001;1.23
354;20210422;112337.059;2021-04-22 11:23:37.059;64.63004;-17.52301;2.044;-0.09;-0.86
367;20210422;160716.854;2021-04-22 16:07:16.854;64.60902;-17.5073;0.005;0.67;0.30000000000000004
368;20210422;171937.677;2021-04-22 17:19:37.677;64.61774;-17.41393;1.889;0.31;-0.28
399;20210423;053357.194;2021-04-23 05:33:57.194;64.66936;-17.5264;2.371;0.86;0.71
434;20210423;154000.569;2021-04-23 15:40:00.569;64.67366;-17.42336;0.066;-0.54;-0.68
439;20210423;185023.237;2021-04-23 18:50:23.237;64.61305;-17.48778;0.836;-0.22;-0.63
469;20210424;020017.777;2021-04-24 02:00:17.777;64.62285;-17.52566;2.039;0.51;-0.11
580;20210424;141841.649;2021-04-24 14:18:41.649;64.68553;-17.47381;2.838;-0.08;-0.14
589;20210424;160923.300;2021-04-24 16:09:23.300;64.64482;-17.50097;2.674;0.08;-0.29
590;20210424;162202.995;2021-04-24 16:22:02.995;64.66425;-17.49731;1.1440000000000001;0.85;0.58
591;20210424;162301.873;2021-04-24 16:23:01.873;64.66159;-17.50916;3.496;2.08;1.52
592;20210424;162529.434;2021-04-24 16:25:29.434;64.67079;-17.52404;1.583;0.71;0.53
623;20210424;194758.998;2021-04-24 19:47:58.998;64.65157;-17.53545;4.209;-0.29;-1.0
631;20210424;221658.738;2021-04-24 22:16:58.738;64.61641;-17.53397;0.135;-0.14;-0.37
634;20210424;223035.906;2021-04-24 22:30:35.906;64.63017;-17.52186;3.7039999999999997;0.07;-0.67
641;20210424;234813.643;2021-04-24 23:48:13.643;64.64447;-17.42623;4.5600000000000005;0.1;-0.15
678;20210425;071404.436;2021-04-25 07:14:04.436;64.65016;-17.50002;2.742;-0.61;-0.81
692;20210425;085925.533;2021-04-25 08:59:25.533;64.662;-17.52603;3.117;1.45;1.19
693;20210425;090319.767;2021-04-25 09:03:19.767;64.64194;-17.51453;2.708;0.03;-0.49
695;20210425;093757.242;2021-04-25 09:37:57.242;64.67313;-17.50144;2.814;1.33;1.07
696;20210425;094511.360;2021-04-25 09:45:11.360;64.63302;-17.56761;0.135;-0.42;-0.43
708;20210425;113700.871;2021-04-25 11:37:00.871;64.65772;-17.49795;4.507;-0.74;-1.51
712;20210425;120240.666;2021-04-25 12:02:40.666;64.65031;-17.49255;3.597;-0.62;-1.34
83;20210426;234314.318;2021-04-26 23:43:14.318;64.62165;-17.49217;4.054;1.52;1.03
295;20210430;011954.382;2021-04-30 01:19:54.382;64.63551;-17.53625;1.959;0.76;0.96
350;20210430;094830.527;2021-04-30 09:48:30.527;64.60835;-17.51165;1.665;1.6099999999999999;1.16
352;20210430;095448.918;2021-04-30 09:54:48.918;64.63751;-17.43797;3.382;0.32;0.18
439;20210501;060217.822;2021-05-01 06:02:17.822;64.62302;-17.37322;0.135;0.18;0.24
477;20210501;153035.352;2021-05-01 15:30:35.352;64.6448;-17.37972;1.084;0.6000000000000001;0.44
551;20210502;212529.008;2021-05-02 21:25:29.008;64.66736;-17.528010000000002;1.703;-0.06;-0.58
279;20210505;010943.066;2021-05-05 01:09:43.066;64.62364;-17.46904;2.074;0.7000000000000001;-0.11
287;20210505;014947.021;2021-05-05 01:49:47.021;64.62223;-17.58177;4.752;1.07;0.64
316;20210505;043808.951;2021-05-05 04:38:08.951;64.6261;-17.47258;5.155;0.27;0.34
345;20210505;111333.977;2021-05-05 11:13:33.977;64.62806;-17.41492;6.764;1.88;1.27
366;20210505;164620.926;2021-05-05 16:46:20.926;64.65598;-17.54958;2.312;0.55;0.04
396;20210506;020415.209;2021-05-06 02:04:15.209;64.64347;-17.5555;5.714;-0.16;-1.46
460;20210506;195958.920;2021-05-06 19:59:58.920;64.66322;-17.53382;3.078;1.0;0.6000000000000001
482;20210507;001411.904;2021-05-07 00:14:11.904;64.61322;-17.502;1.8;0.98;0.61
4;20210510;010044.735;2021-05-10 01:00:44.735;64.63426;-17.45272;5.828;0.61;0.58
144;20210512;065837.205;2021-05-12 06:58:37.205;64.64555;-17.4835;2.383;-0.32;-0.37
168;20210512;154532.755;2021-05-12 15:45:32.755;64.62134;-17.42839;4.459;2.7800000000000002;2.36
169;20210512;154732.668;2021-05-12 15:47:32.668;64.62222;-17.45939;5.539;3.48;2.74
170;20210512;155006.698;2021-05-12 15:50:06.698;64.62217;-17.48996;2.158;0.9;0.8300000000000001
171;20210512;155427.283;2021-05-12 15:54:27.283;64.60442;-17.51788;1.46;-0.23;-0.67
175;20210512;160554.132;2021-05-12 16:05:54.132;64.62773;-17.44603;3.044;-0.06;-0.45
176;20210512;160727.609;2021-05-12 16:07:27.609;64.62412;-17.47659;2.557;0.76;0.4
177;20210512;161020.119;2021-05-12 16:10:20.119;64.63137;-17.50464;4.011;-0.28;-0.84
178;20210512;161054.844;2021-05-12 16:10:54.844;64.62138;-17.46709;6.308;2.1;1.6600000000000001
181;20210512;163841.976;2021-05-12 16:38:41.976;64.61434;-17.48322;3.179;1.2;0.81
183;20210512;171158.285;2021-05-12 17:11:58.285;64.61548;-17.50245;2.4859999999999998;-0.48;-0.84
184;20210512;171628.499;2021-05-12 17:16:28.499;64.62341;-17.49674;1.862;1.3;0.96
189;20210512;175713.597;2021-05-12 17:57:13.597;64.62218;-17.43231;1.9729999999999999;0.07;-0.45
191;20210512;184627.916;2021-05-12 18:46:27.916;64.62097;-17.47426;4.841;2.18;1.75
195;20210512;192345.854;2021-05-12 19:23:45.854;64.63123;-17.50091;0.135;-0.62;-1.02
198;20210512;211959.038;2021-05-12 21:19:59.038;64.61597;-17.49515;2.971;1.28;0.8200000000000001
264;20210513;161126.267;2021-05-13 16:11:26.267;64.67014;-17.46317;2.691;1.16;0.99
274;20210513;193821.582;2021-05-13 19:38:21.582;64.63759;-17.54181;3.128;0.04;-0.65
288;20210513;233501.211;2021-05-13 23:35:01.211;64.61176;-17.39199;28.693;-0.01;0.48
334;20210514;103426.516;2021-05-14 10:34:26.516;64.6358;-17.54405;2.737;0.04;-0.64
341;20210514;111635.259;2021-05-14 11:16:35.259;64.6231;-17.41693;0.135;-0.02;-0.5
370;20210514;185712.096;2021-05-14 18:57:12.096;64.63589;-17.47571;0.135;0.39;0.21
374;20210514;195952.150;2021-05-14 19:59:52.150;64.67464;-17.54058;0.68;0.19;-0.35000000000000003
433;20210515;102505.374;2021-05-15 10:25:05.374;64.62638;-17.54519;3.356;0.53;0.32
478;20210516;052135.391;2021-05-16 05:21:35.391;64.62415;-17.38514;4.766;2.86;2.4
24;20210517;125627.443;2021-05-17 12:56:27.443;64.67136;-17.43307;2.626;1.76;1.4100000000000001
58;20210518;035838.097;2021-05-18 03:58:38.097;64.66795;-17.53381;1.841;0.49;-0.14
111;20210519;084009.032;2021-05-19 08:40:09.032;64.65041;-17.51257;2.5380000000000003;1.96;1.3
144;20210520;015549.199;2021-05-20 01:55:49.199;64.65723;-17.5061;2.136;0.53;0.9500000000000001
145;20210520;020951.411;2021-05-20 02:09:51.411;64.64368;-17.5014;1.099;0.0;-0.21
150;20210520;061752.733;2021-05-20 06:17:52.733;64.61512;-17.47751;0.135;0.32;-0.19
156;20210520;110004.212;2021-05-20 11:00:04.212;64.6523;-17.42398;2.705;-0.12;-0.65
185;20210521;015557.549;2021-05-21 01:55:57.549;64.64336;-17.48187;1.036;0.53;0.62
201;20210521;105136.725;2021-05-21 10:51:36.725;64.66589;-17.4581;2.966;2.05;1.6099999999999999
202;20210521;112103.405;2021-05-21 11:21:03.405;64.66953;-17.4484;1.259;2.39;2.17
260;20210523;090524.190;2021-05-23 09:05:24.190;64.60516;-17.4603;5.005;0.7000000000000001;0.52
16;20210524;094757.033;2021-05-24 09:47:57.033;64.65741;-17.5146;5.005;1.03;0.85
96;20210526;075102.247;2021-05-26 07:51:02.247;64.63441;-17.43263;4.064;0.64;0.33
97;20210526;080028.352;2021-05-26 08:00:28.352;64.66393;-17.51797;3.293;2.06;1.87
100;20210526;090138.515;2021-05-26 09:01:38.515;64.6731;-17.53169;1.6560000000000001;0.35000000000000003;0.06
49;20210601;072312.598;2021-06-01 07:23:12.598;64.66611;-17.46305;0.279;-0.85;-1.13
62;20210601;163747.341;2021-06-01 16:37:47.341;64.60768;-17.58314;2.718;0.31;-0.07
120;20210602;154858.164;2021-06-02 15:48:58.164;64.63086;-17.57421;2.3890000000000002;0.11;-0.27
139;20210603;023832.049;2021-06-03 02:38:32.049;64.66363;-17.39787;1.63;1.37;1.37
264;20210606;025801.704;2021-06-06 02:58:01.704;64.67039;-17.50848;3.157;0.11;0.05
282;20210606;111145.325;2021-06-06 11:11:45.325;64.61862;-17.47977;1.4969999999999999;-0.05;0.13
28;20210607;125414.814;2021-06-07 12:54:14.814;64.677;-17.52954;2.412;0.5700000000000001;0.68
57;20210607;223221.034;2021-06-07 22:32:21.034;64.67332;-17.53258;2.197;0.73;0.7000000000000001
66;20210608;041910.590;2021-06-08 04:19:10.590;64.6319;-17.35695;0.135;0.64;0.59
139;20210609;073511.431;2021-06-09 07:35:11.431;64.67574;-17.55067;2.04;0.49;0.9400000000000001
140;20210609;073517.755;2021-06-09 07:35:17.755;64.66655;-17.53017;2.643;1.28;0.9500000000000001
167;20210609;174941.217;2021-06-09 17:49:41.217;64.62923;-17.37368;4.643;0.5700000000000001;0.29
194;20210610;080804.481;2021-06-10 08:08:04.481;64.64957;-17.37239;0.877;0.37;0.19
247;20210611;193733.032;2021-06-11 19:37:33.032;64.67075;-17.50032;3.183;0.5;0.27
269;20210612;121759.815;2021-06-12 12:17:59.815;64.64474;-17.48197;2.938;0.34;0.16
279;20210612;161700.772;2021-06-12 16:17:00.772;64.6178;-17.50237;0.042;0.62;0.27
309;20210613;043358.158;2021-06-13 04:33:58.158;64.64072;-17.55689;2.245;0.73;0.44
311;20210613;051617.105;2021-06-13 05:16:17.105;64.62078;-17.42899;8.274000000000001;1.17;0.6000000000000001
339;20210613;112928.284;2021-06-13 11:29:28.284;64.64131;-17.51547;2.558;0.97;0.8300000000000001
354;20210613;150541.101;2021-06-13 15:05:41.101;64.67633000000001;-17.49213;4.7;0.25;-0.58
81;20210615;150539.997;2021-06-15 15:05:39.997;64.65826;-17.52331;2.738;2.07;1.65
91;20210615;194708.625;2021-06-15 19:47:08.625;64.65131;-17.51835;3.079;2.7199999999999998;2.13
98;20210616;003454.244;2021-06-16 00:34:54.244;64.61891;-17.48499;0.135;0.79;0.46
112;20210616;140450.806;2021-06-16 14:04:50.806;64.64935;-17.49029;2.557;0.58;0.4
113;20210616;140557.639;2021-06-16 14:05:57.639;64.67589;-17.49681;0.015;1.24;0.85
195;20210617;092420.592;2021-06-17 09:24:20.592;64.62309;-17.44992;1.5630000000000002;0.89;0.01
217;20210617;103550.192;2021-06-17 10:35:50.192;64.61383000000001;-17.40181;0.135;0.46;0.0
225;20210617;123146.203;2021-06-17 12:31:46.203;64.62275;-17.38125;6.159;1.58;1.47
242;20210617;190022.128;2021-06-17 19:00:22.128;64.62383;-17.46115;1.046;0.51;0.75
243;20210617;190352.265;2021-06-17 19:03:52.265;64.64419;-17.48208;2.252;0.02;0.04
247;20210617;193831.621;2021-06-17 19:38:31.621;64.66635;-17.52434;3.006;1.13;0.89
265;20210617;231517.074;2021-06-17 23:15:17.074;64.66763;-17.52326;2.851;0.5700000000000001;-0.02
267;20210617;232233.120;2021-06-17 23:22:33.120;64.67058;-17.52945;2.04;0.37;0.4
268;20210617;232357.240;2021-06-17 23:23:57.240;64.62035;-17.48295;3.722;0.42;-0.2
270;20210618;003456.746;2021-06-18 00:34:56.746;64.67886;-17.46345;2.266;-0.03;-0.02
299;20210618;031707.774;2021-06-18 03:17:07.774;64.61825;-17.48514;1.984;0.84;0.11
301;20210618;034203.529;2021-06-18 03:42:03.529;64.65291;-17.425910000000002;3.336;0.18;0.12
333;20210618;152901.442;2021-06-18 15:29:01.442;64.65801;-17.50846;15.963;-0.23;0.31
336;20210618;162808.924;2021-06-18 16:28:08.924;64.6213;-17.4841;2.326;0.67;-0.11
347;20210618;205707.049;2021-06-18 20:57:07.049;64.64868;-17.47499;2.5620000000000003;0.2;-1.04
383;20210619;062157.053;2021-06-19 06:21:57.053;64.6221;-17.47879;2.505;0.32;-0.02
385;20210619;081924.363;2021-06-19 08:19:24.363;64.67292;-17.50194;0.135;0.66;0.4
390;20210619;092733.788;2021-06-19 09:27:33.788;64.66536;-17.4942;4.503;1.0;1.04
393;20210619;105925.800;2021-06-19 10:59:25.800;64.61352;-17.49878;3.059;0.19;-0.2
410;20210619;182539.826;2021-06-19 18:25:39.826;64.61479;-17.52897;1.236;0.05;-0.53
453;20210620;044635.992;2021-06-20 04:46:35.992;64.62946;-17.51763;4.183;0.16;-0.36
454;20210620;050532.812;2021-06-20 05:05:32.812;64.62554;-17.51179;2.713;-0.09;-0.78
460;20210620;063733.165;2021-06-20 06:37:33.165;64.65295;-17.37853;4.641;0.86;0.8300000000000001
467;20210620;093309.419;2021-06-20 09:33:09.419;64.62988;-17.4224;0.177;0.01;-0.04
480;20210620;175111.099;2021-06-20 17:51:11.099;64.62154;-17.48206;2.754;0.97;0.2
38;20210621;101725.111;2021-06-21 10:17:25.111;64.67842;-17.4695;2.551;0.56;0.31
58;20210622;035200.459;2021-06-22 03:52:00.459;64.61345;-17.50749;2.357;1.34;0.97
69;20210622;112828.415;2021-06-22 11:28:28.415;64.67843;-17.52633;1.689;1.07;0.84
70;20210622;113620.561;2021-06-22 11:36:20.561;64.629;-17.49049;1.556;0.34;0.6000000000000001
82;20210622;192908.737;2021-06-22 19:29:08.737;64.6268;-17.36794;0.135;0.79;0.8
86;20210622;205339.529;2021-06-22 20:53:39.529;64.64994;-17.40623;4.338;0.51;0.12
120;20210623;085528.598;2021-06-23 08:55:28.598;64.61275;-17.49364;0.7030000000000001;0.12;0.02
145;20210623;174024.126;2021-06-23 17:40:24.126;64.61808;-17.4933;1.936;0.13;-0.45
146;20210623;174224.707;2021-06-23 17:42:24.707;64.5981;-17.37416;0.135;-0.17;-0.51
171;20210624;012651.367;2021-06-24 01:26:51.367;64.63535;-17.4514;1.3900000000000001;-0.4;-0.43
184;20210624;074026.188;2021-06-24 07:40:26.188;64.61546;-17.46456;0.135;2.01;1.35
190;20210624;103026.717;2021-06-24 10:30:26.717;64.62213;-17.4696;5.469;-0.05;-0.45
194;20210624;154929.462;2021-06-24 15:49:29.462;64.61701;-17.47484;1.536;1.54;1.1400000000000001
253;20210625;133155.630;2021-06-25 13:31:55.630;64.61566;-17.509;2.446;1.9100000000000001;1.65
254;20210625;133335.626;2021-06-25 13:33:35.626;64.61179;-17.52445;0.135;0.8200000000000001;0.52
255;20210625;140310.814;2021-06-25 14:03:10.814;64.611;-17.50143;2.013;2.62;2.3
257;20210625;141955.270;2021-06-25 14:19:55.270;64.61809;-17.51772;1.671;1.03;0.68
259;20210625;150702.355;2021-06-25 15:07:02.355;64.60835;-17.50543;0.419;1.48;1.16
261;20210625;152211.235;2021-06-25 15:22:11.235;64.61189;-17.50516;1.214;1.29;1.65
265;20210625;155445.200;2021-06-25 15:54:45.200;64.61025;-17.48513;0.676;1.8599999999999999;1.4
266;20210625;160340.964;2021-06-25 16:03:40.964;64.61152;-17.49603;1.828;2.1;1.62
277;20210625;185735.537;2021-06-25 18:57:35.537;64.613;-17.48605;0.135;1.0;0.78
327;20210626;213509.727;2021-06-26 21:35:09.727;64.63204;-17.42727;7.388;0.33;-0.29
411;20210627;191016.717;2021-06-27 19:10:16.717;64.62777;-17.36141;0.135;0.65;0.36
414;20210627;200934.190;2021-06-27 20:09:34.190;64.67187;-17.53191;2.774;1.09;1.03
415;20210627;200958.529;2021-06-27 20:09:58.529;64.67321;-17.53085;2.297;0.8200000000000001;0.79
422;20210627;232325.196;2021-06-27 23:23:25.196;64.61876;-17.40135;0.871;1.02;0.85
16;20210628;035841.438;2021-06-28 03:58:41.438;64.62691;-17.51083;1.438;0.34;0.42
35;20210628;075012.654;2021-06-28 07:50:12.654;64.62114;-17.41863;0.135;0.77;0.35000000000000003
219;20210630;203557.091;2021-06-30 20:35:57.091;64.66976;-17.44014;3.355;3.23;2.79
221;20210630;204408.256;2021-06-30 20:44:08.256;64.6707;-17.58974;6.14;0.81;0.24
222;20210630;204502.505;2021-06-30 20:45:02.505;64.66552;-17.45775;2.677;1.9300000000000002;1.35
223;20210630;204556.200;2021-06-30 20:45:56.200;64.66846;-17.46007;2.141;1.1;1.3
224;20210630;205501.515;2021-06-30 20:55:01.515;64.66691;-17.47337;3.047;1.55;1.22
227;20210630;225500.417;2021-06-30 22:55:00.417;64.67892;-17.48621;2.936;0.98;0.58
231;20210701;021430.989;2021-07-01 02:14:30.989;64.62415;-17.38019;2.461;2.16;1.7000000000000002
260;20210701;205158.599;2021-07-01 20:51:58.599;64.65167;-17.36545;0.28800000000000003;1.1;0.97
288;20210702;102656.569;2021-07-02 10:26:56.569;64.67634;-17.52205;1.643;0.35000000000000003;0.37
307;20210702;183821.617;2021-07-02 18:38:21.617;64.65524;-17.49637;0.043000000000000003;0.87;0.52
308;20210702;192709.281;2021-07-02 19:27:09.281;64.67714;-17.52151;2.592;1.01;0.09
310;20210702;201427.790;2021-07-02 20:14:27.790;64.65008;-17.56518;0.044;0.12;0.47000000000000003
316;20210703;003113.916;2021-07-03 00:31:13.916;64.66763;-17.3888;6.175;0.64;-0.32
327;20210703;034624.076;2021-07-03 03:46:24.076;64.62169;-17.45251;0.052000000000000005;0.48;-0.09
330;20210703;064022.918;2021-07-03 06:40:22.918;64.64614;-17.42517;0.039;0.85;-0.72
332;20210703;081247.187;2021-07-03 08:12:47.187;64.61723;-17.49799;1.978;0.54;-0.18
336;20210703;092347.337;2021-07-03 09:23:47.337;64.61696;-17.47534;0.064;0.18;-0.23
342;20210703;122820.503;2021-07-03 12:28:20.503;64.62049;-17.39977;0.038;1.1400000000000001;0.93
357;20210703;213112.687;2021-07-03 21:31:12.687;64.67858;-17.52849;2.246;0.7000000000000001;0.67
362;20210704;011100.599;2021-07-04 01:11:00.599;64.66012;-17.51596;2.746;2.93;2.5300000000000002
363;20210704;011327.301;2021-07-04 01:13:27.301;64.64569;-17.49697;0.657;-0.34;-0.16
367;20210704;021635.560;2021-07-04 02:16:35.560;64.66193;-17.47584;4.9;-0.33;-1.23
369;20210704;023002.986;2021-07-04 02:30:02.986;64.66362;-17.523130000000002;2.822;0.48;1.03
378;20210704;074249.081;2021-07-04 07:42:49.081;64.63491;-17.45329;7.526;0.19;-0.23
381;20210704;083309.890;2021-07-04 08:33:09.890;64.6188;-17.47168;0.135;0.42;-0.2
387;20210704;101634.404;2021-07-04 10:16:34.404;64.66994;-17.53341;2.015;-0.03;-0.54
393;20210704;112318.080;2021-07-04 11:23:18.080;64.62419;-17.44527;1.349;0.5700000000000001;0.7000000000000001
401;20210704;142522.989;2021-07-04 14:25:22.989;64.66088;-17.38514;0.457;0.08;-0.2
76;20210707;030802.285;2021-07-07 03:08:02.285;64.61288;-17.478650000000002;1.151;0.98;0.8
84;20210707;064255.464;2021-07-07 06:42:55.464;64.62428;-17.49982;1.816;-0.15;-0.52
85;20210707;064255.498;2021-07-07 06:42:55.498;64.62588;-17.50179;1.956;0.2;-0.54
89;20210707;090312.148;2021-07-07 09:03:12.148;64.62061;-17.40297;0.656;1.55;1.04
202;20210709;071410.292;2021-07-09 07:14:10.292;64.63107;-17.37831;0.135;0.27;0.17
209;20210709;140055.701;2021-07-09 14:00:55.701;64.63831;-17.3756;5.352;1.1;0.89
248;20210710;054535.265;2021-07-10 05:45:35.265;64.60996;-17.51768;5.343;0.41000000000000003;0.18
249;20210710;060852.887;2021-07-10 06:08:52.887;64.61645;-17.45385;23.064;1.07;1.4100000000000001
250;20210710;062024.583;2021-07-10 06:20:24.583;64.59189;-17.38972;2.709;0.59;0.24
264;20210710;095817.088;2021-07-10 09:58:17.088;64.63074;-17.54724;4.105;0.67;0.01
265;20210710;095913.177;2021-07-10 09:59:13.177;64.62232;-17.54765;3.181;1.16;1.19
273;20210710;115143.685;2021-07-10 11:51:43.685;64.62859;-17.43866;6.589;0.30000000000000004;-0.26
378;20210711;181457.588;2021-07-11 18:14:57.588;64.61884;-17.40092;0.135;0.38;-0.02
384;20210711;195659.750;2021-07-11 19:56:59.750;64.63911;-17.54802;2.013;1.15;0.9400000000000001
391;20210711;231636.728;2021-07-11 23:16:36.728;64.60822;-17.49348;1.067;1.2;1.01
8;20210712;025753.130;2021-07-12 02:57:53.130;64.61908;-17.38285;0.135;0.27;-0.24
66;20210714;031612.844;2021-07-14 03:16:12.844;64.62333;-17.49665;24.829;0.54;1.09
67;20210714;041109.181;2021-07-14 04:11:09.181;64.66142;-17.38371;0.135;0.63;0.88
79;20210714;132537.154;2021-07-14 13:25:37.154;64.64626;-17.42015;6.621;1.94;1.34
95;20210715;050802.877;2021-07-15 05:08:02.877;64.63146;-17.38012;4.734;1.9300000000000002;1.4
96;20210715;050909.072;2021-07-15 05:09:09.072;64.63189;-17.36505;0.135;0.9500000000000001;0.6000000000000001
115;20210715;230138.449;2021-07-15 23:01:38.449;64.66337;-17.51819;3.537;1.77;1.81
196;20210717;180253.346;2021-07-17 18:02:53.346;64.59005;-17.51239;0.135;1.32;1.07
241;20210718;152827.382;2021-07-18 15:28:27.382;64.62793;-17.48899;2.856;0.78;0.76
243;20210718;155405.049;2021-07-18 15:54:05.049;64.62859;-17.47128;3.081;1.28;1.07
29;20210719;135936.841;2021-07-19 13:59:36.841;64.61491;-17.48485;0.135;0.56;0.42
52;20210719;183417.504;2021-07-19 18:34:17.504;64.62666;-17.53255;0.135;0.53;0.31
82;20210720;093206.470;2021-07-20 09:32:06.470;64.66369;-17.45784;2.811;0.76;0.87
85;20210720;101648.650;2021-07-20 10:16:48.650;64.64057;-17.45726;0.665;0.71;0.7000000000000001
94;20210720;154627.769;2021-07-20 15:46:27.769;64.59921;-17.55551;14.839;0.63;0.19
152;20210722;092103.729;2021-07-22 09:21:03.729;64.62092;-17.40799;0.135;0.9400000000000001;0.75
183;20210723;030115.003;2021-07-23 03:01:15.003;64.62332;-17.47882;2.502;1.6600000000000001;1.37
252;20210723;181952.900;2021-07-23 18:19:52.900;64.6553;-17.51845;3.335;1.88;1.37
262;20210723;222620.021;2021-07-23 22:26:20.021;64.65627;-17.52357;3.17;1.76;1.21
17;20210726;092608.063;2021-07-26 09:26:08.063;64.64567;-17.50855;2.289;0.75;0.2
51;20210727;003926.209;2021-07-27 00:39:26.209;64.68529;-17.40927;0.135;-0.54;-0.79
78;20210727;190210.911;2021-07-27 19:02:10.911;64.6077;-17.49964;0.135;3.94;3.47
79;20210727;190552.470;2021-07-27 19:05:52.470;64.62344;-17.41855;1.157;2.22;1.6
80;20210727;190637.942;2021-07-27 19:06:37.942;64.62015;-17.43868;0.5730000000000001;1.62;1.32
81;20210727;191510.727;2021-07-27 19:15:10.727;64.62211;-17.4262;4.089;2.8200000000000003;2.31
82;20210727;193646.820;2021-07-27 19:36:46.820;64.62434;-17.41922;0.855;0.72;0.66
83;20210727;220847.420;2021-07-27 22:08:47.420;64.63103;-17.35784;0.203;0.41000000000000003;0.56
84;20210727;221210.313;2021-07-27 22:12:10.313;64.6206;-17.35751;1.501;4.55;3.98
89;20210727;234757.139;2021-07-27 23:47:57.139;64.66866;-17.4639;5.048;2.73;2.27
148;20210729;030506.727;2021-07-29 03:05:06.727;64.68291;-17.43464;0.504;-0.26;-0.46
207;20210729;233033.169;2021-07-29 23:30:33.169;64.63496;-17.45745;19.84;0.49;1.12
220;20210730;034158.202;2021-07-30 03:41:58.202;64.6376;-17.52543;2.121;0.03;-0.78
224;20210730;070946.773;2021-07-30 07:09:46.773;64.66684;-17.46238;2.818;1.87;1.16
334;20210807;042757.715;2021-08-07 04:27:57.715;64.6264;-17.45305;0.135;-0.15;0.28
10;20210816;071010.753;2021-08-16 07:10:10.753;64.59834;-17.56958;1.605;0.27;0.54
131;20210817;104144.188;2021-08-17 10:41:44.188;64.63452;-17.59028;3.558;0.14;-0.27
127;20210826;184206.028;2021-08-26 18:42:06.028;64.67183;-17.44094;0.058;0.46;0.17
152;20210827;044703.571;2021-08-27 04:47:03.571;64.68291;-17.4542;2.021;1.9500000000000002;1.29
160;20210827;121443.730;2021-08-27 12:14:43.730;64.64928;-17.39635;7.718;0.7000000000000001;1.26
84;20210831;090353.159;2021-08-31 09:03:53.159;64.62106;-17.48202;2.774;1.49;1.03
135;20210901;170411.607;2021-09-01 17:04:11.607;64.65241;-17.42298;5.32;1.83;1.19
333;20210905;205114.480;2021-09-05 20:51:14.480;64.62177;-17.4783;3.523;1.77;1.46
408;20210911;204204.899;2021-09-11 20:42:04.899;64.61825;-17.45696;2.482;1.81;1.18
417;20210912;020452.908;2021-09-12 02:04:52.908;64.58665;-17.35007;13.496;0.26;0.66
125;20210914;232322.151;2021-09-14 23:23:22.151;64.68074;-17.47517;2.6109999999999998;1.56;1.1
195;20210916;023051.266;2021-09-16 02:30:51.266;64.62977;-17.37323;0.135;1.11;1.2
196;20210916;023837.944;2021-09-16 02:38:37.944;64.63828;-17.34802;0.135;1.02;0.68
288;20210918;031642.967;2021-09-18 03:16:42.967;64.62242;-17.4628;2.447;1.77;1.19
15;20210920;040319.812;2021-09-20 04:03:19.812;64.63229;-17.41755;0.135;1.01;0.78
86;20210923;000347.012;2021-09-23 00:03:47.012;64.64558;-17.39258;0.034;1.0;0.73
112;20210923;224233.917;2021-09-23 22:42:33.917;64.67779;-17.55563;1.5270000000000001;0.89;0.79
117;20210924;015336.159;2021-09-24 01:53:36.159;64.62685;-17.41102;7.736;2.14;1.6099999999999999
124;20210924;055947.493;2021-09-24 05:59:47.493;64.61548;-17.51945;3.832;0.9;0.49
185;20210925;171822.117;2021-09-25 17:18:22.117;64.63675;-17.45152;0.135;1.13;1.0
190;20210925;223026.305;2021-09-25 22:30:26.305;64.61445;-17.44835;0.042;1.81;1.15
203;20210926;064458.006;2021-09-26 06:44:58.006;64.61332;-17.48247;2.099;1.82;1.53
214;20210926;120808.294;2021-09-26 12:08:08.294;64.62164;-17.47772;0.135;1.22;0.53
112;20211005;072347.666;2021-10-05 07:23:47.666;64.62308;-17.49432;0.135;0.64;0.43
147;20211005;134713.855;2021-10-05 13:47:13.855;64.67199;-17.48521;1.498;0.81;0.98
486;20211009;032139.698;2021-10-09 03:21:39.698;64.61314;-17.45682;0.135;1.42;1.24
537;20211009;105234.101;2021-10-09 10:52:34.101;64.61897;-17.50382;3.575;0.71;0.16
310;20211013;173516.904;2021-10-13 17:35:16.904;64.61572;-17.50341;3.844;1.83;1.24
1;20211018;020438.267;2021-10-18 02:04:38.267;64.68163;-17.40432;0.135;1.26;1.25
2;20211018;025400.863;2021-10-18 02:54:00.863;64.60771;-17.43897;15.59;1.94;1.73
250;20211021;091737.037;2021-10-21 09:17:37.037;64.60539;-17.51466;0.14400000000000002;0.86;1.08
395;20211022;174533.279;2021-10-22 17:45:33.279;64.64256;-17.39141;1.042;1.15;0.85
529;20211024;091222.991;2021-10-24 09:12:22.991;64.63814;-17.42034;3.676;0.87;0.63
533;20211024;095020.955;2021-10-24 09:50:20.955;64.63432;-17.46396;6.135;0.91;-0.06
549;20211024;150343.146;2021-10-24 15:03:43.146;64.62991;-17.56091;0.135;0.22;0.5700000000000001
580;20211024;225122.136;2021-10-24 22:51:22.136;64.63119;-17.50454;7.268;0.45;0.19
40;20211025;063240.830;2021-10-25 06:32:40.830;64.62298;-17.43993;0.727;0.39;0.09
44;20211025;070603.167;2021-10-25 07:06:03.167;64.61702;-17.48236;2.05;1.49;0.91
106;20211025;203729.347;2021-10-25 20:37:29.347;64.61935;-17.50459;2.6790000000000003;0.37;-0.48
133;20211026;015554.661;2021-10-26 01:55:54.661;64.65582;-17.58761;6.314;0.78;0.7000000000000001
287;20211028;024918.748;2021-10-28 02:49:18.748;64.62741;-17.50539;8.449;1.49;1.17
420;20211028;234139.925;2021-10-28 23:41:39.925;64.61285;-17.47234;0.135;0.5;-0.04
568;20211030;075820.480;2021-10-30 07:58:20.480;64.61421;-17.50335;2.373;0.46;0.5
637;20211031;031606.863;2021-10-31 03:16:06.863;64.61736;-17.56303;0.135;-0.23;-0.48
676;20211031;204535.251;2021-10-31 20:45:35.251;64.6185;-17.49309;0.135;0.6000000000000001;0.66
1;20211101;002312.117;2021-11-01 00:23:12.117;64.61883;-17.46834;2.032;0.92;0.19
10;20211101;034420.637;2021-11-01 03:44:20.637;64.61813;-17.48087;1.184;0.7000000000000001;0.25
11;20211101;040519.283;2021-11-01 04:05:19.283;64.60948;-17.48742;0.787;0.14;-0.41000000000000003
13;20211101;041538.231;2021-11-01 04:15:38.231;64.6278;-17.46273;0.135;0.11;-0.46
14;20211101;043722.217;2021-11-01 04:37:22.217;64.62308;-17.47182;0.47000000000000003;-0.08;-0.71
22;20211101;062406.200;2021-11-01 06:24:06.200;64.61622;-17.44234;1.225;0.9;1.11
30;20211101;101758.900;2021-11-01 10:17:58.900;64.6693;-17.45403;2.305;2.04;1.21
35;20211101;120058.490;2021-11-01 12:00:58.490;64.64801;-17.53521;2.075;0.77;-0.14
38;20211101;135212.339;2021-11-01 13:52:12.339;64.61282;-17.49804;0.606;0.7000000000000001;0.42
63;20211102;004842.504;2021-11-02 00:48:42.504;64.6254;-17.42049;1.658;1.01;0.72
103;20211102;170041.031;2021-11-02 17:00:41.031;64.63707;-17.50358;1.153;0.81;0.22
107;20211102;205913.430;2021-11-02 20:59:13.430;64.63464;-17.3658;0.042;0.55;0.6000000000000001
108;20211102;210154.550;2021-11-02 21:01:54.550;64.63573;-17.36599;0.042;-0.28;-0.49
109;20211102;210241.187;2021-11-02 21:02:41.187;64.63576;-17.35752;0.529;2.06;1.5899999999999999
145;20211103;063608.825;2021-11-03 06:36:08.825;64.61721;-17.49909;4.702;2.76;2.52
146;20211103;064625.167;2021-11-03 06:46:25.167;64.60759;-17.51325;0.039;-0.19;-0.72
148;20211103;065320.675;2021-11-03 06:53:20.675;64.61511;-17.50074;4.491;2.21;1.43
149;20211103;071710.654;2021-11-03 07:17:10.654;64.61116;-17.5108;1.475;0.52;-0.24
150;20211103;072003.754;2021-11-03 07:20:03.754;64.62523;-17.4714;4.161;0.96;0.79
153;20211103;073258.193;2021-11-03 07:32:58.193;64.62525;-17.52601;2.824;1.19;-0.14
154;20211103;073630.218;2021-11-03 07:36:30.218;64.62021;-17.53988;6.907;0.38;-0.62
160;20211103;092955.159;2021-11-03 09:29:55.159;64.62779;-17.48227;3.826;0.12;-0.71
202;20211104;002022.908;2021-11-04 00:20:22.908;64.618;-17.53344;1.262;1.21;0.6000000000000001
228;20211104;140545.472;2021-11-04 14:05:45.472;64.61517;-17.46527;4.7379999999999995;0.97;0.32
268;20211105;052017.932;2021-11-05 05:20:17.932;64.66792;-17.51942;3.721;2.07;1.5
328;20211105;154958.133;2021-11-05 15:49:58.133;64.64106;-17.55405;4.175;0.12;-0.26
386;20211105;221341.094;2021-11-05 22:13:41.094;64.65309;-17.42671;5.017;0.0;-0.46
389;20211105;230843.625;2021-11-05 23:08:43.625;64.62564;-17.46479;3.271;0.03;-0.76
390;20211105;231825.410;2021-11-05 23:18:25.410;64.61702;-17.48581;1.147;0.52;0.71
401;20211106;021705.788;2021-11-06 02:17:05.788;64.62807;-17.53529;0.135;0.01;-0.36
416;20211106;063529.749;2021-11-06 06:35:29.749;64.66767;-17.46617;5.516;0.53;0.06
417;20211106;072059.977;2021-11-06 07:20:59.977;64.6678;-17.45458;1.342;3.96;3.16
418;20211106;072348.074;2021-11-06 07:23:48.074;64.622;-17.44779;0.632;0.38;0.36
421;20211106;084316.229;2021-11-06 08:43:16.229;64.67507;-17.55573;11.985;0.78;-0.22
474;20211107;004134.501;2021-11-07 00:41:34.501;64.64015;-17.50135;1.097;0.09;-0.07
475;20211107;023527.727;2021-11-07 02:35:27.727;64.6269;-17.47296;3.681;0.48;-0.59
486;20211107;064614.707;2021-11-07 06:46:14.707;64.6365;-17.51447;2.378;0.11;0.24
498;20211107;085553.524;2021-11-07 08:55:53.524;64.65831;-17.5284;2.16;1.0;0.46
7;20211108;155600.485;2021-11-08 15:56:00.485;64.66477;-17.54082;0.135;0.77;0.5
17;20211109;051004.156;2021-11-09 05:10:04.156;64.61929;-17.37599;0.05;0.86;0.85
165;20211111;015744.566;2021-11-11 01:57:44.566;64.66859;-17.52607;2.766;0.84;0.67
556;20211112;103234.046;2021-11-12 10:32:34.046;64.61991;-17.55278;0.221;0.65;0.12
589;20211112;151641.050;2021-11-12 15:16:41.050;64.62181;-17.43213;4.246;3.26;2.76
591;20211112;152600.807;2021-11-12 15:26:00.807;64.6237;-17.45569;4.041;2.83;2.19
592;20211112;152737.096;2021-11-12 15:27:37.096;64.63109;-17.42364;2.934;0.89;0.97
594;20211112;153517.757;2021-11-12 15:35:17.757;64.62091;-17.389780000000002;1.133;3.59;2.8
597;20211112;155720.607;2021-11-12 15:57:20.607;64.62009;-17.43081;2.306;1.56;1.27
599;20211112;160024.907;2021-11-12 16:00:24.907;64.62624;-17.46344;2.981;0.51;-0.01
605;20211112;164700.178;2021-11-12 16:47:00.178;64.61367;-17.46761;0.135;0.92;0.79
645;20211113;005608.215;2021-11-13 00:56:08.215;64.63576;-17.43595;8.723;1.58;0.9400000000000001
740;20211114;173312.507;2021-11-14 17:33:12.507;64.61713;-17.50964;3.34;1.1400000000000001;0.92
80;20211116;084131.080;2021-11-16 08:41:31.080;64.6353;-17.51173;1.292;0.35000000000000003;-0.01
104;20211116;145713.600;2021-11-16 14:57:13.600;64.61672;-17.49034;1.77;0.79;0.59
153;20211117;052250.604;2021-11-17 05:22:50.604;64.61246;-17.46273;1.6280000000000001;1.1400000000000001;0.87
501;20211119;105900.126;2021-11-19 10:59:00.126;64.60699;-17.48996;1.213;0.99;0.74
971;20211121;161227.373;2021-11-21 16:12:27.373;64.61285;-17.50095;2.027;1.53;1.02
30;20211122;122449.851;2021-11-22 12:24:49.851;64.6608;-17.50994;2.253;0.92;0.8300000000000001
47;20211122;233813.657;2021-11-22 23:38:13.657;64.62592;-17.46283;1.143;1.29;1.17
124;20211123;172551.466;2021-11-23 17:25:51.466;64.61439;-17.50084;7.955;1.77;0.9500000000000001
129;20211123;194843.991;2021-11-23 19:48:43.991;64.61314;-17.50089;3.9;0.7000000000000001;0.28
273;20211127;010005.911;2021-11-27 01:00:05.911;64.61676;-17.5147;2.886;1.46;0.85
274;20211127;010647.785;2021-11-27 01:06:47.785;64.63014;-17.39699;7.241;0.43;0.47000000000000003
294;20211127;034230.548;2021-11-27 03:42:30.548;64.68504;-17.54269;4.983;0.77;0.9400000000000001
352;20211127;141107.637;2021-11-27 14:11:07.637;64.6261;-17.38524;6.158;1.82;1.17
392;20211128;045117.193;2021-11-28 04:51:17.193;64.63866;-17.39493;0.384;0.72;0.68
415;20211128;103922.321;2021-11-28 10:39:22.321;64.59322;-17.52166;0.135;0.65;1.2
78;20211130;103946.978;2021-11-30 10:39:46.978;64.63343;-17.37278;0.135;0.92;0.78
80;20211130;104201.957;2021-11-30 10:42:01.957;64.63406;-17.36938;1.164;1.24;1.1
104;20211201;005735.777;2021-12-01 00:57:35.777;64.62032;-17.48454;5.101;0.8200000000000001;0.4
198;20211201;151719.934;2021-12-01 15:17:19.934;64.62431;-17.52672;9.065;1.5899999999999999;1.0
200;20211201;160513.192;2021-12-01 16:05:13.192;64.62575;-17.50529;9.207;2.12;1.4
246;20211202;120503.044;2021-12-02 12:05:03.044;64.61404;-17.48868;5.199;1.8;1.15
253;20211202;170541.815;2021-12-02 17:05:41.815;64.6246;-17.46178;11.573;1.22;0.64
305;20211203;204546.182;2021-12-03 20:45:46.182;64.67056;-17.52518;1.666;0.92;0.88
318;20211204;015013.064;2021-12-04 01:50:13.064;64.6265;-17.46125;8.351;0.56;0.29
365;20211204;183845.297;2021-12-04 18:38:45.297;64.61562;-17.52499;12.92;0.47000000000000003;0.09
367;20211204;185025.180;2021-12-04 18:50:25.180;64.61981;-17.49734;11.99;0.39;-0.09
370;20211204;193807.388;2021-12-04 19:38:07.388;64.62469;-17.48912;14.301;0.22;-0.4
371;20211204;194216.523;2021-12-04 19:42:16.523;64.6219;-17.46339;5.007;1.8599999999999999;1.06
373;20211204;202545.653;2021-12-04 20:25:45.653;64.62756;-17.46267;11.029;1.01;0.72
12;20211206;062105.235;2021-12-06 06:21:05.235;64.6534;-17.53312;7.24;0.93;0.6000000000000001
30;20211206;114805.363;2021-12-06 11:48:05.363;64.6293;-17.50735;5.235;0.30000000000000004;0.0
32;20211206;122449.590;2021-12-06 12:24:49.590;64.65546;-17.53189;6.758;2.77;2.21
33;20211206;124241.574;2021-12-06 12:42:41.574;64.65572;-17.56261;10.584;1.16;0.97
41;20211206;150920.874;2021-12-06 15:09:20.874;64.59829;-17.47582;12.026;0.73;0.56
51;20211206;183530.441;2021-12-06 18:35:30.441;64.62331;-17.41037;0.135;1.07;0.49
65;20211207;023627.680;2021-12-07 02:36:27.680;64.61465;-17.40503;0.037;0.74;0.35000000000000003
71;20211207;045118.620;2021-12-07 04:51:18.620;64.67246;-17.48439;3.112;0.81;0.6000000000000001
102;20211207;181247.237;2021-12-07 18:12:47.237;64.61618;-17.33185;2.81;0.47000000000000003;0.5700000000000001
109;20211207;190028.123;2021-12-07 19:00:28.123;64.61355;-17.4296;10.972;0.30000000000000004;0.23
120;20211207;231803.997;2021-12-07 23:18:03.997;64.62038;-17.4232;1.7109999999999999;0.47000000000000003;-0.09
173;20211208;115223.163;2021-12-08 11:52:23.163;64.61974;-17.39798;0.47500000000000003;1.6800000000000002;1.2
224;20211208;210826.093;2021-12-08 21:08:26.093;64.62657;-17.37053;3.508;0.8200000000000001;1.09
226;20211208;211932.520;2021-12-08 21:19:32.520;64.63114;-17.38935;2.778;0.68;0.91
242;20211209;033227.774;2021-12-09 03:32:27.774;64.6218;-17.38565;0.214;0.63;0.78
281;20211209;212556.215;2021-12-09 21:25:56.215;64.62562;-17.42751;3.784;0.8300000000000001;0.66
364;20211212;095521.784;2021-12-12 09:55:21.784;64.62035;-17.43535;1.949;0.8300000000000001;0.22
368;20211212;131244.147;2021-12-12 13:12:44.147;64.61646;-17.48742;3.6950000000000003;2.16;1.63
369;20211212;131837.867;2021-12-12 13:18:37.867;64.65323;-17.59665;11.624;0.84;0.0
370;20211212;131900.376;2021-12-12 13:19:00.376;64.62421;-17.50066;3.537;1.12;0.9400000000000001
373;20211212;140735.062;2021-12-12 14:07:35.062;64.62319;-17.47894;1.343;0.39;0.21
66;20211214;081112.722;2021-12-14 08:11:12.722;64.65839;-17.49659;1.27;1.94;1.49
74;20211214;121634.846;2021-12-14 12:16:34.846;64.6454;-17.40894;3.329;0.46;0.13
77;20211214;125301.368;2021-12-14 12:53:01.368;64.61264;-17.50456;1.469;0.66;0.48
96;20211214;182920.050;2021-12-14 18:29:20.050;64.66743;-17.37929;1.8639999999999999;0.33;0.62
102;20211214;222257.256;2021-12-14 22:22:57.256;64.62295;-17.3943;3.27;1.72;1.4100000000000001
165;20211216;043909.275;2021-12-16 04:39:09.275;64.61507;-17.45443;0.9500000000000001;0.41000000000000003;0.31
200;20211217;014656.894;2021-12-17 01:46:56.894;64.62191;-17.40911;1.064;0.8200000000000001;0.7000000000000001
224;20211217;140902.073;2021-12-17 14:09:02.073;64.61167;-17.51441;0.135;0.64;0.85
304;20211218;171107.245;2021-12-18 17:11:07.245;64.67815;-17.5308;1.553;0.7000000000000001;0.7000000000000001
312;20211218;191656.229;2021-12-18 19:16:56.229;64.63026;-17.42765;0.135;0.85;0.9400000000000001
313;20211218;191659.168;2021-12-18 19:16:59.168;64.63537;-17.44415;7.202;1.47;1.01
316;20211218;212501.552;2021-12-18 21:25:01.552;64.63278;-17.41355;0.135;0.61;0.42
320;20211218;224830.859;2021-12-18 22:48:30.859;64.66216;-17.41125;0.6970000000000001;1.1400000000000001;0.68
374;20211219;195233.574;2021-12-19 19:52:33.574;64.62785;-17.3788;9.041;0.97;1.13
375;20211219;195532.893;2021-12-19 19:55:32.893;64.62579;-17.35434;3.436;1.53;1.23
376;20211219;195611.227;2021-12-19 19:56:11.227;64.6273;-17.37047;2.248;0.84;0.73
377;20211219;203231.107;2021-12-19 20:32:31.107;64.63102;-17.36295;2.501;0.72;0.76
2;20211220;012459.405;2021-12-20 01:24:59.405;64.63743;-17.35766;3.466;0.28;0.05
8;20211220;021322.659;2021-12-20 02:13:22.659;64.61059;-17.48984;1.866;1.33;1.12
19;20211220;033937.960;2021-12-20 03:39:37.960;64.64709;-17.39674;18.584;0.37;0.01
33;20211220;075549.567;2021-12-20 07:55:49.567;64.62203;-17.47551;2.435;1.4;0.91
50;20211220;110632.740;2021-12-20 11:06:32.740;64.6615;-17.55975;15.105;0.55;-0.1
76;20211220;131222.246;2021-12-20 13:12:22.246;64.61583;-17.45771;0.135;2.1;1.78
105;20211220;191405.037;2021-12-20 19:14:05.037;64.62508;-17.43999;0.579;0.4;0.2
188;20211221;132137.957;2021-12-21 13:21:37.957;64.62204;-17.42696;11.349;2.29;1.8900000000000001
266;20211222;061108.092;2021-12-22 06:11:08.092;64.66404;-17.50639;6.798;0.97;1.15
520;20211223;205639.824;2021-12-23 20:56:39.824;64.6133;-17.49545;6.64;1.37;1.12
86;20211227;170602.428;2021-12-27 17:06:02.428;64.63906;-17.41343;9.728;1.6;1.23
119;20211228;220134.563;2021-12-28 22:01:34.563;64.61915;-17.40908;2.18;1.85;1.96
207;20211229;133320.207;2021-12-29 13:33:20.207;64.61542;-17.48317;2.661;2.01;1.62
212;20211229;144251.087;2021-12-29 14:42:51.087;64.61826;-17.51275;7.572;2.19;1.69
213;20211229;144605.237;2021-12-29 14:46:05.237;64.6303;-17.52814;9.919;2.32;2.04
214;20211229;144627.071;2021-12-29 14:46:27.071;64.63252;-17.48724;3.765;3.61;3.93
216;20211229;145036.074;2021-12-29 14:50:36.074;64.65069;-17.41638;4.58;1.01;1.21
217;20211229;145906.169;2021-12-29 14:59:06.169;64.62552;-17.44092;5.005;1.54;1.3599999999999999
218;20211229;150325.149;2021-12-29 15:03:25.149;64.62303;-17.54975;6.041;1.16;0.88
219;20211229;154018.310;2021-12-29 15:40:18.310;64.67937;-17.42229;1.017;1.72;1.3
561;20220108;213436.524;2022-01-08 21:34:36.524;64.66378;-17.5053;2.841;1.25;1.07
178;20220113;065140.989;2022-01-13 06:51:40.989;64.656;-17.53043;6.136;3.21;2.51
406;20220115;200522.777;2022-01-15 20:05:22.777;64.67445;-17.5115;6.809;1.75;1.31
513;20220116;210006.438;2022-01-16 21:00:06.438;64.6172;-17.52999;0.135;1.51;0.99
50;20220118;001218.483;2022-01-18 00:12:18.483;64.61962;-17.4244;0.779;1.79;1.56
114;20220118;163040.643;2022-01-18 16:30:40.643;64.61964;-17.49259;7.369;2.46;1.9500000000000002
115;20220118;164036.897;2022-01-18 16:40:36.897;64.61885;-17.50635;4.594;2.2;2.04
127;20220118;200458.871;2022-01-18 20:04:58.871;64.63791;-17.52463;12.276;1.63;1.04
170;20220119;074033.480;2022-01-19 07:40:33.480;64.68874;-17.45506;0.135;1.46;1.01
298;20220120;082242.900;2022-01-20 08:22:42.900;64.67085;-17.52445;16.174;1.19;0.99
370;20220121;115801.688;2022-01-21 11:58:01.688;64.65565;-17.51854;3.637;1.28;1.18
89;20220124;201426.474;2022-01-24 20:14:26.474;64.67255;-17.43165;0.135;1.26;0.64
99;20220124;211608.845;2022-01-24 21:16:08.845;64.67096;-17.4291;0.529;1.3599999999999999;0.8200000000000001
161;20220125;144745.476;2022-01-25 14:47:45.476;64.66393;-17.50638;0.251;2.3;2.0
632;20220130;004758.168;2022-01-30 00:47:58.168;64.67128;-17.45037;0.082;1.54;0.97
40;20220131;121236.004;2022-01-31 12:12:36.004;64.61887;-17.39184;8.97;1.26;1.06
44;20220131;140939.278;2022-01-31 14:09:39.278;64.65121;-17.52904;5.89;2.56;1.9500000000000002
53;20220131;162353.488;2022-01-31 16:23:53.488;64.61502;-17.51511;9.995;1.6;1.17
263;20220202;074255.395;2022-02-02 07:42:55.395;64.62313;-17.3773;1.6099999999999999;0.8200000000000001;1.1
288;20220202;130403.462;2022-02-02 13:04:03.462;64.67633000000001;-17.4978;1.865;1.88;1.45
459;20220203;093606.204;2022-02-03 09:36:06.204;64.60932;-17.45784;0.135;0.4;0.92
520;20220204;042006.769;2022-02-04 04:20:06.769;64.63458;-17.44273;10.712;1.5899999999999999;0.9400000000000001
568;20220204;154253.102;2022-02-04 15:42:53.102;64.65405;-17.3914;5.005;0.73;-9.99
612;20220204;224401.757;2022-02-04 22:44:01.757;64.6691;-17.50594;3.313;1.19;1.18
5;20220207;030152.542;2022-02-07 03:01:52.542;64.62854;-17.50464;0.135;1.13;1.02
6;20220207;030339.012;2022-02-07 03:03:39.012;64.63043;-17.50599;0.135;1.03;1.07
144;20220208;065632.478;2022-02-08 06:56:32.478;64.62708;-17.40805;0.135;1.57;1.31
477;20220211;110202.545;2022-02-11 11:02:02.545;64.60551;-17.516280000000002;7.509;1.52;1.09
512;20220211;171742.090;2022-02-11 17:17:42.090;64.63647;-17.52853;13.12;0.93;0.97
683;20220212;152439.107;2022-02-12 15:24:39.107;64.67033;-17.49922;2.47;2.3;1.52
777;20220213;014454.935;2022-02-13 01:44:54.935;64.61513;-17.49902;7.461;2.39;1.71
835;20220213;144154.221;2022-02-13 14:41:54.221;64.63653;-17.51918;2.207;0.05;-0.76
849;20220213;174503.497;2022-02-13 17:45:03.497;64.62388;-17.44067;7.896;0.5;-0.07
851;20220213;184051.119;2022-02-13 18:40:51.119;64.61443;-17.42459;1.6019999999999999;0.54;0.63
862;20220213;220611.632;2022-02-13 22:06:11.632;64.61121;-17.48373;2.124;1.01;0.55
29;20220214;051113.368;2022-02-14 05:11:13.368;64.62491;-17.3767;2.817;0.37;0.61
32;20220214;054652.047;2022-02-14 05:46:52.047;64.65437;-17.51706;3.344;1.97;1.37
33;20220214;055111.816;2022-02-14 05:51:11.816;64.63827;-17.50928;2.247;0.23;-0.43
49;20220214;093131.482;2022-02-14 09:31:31.482;64.61942;-17.48544;0.069;0.37;0.28
84;20220215;015051.685;2022-02-15 01:50:51.685;64.62384;-17.45418;9.304;1.6800000000000002;1.0
132;20220216;033638.929;2022-02-16 03:36:38.929;64.665;-17.53064;6.859;1.3599999999999999;1.04
210;20220217;075925.319;2022-02-17 07:59:25.319;64.67091;-17.47425;4.392;1.81;1.13
218;20220217;100455.614;2022-02-17 10:04:55.614;64.67315;-17.47605;1.546;1.11;0.84
219;20220217;101911.452;2022-02-17 10:19:11.452;64.66978;-17.52527;5.866;1.63;1.2
251;20220217;153236.596;2022-02-17 15:32:36.596;64.6711;-17.41966;0.5;1.83;1.13
22;20220221;140825.390;2022-02-21 14:08:25.390;64.6602;-17.49543;3.079;3.05;2.59
23;20220221;141635.417;2022-02-21 14:16:35.417;64.66694;-17.49916;1.462;1.9300000000000002;1.53
44;20220222;043623.831;2022-02-22 04:36:23.831;64.61717;-17.52887;7.334;2.87;2.32
46;20220222;101118.949;2022-02-22 10:11:18.949;64.68375;-17.46169;7.7219999999999995;4.75;3.9
47;20220222;101435.057;2022-02-22 10:14:35.057;64.6433;-17.40964;3.437;2.3;1.6600000000000001
48;20220222;101646.801;2022-02-22 10:16:46.801;64.6627;-17.50595;12.774000000000001;1.75;1.11
214;20220226;063337.806;2022-02-26 06:33:37.806;64.68082;-17.458;6.69;2.66;1.8900000000000001
62;20220228;235126.892;2022-02-28 23:51:26.892;64.67448;-17.46335;5.436;2.43;1.8599999999999999
227;20220304;020054.932;2022-03-04 02:00:54.932;64.66857;-17.4842;4.529;2.67;2.21
290;20220325;070233.855;2022-03-25 07:02:33.855;64.61942;-17.38459;0.135;4.11;3.27
291;20220325;070439.958;2022-03-25 07:04:39.958;64.63647;-17.42438;0.135;0.55;0.89
293;20220325;072120.052;2022-03-25 07:21:20.052;64.63582;-17.39149;7.879;2.14;1.62
294;20220325;091407.885;2022-03-25 09:14:07.885;64.64123;-17.51348;13.477;0.86;0.66
296;20220325;100818.700;2022-03-25 10:08:18.700;64.62646;-17.38418;0.135;0.92;0.59
302;20220325;150543.624;2022-03-25 15:05:43.624;64.616;-17.53111;7.583;1.67;1.15
303;20220325;150730.814;2022-03-25 15:07:30.814;64.62778;-17.51488;7.388;0.9500000000000001;0.52
304;20220325;151513.735;2022-03-25 15:15:13.735;64.61604;-17.49614;5.377;2.52;1.8599999999999999
314;20220326;020805.334;2022-03-26 02:08:05.334;64.63916;-17.56517;1.1440000000000001;0.28;-0.13
288;20220401;092436.587;2022-04-01 09:24:36.587;64.62307;-17.4735;0.042;0.75;0.72
596;20220403;191414.011;2022-04-03 19:14:14.011;64.67342;-17.45464;3.6;2.39;1.65
225;20220407;055912.730;2022-04-07 05:59:12.730;64.63779;-17.52137;5.936;0.64;0.05
235;20220407;072329.846;2022-04-07 07:23:29.846;64.62127;-17.47116;4.034;1.9100000000000001;1.35
324;20220407;230321.031;2022-04-07 23:03:21.031;64.61376;-17.48467;0.135;1.12;0.81
478;20220409;014738.349;2022-04-09 01:47:38.349;64.62885;-17.47766;2.045;-0.05;-0.65
589;20220410;222632.915;2022-04-10 22:26:32.915;64.61335;-17.50996;1.5;0.35000000000000003;-0.39
11;20220411;020923.148;2022-04-11 02:09:23.148;64.62806;-17.37484;0.135;0.03;0.04
92;20220412;053920.925;2022-04-12 05:39:20.925;64.61703;-17.47934;1.29;0.88;0.56
670;20220414;172839.607;2022-04-14 17:28:39.607;64.62221;-17.51961;7.456;1.07;0.87
698;20220414;225746.494;2022-04-14 22:57:46.494;64.61882;-17.53296;9.692;0.87;0.7000000000000001
722;20220415;033704.171;2022-04-15 03:37:04.171;64.61995;-17.46386;0.135;0.21;-0.02
723;20220415;033838.053;2022-04-15 03:38:38.053;64.62685;-17.46372;0.135;0.33;-0.30000000000000004
724;20220415;034417.172;2022-04-15 03:44:17.172;64.62338;-17.44815;0.135;0.16;-0.22
725;20220415;034600.120;2022-04-15 03:46:00.120;64.62002;-17.46329;0.135;0.1;-0.13
842;20220415;231839.770;2022-04-15 23:18:39.770;64.61495;-17.47257;0.764;1.57;1.11
869;20220416;100839.703;2022-04-16 10:08:39.703;64.62238;-17.43848;0.262;0.88;0.54
886;20220416;182116.396;2022-04-16 18:21:16.396;64.62428;-17.48073;0.135;0.31;-0.27
893;20220416;202909.107;2022-04-16 20:29:09.107;64.61192;-17.50973;0.135;0.75;0.5700000000000001
896;20220416;211459.680;2022-04-16 21:14:59.680;64.6133;-17.49122;3.606;2.33;1.52
914;20220417;045108.656;2022-04-17 04:51:08.656;64.61651;-17.52645;0.135;-0.08;-0.39
915;20220417;045137.240;2022-04-17 04:51:37.240;64.61766;-17.51369;0.135;0.8300000000000001;0.54
950;20220417;094528.087;2022-04-17 09:45:28.087;64.62011;-17.47018;4.08;2.8;2.58
952;20220417;094735.592;2022-04-17 09:47:35.592;64.62848;-17.50264;8.175;1.82;1.33
1016;20220417;131547.287;2022-04-17 13:15:47.287;64.60796;-17.50815;0.135;0.33;0.17
1061;20220417;203423.545;2022-04-17 20:34:23.545;64.62489;-17.46319;0.135;-0.18;-0.5
43;20220418;050712.017;2022-04-18 05:07:12.017;64.61602;-17.48834;2.091;1.02;0.75
46;20220418;053409.447;2022-04-18 05:34:09.447;64.61491;-17.51299;8.838;0.74;0.36
149;20220418;173914.457;2022-04-18 17:39:14.457;64.62321;-17.54891;16.28;0.42;-0.43
206;20220419;024932.285;2022-04-19 02:49:32.285;64.60416;-17.48275;12.231;0.39;-0.29
308;20220419;172026.531;2022-04-19 17:20:26.531;64.62617;-17.51791;0.135;0.4;0.19
310;20220419;172455.756;2022-04-19 17:24:55.756;64.61921;-17.53444;0.135;-0.30000000000000004;-0.48
420;20220421;004323.646;2022-04-21 00:43:23.646;64.62915;-17.36138;3.24;0.61;0.25
469;20220421;100935.388;2022-04-21 10:09:35.388;64.61797;-17.38746;12.083;0.56;0.22
598;20220422;123413.984;2022-04-22 12:34:13.984;64.66535;-17.49978;6.911;2.22;1.6400000000000001
893;20220424;004809.507;2022-04-24 00:48:09.507;64.62621;-17.4767;6.523;0.18;-0.1
57;20220425;133259.343;2022-04-25 13:32:59.343;64.668;-17.47702;0.5720000000000001;0.09;0.49
446;20220429;111049.750;2022-04-29 11:10:49.750;64.61238;-17.46751;4.277;1.8599999999999999;1.11
552;20220430;183325.239;2022-04-30 18:33:25.239;64.61842;-17.5117;7.054;1.35;0.87
597;20220501;045556.988;2022-05-01 04:55:56.988;64.66764;-17.47695;0.135;1.03;1.01
2;20220502;001813.687;2022-05-02 00:18:13.687;64.67606;-17.48924;7.771;0.9;0.88
43;20220502;034615.566;2022-05-02 03:46:15.566;64.67766;-17.51338;9.813;0.63;0.48
44;20220502;035019.835;2022-05-02 03:50:19.835;64.65354;-17.45881;3.153;0.5700000000000001;0.44
72;20220502;075744.895;2022-05-02 07:57:44.895;64.61269;-17.52496;0.135;1.49;0.97
118;20220502;182625.425;2022-05-02 18:26:25.425;64.62016;-17.51837;8.839;0.26;0.03
147;20220503;081344.272;2022-05-03 08:13:44.272;64.61381;-17.50293;1.867;1.72;0.98
159;20220503;121706.766;2022-05-03 12:17:06.766;64.61411;-17.5047;4.383;2.4;1.85
208;20220504;010352.811;2022-05-04 01:03:52.811;64.6256;-17.39073;0.135;0.99;0.81
223;20220504;072501.419;2022-05-04 07:25:01.419;64.63416;-17.37144;4.132;2.19;1.67
248;20220504;141651.848;2022-05-04 14:16:51.848;64.68382;-17.4598;1.871;0.8200000000000001;0.62
469;20220505;143431.888;2022-05-05 14:34:31.888;64.62299;-17.48047;0.135;0.21;0.1
470;20220505;153050.523;2022-05-05 15:30:50.523;64.62197;-17.45265;4.5600000000000005;2.3;1.83
494;20220505;182035.522;2022-05-05 18:20:35.522;64.62883;-17.43701;0.873;0.36;-0.08
520;20220505;231635.470;2022-05-05 23:16:35.470;64.64006;-17.5459;8.185;2.37;2.16
623;20220507;010812.164;2022-05-07 01:08:12.164;64.61994;-17.50893;0.135;0.9;0.9500000000000001
625;20220507;012000.062;2022-05-07 01:20:00.062;64.61424;-17.4929;1.742;0.66;0.55
629;20220507;014313.875;2022-05-07 01:43:13.875;64.61972;-17.4983;9.4;2.24;1.6800000000000002
630;20220507;015305.954;2022-05-07 01:53:05.954;64.61858;-17.53881;2.323;0.04;0.0
632;20220507;020159.908;2022-05-07 02:01:59.908;64.62769;-17.47386;9.156;1.8;1.3900000000000001
636;20220507;031627.029;2022-05-07 03:16:27.029;64.63428;-17.46177;0.989;0.23;-0.16
677;20220507;101204.776;2022-05-07 10:12:04.776;64.62694;-17.5178;4.498;0.12;-0.27
780;20220508;033330.970;2022-05-08 03:33:30.970;64.67834;-17.47611;7.546;0.97;0.55
836;20220508;085045.789;2022-05-08 08:50:45.789;64.64787;-17.44884;11.612;0.85;0.33
862;20220508;102933.146;2022-05-08 10:29:33.146;64.66931;-17.50575;5.89;1.98;1.49
868;20220508;110225.657;2022-05-08 11:02:25.657;64.62749;-17.44381;0.14400000000000002;0.93;0.53
873;20220508;114629.723;2022-05-08 11:46:29.723;64.66699;-17.48833;0.275;0.7000000000000001;0.8
874;20220508;115246.303;2022-05-08 11:52:46.303;64.62341;-17.44929;0.912;0.01;0.11
875;20220508;115501.454;2022-05-08 11:55:01.454;64.61961;-17.44118;2.1;1.77;1.26
894;20220508;150217.867;2022-05-08 15:02:17.867;64.63388;-17.461570000000002;0.905;0.18;0.32
4;20220509;003756.240;2022-05-09 00:37:56.240;64.66942;-17.52712;2.709;0.77;0.89
9;20220509;021200.596;2022-05-09 02:12:00.596;64.62072;-17.42742;1.351;0.49;0.07
129;20220510;052259.092;2022-05-10 05:22:59.092;64.60867;-17.46424;0.135;0.27;-0.03
96;20220510;220211.659;2022-05-10 22:02:11.659;64.62314;-17.38327;6.636;2.62;2.5300000000000002
188;20220510;220211.659;2022-05-10 22:02:11.659;64.62314;-17.38327;6.636;2.62;2.5300000000000002
439;20220512;015527.294;2022-05-12 01:55:27.294;64.62423;-17.43684;8.868;2.5;2.18
693;20220513;111411.604;2022-05-13 11:14:11.604;64.62601;-17.51038;0.135;0.07;-0.16
848;20220520;201116.018;2022-05-20 20:11:16.018;64.67767;-17.51063;0.135;0.42;0.29
939;20220521;083204.815;2022-05-21 08:32:04.815;64.61025;-17.59349;19.04;0.88;0.2
966;20220521;125952.530;2022-05-21 12:59:52.530;64.62017;-17.48024;0.135;0.66;0.31
1000;20220521;191035.665;2022-05-21 19:10:35.665;64.62686;-17.45288;0.135;0.55;0.04
1030;20220522;023523.602;2022-05-22 02:35:23.602;64.66291;-17.52564;0.17;0.48;0.75
2;20220523;002501.744;2022-05-23 00:25:01.744;64.62476;-17.45928;0.135;1.6400000000000001;1.09
176;20220524;053459.620;2022-05-24 05:34:59.620;64.6218;-17.38758;0.184;1.63;1.4100000000000001
237;20220524;103901.933;2022-05-24 10:39:01.933;64.61346;-17.48883;3.072;1.71;1.37
363;20220525;014708.887;2022-05-25 01:47:08.887;64.61987;-17.46586;1.451;1.6800000000000002;1.28
364;20220525;014913.950;2022-05-25 01:49:13.950;64.62543;-17.46698;11.265;2.63;2.4
365;20220525;015845.875;2022-05-25 01:58:45.875;64.61968;-17.4666;10.515;2.22;1.88
500;20220525;223652.366;2022-05-25 22:36:52.366;64.62305;-17.48038;0.927;1.12;0.96
790;20220528;065739.268;2022-05-28 06:57:39.268;64.62909;-17.43136;11.785;0.7000000000000001;0.52
793;20220528;080157.290;2022-05-28 08:01:57.290;64.62091;-17.49495;0.135;0.34;0.78
794;20220528;080502.116;2022-05-28 08:05:02.116;64.6173;-17.50556;5.042;2.7;2.21
795;20220528;080616.939;2022-05-28 08:06:16.939;64.62459;-17.49999;8.095;4.37;3.73
796;20220528;081207.805;2022-05-28 08:12:07.805;64.62744;-17.45375;10.443;1.94;1.34
797;20220528;081341.125;2022-05-28 08:13:41.125;64.61919;-17.43959;6.533;1.4;0.99
798;20220528;081825.637;2022-05-28 08:18:25.637;64.61703;-17.48838;3.021;1.05;0.96
800;20220528;082337.278;2022-05-28 08:23:37.278;64.6322;-17.54204;6.52;0.97;1.04
805;20220528;092531.873;2022-05-28 09:25:31.873;64.62578;-17.50395;8.111;0.96;1.18
835;20220528;114054.717;2022-05-28 11:40:54.717;64.62122;-17.50198;3.356;0.66;1.12
848;20220528;144609.027;2022-05-28 14:46:09.027;64.6433;-17.50689;13.429;1.28;0.8300000000000001
850;20220528;162728.834;2022-05-28 16:27:28.834;64.61806;-17.4822;1.006;0.56;-0.05
854;20220528;190027.288;2022-05-28 19:00:27.288;64.62403;-17.40255;0.305;-0.24;-0.51
873;20220528;222523.757;2022-05-28 22:25:23.757;64.62241;-17.54828;1.2429999999999999;0.02;-0.6000000000000001
886;20220529;005154.404;2022-05-29 00:51:54.404;64.63164;-17.43993;3.068;0.16;-0.43
959;20220529;125623.975;2022-05-29 12:56:23.975;64.61821;-17.48877;1.6219999999999999;0.6000000000000001;0.04
1009;20220529;185822.418;2022-05-29 18:58:22.418;64.61547;-17.49786;1.939;1.58;1.09
365;20220601;093628.780;2022-06-01 09:36:28.780;64.60935;-17.44237;1.4969999999999999;0.62;0.27
443;20220602;025056.400;2022-06-02 02:50:56.400;64.67937;-17.46413;4.037;0.6000000000000001;0.4
548;20220603;041221.032;2022-06-03 04:12:21.032;64.68004;-17.5344;1.982;-0.01;-0.43
82;20220606;181034.679;2022-06-06 18:10:34.679;64.67059;-17.43273;2.022;2.62;2.2800000000000002
83;20220606;181335.800;2022-06-06 18:13:35.800;64.68388;-17.46808;2.165;0.12;-0.09
420;20220609;144345.399;2022-06-09 14:43:45.399;64.65599;-17.51266;3.022;0.81;0.52
682;20220611;195057.545;2022-06-11 19:50:57.545;64.65068;-17.49686;2.644;0.31;0.84
213;20220614;153025.699;2022-06-14 15:30:25.699;64.67523;-17.48155;0.135;0.87;0.88
214;20220614;153259.374;2022-06-14 15:32:59.374;64.66315;-17.50141;3.628;2.62;2.06
215;20220614;153414.617;2022-06-14 15:34:14.617;64.65401;-17.48763;2.912;1.06;0.9400000000000001
216;20220614;153433.350;2022-06-14 15:34:33.350;64.66794;-17.50232;2.827;1.2;1.28
220;20220614;162151.402;2022-06-14 16:21:51.402;64.65747;-17.47886;2.188;0.18;-0.2
551;20220618;005313.629;2022-06-18 00:53:13.629;64.67448;-17.54353;2.453;1.3900000000000001;0.79
15;20220620;133841.638;2022-06-20 13:38:41.638;64.6718;-17.53563;2.285;0.21;-0.21
288;20220624;144646.118;2022-06-24 14:46:46.118;64.62752;-17.50318;0.14400000000000002;1.18;0.97
45;20220627;054924.415;2022-06-27 05:49:24.415;64.6657;-17.46178;2.495;3.29;2.44
47;20220627;055658.772;2022-06-27 05:56:58.772;64.65742;-17.45592;2.665;0.19;0.11
48;20220627;055716.203;2022-06-27 05:57:16.203;64.66442;-17.4595;2.517;-0.25;0.02
49;20220627;060808.543;2022-06-27 06:08:08.543;64.64707;-17.47531;2.468;0.42;0.33
50;20220627;060949.053;2022-06-27 06:09:49.053;64.65492;-17.47288;2.497;0.68;0.51
53;20220627;062452.948;2022-06-27 06:24:52.948;64.6538;-17.46502;2.955;0.17;0.07
55;20220627;063030.370;2022-06-27 06:30:30.370;64.6559;-17.45205;2.122;-0.13;-0.17
61;20220627;072222.028;2022-06-27 07:22:22.028;64.65166;-17.47541;2.13;-0.35000000000000003;-0.33
62;20220627;072414.213;2022-06-27 07:24:14.213;64.64301;-17.47307;2.195;0.6000000000000001;0.48
63;20220627;072954.532;2022-06-27 07:29:54.532;64.66196;-17.48883;3.311;0.8;0.8200000000000001
83;20220627;102657.227;2022-06-27 10:26:57.227;64.63374;-17.48052;5.004;0.35000000000000003;-0.16
392;20220629;081155.040;2022-06-29 08:11:55.040;64.6637;-17.50947;3.5060000000000002;2.31;1.76
393;20220629;081246.524;2022-06-29 08:12:46.524;64.66903;-17.50479;3.268;0.9;0.9500000000000001
394;20220629;081340.808;2022-06-29 08:13:40.808;64.65242;-17.48685;2.725;0.65;0.5700000000000001
395;20220629;081415.641;2022-06-29 08:14:15.641;64.66491;-17.49794;3.22;1.63;1.6600000000000001
396;20220629;081606.274;2022-06-29 08:16:06.274;64.66135;-17.49079;2.273;3.47;3.13
1186;20220703;214233.220;2022-07-03 21:42:33.220;64.63625;-17.42808;2.735;0.84;-0.14
160;20220705;125629.374;2022-07-05 12:56:29.374;64.64034;-17.46697;4.963;-0.02;-0.45
225;20220706;030029.442;2022-07-06 03:00:29.442;64.62199;-17.5304;8.937;2.06;1.71
234;20220706;044251.879;2022-07-06 04:42:51.879;64.67277;-17.53616;0.135;-0.43;-0.45
270;20220706;075051.863;2022-07-06 07:50:51.863;64.66479;-17.529;7.471;1.62;1.31
429;20220708;131251.619;2022-07-08 13:12:51.619;64.63861;-17.51074;1.3679999999999999;0.52;0.14
446;20220708;145502.501;2022-07-08 14:55:02.501;64.65401;-17.53794;6.13;0.02;-1.71
497;20220708;223051.398;2022-07-08 22:30:51.398;64.63168;-17.51401;1.5939999999999999;0.12;0.08
671;20220710;185001.014;2022-07-10 18:50:01.014;64.67257;-17.51553;5.26;2.34;1.9100000000000001
268;20220713;100140.854;2022-07-13 10:01:40.854;64.66296;-17.50489;7.744;1.4;0.92
415;20220715;101127.846;2022-07-15 10:11:27.846;64.64536;-17.52798;6.526;2.6;2.05
417;20220715;101332.704;2022-07-15 10:13:32.704;64.61321;-17.48301;0.044;0.44;0.21
152;20220720;032019.511;2022-07-20 03:20:19.511;64.633;-17.54906;8.587;0.02;0.08
159;20220720;043700.477;2022-07-20 04:37:00.477;64.6626;-17.53713;6.99;1.9;1.42
167;20220720;072148.629;2022-07-20 07:21:48.629;64.66777;-17.54259;3.129;0.68;1.09
333;20220721;230045.582;2022-07-21 23:00:45.582;64.64147;-17.4899;2.17;0.74;0.58
334;20220721;230110.106;2022-07-21 23:01:10.106;64.65797;-17.5264;2.124;2.47;1.8399999999999999
714;20220724;051447.881;2022-07-24 05:14:47.881;64.62688;-17.49266;2.424;1.8;1.07
718;20220724;055650.616;2022-07-24 05:56:50.616;64.60267;-17.48259;0.135;0.30000000000000004;0.21
741;20220724;132309.041;2022-07-24 13:23:09.041;64.66936;-17.46732;3.106;4.37;3.5
742;20220724;132636.744;2022-07-24 13:26:36.744;64.65284;-17.51252;2.249;1.3;0.89
744;20220724;134541.356;2022-07-24 13:45:41.356;64.66753;-17.46228;2.6109999999999998;4.94;3.9699999999999998
746;20220724;135215.499;2022-07-24 13:52:15.499;64.66959;-17.48193;3.19;2.75;2.48
751;20220724;155948.392;2022-07-24 15:59:48.392;64.66733;-17.45776;6.802;0.8200000000000001;0.8300000000000001
766;20220724;175718.562;2022-07-24 17:57:18.562;64.65007;-17.4722;2.909;0.98;0.99
340;20220804;123336.665;2022-08-04 12:33:36.665;64.66855;-17.46798;2.517;2.2800000000000002;1.9300000000000002
97;20220809;003829.541;2022-08-09 00:38:29.541;64.63566;-17.35253;0.135;1.56;1.4
514;20220813;044207.287;2022-08-13 04:42:07.287;64.62663;-17.34204;4.999;0.75;0.68
31;20220815;064346.120;2022-08-15 06:43:46.120;64.62428;-17.49821;4.221;1.72;1.23
402;20220820;024858.708;2022-08-20 02:48:58.708;64.62734;-17.40936;2.454;0.9;0.75
319;20220825;014437.444;2022-08-25 01:44:37.444;64.62203;-17.36813;0.04;2.36;2.07
646;20220910;222314.955;2022-09-10 22:23:14.955;64.62566;-17.39506;1.427;1.94;1.8
768;20220911;143603.615;2022-09-11 14:36:03.615;64.62219;-17.41864;0.135;2.61;2.52
770;20220911;144348.594;2022-09-11 14:43:48.594;64.62218;-17.43006;2.115;2.75;2.42
374;20220915;173717.539;2022-09-15 17:37:17.539;64.67019;-17.47965;7.973;2.59;2.27
723;20220917;172448.077;2022-09-17 17:24:48.077;64.67302;-17.45064;7.499;2.44;1.88
199;20220921;135958.501;2022-09-21 13:59:58.501;64.61617;-17.49128;4.009;2.39;2.06
313;20220922;094945.658;2022-09-22 09:49:45.658;64.62004;-17.50328;12.803;0.85;0.45
101;20220927;142418.381;2022-09-27 14:24:18.381;64.63979;-17.41243;0.135;0.7000000000000001;0.6000000000000001
27;20221003;102104.557;2022-10-03 10:21:04.557;64.63085;-17.45457;0.135;1.47;0.88
406;20221009;065952.266;2022-10-09 06:59:52.266;64.61723;-17.50186;0.14400000000000002;0.96;0.9
51;20221011;015032.733;2022-10-11 01:50:32.733;64.61526;-17.48125;0.135;1.33;1.12
55;20221011;031926.349;2022-10-11 03:19:26.349;64.67452;-17.51518;0.135;0.8300000000000001;0.86
316;20221013;112914.405;2022-10-13 11:29:14.405;64.67447;-17.46837;7.003;2.06;1.35
66;20221017;101715.402;2022-10-17 10:17:15.402;64.65077;-17.44933;1.619;1.09;0.65
67;20221017;101853.044;2022-10-17 10:18:53.044;64.6731;-17.44902;0.557;1.22;0.96
392;20221020;020630.321;2022-10-20 02:06:30.321;64.60997;-17.49929;0.135;0.5700000000000001;0.72
401;20221020;031758.467;2022-10-20 03:17:58.467;64.61288;-17.49436;0.135;1.28;0.8300000000000001
532;20221020;230716.668;2022-10-20 23:07:16.668;64.63718;-17.40784;2.314;0.66;0.6900000000000001
643;20221021;123421.281;2022-10-21 12:34:21.281;64.61419;-17.47153;0.771;1.9;1.72
912;20221023;112136.357;2022-10-23 11:21:36.357;64.62251;-17.39045;1.275;0.47000000000000003;0.46
149;20221024;141524.013;2022-10-24 14:15:24.013;64.62374;-17.39443;0.5660000000000001;0.8300000000000001;1.05
513;20221027;032240.666;2022-10-27 03:22:40.666;64.61326;-17.50174;4.359;1.44;1.3900000000000001
927;20221029;053404.287;2022-10-29 05:34:04.287;64.6302;-17.36666;3.6950000000000003;2.98;2.24
79;20221031;145637.415;2022-10-31 14:56:37.415;64.62431;-17.49249;8.523;2.67;2.38
80;20221031;145728.459;2022-10-31 14:57:28.459;64.62135;-17.4952;7.993;4.18;3.5300000000000002
83;20221031;150315.081;2022-10-31 15:03:15.081;64.63014;-17.39334;2.597;1.18;1.03
84;20221031;150426.214;2022-10-31 15:04:26.214;64.62166;-17.42638;3.475;1.8;1.57
89;20221031;151523.929;2022-10-31 15:15:23.929;64.61627;-17.50377;0.135;1.13;0.96
95;20221031;154013.587;2022-10-31 15:40:13.587;64.63065;-17.49879;0.135;0.97;0.56
100;20221031;175944.033;2022-10-31 17:59:44.033;64.63304;-17.36206;1.459;1.2;1.1
289;20221102;052817.276;2022-11-02 05:28:17.276;64.64269;-17.35972;1.775;2.13;1.82
197;20221108;102255.209;2022-11-08 10:22:55.209;64.65868;-17.46735;6.465;1.06;0.68
508;20221112;101326.525;2022-11-12 10:13:26.525;64.6302;-17.43513;0.135;0.67;0.46
37;20221114;185251.036;2022-11-14 18:52:51.036;64.64875;-17.53711;2.868;0.68;0.37
60;20221115;010648.213;2022-11-15 01:06:48.213;64.6888;-17.43069;2.642;1.3;0.88
217;20221118;163003.301;2022-11-18 16:30:03.301;64.67371;-17.45386;1.97;2.07;1.53
321;20221120;193741.844;2022-11-20 19:37:41.844;64.66733;-17.45073;2.275;2.07;1.46
7;20221121;041757.233;2022-11-21 04:17:57.233;64.65472;-17.52071;3.331;2.04;1.33
85;20221122;142213.169;2022-11-22 14:22:13.169;64.67806;-17.51303;2.7199999999999998;0.62;0.5700000000000001
180;20221124;095804.987;2022-11-24 09:58:04.987;64.62924;-17.36475;0.135;1.08;1.08
252;20221125;232359.058;2022-11-25 23:23:59.058;64.66425;-17.51581;5.5280000000000005;1.43;1.18
89;20221129;010948.701;2022-11-29 01:09:48.701;64.65954;-17.47394;2.44;3.7800000000000002;3.33
187;20221130;201823.047;2022-11-30 20:18:23.047;64.63171;-17.42697;5.017;1.76;1.04
223;20221201;142717.042;2022-12-01 14:27:17.042;64.652;-17.36154;0.496;1.1400000000000001;0.9400000000000001
147;20221206;042454.493;2022-12-06 04:24:54.493;64.62506;-17.39013;3.4130000000000003;1.69;1.3599999999999999
175;20221206;080025.852;2022-12-06 08:00:25.852;64.63856;-17.48227;24.595;1.2;1.06
179;20221206;083905.270;2022-12-06 08:39:05.270;64.63653;-17.45949;25.162;1.88;1.57
275;20221207;042456.549;2022-12-07 04:24:56.549;64.66923;-17.46293;3.164;2.66;2.06
300;20221207;115653.447;2022-12-07 11:56:53.447;64.61637;-17.48629;4.032;2.56;1.88
319;20221207;165618.831;2022-12-07 16:56:18.831;64.61945;-17.50547;6.866;0.93;0.7000000000000001
415;20221208;163553.167;2022-12-08 16:35:53.167;64.65881;-17.49584;5.51;0.9;0.5700000000000001
453;20221209;202156.499;2022-12-09 20:21:56.499;64.634;-17.52477;0.985;0.6000000000000001;0.22
85;20221213;110311.968;2022-12-13 11:03:11.968;64.62866;-17.44263;21.272;0.8300000000000001;0.64
286;20221217;002629.889;2022-12-17 00:26:29.889;64.63437;-17.46413;5.69;0.24;-0.42
330;20221217;154342.437;2022-12-17 15:43:42.437;64.63751;-17.43185;7.721;1.78;1.09
391;20221218;074230.910;2022-12-18 07:42:30.910;64.65431;-17.40437;7.746;2.44;1.74
58;20221220;112132.805;2022-12-20 11:21:32.805;64.61769;-17.47143;2.453;1.77;1.57
65;20221220;193426.964;2022-12-20 19:34:26.964;64.63881;-17.51939;2.498;0.9400000000000001;0.76
218;20221223;100430.280;2022-12-23 10:04:30.280;64.64236;-17.51947;2.7439999999999998;0.6000000000000001;0.52
238;20221223;202016.182;2022-12-23 20:20:16.182;64.61275;-17.53081;1.953;1.3;0.9500000000000001
92;20221227;052058.045;2022-12-27 05:20:58.045;64.62321;-17.51058;0.24;1.25;1.37
163;20221227;215028.951;2022-12-27 21:50:28.951;64.62672;-17.38943;1.362;1.28;1.18
209;20221228;123756.030;2022-12-28 12:37:56.030;64.64828;-17.56363;5.005;1.0;0.48
220;20221228;191113.546;2022-12-28 19:11:13.546;64.62447;-17.37069;1.988;2.92;2.33
222;20221228;192150.514;2022-12-28 19:21:50.514;64.62409;-17.35399;0.135;0.44;0.49
236;20221229;002320.774;2022-12-29 00:23:20.774;64.65298;-17.45132;4.646;1.05;0.49
245;20221229;051708.559;2022-12-29 05:17:08.559;64.62818;-17.40962;3.44;1.43;1.1
270;20221229;124842.319;2022-12-29 12:48:42.319;64.63699;-17.43175;5.005;1.15;0.56
406;20230101;092944.448;2023-01-01 09:29:44.448;64.64675;-17.50022;2.661;1.01;1.6
422;20230101;221245.625;2023-01-01 22:12:45.625;64.62514;-17.46048;20.292;1.29;1.22
29;20230102;044919.074;2023-01-02 04:49:19.074;64.63217;-17.44227;4.087;1.96;1.29
67;20230103;081058.360;2023-01-03 08:10:58.360;64.61077;-17.51401;2.242;1.6400000000000001;1.22
120;20230104;151750.550;2023-01-04 15:17:50.550;64.66373;-17.5088;2.989;2.38;1.87
125;20230104;154752.816;2023-01-04 15:47:52.816;64.65974;-17.49249;3.153;2.61;2.13
126;20230104;154854.730;2023-01-04 15:48:54.730;64.66034;-17.48619;3.163;2.71;2.19
320;20230108;011544.288;2023-01-08 01:15:44.288;64.65808;-17.53332;2.888;1.2;0.66
339;20230108;144946.174;2023-01-08 14:49:46.174;64.62652;-17.45967;3.423;1.1;0.6900000000000001
340;20230108;161110.806;2023-01-08 16:11:10.806;64.62309;-17.43178;3.7640000000000002;2.52;2.4
341;20230108;161156.433;2023-01-08 16:11:56.433;64.62724;-17.46155;5.042;2.05;1.6099999999999999
345;20230108;180154.435;2023-01-08 18:01:54.435;64.62273;-17.39641;4.437;3.11;2.81
346;20230108;182701.310;2023-01-08 18:27:01.310;64.65063;-17.43931;2.547;0.46;0.11
347;20230108;184426.778;2023-01-08 18:44:26.778;64.63529;-17.41416;0.135;0.75;0.4
34;20230110;090446.451;2023-01-10 09:04:46.451;64.61803;-17.49346;3.11;2.09;1.47
39;20230110;111133.399;2023-01-10 11:11:33.399;64.65761;-17.52293;2.585;0.97;0.65
83;20230111;043822.351;2023-01-11 04:38:22.351;64.62437;-17.481090000000002;4.166;1.82;0.99
202;20230115;024528.594;2023-01-15 02:45:28.594;64.65489;-17.34974;7.501;1.47;1.01
36;20230117;005437.759;2023-01-17 00:54:37.759;64.61951;-17.50154;3.964;2.92;2.47
53;20230117;083820.708;2023-01-17 08:38:20.708;64.63539;-17.49046;1.521;1.72;1.6600000000000001
154;20230119;160420.213;2023-01-19 16:04:20.213;64.6235;-17.46039;4.9719999999999995;2.1;1.46
155;20230119;161148.524;2023-01-19 16:11:48.524;64.61837;-17.46397;0.038;1.2;0.86
160;20230119;181511.271;2023-01-19 18:15:11.271;64.62173;-17.46839;8.108;1.83;1.35
189;20230120;101415.504;2023-01-20 10:14:15.504;64.62833;-17.51475;0.135;0.8;1.04
207;20230121;025526.421;2023-01-21 02:55:26.421;64.64894;-17.52078;1.6600000000000001;1.7000000000000002;1.28
212;20230121;082024.880;2023-01-21 08:20:24.880;64.61955;-17.43914;0.135;1.44;1.03
215;20230121;085458.685;2023-01-21 08:54:58.685;64.64767;-17.45776;13.411;0.98;0.53
242;20230122;052030.586;2023-01-22 05:20:30.586;64.62853;-17.3763;0.135;1.92;1.47
23;20230123;205732.143;2023-01-23 20:57:32.143;64.63981;-17.44178;9.964;1.06;0.56
26;20230123;221204.224;2023-01-23 22:12:04.224;64.64469;-17.45851;11.212;0.8200000000000001;0.37
75;20230125;011238.761;2023-01-25 01:12:38.761;64.61751;-17.533360000000002;7.256;0.98;0.92
96;20230125;193735.481;2023-01-25 19:37:35.481;64.63704;-17.37098;1.4889999999999999;0.77;0.67
100;20230125;210227.942;2023-01-25 21:02:27.942;64.63203;-17.36597;1.595;0.68;0.48
130;20230126;173949.351;2023-01-26 17:39:49.351;64.61848;-17.50464;4.099;0.78;0.64
157;20230127;090457.385;2023-01-27 09:04:57.385;64.6686;-17.51656;8.573;2.54;2.34
159;20230127;103404.670;2023-01-27 10:34:04.670;64.62238;-17.49653;8.501;1.18;0.72
160;20230127;104222.966;2023-01-27 10:42:22.966;64.65675;-17.51108;1.444;0.43;-0.01
164;20230127;230104.661;2023-01-27 23:01:04.661;64.62131;-17.5011;6.682;1.31;1.02
210;20230129;103543.820;2023-01-29 10:35:43.820;64.66715;-17.47472;2.809;1.63;1.23
226;20230129;225555.640;2023-01-29 22:55:55.640;64.59677;-17.38917;2.893;0.36;-0.30000000000000004
31;20230130;085727.568;2023-01-30 08:57:27.568;64.64366;-17.4023;2.03;1.01;0.6900000000000001
32;20230130;085747.308;2023-01-30 08:57:47.308;64.63515;-17.40075;2.326;1.83;1.12
40;20230130;153838.507;2023-01-30 15:38:38.507;64.61397;-17.57143;2.592;1.34;0.96
72;20230131;100739.853;2023-01-31 10:07:39.853;64.63221;-17.43127;4.096;1.25;0.87
80;20230131;190058.129;2023-01-31 19:00:58.129;64.66155;-17.47627;4.397;0.4;-0.81
125;20230201;160028.158;2023-02-01 16:00:28.158;64.65079;-17.4565;0.135;-0.06;-0.22
172;20230202;191652.827;2023-02-02 19:16:52.827;64.64324;-17.51798;2.775;0.63;0.6000000000000001
209;20230204;062306.919;2023-02-04 06:23:06.919;64.61535;-17.48532;1.654;1.1400000000000001;0.89
233;20230205;014153.252;2023-02-05 01:41:53.252;64.65090000000001;-17.47077;2.091;0.15;-0.05
243;20230205;044958.645;2023-02-05 04:49:58.645;64.61862;-17.39455;0.135;1.37;0.74
261;20230205;222457.602;2023-02-05 22:24:57.602;64.61372;-17.4416;0.718;1.24;1.3
262;20230205;231533.439;2023-02-05 23:15:33.439;64.62846;-17.37144;1.477;2.84;2.73
27;20230207;112107.152;2023-02-07 11:21:07.152;64.61063;-17.43661;0.135;3.16;3.4
29;20230207;112553.804;2023-02-07 11:25:53.804;64.6189;-17.43681;0.135;1.76;1.53
33;20230207;113332.095;2023-02-07 11:33:32.095;64.61046;-17.49931;0.135;1.9300000000000002;1.46
36;20230207;120533.289;2023-02-07 12:05:33.289;64.63152;-17.38391;1.841;1.33;1.11
65;20230208;013152.876;2023-02-08 01:31:52.876;64.6239;-17.41848;2.071;2.11;1.6
67;20230208;040136.242;2023-02-08 04:01:36.242;64.6248;-17.46903;5.183;1.52;1.03
360;20230211;073856.459;2023-02-11 07:38:56.459;64.65891;-17.52978;6.202;1.73;1.13
22;20230213;225503.810;2023-02-13 22:55:03.810;64.66022;-17.46975;5.35;0.49;-0.07
62;20230214;145847.963;2023-02-14 14:58:47.963;64.6167;-17.58073;4.752;0.92;0.75
169;20230215;212420.054;2023-02-15 21:24:20.054;64.66264;-17.50596;3.784;2.49;1.79
200;20230216;081117.914;2023-02-16 08:11:17.914;64.65891;-17.49393;3.867;-0.28;-0.91
202;20230216;092555.907;2023-02-16 09:25:55.907;64.65404;-17.43406;2.597;0.5700000000000001;0.39
203;20230216;092720.187;2023-02-16 09:27:20.187;64.64961;-17.43158;3.124;0.03;-0.37
262;20230217;154804.795;2023-02-17 15:48:04.795;64.62849;-17.43244;2.252;1.31;0.66
274;20230217;183539.962;2023-02-17 18:35:39.962;64.65188;-17.43468;2.641;0.07;-0.18
275;20230217;183734.610;2023-02-17 18:37:34.610;64.64765;-17.42036;2.165;0.5;0.04
276;20230217;184005.880;2023-02-17 18:40:05.880;64.64741;-17.42966;2.738;-0.18;-0.51
277;20230217;185208.363;2023-02-17 18:52:08.363;64.65061;-17.43204;3.2720000000000002;-0.18;-0.48
296;20230218;024746.924;2023-02-18 02:47:46.924;64.65313;-17.51637;3.44;1.85;1.08
297;20230218;024855.461;2023-02-18 02:48:55.461;64.64982;-17.53707;2.96;1.48;0.99
302;20230218;043637.578;2023-02-18 04:36:37.578;64.64803;-17.43174;2.851;-0.16;-0.29
304;20230218;054519.249;2023-02-18 05:45:19.249;64.64671;-17.43336;3.282;-0.16;-0.64
307;20230218;065149.614;2023-02-18 06:51:49.614;64.65993;-17.48338;3.519;-0.08;-0.76
310;20230218;080742.561;2023-02-18 08:07:42.561;64.65168;-17.42537;2.362;-0.08;-0.31
26;20230220;101910.646;2023-02-20 10:19:10.646;64.65131;-17.49859;3.653;0.74;-0.78
29;20230220;114055.279;2023-02-20 11:40:55.279;64.6492;-17.50197;3.461;0.58;-0.63
54;20230220;191429.219;2023-02-20 19:14:29.219;64.67119;-17.47518;1.203;1.8599999999999999;1.3599999999999999
83;20230221;045043.789;2023-02-21 04:50:43.789;64.64161;-17.5505;2.153;0.16;-0.30000000000000004
102;20230221;084100.916;2023-02-21 08:41:00.916;64.6732;-17.51536;3.044;4.87;3.91
103;20230221;084257.338;2023-02-21 08:42:57.338;64.67191;-17.49456;3.735;2.6;2.32
104;20230221;084347.213;2023-02-21 08:43:47.213;64.64491;-17.37688;0.135;1.5;1.3599999999999999
105;20230221;084931.224;2023-02-21 08:49:31.224;64.65281;-17.45796;7.759;2.5;1.8
106;20230221;085350.793;2023-02-21 08:53:50.793;64.64378;-17.43726;8.395;0.64;0.38
107;20230221;085837.059;2023-02-21 08:58:37.059;64.63758;-17.4222;0.135;0.7000000000000001;0.5
108;20230221;090503.295;2023-02-21 09:05:03.295;64.64809;-17.54301;10.356;0.54;-0.31
109;20230221;090642.751;2023-02-21 09:06:42.751;64.64798;-17.44029;11.159;1.07;0.5700000000000001
111;20230221;091232.760;2023-02-21 09:12:32.760;64.6593;-17.53834;5.183;0.09;-0.48
112;20230221;092747.844;2023-02-21 09:27:47.844;64.67188;-17.46393;5.064;2.7199999999999998;2.22
113;20230221;092959.450;2023-02-21 09:29:59.450;64.64408;-17.4409;9.368;0.56;0.28
124;20230221;103706.803;2023-02-21 10:37:06.803;64.65126;-17.40707;9.684;0.9500000000000001;0.78
132;20230221;114129.407;2023-02-21 11:41:29.407;64.63267;-17.42297;0.135;0.87;0.64
140;20230221;131320.687;2023-02-21 13:13:20.687;64.65876;-17.41486;7.431;0.41000000000000003;0.04
194;20230221;231441.448;2023-02-21 23:14:41.448;64.65629;-17.52615;4.546;0.28;-0.53
204;20230222;015533.653;2023-02-22 01:55:33.653;64.63027;-17.50876;4.248;0.41000000000000003;-0.26
242;20230222;192614.588;2023-02-22 19:26:14.588;64.67672;-17.45219;3.308;2.47;1.45
405;20230226;082416.001;2023-02-26 08:24:16.001;64.66962;-17.46128;6.364;1.9500000000000002;1.27
127;20230228;223203.769;2023-02-28 22:32:03.769;64.65724;-17.47027;5.729;1.0;0.87
216;20230302;132227.852;2023-03-02 13:22:27.852;64.61623;-17.50175;5.005;-0.24;-0.45
128;20230307;111128.399;2023-03-07 11:11:28.399;64.66939;-17.45217;1.9889999999999999;2.11;1.38
136;20230307;161100.203;2023-03-07 16:11:00.203;64.64937;-17.43107;1.124;0.26;0.29
138;20230307;185950.292;2023-03-07 18:59:50.292;64.65192;-17.43883;2.3810000000000002;0.09;-0.32
462;20230311;012445.690;2023-03-11 01:24:45.690;64.62339;-17.36472;0.135;2.06;1.67
555;20230312;201833.554;2023-03-12 20:18:33.554;64.67292;-17.5251;4.39;0.46;-0.55
4;20230313;034652.076;2023-03-13 03:46:52.076;64.66553;-17.47329;2.981;2.23;1.6400000000000001
17;20230313;110843.650;2023-03-13 11:08:43.650;64.65962;-17.44327;0.083;0.13;-0.09
59;20230314;175113.103;2023-03-14 17:51:13.103;64.61825;-17.45718;0.135;0.87;1.0
63;20230314;230015.600;2023-03-14 23:00:15.600;64.67616;-17.44602;2.7720000000000002;1.22;0.62
181;20230317;062619.199;2023-03-17 06:26:19.199;64.66413;-17.52674;2.999;-0.12;-0.8200000000000001
191;20230317;081821.505;2023-03-17 08:18:21.505;64.65318;-17.52609;4.671;-0.01;-0.8
312;20230319;064301.733;2023-03-19 06:43:01.733;64.65837;-17.49425;4.398;-0.13;-1.13
342;20230319;145955.007;2023-03-19 14:59:55.007;64.61697;-17.4812;3.64;3.15;2.79
344;20230319;154434.718;2023-03-19 15:44:34.718;64.63487;-17.49516;3.211;1.16;0.49
345;20230319;154659.537;2023-03-19 15:46:59.537;64.64053;-17.50308;3.815;0.44;-0.14
354;20230319;192419.105;2023-03-19 19:24:19.105;64.62174;-17.46476;0.135;1.54;0.87
51;20230321;055353.168;2023-03-21 05:53:53.168;64.68456;-17.45909;0.135;2.03;1.46
306;20230324;222957.826;2023-03-24 22:29:57.826;64.63049;-17.47909;25.719;0.89;0.64
351;20230325;094947.893;2023-03-25 09:49:47.893;64.63382;-17.52833;27.546;0.58;0.07
352;20230325;095121.566;2023-03-25 09:51:21.566;64.618;-17.3905;0.378;0.05;0.48
41;20230327;175214.493;2023-03-27 17:52:14.493;64.62927;-17.54353;0.091;0.43;-0.14
103;20230328;185022.201;2023-03-28 18:50:22.201;64.64849;-17.49764;23.758;0.78;0.5700000000000001
342;20230402;074650.886;2023-04-02 07:46:50.886;64.62489;-17.364;0.135;0.87;1.06
174;20230405;125110.390;2023-04-05 12:51:10.390;64.6295;-17.45963;3.5460000000000003;0.67;-0.38
198;20230405;215048.383;2023-04-05 21:50:48.383;64.61826;-17.46336;1.581;0.56;0.18
283;20230406;150311.016;2023-04-06 15:03:11.016;64.58537;-17.45582;1.154;0.67;0.03
378;20230408;025515.828;2023-04-08 02:55:15.828;64.66716;-17.41586;0.278;0.30000000000000004;0.29
390;20230408;112224.865;2023-04-08 11:22:24.865;64.6668;-17.54006;3.578;0.24;-0.73
418;20230409;080332.808;2023-04-09 08:03:32.808;64.6173;-17.50253;0.135;0.32;-0.22
20;20230410;035811.078;2023-04-10 03:58:11.078;64.66143;-17.45477;2.524;-0.24;-0.62
159;20230411;142144.252;2023-04-11 14:21:44.252;64.61998;-17.42512;5.093;0.62;0.11
173;20230411;184436.147;2023-04-11 18:44:36.147;64.64462;-17.47986;2.564;0.23;0.08
196;20230411;230732.589;2023-04-11 23:07:32.589;64.65369;-17.555790000000002;4.652;1.22;0.5700000000000001
197;20230411;233112.710;2023-04-11 23:31:12.710;64.68085;-17.48123;3.754;2.32;1.5
262;20230413;000430.852;2023-04-13 00:04:30.852;64.66973;-17.47152;2.668;1.85;1.07
313;20230413;100500.728;2023-04-13 10:05:00.728;64.67121;-17.54638;4.454;0.64;0.06
361;20230414;023852.697;2023-04-14 02:38:52.697;64.62986;-17.49688;2.56;0.93;0.58
461;20230415;051115.465;2023-04-15 05:11:15.465;64.65108;-17.44135;4.037;-0.32;-0.77
503;20230415;160102.768;2023-04-15 16:01:02.768;64.62147;-17.4553;2.265;1.58;1.03
35;20230417;080236.242;2023-04-17 08:02:36.242;64.62696;-17.40248;1.967;2.02;1.44
73;20230417;223216.808;2023-04-17 22:32:16.808;64.62603;-17.51622;2.947;0.31;0.0
184;20230418;201442.429;2023-04-18 20:14:42.429;64.61272;-17.52054;0.265;1.24;1.16
241;20230419;231502.877;2023-04-19 23:15:02.877;64.61926;-17.45154;1.917;0.67;0.18
275;20230420;101735.689;2023-04-20 10:17:35.689;64.61401;-17.48371;2.499;1.42;1.12
281;20230420;113921.603;2023-04-20 11:39:21.603;64.65868;-17.53669;5.827;0.54;-0.06
292;20230420;141044.080;2023-04-20 14:10:44.080;64.61875;-17.42541;3.045;0.02;-0.21
505;20230423;033408.708;2023-04-23 03:34:08.708;64.6708;-17.44211;4.605;3.19;2.49
562;20230423;223713.287;2023-04-23 22:37:13.287;64.64674;-17.48799;10.983;-0.02;-1.02
3;20230424;005919.397;2023-04-24 00:59:19.397;64.59249;-17.44459;0.225;0.52;0.52
44;20230424;194832.072;2023-04-24 19:48:32.072;64.61507;-17.48009;2.433;1.57;1.05
237;20230425;215412.338;2023-04-25 21:54:12.338;64.64988;-17.39098;0.088;0.06;-0.4
381;20230427;135611.964;2023-04-27 13:56:11.964;64.64373;-17.5916;4.383;0.07;-0.79
383;20230427;183656.715;2023-04-27 18:36:56.715;64.6404;-17.48731;4.125;-0.18;-0.2
384;20230427;192409.562;2023-04-27 19:24:09.562;64.63995;-17.54771;2.358;1.9;1.35
412;20230428;021724.806;2023-04-28 02:17:24.806;64.64832;-17.49494;3.873;0.0;-0.56
415;20230428;022405.152;2023-04-28 02:24:05.152;64.6355;-17.49956;2.355;0.46;-0.13
417;20230428;023715.839;2023-04-28 02:37:15.839;64.64995;-17.52136;2.738;0.8;0.2
432;20230428;102237.852;2023-04-28 10:22:37.852;64.64449;-17.47856;2.657;0.26;0.14
467;20230428;171530.424;2023-04-28 17:15:30.424;64.64487;-17.51579;2.642;0.37;-0.42
565;20230430;012420.948;2023-04-30 01:24:20.948;64.61776;-17.47323;3.636;1.82;1.3
571;20230430;021601.643;2023-04-30 02:16:01.643;64.62428;-17.45691;2.566;1.69;1.17
573;20230430;063230.608;2023-04-30 06:32:30.608;64.64851;-17.38031;0.9400000000000001;0.79;0.7000000000000001
10;20230501;043618.384;2023-05-01 04:36:18.384;64.62148;-17.39968;1.724;1.8399999999999999;1.4100000000000001
28;20230501;113158.508;2023-05-01 11:31:58.508;64.61526;-17.45153;1.58;0.72;0.48
67;20230502;002904.271;2023-05-02 00:29:04.271;64.63961;-17.51545;2.312;-0.12;-0.74
83;20230502;040822.415;2023-05-02 04:08:22.415;64.61657;-17.46892;0.135;-0.27;-0.66
141;20230503;021255.749;2023-05-03 02:12:55.749;64.62145;-17.42583;6.858;0.49;-0.1
193;20230504;011054.099;2023-05-04 01:10:54.099;64.63674;-17.50352;1.028;0.6900000000000001;0.03
215;20230504;074257.809;2023-05-04 07:42:57.809;64.66241;-17.47925;4.541;-0.07;-0.6900000000000001
299;20230505;002410.139;2023-05-05 00:24:10.139;64.63259;-17.48567;17.063;0.38;-0.2
440;20230506;173048.575;2023-05-06 17:30:48.575;64.61494;-17.46686;1.896;1.97;1.6
459;20230506;222211.851;2023-05-06 22:22:11.851;64.63416;-17.52021;12.322;0.52;-0.6000000000000001
512;20230507;175607.725;2023-05-07 17:56:07.725;64.64195;-17.46563;0.135;-0.66;-0.52
7;20230508;034042.005;2023-05-08 03:40:42.005;64.6268;-17.46973;4.736;0.55;0.14
59;20230509;072007.686;2023-05-09 07:20:07.686;64.6401;-17.51428;2.585;0.06;-0.05
91;20230509;171614.918;2023-05-09 17:16:14.918;64.65228;-17.47677;1.304;0.0;-0.89
112;20230510;042000.441;2023-05-10 04:20:00.441;64.63091;-17.46611;2.331;0.58;0.43
122;20230510;095110.198;2023-05-10 09:51:10.198;64.6571;-17.47696;1.4140000000000001;-0.47000000000000003;-0.8200000000000001
131;20230510;153547.793;2023-05-10 15:35:47.793;64.64272;-17.47456;0.135;-0.36;-0.43
139;20230510;194141.347;2023-05-10 19:41:41.347;64.61301;-17.50059;2.138;-0.34;-0.4
153;20230511;014632.772;2023-05-11 01:46:32.772;64.65456;-17.50052;3.565;0.01;-0.44
225;20230512;084314.575;2023-05-12 08:43:14.575;64.62208;-17.36662;0.199;1.5899999999999999;1.52
241;20230512;154320.942;2023-05-12 15:43:20.942;64.65274;-17.50002;4.045;0.89;0.61
6;20230515;015309.358;2023-05-15 01:53:09.358;64.65499;-17.50449;0.135;0.16;-0.67
7;20230515;023010.550;2023-05-15 02:30:10.550;64.61129;-17.44745;0.135;1.5;1.05
33;20230515;135743.607;2023-05-15 13:57:43.607;64.63671;-17.42946;4.377;1.15;0.29
36;20230515;163512.789;2023-05-15 16:35:12.789;64.64812;-17.48404;3.822;-0.08;-0.67
37;20230515;165010.311;2023-05-15 16:50:10.311;64.63699;-17.5275;2.282;0.09;-0.11
56;20230515;231921.774;2023-05-15 23:19:21.774;64.61382;-17.41174;0.732;0.33;0.55
121;20230517;055245.121;2023-05-17 05:52:45.121;64.65026;-17.46201;3.247;0.05;-0.30000000000000004
153;20230517;215442.662;2023-05-17 21:54:42.662;64.67259;-17.46248;2.293;2.16;1.53
199;20230518;231850.282;2023-05-18 23:18:50.282;64.60558;-17.50132;0.135;1.11;0.98
218;20230519;064658.067;2023-05-19 06:46:58.067;64.60895;-17.48615;0.135;1.97;1.54
227;20230519;105313.221;2023-05-19 10:53:13.221;64.61331;-17.4982;1.336;1.31;0.77
308;20230521;224029.745;2023-05-21 22:40:29.745;64.64014;-17.49951;2.426;2.58;2.02
311;20230521;231957.898;2023-05-21 23:19:57.898;64.61219;-17.50153;2.364;2.74;2.22
10;20230522;043214.920;2023-05-22 04:32:14.920;64.6151;-17.48251;4.052;2.59;2.02
12;20230522;045640.432;2023-05-22 04:56:40.432;64.62921;-17.49249;4.655;1.9;1.38
25;20230522;154309.775;2023-05-22 15:43:09.775;64.61971;-17.45289;1.626;2.45;2.03
27;20230522;194843.459;2023-05-22 19:48:43.459;64.6226;-17.44277;3.86;2.61;2.17
30;20230522;205942.730;2023-05-22 20:59:42.730;64.63655;-17.46609;4.855;1.42;0.79
33;20230522;213038.717;2023-05-22 21:30:38.717;64.65266;-17.43545;1.195;-0.14;-0.29
34;20230522;221347.595;2023-05-22 22:13:47.595;64.63644;-17.50744;1.992;0.04;-0.36
472;20230527;085813.676;2023-05-27 08:58:13.676;64.63782;-17.5005;1.48;0.98;0.6000000000000001
586;20230528;092716.403;2023-05-28 09:27:16.403;64.64049;-17.47134;1.807;0.36;0.27
600;20230528;124920.401;2023-05-28 12:49:20.401;64.61974;-17.45719;3.082;0.75;0.25
258;20230601;202106.283;2023-06-01 20:21:06.283;64.64763;-17.36969;7.974;-0.24;-0.77
259;20230601;202322.010;2023-06-01 20:23:22.010;64.64645;-17.41398;2.3609999999999998;0.2;-0.03
339;20230602;125745.680;2023-06-02 12:57:45.680;64.67935;-17.52267;4.985;-0.34;-0.96
344;20230602;135939.791;2023-06-02 13:59:39.791;64.64108;-17.51216;2.5;-0.47000000000000003;-0.79
540;20230604;195018.314;2023-06-04 19:50:18.314;64.61936;-17.39346;1.173;2.84;2.49
541;20230604;195721.843;2023-06-04 19:57:21.843;64.62259;-17.40885;0.646;0.89;0.8
1;20230605;000425.295;2023-06-05 00:04:25.295;64.62392;-17.37779;2.904;3.39;2.7
353;20230609;032715.721;2023-06-09 03:27:15.721;64.62521;-17.45646;4.328;2.15;2.46
354;20230609;032722.947;2023-06-09 03:27:22.947;64.62582;-17.44669;6.612;3.07;2.63
390;20230610;013113.004;2023-06-10 01:31:13.004;64.61442;-17.504550000000002;3.222;1.6600000000000001;1.31
414;20230610;072707.008;2023-06-10 07:27:07.008;64.63541;-17.51021;2.042;0.36;0.15
441;20230610;162313.002;2023-06-10 16:23:13.002;64.64338;-17.55854;0.135;-0.1;-0.43
442;20230610;162750.280;2023-06-10 16:27:50.280;64.64188;-17.40828;1.025;0.73;0.5
514;20230611;104521.485;2023-06-11 10:45:21.485;64.64764;-17.49441;3.584;-0.1;-0.23
530;20230611;172146.555;2023-06-11 17:21:46.555;64.66344;-17.5204;3.242;0.32;0.17
83;20230612;192033.818;2023-06-12 19:20:33.818;64.65722;-17.52468;0.135;0.62;0.4
85;20230612;212502.439;2023-06-12 21:25:02.439;64.61136;-17.52629;4.563;1.02;0.66
104;20230613;021642.429;2023-06-13 02:16:42.429;64.60747;-17.50954;0.135;0.23;-0.07
139;20230613;102815.077;2023-06-13 10:28:15.077;64.60678;-17.43417;5.763;0.91;1.06
145;20230613;121908.075;2023-06-13 12:19:08.075;64.62128;-17.47306;0.362;0.6900000000000001;0.73
167;20230613;151730.292;2023-06-13 15:17:30.292;64.6172;-17.46113;1.929;2.1;1.8399999999999999
191;20230613;195901.024;2023-06-13 19:59:01.024;64.61684;-17.40818;0.135;-0.01;-0.11
327;20230615;033751.430;2023-06-15 03:37:51.430;64.66209;-17.44518;0.872;3.1;2.7
331;20230615;042741.459;2023-06-15 04:27:41.459;64.66185;-17.50827;9.468;0.84;0.65
375;20230615;133609.508;2023-06-15 13:36:09.508;64.67534;-17.45334;2.865;0.33;0.2
383;20230615;165020.621;2023-06-15 16:50:20.621;64.67204;-17.52908;1.1440000000000001;0.61;0.37
394;20230615;212614.082;2023-06-15 21:26:14.082;64.60844;-17.47897;20.249;0.12;0.01
521;20230617;071147.367;2023-06-17 07:11:47.367;64.67931;-17.5705;12.824;0.43;0.24
565;20230617;152036.033;2023-06-17 15:20:36.033;64.67456;-17.52421;2.396;0.32;-0.09
591;20230617;235438.392;2023-06-17 23:54:38.392;64.61562;-17.48472;1.524;0.8300000000000001;0.5
593;20230618;001356.887;2023-06-18 00:13:56.887;64.61267;-17.4981;0.056;1.17;0.9
594;20230618;001556.447;2023-06-18 00:15:56.447;64.61192;-17.48221;0.09;0.8200000000000001;0.34
598;20230618;004213.228;2023-06-18 00:42:13.228;64.60826;-17.56599;6.687;0.9;0.54
605;20230618;021119.021;2023-06-18 02:11:19.021;64.61401;-17.49167;1.9540000000000002;0.85;0.36
608;20230618;063230.441;2023-06-18 06:32:30.441;64.65759;-17.52914;2.973;0.78;0.2
640;20230618;193643.025;2023-06-18 19:36:43.025;64.62561;-17.46233;5.088;0.55;-0.12
70;20230619;172621.502;2023-06-19 17:26:21.502;64.66188;-17.5354;2.467;1.0;0.43
71;20230619;172650.945;2023-06-19 17:26:50.945;64.61181;-17.47724;0.042;0.92;1.08
91;20230619;233740.827;2023-06-19 23:37:40.827;64.62128;-17.41302;6.833;1.09;0.4
311;20230620;205132.049;2023-06-20 20:51:32.049;64.61699;-17.45402;2.685;0.36;0.08
389;20230621;140231.786;2023-06-21 14:02:31.786;64.61749;-17.46171;7.011;1.16;0.79
399;20230621;185456.612;2023-06-21 18:54:56.612;64.62474;-17.37128;0.135;0.68;0.62
403;20230621;215514.093;2023-06-21 21:55:14.093;64.62483;-17.36925;0.135;0.54;0.46
431;20230622;130932.527;2023-06-22 13:09:32.527;64.65604;-17.52343;3.2720000000000002;2.65;2.03
453;20230622;175235.944;2023-06-22 17:52:35.944;64.67651;-17.41975;1.47;1.43;1.03
517;20230624;061612.907;2023-06-24 06:16:12.907;64.62152;-17.49135;4.306;1.83;1.19
582;20230624;145621.475;2023-06-24 14:56:21.475;64.63271;-17.55707;1.916;1.62;1.02
131;20230626;230039.521;2023-06-26 23:00:39.521;64.61562;-17.46567;1.2570000000000001;1.82;1.4100000000000001
428;20230630;112123.602;2023-06-30 11:21:23.602;64.6446;-17.50667;2.931;-0.41000000000000003;-1.23
429;20230630;112302.310;2023-06-30 11:23:02.310;64.63531;-17.50792;1.142;0.34;-0.04
516;20230701;062253.804;2023-07-01 06:22:53.804;64.62373;-17.38888;6.186;2.54;2.17
633;20230702;023601.664;2023-07-02 02:36:01.664;64.61707;-17.39225;0.135;0.86;0.63
188;20230704;195959.837;2023-07-04 19:59:59.837;64.61464;-17.51748;3.737;3.32;2.46
189;20230704;200230.144;2023-07-04 20:02:30.144;64.61333;-17.52559;2.266;3.94;3.1
387;20230706;074419.517;2023-07-06 07:44:19.517;64.62109;-17.47193;5.2620000000000005;2.36;2.01
509;20230707;084703.600;2023-07-07 08:47:03.600;64.63461;-17.55348;0.135;-0.25;-0.28
585;20230708;072836.535;2023-07-08 07:28:36.535;64.61913;-17.48695;2.622;2.65;2.26
132;20230711;131155.389;2023-07-11 13:11:55.389;64.64016;-17.39416;1.042;1.05;0.68
518;20230715;175557.000;2023-07-15 17:55:57.000;64.619;-17.47966;2.203;1.24;0.9400000000000001
107;20230718;183610.823;2023-07-18 18:36:10.823;64.61092;-17.33662;1.306;0.19;0.62
205;20230719;194313.904;2023-07-19 19:43:13.904;64.61861;-17.46339;0.135;0.9500000000000001;1.06
206;20230719;194354.764;2023-07-19 19:43:54.764;64.6265;-17.47937;0.135;1.0;0.67
208;20230719;201037.033;2023-07-19 20:10:37.033;64.61647;-17.50196;1.691;0.71;1.04
381;20230721;223822.044;2023-07-21 22:38:22.044;64.64792;-17.37561;1.083;1.82;1.46
526;20230723;102403.052;2023-07-23 10:24:03.052;64.613;-17.47446;1.166;2.07;1.56
69;20230724;124930.278;2023-07-24 12:49:30.278;64.63375;-17.46508;14.546;2.1;1.72
93;20230724;220711.049;2023-07-24 22:07:11.049;64.64635;-17.49517;3.327;-0.54;-0.77
157;20230725;193710.648;2023-07-25 19:37:10.648;64.61835;-17.42686;2.665;1.5;1.09
169;20230726;011759.286;2023-07-26 01:17:59.286;64.65076;-17.47359;4.021;-0.49;-0.7000000000000001
410;20230728;232940.686;2023-07-28 23:29:40.686;64.63489;-17.44372;0.14400000000000002;0.96;0.8300000000000001
411;20230728;234211.527;2023-07-28 23:42:11.527;64.62092;-17.43493;0.14400000000000002;3.18;3.3
412;20230728;234556.618;2023-07-28 23:45:56.618;64.6268;-17.47836;9.843;1.37;1.3900000000000001
413;20230728;234604.378;2023-07-28 23:46:04.378;64.62263;-17.44503;0.135;1.6400000000000001;1.6099999999999999
414;20230728;234647.817;2023-07-28 23:46:47.817;64.60912;-17.44788;5.888;1.15;1.01
416;20230728;235005.118;2023-07-28 23:50:05.118;64.6307;-17.37172;7.467;2.31;2.15
418;20230728;235528.839;2023-07-28 23:55:28.839;64.62288;-17.4397;0.135;2.71;3.16
419;20230728;235543.957;2023-07-28 23:55:43.957;64.61431;-17.53747;7.975;3.5700000000000003;3.8
420;20230729;000810.010;2023-07-29 00:08:10.010;64.62384;-17.37727;3.789;1.92;1.6099999999999999
422;20230729;003518.709;2023-07-29 00:35:18.709;64.62108;-17.4339;8.014;2.3;2.0
513;20230730;090111.885;2023-07-30 09:01:11.885;64.64021;-17.38185;0.135;0.61;0.35000000000000003
188;20230802;143508.959;2023-08-02 14:35:08.959;64.656;-17.43122;2.378;0.21;0.34
258;20230803;103305.185;2023-08-03 10:33:05.185;64.64024;-17.52141;1.9969999999999999;0.47000000000000003;-0.03
679;20230812;164448.324;2023-08-12 16:44:48.324;64.65719;-17.4393;2.407;0.43;0.67
800;20230813;081624.767;2023-08-13 08:16:24.767;64.64321;-17.44788;0.628;-0.14;-0.42
451;20230818;132442.567;2023-08-18 13:24:42.567;64.61344;-17.46532;0.135;1.75;1.16
452;20230818;133429.377;2023-08-18 13:34:29.377;64.63482;-17.49701;4.49;1.07;0.36
606;20230820;120345.055;2023-08-20 12:03:45.055;64.67686;-17.45011;3.9619999999999997;3.21;2.58
248;20230823;135731.700;2023-08-23 13:57:31.700;64.66412;-17.55723;8.057;1.03;0.89
255;20230823;173030.750;2023-08-23 17:30:30.750;64.62281;-17.46143;7.5809999999999995;2.96;2.61
431;20230825;045853.619;2023-08-25 04:58:53.619;64.62681;-17.41899;1.528;0.47000000000000003;0.79
567;20230826;071605.853;2023-08-26 07:16:05.853;64.66557;-17.47022;4.323;0.89;0.58
10;20230828;021127.181;2023-08-28 02:11:27.181;64.67847;-17.41735;2.19;2.29;1.83
115;20230829;020748.171;2023-08-29 02:07:48.171;64.64346;-17.48676;1.916;0.52;0.30000000000000004
116;20230829;021052.621;2023-08-29 02:10:52.621;64.60863;-17.50529;4.016;0.42;0.25
139;20230829;083604.199;2023-08-29 08:36:04.199;64.64664;-17.51595;2.685;2.79;1.96
141;20230829;091248.318;2023-08-29 09:12:48.318;64.64211;-17.52339;2.191;0.28;-0.21
260;20230830;135054.877;2023-08-30 13:50:54.877;64.63985;-17.40659;2.461;0.77;0.63
285;20230831;023157.624;2023-08-31 02:31:57.624;64.63046;-17.49496;0.74;1.47;1.18
293;20230831;055446.418;2023-08-31 05:54:46.418;64.65911;-17.48928;4.008;-0.22;-1.12
303;20230831;091242.368;2023-08-31 09:12:42.368;64.6681;-17.44707;2.411;-0.1;-0.33
349;20230831;220942.332;2023-08-31 22:09:42.332;64.62367;-17.43643;5.574;2.83;2.06
448;20230902;191223.953;2023-09-02 19:12:23.953;64.62469;-17.50834;0.135;0.93;1.18
451;20230902;205303.290;2023-09-02 20:53:03.290;64.66521;-17.45616;1.062;2.01;1.62
458;20230903;015514.840;2023-09-03 01:55:14.840;64.64101;-17.5139;8.62;0.8200000000000001;-0.39
459;20230903;022217.905;2023-09-03 02:22:17.905;64.65504;-17.52915;2.917;3.86;3.35
476;20230903;142340.683;2023-09-03 14:23:40.683;64.65392;-17.48277;4.237;0.74;0.77
125;20230905;194124.040;2023-09-05 19:41:24.040;64.65285;-17.51107;8.088;0.68;0.35000000000000003
128;20230905;212126.298;2023-09-05 21:21:26.298;64.61765;-17.46414;1.651;1.75;1.42
129;20230905;220406.498;2023-09-05 22:04:06.498;64.66351;-17.45809;2.678;1.3;1.06
326;20230908;193959.050;2023-09-08 19:39:59.050;64.64941;-17.49989;2.91;2.65;2.0
462;20230909;085906.456;2023-09-09 08:59:06.456;64.66801;-17.41882;0.135;-0.09;-0.78
488;20230909;124845.012;2023-09-09 12:48:45.012;64.65185;-17.36487;0.135;1.04;1.03
560;20230910;031728.328;2023-09-10 03:17:28.328;64.60213;-17.49318;1.375;0.61;0.52
625;20230910;105655.285;2023-09-10 10:56:55.285;64.62842;-17.36529;0.627;1.08;1.28
653;20230910;175424.480;2023-09-10 17:54:24.480;64.62127;-17.47301;1.897;1.43;1.25
655;20230910;181903.765;2023-09-10 18:19:03.765;64.61198;-17.49229;0.721;0.6900000000000001;0.65
656;20230910;182021.501;2023-09-10 18:20:21.501;64.61848;-17.49802;3.002;1.6800000000000002;1.31
660;20230910;203420.037;2023-09-10 20:34:20.037;64.62275;-17.45742;2.126;1.94;1.21
285;20230914;145548.196;2023-09-14 14:55:48.196;64.62186;-17.36629;0.135;2.47;1.8599999999999999
286;20230914;151130.791;2023-09-14 15:11:30.791;64.61932;-17.37819;0.88;0.24;0.49
349;20230915;053436.924;2023-09-15 05:34:36.924;64.66624;-17.48087;0.9530000000000001;0.58;0.55
350;20230915;055200.052;2023-09-15 05:52:00.052;64.66787;-17.47691;2.037;0.73;0.79
386;20230915;114322.786;2023-09-15 11:43:22.786;64.60188;-17.46602;1.258;1.08;0.84
455;20230916;000904.802;2023-09-16 00:09:04.802;64.63557;-17.44685;3.059;2.08;1.37
532;20230917;212205.502;2023-09-17 21:22:05.502;64.64918;-17.3968;0.368;1.94;1.3900000000000001
177;20230918;204702.572;2023-09-18 20:47:02.572;64.61056;-17.52327;3.918;1.3900000000000001;0.87
528;20230921;122023.284;2023-09-21 12:20:23.284;64.62046;-17.4589;0.14400000000000002;1.16;1.02
574;20230921;230942.480;2023-09-21 23:09:42.480;64.61558;-17.48831;0.14400000000000002;2.75;2.34
686;20230922;112126.651;2023-09-22 11:21:26.651;64.61639;-17.4838;0.14400000000000002;2.59;2.03
690;20230922;120449.854;2023-09-22 12:04:49.854;64.62428;-17.58465;2.566;-0.21;-0.2
719;20230922;214330.702;2023-09-22 21:43:30.702;64.65024;-17.36514;1.188;0.67;0.67
917;20230924;083144.082;2023-09-24 08:31:44.082;64.66736;-17.54133;11.39;0.88;0.58
923;20230924;093438.424;2023-09-24 09:34:38.424;64.64194;-17.37409;7.242;2.73;2.22
938;20230924;114943.074;2023-09-24 11:49:43.074;64.66396;-17.53573;6.451;1.57;1.19
972;20230924;173024.990;2023-09-24 17:30:24.990;64.67377;-17.54877;7.688;1.17;0.87
9;20230925;030954.781;2023-09-25 03:09:54.781;64.67115;-17.55854;7.594;1.92;1.31
59;20230925;084715.375;2023-09-25 08:47:15.375;64.62202;-17.36883;11.872;1.37;1.42
104;20230925;211838.595;2023-09-25 21:18:38.595;64.62514;-17.45346;11.019;1.8;1.48
107;20230925;213348.140;2023-09-25 21:33:48.140;64.61621;-17.46837;8.293;2.5700000000000003;2.05
120;20230926;010929.270;2023-09-26 01:09:29.270;64.62885;-17.50462;4.329;2.0;1.31
127;20230926;021140.527;2023-09-26 02:11:40.527;64.61935;-17.46217;2.753;2.07;1.3599999999999999
163;20230926;045951.525;2023-09-26 04:59:51.525;64.64046;-17.35996;1.305;1.24;0.81
372;20230927;175820.951;2023-09-27 17:58:20.951;64.61494;-17.54337;2.097;2.15;1.48
376;20230927;190039.501;2023-09-27 19:00:39.501;64.67591;-17.4201;8.429;2.22;1.1
378;20230927;192100.259;2023-09-27 19:21:00.259;64.62647;-17.40532;10.225;2.13;1.73
415;20230928;013648.541;2023-09-28 01:36:48.541;64.66583;-17.47684;4.5440000000000005;0.71;0.84
429;20230928;030440.237;2023-09-28 03:04:40.237;64.61025;-17.49662;2.637;2.2800000000000002;1.75
470;20230928;071600.807;2023-09-28 07:16:00.807;64.60435;-17.49507;3.607;1.42;0.74
499;20230928;121758.405;2023-09-28 12:17:58.405;64.6217;-17.4669;6.839;0.88;1.1
644;20230929;131423.935;2023-09-29 13:14:23.935;64.6668;-17.52023;4.615;2.41;1.48
651;20230929;152436.083;2023-09-29 15:24:36.083;64.59917;-17.47478;0.074;0.64;0.92
709;20231001;014705.714;2023-10-01 01:47:05.714;64.64179;-17.42167;10.748;0.03;0.5700000000000001
720;20231001;061910.460;2023-10-01 06:19:10.460;64.64635;-17.46891;3.138;0.8300000000000001;0.76
762;20231001;180620.397;2023-10-01 18:06:20.397;64.65002;-17.36459;0.491;2.8200000000000003;2.47
793;20231001;232113.472;2023-10-01 23:21:13.472;64.62725;-17.36207;3.525;1.48;1.48
119;20231003;000641.359;2023-10-03 00:06:41.359;64.62155;-17.47034;0.9490000000000001;1.15;0.98
196;20231003;061209.291;2023-10-03 06:12:09.291;64.67609;-17.51402;3.417;0.79;1.01
238;20231003;180316.474;2023-10-03 18:03:16.474;64.62267;-17.45323;0.135;0.74;0.84
240;20231003;192410.472;2023-10-03 19:24:10.472;64.63856;-17.37882;0.135;0.47000000000000003;0.38
267;20231004;040858.861;2023-10-04 04:08:58.861;64.63565;-17.39364;1.638;1.27;0.7000000000000001
283;20231004;090159.903;2023-10-04 09:01:59.903;64.62137;-17.41704;11.992;1.6800000000000002;1.65
288;20231004;131546.192;2023-10-04 13:15:46.192;64.66044;-17.53893;5.657;0.99;1.04
292;20231004;161157.651;2023-10-04 16:11:57.651;64.62517;-17.4627;7.291;4.86;3.94
293;20231004;161541.771;2023-10-04 16:15:41.771;64.61442;-17.48702;0.135;1.16;1.0
294;20231004;162637.979;2023-10-04 16:26:37.979;64.61986;-17.4915;8.691;3.03;2.71
295;20231004;162858.038;2023-10-04 16:28:58.038;64.61464;-17.49899;7.227;2.0;1.26
296;20231004;163004.273;2023-10-04 16:30:04.273;64.62068;-17.3853;2.276;2.16;1.74
297;20231004;170623.075;2023-10-04 17:06:23.075;64.62341;-17.4028;1.323;1.55;1.37
457;20231006;113920.723;2023-10-06 11:39:20.723;64.63455;-17.36413;0.595;0.8;0.75
473;20231006;160344.309;2023-10-06 16:03:44.309;64.63573;-17.40577;0.549;0.98;0.86
488;20231006;195402.454;2023-10-06 19:54:02.454;64.61642;-17.50273;0.904;1.1;1.03
198;20231012;020811.846;2023-10-12 02:08:11.846;64.66;-17.50565;4.812;2.49;1.9300000000000002
526;20231014;161016.398;2023-10-14 16:10:16.398;64.65649;-17.52617;4.437;2.5;1.4
527;20231014;161310.056;2023-10-14 16:13:10.056;64.65482;-17.52273;5.884;3.63;3.26
738;20231015;210727.112;2023-10-15 21:07:27.112;64.68391;-17.56232;17.618;0.98;0.54
18;20231016;023913.642;2023-10-16 02:39:13.642;64.62046;-17.49335;1.443;0.85;0.9500000000000001
40;20231016;062211.385;2023-10-16 06:22:11.385;64.62404;-17.39501;0.135;1.57;1.29
118;20231016;222615.254;2023-10-16 22:26:15.254;64.67214;-17.4556;3.134;2.29;1.6800000000000002
132;20231017;012245.292;2023-10-17 01:22:45.292;64.64645;-17.51865;0.834;1.12;0.7000000000000001
152;20231017;064421.230;2023-10-17 06:44:21.230;64.61742;-17.48107;0.135;1.43;0.96
193;20231018;072642.078;2023-10-18 07:26:42.078;64.66621;-17.47068;5.959;1.6800000000000002;1.47
249;20231020;053418.342;2023-10-20 05:34:18.342;64.6452;-17.49552;1.887;0.8200000000000001;0.61
297;20231021;011633.518;2023-10-21 01:16:33.518;64.68221;-17.53067;2.152;1.57;0.99
303;20231021;044742.091;2023-10-21 04:47:42.091;64.64392;-17.5542;2.161;1.94;1.29
306;20231021;051929.252;2023-10-21 05:19:29.252;64.6624;-17.47373;2.803;0.98;0.84
309;20231021;071844.400;2023-10-21 07:18:44.400;64.65397;-17.44118;2.959;1.57;0.88
316;20231021;124002.631;2023-10-21 12:40:02.631;64.65047;-17.46077;5.932;0.41000000000000003;-0.92
319;20231021;172445.358;2023-10-21 17:24:45.358;64.65003;-17.44159;2.13;0.93;0.64
337;20231021;231225.296;2023-10-21 23:12:25.296;64.66737;-17.57226;7.3870000000000005;0.37;-0.98
394;20231022;100632.644;2023-10-22 10:06:32.644;64.65336;-17.41097;1.704;0.37;0.15
424;20231022;141938.783;2023-10-22 14:19:38.783;64.63885;-17.36447;0.319;1.19;0.89
432;20231022;154747.108;2023-10-22 15:47:47.108;64.67226;-17.43563;0.311;1.78;1.28
480;20231022;232740.378;2023-10-22 23:27:40.378;64.62979;-17.36715;0.599;0.47000000000000003;0.34
1;20231023;000440.625;2023-10-23 00:04:40.625;64.6492;-17.41602;1.944;0.21;0.12
12;20231023;023224.904;2023-10-23 02:32:24.904;64.61915;-17.55585;0.135;1.35;0.30000000000000004
62;20231023;085248.834;2023-10-23 08:52:48.834;64.66978;-17.49312;0.135;-0.47000000000000003;-0.71
77;20231023;123107.943;2023-10-23 12:31:07.943;64.66202;-17.49059;2.73;2.2;1.6400000000000001
83;20231023;145542.971;2023-10-23 14:55:42.971;64.63287;-17.42126;3.431;0.26;-0.08
105;20231023;191129.227;2023-10-23 19:11:29.227;64.65098;-17.43129;2.482;0.48;-0.55
113;20231023;195624.234;2023-10-23 19:56:24.234;64.64757;-17.42658;2.441;-0.06;-0.37
116;20231023;203634.795;2023-10-23 20:36:34.795;64.65374;-17.4191;1.01;0.13;0.23
117;20231023;204644.213;2023-10-23 20:46:44.213;64.66806;-17.46619;0.451;2.02;1.6600000000000001
134;20231023;231802.334;2023-10-23 23:18:02.334;64.66898;-17.48605;2.355;1.19;0.65
135;20231023;232642.624;2023-10-23 23:26:42.624;64.66634;-17.43715;0.135;-0.25;-0.85
142;20231024;002228.065;2023-10-24 00:22:28.065;64.68391;-17.4834;4.431;0.21;-0.16
180;20231024;055742.845;2023-10-24 05:57:42.845;64.65949;-17.49096;4.192;0.6000000000000001;-0.27
187;20231024;065247.868;2023-10-24 06:52:47.868;64.66531;-17.48646;4.63;-0.05;-0.85
211;20231024;093905.333;2023-10-24 09:39:05.333;64.65946;-17.4366;1.7229999999999999;-0.13;-0.17
339;20231024;185818.112;2023-10-24 18:58:18.112;64.63784;-17.49625;0.968;0.53;0.35000000000000003
341;20231024;185828.790;2023-10-24 18:58:28.790;64.64423;-17.4923;0.135;0.84;0.39
407;20231024;221943.160;2023-10-24 22:19:43.160;64.6672;-17.44772;1.08;5.02;4.09
410;20231024;222428.161;2023-10-24 22:24:28.161;64.66042;-17.53839;2.841;1.44;0.98
411;20231024;222707.724;2023-10-24 22:27:07.724;64.64388;-17.36769;0.7010000000000001;0.85;0.74
412;20231024;223106.487;2023-10-24 22:31:06.487;64.64922;-17.4447;1.574;0.52;0.47000000000000003
424;20231024;225807.287;2023-10-24 22:58:07.287;64.65343;-17.51861;3.31;0.26;-1.04
439;20231024;233007.235;2023-10-24 23:30:07.235;64.6516;-17.39197;0.038;2.23;1.48
443;20231024;233530.005;2023-10-24 23:35:30.005;64.6776;-17.42375;0.135;0.01;-0.22
459;20231025;004806.856;2023-10-25 00:48:06.856;64.64306;-17.38696;0.135;0.49;0.18
481;20231025;021148.581;2023-10-25 02:11:48.581;64.64821;-17.37813;0.135;0.73;0.53
614;20231025;110749.995;2023-10-25 11:07:49.995;64.67333;-17.43831;0.229;1.82;1.33
711;20231025;165542.789;2023-10-25 16:55:42.789;64.63571;-17.40517;1.168;0.67;0.37
723;20231025;223742.165;2023-10-25 22:37:42.165;64.64169;-17.39534;0.7020000000000001;1.22;0.5
282;20231031;101012.870;2023-10-31 10:10:12.870;64.66949;-17.4495;2.376;2.4;1.69
546;20231116;033614.325;2023-11-16 03:36:14.325;64.63442;-17.53538;0.135;1.06;0.4
531;20231126;033137.014;2023-11-26 03:31:37.014;64.62787;-17.45917;5.348;0.25;-0.19
64;20231127;054305.915;2023-11-27 05:43:05.915;64.63524;-17.5158;1.9649999999999999;-0.09;-0.39
3;20231204;002958.171;2023-12-04 00:29:58.171;64.61877;-17.52291;0.135;0.9400000000000001;0.67
87;20231204;145853.510;2023-12-04 14:58:53.510;64.6519;-17.50546;3.5949999999999998;0.41000000000000003;-0.5
165;20231205;063713.186;2023-12-05 06:37:13.186;64.62357;-17.41209;0.20600000000000002;2.38;2.22
222;20231205;180128.239;2023-12-05 18:01:28.239;64.68343;-17.43966;1.671;1.62;1.38
263;20231206;023412.576;2023-12-06 02:34:12.576;64.62659;-17.49612;0.997;1.8399999999999999;1.47
337;20231207;000252.067;2023-12-07 00:02:52.067;64.66639;-17.45507;2.2439999999999998;3.08;2.47
353;20231207;023805.336;2023-12-07 02:38:05.336;64.64171;-17.545560000000002;2.832;1.28;1.1400000000000001
465;20231208;101455.445;2023-12-08 10:14:55.445;64.64055;-17.51296;2.711;0.48;0.12
718;20231210;133504.897;2023-12-10 13:35:04.897;64.61999;-17.44897;21.073;1.13;1.02
71;20231211;132907.893;2023-12-11 13:29:07.893;64.6189;-17.47658;2.839;2.06;1.5
87;20231211;222139.700;2023-12-11 22:21:39.700;64.63876;-17.50504;2.646;0.15;-0.18
116;20231212;042820.519;2023-12-12 04:28:20.519;64.63103;-17.4758;3.708;0.41000000000000003;0.15
306;20231214;083955.280;2023-12-14 08:39:55.280;64.648;-17.49811;3.21;1.23;0.64
486;20231216;081502.911;2023-12-16 08:15:02.911;64.62916;-17.45723;1.675;2.12;1.49
618;20231217;015154.489;2023-12-17 01:51:54.489;64.63839;-17.50887;2.386;0.9400000000000001;0.5
622;20231217;021813.783;2023-12-17 02:18:13.783;64.6141;-17.51204;2.328;1.02;0.75
694;20231217;072037.054;2023-12-17 07:20:37.054;64.62449;-17.49743;3.243;1.3;0.9400000000000001
58;20231218;064609.356;2023-12-18 06:46:09.356;64.61579;-17.48731;2.228;1.52;1.06
387;20231220;224747.348;2023-12-20 22:47:47.348;64.65305;-17.42891;4.612;0.91;0.67
392;20231221;003047.784;2023-12-21 00:30:47.784;64.64346;-17.45051;6.333;0.6000000000000001;-0.32
393;20231221;003137.649;2023-12-21 00:31:37.649;64.6101;-17.46907;1.187;1.38;0.76
514;20231222;060510.395;2023-12-22 06:05:10.395;64.60839;-17.51208;1.259;0.7000000000000001;-0.09
523;20231222;065722.066;2023-12-22 06:57:22.066;64.61414;-17.5054;0.937;1.57;1.1400000000000001
590;20231222;131828.283;2023-12-22 13:18:28.283;64.64342;-17.47437;2.457;0.21;0.30000000000000004
647;20231222;213435.300;2023-12-22 21:34:35.300;64.66656;-17.4241;2.941;2.29;1.45
648;20231222;213641.424;2023-12-22 21:36:41.424;64.66598;-17.41045;2.745;3.36;2.65
649;20231222;213811.728;2023-12-22 21:38:11.728;64.64488;-17.40994;3.26;0.81;0.66
655;20231223;004903.122;2023-12-23 00:49:03.122;64.66769;-17.45289;3.03;1.01;1.03
731;20231223;130856.729;2023-12-23 13:08:56.729;64.67449;-17.48409;4.468;0.27;-0.46
749;20231223;180628.297;2023-12-23 18:06:28.297;64.67451;-17.47189;4.678;0.62;0.12
776;20231224;015535.628;2023-12-24 01:55:35.628;64.64341;-17.51402;1.051;3.71;3.25
777;20231224;020312.109;2023-12-24 02:03:12.109;64.64159;-17.50892;3.039;0.64;0.07
783;20231224;022056.530;2023-12-24 02:20:56.530;64.62782;-17.50935;1.006;1.16;0.63
784;20231224;022733.037;2023-12-24 02:27:33.037;64.62846;-17.5181;0.8270000000000001;0.68;0.5700000000000001
807;20231224;073514.964;2023-12-24 07:35:14.964;64.63564;-17.4946;1.9;0.34;0.11
812;20231224;075646.463;2023-12-24 07:56:46.463;64.66627;-17.52552;4.825;0.77;-0.22
878;20231224;222007.623;2023-12-24 22:20:07.623;64.64103;-17.49205;2.501;1.12;0.76
81;20231225;134046.212;2023-12-25 13:40:46.212;64.62913;-17.47861;2.914;1.07;1.05
83;20231225;134341.066;2023-12-25 13:43:41.066;64.60825;-17.46302;0.135;0.98;1.08
153;20231226;051313.097;2023-12-26 05:13:13.097;64.6265;-17.36873;1.22;1.05;1.12
173;20231226;094132.041;2023-12-26 09:41:32.041;64.62823;-17.39785;0.135;0.58;-0.01
356;20231228;024355.280;2023-12-28 02:43:55.280;64.63042;-17.44559;2.676;1.49;1.03
416;20231229;013345.800;2023-12-29 01:33:45.800;64.62628;-17.39235;7.192;2.46;2.29
671;20231231;180528.595;2023-12-31 18:05:28.595;64.67007;-17.43889;0.135;3.5700000000000003;3.27
35;20240101;080912.275;2024-01-01 08:09:12.275;64.61926;-17.53728;1.689;0.64;0.6000000000000001
101;20240101;213430.430;2024-01-01 21:34:30.430;64.66634;-17.50718;7.426;2.1;1.51
153;20240102;083228.035;2024-01-02 08:32:28.035;64.61699;-17.48869;0.316;1.65;1.33
359;20240104;085002.499;2024-01-04 08:50:02.499;64.62077;-17.50431;2.941;0.97;0.88
366;20240104;134212.648;2024-01-04 13:42:12.648;64.63408;-17.4003;5.135;0.66;0.65
29;20240108;224500.776;2024-01-08 22:45:00.776;64.63799;-17.35409;1.341;2.15;2.0
87;20240110;045950.966;2024-01-10 04:59:50.966;64.65112;-17.36608;1.455;0.77;1.24
142;20240110;130926.175;2024-01-10 13:09:26.175;64.61918;-17.49372;3.586;0.68;0.74
153;20240110;143532.833;2024-01-10 14:35:32.833;64.61478;-17.48401;0.135;1.13;1.22
174;20240110;202143.969;2024-01-10 20:21:43.969;64.62266;-17.55518;9.888;0.84;1.03
181;20240110;210812.543;2024-01-10 21:08:12.543;64.62025;-17.47754;0.135;1.16;0.75
225;20240111;073001.189;2024-01-11 07:30:01.189;64.65894;-17.46947;4.765;0.74;0.88
226;20240111;075319.158;2024-01-11 07:53:19.158;64.66125;-17.49924;0.748;0.54;0.58
244;20240111;115334.696;2024-01-11 11:53:34.696;64.61243;-17.50634;0.135;3.15;2.79
339;20240112;035155.542;2024-01-12 03:51:55.542;64.63107;-17.44477;0.135;1.52;0.9400000000000001
490;20240113;143127.252;2024-01-13 14:31:27.252;64.58094;-17.413240000000002;4.258;0.79;0.56
493;20240113;153613.897;2024-01-13 15:36:13.897;64.6423;-17.49031;3.365;0.11;-0.29
502;20240113;235203.992;2024-01-13 23:52:03.992;64.66015;-17.50808;0.135;2.02;1.45
635;20240114;152351.907;2024-01-14 15:23:51.907;64.62569;-17.43349;0.135;3.42;2.62
641;20240114;171025.646;2024-01-14 17:10:25.646;64.62026;-17.44991;0.135;1.04;1.15
52;20240115;102901.323;2024-01-15 10:29:01.323;64.65157;-17.36749;0.135;2.74;2.69
100;20240115;175322.733;2024-01-15 17:53:22.733;64.64838;-17.37797;0.757;1.92;1.31
118;20240115;220226.271;2024-01-15 22:02:26.271;64.6508;-17.53527;3.088;1.15;0.76
239;20240117;141435.375;2024-01-17 14:14:35.375;64.62438;-17.51015;7.718;2.5;3.24
240;20240117;141444.306;2024-01-17 14:14:44.306;64.6261;-17.46378;2.097;4.06;3.5
210;20240124;102341.425;2024-01-24 10:23:41.425;64.68256;-17.51866;3.922;1.57;0.8300000000000001
323;20240126;014830.551;2024-01-26 01:48:30.551;64.62174;-17.51645;0.14;0.37;0.04
392;20240127;092834.936;2024-01-27 09:28:34.936;64.62826;-17.37662;2.858;2.5700000000000003;2.1
434;20240128;013322.351;2024-01-28 01:33:22.351;64.63668;-17.43406;10.694;1.3;0.65
530;20240128;195556.997;2024-01-28 19:55:56.997;64.61687;-17.50982;0.632;1.16;0.79
536;20240128;204740.913;2024-01-28 20:47:40.913;64.61701;-17.51707;4.439;0.86;0.63
34;20240129;115142.876;2024-01-29 11:51:42.876;64.66989;-17.5566;6.992;1.09;1.18
36;20240129;115351.409;2024-01-29 11:53:51.409;64.66029;-17.56701;11.787;1.03;0.8200000000000001
85;20240130;061340.733;2024-01-30 06:13:40.733;64.64069;-17.43871;11.766;1.65;0.86
107;20240130;144235.874;2024-01-30 14:42:35.874;64.65761;-17.49774;5.911;2.69;2.07
109;20240130;145443.014;2024-01-30 14:54:43.014;64.67805;-17.53682;7.01;1.29;1.06
119;20240130;182541.130;2024-01-30 18:25:41.130;64.63408;-17.43247;5.714;0.7000000000000001;0.37
148;20240131;050709.721;2024-01-31 05:07:09.721;64.62304;-17.53852;7.93;1.33;1.12
284;20240201;203224.972;2024-02-01 20:32:24.972;64.62399;-17.47275;3.689;2.04;1.6800000000000002
381;20240203;054758.354;2024-02-03 05:47:58.354;64.64477;-17.45541;9.542;1.38;0.9500000000000001
389;20240203;092552.876;2024-02-03 09:25:52.876;64.64159;-17.48951;10.472;0.86;0.32
400;20240203;120009.561;2024-02-03 12:00:09.561;64.63203;-17.43159;6.128;0.53;-0.09
478;20240204;075145.926;2024-02-04 07:51:45.926;64.6486;-17.36239;1.06;0.5;0.63
599;20240204;222634.082;2024-02-04 22:26:34.082;64.62682;-17.37988;4.7940000000000005;1.65;1.37
154;20240205;180229.929;2024-02-05 18:02:29.929;64.67042000000001;-17.50898;5.784;1.09;1.11
160;20240205;182953.996;2024-02-05 18:29:53.996;64.63399;-17.42908;7.187;1.15;0.6900000000000001
189;20240205;231200.084;2024-02-05 23:12:00.084;64.6438;-17.4097;0.135;0.36;0.16
206;20240206;052248.887;2024-02-06 05:22:48.887;64.66585;-17.526510000000002;4.815;1.82;1.18
227;20240206;101905.622;2024-02-06 10:19:05.622;64.67691;-17.46556;1.075;1.44;1.25
416;20240207;142244.738;2024-02-07 14:22:44.738;64.63071;-17.49989;2.327;1.3900000000000001;0.84
434;20240207;175712.017;2024-02-07 17:57:12.017;64.67225;-17.41731;2.12;2.41;1.82
586;20240208;165210.112;2024-02-08 16:52:10.112;64.68634;-17.47289;3.24;0.12;-0.51
781;20240210;063320.900;2024-02-10 06:33:20.900;64.63855;-17.56607;12.041;0.48;-0.17
801;20240210;102930.308;2024-02-10 10:29:30.308;64.61637;-17.51418;0.135;0.73;0.87
130;20240213;040940.630;2024-02-13 04:09:40.630;64.6728;-17.51507;4.072;1.26;1.16
267;20240214;031432.640;2024-02-14 03:14:32.640;64.63618;-17.3548;0.384;0.99;0.91
285;20240214;063737.557;2024-02-14 06:37:37.557;64.62111;-17.50026;0.042;0.36;0.07
298;20240214;094050.381;2024-02-14 09:40:50.381;64.67463;-17.50677;7.293;1.38;1.27
302;20240214;103708.299;2024-02-14 10:37:08.299;64.67703;-17.51296;0.065;0.14;-0.13
403;20240215;074614.052;2024-02-15 07:46:14.052;64.63643;-17.41924;0.044;0.89;0.73
430;20240215;125105.365;2024-02-15 12:51:05.365;64.64648;-17.38283;0.051000000000000004;0.24;0.13
445;20240215;153318.837;2024-02-15 15:33:18.837;64.60699;-17.49859;0.051000000000000004;0.49;0.14
450;20240215;171056.570;2024-02-15 17:10:56.570;64.64069;-17.4901;2.03;0.08;-0.05
461;20240215;184724.814;2024-02-15 18:47:24.814;64.67252;-17.3765;0.115;0.23;0.30000000000000004
537;20240216;064122.951;2024-02-16 06:41:22.951;64.62367;-17.39004;2.552;2.08;1.6099999999999999
638;20240216;214352.415;2024-02-16 21:43:52.415;64.62012;-17.48158;4.015;3.68;2.91
640;20240216;215309.275;2024-02-16 21:53:09.275;64.62447;-17.48152;0.135;0.87;0.63
647;20240216;222934.436;2024-02-16 22:29:34.436;64.61504;-17.49606;0.091;0.77;0.77
657;20240217;001447.649;2024-02-17 00:14:47.649;64.65761;-17.46649;3.459;-0.36;-0.68
663;20240217;012044.103;2024-02-17 01:20:44.103;64.6223;-17.47825;2.739;0.76;0.63
664;20240217;012559.470;2024-02-17 01:25:59.470;64.61729;-17.49113;0.794;0.34;0.22
667;20240217;014656.856;2024-02-17 01:46:56.856;64.61851;-17.48161;0.8200000000000001;0.88;0.64
674;20240217;035051.999;2024-02-17 03:50:51.999;64.61859;-17.5186;2.593;1.5899999999999999;0.86
679;20240217;045103.660;2024-02-17 04:51:03.660;64.65845;-17.55244;9.119;0.73;1.44
716;20240217;144444.923;2024-02-17 14:44:44.923;64.63537;-17.42354;3.3529999999999998;1.28;0.73
717;20240217;151006.354;2024-02-17 15:10:06.354;64.63817;-17.42279;5.813;2.06;1.37
718;20240217;151322.548;2024-02-17 15:13:22.548;64.64095;-17.44407;1.863;0.64;-0.09
782;20240218;115542.707;2024-02-18 11:55:42.707;64.61787;-17.4456;0.047;0.34;0.25
804;20240218;180407.544;2024-02-18 18:04:07.544;64.63611;-17.44978;10.901;0.9;0.5700000000000001
85;20240220;012243.858;2024-02-20 01:22:43.858;64.66705;-17.45102;2.15;2.9699999999999998;2.61
106;20240220;125704.503;2024-02-20 12:57:04.503;64.65367;-17.39388;4.385;0.5700000000000001;0.71
395;20240223;125003.909;2024-02-23 12:50:03.909;64.61784;-17.43675;0.135;0.49;0.24
417;20240223;185746.719;2024-02-23 18:57:46.719;64.6234;-17.39731;7.811;3.13;2.9
419;20240223;193113.692;2024-02-23 19:31:13.692;64.62566;-17.37986;1.921;1.13;1.35
422;20240223;203139.043;2024-02-23 20:31:39.043;64.62352;-17.3693;8.574;1.05;1.33
515;20240224;134054.730;2024-02-24 13:40:54.730;64.64116;-17.39972;0.5630000000000001;0.86;1.08
678;20240225;075631.688;2024-02-25 07:56:31.688;64.62347;-17.47118;8.737;1.17;1.01
679;20240225;075700.902;2024-02-25 07:57:00.902;64.62247;-17.44422;0.135;3.24;2.91
681;20240225;080455.361;2024-02-25 08:04:55.361;64.62451;-17.44263;0.135;0.93;0.63
764;20240225;151252.177;2024-02-25 15:12:52.177;64.63132;-17.40318;0.135;1.6;1.21
95;20240226;191315.287;2024-02-26 19:13:15.287;64.63171;-17.41608;0.017;0.72;0.65
161;20240227;084938.187;2024-02-27 08:49:38.187;64.61861;-17.46047;0.135;0.9;0.65
175;20240227;122501.254;2024-02-27 12:25:01.254;64.6595;-17.4575;2.171;0.68;0.75
191;20240227;173819.417;2024-02-27 17:38:19.417;64.67253;-17.4051;0.135;0.38;-0.01
210;20240228;005836.477;2024-02-28 00:58:36.477;64.61961;-17.46104;0.135;0.87;0.64
221;20240228;025650.580;2024-02-28 02:56:50.580;64.68388;-17.49204;6.432;0.41000000000000003;-0.19
222;20240228;030639.592;2024-02-28 03:06:39.592;64.60802;-17.57175;13.94;0.73;0.09
259;20240228;083742.509;2024-02-28 08:37:42.509;64.61922;-17.40937;0.042;1.54;0.97
276;20240228;114141.355;2024-02-28 11:41:41.355;64.60971;-17.43868;0.042;0.24;0.04
299;20240228;202100.740;2024-02-28 20:21:00.740;64.60978;-17.4936;0.135;1.46;1.06
314;20240229;013947.211;2024-02-29 01:39:47.211;64.65662;-17.40319;3.178;0.6900000000000001;0.56
473;20240301;085653.251;2024-03-01 08:56:53.251;64.63619;-17.50763;0.135;0.58;0.89
877;20240303;065348.299;2024-03-03 06:53:48.299;64.67609;-17.51438;1.334;0.75;0.66
899;20240303;094720.768;2024-03-03 09:47:20.768;64.67348;-17.54119;7.788;0.98;1.03
932;20240303;191611.000;2024-03-03 19:16:11.000;64.63808;-17.57304;6.97;1.12;0.72
112;20240304;202024.110;2024-03-04 20:20:24.110;64.62002;-17.41878;0.135;0.75;0.48
262;20240306;103238.305;2024-03-06 10:32:38.305;64.62234;-17.47001;1.018;0.30000000000000004;0.11
267;20240306;113127.303;2024-03-06 11:31:27.303;64.62119;-17.52027;0.135;0.76;0.46
329;20240307;094147.294;2024-03-07 09:41:47.294;64.65943;-17.48435;0.135;3.19;2.8200000000000003
330;20240307;094544.256;2024-03-07 09:45:44.256;64.67346;-17.51287;0.135;0.7000000000000001;0.76
332;20240307;095632.585;2024-03-07 09:56:32.585;64.67324;-17.49986;0.135;0.75;0.71
407;20240308;160520.502;2024-03-08 16:05:20.502;64.62199;-17.56314;18.34;0.5;-0.08
434;20240309;012159.191;2024-03-09 01:21:59.191;64.67229;-17.45832;7.95;1.24;0.63
494;20240309;213523.857;2024-03-09 21:35:23.857;64.62365;-17.41114;15.598;0.31;-0.39
517;20240310;023555.852;2024-03-10 02:35:55.852;64.62252;-17.40993;0.135;0.5;0.26
528;20240310;053425.904;2024-03-10 05:34:25.904;64.6356;-17.43089;2.049;0.8300000000000001;0.43
558;20240310;102403.852;2024-03-10 10:24:03.852;64.60279;-17.4513;0.135;0.14;0.31
614;20240310;195740.519;2024-03-10 19:57:40.519;64.66233;-17.53497;2.231;0.98;0.86
615;20240310;195808.606;2024-03-10 19:58:08.606;64.66122;-17.52618;6.886;2.33;1.67
41;20240311;042923.486;2024-03-11 04:29:23.486;64.65723;-17.35785;2.127;0.55;0.63
202;20240312;021841.777;2024-03-12 02:18:41.777;64.68848;-17.46097;1.115;0.84;0.68
295;20240312;181457.731;2024-03-12 18:14:57.731;64.66753;-17.43501;0.135;1.52;1.0
323;20240312;223518.496;2024-03-12 22:35:18.496;64.61562;-17.49905;0.135;1.5;0.96
471;20240314;050119.471;2024-03-14 05:01:19.471;64.67178;-17.45771;4.734;3.23;2.74
532;20240314;161544.376;2024-03-14 16:15:44.376;64.61544;-17.49935;0.042;0.9;0.63
553;20240314;194339.049;2024-03-14 19:43:39.049;64.61853;-17.50207;0.135;1.34;0.93
559;20240314;205942.831;2024-03-14 20:59:42.831;64.62154;-17.51885;5.624;1.67;1.15
566;20240315;001205.600;2024-03-15 00:12:05.600;64.61531;-17.50875;0.135;0.88;0.92
606;20240315;080618.283;2024-03-15 08:06:18.283;64.59972;-17.59074;17.982;0.34;-0.30000000000000004
608;20240315;083341.532;2024-03-15 08:33:41.532;64.68719;-17.42585;8.642;0.66;0.51
617;20240315;111650.949;2024-03-15 11:16:50.949;64.67947;-17.44112;5.305;1.5899999999999999;0.96
720;20240316;055102.051;2024-03-16 05:51:02.051;64.62275;-17.47936;8.678;1.6800000000000002;0.97
760;20240316;120407.356;2024-03-16 12:04:07.356;64.62044;-17.43529;0.135;0.68;0.28
789;20240316;144901.670;2024-03-16 14:49:01.670;64.61701;-17.45752;0.135;0.47000000000000003;-0.08
808;20240316;160431.320;2024-03-16 16:04:31.320;64.6153;-17.48162;1.498;0.72;0.64
937;20240317;020904.285;2024-03-17 02:09:04.285;64.67925;-17.51685;7.416;0.56;0.1
946;20240317;060341.280;2024-03-17 06:03:41.280;64.58622;-17.52378;18.534;0.43;-0.18
947;20240317;063124.298;2024-03-17 06:31:24.298;64.6759;-17.56634;7.427;0.88;0.73
961;20240317;171658.624;2024-03-17 17:16:58.624;64.66369;-17.54428;5.6129999999999995;1.34;0.67
972;20240317;234106.255;2024-03-17 23:41:06.255;64.62703;-17.53825;5.069;1.17;0.9400000000000001
2;20240318;004334.491;2024-03-18 00:43:34.491;64.68314;-17.52768;6.007;1.6099999999999999;1.1400000000000001
4;20240318;004545.401;2024-03-18 00:45:45.401;64.66451;-17.50818;7.765;4.39;3.8200000000000003
5;20240318;004726.220;2024-03-18 00:47:26.220;64.66541;-17.5487;0.135;2.35;2.27
6;20240318;010000.681;2024-03-18 01:00:00.681;64.68338;-17.48634;2.882;1.23;1.05
8;20240318;013723.751;2024-03-18 01:37:23.751;64.67802;-17.51983;7.731;1.02;0.79
9;20240318;014217.915;2024-03-18 01:42:17.915;64.68238;-17.49868;0.135;1.06;0.73
13;20240318;030013.649;2024-03-18 03:00:13.649;64.63567;-17.43951;0.135;1.19;0.71
17;20240318;042104.406;2024-03-18 04:21:04.406;64.63645;-17.52552;9.982;1.42;0.93
30;20240318;122301.413;2024-03-18 12:23:01.413;64.62348;-17.51936;7.282;1.94;1.28
31;20240318;122319.766;2024-03-18 12:23:19.766;64.62;-17.48295;4.531;2.5;1.9500000000000002
45;20240318;160341.932;2024-03-18 16:03:41.932;64.65558;-17.57914;9.518;0.58;0.42
77;20240319;015851.415;2024-03-19 01:58:51.415;64.6195;-17.49105;4.876;1.74;1.15
83;20240319;023221.661;2024-03-19 02:32:21.661;64.66142;-17.50724;6.331;1.09;1.12
84;20240319;023309.226;2024-03-19 02:33:09.226;64.66653;-17.52742;6.5600000000000005;1.17;0.74
85;20240319;024511.709;2024-03-19 02:45:11.709;64.6476;-17.50355;2.635;0.86;0.08
106;20240319;080709.263;2024-03-19 08:07:09.263;64.61636;-17.51024;0.135;1.7000000000000002;1.34
112;20240319;115930.288;2024-03-19 11:59:30.288;64.66071;-17.57144;8.888;1.17;0.93
122;20240319;172756.025;2024-03-19 17:27:56.025;64.62021;-17.51471;1.093;1.51;1.04
175;20240320;134333.470;2024-03-20 13:43:33.470;64.68065;-17.42338;8.149;2.2;1.6400000000000001
185;20240321;014857.625;2024-03-21 01:48:57.625;64.62232;-17.37568;6.48;2.7800000000000002;2.39
283;20240323;122233.115;2024-03-23 12:22:33.115;64.62633;-17.44514;19.92;1.38;0.8200000000000001
295;20240324;013612.328;2024-03-24 01:36:12.328;64.67258;-17.499390000000002;10.677;0.88;0.15
303;20240324;034547.864;2024-03-24 03:45:47.864;64.6375;-17.36317;1.05;1.1;0.56
306;20240324;044258.020;2024-03-24 04:42:58.020;64.67878;-17.48596;5.447;0.65;0.44
334;20240324;145556.364;2024-03-24 14:55:56.364;64.68008;-17.52368;0.135;0.51;1.24
335;20240324;145713.670;2024-03-24 14:57:13.670;64.66825;-17.52795;7.71;1.9300000000000002;1.51
336;20240324;145818.504;2024-03-24 14:58:18.504;64.66547;-17.51749;6.671;2.74;1.6099999999999999
2;20240325;003925.655;2024-03-25 00:39:25.655;64.63825;-17.43612;2.557;0.53;0.43
27;20240325;060509.461;2024-03-25 06:05:09.461;64.62335;-17.51307;0.135;1.24;0.73
35;20240325;080731.167;2024-03-25 08:07:31.167;64.61169;-17.49303;0.135;0.64;1.29
42;20240325;082529.302;2024-03-25 08:25:29.302;64.63422;-17.42434;7.393;0.72;0.48
47;20240325;091238.958;2024-03-25 09:12:38.958;64.61185;-17.49033;3.674;2.21;1.23
74;20240325;175322.721;2024-03-25 17:53:22.721;64.63319;-17.44414;5.873;0.46;0.31
75;20240325;181123.904;2024-03-25 18:11:23.904;64.594;-17.52735;1.1440000000000001;-0.1;-0.26
93;20240325;222722.604;2024-03-25 22:27:22.604;64.63409;-17.42703;5.645;1.58;0.97
98;20240326;013242.375;2024-03-26 01:32:42.375;64.63678;-17.41941;0.135;0.72;0.5
102;20240326;023650.181;2024-03-26 02:36:50.181;64.61325;-17.49465;0.135;0.75;0.5
121;20240326;070003.046;2024-03-26 07:00:03.046;64.62033;-17.48709;0.135;1.56;1.27
122;20240326;070113.008;2024-03-26 07:01:13.008;64.60811;-17.51555;0.135;0.5;0.30000000000000004
128;20240326;091323.315;2024-03-26 09:13:23.315;64.59798;-17.5092;6.375;1.12;0.73
150;20240326;204726.872;2024-03-26 20:47:26.872;64.62744;-17.365380000000002;0.135;0.58;0.6000000000000001
168;20240327;030455.570;2024-03-27 03:04:55.570;64.6229;-17.4035;0.135;0.71;0.66
226;20240327;184710.294;2024-03-27 18:47:10.294;64.67117;-17.41113;1.362;2.7;2.5
227;20240327;204947.959;2024-03-27 20:49:47.959;64.66183;-17.3788;1.125;0.4;0.59
254;20240328;063703.610;2024-03-28 06:37:03.610;64.62543;-17.44769;6.288;0.5;0.56
276;20240328;172441.663;2024-03-28 17:24:41.663;64.62026;-17.51167;1.615;2.2800000000000002;1.69
353;20240329;072931.175;2024-03-29 07:29:31.175;64.62055;-17.3979;1.893;1.11;0.89
476;20240330;100000.302;2024-03-30 10:00:00.302;64.66995;-17.4491;4.86;2.09;1.46
477;20240330;101842.629;2024-03-30 10:18:42.629;64.63894;-17.39913;6.029;0.91;0.59
481;20240330;124300.387;2024-03-30 12:43:00.387;64.68479;-17.48378;7.915;0.93;0.75
507;20240330;214220.507;2024-03-30 21:42:20.507;64.61887;-17.50196;0.135;1.73;1.09
508;20240330;215050.808;2024-03-30 21:50:50.808;64.60657;-17.56419;20.997;1.1;0.24
511;20240330;231803.395;2024-03-30 23:18:03.395;64.62476;-17.42272;0.135;0.31;-0.01
523;20240331;050113.970;2024-03-31 05:01:13.970;64.62077;-17.4932;0.638;1.29;1.12
526;20240331;052956.079;2024-03-31 05:29:56.079;64.62981;-17.4938;0.135;0.42;0.51
527;20240331;054035.515;2024-03-31 05:40:35.515;64.6151;-17.47747;0.135;0.37;0.46
528;20240331;060226.582;2024-03-31 06:02:26.582;64.61774;-17.49522;0.135;0.09;-0.23
555;20240331;161139.874;2024-03-31 16:11:39.874;64.66302;-17.52383;5.502;2.52;1.81
50;20240401;235145.256;2024-04-01 23:51:45.256;64.6284;-17.35415;1.593;1.48;1.22
51;20240402;000935.901;2024-04-02 00:09:35.901;64.62413;-17.39728;1.395;0.78;0.74
62;20240402;054234.126;2024-04-02 05:42:34.126;64.66882;-17.47629;3.767;1.45;1.21
63;20240402;054259.084;2024-04-02 05:42:59.084;64.67758;-17.50063;7.358;1.3599999999999999;0.89
64;20240402;054553.389;2024-04-02 05:45:53.389;64.65633;-17.37848;9.869;0.64;0.6900000000000001
68;20240402;065241.494;2024-04-02 06:52:41.494;64.65682;-17.38781;10.596;0.44;0.44
78;20240402;091856.886;2024-04-02 09:18:56.886;64.61064;-17.49746;1.708;0.37;0.11
80;20240402;115036.968;2024-04-02 11:50:36.968;64.66673;-17.41838;3.534;-0.1;-0.4
87;20240402;163307.662;2024-04-02 16:33:07.662;64.62966;-17.45212;0.135;0.15;-0.16
89;20240402;164616.696;2024-04-02 16:46:16.696;64.617;-17.48106;14.906;0.43;-0.37
91;20240402;172602.694;2024-04-02 17:26:02.694;64.62587;-17.45148;0.135;0.32;-0.16
94;20240402;185156.740;2024-04-02 18:51:56.740;64.62499;-17.4175;0.135;0.67;0.65
111;20240403;002511.008;2024-04-03 00:25:11.008;64.67761;-17.49743;7.896;0.22;-0.29
117;20240403;022238.820;2024-04-03 02:22:38.820;64.60938;-17.51122;0.135;0.09;-0.22
142;20240403;080546.501;2024-04-03 08:05:46.501;64.61672;-17.45507;0.135;0.79;0.38
156;20240403;113752.911;2024-04-03 11:37:52.911;64.61156;-17.473770000000002;0.135;-0.18;-0.46
190;20240403;204949.388;2024-04-03 20:49:49.388;64.618;-17.50071;7.565;0.53;-0.09
205;20240403;231126.495;2024-04-03 23:11:26.495;64.61933;-17.44638;0.135;0.87;0.78
210;20240404;010336.629;2024-04-04 01:03:36.629;64.66985;-17.35062;0.135;0.32;0.0
220;20240404;061125.823;2024-04-04 06:11:25.823;64.61163;-17.51186;1.1440000000000001;-0.13;-0.43
224;20240404;070313.095;2024-04-04 07:03:13.095;64.61901;-17.48672;0.052000000000000005;0.4;0.52
229;20240404;083900.545;2024-04-04 08:39:00.545;64.59247;-17.50657;0.049;-0.36;-0.25
236;20240404;110107.844;2024-04-04 11:01:07.844;64.66319;-17.51571;0.996;0.86;0.9500000000000001
237;20240404;110239.616;2024-04-04 11:02:39.616;64.66514;-17.50532;5.207;1.99;1.67
239;20240404;110826.770;2024-04-04 11:08:26.770;64.66348;-17.54625;9.724;0.87;0.5700000000000001
240;20240404;111327.325;2024-04-04 11:13:27.325;64.62411;-17.48659;6.167;0.09;-0.02
246;20240404;130650.540;2024-04-04 13:06:50.540;64.6306;-17.40196;0.135;0.16;0.06
248;20240404;133746.466;2024-04-04 13:37:46.466;64.61108;-17.49355;0.135;0.96;0.66
249;20240404;142746.392;2024-04-04 14:27:46.392;64.6144;-17.48881;0.135;0.56;0.76
250;20240404;143036.863;2024-04-04 14:30:36.863;64.64846;-17.37573;1.5550000000000002;0.17;0.26
259;20240404;182835.266;2024-04-04 18:28:35.266;64.59913;-17.48939;17.036;-0.07;-0.46
263;20240404;201654.406;2024-04-04 20:16:54.406;64.61989;-17.451810000000002;7.537;0.6900000000000001;0.54
265;20240404;205200.361;2024-04-04 20:52:00.361;64.60106;-17.51337;9.758;0.38;0.43
266;20240404;212720.926;2024-04-04 21:27:20.926;64.61496;-17.48316;7.004;0.5;-0.33
272;20240404;230230.626;2024-04-04 23:02:30.626;64.62328;-17.38628;1.472;0.52;0.65
274;20240404;231830.795;2024-04-04 23:18:30.795;64.62132;-17.47169;0.037;0.07;-0.32
277;20240404;234134.450;2024-04-04 23:41:34.450;64.61955;-17.45118;1.044;1.12;0.92
283;20240405;041607.197;2024-04-05 04:16:07.197;64.61805;-17.49864;16.248;0.15;-0.34
284;20240405;043441.689;2024-04-05 04:34:41.689;64.62775;-17.38682;5.32;0.93;0.71
286;20240405;052455.125;2024-04-05 05:24:55.125;64.6237;-17.4034;2.32;0.38;0.45
287;20240405;055505.359;2024-04-05 05:55:05.359;64.61484;-17.48216;0.089;0.54;0.32
288;20240405;072723.226;2024-04-05 07:27:23.226;64.61854;-17.40506;0.542;1.79;1.15
289;20240405;072836.639;2024-04-05 07:28:36.639;64.61133;-17.41211;0.05;-0.07;-0.16
290;20240405;073537.626;2024-04-05 07:35:37.626;64.6161;-17.42192;12.493;0.43;0.31
293;20240405;084100.966;2024-04-05 08:41:00.966;64.62862;-17.41021;2.66;0.11;0.27
294;20240405;084151.069;2024-04-05 08:41:51.069;64.63246;-17.39965;6.349;2.38;1.78
295;20240405;085643.948;2024-04-05 08:56:43.948;64.60792000000001;-17.57888;15.269;0.58;-0.12
298;20240405;104131.303;2024-04-05 10:41:31.303;64.62765;-17.42218;4.002;0.06;0.19
302;20240405;113139.472;2024-04-05 11:31:39.472;64.61933;-17.39194;2.004;0.39;0.85
305;20240405;125433.390;2024-04-05 12:54:33.390;64.667;-17.53979;3.064;0.39;0.6900000000000001
324;20240405;153939.040;2024-04-05 15:39:39.040;64.62695;-17.44535;0.135;-0.14;-0.49
325;20240405;154112.129;2024-04-05 15:41:12.129;64.61691;-17.46815;0.135;0.09;-0.31
328;20240405;171406.517;2024-04-05 17:14:06.517;64.61468;-17.38624;1.802;-0.04;1.25
402;20240407;004556.325;2024-04-07 00:45:56.325;64.68149;-17.41144;3.96;0.85;0.86
404;20240407;013059.228;2024-04-07 01:30:59.228;64.67417;-17.41944;8.103;1.57;1.44
431;20240407;204736.747;2024-04-07 20:47:36.747;64.63078;-17.41862;2.293;1.9;1.51
432;20240407;205113.108;2024-04-07 20:51:13.108;64.62949;-17.44503;11.065;0.64;-0.02
433;20240407;215500.813;2024-04-07 21:55:00.813;64.62949;-17.43286;8.072;2.94;2.77
434;20240407;215641.723;2024-04-07 21:56:41.723;64.62487;-17.38958;4.143;2.01;1.38
435;20240407;220157.078;2024-04-07 22:01:57.078;64.62877;-17.42995;2.376;1.1400000000000001;0.63
436;20240407;221741.787;2024-04-07 22:17:41.787;64.63504;-17.50627;18.633;0.8300000000000001;0.8300000000000001
437;20240407;225302.786;2024-04-07 22:53:02.786;64.62926;-17.43522;6.839;1.43;0.99
2;20240408;005200.639;2024-04-08 00:52:00.639;64.67062;-17.43504;6.616;1.5;1.04
22;20240408;104912.697;2024-04-08 10:49:12.697;64.60327;-17.59073;14.436;0.98;0.32
29;20240408;125850.281;2024-04-08 12:58:50.281;64.62381;-17.4957;0.135;0.5;-0.11
56;20240409;001801.751;2024-04-09 00:18:01.751;64.61492;-17.50119;0.042;1.43;0.97
57;20240409;002332.282;2024-04-09 00:23:32.282;64.61597;-17.51103;0.051000000000000004;0.46;0.31
61;20240409;020251.693;2024-04-09 02:02:51.693;64.62934;-17.49306;0.135;0.17;-9.99
93;20240409;075157.115;2024-04-09 07:51:57.115;64.68497;-17.48489;8.993;0.15;-0.35000000000000003
131;20240409;180640.007;2024-04-09 18:06:40.007;64.67551;-17.47281;2.893;1.92;1.16
134;20240409;185255.637;2024-04-09 18:52:55.637;64.60574;-17.51886;18.739;0.41000000000000003;0.12
135;20240409;185302.655;2024-04-09 18:53:02.655;64.61475;-17.49284;8.098;0.54;0.55
150;20240410;041506.421;2024-04-10 04:15:06.421;64.63249;-17.42417;1.333;0.6000000000000001;0.39
162;20240410;085858.295;2024-04-10 08:58:58.295;64.62791;-17.37551;2.292;2.1;1.52
181;20240410;161248.676;2024-04-10 16:12:48.676;64.68238;-17.48975;1.865;0.19;-0.23
188;20240410;200905.897;2024-04-10 20:09:05.897;64.62811;-17.37087;1.763;3.03;2.59
190;20240410;202449.788;2024-04-10 20:24:49.788;64.63039;-17.38429;7.792;0.49;0.58
191;20240410;202929.795;2024-04-10 20:29:29.795;64.62915;-17.40014;1.399;0.01;-0.37
192;20240410;205912.951;2024-04-10 20:59:12.951;64.62992;-17.38537;0.421;0.19;0.21
209;20240411;014603.785;2024-04-11 01:46:03.785;64.64651;-17.36777;1.916;0.39;0.59
215;20240411;062550.001;2024-04-11 06:25:50.001;64.62992;-17.44702;0.049;0.06;-0.33
243;20240411;144445.059;2024-04-11 14:44:45.059;64.63008;-17.44457;9.19;0.99;0.28
266;20240411;232245.369;2024-04-11 23:22:45.369;64.62064;-17.4798;0.907;0.75;0.64
268;20240411;235606.755;2024-04-11 23:56:06.755;64.64735;-17.37183;5.052;0.71;0.56
280;20240412;040858.620;2024-04-12 04:08:58.620;64.63168;-17.44302;9.825;0.9;0.63
282;20240412;055831.807;2024-04-12 05:58:31.807;64.61672;-17.48683;0.76;0.85;0.8200000000000001
323;20240412;185748.676;2024-04-12 18:57:48.676;64.60451;-17.5513;15.521;0.61;0.05
325;20240412;192124.189;2024-04-12 19:21:24.189;64.61423;-17.46923;0.9430000000000001;1.5899999999999999;1.05
339;20240413;003636.796;2024-04-13 00:36:36.796;64.58239;-17.37536;11.474;0.49;-0.06
343;20240413;012914.897;2024-04-13 01:29:14.897;64.62186;-17.47733;7.858;0.67;-0.17
346;20240413;024521.215;2024-04-13 02:45:21.215;64.61343;-17.583660000000002;16.0;0.64;0.01
357;20240413;083839.328;2024-04-13 08:38:39.328;64.64805;-17.34333;1.1440000000000001;0.21;-0.26
492;20240413;190407.335;2024-04-13 19:04:07.335;64.62329;-17.48654;9.896;0.88;0.45
494;20240413;192817.696;2024-04-13 19:28:17.696;64.67647;-17.47625;4.451;1.02;0.8200000000000001
499;20240413;203800.333;2024-04-13 20:38:00.333;64.68168;-17.46293;7.983;0.67;0.48
500;20240413;204657.806;2024-04-13 20:46:57.806;64.68427;-17.45837;5.416;0.68;0.46
503;20240413;220658.177;2024-04-13 22:06:58.177;64.6702;-17.40518;1.756;0.92;1.01
516;20240414;002300.940;2024-04-14 00:23:00.940;64.64931;-17.49727;12.365;0.39;-0.54
532;20240414;064234.839;2024-04-14 06:42:34.839;64.63548;-17.43595;4.164;0.98;0.5700000000000001
533;20240414;064943.403;2024-04-14 06:49:43.403;64.64645;-17.46737;12.365;0.44;-0.16
542;20240414;104730.924;2024-04-14 10:47:30.924;64.61694;-17.48354;0.504;0.4;-0.06
564;20240414;130649.400;2024-04-14 13:06:49.400;64.62099;-17.46942;4.03;0.30000000000000004;-0.35000000000000003
596;20240414;135517.258;2024-04-14 13:55:17.258;64.68043;-17.49083;0.851;0.4;0.44
637;20240414;163503.090;2024-04-14 16:35:03.090;64.62624;-17.41524;1.159;0.08;-0.31
659;20240414;200541.656;2024-04-14 20:05:41.656;64.61637;-17.50892;4.992;2.19;1.8
660;20240414;201217.884;2024-04-14 20:12:17.884;64.61383000000001;-17.50812;0.135;0.44;0.13
672;20240414;220247.357;2024-04-14 22:02:47.357;64.59484;-17.57405;12.834;0.52;-0.16
673;20240414;221940.107;2024-04-14 22:19:40.107;64.61693;-17.52003;0.135;0.2;-0.39
1;20240415;001806.675;2024-04-15 00:18:06.675;64.60807;-17.54259;2.073;1.51;0.9400000000000001
18;20240415;051336.623;2024-04-15 05:13:36.623;64.61738;-17.49069;3.047;0.93;0.81
20;20240415;052706.896;2024-04-15 05:27:06.896;64.59721;-17.581220000000002;29.588;0.92;-0.31
24;20240415;073028.699;2024-04-15 07:30:28.699;64.62315;-17.52654;1.638;0.33;-0.41000000000000003
27;20240415;083708.814;2024-04-15 08:37:08.814;64.6473;-17.59688;10.984;0.74;0.5
32;20240415;131154.612;2024-04-15 13:11:54.612;64.62729;-17.49787;0.343;0.64;0.36
33;20240415;135005.526;2024-04-15 13:50:05.526;64.63117;-17.58973;10.535;0.24;-0.5700000000000001
37;20240415;150626.786;2024-04-15 15:06:26.786;64.59837;-17.50357;0.137;0.9400000000000001;1.1
41;20240415;154039.805;2024-04-15 15:40:39.805;64.59468;-17.56107;18.48;0.72;0.1
49;20240415;194933.883;2024-04-15 19:49:33.883;64.60767;-17.54683;9.176;0.30000000000000004;0.07
52;20240415;212132.997;2024-04-15 21:21:32.997;64.61996;-17.53219;9.145;0.6000000000000001;0.33
54;20240415;213101.095;2024-04-15 21:31:01.095;64.60757;-17.581220000000002;17.569;0.6000000000000001;0.09
56;20240415;233541.501;2024-04-15 23:35:41.501;64.62859;-17.47182;7.461;0.28;-0.46
68;20240416;072852.573;2024-04-16 07:28:52.573;64.62072;-17.44474;0.716;1.13;0.59
72;20240416;101510.729;2024-04-16 10:15:10.729;64.62489;-17.54;13.577;-0.13;-0.49
74;20240416;105815.819;2024-04-16 10:58:15.819;64.61843;-17.54432;18.297;0.38;0.18
76;20240416;110501.919;2024-04-16 11:05:01.919;64.61581;-17.50554;0.135;0.13;0.25
79;20240416;115350.435;2024-04-16 11:53:50.435;64.62195;-17.48454;0.135;1.6600000000000001;0.98
93;20240416;161753.907;2024-04-16 16:17:53.907;64.649;-17.54621;26.099;0.61;-0.11
107;20240416;200524.650;2024-04-16 20:05:24.650;64.62019;-17.48972;6.289;1.98;1.46
109;20240416;211022.243;2024-04-16 21:10:22.243;64.62169;-17.54708;11.156;0.86;0.29
124;20240417;033649.879;2024-04-17 03:36:49.879;64.64935;-17.46367;0.455;-0.18;-0.68
143;20240417;114004.227;2024-04-17 11:40:04.227;64.60756;-17.39821;5.442;0.16;-0.25
144;20240417;114438.382;2024-04-17 11:44:38.382;64.63489;-17.43719;4.27;1.2;0.79
150;20240417;142718.931;2024-04-17 14:27:18.931;64.63742;-17.43255;1.792;1.03;0.77
171;20240417;180615.220;2024-04-17 18:06:15.220;64.62492;-17.43233;1.1440000000000001;0.01;-0.46
195;20240417;234402.066;2024-04-17 23:44:02.066;64.62067;-17.46305;5.039;1.12;0.97
196;20240418;000621.409;2024-04-18 00:06:21.409;64.63896;-17.45724;0.135;0.04;-0.48
198;20240418;002310.477;2024-04-18 00:23:10.477;64.62573;-17.45286;1.462;1.58;1.26
201;20240418;010115.965;2024-04-18 01:01:15.965;64.62218;-17.48438;0.596;-0.13;-0.41000000000000003
209;20240418;023210.201;2024-04-18 02:32:10.201;64.62566;-17.50485;0.905;-0.02;-0.42
213;20240418;031247.681;2024-04-18 03:12:47.681;64.63754;-17.5465;10.017;1.0;0.92
294;20240419;030951.601;2024-04-19 03:09:51.601;64.61699;-17.48735;0.135;1.62;1.09
302;20240419;060000.789;2024-04-19 06:00:00.789;64.61835;-17.50949;8.033;1.25;1.27
359;20240420;012344.847;2024-04-20 01:23:44.847;64.66988;-17.50544;4.316;1.6800000000000002;1.32
360;20240420;012443.454;2024-04-20 01:24:43.454;64.66816;-17.50085;4.286;1.43;1.16
361;20240420;012457.303;2024-04-20 01:24:57.303;64.68637;-17.55914;4.8870000000000005;1.3900000000000001;1.63
362;20240420;012505.341;2024-04-20 01:25:05.341;64.67783;-17.5138;6.57;2.49;2.04
364;20240420;014426.612;2024-04-20 01:44:26.612;64.67278;-17.49503;4.472;1.72;1.31
387;20240420;115046.616;2024-04-20 11:50:46.616;64.65539;-17.55351;7.659;1.05;0.8300000000000001
397;20240420;164024.315;2024-04-20 16:40:24.315;64.66452;-17.53411;6.251;2.25;1.8900000000000001
414;20240421;063718.394;2024-04-21 06:37:18.394;64.65388;-17.37082;0.095;5.4;4.18
415;20240421;065335.093;2024-04-21 06:53:35.093;64.67056;-17.44505;0.926;2.96;2.5300000000000002
46;20240422;064624.210;2024-04-22 06:46:24.210;64.67189;-17.45549;0.135;1.47;1.06
586;20240504;204658.262;2024-05-04 20:46:58.262;64.68683;-17.4381;2.492;1.96;1.33
69;20240507;012751.071;2024-05-07 01:27:51.071;64.67648;-17.45528;0.858;1.94;1.33
192;20240514;183852.040;2024-05-14 18:38:52.040;64.64901;-17.37745;1.904;0.97;1.38
293;20240522;142316.601;2024-05-22 14:23:16.601;64.63609;-17.45185;18.574;1.02;1.52
381;20240529;034653.729;2024-05-29 03:46:53.729;64.67758;-17.45987;0.427;1.5899999999999999;1.42
798;20240601;084916.217;2024-06-01 08:49:16.217;64.68365;-17.44236;1.209;1.63;1.53
467;20240607;072529.310;2024-06-07 07:25:29.310;64.67039;-17.45812;2.134;0.84;1.11
571;20240609;065653.884;2024-06-09 06:56:53.884;64.67731;-17.49409;0.135;1.13;0.75
169;20240612;235827.890;2024-06-12 23:58:27.890;64.6864;-17.47426;8.276;1.11;0.98
170;20240613;000019.419;2024-06-13 00:00:19.419;64.67184;-17.45457;3.987;2.79;2.42
171;20240613;000327.488;2024-06-13 00:03:27.488;64.68091;-17.49369;7.19;0.86;1.06
173;20240613;001303.045;2024-06-13 00:13:03.045;64.62926;-17.43812;2.768;-0.26;0.43
292;20240620;105424.979;2024-06-20 10:54:24.979;64.63227;-17.44511;5.2620000000000005;1.05;0.49
2;20240624;001635.413;2024-06-24 00:16:35.413;64.66364;-17.45778;2.391;1.24;0.9500000000000001
58;20240625;015634.262;2024-06-25 01:56:34.262;64.63818;-17.36474;0.135;2.51;2.09
173;20240626;123529.327;2024-06-26 12:35:29.327;64.62718;-17.44713;5.489;0.87;0.77
188;20240626;175612.092;2024-06-26 17:56:12.092;64.61591;-17.33912;4.543;0.17;0.37
193;20240626;195222.120;2024-06-26 19:52:22.120;64.6291;-17.40274;3.113;0.84;0.67
213;20240627;005031.003;2024-06-27 00:50:31.003;64.6273;-17.43994;6.041;2.44;1.9100000000000001
224;20240627;040632.813;2024-06-27 04:06:32.813;64.67333;-17.44049;2.735;2.05;1.25
353;20240630;031617.441;2024-06-30 03:16:17.441;64.66;-17.37625;6.839;0.24;0.47000000000000003
371;20240630;111807.698;2024-06-30 11:18:07.698;64.66983;-17.42427;1.106;3.43;2.71
373;20240630;113725.095;2024-06-30 11:37:25.095;64.66294;-17.43997;0.343;1.21;0.9500000000000001
375;20240630;120837.022;2024-06-30 12:08:37.022;64.67157;-17.40256;0.592;1.9300000000000002;1.73
388;20240630;192721.250;2024-06-30 19:27:21.250;64.67943;-17.45374;0.135;1.1400000000000001;1.15
392;20240630;214029.881;2024-06-30 21:40:29.881;64.62431;-17.37218;0.459;0.9400000000000001;1.06
8;20240701;055808.417;2024-07-01 05:58:08.417;64.64898;-17.36723;0.5700000000000001;2.7199999999999998;2.45
15;20240701;141833.085;2024-07-01 14:18:33.085;64.64449;-17.37259;0.14400000000000002;0.56;0.32
126;20240703;090609.764;2024-07-03 09:06:09.764;64.58691;-17.56654;0.135;-0.1;-0.37
475;20240707;055911.937;2024-07-07 05:59:11.937;64.65455;-17.50438;0.062;0.85;0.7000000000000001
333;20240712;183942.189;2024-07-12 18:39:42.189;64.62499;-17.40319;4.465;2.2;1.72
358;20240713;185459.010;2024-07-13 18:54:59.010;64.64858;-17.36385;0.135;1.7000000000000002;1.57
275;20240717;202150.473;2024-07-17 20:21:50.473;64.62286;-17.43087;1.126;2.62;2.47
6;20240722;023941.878;2024-07-22 02:39:41.878;64.62897;-17.51843;2.941;0.9500000000000001;0.81
25;20240722;062533.480;2024-07-22 06:25:33.480;64.66527;-17.38027;0.135;1.3;1.0
33;20240722;134036.996;2024-07-22 13:40:36.996;64.64213;-17.36417;2.243;1.27;0.89
289;20240726;150515.154;2024-07-26 15:05:15.154;64.6286;-17.40459;1.194;0.1;0.5700000000000001
306;20240726;221358.453;2024-07-26 22:13:58.453;64.6207;-17.47892;2.8689999999999998;0.9500000000000001;0.9
483;20240728;051351.075;2024-07-28 05:13:51.075;64.62183;-17.42349;0.067;1.58;1.19
147;20240730;184452.615;2024-07-30 18:44:52.615;64.60947;-17.47356;0.135;0.92;1.08
151;20240730;201551.006;2024-07-30 20:15:51.006;64.60915;-17.49046;0.866;0.85;0.97
177;20240730;234416.181;2024-07-30 23:44:16.181;64.64744;-17.52095;3.092;1.08;0.76
214;20240731;134215.399;2024-07-31 13:42:15.399;64.67542;-17.47599;5.025;1.21;1.62
229;20240731;184337.316;2024-07-31 18:43:37.316;64.66298;-17.43962;1.078;1.72;1.32
473;20240803;114146.214;2024-08-03 11:41:46.214;64.66039;-17.53206;2.9779999999999998;2.17;1.75
537;20240804;081545.196;2024-08-04 08:15:45.196;64.65372;-17.44687;3.104;1.24;0.96
149;20240806;052941.443;2024-08-06 05:29:41.443;64.67034;-17.47409;1.333;1.83;1.57
237;20240807;021020.755;2024-08-07 02:10:20.755;64.61487;-17.49299;3.409;0.86;0.88
280;20240807;084053.755;2024-08-07 08:40:53.755;64.65434;-17.37527;0.135;2.0;1.88
409;20240808;025842.227;2024-08-08 02:58:42.227;64.65427;-17.46724;3.047;1.25;1.09
414;20240808;041902.837;2024-08-08 04:19:02.837;64.67419;-17.48591;4.414;-0.07;-0.52
427;20240808;055539.301;2024-08-08 05:55:39.301;64.65168;-17.42957;3.27;0.13;-0.02
431;20240808;061830.561;2024-08-08 06:18:30.561;64.6035;-17.41298;5.272;0.01;-0.45
443;20240808;071923.456;2024-08-08 07:19:23.456;64.65246;-17.42558;2.773;-0.43;-0.43
462;20240808;110824.223;2024-08-08 11:08:24.223;64.64278;-17.45972;2.24;0.64;0.72
471;20240808;124754.808;2024-08-08 12:47:54.808;64.65797;-17.43476;3.878;0.76;0.5700000000000001
503;20240809;013407.801;2024-08-09 01:34:07.801;64.62926;-17.38898;1.745;0.81;0.65
505;20240809;021520.388;2024-08-09 02:15:20.388;64.64076;-17.45287;2.934;-0.03;0.08
627;20240810;080444.898;2024-08-10 08:04:44.898;64.61073;-17.48971;2.004;2.01;1.46
660;20240810;145105.173;2024-08-10 14:51:05.173;64.67327;-17.46187;2.042;2.16;1.77
60;20240812;132118.585;2024-08-12 13:21:18.585;64.67079;-17.49462;3.143;1.06;0.9500000000000001
100;20240813;034951.260;2024-08-13 03:49:51.260;64.66801;-17.44955;0.135;1.9;1.42
277;20240814;091113.404;2024-08-14 09:11:13.404;64.62543;-17.40184;0.135;0.05;-0.01
278;20240814;091439.001;2024-08-14 09:14:39.001;64.62465;-17.39342;4.409;2.47;2.26
279;20240814;092000.288;2024-08-14 09:20:00.288;64.61968;-17.4469;5.005;0.65;-0.13
285;20240814;104459.555;2024-08-14 10:44:59.555;64.62785;-17.3615;0.203;0.91;1.02
286;20240814;122648.135;2024-08-14 12:26:48.135;64.62121;-17.38815;6.793;1.79;1.33
311;20240814;162516.219;2024-08-14 16:25:16.219;64.62502;-17.36272;0.135;0.6900000000000001;1.17
319;20240814;172753.242;2024-08-14 17:27:53.242;64.66978;-17.44286;0.135;1.02;0.89
328;20240814;190919.098;2024-08-14 19:09:19.098;64.61823;-17.47959;4.092;1.42;0.97
349;20240814;222057.246;2024-08-14 22:20:57.246;64.67107;-17.40816;1.401;1.8;1.44
378;20240815;010809.292;2024-08-15 01:08:09.292;64.62619;-17.37477;3.656;2.47;1.75
417;20240815;060405.626;2024-08-15 06:04:05.626;64.67486;-17.4117;0.135;0.96;0.55
457;20240815;153758.310;2024-08-15 15:37:58.310;64.60049;-17.461570000000002;6.455;0.99;0.89
501;20240815;233047.237;2024-08-15 23:30:47.237;64.63777;-17.44855;1.826;1.5899999999999999;0.87
526;20240816;022948.920;2024-08-16 02:29:48.920;64.62608;-17.44728;2.2;0.6900000000000001;0.77
530;20240816;025347.837;2024-08-16 02:53:47.837;64.62354;-17.44679;4.862;3.5300000000000002;3.06
532;20240816;025629.358;2024-08-16 02:56:29.358;64.63114;-17.38295;0.14100000000000001;0.7000000000000001;0.8200000000000001
533;20240816;030508.340;2024-08-16 03:05:08.340;64.6274;-17.44196;2.692;1.8399999999999999;1.47
535;20240816;031125.139;2024-08-16 03:11:25.139;64.62515;-17.46372;2.063;0.66;0.73
536;20240816;033157.812;2024-08-16 03:31:57.812;64.62003;-17.44567;0.135;0.8200000000000001;0.87
572;20240816;072521.773;2024-08-16 07:25:21.773;64.64559;-17.3652;0.135;1.13;1.18
606;20240816;171535.692;2024-08-16 17:15:35.692;64.63959;-17.36961;4.236;2.58;2.18
615;20240816;184014.300;2024-08-16 18:40:14.300;64.67268;-17.45203;5.885;1.42;1.19
624;20240816;193553.799;2024-08-16 19:35:53.799;64.6804;-17.47455;6.804;0.64;0.65
655;20240816;225037.330;2024-08-16 22:50:37.330;64.65165;-17.42414;2.319;0.54;0.5700000000000001
694;20240817;043951.679;2024-08-17 04:39:51.679;64.66956;-17.43136;3.102;3.13;2.54
702;20240817;053615.152;2024-08-17 05:36:15.152;64.65524;-17.46616;2.677;-0.34;-0.34
738;20240817;154639.517;2024-08-17 15:46:39.517;64.61888;-17.47944;2.011;1.9300000000000002;1.4100000000000001
830;20240817;230820.915;2024-08-17 23:08:20.915;64.66038;-17.49384;3.367;2.54;1.8900000000000001
20;20240819;011858.973;2024-08-19 01:18:58.973;64.63361;-17.40202;2.2560000000000002;0.87;0.6900000000000001
31;20240819;014358.408;2024-08-19 01:43:58.408;64.66683;-17.57009;2.105;1.6;1.35
60;20240819;043359.565;2024-08-19 04:33:59.565;64.61511;-17.51273;1.728;1.01;0.93
106;20240819;123746.659;2024-08-19 12:37:46.659;64.66573;-17.5348;2.165;1.52;1.22
365;20240821;025413.331;2024-08-21 02:54:13.331;64.62093;-17.54992;1.538;0.67;0.84
526;20240822;141812.075;2024-08-22 14:18:12.075;64.66341;-17.48575;4.26;0.56;-0.05
537;20240822;164748.060;2024-08-22 16:47:48.060;64.6802;-17.52287;2.539;1.1400000000000001;1.3599999999999999
839;20240824;020806.524;2024-08-24 02:08:06.524;64.66158;-17.47141;2.8280000000000003;1.8900000000000001;1.44
842;20240824;030619.934;2024-08-24 03:06:19.934;64.68336;-17.56545;1.9889999999999999;1.08;0.9
871;20240824;114749.210;2024-08-24 11:47:49.210;64.62086;-17.47195;7.514;0.86;0.7000000000000001
876;20240824;125142.202;2024-08-24 12:51:42.202;64.6534;-17.49337;3.944;-0.13;-0.61
885;20240824;163117.466;2024-08-24 16:31:17.466;64.64933;-17.53158;5.308;0.0;-0.31
929;20240825;065503.772;2024-08-25 06:55:03.772;64.6459;-17.41219;2.797;0.71;0.41000000000000003
933;20240825;083036.040;2024-08-25 08:30:36.040;64.6152;-17.40157;0.336;0.14;0.15
947;20240825;105539.716;2024-08-25 10:55:39.716;64.63496;-17.43746;5.559;1.37;0.89
50;20240826;034141.380;2024-08-26 03:41:41.380;64.6121;-17.54498;2.464;1.6600000000000001;0.93
55;20240826;042359.996;2024-08-26 04:23:59.996;64.60498;-17.48392;1.231;1.02;1.04
59;20240826;050302.356;2024-08-26 05:03:02.356;64.62125;-17.38896;3.892;0.61;0.7000000000000001
61;20240826;051448.989;2024-08-26 05:14:48.989;64.63857;-17.52027;2.331;-0.04;-0.5700000000000001
66;20240826;053937.813;2024-08-26 05:39:37.813;64.62576;-17.37226;0.135;0.51;0.42
71;20240826;063158.867;2024-08-26 06:31:58.867;64.6412;-17.40916;1.915;0.79;0.63
73;20240826;065635.342;2024-08-26 06:56:35.342;64.62739;-17.39309;1.186;0.64;0.63
77;20240826;082155.103;2024-08-26 08:21:55.103;64.65878;-17.36686;0.135;0.31;0.62
89;20240826;101250.208;2024-08-26 10:12:50.208;64.63454;-17.53266;1.683;-0.34;-1.46
93;20240826;120227.877;2024-08-26 12:02:27.877;64.60848;-17.42304;0.042;0.63;1.31
98;20240826;123450.911;2024-08-26 12:34:50.911;64.6356;-17.42306;2.197;0.49;0.35000000000000003
99;20240826;123534.438;2024-08-26 12:35:34.438;64.61644;-17.46154;2.615;1.58;1.25
102;20240826;132005.299;2024-08-26 13:20:05.299;64.62211;-17.37302;0.135;2.5300000000000002;1.94
109;20240826;141351.527;2024-08-26 14:13:51.527;64.61745;-17.40525;0.042;0.47000000000000003;0.56
177;20240827;081700.322;2024-08-27 08:17:00.322;64.63551;-17.41624;6.414;0.59;0.29
216;20240827;194422.068;2024-08-27 19:44:22.068;64.68066;-17.47227;3.384;0.65;0.71
220;20240827;221101.937;2024-08-27 22:11:01.937;64.62334;-17.4625;2.063;1.23;0.9500000000000001
228;20240828;001915.141;2024-08-28 00:19:15.141;64.62104;-17.47403;0.837;1.51;0.96
289;20240828;182923.089;2024-08-28 18:29:23.089;64.6255;-17.52647;2.6109999999999998;0.71;0.49
311;20240829;015230.869;2024-08-29 01:52:30.869;64.59856;-17.45334;0.135;0.59;0.66
322;20240829;043728.566;2024-08-29 04:37:28.566;64.62329;-17.51587;0.135;1.4;1.0
336;20240829;074722.722;2024-08-29 07:47:22.722;64.67905;-17.4616;5.229;0.53;0.6000000000000001
337;20240829;074804.013;2024-08-29 07:48:04.013;64.6227;-17.40119;2.154;0.07;0.28
348;20240829;090341.764;2024-08-29 09:03:41.764;64.66157;-17.42759;2.136;-0.21;-0.77
364;20240829;102305.155;2024-08-29 10:23:05.155;64.61564;-17.53821;1.924;0.8300000000000001;0.65
369;20240829;105455.146;2024-08-29 10:54:55.146;64.63921;-17.34148;13.17;0.47000000000000003;0.35000000000000003
389;20240829;144252.042;2024-08-29 14:42:52.042;64.63975;-17.42881;5.058;-0.17;-0.38
391;20240829;163051.217;2024-08-29 16:30:51.217;64.61015;-17.49634;6.167;-0.03;-0.59
471;20240830;110520.155;2024-08-30 11:05:20.155;64.62184;-17.45205;2.296;0.76;0.30000000000000004
472;20240830;110731.250;2024-08-30 11:07:31.250;64.62488;-17.46098;4.307;2.94;2.36
473;20240830;110845.055;2024-08-30 11:08:45.055;64.61585;-17.48787;0.135;2.68;2.33
474;20240830;112048.192;2024-08-30 11:20:48.192;64.63059;-17.459;0.882;1.12;1.21
477;20240830;113615.985;2024-08-30 11:36:15.985;64.61617;-17.4878;2.011;1.7000000000000002;1.44
490;20240830;141013.010;2024-08-30 14:10:13.010;64.61354;-17.49527;0.872;1.17;0.87
527;20240831;233747.864;2024-08-31 23:37:47.864;64.64507;-17.46553;5.72;1.12;0.75
569;20240901;224145.589;2024-09-01 22:41:45.589;64.63577;-17.3609;0.764;1.27;1.1400000000000001
1;20240902;010430.650;2024-09-02 01:04:30.650;64.66332;-17.48128;3.769;0.23;-0.38
2;20240902;010518.214;2024-09-02 01:05:18.214;64.65039;-17.38399;4.129;0.75;0.6000000000000001
7;20240902;024602.697;2024-09-02 02:46:02.697;64.64156;-17.36366;3.505;1.08;1.16
13;20240902;103207.225;2024-09-02 10:32:07.225;64.66505;-17.45494;1.792;1.58;1.43
16;20240902;120202.045;2024-09-02 12:02:02.045;64.65662;-17.42169;4.676;0.18;-0.53
20;20240902;132053.208;2024-09-02 13:20:53.208;64.64445;-17.44291;4.696;1.53;0.77
21;20240902;132108.394;2024-09-02 13:21:08.394;64.63713;-17.4468;5.048;1.1400000000000001;0.99
54;20240902;231238.753;2024-09-02 23:12:38.753;64.64261;-17.48738;3.203;-0.06;-0.49
67;20240903;062350.338;2024-09-03 06:23:50.338;64.64373;-17.52723;6.546;-0.25;-1.01
78;20240903;103106.677;2024-09-03 10:31:06.677;64.62392;-17.52912;1.442;0.97;0.5
79;20240903;103554.285;2024-09-03 10:35:54.285;64.65149;-17.50729;3.495;0.23;-0.11
81;20240903;105636.653;2024-09-03 10:56:36.653;64.64698;-17.52587;2.89;0.88;0.78
83;20240903;110750.944;2024-09-03 11:07:50.944;64.60332;-17.44263;2.401;0.72;0.45
84;20240903;110853.844;2024-09-03 11:08:53.844;64.66906;-17.52149;5.559;-0.12;-1.77
86;20240903;115110.369;2024-09-03 11:51:10.369;64.6396;-17.54348;5.496;-0.29;-1.29
93;20240903;134151.377;2024-09-03 13:41:51.377;64.65422;-17.56136;9.991;0.39;-1.4100000000000001
97;20240903;153004.694;2024-09-03 15:30:04.694;64.62578;-17.37178;2.575;2.39;2.01
98;20240903;153041.692;2024-09-03 15:30:41.692;64.62531;-17.4057;2.676;2.33;2.06
100;20240903;163112.070;2024-09-03 16:31:12.070;64.65567;-17.37794;1.665;4.97;4.08
102;20240903;163905.883;2024-09-03 16:39:05.883;64.67139;-17.46638;2.311;0.27;0.19
107;20240903;175133.424;2024-09-03 17:51:33.424;64.65798;-17.46517;4.517;0.35000000000000003;0.28
108;20240903;181050.377;2024-09-03 18:10:50.377;64.62949;-17.41492;4.101;0.38;0.41000000000000003
110;20240903;184012.454;2024-09-03 18:40:12.454;64.66277;-17.4732;4.451;0.73;0.62
155;20240903;193522.982;2024-09-03 19:35:22.982;64.62944;-17.41463;4.412;1.01;0.65
168;20240903;195909.322;2024-09-03 19:59:09.322;64.67278;-17.4784;2.739;0.24;0.21
169;20240903;195949.797;2024-09-03 19:59:49.797;64.62402;-17.41087;0.23500000000000001;-0.08;0.24
190;20240903;220117.571;2024-09-03 22:01:17.571;64.67451;-17.46358;2.698;2.56;1.78
227;20240904;110551.913;2024-09-04 11:05:51.913;64.6258;-17.40848;4.154;1.35;0.87
496;20240908;074752.797;2024-09-08 07:47:52.797;64.62875;-17.35685;5.282;0.25;-0.21
513;20240908;112757.321;2024-09-08 11:27:57.321;64.64583;-17.44296;5.447;1.38;0.8300000000000001
529;20240908;142813.222;2024-09-08 14:28:13.222;64.66179;-17.43779;1.296;1.5;1.19
18;20240909;031024.811;2024-09-09 03:10:24.811;64.67879;-17.47037;3.125;2.62;2.18
8;20240916;021118.151;2024-09-16 02:11:18.151;64.65649;-17.46045;2.248;-0.01;0.0
66;20240917;104422.235;2024-09-17 10:44:22.235;64.6243;-17.46113;5.309;2.14;1.47
254;20240919;061443.940;2024-09-19 06:14:43.940;64.60873;-17.41606;0.135;0.0;0.45
263;20240919;080243.532;2024-09-19 08:02:43.532;64.61192;-17.40322;0.135;0.51;0.88
419;20240920;190621.524;2024-09-20 19:06:21.524;64.65469;-17.47898;3.017;0.63;0.30000000000000004
470;20240921;092029.617;2024-09-21 09:20:29.617;64.62129;-17.48131;1.907;0.67;0.76
611;20240922;151703.857;2024-09-22 15:17:03.857;64.63963;-17.41608;1.863;0.35000000000000003;0.46
614;20240922;155041.043;2024-09-22 15:50:41.043;64.63433;-17.40732;1.823;-0.2;-0.05
632;20240922;221245.529;2024-09-22 22:12:45.529;64.67349;-17.4583;2.983;2.43;1.79
1;20240923;002725.605;2024-09-23 00:27:25.605;64.67373;-17.38664;17.688;0.84;-0.04
48;20240923;091310.021;2024-09-23 09:13:10.021;64.63615;-17.50134;0.135;0.35000000000000003;-0.38
79;20240923;222034.363;2024-09-23 22:20:34.363;64.61585;-17.49057;1.366;1.6800000000000002;0.97
134;20240925;031257.580;2024-09-25 03:12:57.580;64.66463;-17.49999;3.2880000000000003;1.21;0.86
161;20240925;173245.469;2024-09-25 17:32:45.469;64.62039;-17.36397;0.135;0.8300000000000001;0.87
191;20240926;021810.849;2024-09-26 02:18:10.849;64.68172;-17.52435;2.5060000000000002;0.14;0.43
209;20240926;042411.098;2024-09-26 04:24:11.098;64.64459;-17.4628;2.549;0.92;0.77
215;20240926;044938.683;2024-09-26 04:49:38.683;64.65001;-17.45386;1.417;0.28;0.11
245;20240926;134001.729;2024-09-26 13:40:01.729;64.62147;-17.43656;0.135;0.30000000000000004;-0.02
261;20240926;163805.493;2024-09-26 16:38:05.493;64.63995;-17.50623;2.563;0.41000000000000003;0.55
263;20240926;165207.387;2024-09-26 16:52:07.387;64.61413;-17.49954;1.1320000000000001;0.76;1.05
274;20240926;200328.068;2024-09-26 20:03:28.068;64.64927;-17.43238;2.078;0.58;0.7000000000000001
283;20240926;224152.377;2024-09-26 22:41:52.377;64.64821;-17.4733;3.302;-0.14;-0.75
290;20240926;234748.736;2024-09-26 23:47:48.736;64.65356;-17.34541;0.135;-0.13;-0.2
317;20240927;072054.210;2024-09-27 07:20:54.210;64.62322;-17.56239;4.44;0.88;0.71
333;20240927;145753.049;2024-09-27 14:57:53.049;64.62486;-17.48822;1.194;0.45;0.92
357;20240927;210415.985;2024-09-27 21:04:15.985;64.63147;-17.41177;4.036;0.87;0.62
363;20240927;215303.808;2024-09-27 21:53:03.808;64.68407;-17.48916;2.838;0.81;0.49
369;20240927;231551.367;2024-09-27 23:15:51.367;64.66666;-17.5425;3.341;1.46;0.9
374;20240928;021756.537;2024-09-28 02:17:56.537;64.62144;-17.4539;6.339;1.11;0.75
432;20240928;210909.374;2024-09-28 21:09:09.374;64.62662;-17.39636;2.327;1.94;1.37
450;20240929;053508.801;2024-09-29 05:35:08.801;64.62309;-17.37115;1.6840000000000002;1.8399999999999999;1.32
469;20240929;113822.894;2024-09-29 11:38:22.894;64.6159;-17.44972;2.515;1.6099999999999999;0.86
484;20240929;172843.568;2024-09-29 17:28:43.568;64.61631;-17.55464;1.459;1.3;1.02
537;20240929;205141.759;2024-09-29 20:51:41.759;64.61828;-17.52255;2.459;1.22;0.93
31;20240930;085054.602;2024-09-30 08:50:54.602;64.63628;-17.39738;2.45;2.24;1.53
75;20240930;230656.796;2024-09-30 23:06:56.796;64.61839;-17.44839;1.25;1.3599999999999999;1.1400000000000001
80;20241001;001658.034;2024-10-01 00:16:58.034;64.67345;-17.44165;0.135;1.75;0.91
88;20241001;030602.528;2024-10-01 03:06:02.528;64.67303;-17.42526;0.135;3.22;3.05
104;20241001;084024.092;2024-10-01 08:40:24.092;64.61365;-17.49705;0.135;1.56;0.98
106;20241001;092355.773;2024-10-01 09:23:55.773;64.61263;-17.42992;1.443;1.24;0.75
124;20241001;143749.638;2024-10-01 14:37:49.638;64.65751;-17.4449;1.5939999999999999;1.0;0.97
139;20241001;222555.634;2024-10-01 22:25:55.634;64.60867;-17.4584;1.67;0.56;0.1
162;20241002;075612.518;2024-10-02 07:56:12.518;64.62644;-17.43591;1.417;0.30000000000000004;0.59
192;20241002;213219.857;2024-10-02 21:32:19.857;64.62386;-17.58202;2.797;0.91;0.6900000000000001
202;20241002;233821.434;2024-10-02 23:38:21.434;64.59837;-17.499390000000002;0.135;0.52;0.44
210;20241003;011652.409;2024-10-03 01:16:52.409;64.62086;-17.45963;1.6640000000000001;1.9;1.6800000000000002
215;20241003;025706.600;2024-10-03 02:57:06.600;64.62695;-17.45932;4.677;0.63;0.49
217;20241003;025922.841;2024-10-03 02:59:22.841;64.62369;-17.47396;5.834;0.27;-0.4
233;20241003;061817.464;2024-10-03 06:18:17.464;64.62044;-17.4724;1.884;0.59;0.28
234;20241003;063227.327;2024-10-03 06:32:27.327;64.62632;-17.45617;4.797;0.13;-0.17
286;20241004;075116.459;2024-10-04 07:51:16.459;64.63058;-17.44417;0.135;1.26;0.9500000000000001
325;20241005;044740.776;2024-10-05 04:47:40.776;64.65049;-17.53305;3.084;1.92;1.34
338;20241005;103724.979;2024-10-05 10:37:24.979;64.61333;-17.51076;2.9859999999999998;3.66;3.06
339;20241005;103732.754;2024-10-05 10:37:32.754;64.61268;-17.4901;2.711;3.88;3.22
340;20241005;104023.384;2024-10-05 10:40:23.384;64.61738;-17.51025;2.725;2.62;1.8
375;20241006;023128.923;2024-10-06 02:31:28.923;64.60559;-17.5208;0.135;0.63;-0.13
386;20241006;052328.262;2024-10-06 05:23:28.262;64.60561;-17.51936;1.7189999999999999;0.5700000000000001;0.81
389;20241006;060738.249;2024-10-06 06:07:38.249;64.63821;-17.38844;0.135;0.9400000000000001;0.63
430;20241006;175624.569;2024-10-06 17:56:24.569;64.66781;-17.46129;0.067;4.95;4.11
431;20241006;180158.833;2024-10-06 18:01:58.833;64.67482;-17.44771;2.294;2.7199999999999998;2.21
432;20241006;180424.610;2024-10-06 18:04:24.610;64.63651;-17.535;0.135;0.26;0.05
433;20241006;181601.025;2024-10-06 18:16:01.025;64.66212;-17.38645;0.135;0.73;0.63
443;20241006;221446.712;2024-10-06 22:14:46.712;64.6712;-17.4702;2.705;1.74;1.33
444;20241006;221852.716;2024-10-06 22:18:52.716;64.62819;-17.5151;1.879;1.51;0.79
3;20241007;014018.062;2024-10-07 01:40:18.062;64.64778;-17.38925;0.138;1.48;0.91
9;20241007;022553.714;2024-10-07 02:25:53.714;64.64536;-17.38774;0.135;0.9400000000000001;0.74
12;20241007;035656.162;2024-10-07 03:56:56.162;64.64458;-17.40387;2.097;1.71;1.24
21;20241007;082455.164;2024-10-07 08:24:55.164;64.64645;-17.39151;0.135;1.16;0.73
49;20241007;155236.891;2024-10-07 15:52:36.891;64.64392;-17.39955;0.516;0.09;-0.14
305;20241011;000714.700;2024-10-11 00:07:14.700;64.66921;-17.4578;2.3529999999999998;2.06;1.44
146;20241017;013425.324;2024-10-17 01:34:25.324;64.6649;-17.4077;8.754;0.76;-0.01
355;20241020;151729.967;2024-10-20 15:17:29.967;64.63424;-17.52986;4.412;0.5;-0.27
368;20241020;200239.776;2024-10-20 20:02:39.776;64.61026;-17.46727;2.564;1.16;0.9
9;20241021;012423.950;2024-10-21 01:24:23.950;64.67432;-17.45676;2.667;1.69;1.1
26;20241021;061526.454;2024-10-21 06:15:26.454;64.61566;-17.43245;0.135;2.45;2.01
42;20241021;120111.934;2024-10-21 12:01:11.934;64.65513;-17.3792;4.287;0.41000000000000003;-0.22
113;20241022;153426.569;2024-10-22 15:34:26.569;64.61784;-17.39225;6.073;0.78;0.8300000000000001
133;20241023;003057.676;2024-10-23 00:30:57.676;64.61238;-17.5034;1.23;1.3900000000000001;0.8300000000000001
134;20241023;003129.378;2024-10-23 00:31:29.378;64.62203;-17.48701;5.465;2.95;2.14
140;20241023;015008.757;2024-10-23 01:50:08.757;64.62183;-17.46942;1.9580000000000002;1.79;1.5
145;20241023;042224.745;2024-10-23 04:22:24.745;64.65853;-17.5225;3.6390000000000002;0.72;0.63
179;20241023;203804.611;2024-10-23 20:38:04.611;64.65743;-17.44944;2.479;0.32;0.39
191;20241024;050349.380;2024-10-24 05:03:49.380;64.61449;-17.505020000000002;2.326;0.71;0.66
253;20241026;000205.955;2024-10-26 00:02:05.955;64.65758;-17.5615;2.293;1.15;1.25
256;20241026;020442.436;2024-10-26 02:04:42.436;64.63057;-17.38011;0.135;0.99;1.09
267;20241026;080256.843;2024-10-26 08:02:56.843;64.6244;-17.46554;1.534;0.61;0.02
269;20241026;090053.471;2024-10-26 09:00:53.471;64.66242;-17.54032;4.5809999999999995;0.73;0.67
270;20241026;090133.237;2024-10-26 09:01:33.237;64.66273;-17.53795;4.983;0.92;0.89
271;20241026;100422.814;2024-10-26 10:04:22.814;64.67843;-17.54448;3.222;0.12;-0.53
273;20241026;103418.887;2024-10-26 10:34:18.887;64.65142;-17.54895;5.169;-0.04;-0.85
300;20241026;204527.656;2024-10-26 20:45:27.656;64.62764;-17.43399;2.058;0.71;0.67
346;20241027;205252.794;2024-10-27 20:52:52.794;64.62509;-17.54429;3.5620000000000003;0.77;0.5700000000000001
348;20241027;212731.666;2024-10-27 21:27:31.666;64.6226;-17.47711;3.022;0.81;0.17
19;20241028;060237.682;2024-10-28 06:02:37.682;64.6224;-17.37412;0.135;0.86;0.98
33;20241028;143219.086;2024-10-28 14:32:19.086;64.61318;-17.48417;0.135;1.26;1.02
41;20241028;213231.751;2024-10-28 21:32:31.751;64.68243;-17.47869;2.333;1.02;0.93
53;20241029;011219.649;2024-10-29 01:12:19.649;64.62112;-17.41691;0.135;1.04;0.31
67;20241029;145942.602;2024-10-29 14:59:42.602;64.62402;-17.41748;6.586;1.02;0.8300000000000001
89;20241030;084159.013;2024-10-30 08:41:59.013;64.60204;-17.50852;0.135;0.26;-0.01
90;20241030;094007.814;2024-10-30 09:40:07.814;64.68059;-17.48437;2.175;0.17;0.31
208;20241031;025137.182;2024-10-31 02:51:37.182;64.61825;-17.42424;4.447;1.25;0.8200000000000001
236;20241031;092417.338;2024-10-31 09:24:17.338;64.62093;-17.4696;2.083;0.22;-0.14
269;20241101;000827.244;2024-11-01 00:08:27.244;64.62293;-17.47552;3.215;0.76;0.75
285;20241101;033956.724;2024-11-01 03:39:56.724;64.61273;-17.52051;1.381;1.04;0.96
293;20241101;050753.058;2024-11-01 05:07:53.058;64.61611;-17.4731;2.627;1.21;0.5
294;20241101;055808.986;2024-11-01 05:58:08.986;64.61008;-17.51476;1.251;0.74;0.34
314;20241101;100823.779;2024-11-01 10:08:23.779;64.61959;-17.4799;1.963;0.86;0.37
374;20241102;021056.902;2024-11-02 02:10:56.902;64.61406;-17.43002;0.135;0.29;0.11
380;20241102;034326.612;2024-11-02 03:43:26.612;64.62544;-17.47657;2.184;1.23;1.16
398;20241102;064923.008;2024-11-02 06:49:23.008;64.62756;-17.4037;1.126;0.07;0.41000000000000003
413;20241102;110541.813;2024-11-02 11:05:41.813;64.62334;-17.41473;0.135;0.36;-0.16
425;20241102;140927.756;2024-11-02 14:09:27.756;64.62206;-17.44087;3.03;0.8200000000000001;0.77
427;20241102;141625.513;2024-11-02 14:16:25.513;64.60938;-17.49234;1.075;1.31;0.86
428;20241102;143351.893;2024-11-02 14:33:51.893;64.63853;-17.4657;4.602;-0.19;-1.34
432;20241102;150615.230;2024-11-02 15:06:15.230;64.62843;-17.38579;0.257;0.2;0.18
435;20241102;153935.282;2024-11-02 15:39:35.282;64.59978;-17.44995;0.218;-0.25;-0.4
446;20241102;173723.004;2024-11-02 17:37:23.004;64.60542;-17.46387;2.421;0.37;-0.32
496;20241103;002024.984;2024-11-03 00:20:24.984;64.61486;-17.51587;2.31;1.28;0.88
503;20241103;014021.241;2024-11-03 01:40:21.241;64.61122;-17.4914;2.395;0.62;0.14
504;20241103;015848.011;2024-11-03 01:58:48.011;64.62029;-17.4317;2.493;1.37;1.03
505;20241103;020418.400;2024-11-03 02:04:18.400;64.61485;-17.48049;5.156;0.2;-0.2
513;20241103;031447.392;2024-11-03 03:14:47.392;64.61953;-17.48086;8.191;0.7000000000000001;-0.02
548;20241103;043539.941;2024-11-03 04:35:39.941;64.61026;-17.49414;2.519;1.72;1.1400000000000001
561;20241103;063905.069;2024-11-03 06:39:05.069;64.61732;-17.46475;6.113;1.17;0.85
598;20241103;201507.913;2024-11-03 20:15:07.913;64.61745;-17.50007;1.823;1.6099999999999999;1.08
603;20241103;231100.096;2024-11-03 23:11:00.096;64.62297;-17.46756;0.885;0.99;0.6900000000000001
68;20241104;201226.549;2024-11-04 20:12:26.549;64.6625;-17.56676;1.8210000000000002;1.11;1.33
145;20241105;105259.452;2024-11-05 10:52:59.452;64.67904;-17.4912;2.586;1.03;1.04
149;20241105;153230.067;2024-11-05 15:32:30.067;64.62733;-17.35905;0.135;2.55;2.05
150;20241105;153428.525;2024-11-05 15:34:28.525;64.62597;-17.36922;0.135;1.05;1.03
151;20241105;154425.359;2024-11-05 15:44:25.359;64.62032;-17.36819;0.707;1.33;1.6
152;20241105;175352.087;2024-11-05 17:53:52.087;64.61825;-17.46618;0.135;0.9500000000000001;0.31
157;20241105;212151.518;2024-11-05 21:21:51.518;64.62547;-17.41107;0.135;2.33;2.03
162;20241106;011510.301;2024-11-06 01:15:10.301;64.62656;-17.4802;2.862;1.69;1.51
184;20241106;140958.775;2024-11-06 14:09:58.775;64.63041;-17.40236;0.987;0.58;0.68
214;20241107;182641.742;2024-11-07 18:26:41.742;64.61146;-17.50181;1.623;1.21;0.99
258;20241108;230707.777;2024-11-08 23:07:07.777;64.67138;-17.45945;2.6310000000000002;1.8900000000000001;1.72
261;20241109;012625.132;2024-11-09 01:26:25.132;64.61992;-17.43095;3.127;0.9400000000000001;0.86
280;20241109;091548.717;2024-11-09 09:15:48.717;64.58942;-17.57257;2.5700000000000003;0.46;0.04
2;20241111;002506.212;2024-11-11 00:25:06.212;64.61879;-17.53098;0.135;0.98;0.86
31;20241111;123935.048;2024-11-11 12:39:35.048;64.64011;-17.54854;0.135;1.17;1.25
38;20241111;190127.790;2024-11-11 19:01:27.790;64.62346;-17.39988;1.468;2.38;2.21
75;20241113;080928.483;2024-11-13 08:09:28.483;64.61906;-17.41938;0.504;0.61;0.58
82;20241113;153127.912;2024-11-13 15:31:27.912;64.60571;-17.59644;0.135;0.0;-0.49
91;20241113;232243.582;2024-11-13 23:22:43.582;64.61165;-17.41734;1.006;1.02;1.01
123;20241114;232557.882;2024-11-14 23:25:57.882;64.60379;-17.45392;0.135;1.79;1.43
130;20241115;042912.592;2024-11-15 04:29:12.592;64.61942;-17.46114;0.034;2.26;1.6800000000000002
155;20241115;110023.354;2024-11-15 11:00:23.354;64.61349;-17.47721;1.738;1.38;1.21
208;20241116;143757.514;2024-11-16 14:37:57.514;64.65936;-17.46192;3.048;0.85;0.9500000000000001
212;20241116;160829.952;2024-11-16 16:08:29.952;64.63316;-17.37656;0.25;0.72;0.88
213;20241116;161003.593;2024-11-16 16:10:03.593;64.62518;-17.46763;5.335;1.99;1.43
214;20241116;161059.746;2024-11-16 16:10:59.746;64.62643;-17.45424;3.017;1.56;1.15
218;20241116;164502.061;2024-11-16 16:45:02.061;64.6227;-17.43613;2.635;3.47;3.39
219;20241116;165203.492;2024-11-16 16:52:03.492;64.6294;-17.46792;2.101;1.44;1.09
304;20241117;205455.389;2024-11-17 20:54:55.389;64.61896;-17.43136;15.955;0.47000000000000003;0.68
4;20241118;012351.744;2024-11-18 01:23:51.744;64.64745;-17.52944;4.188;0.17;-0.71
13;20241118;055056.988;2024-11-18 05:50:56.988;64.64902;-17.48209;2.512;0.18;-0.35000000000000003
63;20241119;000150.659;2024-11-19 00:01:50.659;64.61192;-17.50418;0.135;1.13;1.2
67;20241119;014303.306;2024-11-19 01:43:03.306;64.64765;-17.51519;8.012;1.2;0.96
85;20241119;111159.299;2024-11-19 11:11:59.299;64.62386;-17.4944;3.436;0.73;0.6900000000000001
105;20241119;200240.172;2024-11-19 20:02:40.172;64.62701;-17.49226;2.512;0.85;1.05
108;20241119;203158.673;2024-11-19 20:31:58.673;64.6142;-17.5213;1.454;1.62;1.28
151;20241120;123545.437;2024-11-20 12:35:45.437;64.61902;-17.49661;2.385;0.8200000000000001;0.9
285;20241120;233503.836;2024-11-20 23:35:03.836;64.60384;-17.5262;0.135;0.43;0.24
313;20241121;074331.850;2024-11-21 07:43:31.850;64.65104;-17.42161;4.643;0.81;0.56
327;20241121;114351.556;2024-11-21 11:43:51.556;64.64303;-17.47054;7.389;0.16;-0.72
344;20241121;234914.035;2024-11-21 23:49:14.035;64.6215;-17.50128;1.444;1.49;1.06
362;20241122;070619.788;2024-11-22 07:06:19.788;64.61939;-17.38763;1.127;2.2;1.8900000000000001
365;20241122;093720.451;2024-11-22 09:37:20.451;64.5949;-17.52679;0.135;0.36;0.21
381;20241122;192558.854;2024-11-22 19:25:58.854;64.66631;-17.42684;2.094;2.58;1.9100000000000001
383;20241122;212032.048;2024-11-22 21:20:32.048;64.6189;-17.47058;2.168;0.93;0.59
384;20241122;222602.651;2024-11-22 22:26:02.651;64.61481;-17.47669;3.241;0.51;-0.07
395;20241123;053245.665;2024-11-23 05:32:45.665;64.60812;-17.494510000000002;0.326;0.5;0.29
406;20241123;115815.498;2024-11-23 11:58:15.498;64.62344;-17.45213;4.417;2.88;1.94
416;20241123;183459.407;2024-11-23 18:34:59.407;64.60976;-17.48614;0.8220000000000001;1.4100000000000001;1.11
437;20241124;051403.823;2024-11-24 05:14:03.823;64.62746;-17.48558;4.332;2.41;1.82
442;20241124;143226.458;2024-11-24 14:32:26.458;64.61261;-17.52269;1.286;0.85;0.6900000000000001
4;20241125;015854.494;2024-11-25 01:58:54.494;64.61761;-17.44065;1.167;1.6;1.2
40;20241125;182913.286;2024-11-25 18:29:13.286;64.62438;-17.37594;6.489;2.33;1.82
64;20241126;042626.834;2024-11-26 04:26:26.834;64.63928;-17.37485;0.135;1.5;1.34
82;20241126;104812.718;2024-11-26 10:48:12.718;64.62229;-17.45611;2.529;1.5899999999999999;1.24
97;20241126;175847.266;2024-11-26 17:58:47.266;64.61677;-17.51016;1.749;1.13;0.92
103;20241126;195738.648;2024-11-26 19:57:38.648;64.61048;-17.48631;2.423;1.5;1.2
109;20241126;220501.214;2024-11-26 22:05:01.214;64.63187;-17.41367;4.323;1.02;0.97
113;20241126;233253.241;2024-11-26 23:32:53.241;64.61424;-17.52304;2.539;2.0;1.35
121;20241127;012033.134;2024-11-27 01:20:33.134;64.65469;-17.46346;2.576;-0.1;-0.03
124;20241127;014708.012;2024-11-27 01:47:08.012;64.61264;-17.49222;0.783;0.9;0.78
126;20241127;031605.693;2024-11-27 03:16:05.693;64.66393;-17.44434;1.881;3.61;3.18
133;20241127;050210.464;2024-11-27 05:02:10.464;64.61359;-17.45819;0.135;0.75;0.58
139;20241127;073708.581;2024-11-27 07:37:08.581;64.6096;-17.422;1.6720000000000002;1.46;1.11
144;20241127;105358.100;2024-11-27 10:53:58.100;64.6175;-17.47985;5.601;0.8;-0.05
173;20241128;040515.391;2024-11-28 04:05:15.391;64.61288;-17.50362;2.243;1.5;1.18
177;20241128;042910.931;2024-11-28 04:29:10.931;64.61218;-17.46393;1.129;2.14;1.8
178;20241128;043038.036;2024-11-28 04:30:38.036;64.60674;-17.46994;0.679;1.87;1.3900000000000001
188;20241128;103808.022;2024-11-28 10:38:08.022;64.65801;-17.45526;7.327;1.06;0.72
200;20241128;165735.867;2024-11-28 16:57:35.867;64.67175;-17.53684;1.7970000000000002;0.81;0.77
202;20241128;172414.719;2024-11-28 17:24:14.719;64.62157;-17.45165;5.162;0.8200000000000001;0.8200000000000001
228;20241129;055027.134;2024-11-29 05:50:27.134;64.66223;-17.45667;22.24;0.59;-1.43
252;20241129;153653.297;2024-11-29 15:36:53.297;64.61401;-17.50931;0.292;0.88;0.97
267;20241129;221353.363;2024-11-29 22:13:53.363;64.62067;-17.42905;4.649;2.52;1.56
271;20241130;005030.872;2024-11-30 00:50:30.872;64.60964;-17.516;2.738;2.11;1.35
273;20241130;010837.905;2024-11-30 01:08:37.905;64.62149;-17.47565;5.695;2.8200000000000003;2.27
280;20241130;013428.045;2024-11-30 01:34:28.045;64.61411;-17.49957;7.47;2.04;1.17
286;20241130;030834.853;2024-11-30 03:08:34.853;64.68114;-17.49265;3.803;0.42;-0.33
302;20241130;105805.828;2024-11-30 10:58:05.828;64.62132;-17.4397;2.467;2.63;2.04
307;20241130;171252.449;2024-11-30 17:12:52.449;64.66277;-17.39493;0.856;0.96;0.78
309;20241130;185243.160;2024-11-30 18:52:43.160;64.61647;-17.49408;4.299;2.68;2.14
323;20241201;010331.857;2024-12-01 01:03:31.857;64.6562;-17.55807;2.601;1.85;1.33
335;20241201;082314.758;2024-12-01 08:23:14.758;64.63499;-17.5313;1.843;-0.02;-0.2
371;20241201;203752.322;2024-12-01 20:37:52.322;64.62637;-17.40493;1.293;0.62;0.55
384;20241201;235241.785;2024-12-01 23:52:41.785;64.63219;-17.44756;7.475;0.8300000000000001;0.37
10;20241202;034236.206;2024-12-02 03:42:36.206;64.65398;-17.4318;2.563;0.29;0.23
11;20241202;034335.377;2024-12-02 03:43:35.377;64.6533;-17.43309;2.69;0.46;0.1
27;20241202;113337.438;2024-12-02 11:33:37.438;64.66013;-17.41312;1.389;0.58;0.28
61;20241203;153055.831;2024-12-03 15:30:55.831;64.62019;-17.49021;0.135;0.84;1.09
89;20241204;000056.685;2024-12-04 00:00:56.685;64.61344;-17.39167;2.038;0.89;0.81
103;20241204;050442.607;2024-12-04 05:04:42.607;64.60944;-17.51222;1.835;0.75;0.48
105;20241204;052231.277;2024-12-04 05:22:31.277;64.61504;-17.45014;2.432;0.56;0.11
112;20241204;072628.550;2024-12-04 07:26:28.550;64.63547;-17.44849;6.046;0.8300000000000001;0.93
128;20241204;181710.290;2024-12-04 18:17:10.290;64.67463;-17.43821;2.735;1.9;1.19
130;20241204;192213.479;2024-12-04 19:22:13.479;64.63196;-17.50769;1.7149999999999999;1.0;0.75
132;20241204;201650.768;2024-12-04 20:16:50.768;64.63113;-17.3952;0.14400000000000002;1.52;1.27
136;20241204;210303.560;2024-12-04 21:03:03.560;64.61338;-17.46126;2.348;1.99;1.51
163;20241205;074517.716;2024-12-05 07:45:17.716;64.65247;-17.38714;5.759;0.9500000000000001;0.66
171;20241205;124611.199;2024-12-05 12:46:11.199;64.65061;-17.49145;2.685;0.30000000000000004;0.04
177;20241205;143400.045;2024-12-05 14:34:00.045;64.63954;-17.50645;2.682;0.79;0.85
202;20241205;212934.230;2024-12-05 21:29:34.230;64.60873;-17.50795;2.74;1.73;0.99
221;20241206;034221.207;2024-12-06 03:42:21.207;64.66238;-17.50331;3.625;1.96;1.3599999999999999
222;20241206;034422.301;2024-12-06 03:44:22.301;64.67088;-17.51133;3.194;1.82;1.08
273;20241206;140312.526;2024-12-06 14:03:12.526;64.60954;-17.49172;1.58;1.24;1.43
277;20241206;140836.982;2024-12-06 14:08:36.982;64.61181;-17.411;1.229;1.12;1.03
282;20241206;144750.539;2024-12-06 14:47:50.539;64.62408;-17.43587;1.015;0.76;0.63
284;20241206;150001.293;2024-12-06 15:00:01.293;64.64812;-17.42777;2.752;0.5;0.26
305;20241206;195131.950;2024-12-06 19:51:31.950;64.61007;-17.48771;2.318;1.9100000000000001;1.57
306;20241206;200416.653;2024-12-06 20:04:16.653;64.61612;-17.45207;1.542;0.07;-0.11
314;20241206;225859.134;2024-12-06 22:58:59.134;64.63355;-17.40289;3.974;0.25;-0.21
323;20241207;012530.985;2024-12-07 01:25:30.985;64.65326;-17.37165;0.598;1.34;1.06
326;20241207;024530.317;2024-12-07 02:45:30.317;64.64305;-17.56446;0.135;-0.08;-0.43
331;20241207;054827.225;2024-12-07 05:48:27.225;64.62051;-17.46518;3.419;0.9400000000000001;1.1400000000000001
339;20241207;102440.328;2024-12-07 10:24:40.328;64.64076;-17.51883;2.713;0.55;0.54
340;20241207;102812.929;2024-12-07 10:28:12.929;64.64725;-17.5062;3.136;0.09;-0.8200000000000001
349;20241207;130634.818;2024-12-07 13:06:34.818;64.61669;-17.3951;7.301;0.04;-0.55
350;20241207;140316.584;2024-12-07 14:03:16.584;64.61814;-17.43399;1.662;1.28;1.33
367;20241207;175916.476;2024-12-07 17:59:16.476;64.63908;-17.50418;3.879;0.54;0.67
368;20241207;175957.409;2024-12-07 17:59:57.409;64.63932;-17.50549;3.868;0.77;0.8200000000000001
371;20241207;185433.506;2024-12-07 18:54:33.506;64.66942;-17.39881;5.324;0.16;0.36
385;20241208;000217.494;2024-12-08 00:02:17.494;64.65553;-17.45532;4.442;0.21;0.07
386;20241208;001821.955;2024-12-08 00:18:21.955;64.62646;-17.39353;0.987;0.43;0.51
388;20241208;013349.528;2024-12-08 01:33:49.528;64.65806;-17.44561;2.6310000000000002;-0.11;0.11
389;20241208;014538.644;2024-12-08 01:45:38.644;64.61684;-17.4602;2.237;2.09;2.01
390;20241208;014647.615;2024-12-08 01:46:47.615;64.61082;-17.46426;3.18;0.5;0.53
391;20241208;014737.587;2024-12-08 01:47:37.587;64.61555;-17.45192;1.027;0.29;0.07
392;20241208;014941.128;2024-12-08 01:49:41.128;64.62286;-17.45227;3.923;5.13;4.02
393;20241208;015345.807;2024-12-08 01:53:45.807;64.62844;-17.50478;2.37;1.15;1.21
394;20241208;015440.522;2024-12-08 01:54:40.522;64.62977;-17.44987;0.135;0.41000000000000003;0.17
395;20241208;015519.985;2024-12-08 01:55:19.985;64.63228;-17.41012;1.9140000000000001;1.0;0.8
396;20241208;015543.848;2024-12-08 01:55:43.848;64.65582;-17.44004;4.134;0.58;0.54
397;20241208;015746.153;2024-12-08 01:57:46.153;64.63786;-17.40563;2.871;1.02;0.81
398;20241208;015809.309;2024-12-08 01:58:09.309;64.61748;-17.41173;1.006;1.44;1.21
399;20241208;021038.097;2024-12-08 02:10:38.097;64.66025;-17.50318;3.896;0.47000000000000003;-0.35000000000000003
400;20241208;023052.205;2024-12-08 02:30:52.205;64.646;-17.42128;4.656;0.79;0.52
401;20241208;023356.982;2024-12-08 02:33:56.982;64.65187;-17.39549;1.1360000000000001;0.39;0.5700000000000001
402;20241208;025445.242;2024-12-08 02:54:45.242;64.63128;-17.40155;1.063;0.86;0.56
403;20241208;031109.450;2024-12-08 03:11:09.450;64.62256;-17.43353;5.379;2.05;1.77
405;20241208;043558.598;2024-12-08 04:35:58.598;64.63547;-17.39004;1.976;1.69;1.05
408;20241208;055107.544;2024-12-08 05:51:07.544;64.62682;-17.49502;2.042;1.5899999999999999;0.79
412;20241208;090139.370;2024-12-08 09:01:39.370;64.63003;-17.38902;0.135;0.73;0.55
4;20241209;021656.522;2024-12-09 02:16:56.522;64.62374;-17.38717;0.417;0.74;0.67
7;20241209;041127.386;2024-12-09 04:11:27.386;64.64426;-17.44234;3.896;2.64;1.98
13;20241209;095102.455;2024-12-09 09:51:02.455;64.62326;-17.50647;0.14200000000000002;0.6900000000000001;0.45
124;20241211;050735.813;2024-12-11 05:07:35.813;64.65678;-17.52227;5.411;0.72;0.68
217;20241213;084041.184;2024-12-13 08:40:41.184;64.63352;-17.50798;2.089;0.33;0.46
218;20241213;084235.646;2024-12-13 08:42:35.646;64.63453;-17.5082;1.376;0.23;0.41000000000000003
268;20241214;034549.300;2024-12-14 03:45:49.300;64.62309;-17.40388;2.367;0.28;0.38
22;20241216;060053.515;2024-12-16 06:00:53.515;64.62448;-17.44066;2.967;0.78;0.59
47;20241216;124828.297;2024-12-16 12:48:28.297;64.62974;-17.36521;0.874;0.77;0.67
104;20241217;154831.452;2024-12-17 15:48:31.452;64.62302;-17.37049;0.65;1.04;1.12
177;20241218;101137.801;2024-12-18 10:11:37.801;64.65411;-17.43572;3.111;1.03;0.78
185;20241218;150407.115;2024-12-18 15:04:07.115;64.62012;-17.55829;4.819;0.16;-0.56
186;20241218;152634.854;2024-12-18 15:26:34.854;64.64101;-17.50767;2.952;0.29;0.34
200;20241218;233013.422;2024-12-18 23:30:13.422;64.66125;-17.47902;2.896;1.53;1.21
246;20241219;082739.710;2024-12-19 08:27:39.710;64.64623;-17.47221;2.493;0.23;0.09
250;20241219;094132.578;2024-12-19 09:41:32.578;64.66293;-17.4834;8.264;0.12;-1.43
252;20241219;100909.899;2024-12-19 10:09:09.899;64.67524;-17.48105;4.201;-0.12;-0.72
284;20241220;064331.876;2024-12-20 06:43:31.876;64.64577;-17.4806;6.21;1.17;0.75
302;20241220;123956.865;2024-12-20 12:39:56.865;64.65044;-17.42686;2.325;0.21;0.04
335;20241221;100607.917;2024-12-21 10:06:07.917;64.64798;-17.38828;1.9180000000000001;0.9;0.61
359;20241222;011039.863;2024-12-22 01:10:39.863;64.62182;-17.39596;1.404;2.56;2.18
361;20241222;020912.712;2024-12-22 02:09:12.712;64.63997;-17.36841;2.386;1.21;0.89
40;20241224;142048.407;2024-12-24 14:20:48.407;64.63807;-17.35737;0.05;1.6099999999999999;1.25
47;20241224;172720.423;2024-12-24 17:27:20.423;64.63596;-17.37526;2.988;0.71;0.91
55;20241224;235312.886;2024-12-24 23:53:12.886;64.59238;-17.47828;10.212;1.07;1.0
59;20241225;051659.349;2024-12-25 05:16:59.349;64.67326;-17.51774;4.856;1.04;1.29
62;20241225;114715.229;2024-12-25 11:47:15.229;64.65955;-17.55368;6.409;2.3;1.81
70;20241226;054621.102;2024-12-26 05:46:21.102;64.62038;-17.39638;0.334;1.74;1.76
90;20241227;060445.127;2024-12-27 06:04:45.127;64.67118;-17.44824;3.94;1.96;1.57
102;20241227;180548.883;2024-12-27 18:05:48.883;64.67516;-17.50552;6.756;1.73;1.47
135;20241228;055113.364;2024-12-28 05:51:13.364;64.63139;-17.42283;7.549;0.99;0.8
138;20241228;075213.579;2024-12-28 07:52:13.579;64.66823;-17.49033;2.895;1.34;1.06
139;20241228;075509.322;2024-12-28 07:55:09.322;64.67264;-17.50103;6.02;0.93;0.88
140;20241228;085627.756;2024-12-28 08:56:27.756;64.66805;-17.45474;3.102;1.79;1.48
152;20241228;161403.827;2024-12-28 16:14:03.827;64.66122;-17.55163;6.017;1.0;0.71
153;20241228;162148.390;2024-12-28 16:21:48.390;64.62817;-17.41666;0.687;0.55;0.6900000000000001
156;20241228;180449.019;2024-12-28 18:04:49.019;64.63943;-17.42903;12.355;0.87;0.66
164;20241228;223249.985;2024-12-28 22:32:49.985;64.61835;-17.39852;0.135;0.38;0.47000000000000003
170;20241229;000918.398;2024-12-29 00:09:18.398;64.68452;-17.47248;6.223;2.14;1.73
180;20241229;032920.854;2024-12-29 03:29:20.854;64.63934;-17.4241;2.475;0.8;0.5700000000000001
273;20241229;162644.595;2024-12-29 16:26:44.595;64.66706;-17.43588;3.936;3.75;3.14
70;20241230;052144.146;2024-12-30 05:21:44.146;64.65639;-17.5205;2.339;-0.1;0.37
80;20241230;091643.592;2024-12-30 09:16:43.592;64.62847;-17.36555;1.52;1.16;0.91
93;20241230;104330.855;2024-12-30 10:43:30.855;64.64409;-17.37861;0.445;1.29;0.71
135;20241230;163350.091;2024-12-30 16:33:50.091;64.66342;-17.49175;9.009;0.8200000000000001;0.9
136;20241230;165037.026;2024-12-30 16:50:37.026;64.60745;-17.38708;0.135;0.62;0.6900000000000001
140;20241230;173025.426;2024-12-30 17:30:25.426;64.66573;-17.50579;8.1;0.0;0.31
190;20241231;093013.037;2024-12-31 09:30:13.037;64.65277;-17.56194;12.564;0.7000000000000001;0.73
208;20241231;145634.018;2024-12-31 14:56:34.018;64.616;-17.54611;8.198;1.1;1.02
259;20250101;085452.201;2025-01-01 08:54:52.201;64.64191;-17.51202;0.135;0.68;1.4
277;20250101;150827.777;2025-01-01 15:08:27.777;64.66859;-17.51587;3.354;0.9500000000000001;0.93
302;20250102;003512.959;2025-01-02 00:35:12.959;64.64143;-17.49779;7.836;0.22;0.65
319;20250102;052214.121;2025-01-02 05:22:14.121;64.66731;-17.49431;4.015;1.37;1.11
328;20250102;091804.359;2025-01-02 09:18:04.359;64.66169;-17.50591;4.974;1.58;1.22
341;20250102;143629.679;2025-01-02 14:36:29.679;64.65648;-17.52455;4.813;1.44;0.8200000000000001
342;20250102;150722.074;2025-01-02 15:07:22.074;64.63226;-17.46503;21.625;1.6800000000000002;1.3599999999999999
355;20250102;221128.635;2025-01-02 22:11:28.635;64.63876;-17.44303;7.204;1.3;0.89
364;20250102;232253.976;2025-01-02 23:22:53.976;64.64472;-17.54067;5.29;2.24;1.78
387;20250103;104337.547;2025-01-03 10:43:37.547;64.64138;-17.475740000000002;0.135;1.78;0.99
388;20250103;104551.487;2025-01-03 10:45:51.487;64.66779;-17.50507;8.277;2.36;1.71
398;20250103;145731.843;2025-01-03 14:57:31.843;64.64704;-17.35387;0.135;2.55;2.01
401;20250103;164504.152;2025-01-03 16:45:04.152;64.63554;-17.434450000000002;8.258;1.12;0.5700000000000001
404;20250103;182223.293;2025-01-03 18:22:23.293;64.66817;-17.53004;12.529;0.66;0.41000000000000003
405;20250103;183451.769;2025-01-03 18:34:51.769;64.64891;-17.47453;7.683;0.8200000000000001;0.63
407;20250103;185528.572;2025-01-03 18:55:28.572;64.62433;-17.41661;0.135;0.8200000000000001;0.6000000000000001
441;20250104;074700.173;2025-01-04 07:47:00.173;64.64635;-17.37767;7.301;1.9100000000000001;1.4100000000000001
467;20250104;190922.526;2025-01-04 19:09:22.526;64.62263;-17.41391;4.585;2.23;1.88
472;20250104;225427.079;2025-01-04 22:54:27.079;64.66187;-17.54025;7.563;1.07;1.04
4;20250106;021226.558;2025-01-06 02:12:26.558;64.60609;-17.3555;0.135;0.43;0.76
7;20250106;072343.436;2025-01-06 07:23:43.436;64.64349;-17.39394;0.135;0.8300000000000001;0.8300000000000001
15;20250106;095659.764;2025-01-06 09:56:59.764;64.6137;-17.35521;0.338;0.65;0.76
16;20250106;095755.804;2025-01-06 09:57:55.804;64.6151;-17.50356;0.404;1.26;0.9400000000000001
22;20250106;122258.254;2025-01-06 12:22:58.254;64.68626;-17.52112;0.905;1.03;0.98
23;20250106;122258.543;2025-01-06 12:22:58.543;64.66537;-17.51025;2.8890000000000002;0.99;1.0
25;20250106;145314.493;2025-01-06 14:53:14.493;64.6287;-17.42253;4.638;1.7000000000000002;1.1
44;20250106;204237.256;2025-01-06 20:42:37.256;64.64343;-17.39858;5.541;1.11;0.88
105;20250107;145921.480;2025-01-07 14:59:21.480;64.63152;-17.44292;4.723;1.27;0.85
149;20250108;031832.177;2025-01-08 03:18:32.177;64.66177;-17.4966;7.6850000000000005;3.22;3.02
150;20250108;033353.197;2025-01-08 03:33:53.197;64.67728;-17.47125;0.135;4.09;3.76
274;20250110;101642.206;2025-01-10 10:16:42.206;64.59024;-17.45572;5.005;1.04;1.32
275;20250110;101707.565;2025-01-10 10:17:07.565;64.65702;-17.51424;0.135;0.63;0.92
294;20250110;173154.827;2025-01-10 17:31:54.827;64.63228;-17.3623;1.924;0.88;0.9500000000000001
309;20250111;041330.087;2025-01-11 04:13:30.087;64.62536;-17.37334;5.331;1.24;1.57
310;20250111;042327.637;2025-01-11 04:23:27.637;64.62087;-17.40041;0.135;0.88;0.6900000000000001
328;20250111;125657.006;2025-01-11 12:56:57.006;64.63065;-17.36498;1.241;1.06;1.0
330;20250111;144813.322;2025-01-11 14:48:13.322;64.65408;-17.51959;14.796;0.47000000000000003;-0.08
380;20250112;161945.464;2025-01-12 16:19:45.464;64.63694;-17.4333;7.916;0.67;0.53
381;20250112;162021.217;2025-01-12 16:20:21.217;64.65196;-17.43279;3.648;0.19;0.4
397;20250112;230017.667;2025-01-12 23:00:17.667;64.66294;-17.51776;4.898;1.27;1.58
398;20250112;230027.556;2025-01-12 23:00:27.556;64.67738;-17.49125;0.135;1.56;2.09
399;20250112;230027.621;2025-01-12 23:00:27.621;64.67731;-17.49841;0.135;1.8;1.69
400;20250112;230039.958;2025-01-12 23:00:39.958;64.66563;-17.51686;0.431;1.44;1.75
401;20250112;233901.260;2025-01-12 23:39:01.260;64.66624;-17.54996;6.896;1.15;1.09
402;20250112;234040.827;2025-01-12 23:40:40.827;64.66266;-17.53961;5.6129999999999995;1.16;0.96
16;20250113;081836.121;2025-01-13 08:18:36.121;64.63413;-17.44245;0.5670000000000001;0.74;0.61
23;20250113;111255.023;2025-01-13 11:12:55.023;64.66429;-17.58577;18.832;0.55;-0.31
44;20250113;212048.003;2025-01-13 21:20:48.003;64.67915;-17.51523;6.412;2.01;1.57
58;20250114;042959.134;2025-01-14 04:29:59.134;64.59214;-17.3772;12.542;0.6000000000000001;0.4
62;20250114;060833.941;2025-01-14 06:08:33.941;64.65504;-17.52612;4.933;3.47;3.47
63;20250114;061019.038;2025-01-14 06:10:19.038;64.62524;-17.37899;9.689;2.03;1.72
64;20250114;061413.367;2025-01-14 06:14:13.367;64.66181;-17.56922;9.938;1.1400000000000001;0.9500000000000001
65;20250114;061448.403;2025-01-14 06:14:48.403;64.6596;-17.53741;6.741;2.09;1.87
66;20250114;061505.916;2025-01-14 06:15:05.916;64.65485;-17.53742;1.014;2.6;2.38
67;20250114;061629.005;2025-01-14 06:16:29.005;64.66838;-17.50924;1.175;3.01;2.65
68;20250114;061752.255;2025-01-14 06:17:52.255;64.65712;-17.51224;3.362;2.47;1.8599999999999999
69;20250114;061834.437;2025-01-14 06:18:34.437;64.65816;-17.52085;7.046;2.6;1.9
70;20250114;061900.382;2025-01-14 06:19:00.382;64.66107;-17.53853;8.708;3.03;2.33
71;20250114;062042.604;2025-01-14 06:20:42.604;64.66216;-17.53657;7.647;2.5300000000000002;2.05
72;20250114;062119.852;2025-01-14 06:21:19.852;64.66298;-17.55528;8.488;1.49;1.63
73;20250114;062155.126;2025-01-14 06:21:55.126;64.65852;-17.53825;8.762;2.7800000000000002;2.18
74;20250114;062222.300;2025-01-14 06:22:22.300;64.66624;-17.51693;6.358;2.45;2.85
75;20250114;062237.450;2025-01-14 06:22:37.450;64.64541;-17.54973;8.777;3.51;3.39
76;20250114;062336.028;2025-01-14 06:23:36.028;64.65643;-17.54037;8.813;3.02;2.46
77;20250114;062458.138;2025-01-14 06:24:58.138;64.65327;-17.51864;8.199;3.32;2.7199999999999998
78;20250114;062710.773;2025-01-14 06:27:10.773;64.65884;-17.52896;5.054;2.32;1.63
79;20250114;062757.653;2025-01-14 06:27:57.653;64.66299;-17.56241;7.999;1.15;1.27
80;20250114;062825.559;2025-01-14 06:28:25.559;64.65428;-17.53143;8.536;2.5300000000000002;2.01
81;20250114;062851.196;2025-01-14 06:28:51.196;64.65915;-17.52855;8.002;1.9500000000000002;1.8900000000000001
82;20250114;062919.232;2025-01-14 06:29:19.232;64.66447;-17.47649;4.873;4.41;3.73
83;20250114;063102.992;2025-01-14 06:31:02.992;64.66753;-17.52938;0.52;0.6000000000000001;1.1
84;20250114;063144.384;2025-01-14 06:31:44.384;64.66965;-17.51713;6.431;2.04;1.57
85;20250114;063239.306;2025-01-14 06:32:39.306;64.66628;-17.50291;2.7720000000000002;1.72;1.1400000000000001
86;20250114;063446.444;2025-01-14 06:34:46.444;64.66003;-17.51385;7.378;2.18;1.81
87;20250114;063707.716;2025-01-14 06:37:07.716;64.66381;-17.53323;8.349;1.74;1.37
88;20250114;063757.468;2025-01-14 06:37:57.468;64.66621;-17.49227;0.135;1.62;1.79
89;20250114;063819.053;2025-01-14 06:38:19.053;64.6588;-17.50052;7.241;2.47;2.25
90;20250114;063900.953;2025-01-14 06:39:00.953;64.66405;-17.51534;6.405;1.88;1.9500000000000002
91;20250114;063917.932;2025-01-14 06:39:17.932;64.65752;-17.50955;6.997;2.88;2.19
92;20250114;064155.075;2025-01-14 06:41:55.075;64.65919;-17.51389;7.308;2.26;1.82
93;20250114;064257.446;2025-01-14 06:42:57.446;64.65754;-17.51846;7.766;2.61;2.46
94;20250114;064350.628;2025-01-14 06:43:50.628;64.65826;-17.51424;7.476;2.74;2.22
95;20250114;064505.544;2025-01-14 06:45:05.544;64.66886;-17.51418;6.655;1.8900000000000001;1.6
96;20250114;064535.403;2025-01-14 06:45:35.403;64.66474;-17.50561;7.088;2.29;2.12
97;20250114;064554.841;2025-01-14 06:45:54.841;64.66174;-17.54596;6.981;3.32;3.01
98;20250114;064832.385;2025-01-14 06:48:32.385;64.6512;-17.53252;10.981;1.45;1.55
99;20250114;064958.320;2025-01-14 06:49:58.320;64.66626;-17.51572;7.632;2.23;2.02
100;20250114;065045.490;2025-01-14 06:50:45.490;64.65788;-17.50322;7.984;2.65;2.2800000000000002
102;20250114;065301.750;2025-01-14 06:53:01.750;64.65601;-17.52076;9.369;1.44;1.34
103;20250114;065343.149;2025-01-14 06:53:43.149;64.66605;-17.51144;8.57;3.1;2.92
104;20250114;065458.719;2025-01-14 06:54:58.719;64.65453;-17.51351;8.495;3.52;2.79
105;20250114;065608.707;2025-01-14 06:56:08.707;64.66679;-17.5073;6.648;2.4;2.21
106;20250114;065814.487;2025-01-14 06:58:14.487;64.66155;-17.51067;8.005;2.2;1.6400000000000001
107;20250114;065931.702;2025-01-14 06:59:31.702;64.67019;-17.51326;8.32;2.73;2.06
108;20250114;070051.295;2025-01-14 07:00:51.295;64.66583;-17.51908;7.287;1.72;1.46
109;20250114;070143.560;2025-01-14 07:01:43.560;64.66838;-17.51122;6.399;2.15;1.96
110;20250114;070328.086;2025-01-14 07:03:28.086;64.65599;-17.51785;8.095;2.42;1.88
111;20250114;070447.230;2025-01-14 07:04:47.230;64.66103;-17.50678;8.204;2.63;1.98
112;20250114;070649.768;2025-01-14 07:06:49.768;64.66939;-17.52929;8.484;1.2;1.1
113;20250114;070726.316;2025-01-14 07:07:26.316;64.67442;-17.55455;9.267;0.93;0.91
114;20250114;070857.956;2025-01-14 07:08:57.956;64.66392;-17.53803;9.753;1.96;1.54
115;20250114;070959.366;2025-01-14 07:09:59.366;64.64864;-17.50755;9.16;1.21;1.33
116;20250114;071016.383;2025-01-14 07:10:16.383;64.66505;-17.49472;5.7059999999999995;2.36;2.03
117;20250114;071111.903;2025-01-14 07:11:11.903;64.65574;-17.51501;8.777;1.09;0.99
118;20250114;071209.781;2025-01-14 07:12:09.781;64.66427;-17.48808;3.598;1.8599999999999999;1.02
120;20250114;071316.099;2025-01-14 07:13:16.099;64.65921;-17.51619;7.303;2.18;1.88
121;20250114;071423.489;2025-01-14 07:14:23.489;64.66481;-17.49534;7.485;2.5300000000000002;2.12
122;20250114;071609.697;2025-01-14 07:16:09.697;64.67499;-17.51745;6.191;1.0;0.9500000000000001
123;20250114;071737.788;2025-01-14 07:17:37.788;64.66462;-17.49825;3.716;3.2;2.98
124;20250114;071904.907;2025-01-14 07:19:04.907;64.67049;-17.5092;4.319;1.55;1.28
126;20250114;072057.244;2025-01-14 07:20:57.244;64.67062;-17.50757;7.62;2.03;1.46
127;20250114;072322.404;2025-01-14 07:23:22.404;64.65369;-17.51253;8.233;3.17;2.46
128;20250114;072501.770;2025-01-14 07:25:01.770;64.67743;-17.51716;0.135;1.78;1.52
129;20250114;072553.817;2025-01-14 07:25:53.817;64.67055;-17.50158;6.088;2.17;1.87
130;20250114;072738.170;2025-01-14 07:27:38.170;64.66347;-17.47769;4.117;1.76;1.49
131;20250114;072849.750;2025-01-14 07:28:49.750;64.67186;-17.50342;7.805;1.54;1.46
132;20250114;072944.435;2025-01-14 07:29:44.435;64.66241;-17.49891;6.452;3.6;3.49
133;20250114;073236.509;2025-01-14 07:32:36.509;64.67091;-17.51508;5.318;0.99;1.06
134;20250114;073339.238;2025-01-14 07:33:39.238;64.66325;-17.48513;6.415;2.36;2.06
135;20250114;073601.638;2025-01-14 07:36:01.638;64.65604;-17.50624;6.402;1.78;1.5899999999999999
136;20250114;073739.354;2025-01-14 07:37:39.354;64.66927;-17.49994;8.102;1.24;1.43
137;20250114;074056.762;2025-01-14 07:40:56.762;64.6689;-17.50361;4.472;2.02;1.79
138;20250114;074240.717;2025-01-14 07:42:40.717;64.65721;-17.49822;6.448;1.16;1.05
139;20250114;074522.024;2025-01-14 07:45:22.024;64.67117;-17.48607;6.5809999999999995;2.8;1.17
140;20250114;074544.165;2025-01-14 07:45:44.165;64.65915;-17.50345;6.157;3.49;2.06
141;20250114;074723.919;2025-01-14 07:47:23.919;64.66225;-17.48684;4.036;4.13;3.63
142;20250114;075110.250;2025-01-14 07:51:10.250;64.66325;-17.49049;7.259;2.18;1.94
143;20250114;075153.250;2025-01-14 07:51:53.250;64.65971;-17.5066;7.25;3.12;2.7800000000000002
144;20250114;075325.057;2025-01-14 07:53:25.057;64.66758;-17.49744;6.339;1.19;1.23
145;20250114;075508.795;2025-01-14 07:55:08.795;64.65868;-17.51313;7.368;2.19;1.78
146;20250114;075653.847;2025-01-14 07:56:53.847;64.66553;-17.49786;7.501;1.96;2.11
147;20250114;075709.106;2025-01-14 07:57:09.106;64.67442;-17.48644;8.493;2.93;2.49
148;20250114;075938.213;2025-01-14 07:59:38.213;64.65456;-17.51516;9.256;1.25;1.07
150;20250114;080241.005;2025-01-14 08:02:41.005;64.66586;-17.47911;11.506;1.82;1.8900000000000001
152;20250114;080329.835;2025-01-14 08:03:29.835;64.6665;-17.49869;7.52;2.1;1.8
153;20250114;080501.461;2025-01-14 08:05:01.461;64.65683;-17.50628;7.674;3.15;3.5300000000000002
154;20250114;080519.626;2025-01-14 08:05:19.626;64.66344;-17.48586;6.353;4.89;4.05
155;20250114;081042.860;2025-01-14 08:10:42.860;64.66253;-17.51303;6.62;2.04;1.87
156;20250114;081215.705;2025-01-14 08:12:15.705;64.64384;-17.49302;10.73;0.85;0.59
157;20250114;081326.640;2025-01-14 08:13:26.640;64.64222;-17.39173;0.303;1.16;0.9500000000000001
158;20250114;081555.722;2025-01-14 08:15:55.722;64.65758;-17.56109;0.755;0.54;0.17
159;20250114;081633.707;2025-01-14 08:16:33.707;64.65944;-17.51072;5.884;2.12;1.75
160;20250114;081814.740;2025-01-14 08:18:14.740;64.67165;-17.49863;4.712;1.05;1.02
161;20250114;081952.126;2025-01-14 08:19:52.126;64.66275;-17.49887;7.656;2.47;2.08
162;20250114;082211.529;2025-01-14 08:22:11.529;64.66603;-17.48728;7.096;1.77;1.56
163;20250114;082307.771;2025-01-14 08:23:07.771;64.66856;-17.52626;7.72;1.83;1.55
164;20250114;082448.482;2025-01-14 08:24:48.482;64.66656;-17.49382;7.66;1.6400000000000001;1.4100000000000001
165;20250114;082615.261;2025-01-14 08:26:15.261;64.66142;-17.5407;8.082;1.78;1.3599999999999999
166;20250114;082708.099;2025-01-14 08:27:08.099;64.66713;-17.50156;7.288;0.76;0.93
167;20250114;082733.147;2025-01-14 08:27:33.147;64.64153;-17.47567;9.352;0.7000000000000001;0.68
168;20250114;082808.367;2025-01-14 08:28:08.367;64.66843;-17.49216;4.994;0.87;0.88
169;20250114;082950.378;2025-01-14 08:29:50.378;64.67854;-17.50175;3.148;0.9500000000000001;0.8300000000000001
170;20250114;083011.135;2025-01-14 08:30:11.135;64.67242;-17.5174;7.616;1.06;0.9
171;20250114;083057.808;2025-01-14 08:30:57.808;64.65766;-17.49899;6.533;2.95;2.8200000000000003
172;20250114;083143.717;2025-01-14 08:31:43.717;64.66631;-17.48726;6.959;2.65;2.41
173;20250114;083427.169;2025-01-14 08:34:27.169;64.66865;-17.50072;6.688;1.3599999999999999;1.3
174;20250114;083552.852;2025-01-14 08:35:52.852;64.67548;-17.50103;4.501;1.06;1.19
175;20250114;083653.731;2025-01-14 08:36:53.731;64.67033;-17.4991;5.7620000000000005;1.88;1.48
176;20250114;083916.266;2025-01-14 08:39:16.266;64.65488;-17.5043;9.667;0.78;0.76
177;20250114;084152.586;2025-01-14 08:41:52.586;64.67581;-17.51624;7.713;0.85;0.75
179;20250114;084440.165;2025-01-14 08:44:40.165;64.67743;-17.51069;7.134;0.85;0.84
180;20250114;084532.687;2025-01-14 08:45:32.687;64.6677;-17.49977;4.9;1.32;1.31
181;20250114;084614.160;2025-01-14 08:46:14.160;64.66671;-17.49847;6.85;0.93;0.81
182;20250114;084730.242;2025-01-14 08:47:30.242;64.66415;-17.4819;5.731;2.04;1.8
183;20250114;085531.812;2025-01-14 08:55:31.812;64.6694;-17.49252;6.408;0.99;1.11
184;20250114;085548.077;2025-01-14 08:55:48.077;64.66453;-17.49485;7.38;2.49;1.96
185;20250114;085909.866;2025-01-14 08:59:09.866;64.63213;-17.51601;5.963;2.04;1.19
186;20250114;091531.658;2025-01-14 09:15:31.658;64.6395;-17.53443;11.554;0.5700000000000001;0.56
187;20250114;092447.201;2025-01-14 09:24:47.201;64.67731;-17.59566;6.9510000000000005;0.64;0.5700000000000001
189;20250114;100930.208;2025-01-14 10:09:30.208;64.63306;-17.45325;11.392;0.75;0.74
191;20250114;102800.863;2025-01-14 10:28:00.863;64.66081;-17.55668;9.271;0.99;0.79
197;20250114;171750.975;2025-01-14 17:17:50.975;64.67296;-17.45095;4.985;2.43;1.77
211;20250115;145717.033;2025-01-15 14:57:17.033;64.64169;-17.58832;19.399;1.58;1.04
388;20250119;030957.764;2025-01-19 03:09:57.764;64.66894;-17.39915;0.135;0.97;0.62
392;20250119;055555.497;2025-01-19 05:55:55.497;64.6601;-17.56347;8.476;1.3599999999999999;0.77
393;20250119;055937.835;2025-01-19 05:59:37.835;64.64876;-17.54282;4.807;0.65;0.55
401;20250119;144356.674;2025-01-19 14:43:56.674;64.65639;-17.54943;8.545;1.29;0.98
213;20250123;022934.176;2025-01-23 02:29:34.176;64.66748;-17.47671;3.167;2.3;1.9300000000000002
214;20250123;025745.251;2025-01-23 02:57:45.251;64.67353;-17.47479;2.982;0.8200000000000001;0.74
218;20250123;034848.918;2025-01-23 03:48:48.918;64.66793;-17.45956;2.823;0.79;0.76
283;20250124;013603.692;2025-01-24 01:36:03.692;64.62904;-17.41212;1.6400000000000001;0.92;0.51
367;20250125;062205.322;2025-01-25 06:22:05.322;64.66462;-17.54256;3.5300000000000002;0.39;0.51
413;20250125;194614.334;2025-01-25 19:46:14.334;64.66412;-17.50203;2.6630000000000003;2.09;1.62
474;20250126;100542.257;2025-01-26 10:05:42.257;64.67941;-17.48575;2.586;0.34;0.43
32;20250127;124906.566;2025-01-27 12:49:06.566;64.66766;-17.44091;3.234;3.37;2.79
33;20250127;130203.965;2025-01-27 13:02:03.965;64.68246;-17.48788;3.531;0.33;0.32
76;20250127;211426.624;2025-01-27 21:14:26.624;64.68164;-17.49617;3.212;0.59;0.55
234;20250128;122049.756;2025-01-28 12:20:49.756;64.67763;-17.49626;3.26;0.35000000000000003;0.15
358;20250129;124858.435;2025-01-29 12:48:58.435;64.66361;-17.45725;3.854;1.01;0.75
381;20250129;175528.218;2025-01-29 17:55:28.218;64.64182;-17.51575;4.824;0.79;0.8200000000000001
516;20250201;000551.085;2025-02-01 00:05:51.085;64.66673;-17.48959;2.5460000000000003;1.1400000000000001;1.16
548;20250202;125253.200;2025-02-02 12:52:53.200;64.68536;-17.47829;7.9;0.67;0.66
22;20250203;070131.717;2025-02-03 07:01:31.717;64.6234;-17.38154;0.135;0.66;0.64
23;20250203;070204.255;2025-02-03 07:02:04.255;64.62142;-17.44404;0.47200000000000003;0.34;0.39
30;20250203;101452.051;2025-02-03 10:14:52.051;64.67338;-17.49743;3.346;1.43;1.01
65;20250204;073707.308;2025-02-04 07:37:07.308;64.64569;-17.4501;2.153;0.64;0.45
94;20250205;001559.362;2025-02-05 00:15:59.362;64.68556;-17.47563;2.239;0.67;0.64
106;20250205;072237.806;2025-02-05 07:22:37.806;64.67609;-17.464;0.135;0.26;-0.02
124;20250206;050132.027;2025-02-06 05:01:32.027;64.67237;-17.57064;1.899;0.97;1.03
127;20250206;112016.373;2025-02-06 11:20:16.373;64.68147;-17.48956;3.068;1.18;0.92
130;20250206;170407.059;2025-02-06 17:04:07.059;64.67167;-17.45266;0.379;1.87;1.23
131;20250206;170702.417;2025-02-06 17:07:02.417;64.66924;-17.44701;0.98;2.01;1.67
132;20250206;170818.844;2025-02-06 17:08:18.844;64.67019;-17.45342;2.07;2.8;2.56
133;20250206;171009.375;2025-02-06 17:10:09.375;64.67901;-17.48352;2.442;0.34;0.07
138;20250206;202827.113;2025-02-06 20:28:27.113;64.62402;-17.36684;0.135;0.56;0.49
150;20250207;031841.299;2025-02-07 03:18:41.299;64.63457;-17.37203;1.005;0.72;0.68
151;20250207;031902.243;2025-02-07 03:19:02.243;64.64521;-17.34922;3.2640000000000002;0.63;0.1
155;20250207;050236.974;2025-02-07 05:02:36.974;64.62468;-17.40416;3.856;2.51;2.05
163;20250207;093508.231;2025-02-07 09:35:08.231;64.62849;-17.39004;2.085;0.75;0.78
165;20250207;103057.766;2025-02-07 10:30:57.766;64.61412;-17.42665;0.05;0.36;-0.06
201;20250208;085708.033;2025-02-08 08:57:08.033;64.62965;-17.38514;1.641;0.1;0.25
205;20250208;122004.024;2025-02-08 12:20:04.024;64.65232;-17.57661;2.667;0.33;-0.64
210;20250208;164916.760;2025-02-08 16:49:16.760;64.68048;-17.4828;1.879;0.09;0.38
211;20250208;171529.005;2025-02-08 17:15:29.005;64.65954;-17.43709;2.753;-0.22;-0.23
212;20250208;172531.951;2025-02-08 17:25:31.951;64.65233;-17.43671;2.754;0.03;-0.08
31;20250211;012603.485;2025-02-11 01:26:03.485;64.67172;-17.43486;3.314;0.27;0.21
40;20250211;050051.243;2025-02-11 05:00:51.243;64.68027;-17.45976;3.293;0.33;-0.15
103;20250212;111152.123;2025-02-12 11:11:52.123;64.62621;-17.37404;0.8130000000000001;1.47;1.2
120;20250213;015129.797;2025-02-13 01:51:29.797;64.64261;-17.52904;3.999;0.11;-0.14
188;20250214;111906.324;2025-02-14 11:19:06.324;64.63854;-17.51704;3.084;0.67;0.34
192;20250214;142025.704;2025-02-14 14:20:25.704;64.61444;-17.39503;1.613;0.34;0.76
194;20250214;170012.411;2025-02-14 17:00:12.411;64.62564;-17.38383;4.745;1.8900000000000001;1.32
197;20250214;175203.236;2025-02-14 17:52:03.236;64.65372;-17.53565;5.632;0.24;-1.42
203;20250214;194002.114;2025-02-14 19:40:02.114;64.66528;-17.47256;2.711;1.52;0.99
204;20250214;195535.850;2025-02-14 19:55:35.850;64.63469;-17.53759;0.135;1.0;0.87
208;20250214;222119.941;2025-02-14 22:21:19.941;64.68858;-17.53067;3.291;0.66;0.44
212;20250214;230947.001;2025-02-14 23:09:47.001;64.64943;-17.50585;2.305;3.25;2.64
213;20250214;235404.867;2025-02-14 23:54:04.867;64.65495;-17.51792;3.947;0.2;-0.63
216;20250215;025735.871;2025-02-15 02:57:35.871;64.64855;-17.43745;3.912;0.14;-0.22
217;20250215;030250.928;2025-02-15 03:02:50.928;64.67419;-17.46359;5.54;0.62;0.34
223;20250215;045242.004;2025-02-15 04:52:42.004;64.63731;-17.41502;3.7119999999999997;0.75;0.55
241;20250215;134504.560;2025-02-15 13:45:04.560;64.65543;-17.45351;3.295;0.14;-0.53
242;20250215;134941.458;2025-02-15 13:49:41.458;64.65559;-17.49899;4.047;0.71;0.36
243;20250215;141920.316;2025-02-15 14:19:20.316;64.65708;-17.48851;4.5440000000000005;0.14;-0.45
270;20250216;043139.778;2025-02-16 04:31:39.778;64.65845;-17.44926;4.017;0.27;-0.45
274;20250216;073612.279;2025-02-16 07:36:12.279;64.65864;-17.53161;5.76;0.34;-0.43
275;20250216;081923.044;2025-02-16 08:19:23.044;64.64994;-17.52468;6.2620000000000005;0.54;0.02
279;20250216;085851.437;2025-02-16 08:58:51.437;64.62591;-17.3915;5.9510000000000005;1.47;1.11
7;20250217;043309.828;2025-02-17 04:33:09.828;64.67281;-17.44273;1.152;2.64;2.04
8;20250217;043532.099;2025-02-17 04:35:32.099;64.68694;-17.47351;2.968;1.26;1.03
11;20250217;063420.162;2025-02-17 06:34:20.162;64.66681;-17.44162;1.46;2.31;1.82
12;20250217;064256.195;2025-02-17 06:42:56.195;64.6742;-17.49018;2.88;1.71;1.26
15;20250217;072251.350;2025-02-17 07:22:51.350;64.66221;-17.45006;3.618;0.46;0.62
25;20250217;122642.485;2025-02-17 12:26:42.485;64.60015;-17.43264;0.135;0.04;-0.04
36;20250217;193110.636;2025-02-17 19:31:10.636;64.68201;-17.48158;2.821;0.6000000000000001;0.56
38;20250217;195401.766;2025-02-17 19:54:01.766;64.59305;-17.50057;8.405;0.76;0.41000000000000003
39;20250217;202639.018;2025-02-17 20:26:39.018;64.62478;-17.41838;0.709;0.74;0.86
42;20250217;231912.827;2025-02-17 23:19:12.827;64.64568;-17.46165;5.047;0.48;-0.16
46;20250218;023845.181;2025-02-18 02:38:45.181;64.63316;-17.35861;0.135;1.0;0.77
50;20250218;070410.935;2025-02-18 07:04:10.935;64.66827;-17.50125;3.938;2.67;1.97
51;20250218;071135.662;2025-02-18 07:11:35.662;64.67602;-17.49899;8.225;1.97;1.51
53;20250218;083516.552;2025-02-18 08:35:16.552;64.61723;-17.41155;0.79;0.23;0.05
62;20250218;154643.729;2025-02-18 15:46:43.729;64.66194;-17.46859;4.59;0.86;0.74
63;20250218;154828.016;2025-02-18 15:48:28.016;64.63989;-17.44679;6.226;1.08;0.61
75;20250218;181458.461;2025-02-18 18:14:58.461;64.61862;-17.40814;1.451;0.35000000000000003;0.47000000000000003
102;20250219;161213.785;2025-02-19 16:12:13.785;64.63811;-17.44181;5.27;1.2;0.77
103;20250219;161445.030;2025-02-19 16:14:45.030;64.64436;-17.46501;6.853;0.79;0.07
111;20250219;191937.536;2025-02-19 19:19:37.536;64.63976;-17.43925;4.99;0.76;0.48
115;20250219;220138.431;2025-02-19 22:01:38.431;64.66321;-17.53505;6.641;0.92;0.6900000000000001
116;20250219;222747.065;2025-02-19 22:27:47.065;64.62756;-17.43389;4.499;1.98;1.23
117;20250219;223404.761;2025-02-19 22:34:04.761;64.68365;-17.43924;4.5;1.38;1.22
118;20250219;231755.863;2025-02-19 23:17:55.863;64.64466;-17.46637;6.459;1.05;0.68
120;20250220;005027.660;2025-02-20 00:50:27.660;64.64059;-17.42345;0.135;0.99;0.71
134;20250220;112230.528;2025-02-20 11:22:30.528;64.62265;-17.37012;0.135;0.63;0.65
143;20250220;191439.903;2025-02-20 19:14:39.903;64.65069;-17.44161;2.73;0.51;0.51
167;20250221;100512.547;2025-02-21 10:05:12.547;64.61861;-17.49685;1.596;1.1;0.87
182;20250221;180359.227;2025-02-21 18:03:59.227;64.66937;-17.43081;1.553;1.87;1.07
190;20250221;205633.564;2025-02-21 20:56:33.564;64.67999;-17.46795;2.533;1.06;0.93
192;20250221;211756.029;2025-02-21 21:17:56.029;64.61196;-17.49685;1.069;1.49;1.15
199;20250221;230915.631;2025-02-21 23:09:15.631;64.65032;-17.56396;2.155;1.49;1.49
200;20250221;231134.315;2025-02-21 23:11:34.315;64.64692;-17.56134;2.855;2.19;1.9
228;20250222;032835.532;2025-02-22 03:28:35.532;64.61514;-17.41272;0.933;0.29;0.06
235;20250222;064420.155;2025-02-22 06:44:20.155;64.61141;-17.52668;1.839;1.33;1.15
240;20250222;091316.266;2025-02-22 09:13:16.266;64.6767;-17.46583;4.66;1.27;0.81
258;20250222;121618.464;2025-02-22 12:16:18.464;64.61726;-17.42466;4.426;0.79;0.41000000000000003
262;20250222;130138.710;2025-02-22 13:01:38.710;64.61079;-17.42043;0.135;0.31;-0.12
267;20250222;144631.157;2025-02-22 14:46:31.157;64.68433;-17.47698;3.003;0.36;0.53
280;20250222;162056.317;2025-02-22 16:20:56.317;64.67166;-17.52288;0.519;0.65;0.2
281;20250222;163113.087;2025-02-22 16:31:13.087;64.65726;-17.50998;2.625;1.57;1.05
294;20250222;200354.475;2025-02-22 20:03:54.475;64.68203;-17.48189;3.51;0.03;-0.63
296;20250222;201706.106;2025-02-22 20:17:06.106;64.64951;-17.56449;2.621;1.08;0.8
297;20250222;204844.446;2025-02-22 20:48:44.446;64.66552;-17.45903;2.23;1.5899999999999999;1.17
298;20250222;210444.008;2025-02-22 21:04:44.008;64.66306;-17.468140000000002;1.643;5.15;3.98
299;20250222;211201.107;2025-02-22 21:12:01.107;64.6423;-17.49115;2.049;0.31;0.13
300;20250222;211314.126;2025-02-22 21:13:14.126;64.65037;-17.48675;2.281;-0.02;0.05
301;20250222;211536.570;2025-02-22 21:15:36.570;64.64753;-17.44257;2.218;0.49;0.42
303;20250222;211728.455;2025-02-22 21:17:28.455;64.68343;-17.47007;2.824;0.74;0.64
304;20250222;211824.247;2025-02-22 21:18:24.247;64.63445;-17.39489;2.296;2.09;1.42
305;20250222;212046.692;2025-02-22 21:20:46.692;64.63351;-17.39565;1.032;0.9;0.58
306;20250222;212227.412;2025-02-22 21:22:27.412;64.6328;-17.40544;1.624;0.62;0.55
307;20250222;212251.938;2025-02-22 21:22:51.938;64.59151;-17.40142;0.135;0.16;0.22
308;20250222;212935.673;2025-02-22 21:29:35.673;64.61791;-17.38336;0.135;0.16;0.21
309;20250222;213528.110;2025-02-22 21:35:28.110;64.66553;-17.44826;2.572;3.1;2.6
310;20250222;213841.002;2025-02-22 21:38:41.002;64.67069;-17.53917;2.49;0.35000000000000003;-0.1
311;20250222;214315.355;2025-02-22 21:43:15.355;64.60349;-17.37096;0.135;0.01;0.11
312;20250222;215257.220;2025-02-22 21:52:57.220;64.66877;-17.47493;5.885;1.37;0.9400000000000001
313;20250222;215948.401;2025-02-22 21:59:48.401;64.64395;-17.49818;2.271;0.16;-0.21
314;20250222;220247.543;2025-02-22 22:02:47.543;64.66125;-17.50163;3.888;0.5;-0.23
315;20250222;220623.883;2025-02-22 22:06:23.883;64.6684;-17.48317;4.446;0.93;0.18
316;20250222;221803.180;2025-02-22 22:18:03.180;64.65114;-17.4896;4.317;0.5;0.43
317;20250222;223858.428;2025-02-22 22:38:58.428;64.64157;-17.3796;0.135;0.14;-0.02
318;20250222;224513.807;2025-02-22 22:45:13.807;64.64192;-17.38977;3.933;3.02;2.16
328;20250223;002920.612;2025-02-23 00:29:20.612;64.64022;-17.40705;1.752;1.06;0.79
329;20250223;003337.093;2025-02-23 00:33:37.093;64.6391;-17.37998;1.736;2.24;1.81
330;20250223;003806.053;2025-02-23 00:38:06.053;64.64176;-17.38313;0.135;0.02;-0.18
357;20250223;184400.655;2025-02-23 18:44:00.655;64.63757;-17.49367;1.959;0.24;-0.08
359;20250223;193649.512;2025-02-23 19:36:49.512;64.64809;-17.42436;2.425;0.16;-0.09
6;20250224;040410.901;2025-02-24 04:04:10.901;64.6401;-17.41883;2.183;-0.01;-0.36
8;20250224;060541.726;2025-02-24 06:05:41.726;64.61832;-17.43759;0.135;0.25;0.02
29;20250224;165642.753;2025-02-24 16:56:42.753;64.66527;-17.50337;5.285;0.4;-0.75
80;20250225;030338.198;2025-02-25 03:03:38.198;64.64552;-17.49856;2.517;0.31;-0.65
90;20250225;094225.015;2025-02-25 09:42:25.015;64.64124;-17.41082;1.4;0.30000000000000004;-0.11
94;20250225;120633.969;2025-02-25 12:06:33.969;64.67547;-17.51925;2.742;0.4;0.23
103;20250225;182627.442;2025-02-25 18:26:27.442;64.64243;-17.40888;1.677;0.56;0.49
109;20250225;211509.050;2025-02-25 21:15:09.050;64.63629;-17.39378;1.353;1.53;1.4
122;20250226;014642.545;2025-02-26 01:46:42.545;64.65562;-17.5541;3.868;-0.04;-0.52
184;20250227;053705.557;2025-02-27 05:37:05.557;64.62954;-17.381990000000002;1.348;0.56;0.47000000000000003
198;20250227;142715.281;2025-02-27 14:27:15.281;64.62348;-17.3843;7.034;0.67;0.5700000000000001
222;20250228;203653.875;2025-02-28 20:36:53.875;64.63428;-17.40476;1.694;0.16;-0.13
226;20250301;000950.462;2025-03-01 00:09:50.462;64.65489;-17.42499;2.55;0.49;-0.06
256;20250301;161507.298;2025-03-01 16:15:07.298;64.66853;-17.54325;4.69;0.25;-0.23
21;20250303;174702.251;2025-03-03 17:47:02.251;64.61994;-17.38384;0.135;0.44;0.68
30;20250303;225043.276;2025-03-03 22:50:43.276;64.6243;-17.3579;0.41300000000000003;1.2;1.05
88;20250305;031301.466;2025-03-05 03:13:01.466;64.65888;-17.5355;3.6;0.53;-1.56
123;20250305;210720.601;2025-03-05 21:07:20.601;64.67479;-17.5129;4.149;0.6900000000000001;-0.25
137;20250306;053840.336;2025-03-06 05:38:40.336;64.63375;-17.39533;0.925;0.6900000000000001;0.63
165;20250306;162145.532;2025-03-06 16:21:45.532;64.63403;-17.36735;0.135;0.66;0.68
201;20250307;022753.444;2025-03-07 02:27:53.444;64.63094;-17.38943;0.731;1.07;0.8300000000000001
205;20250307;030454.651;2025-03-07 03:04:54.651;64.63385;-17.39658;6.315;2.24;1.74
206;20250307;030454.685;2025-03-07 03:04:54.685;64.63451;-17.39396;3.358;2.34;1.76
207;20250307;030803.858;2025-03-07 03:08:03.858;64.60587;-17.45627;5.836;0.64;-0.15
208;20250307;031407.680;2025-03-07 03:14:07.680;64.63508;-17.39468;1.661;0.72;0.78
218;20250307;070351.072;2025-03-07 07:03:51.072;64.67944;-17.48027;3.445;0.1;-0.25
261;20250307;200131.613;2025-03-07 20:01:31.613;64.62551;-17.38126;1.901;0.63;0.55
267;20250307;214323.015;2025-03-07 21:43:23.015;64.62936;-17.37775;3.719;0.47000000000000003;0.06
277;20250308;024103.888;2025-03-08 02:41:03.888;64.6204;-17.40242;1.424;1.11;0.91
307;20250308;114809.275;2025-03-08 11:48:09.275;64.64894;-17.499390000000002;3.859;0.15;0.16
349;20250308;214224.478;2025-03-08 21:42:24.478;64.66727;-17.43242;2.613;1.76;1.29
37;20250310;040526.966;2025-03-10 04:05:26.966;64.6229;-17.3899;4.339;2.44;2.15
143;20250311;051217.392;2025-03-11 05:12:17.392;64.6203;-17.38855;0.135;0.12;0.38
187;20250311;151948.975;2025-03-11 15:19:48.975;64.64534;-17.47079;4.202;0.72;0.62
188;20250311;155237.151;2025-03-11 15:52:37.151;64.62777;-17.37358;1.728;0.99;0.8
190;20250311;162543.714;2025-03-11 16:25:43.714;64.66376;-17.43801;0.37;2.06;1.63
215;20250311;213339.450;2025-03-11 21:33:39.450;64.59329;-17.46834;0.249;0.53;0.56
228;20250311;234902.433;2025-03-11 23:49:02.433;64.62038;-17.41446;1.501;0.33;0.27
236;20250312;030735.378;2025-03-12 03:07:35.378;64.61154;-17.51731;4.4;2.0;1.3
244;20250312;083606.776;2025-03-12 08:36:06.776;64.62498;-17.377580000000002;6.215;3.47;2.7
245;20250312;083745.200;2025-03-12 08:37:45.200;64.62694;-17.36845;1.478;0.84;0.88
246;20250312;084247.876;2025-03-12 08:42:47.876;64.62669;-17.37728;4.136;0.59;0.42
247;20250312;084818.916;2025-03-12 08:48:18.916;64.63917000000001;-17.3843;1.874;0.38;0.51
248;20250312;085304.731;2025-03-12 08:53:04.731;64.63731;-17.38409;4.314;1.07;1.05
824;20250313;205655.634;2025-03-13 20:56:55.634;64.61457;-17.49739;2.5949999999999998;0.48;0.21
833;20250313;225220.949;2025-03-13 22:52:20.949;64.61543;-17.42364;6.866;1.4100000000000001;0.97
842;20250314;003301.803;2025-03-14 00:33:01.803;64.62228;-17.44361;7.355;1.4;0.92
965;20250314;175656.083;2025-03-14 17:56:56.083;64.6193;-17.4333;1.396;0.53;0.16
1022;20250315;062641.894;2025-03-15 06:26:41.894;64.66273;-17.52228;4.7059999999999995;0.08;-0.78
1032;20250315;085255.516;2025-03-15 08:52:55.516;64.63433;-17.40458;1.631;-0.21;-0.34
1033;20250315;085952.516;2025-03-15 08:59:52.516;64.6487;-17.41819;1.845;-0.25;-0.32
1058;20250315;142707.406;2025-03-15 14:27:07.406;64.62812;-17.47055;4.508;1.16;0.86
1063;20250315;155232.238;2025-03-15 15:52:32.238;64.62354;-17.46495;2.633;0.7000000000000001;0.13
1091;20250315;220154.577;2025-03-15 22:01:54.577;64.62558;-17.39714;1.37;1.45;1.12
1104;20250316;035321.582;2025-03-16 03:53:21.582;64.62417;-17.38866;7.422;0.8200000000000001;0.87
1114;20250316;100536.951;2025-03-16 10:05:36.951;64.62511;-17.42074;0.135;0.56;0.61
1115;20250316;101253.089;2025-03-16 10:12:53.089;64.62035;-17.4189;1.021;0.13;0.05
1124;20250316;162130.655;2025-03-16 16:21:30.655;64.62662;-17.37477;1.3940000000000001;2.85;2.37
1130;20250316;223240.845;2025-03-16 22:32:40.845;64.66762;-17.44389;1.396;2.02;1.56
1131;20250316;230511.773;2025-03-16 23:05:11.773;64.61162;-17.48811;1.496;1.6400000000000001;0.97
46;20250317;203753.861;2025-03-17 20:37:53.861;64.63532000000001;-17.38264;2.166;1.06;0.6900000000000001
74;20250318;042254.577;2025-03-18 04:22:54.577;64.61482;-17.45254;3.949;0.52;0.17
82;20250318;090829.660;2025-03-18 09:08:29.660;64.62474;-17.44303;13.317;0.8200000000000001;1.1
83;20250318;090904.477;2025-03-18 09:09:04.477;64.63909;-17.43625;20.125;0.48;0.97
84;20250318;091005.563;2025-03-18 09:10:05.563;64.62827;-17.46571;22.381;1.1;1.04
85;20250318;091024.364;2025-03-18 09:10:24.364;64.63872;-17.47683;21.378;1.3;1.13
107;20250318;192449.510;2025-03-18 19:24:49.510;64.61559;-17.50852;1.895;0.77;0.64
112;20250318;225744.025;2025-03-18 22:57:44.025;64.62778;-17.44159;2.428;0.29;-0.13
121;20250319;014806.212;2025-03-19 01:48:06.212;64.61666;-17.46651;0.135;0.07;-0.09
122;20250319;015922.321;2025-03-19 01:59:22.321;64.59941;-17.46652;0.135;0.27;-0.14
123;20250319;021014.211;2025-03-19 02:10:14.211;64.62319;-17.45948;2.7880000000000003;0.79;0.59
133;20250319;032616.555;2025-03-19 03:26:16.555;64.67788;-17.50228;3.266;0.76;0.74
139;20250319;054010.956;2025-03-19 05:40:10.956;64.62795;-17.39722;0.135;0.76;0.51
140;20250319;054301.812;2025-03-19 05:43:01.812;64.62186;-17.40284;0.599;0.78;0.71
143;20250319;080630.832;2025-03-19 08:06:30.832;64.62372;-17.39528;3.967;2.92;2.49
144;20250319;081818.534;2025-03-19 08:18:18.534;64.64456;-17.56442;4.349;0.19;-0.28
145;20250319;082102.802;2025-03-19 08:21:02.802;64.62219;-17.43434;4.74;4.2;3.22
146;20250319;083042.927;2025-03-19 08:30:42.927;64.63471;-17.38713;0.634;0.42;0.30000000000000004
148;20250319;085432.977;2025-03-19 08:54:32.977;64.62518;-17.38379;3.238;0.87;1.1400000000000001
149;20250319;091641.350;2025-03-19 09:16:41.350;64.6263;-17.38356;0.599;0.33;0.48
150;20250319;092750.448;2025-03-19 09:27:50.448;64.6361;-17.36493;0.135;0.91;1.12
151;20250319;093000.957;2025-03-19 09:30:00.957;64.62408;-17.39696;1.5190000000000001;0.38;0.52
207;20250320;135719.939;2025-03-20 13:57:19.939;64.65288;-17.3959;1.687;0.63;0.45
212;20250320;154944.665;2025-03-20 15:49:44.665;64.62862;-17.50684;2.541;1.6800000000000002;1.05
288;20250321;221103.531;2025-03-21 22:11:03.531;64.63848;-17.36526;1.728;1.9300000000000002;1.77
293;20250321;235047.564;2025-03-21 23:50:47.564;64.62835;-17.40843;7.742;0.88;0.4
301;20250322;025824.605;2025-03-22 02:58:24.605;64.62014;-17.38779;3.018;0.05;-0.34
325;20250322;084644.079;2025-03-22 08:46:44.079;64.68389;-17.47529;2.923;0.65;0.05
346;20250322;174536.442;2025-03-22 17:45:36.442;64.67897;-17.36327;8.685;0.5;1.18
4;20250324;011833.199;2025-03-24 01:18:33.199;64.67637;-17.5252;4.69;0.65;0.62
11;20250324;032329.157;2025-03-24 03:23:29.157;64.61311;-17.4626;3.707;0.41000000000000003;-0.23
41;20250324;125414.918;2025-03-24 12:54:14.918;64.65794;-17.53508;4.954;0.16;0.18
42;20250324;133349.836;2025-03-24 13:33:49.836;64.65151;-17.53146;5.497;0.21;-0.30000000000000004
43;20250324;134259.360;2025-03-24 13:42:59.360;64.66201;-17.51175;6.651;0.2;-0.31
45;20250324;144741.018;2025-03-24 14:47:41.018;64.65133;-17.41538;3.678;0.55;0.04
102;20250325;133527.009;2025-03-25 13:35:27.009;64.61164;-17.49161;0.14;1.09;0.72
104;20250325;134925.552;2025-03-25 13:49:25.552;64.61034;-17.53779;0.135;0.67;0.26
105;20250325;141209.243;2025-03-25 14:12:09.243;64.61832;-17.54109;1.8820000000000001;0.44;-0.30000000000000004
134;20250325;182057.442;2025-03-25 18:20:57.442;64.61877;-17.40371;0.135;0.16;-0.2
157;20250325;220333.429;2025-03-25 22:03:33.429;64.6236;-17.43283;2.8449999999999998;0.49;-0.08
191;20250326;072336.489;2025-03-26 07:23:36.489;64.62859;-17.36236;0.135;1.1400000000000001;0.75
202;20250326;094046.417;2025-03-26 09:40:46.417;64.61478;-17.4948;1.078;2.12;1.51
240;20250326;181807.256;2025-03-26 18:18:07.256;64.64554;-17.38116;1.5350000000000001;0.6000000000000001;0.58
254;20250327;011539.785;2025-03-27 01:15:39.785;64.68225;-17.48523;3.472;0.25;0.64
257;20250327;035628.602;2025-03-27 03:56:28.602;64.62665;-17.42012;0.89;0.16;0.21
266;20250327;051348.729;2025-03-27 05:13:48.729;64.61322;-17.53333;2.586;0.8300000000000001;0.53
267;20250327;071559.191;2025-03-27 07:15:59.191;64.67843;-17.51433;2.363;0.35000000000000003;-0.59
292;20250327;215033.958;2025-03-27 21:50:33.958;64.62181;-17.55135;2.617;0.54;-0.01
317;20250328;024339.894;2025-03-28 02:43:39.894;64.63696;-17.37895;5.319;0.86;0.72
319;20250328;033648.947;2025-03-28 03:36:48.947;64.62372;-17.49163;0.135;0.46;-0.09
331;20250328;094313.572;2025-03-28 09:43:13.572;64.61756;-17.55017;0.035;0.5;0.22
348;20250328;140041.745;2025-03-28 14:00:41.745;64.61287;-17.51835;0.135;1.88;1.52
370;20250328;220957.223;2025-03-28 22:09:57.223;64.62455;-17.53332;2.846;0.59;-0.36
372;20250328;231142.173;2025-03-28 23:11:42.173;64.62859;-17.3986;0.135;0.5;0.08
383;20250329;043014.967;2025-03-29 04:30:14.967;64.68603;-17.46346;6.245;1.19;0.85
392;20250329;071412.566;2025-03-29 07:14:12.566;64.66364;-17.5393;4.005;1.38;0.8
403;20250329;091345.217;2025-03-29 09:13:45.217;64.61353;-17.52365;2.576;0.73;0.26
409;20250329;113558.829;2025-03-29 11:35:58.829;64.62427;-17.43978;6.828;0.85;0.66
447;20250329;222935.297;2025-03-29 22:29:35.297;64.64893000000001;-17.50421;3.314;0.41000000000000003;-0.76
472;20250330;052809.594;2025-03-30 05:28:09.594;64.64332;-17.40861;2.705;1.49;0.88
473;20250330;060712.230;2025-03-30 06:07:12.230;64.63454;-17.36581;4.1370000000000005;0.64;0.58
480;20250330;092920.239;2025-03-30 09:29:20.239;64.60808;-17.51333;1.505;0.47000000000000003;0.37
490;20250330;142521.982;2025-03-30 14:25:21.982;64.62531;-17.57383;0.135;0.68;0.5
491;20250330;150806.425;2025-03-30 15:08:06.425;64.63514;-17.58805;3.403;0.52;0.14
492;20250330;155457.413;2025-03-30 15:54:57.413;64.63382;-17.39727;2.411;1.6800000000000002;1.26
495;20250330;184634.710;2025-03-30 18:46:34.710;64.62741;-17.41172;0.135;0.85;0.9400000000000001
9;20250401;000719.995;2025-04-01 00:07:19.995;64.62447;-17.55156;0.864;0.04;-0.1
12;20250401;005826.609;2025-04-01 00:58:26.609;64.62057;-17.45124;2.532;0.52;0.15
16;20250401;042946.316;2025-04-01 04:29:46.316;64.63224;-17.42998;3.13;1.02;0.63
133;20250401;114509.572;2025-04-01 11:45:09.572;64.60955;-17.46254;4.775;2.31;2.02
408;20250402;162043.005;2025-04-02 16:20:43.005;64.62922;-17.42085;2.087;0.44;0.0
564;20250403;034025.998;2025-04-03 03:40:25.998;64.60793;-17.51759;0.135;0.30000000000000004;-0.11
598;20250403;063612.078;2025-04-03 06:36:12.078;64.61382;-17.50208;0.135;0.18;0.28
760;20250404;011408.578;2025-04-04 01:14:08.578;64.62653;-17.55602;2.168;1.3599999999999999;0.77
769;20250404;014553.772;2025-04-04 01:45:53.772;64.65949;-17.48579;7.034;0.51;-0.18
774;20250404;021819.243;2025-04-04 02:18:19.243;64.64763;-17.39508;0.795;-0.21;-0.30000000000000004
943;20250404;234133.713;2025-04-04 23:41:33.713;64.62947;-17.38075;0.146;0.8300000000000001;0.6900000000000001
1000;20250405;094135.738;2025-04-05 09:41:35.738;64.61431;-17.50749;1.9649999999999999;0.77;1.04
1048;20250405;172810.273;2025-04-05 17:28:10.273;64.64066;-17.39305;0.135;0.64;0.51
1082;20250405;213731.446;2025-04-05 21:37:31.446;64.61414;-17.51048;1.4849999999999999;0.41000000000000003;0.41000000000000003
1093;20250405;233253.751;2025-04-05 23:32:53.751;64.62348;-17.51886;2.18;0.4;0.44
1094;20250406;000804.990;2025-04-06 00:08:04.990;64.62354;-17.40974;0.319;0.39;0.30000000000000004
1149;20250406;120737.323;2025-04-06 12:07:37.323;64.62626;-17.37515;5.02;3.01;2.35
21;20250407;023827.142;2025-04-07 02:38:27.142;64.63737;-17.54344;3.672;0.25;0.26
45;20250407;055854.304;2025-04-07 05:58:54.304;64.61736;-17.49839;0.135;0.68;0.42
46;20250407;060859.707;2025-04-07 06:08:59.707;64.67562;-17.5231;2.025;0.47000000000000003;0.73
52;20250407;081012.031;2025-04-07 08:10:12.031;64.65566;-17.49785;2.177;1.63;1.23
90;20250407;141849.323;2025-04-07 14:18:49.323;64.61632;-17.41918;0.135;0.19;-0.21
197;20250408;164059.842;2025-04-08 16:40:59.842;64.66471;-17.4163;2.336;1.8399999999999999;1.38
212;20250409;003151.029;2025-04-09 00:31:51.029;64.6234;-17.50673;5.821;0.01;-0.51
218;20250409;021745.053;2025-04-09 02:17:45.053;64.66249;-17.54216;4.164;-0.04;-0.47000000000000003
260;20250409;123516.084;2025-04-09 12:35:16.084;64.62569;-17.38883;0.135;0.24;0.44
262;20250409;125737.809;2025-04-09 12:57:37.809;64.60676;-17.4623;0.488;0.61;0.92
271;20250409;150827.183;2025-04-09 15:08:27.183;64.61738;-17.3792;0.14400000000000002;2.27;1.79
272;20250409;152909.421;2025-04-09 15:29:09.421;64.66008;-17.48292;5.585;2.5;2.1
291;20250409;181751.510;2025-04-09 18:17:51.510;64.64497;-17.3934;1.706;0.87;0.55
302;20250409;201045.417;2025-04-09 20:10:45.417;64.64907;-17.55075;2.625;0.55;0.67
325;20250409;222212.675;2025-04-09 22:22:12.675;64.61582;-17.47682;2.776;0.88;1.38
368;20250410;024959.532;2025-04-10 02:49:59.532;64.61864;-17.47463;0.135;0.44;0.15
447;20250410;133018.431;2025-04-10 13:30:18.431;64.61217;-17.45753;2.976;0.58;0.19
459;20250410;152950.417;2025-04-10 15:29:50.417;64.61673;-17.48955;0.6960000000000001;0.68;1.13
468;20250410;164448.377;2025-04-10 16:44:48.377;64.62386;-17.58581;0.135;0.54;0.16
489;20250410;205424.745;2025-04-10 20:54:24.745;64.62662;-17.36063;0.135;0.6900000000000001;0.72
490;20250410;210559.907;2025-04-10 21:05:59.907;64.64545;-17.36014;0.135;1.8599999999999999;1.7000000000000002
501;20250410;231009.502;2025-04-10 23:10:09.502;64.63088;-17.53165;2.226;0.56;0.8300000000000001
503;20250410;232036.463;2025-04-10 23:20:36.463;64.61478;-17.42688;2.134;0.93;0.81
523;20250411;024949.425;2025-04-11 02:49:49.425;64.61774;-17.47685;2.363;0.65;0.45
531;20250411;034941.122;2025-04-11 03:49:41.122;64.6222;-17.43217;6.506;2.46;2.3
541;20250411;070132.408;2025-04-11 07:01:32.408;64.62861;-17.46798;5.272;0.76;0.39
550;20250411;093923.945;2025-04-11 09:39:23.945;64.63898;-17.41181;1.4969999999999999;0.89;0.56
589;20250411;164532.211;2025-04-11 16:45:32.211;64.63511;-17.40188;2.495;1.82;1.31
594;20250411;211335.673;2025-04-11 21:13:35.673;64.6484;-17.55685;1.917;1.25;2.65
595;20250411;211345.067;2025-04-11 21:13:45.067;64.65041;-17.54008;2.384;3.01;2.5700000000000003
596;20250411;211752.029;2025-04-11 21:17:52.029;64.66397;-17.5611;2.838;1.38;1.37
605;20250412;012335.513;2025-04-12 01:23:35.513;64.62039;-17.40498;0.135;1.1;0.77
613;20250412;062451.112;2025-04-12 06:24:51.112;64.62879;-17.37154;4.335;2.68;2.03
614;20250412;062850.276;2025-04-12 06:28:50.276;64.64501;-17.3629;0.41000000000000003;1.3900000000000001;1.12
615;20250412;070242.308;2025-04-12 07:02:42.308;64.62691;-17.37561;0.209;0.58;0.5700000000000001
635;20250412;141132.898;2025-04-12 14:11:32.898;64.6162;-17.4627;2.888;2.27;1.81
674;20250412;194824.715;2025-04-12 19:48:24.715;64.61728;-17.3974;0.135;1.5899999999999999;1.27
7;20250414;025553.346;2025-04-14 02:55:53.346;64.6146;-17.49786;0.871;0.37;0.04
15;20250414;050635.259;2025-04-14 05:06:35.259;64.63715;-17.43664;1.361;0.42;0.47000000000000003
49;20250414;142546.880;2025-04-14 14:25:46.880;64.65092;-17.34447;0.135;0.38;-0.04
52;20250414;152555.606;2025-04-14 15:25:55.606;64.63695;-17.43699;0.135;0.88;0.9500000000000001
84;20250415;013242.141;2025-04-15 01:32:42.141;64.61965000000001;-17.51103;1.9649999999999999;0.48;0.55
86;20250415;013726.868;2025-04-15 01:37:26.868;64.64276;-17.41202;1.154;0.67;0.84
87;20250415;013750.892;2025-04-15 01:37:50.892;64.62193;-17.3946;1.28;1.71;1.29
88;20250415;014137.436;2025-04-15 01:41:37.436;64.62225;-17.39453;4.7059999999999995;4.11;3.37
89;20250415;014342.743;2025-04-15 01:43:42.743;64.6264;-17.36691;7.391;4.35;3.52
90;20250415;014729.762;2025-04-15 01:47:29.762;64.61916;-17.40608;0.767;0.46;0.78
92;20250415;015024.370;2025-04-15 01:50:24.370;64.5983;-17.48322;0.135;0.62;-0.23
95;20250415;015214.276;2025-04-15 01:52:14.276;64.58733;-17.43408;8.746;0.7000000000000001;0.77
96;20250415;015610.863;2025-04-15 01:56:10.863;64.61674;-17.49669;5.232;1.19;0.93
97;20250415;015701.787;2025-04-15 01:57:01.787;64.65607;-17.46514;8.875;0.03;-1.54
99;20250415;015826.310;2025-04-15 01:58:26.310;64.62061;-17.40231;7.459;0.8200000000000001;0.52
100;20250415;020056.697;2025-04-15 02:00:56.697;64.64235;-17.45807;5.901;0.34;-0.53
101;20250415;020704.697;2025-04-15 02:07:04.697;64.63873;-17.3628;0.507;0.24;0.58
103;20250415;022102.974;2025-04-15 02:21:02.974;64.61033;-17.47223;0.135;0.12;-0.49
104;20250415;022253.191;2025-04-15 02:22:53.191;64.62533;-17.39393;0.135;1.29;1.35
108;20250415;024920.185;2025-04-15 02:49:20.185;64.61855;-17.39429;0.135;0.4;0.30000000000000004
116;20250415;035548.718;2025-04-15 03:55:48.718;64.646;-17.39296;0.135;0.77;0.52
187;20250415;113638.860;2025-04-15 11:36:38.860;64.65538;-17.48724;2.563;-0.23;-0.43
207;20250415;174315.605;2025-04-15 17:43:15.605;64.67771;-17.52608;4.183;1.23;1.15
282;20250416;084431.913;2025-04-16 08:44:31.913;64.63413;-17.43755;6.035;1.18;0.78
322;20250416;134622.437;2025-04-16 13:46:22.437;64.66861;-17.36181;6.824;0.30000000000000004;-0.51
389;20250417;004128.989;2025-04-17 00:41:28.989;64.64034;-17.40097;2.019;1.63;1.1400000000000001
404;20250417;015739.437;2025-04-17 01:57:39.437;64.64853;-17.40581;1.9929999999999999;2.05;1.6400000000000001
423;20250417;041254.626;2025-04-17 04:12:54.626;64.67865;-17.41396;5.188;-0.17;-0.75
465;20250417;073550.786;2025-04-17 07:35:50.786;64.59355;-17.50242;5.095;-0.06;-0.14
548;20250417;195519.503;2025-04-17 19:55:19.503;64.6636;-17.42922;5.583;0.5700000000000001;0.42
558;20250417;211108.283;2025-04-17 21:11:08.283;64.62445;-17.53841;1.339;0.34;0.48
562;20250417;213352.083;2025-04-17 21:33:52.083;64.61981;-17.52301;3.283;1.49;1.24
563;20250417;213625.004;2025-04-17 21:36:25.004;64.68964;-17.43335;6.6690000000000005;-0.01;-0.37
569;20250417;221523.264;2025-04-17 22:15:23.264;64.62247;-17.555320000000002;2.165;0.77;0.86
768;20250419;032252.694;2025-04-19 03:22:52.694;64.64342;-17.41132;1.213;0.48;-0.11
795;20250419;061145.279;2025-04-19 06:11:45.279;64.62765;-17.38324;1.209;0.8300000000000001;0.9
869;20250419;152038.665;2025-04-19 15:20:38.665;64.6443;-17.39104;1.105;0.8200000000000001;0.56
934;20250419;230216.407;2025-04-19 23:02:16.407;64.68179;-17.43491;0.135;0.33;0.58
992;20250420;060900.863;2025-04-20 06:09:00.863;64.64143;-17.40622;6.29;1.63;1.26
995;20250420;064620.935;2025-04-20 06:46:20.935;64.61013;-17.49415;1.463;0.75;0.66
1024;20250420;082105.498;2025-04-20 08:21:05.498;64.66639;-17.50467;7.146;0.33;0.09
1052;20250420;110545.872;2025-04-20 11:05:45.872;64.63554;-17.55195;0.135;-0.43;-0.8
1080;20250420;142429.655;2025-04-20 14:24:29.655;64.61214;-17.50994;2.752;1.79;1.3599999999999999
1081;20250420;142725.954;2025-04-20 14:27:25.954;64.61594;-17.52919;3.432;0.56;0.72
1087;20250420;143528.781;2025-04-20 14:35:28.781;64.6446;-17.38111;0.9560000000000001;0.34;0.32
1153;20250420;214703.416;2025-04-20 21:47:03.416;64.61683;-17.53588;0.135;0.29;-0.06
1;20250421;000622.674;2025-04-21 00:06:22.674;64.67659;-17.47117;3.323;0.01;0.51
121;20250421;114140.580;2025-04-21 11:41:40.580;64.61424;-17.48212;2.607;2.35;2.18
151;20250421;173543.332;2025-04-21 17:35:43.332;64.68388;-17.48975;3.144;0.49;0.43
223;20250421;234925.105;2025-04-21 23:49:25.105;64.58504;-17.50167;1.385;0.25;0.19
