t;slip_2;slip_3;slip_rate_2;slip_rate_3;shear_stress_2;shear_stress_3;state
0;0;0;-9;-19.9999946455258;32.2450204656692;-3.22454180212452e-10;7.60205999132796
2.75290596933567;2.75615243230049e-09;-2.37826147385869e-12;-8.99948814442987;-12.0635317768385;32.245391624048;-0.0278242856636741;7.60205999131393
4.14266986779145;4.1519343199415e-09;-8.08481399702665e-12;-8.99812346752681;-11.386567207061;32.2461579664544;-0.131836066748898;7.60205999127976
4.53699849954151;4.54934537963996e-09;-1.11442375087382e-11;-8.99661836275999;-11.1102187119198;32.246605175198;-0.248246795448362;7.60205999125471
4.76767445190194;4.78272321584483e-09;-1.38625061558231e-11;-8.99494271339638;-10.9287099463633;32.2466397956148;-0.375592778456096;7.60205999123052
4.9873801291553;5.00614408867879e-09;-1.76376825116047e-11;-8.99271753522143;-10.764904035027;32.245913618623;-0.544864090447238;7.60205999119636
5.21288402987488;5.23686222591812e-09;-2.27340978369585e-11;-8.99007232194637;-10.6458892456139;32.2446632501711;-0.712263881441517;7.60205999114699
5.45239842829069;5.48360459038328e-09;-2.86106613548318e-11;-8.98708790401791;-10.6102081915;32.2456312009138;-0.767981211239661;7.60205999107702
5.71815584936622;5.75950697888108e-09;-3.36937075042151e-11;-8.98372994051065;-10.7183613479955;32.2517781685283;-0.594185783323171;7.6020599909777
5.99956377975508;6.05396772039218e-09;-3.80058598633272e-11;-8.98030893078063;-10.8146422350149;32.2563323694444;-0.472369318264312;7.60205999084803
6.28986890825026;6.36014609367919e-09;-4.19779709258693e-11;-8.97688019675962;-10.8638333249729;32.259634694694;-0.418510459993347;7.60205999068842
6.58844947401121;6.67756657139847e-09;-4.56022711960442e-11;-8.97342659569503;-10.9158373651978;32.2628246061838;-0.368376245845767;7.60205999049725
6.8952149944288;7.00632991714934e-09;-4.90065673564297e-11;-8.96992315302517;-10.9547792095717;32.265815827081;-0.334107784068705;7.60205999027253
7.21020731237747;7.34670062228556e-09;-5.23247274279881e-11;-8.96634778794885;-10.9774026292994;32.2686858933479;-0.314576617426917;7.60205999001196
7.53296554631792;7.69841961262694e-09;-5.56575082873127e-11;-8.9626815126558;-10.98607057205;32.2715131991413;-0.305794922779544;7.60205998971344
7.86281226116904;8.06100658952092e-09;-5.90610758767122e-11;-8.9588999616274;-10.9863777836099;32.2743697109773;-0.302956271782199;7.60205998937493
8.19826470711623;8.43310032767728e-09;-6.25389852319821e-11;-8.95497860139259;-10.9843127040762;32.2773160740117;-0.301691665366421;7.60205998899518
8.53853328912094;8.8141109011921e-09;-6.60631887798596e-11;-8.95088482321274;-10.9847608671981;32.2804083691138;-0.298581555498333;7.60205998857219
8.88323296844904;9.20392470628272e-09;-6.95890574113824e-11;-8.94658366397788;-10.9901747522708;32.2836867720196;-0.292006175802079;7.60205998810322
9.2314899213424;9.60189554734469e-09;-7.30712040318303e-11;-8.94204854289783;-11.0000527420839;32.2871644030917;-0.282504718461436;7.60205998758595
9.58239275141097;1.00073431449931e-08;-7.64815222351366e-11;-8.93725213937323;-11.0123919676767;32.2908464468571;-0.271606151020698;7.602059987018
9.93497649042743;1.04195315943048e-08;-7.98062787049743e-11;-8.93216646153183;-11.0255024391727;32.2947430265233;-0.260492878921009;7.60205998639704
10.2884272035517;1.08379081701793e-08;-8.30389552435308e-11;-8.92676150103292;-11.0387666109308;32.298873327009;-0.249564187019278;7.60205998572041
10.641922016781;1.12619174968204e-08;-8.61718050855689e-11;-8.92100763627452;-11.0524434662679;32.3032607484507;-0.238676979430614;7.60205998498537
10.9948143887179;1.16912273263001e-08;-8.91951778920663e-11;-8.9148714386222;-11.0671505682963;32.3079324817829;-0.227525478785248;7.6020599841887
11.3465004242221;1.21255750473476e-08;-9.20969667913895e-11;-8.9083175768249;-11.0834893090111;32.3129162413096;-0.215876029987352;7.60205998332692
11.6964339709822;1.25647888798224e-08;-9.48644097294958e-11;-8.90130956938795;-11.1019069036645;32.3182393832514;-0.203634031399333;7.6020599823962
12.0440274567524;1.30086621703545e-08;-9.74849232139656e-11;-8.89381261602933;-11.1226852299557;32.3239270909867;-0.190832132997715;7.60205998139264
12.3891532250271;1.34576105182962e-08;-9.99507982280096e-11;-8.88578100865465;-11.1460063263599;32.3300123437634;-0.177574480466896;7.6020599803107
12.7312497621132;1.3911522386715e-08;-1.02253417308905e-10;-8.87717713963349;-11.1719265788405;32.3365218420962;-0.16403777337389;7.60205997914574
13.0700857559222;1.43707587309513e-08;-1.04389189040835e-10;-8.86795328719273;-11.2004347041694;32.3434900404787;-0.150419958279429;7.60205997789172
13.4054949524442;1.48358265331694e-08;-1.06357686804786e-10;-8.8580586929899;-11.2314400404682;32.3509539385647;-0.136932249848367;7.60205997654177
13.737501181957;1.53075767000953e-08;-1.08162097319608e-10;-8.8474341700429;-11.2648108833599;32.3589572495325;-0.123770687968576;7.60205997508747
14.0658476329766;1.57865437764813e-08;-1.09806272032487e-10;-8.83602666494762;-11.300384361967;32.3675394795323;-0.111109703681325;7.60205997352073
14.3907561939399;1.62740735263386e-08;-1.11297759711239e-10;-8.82376003245301;-11.3381414846645;32.3767578927405;-0.0990494128596353;7.60205997183015
14.7120175492776;1.67709977609347e-08;-1.1264249882865e-10;-8.81056830977389;-11.378220448882;32.3866623789406;-0.0876423582334508;7.60205997000514
15.0298463585213;1.72789602224315e-08;-1.13847690159903e-10;-8.79636164176091;-11.4211372616002;32.3973209204558;-0.0768658577921088;7.60205996803126
15.3440628682033;1.779915614058e-08;-1.14917790980315e-10;-8.78106206009787;-11.4678043031496;32.4087925951287;-0.0666684884188352;7.60205996589458
15.6549323663574;1.83337426615772e-08;-1.15856986138038e-10;-8.76456010778628;-11.5198222673082;32.4211600163191;-0.0569595290923182;7.60205996357605
15.962276978039;1.88843799719002e-08;-1.16666027902866e-10;-8.7467599683705;-11.579654661945;32.4344954462679;-0.0476554366098707;7.60205996105714
16.2664304205474;1.94539806830397e-08;-1.1734467756952e-10;-8.72752221347369;-11.6514470962062;32.4489036847843;-0.0386611835945815;7.60205995831202
16.5671900402388;2.00448482755974e-08;-1.17889044420654e-10;-8.70672935620155;-11.7423278557353;32.4644729711617;-0.0299095485141416;7.60205995531559
16.8648816932089;2.06608121793626e-08;-1.18293558908858e-10;-8.68421139483162;-11.8668325765165;32.4813307667389;-0.0213310695821406;7.60205995203297
17.1593642955297;2.13053428369928e-08;-1.18549078361656e-10;-8.65981606252894;-12.0616356735422;32.4995911739177;-0.0128842245975424;7.6020599484282
17.4508815844679;2.19834977457407e-08;-1.18643519398444e-10;-8.63333540675301;-12.4895035702608;32.5194099222687;-0.00452870981126794;7.60205994445368
17.7392885003858;2.27003529230369e-08;-1.18560819862353e-10;-8.60457424426908;-12.5425025970778;32.5409331463451;0.0037540638059374;7.60205994005788
18.0248828973342;2.34632863088037e-08;-1.18279957399759e-10;-8.57326306287714;-12.0072559833936;32.564362583223;0.0119880807925567;7.60205993517137
18.3074862385881;2.42799114151502e-08;-1.17774362507598e-10;-8.53915456450508;-11.7473746144799;32.5898833348279;0.0201772862751541;7.60205992971794
18.5874116984771;2.51611870677883e-08;-1.17008746237574e-10;-8.50193062852572;-11.5630312463737;32.6177334892963;0.0283369537964011;7.6020599235938
18.8644962561884;2.61189603751326e-08;-1.15938963666504e-10;-8.46134959334241;-11.4133168045731;32.6480939208806;0.036466209266223;7.60205991668183
19.1391803058109;2.7170459179988e-08;-1.14504717305864e-10;-8.41702465810376;-11.2822096849568;32.6812541014279;0.044577292470226;7.60205990881988
19.411254974371;2.83347082661945e-08;-1.12630814855965e-10;-8.36864220305268;-11.1619411298008;32.7174487633525;0.052659957494018;7.60205989982271
19.6812620111902;2.96399903082078e-08;-1.10211178699813e-10;-8.3156707196638;-11.0476250172599;32.7570756709859;0.0607226653797138;7.60205988942592
19.949030758449;3.11195918995761e-08;-1.0710991404652e-10;-8.25761509702801;-10.936221057471;32.8005053930979;0.0687502964170904;7.60205987731299
20.2150223527025;3.28224531815073e-08;-1.031314326841e-10;-8.19368864145659;-10.825150584562;32.8483266777057;0.0767452151626261;7.60205986303072
20.4790030645242;3.48106273352012e-08;-9.80137849480238e-11;-8.12311777193853;-10.7125018068857;32.9011185130568;0.0846889264503792;7.60205984600226
20.7414503082691;3.7178135297872e-08;-9.13633148728904e-11;-8.04475056776492;-10.5961896724889;32.9597429708733;0.0925858699392128;7.60205982537237
21.0022114888079;4.00545699552405e-08;-8.26166764964901e-11;-7.95738842573784;-10.4744017672479;33.0250971103673;0.10042243825352;7.60205979996933
21.2616746032362;4.36416802619721e-08;-7.08899468944916e-11;-7.85933089496391;-10.3448987155831;33.0984535019703;0.108203144389944;7.60205976800423
21.5198604133942;4.82480469416382e-08;-5.47969640209796e-11;-7.74857386378679;-10.2052958207475;33.1813119893823;0.115923529909801;7.60205972678418
21.7768803029196;5.43784637173412e-08;-3.20285774316424e-11;-7.62247673159569;-10.0526344757976;33.2756487125159;0.123585860736307;7.60205967199863
22.0329066909942;6.29038283725437e-08;1.47594044290439e-12;-7.47757176526367;-9.88318135651377;33.3840587690893;0.131198703984036;7.60205959639589
22.2879399270934;7.54152078414478e-08;5.32883909525009e-11;-7.30929158526448;-9.69216264860132;33.5099601611162;0.138772319770304;7.6020594871232
22.5419994380216;9.50722514845009e-08;1.38746304493018e-10;-7.11141725582806;-9.47318317243647;33.6580067748424;0.146326328879426;7.60205931958092
22.7952402880056;1.28847179378713e-07;2.92371272863483e-10;-6.87493933200525;-9.21707195605043;33.8349406512486;0.153897935878508;7.60205904197892
23.0476810744923;1.94217418754522e-07;6.02496737675266e-10;-6.58677944927321;-8.9106220963666;34.0505486164511;0.161540516259465;7.60205853197373
23.2993642408661;3.43666924211212e-07;1.33991307239345e-09;-6.22635968682872;-8.53314141552589;34.3202292825705;0.169343468932222;7.60205745026556
23.5504045481388;7.80760949908989e-07;3.5772410469603e-09;-5.75916858732573;-8.05001380492264;34.6698068229671;0.177462340177319;7.60205461787491
23.8008264715661;2.68146464366852e-06;1.36458275342363e-08;-5.11975792822024;-7.39570384200286;35.1482493577411;0.186190614400695;7.60204426305831
24.0506639720227;2.01132797794772e-05;1.08999515693064e-07;-4.15631501469322;-6.41832013060548;35.8690847169894;0.196207307844863;7.60197438365527
24.2998040203313;0.00123105131590974;6.93495164129336e-06;-2.31332162352082;-4.5622803063309;37.2445947288761;0.209944533057301;7.59955096927051
24.5482753630679;0.0571239097353999;0.000330988575815553;-0.647919986456405;-2.88465942400602;38.1357291675938;0.221101972537112;7.36228690593243
24.7962021578331;0.192085009945239;0.00113438132894779;-0.264114855828639;-2.48939555588135;36.8808340284631;0.219543222023764;6.33194018625402
25.0435623206035;0.406359780576892;0.00244188926619764;-0.0623587191288432;-2.27688542407765;34.188963681683;0.208621580825269;4.43248846342039
25.2904531751762;0.683373053153645;0.00417202644116569;0.0499955750526042;-2.15442446513081;30.2466528241347;0.188911014922176;1.74223731515826
25.5368471139178;0.966401824224716;0.00597886222958463;0.0602005656015599;-2.13471133588994;25.9604776136858;0.165729865056996;-1.12664964070861
25.7828711343805;1.18242301068008;0.00738667691831971;-0.0564811643238775;-2.24243201915676;25.53066063983;0.166383861007497;-1.35547445428599
26.0284225636384;1.36764548301482;0.00861750161463568;-0.122448789499267;-2.29994626461414;25.5821943235391;0.169996632495332;-1.28804369533122
26.2735848767138;1.53148862529742;0.00972647070062551;-0.175025441675749;-2.34453427043985;25.622641939386;0.173426348007633;-1.23471590185576
26.5183863336878;1.67872864114481;0.0107405645661691;-0.220788142734834;-2.38273584266251;25.6571017221408;0.176709499209891;-1.18879614304468
26.7628378086674;1.8123048047922;0.0116758583900816;-0.26246369584508;-2.417244595519;25.6880345331152;0.179866372796102;-1.14727677602368
27.0068656426605;1.93423510578483;0.0125430815079517;-0.301327719224205;-2.44930851862154;25.7166341144916;0.182908263461455;-1.10872238911009
27.2506094366068;2.04612464700732;0.0133508231297689;-0.338144073647238;-2.47966110471739;25.7435439706494;0.185845180264238;-1.07232108303298
27.4939779805158;2.14915268789461;0.0141051975981669;-0.37330900204913;-2.50867746230096;25.7691286287816;0.188682348446089;-1.03763118055502
27.7369663251082;2.24433087965809;0.0148115532094605;-0.407047992693722;-2.5365620427698;25.7936099110205;0.191424745087026;-1.00439172666141
27.9797090329979;2.33256135858424;0.0154748171868794;-0.439527555718025;-2.56345978141853;25.8171290194485;0.194077736938392;-0.972425116304292
28.2223220200001;2.41459975333772;0.016099140378406;-0.470896890876559;-2.58950457698524;25.839781379168;0.196644203332692;-0.941592995188817
28.4661122607581;2.49142703040977;0.0166907135294129;-0.501500875146891;-2.61500786126467;25.8617726397617;0.199136698763632;-0.911585476295697
28.7125954810014;2.56387272549978;0.0172548844778938;-0.531774775621649;-2.64037664053981;25.8833300038859;0.201566467406987;-0.882033081032462
28.9632527549996;2.63255341409727;0.0177955899629965;-0.562245671448181;-2.66611953699553;25.9047178299911;0.20394121414251;-0.852495615888044
29.2192618886685;2.69783500182525;0.0183149589265807;-0.59346475151844;-2.69277946643713;25.9262206103787;0.206264504230107;-0.822507400731284
29.4828542717176;2.76016667963682;0.0188159191857834;-0.62622403926285;-2.72112958144241;25.9482401077047;0.208546240797601;-0.791403952844731
29.7565378201642;2.81984462704008;0.0193002953917478;-0.661434814708798;-2.75206589093639;25.9712560297765;0.21079576304505;-0.758409085575723
30.0447205090615;2.87729174164951;0.0197710640861703;-0.700399668933473;-2.78686031419206;25.9959315693305;0.213031948573807;-0.722428313291057
30.3531434396233;2.93278356378908;0.0202301139251304;-0.744917673791206;-2.82728682003972;26.0230922927064;0.215273095487219;-0.682010424719879
30.691214850714;2.98662875414111;0.0206797153419264;-0.797861529727653;-2.87618077521003;26.0539828360329;0.217547890901244;-0.634887344678908
31.081404035316;3.03982092523624;0.0211281000126317;-0.865427510427228;-2.93962447070666;26.0912067947705;0.219936447904219;-0.5762209707323
31.5752592665588;3.0936492395242;0.0215864712034556;-0.962588879000144;-3.03238234457391;26.1404307042112;0.222596982815372;-0.494737837881535
32.3706433474928;3.14990035125986;0.0220713990197805;-1.15044578445417;-3.21489979789461;26.2212005917908;0.226046902044336;-0.346825786048312
34.0004431007116;3.18689149372472;0.0223945192531413;-1.64403650307764;-3.70277009389392;26.3525109751317;0.230191038409213;-0.0122754323809001
40.1669032023999;3.19299656680139;0.0224480561969282;-3.00434505912534;-5.06138235046893;26.4576839363969;0.232014182278544;0.738158301127831
81.1510112979723;3.19373006912234;0.0224544047467534;-4.74721399594162;-6.80994095591731;26.5176335506588;0.229513272192279;1.64963232772216
417.22499053121;3.19382907083797;0.0224552535210244;-6.53079216753182;-8.59764268197424;26.5726867093224;0.22781638323145;2.5781942683876
2764.99801101639;3.19384479771906;0.0224553866098034;-8.17401350438021;-10.246514666719;26.6257239818481;0.225320270115544;3.43522643919933
13854.9753814861;3.19384817005095;0.0224554146835054;-9.51700035091561;-11.5966309746661;26.67594266396;0.222069621089527;4.14025410877845
56600.43056785;3.19384909063324;0.0224554221866438;-10.6668273308006;-12.755646990447;26.7318116770814;0.217875668803567;4.75247219944959
197974.395439087;3.1938493952434;0.0224554246113136;-11.6666250557717;-13.76571683177;26.7979036822301;0.213308934238392;5.29650446974128
613491.683734786;3.19384951370816;0.0224554255296368;-12.5449999161538;-14.6555935402426;26.8758933971426;0.208338381373291;5.7877730424881
1722963.8247116;3.19384956692091;0.0224554259301905;-13.3191006986591;-15.4424556408108;26.9678911859888;0.202998133626453;6.23626266790414
4529312.76952404;3.19384959436291;0.0224554261300242;-14.0097258988156;-16.1474728074021;27.0793667352499;0.197193045927281;6.65602678913052
11884061.0966082;3.19384961081898;0.0224554262453175;-14.6502416661485;-16.8047637764207;27.227105051235;0.190756504978041;7.07496254984004
35977685.158929;3.19384962326841;0.0224554263283939;-15.2867527437773;-17.4624245706467;27.4708416506759;0.183315901392987;7.55603229533821
101074609.114596;3.19384963567519;0.0224554264071592;-15.7199014285645;-17.9172257403993;27.8181741513343;0.176605534634758;8.00464161454074
210515600.146679;3.19384965051494;0.022455426498479;-15.8677532965107;-18.0786150007852;28.1844628940917;0.1734395183064;8.32328393398535
365828190.093246;3.19384967396233;0.0224554266406762;-15.8211121360155;-18.0383154970714;28.5785668505822;0.173315372567719;8.56327678042151
563122879.790071;3.19384971875083;0.0224554269104656;-15.6439488793019;-17.8640906250627;28.9915115772448;0.174634125475568;8.75060259341523
792388247.915318;3.19384982622203;0.0224554275732029;-15.3290463656818;-17.5389970402477;29.449141118946;0.18160255675297;8.89893690004199
1038418987.28447;3.19385012834764;0.0224554295291378;-14.9108018335064;-17.0996349703186;29.9378231670144;0.193814864542819;9.01636990668933
1296299540.3926;3.19385129322161;0.0224554376165222;-14.3451396532072;-16.5036105062264;30.5051946671993;0.21178877956938;9.11269680782825
1554920839.32718;3.19385821600372;0.0224554870555247;-13.5723836254863;-15.7185945891423;31.2016165033128;0.222826136880006;9.19166988507839
1806223424.63935;3.19396060625827;0.0224561343678715;-12.3899383338048;-14.5890830656381;32.1835611148137;0.203464837230397;9.25642806431173
2045295193.38954;3.20577915676314;0.0225214098671532;-10.3059640792104;-12.5637780922887;33.7860923559199;0.186605290251141;9.28507619485293
2272378126.78771;3.27814023770031;0.0228629593988571;-9.49667944992132;-11.8227308014793;33.7368463174624;0.159240352847993;8.84743816808874
2490401677.4947;3.36539480837083;0.0231983923213024;-9.39771522228974;-11.812897722254;32.9833412767673;0.12679792555798;8.29441773373029
2699826073.0295;3.4536318370666;0.0234602421992876;-9.37537639541051;-11.9029748947363;32.6107174311563;0.0967747045268344;8.03421514335945
2901309320.26668;3.54652620249957;0.0236570792945931;-9.33624956923551;-12.0101319940259;32.5268802607147;0.0689223356016188;7.95858963074635
3093321737.08522;3.6425196404483;0.0237840322685499;-9.3010877680678;-12.1796864350612;32.4942387163286;0.0429741900035045;7.91916993594845
3276172227.3601;3.74082125485696;0.0238422253023819;-9.26953547882983;-12.4972251298793;32.4670641595288;0.019219999329885;7.88522220681701
3450742107.79049;3.84096846857159;0.0238350137041509;-9.2413304435465;-13.3839377909273;32.442987631116;-0.00233621868775772;7.85502936280632
3617293053.43824;3.9421690069175;0.0237671104038033;-9.21636428010309;-12.3896562197976;32.4221763305135;-0.0217545559863363;7.82864608010692
3774891368.19999;4.04313307707944;0.0236461005327647;-9.19338471920353;-12.1147307710509;32.4037815067528;-0.0388373548630328;7.80487645124821
3922941824.88142;4.143131059334;0.0234803231777554;-9.17041851441232;-11.9508845452137;32.3869103457828;-0.0536912466931755;7.78213500422881
4061077425.10922;4.2417781728206;0.0232773782023646;-9.14622123724675;-11.8329273158142;32.369549465837;-0.0665933060539814;7.75845264618011
4190362570.43935;4.3384552128349;0.0230461525101058;-9.1262252829266;-11.7475125396207;32.3514113534098;-0.0773759466015295;7.73635166807381
4312268888.91857;4.43132006377901;0.0227999861222508;-9.11817484996097;-11.6947974629107;32.3379274789227;-0.0857214620738973;7.72333120886754
4426180248.66783;4.5183036828663;0.0225512192223676;-9.11712956282774;-11.6607744419753;32.3339460934772;-0.0924727622863449;7.72016073506631
4527212958.3772;4.5983102147351;0.0223067640676238;-9.10133655599882;-11.6162628014571;32.3343463778583;-0.0987956540885937;7.71254404812623
4610714916.72695;4.67273479912238;0.0220653078314647;-9.04998024292441;-11.5388582344701;32.3264222483056;-0.104876853647569;7.6815841166477
4678219569.37325;4.74885138107396;0.0218093395415133;-8.94785442902087;-11.4211475398286;32.297460336856;-0.108611362731146;7.61117870683392
4723733015.55801;4.82035388063417;0.0215820134535804;-8.80381849665234;-11.3014904424358;32.2441234501668;-0.102512925951351;7.50351094050498
4748845530.51427;4.87533172335523;0.0214193519736494;-8.65970251387519;-11.1886054891174;32.1809677109103;-0.0952129726156806;7.38924111236477
4759492609.11398;4.90421399463011;0.021337781998379;-8.56659911740842;-11.1157001295199;32.1377201769391;-0.0907640889849526;7.3137853855983
4762718279.15602;4.91373289447937;0.0213115523942947;-8.53003318325841;-11.089828205483;32.122089184075;-0.0885133466051917;7.28505453002036
4764201784.41987;4.91831331836846;0.0212991286290166;-8.51038342058722;-11.0770358539588;32.1149221443299;-0.0871072774719759;7.27043849946231
4765044803.86759;4.92099359231512;0.0212919405629636;-8.49765840866784;-11.069225534234;32.1112341252899;-0.0861171941858428;7.26161010336494
4765563606.43491;4.92267747626663;0.0212874624745677;-8.4886899586922;-11.0639094543984;32.1094549714223;-0.0853912632027026;7.25593586693063
4765897480.91429;4.92377807886345;0.0212845541132522;-8.48195269064668;-11.0599348644277;32.1088456544922;-0.0848481775845112;7.25215916984785
4766110820.37497;4.92448986870481;0.0212826821214729;-8.47671940738959;-11.0567672556128;32.1090497744612;-0.0844461015434826;7.24967820852005
4766245937.55103;4.92494513990105;0.0212814890418775;-8.47244038535875;-11.0540411416522;32.1098442540252;-0.0841467685794378;7.24806900380896
4766328645.99688;4.92522618891974;0.0212807545105513;-8.46876778698523;-11.051539537998;32.1110867733734;-0.0839234353572723;7.24706249880828
4766377171.78253;4.92539236066903;0.0212803211195843;-8.46541538377008;-11.0490927202247;32.1126939132333;-0.0837528131450069;7.24645980202991
4766403719.51509;4.9254839481387;0.0212800826506404;-8.46219137312487;-11.0465956055223;32.1146034074358;-0.0836177217840788;7.2461233793185
4766417069.31285;4.92553035212929;0.0212799620009261;-8.4589193566836;-11.0439483887821;32.1167938594108;-0.0835032064095788;7.24595070950043
4766423048.6195;4.92555130436849;0.021279907599176;-8.45542038305583;-11.0410379553783;32.1192943006311;-0.0833966148231921;7.24587169218401
4766425207.39498;4.92555893295947;0.0212798878178628;-8.45176314721115;-11.0379523586738;32.1219877489004;-0.0832939006708787;7.24584250701066
4766425869.14579;4.9255612939913;0.021279881704551;-8.44759263621813;-11.0344179299056;32.1250952948508;-0.0831800411600035;7.24583334195677
4766426013.85774;4.92556181627827;0.0212798803546078;-8.44259521162103;-11.03018891743;32.1288323494543;-0.0830426570624645;7.24583128209207
4766426036.4471;4.92556189895237;0.0212798801413866;-8.43653439628211;-11.0250735034357;32.1333678498906;-0.0828737781685198;7.24583094971
4766426041.48471;4.92556191771445;0.0212798800931302;-8.42894372444108;-11.0186690068923;32.1390486961223;-0.082662347634891;7.24583087233566
4766426044.08332;4.92556192760112;0.0212798800677852;-8.41969069370838;-11.0108488706106;32.1459737170194;-0.0824078167421029;7.24583083031189
4766426045.85561;4.92556193450383;0.0212798800501533;-8.40951639946828;-11.0022374606156;32.1535882295911;-0.0821312409118487;7.24583079999595
4766426047.1746;4.92556193977102;0.0212798800367511;-8.39866184424248;-10.9930668515931;32.1617118691507;-0.0818340696694888;7.24583077607674
4766426048.26731;4.92556194425715;0.021279880025386;-8.3866344162292;-10.9829289862662;32.1707133089913;-0.081501597323006;7.24583075501083
4766426049.2064;4.92556194823138;0.0212798800153659;-8.37345024501415;-10.9718357016573;32.1805804727545;-0.0811350329717514;7.24583073568962
4766426050.03292;4.92556195184682;0.0212798800062984;-8.35909718140077;-10.9597687937878;32.1913224459243;-0.0807359957244656;7.24583071747834
4766426050.7675;4.92556195517649;0.0212798799979948;-8.34363778988136;-10.9467737177991;32.2028923983192;-0.0803080263796801;7.24583070009483
4766426051.43777;4.92556195833466;0.0212798799901674;-8.32680932184529;-10.9326258232269;32.2154869685871;-0.0798450871279294;7.2458306830074
4766426052.05147;4.92556196134996;0.0212798799827436;-8.30862602313674;-10.9173296970159;32.2290954883094;-0.0793495454568803;7.24583066609578
4766426052.63351;4.9255619643462;0.0212798799754207;-8.28838067335497;-10.9002756935842;32.2442472359196;-0.0788056258211992;7.24583064868197
4766426053.1792;4.92556196730263;0.0212798799682525;-8.26617704332333;-10.8815342388176;32.2608645362534;-0.0782201791090569;7.24583063086535
4766426053.70066;4.92556197029323;0.0212798799610647;-8.24146197727026;-10.8606230385296;32.2793613613196;-0.0775825182895591;7.24583061218333
4766426054.19611;4.92556197331864;0.0212798799538621;-8.2142132412982;-10.8375083943316;32.2997543380295;-0.0768960561414616;7.24583059258548
4766426054.67427;4.92556197645002;0.0212798799464848;-8.18384253755629;-10.8116789347707;32.3224837359782;-0.0761497230852045;7.24583057156518
4766426055.12761;4.92556197965407;0.0212798799390205;-8.15072421274784;-10.7834383832185;32.3472693801958;-0.0753569746889997;7.24583054927806
4766426055.56548;4.92556198302098;0.0212798799312723;-8.11410700849121;-10.7521349403704;32.3746734963049;-0.0745036355145395;7.24583052505213
4766426055.98646;4.9255619865725;0.0212798799232067;-8.07385636711862;-10.7176320472256;32.4047967672509;-0.0735925110823859;7.24583049864437
4766426056.39556;4.92556199039905;0.0212798799146411;-8.02901633517612;-10.6790694089812;32.4383545930672;-0.0726115559486737;7.24583046930322
4766426056.79167;4.92556199455572;0.0212798799054818;-7.97907518710093;-10.6359568844093;32.4757299104799;-0.0715611355694645;7.24583043649444
4766426057.18187;4.92556199922207;0.0212798798953768;-7.92230093549914;-10.586743547047;32.5182188776916;-0.0704180733272702;7.24583039870136
4766426057.55579;4.92556200439189;0.0212798798843897;-7.85930961583484;-10.5318992377869;32.5653604205412;-0.0692095885197747;7.24583035576849
4766426057.92484;4.92556201041959;0.0212798798718435;-7.78693330697183;-10.4685733164108;32.6195252973829;-0.0678949741256145;7.24583030471228
4766426058.2881;4.92556201761252;0.0212798798572147;-7.70331194700854;-10.3950103653563;32.682105463504;-0.0664678465790273;7.24583024281049
4766426058.64572;4.92556202647251;0.0212798798396551;-7.60599145696416;-10.3089086325732;32.7549374055623;-0.0649171728847567;7.24583016572906
4766426058.98683;4.92556203736464;0.0212798798186632;-7.49577454023201;-10.2108368519356;32.8374203186465;-0.0632858649683671;7.24583007009328
4766426059.32869;4.92556205216915;0.0212798797910274;-7.36345756257763;-10.0923793908834;32.9364417937614;-0.0614829718054138;7.24582994061043
4766426059.66335;4.92556207298802;0.0212798797535298;-7.2061486271469;-9.95060266679518;33.0541658491938;-0.0595349731620032;7.2458297603183
4766426059.99395;4.925562104931;0.0212798796982888;-7.01492591034534;-9.77703982468969;33.1972690164043;-0.0574101185218529;7.24582949014311
4766426060.31515;4.92556215783974;0.0212798796108804;-6.78324086002962;-9.56521478933275;33.3706516566877;-0.055130351094388;7.24582905760147
4766426060.63318;4.92556226042785;0.0212798794501111;-6.49137287127446;-9.29626694314097;33.5890712585063;-0.052638550764684;7.24582826585188
4766426060.94621;4.92556250117342;0.0212798790951958;-6.11402533775849;-8.9454589420275;33.8714574145248;-0.0499344510104871;7.245826560895
4766426061.25669;4.92556328166977;0.0212798780246276;-5.59967625750892;-8.46243277854507;34.2563628481969;-0.046987758616439;7.24582176266044
4766426061.55838;4.92556739855327;0.0212798728350941;-4.86498973877738;-7.76442999641597;34.8061325204848;-0.043874836567635;7.24580151659699
4766426061.85435;4.9256373966055;0.0212797931092224;-3.62615608523448;-6.56964276435407;35.7328865662429;-0.0406987828784453;7.24558781574693
4766426062.14771;4.93788845945616;0.0212674891438263;-1.37922818036241;-4.37735684721797;37.3749820493736;-0.0375363747146657;7.21927326902253
4766426062.43624;5.01938148525507;0.0211977260286059;-0.549069623435033;-3.61656420123742;37.24980533785;-0.031888157744148;6.720554392711
4766426062.71963;5.16082199192255;0.021099736795689;-0.301813710020575;-3.46120915549975;35.6365520835198;-0.0246888142919008;5.51903531613456
4766426062.99858;5.35663459252081;0.0209994304150697;-0.153679382684525;-3.44419145809237;33.0076550845876;-0.0169084032597954;3.68847848037939
4766426063.27406;5.58954343169189;0.0209268657146537;-0.0729075366537115;-3.57936810088725;29.5706706094545;-0.00921299020471531;1.35168019901772
4766426063.54705;5.82161952166062;0.0209066220879947;-0.0705242862507802;-4.12986636580793;26.0963520958951;-0.00227634311257149;-0.970852820705635
4766426063.81628;5.99315463155834;0.0209345861998405;-0.195762554983763;-3.98351454961348;25.6306936523137;0.0041783841477524;-1.21935891932735
4766426064.08132;6.14603174983765;0.021002229630046;-0.23897271210791;-3.59308957721482;25.670768340366;0.0113585266787937;-1.17097669383533
4766426064.34241;6.28233947686623;0.0211051764878829;-0.282263880466318;-3.40417126079612;25.7057596964743;0.0194143593085426;-1.12594861891064
4766426064.59885;6.40682904077807;0.0212427449432497;-0.313849867873771;-3.27046395247664;25.729839230222;0.0284330198332327;-1.09406146908985
4766426064.85209;6.52256876223046;0.0214162990919516;-0.340050875832175;-3.16409830899033;25.7515350644814;0.03861496891302;-1.06645625828843
4766426065.10064;6.63028794406206;0.0216255904904571;-0.363119780190705;-3.07466144631523;25.7695145579413;0.0500684989333561;-1.04289590238028
4766426065.34404;6.73093810346066;0.0218713008224458;-0.383510533805916;-2.99590158210285;25.7849510447578;0.0629470327655337;-1.02236810799066
4766426065.58226;6.82489188843764;0.022153343152654;-0.404060854155123;-2.92666084060106;25.7992331507572;0.0774473943461473;-1.00252442382397
4766426065.81527;6.91199555924445;0.0224699100157212;-0.42734042386104;-2.86691142898696;25.8139554114884;0.0938174340102713;-0.981012245911757
4766426066.04304;6.99223175947185;0.0228188975448233;-0.453131340678635;-2.81469178621224;25.8301736750729;0.112348397127412;-0.957231910273941
4766426066.26552;7.06562409563227;0.0231975974970982;-0.481645497834824;-2.76900095944568;25.8479071123445;0.133373615038704;-0.931060494531133
4766426066.48262;7.13243164550695;0.0236039044982748;-0.511826934699407;-2.7277981734386;25.8670061490322;0.157316736170456;-0.903120250760832
4766426066.69424;7.19295557958225;0.0240357596093677;-0.543630239401862;-2.6902193250248;25.8867917359311;0.184709462326946;-0.873879800454649
4766426066.90026;7.24756159006367;0.0244914976845291;-0.576677724916882;-2.65520285929922;25.9072630196138;0.216220267277628;-0.8435177423757
4766426067.10043;7.29671902924661;0.0249706827262949;-0.609792237796701;-2.62087823571859;25.928188984965;0.252747102537929;-0.812761438317855
4766426067.29448;7.34099601443026;0.0254750737568941;-0.641750176500216;-2.58516086356724;25.9490027700954;0.29560378142147;-0.782577734419142
4766426067.48149;7.38083281504668;0.0260066930653484;-0.671579940255569;-2.54626364606919;25.9689823532096;0.346554246983992;-0.753898832405405
4766426067.6607;7.41668388518419;0.0265715319890292;-0.698861722467299;-2.50143922935716;25.9874853650411;0.409436683659934;-0.727292903707231
4766426067.83141;7.4489348316948;0.0271768220639054;-0.72370094772197;-2.45027985997374;26.0039987200287;0.488046523755455;-0.70294639709943
4766426067.99312;7.47792238998988;0.0278130076248288;-0.746545155245347;-2.40517298228214;26.0185191292594;0.571024507071047;-0.680710181013763
4766426068.14823;7.50437153399862;0.0284677307951007;-0.768223841882004;-2.3745777524962;26.0317125844738;0.644390056074528;-0.659928012513459
4766426068.30062;7.52910819868933;0.0291315740030913;-0.789613977074662;-2.36088960305533;26.0444668818553;0.698939920212765;-0.639785854259433
4766426068.45949;7.5535881583511;0.0298162488220481;-0.812217460842072;-2.3655438030506;26.0580816207723;0.728812978557528;-0.618850894734476
4766426068.63342;7.57887910930131;0.0305245427656471;-0.837414520044468;-2.39016615105055;26.0736715493111;0.730214679634803;-0.595814127805137
4766426068.82166;7.60455850015653;0.031211673095719;-0.865138316019901;-2.43768391476226;26.0914643624866;0.698156612068281;-0.570647368686967
4766426069.01856;7.62966869511561;0.0318125279748193;-0.89438171799829;-2.51546221053917;26.1111443547702;0.624806319107409;-0.544106864669574
4766426069.22181;7.65385559187467;0.0322811235390466;-0.924456369958327;-2.63723834759232;26.1322625722849;0.506284971014841;-0.516655516733101
4766426069.43085;7.6770492425676;0.0326011066826076;-0.95486161786704;-2.81510362940777;26.1538378827681;0.360822337660783;-0.488630969150459
4766426069.64316;7.6990343276049;0.0328044241113067;-0.984830262806289;-3.01878380393649;26.1746095297653;0.242062029679105;-0.460671877284929
4766426069.85989;7.72001157004954;0.03295826221144;-1.01417660246579;-3.14886109223871;26.1946008499757;0.192099969247348;-0.432915358518373
4766426070.07866;7.73985782333662;0.0331015510727259;-1.04231875689793;-3.18378485526041;26.2139815129255;0.189263510166022;-0.405909134912369
4766426070.3007;7.75878772553078;0.0332419347896574;-1.06927013616451;-3.19910176923024;26.2330337914625;0.19454357197744;-0.379678590139277
4766426070.52458;7.77678464312101;0.0333801226420132;-1.09482605958002;-3.2095543202597;26.2515430386396;0.201570315324681;-0.354499110815095
4766426070.75055;7.79396187342034;0.0335167552358993;-1.11909999565059;-3.21849882080662;26.2694258576716;0.208954513171578;-0.330376090847602
4766426070.9783;7.81037489626754;0.0336514505227976;-1.14225492830798;-3.22809110269188;26.286572418797;0.21572366324514;-0.307306501069746
4766426071.20754;7.82606851781527;0.0337834809606645;-1.16456801532853;-3.23961712711749;26.3029033718959;0.221286325708762;-0.285208372409459
4766426071.43833;7.84109289321584;0.0339121035862086;-1.18642261551283;-3.25390167140596;26.3184011594128;0.225309989067281;-0.263904127553995
4766426071.67028;7.85545484259909;0.0340362463383957;-1.20818597907771;-3.2714780015963;26.3330681443436;0.227619487141714;-0.243210011666389
4766426071.90356;7.86918332004332;0.0341551357789736;-1.23025724617877;-3.29273633715886;26.3469931687315;0.22816654588706;-0.22286765405919
4766426072.13798;7.88227681828975;0.0342678850825698;-1.25294570592452;-3.3178875322002;26.3602809949019;0.226990775791267;-0.202652247752526
4766426072.3733;7.89472698540713;0.0343737308196528;-1.27647502680652;-3.34697683619074;26.3730573425714;0.224211905529888;-0.182367124728537
4766426072.60969;7.90654650926141;0.0344722863892937;-1.30102407200891;-3.37994288103174;26.3854760480691;0.220011876470318;-0.161818724970372
4766426072.84674;7.91772097564467;0.0345631437375025;-1.32662724718027;-3.41649398331211;26.3976493820371;0.214634000366202;-0.140913072916086
4766426073.08488;7.92827696587444;0.0346464116266877;-1.35333356338754;-3.45635498739978;26.4097094812309;0.208325388204142;-0.119535611578855
4766426073.32355;7.9382027571518;0.0347220469426821;-1.38102812384232;-3.49906863665688;26.4217110421931;0.201335531641511;-0.0977055462888165
4766426073.56303;7.94752713272923;0.0347904202732738;-1.40965125451737;-3.54438427700342;26.433722164793;0.193831920361096;-0.0754060448914922
4766426073.80312;7.9562628854938;0.0348518347424535;-1.43906233115895;-3.59209196299565;26.4457593470029;0.185920128021218;-0.0526956167900844
4766426074.04381;7.96443472382427;0.0349067099938616;-1.46913869823961;-3.64208194136269;26.4578243591969;0.177668684170007;-0.0296338609021439
4766426074.2851;7.97206914760616;0.0349555158693233;-1.4997718086054;-3.69407596490031;26.4698928662928;0.169218572563192;-0.00629050569664512
4766426074.52691;7.97919143933507;0.0349987487552423;-1.53085764583656;-3.74766317732827;26.4819207038306;0.160747397085664;0.0172537682479058
4766426074.76965;7.98584030372034;0.0350370168857702;-1.56238305795992;-3.80229328622038;26.493874190355;0.152487850098239;0.0409707752287553
4766426075.01357;7.99204775589749;0.0350708948254891;-1.59433460981777;-3.8573310012903;26.5057101828874;0.144658198912706;0.0648256235273404
4766426075.2598;7.9978623634331;0.0351010278397967;-1.62682750773821;-3.91230533673283;26.5174250944296;0.137421132015847;0.0888738197720729
4766426075.50917;8.00331857072307;0.0351279590377011;-1.65995766685563;-3.96659285701859;26.5289965254746;0.13094400884385;0.113148575335114
4766426075.76378;8.00846940998825;0.0351522765031705;-1.69399756435694;-4.0199572541933;26.5404585860464;0.125299325407276;0.13780877240029
4766426076.02555;8.01335265061643;0.035174445900046;-1.72920899545067;-4.07216324252427;26.5518256522384;0.120542485098575;0.162994724501231
4766426076.29613;8.01799199785863;0.03519483183623;-1.76583162771284;-4.12295784681363;26.5630842655045;0.116721881854528;0.188817094238542
4766426076.58107;8.02245999800319;0.0352139658913053;-1.80464860595087;-4.17295476474733;26.5743576916661;0.113803761685827;0.215749446602989
4766426076.88252;8.02675751757091;0.0352320323832736;-1.84598885848006;-4.22233288897828;26.5855923090766;0.111764096091721;0.243920152562927
4766426077.21257;8.03099406499638;0.035249631666967;-1.89156577128813;-4.27308285171106;26.5970417454732;0.110488290599383;0.274354912821629
4766426077.58669;8.03525415809181;0.0352672230920618;-1.94359044857938;-4.32770851497198;26.6089158790784;0.109877587192659;0.308299162983119
4766426078.05412;8.03983241284916;0.0352861113652112;-2.00902293598059;-4.39353063675336;26.6220979231566;0.109833437419836;0.349822734770971
4766426078.77077;8.04539839882203;0.0353091654901453;-2.10976442530996;-4.49255789047956;26.6388830107115;0.110337349038368;0.411409639069257
4766426080.18104;8.052381725334;0.035338239249746;-2.30524071924525;-4.68580187249612;26.6617672461712;0.111001227010852;0.524439472620097
4766426084.97888;8.05899777235915;0.0353651932944072;-2.86044667023055;-5.250421310006;26.6941433358005;0.108753025625736;0.823668100257555
4766426115.38655;8.06084514681793;0.0353725642457336;-4.21642826330339;-6.61545965484265;26.7391291838389;0.10668807224539;1.5317103669108
4766426367.70991;8.06110749202074;0.0353735962947303;-5.98308432128718;-8.38825713247977;26.7923209874954;0.105399251440271;2.45057491913024
4766428432.75783;8.0611444971715;0.0353737391335165;-7.74666795772279;-10.1600839845012;26.8481641621738;0.103633118698721;3.36967356556331
4766444871.61578;8.06115006704532;0.0353737599574286;-9.47002628568852;-11.8973093214963;26.9114001853091;0.10061280539712;4.27359603994597
4766517083.54174;8.06115133780153;0.035373764476666;-10.7545466887229;-13.2035437747343;26.9759262845909;0.0959354860389073;4.95895756504708
4766775269.33767;8.06115172713183;0.0353737657784553;-11.8216141390779;-14.2973916404631;27.0515825194909;0.0904513753891446;5.54302790595934
4767548001.06148;8.06115187496831;0.0353737662397297;-12.718247131865;-15.2240693821008;27.1393146611453;0.08467917655308;6.04994963989088
4769631988.18818;8.06115194220336;0.0353737664335737;-13.4912993077604;-16.0314426592815;27.2433075386317;0.0785446269736404;6.50594564823762
4775086970.66777;8.06115197827757;0.0353737665282315;-14.1795965076674;-16.76063676488;27.3742345909605;0.0718293154503264;6.93756004170203
4791601877.00515;8.06115200201645;0.0353737665828902;-14.8424158595011;-17.4802168982048;27.5718356983607;0.063484052649578;7.40098205499434
4849480124.19639;8.06115202414826;0.0353737666258589;-15.4174984396503;-18.1293635419269;27.9173447890491;0.0542012132543828;7.91936018635706
4965704769.87883;8.06115205054428;0.0353737666707835;-15.6437598312759;-18.4128141730684;28.316924221533;0.0481938627837023;8.29946037315351
5136364145.8381;8.06115209250838;0.0353737667365102;-15.609252271182;-18.4143881791328;28.7448634915711;0.0450219542774491;8.56812843296024
5354557050.37105;8.06115217719439;0.0353737668642315;-15.4110289093186;-18.2325774475972;29.1945525911794;0.044030466394174;8.76947308188119
5602579341.7549;8.06115239189341;0.0353737671871522;-15.0626606572987;-17.8853948448229;29.683959009573;0.0446465223110289;8.9222838328275
5866802284.80505;8.06115308454956;0.0353737683014156;-14.5814528298639;-17.3749826276339;30.2225425130794;0.0486184601160522;9.04153564499176
6136180218.95761;8.06115617926366;0.0353737737867606;-13.939741484535;-16.6911580740802;30.8450662382982;0.0546725232147451;9.13662249843192
6400407314.29184;8.06118124228693;0.0353738300072029;-13.022943893242;-15.672083092686;31.6456178669103;0.0709862738332285;9.21312913907992
6656320928.32667;8.06261595009955;0.035377358331341;-11.2513299267631;-13.8605249141893;33.0615060677507;0.0813069454800123;9.27335189851036
6900465969.63362;8.12759455522753;0.0355140515703846;-9.57487752373025;-12.2519008734497;34.0187934260132;0.0715641564265378;9.07471401217916
7133650743.49134;8.21478426861497;0.035649491026244;-9.4272349390763;-12.2359549888305;33.1835827060918;0.0515469796902503;8.44282720907765
7355034153.14425;8.30732012310429;0.0357263239301521;-9.37883503232451;-12.459597824274;32.6524744829923;0.0271114850363452;8.06375068441148
7565898190.74657;8.40374694824572;0.0357383920043578;-9.33980465025958;-13.2423645461302;32.5347941638983;0.00407181621567945;7.9656006627449
7766838253.40648;8.50324507387155;0.0356815923993078;-9.3052516338922;-12.5487212174496;32.4970392585418;-0.0185512941431996;7.92310173119308
7959740069.60408;8.60607250898617;0.0355498919838175;-9.27322731353037;-12.1657491715244;32.4691457552652;-0.0415861776754037;7.88846677394647
8145300798.5083;8.71185087466962;0.0353412341401456;-9.24408921709199;-11.9490513548601;32.4445609039108;-0.0639999689288991;7.85749561088896
8322438516.04782;8.81896646089004;0.0350608363657671;-9.21845837545625;-11.8005364822416;32.4230926256712;-0.0848743243770038;7.83036798715983
8490284730.75227;8.92601742314787;0.0347179757317718;-9.1953209759869;-11.689793927541;32.4043181966975;-0.103783888035959;7.8062916924374
8648310920.12498;9.03195873782648;0.0343235881178999;-9.17366370968833;-11.6028058006572;32.3873916408426;-0.120568506701224;7.7841921695105
8797730116.31541;9.1373614574592;0.0338825220678499;-9.15155457894793;-11.5299027654268;32.3712245854612;-0.135459959789859;7.76237468623489
8937569090.47307;9.24103197546427;0.0334067704490129;-9.1299729608111;-11.4682479546358;32.3545414852138;-0.148477366415488;7.74047501739673
9067677337.93075;9.34102145232732;0.0329139967321725;-9.11435053082167;-11.421657291282;32.3391777438053;-0.159375739491086;7.72243300647553
9189144051.83853;9.43607565565454;0.0324196985545054;-9.10648595622138;-11.3904682731412;32.3290895189353;-0.168116816253091;7.71178968220468
9304208428.03393;9.52763552797705;0.0319229568301778;-9.09923570895204;-11.3648102468092;32.3242139539074;-0.175369246043059;7.70493250219554
9411500979.11847;9.61722979427722;0.0314191125005394;-9.07828935427178;-11.3282731963009;32.3190483686663;-0.18175012679165;7.69103133036981
9506827741.7757;9.70755109619566;0.0308958838050949;-9.02342465540938;-11.2605232904302;32.3038978248052;-0.187135547845738;7.65349671014686
9582723518.32017;9.80088990699495;0.0303457188375247;-8.91015534553278;-11.1397246762068;32.2671814293943;-0.190191761311993;7.57234238956867
9632296290.28078;9.89780972665224;0.0297751110580823;-8.70883060667135;-10.938905515666;32.2027161249234;-0.18959094646515;7.42860622000664
9656105038.45331;9.99629467443627;0.0292041287461563;-8.38336670248118;-10.6201139067276;32.1223155370031;-0.186234286583104;7.21214291847665
9662986677.23206;10.0666214643174;0.02880184668832;-7.99057107834155;-10.2331612094565;32.0848716991202;-0.183531314799785;6.99071728613673
9663859240.63416;10.0805102160887;0.0287227452503893;-7.79813377744298;-10.0426126151201;32.1167122901224;-0.182916230745708;6.91577011410505
9663916925.66392;10.0815440176252;0.0287168682003981;-7.74662594769162;-9.99190373612575;32.1442529436408;-0.182736603489261;6.90841639050338
9663921211.19699;10.0816269322098;0.0287163976118314;-7.71337392093843;-9.95936347872626;32.1682023559897;-0.182573286882648;6.90779119921317
9663921664.1549;10.0816363973191;0.0287163439820139;-7.67993221973775;-9.92665153275678;32.1931197484888;-0.182407945581704;6.90771790624519
9663921719.54663;10.0816376571861;0.0287163368564994;-7.64312020583946;-9.8906286683394;32.2206541768202;-0.182232524328683;6.90770795416907
9663921728.28726;10.0816378771914;0.0287163356147483;-7.59910973756998;-9.84750840528864;32.2535878877809;-0.182045255538809;6.90770618240371
9663921731.60546;10.0816379733609;0.02871633507332;-7.53786519934807;-9.78736156206165;32.2994202975692;-0.181843744221089;6.90770539714284
9663921733.69734;10.0816380465236;0.028716334662615;-7.45624699550709;-9.70700648421525;32.360499548551;-0.18165850196304;6.90770479243458
9663921735.2102;10.0816381138634;0.0287163342858206;-7.35152794685518;-9.60369524094687;32.4388662125901;-0.181509087082929;6.90770423098429
9663921736.38072;10.0816381846477;0.0287163338911675;-7.2184413441093;-9.47216287046558;32.5384614146602;-0.181415958230124;6.9077036398647
9663921737.35868;10.0816382729969;0.0287163334005503;-7.04412022283369;-9.29958026567356;32.6689138051347;-0.181415609489237;6.90770291394077
9663921738.18253;10.0816383977897;0.0287163327105303;-6.81965406552433;-9.07698181634672;32.8368910599784;-0.181565897735572;6.90770191920802
9663921738.90309;10.0816386144247;0.0287163315182266;-6.52194608106745;-8.78128789941807;33.0596766850838;-0.181951979029289;6.90770029566332
9663921739.56108;10.0816391360481;0.0287163286619973;-6.10085813939236;-8.3624221139246;33.3747888424748;-0.182748807674382;6.90769683209271
9663921740.15344;10.0816410815411;0.0287163180672729;-5.48355852310411;-7.74749852008303;33.8367215813275;-0.1842673036372;6.90768621394715
9663921740.68475;10.0816586457733;0.0287162229619346;-4.48071654626522;-6.74714082345188;34.5870838156339;-0.187279253314877;6.90761981748895
9663921741.18676;10.0850956498943;0.0286977277001647;-2.16453261434822;-4.43365218478709;36.312114706585;-0.195403334788515;6.90209975309184
9663921741.65232;10.173821980777;0.0282233785294492;-0.719922209598744;-2.99187658636558;36.7505377483717;-0.196475915670837;6.4727226068611
9663921742.0929;10.332639616636;0.0273801726498628;-0.443130174762724;-2.71809527546925;34.983069043442;-0.185734596437371;5.15337909535577
9663921742.51015;10.547712558606;0.026246623368712;-0.287804280157768;-2.56594965013028;32.1031077552331;-0.169200525111726;3.1514497547732
9663921742.91041;10.7898458231728;0.0249803607677178;-0.218290807076494;-2.49982148433254;28.4654828511794;-0.148863380742703;0.686187408501064
9663921743.29061;10.9908000426482;0.0239380088310915;-0.276912155816857;-2.56199490777898;25.8154421567728;-0.133905006808154;-1.05513185021521
9663921743.66072;11.1507927645604;0.0231153755909844;-0.364232312045722;-2.6531262849968;25.7687443709375;-0.132494937407204;-1.04267714622135
9663921744.02036;11.2907695689233;0.0224023814214827;-0.409816667745241;-2.70278676376625;25.7961265968954;-0.131396683493489;-1.00159360253096
9663921744.36572;11.4170930679458;0.0217652694084606;-0.436790038831514;-2.73405839151021;25.8240548301775;-0.130243507222072;-0.969450887853552
9663921744.70284;11.5334395776328;0.0211846612781535;-0.462028774164867;-2.76389902045351;25.8441207431937;-0.128970836035397;-0.943428950364911
9663921745.03077;11.6416474793578;0.0206507355886369;-0.481525295897495;-2.78830345436935;25.8593483689455;-0.127596692923853;-0.923511042887761
9663921745.35003;11.7431409619813;0.020155937631423;-0.497698085518983;-2.80970834259605;25.8726823949073;-0.126133718793929;-0.906520418975252
9663921745.66218;11.8386284746218;0.0196963753953237;-0.514426048697473;-2.83202829529935;25.8841425395902;-0.124575183666108;-0.890504463265967
9663921745.96857;11.9277333748939;0.0192734040642774;-0.53636326428622;-2.85995392081524;25.8963501556089;-0.122927175285608;-0.871384681345789
9663921746.26914;12.0097886200492;0.0188895943754535;-0.563846878817077;-2.89383729238019;25.9121888124218;-0.121203088309735;-0.847065823588286
9663921746.56323;12.0843183032478;0.0185464074728254;-0.596145749010915;-2.93294431910585;25.9312698538113;-0.119405742791501;-0.818173116611872
9663921746.85052;12.1515013836198;0.01824215535104;-0.631064346467603;-2.97509064342681;25.9528912044643;-0.117532899231605;-0.786273402497278
9663921747.1358;12.2125966251223;0.0179703998483623;-0.669255575541827;-3.02108461468613;25.9760520618876;-0.115543124342482;-0.751709012941906
9663921747.41673;12.2673583094052;0.0177314620432067;-0.710129496025059;-3.07032142309625;26.0007382257825;-0.113447192237436;-0.714784355365067
9663921747.69118;12.316027992962;0.0175234137232663;-0.751202172442107;-3.12029648190434;26.0265966894172;-0.111255905510222;-0.6769772061681
9663921747.96435;12.3602363600895;0.0173386021197272;-0.790932309945518;-3.16970754886913;26.0532046583056;-0.108914552675985;-0.639340832309313
9663921748.23439;12.4004011054948;0.0171747025835129;-0.827586971957601;-3.21685426572599;26.0792851406466;-0.106421258151088;-0.603594888248517
9663921748.50162;12.4372129230793;0.0170283841375213;-0.860884056270754;-3.2615722375789;26.1039785286656;-0.103757266637253;-0.570454783737152
9663921748.76636;12.4711936023358;0.0168971491464914;-0.891593750358548;-3.30477616040168;26.1267754505297;-0.100902842936549;-0.539875773209321
9663921749.02726;12.5024935583219;0.0167800088799303;-0.920924830304301;-3.34776234918722;26.1474959458969;-0.0978571550183987;-0.511373669249928
9663921749.2866;12.5315660437309;0.0166749309908597;-0.950387824649442;-3.39235864629713;26.1667314638369;-0.0945755021428341;-0.483798099965094
9663921749.54426;12.558506263965;0.0165812693573756;-0.980658572002039;-3.43949798600022;26.1850943444349;-0.0910363273917541;-0.456402007871658
9663921749.80121;12.5835034291054;0.0164980850082195;-1.0119456069906;-3.48979474332434;26.2032210411482;-0.0871978032651522;-0.42865590773508
9663921750.05424;12.6063940982628;0.0164255601442111;-1.04351813429457;-3.54268969965129;26.2212492341034;-0.0830771927967525;-0.400833084047677
9663921750.30576;12.6275504790222;0.0163621863537665;-1.0751281272358;-3.59865981836185;26.2394879857414;-0.0786002025531759;-0.372851111320727
9663921750.55519;12.647085413872;0.016307332884725;-1.10613288101889;-3.65774074976508;26.2578701069788;-0.0737312551121236;-0.345076178735313
9663921750.80366;12.6652450797777;0.0162600668953369;-1.13616997503697;-3.72072907619107;26.2763619241508;-0.068392130687524;-0.317711985475602
9663921751.05079;12.6821551118765;0.016219859065925;-1.16479010917134;-3.78862391246251;26.294779996727;-0.06252241405315;-0.291105651507315
9663921751.30124;12.6982437130996;0.0161856725925677;-1.19219636665933;-3.86486035220311;26.3133098124288;-0.0559128324688125;-0.265031762260621
9663921751.54982;12.7133057715832;0.0161578815083496;-1.21758348349022;-3.95156232274613;26.3314189891294;-0.0485842412248268;-0.240248264282295
9663921751.79598;12.727444949259;0.0161361808252304;-1.2408009562551;-4.05475170291464;26.3489494224619;-0.0404401313181695;-0.216935748728024
9663921752.04066;12.7408322507678;0.0161202821199364;-1.26190614540197;-4.18723743095139;26.3658738587612;-0.0313120054870781;-0.195083380100881
9663921752.28364;12.7535573532266;0.0161101341103659;-1.28089390452297;-4.37917432423245;26.3821031236453;-0.0210391889458752;-0.174752726129401
9663921752.52479;12.7657045061947;0.0161057979726427;-1.29781258983104;-4.74518402269739;26.3975731344589;-0.00942307328887013;-0.155961593813045
9663921752.76281;12.7772909144784;0.0161074227362604;-1.31267495951452;-5.16583360206679;26.4121628048466;0.00370378120110003;-0.138783326962528
9663921752.99535;12.7882806639903;0.0161150930959578;-1.3254994316689;-4.48167149495099;26.4257151758516;0.0184439818613566;-0.123312060845609
9663921753.22166;12.798710177626;0.0161288927722763;-1.33645572993308;-4.214850886348;26.4381984011805;0.034981360888669;-0.109482277812298
9663921753.44142;12.8086226716542;0.0161489570093056;-1.34574862894538;-4.03950891790416;26.4496156188471;0.0535376218736963;-0.0971869821254711
9663921753.65414;12.8180467622009;0.0161754348919504;-1.35358233441869;-3.90493853163004;26.4599758399602;0.0743418297607253;-0.0863148327566171
9663921753.85928;12.8269980746648;0.0162084476775831;-1.36015377977566;-3.79335832528011;26.4692941407035;0.0976197777521645;-0.0767532539175248
9663921754.05607;12.8354775358131;0.0162480233605204;-1.36564472381121;-3.69658456045442;26.4775922545257;0.12357728606711;-0.0683919178920014
9663921754.24345;12.8434666575079;0.0162939776565442;-1.37021497878164;-3.61038789789786;26.4848926136929;0.152343979954485;-0.061130251736274
9663921754.42013;12.8509344120155;0.0163458264696149;-1.37401046730886;-3.53246168105855;26.4912217368653;0.183929239029256;-0.0548715056500005
9663921754.58578;12.8578847163907;0.0164031202650627;-1.37718107927402;-3.46107731017733;26.496646098783;0.218421142396495;-0.0494892005157816
9663921754.74194;12.8643962783802;0.0164661122607515;-1.37988560718063;-3.394285418812;26.5012820044049;0.256369922375203;-0.0448152447861839
9663921754.89184;12.8706125291878;0.0165362767538081;-1.3822798945103;-3.32969103142371;26.5052592851953;0.299171983023317;-0.0406648091864557
9663921755.04086;12.8767602179865;0.0166174607872427;-1.38452491429802;-3.26376616492434;26.5086955568602;0.350063722619745;-0.0368352567062741
9663921755.20083;12.8833242015974;0.0167210620095964;-1.38685888088259;-3.18866148938154;26.5116872331287;0.418441508517582;-0.0330155906206292
9663921755.37726;12.8905210686748;0.0168621299888105;-1.38943302861577;-3.09714806501452;26.5138520647466;0.519706073728116;-0.0291001203939103
9663921755.56794;12.8982480004894;0.0170496974211925;-1.39230572716113;-3.00715537366267;26.514931376525;0.643636791086493;-0.0251489582101948
9663921755.76645;12.9062337291369;0.0172736984571157;-1.39547029873666;-2.94753482086861;26.5157939594323;0.743772494330867;-0.0212621782661193
9663921755.97231;12.9144476899346;0.0175163487491616;-1.39900756193036;-2.92857936936328;26.5178267390029;0.78336853086632;-0.0173837322142089
9663921756.18587;12.9228908065114;0.0177565541779148;-1.40303285348589;-2.94895282081101;26.5215649858947;0.754534635484122;-0.013425948229324
9663921756.40273;12.9313746285111;0.0179639784385763;-1.40756844083268;-3.01930043800116;26.5269980896748;0.64856888399014;-0.00937834159667624
9663921756.62276;12.9398815236606;0.01811250103143;-1.41271048504785;-3.17068904267851;26.5333171905789;0.463247400711501;-0.00514835339755286
9663921756.84687;12.9484297822006;0.0181980053939785;-1.41859399628065;-3.41848337151253;26.538365606872;0.265451263984631;-0.000626022236820483
9663921757.07419;12.9569680471234;0.0182521869012558;-1.42527476956025;-3.62279331288137;26.5414602871602;0.168424889213477;0.00425859327481966
9663921757.30251;12.9653978728313;0.0183011824436777;-1.43270926556512;-3.66837129093034;26.5438731682682;0.154277384718584;0.00953121042326909
9663921757.53248;12.973729905888;0.0183492517641332;-1.44093276679579;-3.67981576844704;26.5463094456253;0.15315146339172;0.015266419009913
9663921757.76461;12.9819666149432;0.0183974468933339;-1.44998120894806;-3.6827317857856;26.5488959394884;0.155344502441968;0.0215271746961377
9663921757.99838;12.9900751291218;0.0184457919786193;-1.45984464121196;-3.68443359096045;26.5516924208937;0.158308144536788;0.0283388679658084
9663921758.23264;12.998004132648;0.0184937435105545;-1.47046995623599;-3.68888608084398;26.5547322773835;0.160592701039975;0.0356916094379906
9663921758.46786;13.0057595691028;0.0185408806982087;-1.48186439800888;-3.69810697410512;26.5580540297445;0.161418636310176;0.0436115086614394
9663921758.7043;13.0133401253128;0.0185866594236881;-1.49402459134729;-3.71306196638442;26.5616829730431;0.160405115324542;0.0521121711499927
9663921758.94181;13.0207322130815;0.0186304691090634;-1.5069230056199;-3.73411998613441;26.5656282567379;0.157442910872078;0.0611856593421525
9663921759.17952;13.0279028068872;0.018671661502033;-1.52048361688255;-3.76122171655365;26.5698759973045;0.152634049967215;0.0707855057813864
9663921759.41766;13.034855376813;0.0187099142315633;-1.53468717747757;-3.79417011321372;26.5744232566654;0.146211291093734;0.0809016335534189
9663921759.65654;13.0415953468797;0.0187450347099154;-1.54951864124693;-3.83261618650999;26.579264003236;0.138498607086429;0.0915243780905662
9663921759.89613;13.0481196669107;0.0187769057210932;-1.56494324379502;-3.87608265706624;26.5843824273667;0.12986351764896;0.102627721026407
9663921760.13617;13.054420060892;0.0188054962513946;-1.58091214340966;-3.92405764057425;26.5897508714284;0.120661514224352;0.114170420290188
9663921760.37932;13.0605615074841;0.0188311596779773;-1.5976014577411;-3.97655749424239;26.5953949073519;0.111134885633871;0.126258676869049
9663921760.6305;13.0666513155948;0.0188543688550342;-1.61538916523741;-4.03433303183928;26.6013939706463;0.101381923930559;0.139135031455017
9663921760.89098;13.0726952887616;0.0188751914960294;-1.63445332409917;-4.0972400401672;26.607732199895;0.0916687152649739;0.152878683768872
9663921761.16222;13.078697749361;0.0188937352133283;-1.65501257704809;-4.16514509724599;26.6143968824368;0.0822212563821078;0.167590891888906
9663921761.44692;13.0846814772143;0.0189102048086408;-1.67742205364034;-4.23771095883931;26.6213978497842;0.073272658781414;0.183456024109481
9663921761.74974;13.09069233491;0.0189248888922303;-1.70224293279871;-4.3143325310956;26.6287870320746;0.0650521696671682;0.200789401931124
9663921762.07789;13.0967980735171;0.0189381430988416;-1.73034402733265;-4.39372849885258;26.6366624492672;0.0578222964101491;0.220090851535524
9663921762.44739;13.1031667445717;0.0189505472615301;-1.76355572484028;-4.47403708910891;26.6452777045013;0.0518965976870629;0.242444877710824
9663921762.89067;13.1101010364871;0.0189629494941168;-1.80567529802486;-4.55317754669974;26.6551414744972;0.0476736872681465;0.270089878609381
9663921763.51427;13.1185292917771;0.0189773824401529;-1.8691684289462;-4.63555112294362;26.6679219272093;0.0456674204594549;0.310373313562659
9663921764.65569;13.1300182709687;0.0189975535899756;-1.99716780236427;-4.75271859007711;26.6873546335216;0.0468548701938975;0.387358212763364
9663921767.60657;13.1429145384201;0.019020839076742;-2.35948696369771;-5.10286567396171;26.7164368319144;0.0482391698714821;0.587950529867103
9663921783.25706;13.1473803424858;0.019028299871887;-3.54462816342366;-6.32174271268036;26.7592924362916;0.0447054094082404;1.20915097894566
9663921904.41608;13.147984020581;0.0190293020066518;-5.30255034613069;-8.08242963520805;26.8120243408288;0.0445092540600737;2.1233447361332
9663922894.28593;13.148066601066;0.0190294315964314;-7.07870066614298;-9.88300734470567;26.8671926514677;0.042161457022406;3.04827810560228
9663931373.07868;13.1480781828814;0.0190294487804187;-8.86455738345803;-11.6932100752203;26.9279940968131;0.0399531762985919;3.981828769849
9663976390.00284;13.1480804854414;0.0190294518426443;-10.2911648517674;-13.1673386448614;26.9909639389689;0.0358958797677425;4.73720179751062
9664144519.69536;13.1480811276034;0.0190294525700372;-11.4179998616614;-14.3638753619227;27.0615379702557;0.0306532815821211;5.34776875544949
9664682191.96132;13.1480813551645;0.0190294527799452;-12.3734194918396;-15.4084885918151;27.1446964577353;0.0250389371241733;5.88103672202781
9666171085.20323;13.1480814522841;0.0190294528481533;-13.1855569698101;-16.3390276882133;27.2418915917823;0.0191322717976532;6.35204277447123
9670080848.77618;13.1480815014064;0.0190294528710563;-13.900871177085;-17.2322570472891;27.3613489415779;0.0127570904428884;6.78951230169209
9681000485.14421;13.148081531112;0.0190294528767505;-14.5653709250439;-18.2827816259495;27.5270209413198;0.00527653122300491;7.23245355100914
9719506134.90678;13.1480815552317;0.0190294528731893;-15.2031528070012;-19.0339391698017;27.81678938636;-0.00410696157402356;7.74495185771079
9816194323.28031;13.1480815822688;0.0190294528627151;-15.5534126346267;-18.9652521330636;28.2097249804548;-0.0109284697318396;8.18262108308407
9967276576.53825;13.1480816205492;0.0190294528421876;-15.5962368839706;-18.8668765221943;28.6256760361508;-0.0153502733552145;8.48195029525309
10168421338.2639;13.1480816912889;0.0190294528013272;-15.4538455182781;-18.6922058478077;29.0628635840608;-0.0167871926287767;8.70285992696786
10408545898.7223;13.1480818610843;0.0190294527051705;-15.1505105870575;-18.3974571187446;29.5429133360222;-0.0167304178878068;8.87193540103277
10666648787.1966;13.1480823496008;0.0190294524587723;-14.7229136655445;-18.0201553752462;30.0563377988659;-0.0151598307729259;9.00117850881473
10933807543.3841;13.1480842875095;0.0190294517970748;-14.1394360938605;-17.6061099208686;30.6464976914638;-0.010464223889759;9.10375096968911
11202133603.9382;13.148097322898;0.0190294533461176;-13.3135388749412;-17.2385994446432;31.3890719052914;0.00373007792900391;9.18694881390014
11459255810.8123;13.1484096981913;0.0190295559626748;-11.9154629100474;-15.3989221468046;32.5346208881357;0.010687755589884;9.25330406289587
11703385138.5623;13.184350155529;0.0190465165705895;-9.83203635607728;-13.1581785407212;34.0439760829543;0.0160656422586962;9.22005684158306
11938388153.9989;13.2646209744322;0.0190351936633747;-9.46651574138341;-13.3171154864315;33.4297481084049;-0.00471556091264282;8.62690074312647
12163711691.5953;13.358473820363;0.0189609842421278;-9.38035911466073;-12.4823475164966;32.7528784681005;-0.0258976926185249;8.13158166238023
12378429891.0884;13.4546764955213;0.0188303808576976;-9.34868170789297;-12.2159144254477;32.5557286243526;-0.0441971944536158;7.98403127882356
12585631182.8927;13.5551016475967;0.0186264957344292;-9.31454996064394;-12.0070069206098;32.5053399063667;-0.0659929818051801;7.93332288948295
12784376372.4081;13.6591284126467;0.0183424616974903;-9.28115153235122;-11.8449262392527;32.4754196557159;-0.0886706852959022;7.89666836533394
12974346947.5349;13.7657534814036;0.0179790348710636;-9.25082701330383;-11.7182693558406;32.4500875931588;-0.110604686953449;7.86462521808928
13153977169.8578;13.8729284946305;0.0175456678178331;-9.22428586162784;-11.617523516447;32.4278531972367;-0.131123503133407;7.83654950536685
13324830380.761;13.9805917162763;0.0170475247897883;-9.20055577383123;-11.5352690886987;32.4082829114984;-0.149948700554199;7.81166276762855
13486874587.0079;14.0878610031175;0.0164949929187112;-9.17915811450426;-11.4672761738131;32.3909005738918;-0.166841837276751;7.78940477293308
13640351734.2626;14.194573633998;0.0158956352772674;-9.15782789110252;-11.4083576714954;32.3752272753117;-0.181837329853401;7.76832116675401
13783808867.6676;14.29990745707;0.0152611169447688;-9.13415430129873;-11.3542779741646;32.3588393899109;-0.194925772296706;7.74558544999938
13916251819.1018;14.4018195151403;0.0146122667728412;-9.11380327818465;-11.3098844262068;32.3411190573667;-0.20590831995802;7.72361540659528
14039210347.4902;14.4982468936104;0.0139717297944039;-9.10555829678757;-11.2832144499454;32.3276472408767;-0.21474247057404;7.71052997828752
14155657292.1543;14.5891900975823;0.0133472142661188;-9.1073578474602;-11.2705848566252;32.3236114033065;-0.221969277197027;7.70876557547311
14266712650.4645;14.6770096763875;0.01272696163959;-9.10194816782787;-11.2529709056489;32.3258421629261;-0.228311144041932;7.70758038702392
14370923859.384;14.7676158464668;0.0120711398545759;-9.06075666085662;-11.2011285951134;32.3215352394681;-0.233948382506501;7.68413371566304
14458517840.3944;14.8659923851617;0.0113475105294778;-8.94958272663573;-11.0829581064608;32.2914911665054;-0.237526856191624;7.60849073561811
14516605209.5457;14.9750652055397;0.0105436524824802;-8.72636516402806;-10.8589023435744;32.2239342299763;-0.237487842956051;7.4517451129432
14540316933.4572;15.0729680042368;0.00982642441154108;-8.38416802266917;-10.5193058509228;32.1511181543678;-0.235536519479221;7.23198662496356
14545742881.3638;15.1214019677075;0.00947312995433148;-8.04932560997825;-10.1863387959688;32.1464404626499;-0.234487504648224;7.06143504541507
14546226854.5619;15.1270187791672;0.00943223196893301;-7.93533146551707;-10.073119396074;32.181816361462;-0.234327156089846;7.02807282519349
14546256388.8709;15.127393862181;0.00942950420571913;-7.89619941683405;-10.0345201454204;32.2071613062536;-0.234224176021367;7.02543997279256
14546258861.5942;15.1274278887974;0.00942925707025408;-7.86135676056253;-10.0002404528967;32.2328652465468;-0.234107442328274;7.02519160726546
14546259080.468;15.1274311653297;0.00942923330533138;-7.82477924936135;-9.96425729303628;32.2602024092571;-0.233985553393227;7.02516699331971
14546259102.9522;15.1274315352496;0.00942923062627584;-7.78377073402803;-9.92389678274515;32.2908881604495;-0.233858921089575;7.02516414341071
14546259107.7359;15.1274316241842;0.00942922998332058;-7.73068865621668;-9.87157876581058;32.3306124666693;-0.233735039193886;7.02516344175691
14546259110.2234;15.1274316786148;0.00942922959061453;-7.65992374363571;-9.80169902836734;32.3835700603709;-0.233641206502068;7.02516300340298
14546259111.9763;15.127431726097;0.00942922924883456;-7.56721767339271;-9.71000182152624;32.4529472251899;-0.233598470774918;7.02516261556313
14546259113.293;15.1274317728604;0.00942922891309159;-7.44960866679093;-9.59350820479636;32.5409601857737;-0.233631192390744;7.02516222951627
14546259114.3437;15.1274318253996;0.00942922853693644;-7.30096362817933;-9.44607986805227;32.6521983760642;-0.233773988463566;7.02516179533594
14546259115.2441;15.1274318959286;0.0094292280335517;-7.10606702378337;-9.25253459672152;32.7980479034218;-0.234088685499922;7.02516122461811
14546259116.0261;15.1274320064453;0.00942922724742079;-6.84980411500764;-8.99773707607513;32.9898191604307;-0.234664272648277;7.02516036843273
14546259116.7166;15.1274322219211;0.00942922572022326;-6.50577604152388;-8.65527943094461;33.2472663667787;-0.235641920402516;7.02515882636463
14546259117.3405;15.1274328160816;0.00942922152535198;-6.02117370229536;-8.17235879247671;33.6099055788335;-0.237291511226811;7.025155135309
14546259117.9364;15.1274362424915;0.0094291974383782;-5.24037268541726;-7.3934297615205;34.1941794676119;-0.240378217645581;7.02513938584015
14546259118.4777;15.1275305856824;0.00942853719674398;-3.75873344250725;-5.91374109672503;35.3025954454776;-0.247058034296565;7.02491427775307
14546259118.9632;15.160037780277;0.00920207430582514;-1.1741742122341;-3.33115665625958;37.1308071630317;-0.258673504039788;6.95415449969937
14546259119.433;15.2895398255682;0.00830432594360043;-0.559667235596816;-2.71878924159106;36.2275048863341;-0.251140305205767;6.04334355887471
14546259119.8708;15.4852610307669;0.00695443655508302;-0.349641118116515;-2.51098081611602;33.8186216066941;-0.233247074044982;4.32880141519695
14546259120.2895;15.726786513814;0.00529760837637949;-0.238860095796668;-2.40254558289745;30.3895317058019;-0.208467577965543;1.98221629375704
14546259120.6918;15.9715035146558;0.00362847382216705;-0.215881644528667;-2.38205443804912;26.6330831109989;-0.181655541514692;-0.539187257637666
14546259121.0903;16.1489045591685;0.00242601671028207;-0.351472635415143;-2.52035921267095;25.7483131631844;-0.174526831942643;-1.06255880765156
14546259121.4677;16.3012361914843;0.00140018012501638;-0.394096753216497;-2.56580866541398;25.7848091973331;-0.173640892680046;-1.01686658832892
14546259121.833;16.4361473640384;0.00049790552211376;-0.432514656582489;-2.60722384039192;25.8200215099362;-0.172682137541041;-0.974135455128555
14546259122.1876;16.5586661533666;-0.000315501709956088;-0.461560504135654;-2.63945517136857;25.8415330526321;-0.171562990362923;-0.945244924909895
14546259122.5322;16.6719472907126;-0.00106174489157882;-0.483148910940172;-2.66442613560342;25.8596760708452;-0.170351458318189;-0.922334092506303
14546259122.864;16.7765540344031;-0.00174522874208174;-0.501309812058434;-2.68614123776032;25.8746390611407;-0.169060782431034;-0.903261985670208
14546259123.1898;16.8752190231299;-0.00238427132965385;-0.518800644464853;-2.70743391335233;25.8871383930559;-0.167668228791403;-0.886171347792359
14546259123.5137;16.9684174335224;-0.00298222868251408;-0.541015528642939;-2.7337538230476;25.8999058224375;-0.16617278191434;-0.866539939971438
14546259123.8321;17.0542297812832;-0.00352727854860584;-0.56950313897013;-2.76661668579056;25.9162936584291;-0.164611186579988;-0.84135347278082
14546259124.1407;17.1312064679412;-0.0040110728859933;-0.602974223498499;-2.80467265630946;25.9360092490294;-0.16300642381305;-0.81145199604542
14546259124.4448;17.2009118133856;-0.00444427400427456;-0.639706803370142;-2.84628331811984;25.9587373044221;-0.161326996627723;-0.777907275551904
14546259124.7434;17.2633908362332;-0.00482797534878295;-0.679346151478003;-2.89108705917991;25.9828668663676;-0.159568131773293;-0.741973015948276
14546259125.033;17.318435937507;-0.00516184740759071;-0.72117482121759;-2.93831342110821;26.0081001778791;-0.157750240277937;-0.704206787713288
14546259125.3257;17.3687504316469;-0.00546291744173422;-0.76476895425124;-2.98779453309758;26.035435018028;-0.155789886071874;-0.66415419014201
14546259125.6191;17.4144759486064;-0.0057325349370711;-0.807171314768004;-3.03658186903503;26.0637817207238;-0.153683370114192;-0.624021873865159
14546259125.903;17.4550157385571;-0.00596791619801611;-0.845271167437969;-3.08138077653643;26.0909526571233;-0.151488731026018;-0.586826588456002
14546259126.1783;17.4913994688152;-0.00617576645775245;-0.878978757671635;-3.1221354093658;26.1161122679606;-0.149194177718681;-0.553171507730036
14546259126.4536;17.5252564766252;-0.00636580113595931;-0.910080944810482;-3.16089665872446;26.1394910504459;-0.146717329485818;-0.522009488000855
14546259126.7303;17.5570246327349;-0.00654069319349234;-0.940093514179764;-3.19931543529851;26.1610512080717;-0.144023469829889;-0.492607982327369
14546259127.0082;17.586777717782;-0.00670103794928349;-0.970357630493009;-3.23883487362052;26.1810993601571;-0.141094678975005;-0.464091565122136
14546259127.2786;17.6137694246729;-0.00684322049346936;-1.00073199210205;-3.27911606012971;26.1997040076249;-0.138010559605588;-0.436484791084059
14546259127.548;17.6387944010928;-0.0069717754903679;-1.03206945845794;-3.32135417317093;26.2179715531414;-0.134683493608754;-0.408622264310352
14546259127.8104;17.6614738077663;-0.00708516608394701;-1.06330950329719;-3.36436416313392;26.2358929710858;-0.131172015207215;-0.381040023502953
14546259128.0713;17.682458402877;-0.00718698150993382;-1.09455208768942;-3.40863909913024;26.2540055566959;-0.127382146070047;-0.353329352935482
14546259128.3314;17.7019482399476;-0.00727842722611169;-1.12530886638529;-3.45395370940313;26.2723475546372;-0.123269046791328;-0.325708930437964
14546259128.5917;17.7201572078076;-0.00736068832753096;-1.15517876222591;-3.5002695714634;26.2908787047911;-0.118772060896956;-0.298406273064351
14546259128.8503;17.7371064286333;-0.0074340480443963;-1.18353362834012;-3.54722571985598;26.3093098383047;-0.11387210896025;-0.271928582148615
14546259129.1093;17.7530653797593;-0.00749979853438854;-1.21029032769939;-3.59539567874562;26.3276227081993;-0.108469164403475;-0.246329740203965
14546259129.3652;17.7679645642541;-0.00755780412129488;-1.23490358233923;-3.64459625495677;26.3454268739284;-0.102568160603079;-0.222143037100857
14546259129.6212;17.7821103606068;-0.00760932442208531;-1.25758108528109;-3.69623009693751;26.3628224666785;-0.0960158416891691;-0.199197872342615
14546259129.8737;17.7954268083239;-0.00765415511587422;-1.27798543849602;-3.75079836684152;26.3794766308696;-0.0888082365719115;-0.177885027606129
14546259130.1263;17.8081902129809;-0.00769319442791687;-1.29641712739553;-3.81088151007829;26.3955408028398;-0.0807358053454079;-0.157953149133778
14546259130.3795;17.8205092703149;-0.00772660070666473;-1.31293947685762;-3.87968885270573;26.4109841674055;-0.0716201471577528;-0.139390960131705
14546259130.6289;17.8322446832511;-0.00775389343461542;-1.3273468307908;-3.96079826034959;26.4254859694759;-0.0614570278392558;-0.122514893965363
14546259130.876;17.8435438769498;-0.00777526237460856;-1.33987703190739;-4.06314150608597;26.4391176274202;-0.0500014366615169;-0.107157823455804
14546259131.1203;17.8544370189707;-0.00779052431001556;-1.35064632442054;-4.20418987910693;26.4518239001149;-0.037060567739378;-0.0932976091523625
14546259131.3606;17.8649329890537;-0.00779942335357393;-1.35978838357584;-4.43146763519569;26.4635474915234;-0.0224372078021395;-0.0809043725104188
14546259131.5952;17.8749992552433;-0.00780169841932541;-1.36744206659593;-5.01331652449235;26.4742129724496;-0.00598340775978642;-0.0699572703885289
14546259131.8234;17.8846494102824;-0.00779713535948754;-1.37381212426442;-4.69909025107696;26.4838241922572;0.0125228324348733;-0.0603490419855489
14546259132.0448;17.8938990484921;-0.00778549581612523;-1.37910762946546;-4.27929643295753;26.492408598548;0.0333374702515612;-0.0519537692848234
14546259132.259;17.9027542446148;-0.00776653892658472;-1.38352269803505;-4.05295380280364;26.5000037249237;0.0567302673455313;-0.0446453551625309
14546259132.4652;17.9112079772799;-0.00774007938537153;-1.38722735361133;-3.89169355389386;26.506654093625;0.0829638142340667;-0.0383040036611589
14546259132.6626;17.9192429133755;-0.00770605135182954;-1.39036282792586;-3.76350840273162;26.5124130890989;0.112280330688778;-0.0328171990387858
14546259132.8501;17.9268308204121;-0.00766459957257337;-1.39304270108827;-3.65562152583751;26.5173370389008;0.144860868233302;-0.0280831260460951
14546259133.0266;17.9339320893552;-0.00761619752704343;-1.39535790913632;-3.56183015408214;26.5214792320922;0.180769642101471;-0.0240124942829269
14546259133.1924;17.9405694442332;-0.00756105424421005;-1.3973998427801;-3.47790226406751;26.5249242801532;0.220369624437479;-0.0204921760347385
14546259133.3492;17.9468227217748;-0.00749867434773605;-1.39925759138448;-3.40032064628704;26.5277630757165;0.264629085041832;-0.0173996349467268
14546259133.5012;17.952860052976;-0.00742674750833256;-1.40103250399765;-3.32498652838485;26.5300775452373;0.316070886846727;-0.0145943236983235
14546259133.657;17.9590213500372;-0.00733815321762373;-1.40287366306346;-3.24514007595927;26.5319039027614;0.38150655358523;-0.0118858948581007
14546259133.8242;17.9656035775729;-0.00722027712943004;-1.40493296594684;-3.15188014190868;26.5329950374281;0.475159153359854;-0.00912963341995254
14546259134.0086;17.9728212256809;-0.00705828250343944;-1.40736203538442;-3.05625713236583;26.5331295824714;0.595515926900124;-0.00622293170618523
14546259134.2028;17.9803746693809;-0.00685850408912743;-1.41013950462314;-2.98773593943268;26.5329303699358;0.701760278741789;-0.00325365503353527
14546259134.4043;17.9881534570627;-0.0066375739595708;-1.41328488654378;-2.95994185710852;26.5337282611796;0.753600723161724;-0.000210112995215685
14546259134.6126;17.9961298969745;-0.00641506909805687;-1.41685555384406;-2.97132514742534;26.5361770035654;0.740233544609299;0.00296248105297484
14546259134.8275;18.0042855054899;-0.00621401171927288;-1.42092074843091;-3.02905710279114;26.5404049151563;0.654291366981034;0.00632927718514612
14546259135.0454;18.0124644840202;-0.00606331125137921;-1.42547697228644;-3.16006143974855;26.5458508396579;0.489116352045154;0.00989784360641538
14546259135.2661;18.0206537508743;-0.00597551014233497;-1.43059723712993;-3.40034225866594;26.5506961565359;0.284662914273178;0.0137288367923525
14546259135.4904;18.0288660780704;-0.00592889978915384;-1.43636008080657;-3.68234393131298;26.5537001021756;0.150709696590024;0.0178925053508813
14546259135.7182;18.0370827400498;-0.00589199223652335;-1.44278627045119;-3.79036644386374;26.5558569592171;0.119283437827617;0.0224412395172232
14546259135.9468;18.045199287432;-0.00585626461701372;-1.44981635646446;-3.80618360412977;26.5579790853658;0.11690357082004;0.0273671733248324
14546259136.1765;18.0532097246355;-0.00582059716599603;-1.45746527200808;-3.80884941870395;26.5602373692538;0.118262704184029;0.0327044496873904
14546259136.4078;18.0611252037915;-0.00578453786723615;-1.46576712681945;-3.8072270596134;26.5626792546149;0.121007404381354;0.0384950540204112
14546259136.6409;18.0689377215646;-0.00574822557666576;-1.47473870072517;-3.80747607411111;26.5653386433964;0.123474700978069;0.0447651740460424
14546259136.8751;18.0766135616817;-0.00571219106129885;-1.48436104206891;-3.81276827659492;26.5682310518193;0.124725543459602;0.0515127295799148
14546259137.1094;18.0841161582594;-0.00567710009823605;-1.49459718372486;-3.82461349086312;26.5713600305807;0.12427892179713;0.0587200094701891
14546259137.3445;18.0914577615952;-0.00564340763992616;-1.50546837650241;-3.84372659286854;26.5747416693203;0.121958152033586;0.0664079120549442
14546259137.5806;18.0986380101484;-0.00561158943309575;-1.51697967547996;-3.87044345303396;26.5783833493508;0.117778164970414;0.0745842666331366
14546259137.8176;18.1056447362537;-0.00558209206507723;-1.52911345843534;-3.90484533296013;26.5822820433464;0.111907807500532;0.0832392895459361
14546259138.0547;18.1124558778718;-0.00555528228219077;-1.54182452791971;-3.94675114124814;26.5864231133079;0.10464857014603;0.0923421252198574
14546259138.292;18.1190659716046;-0.00553132929053271;-1.55508822690103;-3.99593608160058;26.5907967127505;0.0963570499274116;0.101875470048183
14546259138.5298;18.125483382883;-0.00551024874847889;-1.56890531710293;-4.05238341640153;26.5953996726088;0.0873631775991925;0.111838939735461
14546259138.7693;18.1317346926098;-0.00549192871511604;-1.58333804246242;-4.11638279918034;26.6002348343748;0.0779544145022152;0.122266580349149
14546259139.0156;18.1379377044892;-0.00547601786471704;-1.59872679880717;-4.18963601936234;26.6053790472482;0.0682433330876537;0.133380416843374
14546259139.271;18.1441323830205;-0.0054624168656011;-1.61531187563055;-4.27375983712434;26.6108552176835;0.0584266344828486;0.145316401403357
14546259139.537;18.1503201857164;-0.00545107957193269;-1.63329657167157;-4.37032363276074;26.6166521509168;0.0487670368201668;0.158169096877124
14546259139.8157;18.1565169095826;-0.00544189110141642;-1.65298057421196;-4.48189949197419;26.6227798602111;0.0394761220743925;0.172095129654385
14546259140.1104;18.1627483687436;-0.00543467944679779;-1.67479411097946;-4.61134894484777;26.6292625555624;0.0308179897097752;0.187325734104856
14546259140.428;18.1690930793628;-0.00542920004018592;-1.6995159614047;-4.76319425077164;26.6362030377588;0.0230035057231051;0.204318696581049
14546259140.7783;18.1756401894445;-0.0054251752043409;-1.72830751780926;-4.93960898878036;26.6437334148768;0.0163792348006773;0.223742628291072
14546259141.1887;18.1827043614733;-0.00542218879570916;-1.76418888297478;-5.13810091756565;26.6523018210619;0.0112673734287347;0.247406500785708
14546259141.7196;18.1908484963064;-0.00541968412748856;-1.81411861991917;-5.32621336963648;26.6628159090989;0.0081999511363457;0.279395568674689
14546259142.6005;18.2017966418739;-0.00541636693342106;-1.9055867057897;-5.42415638896564;26.6784057887472;0.00808332779901413;0.335545893343895
14546259144.4689;18.2157470854224;-0.00541080922108093;-2.12688995611862;-5.52658190764577;26.7025209632974;0.0106380080141816;0.462310550943975
14546259152.2678;18.2243646458222;-0.00540826603021366;-2.95665117360625;-6.48665655429842;26.7406392205805;0.00789162434557531;0.902659150601268
14546259205.9555;18.2257045178621;-0.00540790092172524;-4.60281127618136;-8.16745267066287;26.7911495271726;0.00730045542818664;1.75948764704864
14546259648.6965;18.2258805636052;-0.00540786796974605;-6.40052419794892;-10.1282682211455;26.84583083305;0.00502496251056783;2.69487917536318
14546263315.1164;18.2259052559623;-0.00540786478506504;-8.1716796557325;-12.06117626785;26.9030404367628;0.00346980247351363;3.6186813889478
14546288186.2829;18.2259094224316;-0.00540786478119185;-9.77592797327886;-15.8076277130811;26.96576173055;2.50676113629994e-05;4.46271257371694
14546391041.0777;18.2259104482545;-0.00540786497149068;-11.0011521236184;-14.7327884395989;27.0328440041185;-0.00501482084357134;5.12014571185999
14546738686.221;18.22591078178;-0.00540786510088676;-12.0180071503426;-15.4292150542735;27.1110040169559;-0.0105181097335516;5.68079654850026
14547749706.9642;18.2259109147299;-0.0054078651806895;-12.881072255611;-16.1027422456427;27.2023126979628;-0.0163281070341328;6.17333848718375
14550431587.1453;18.225910977733;-0.00540786523261143;-13.6290770328473;-16.7130885058425;27.311632456646;-0.0225079626777166;6.62038527523053
14557540472.0851;18.2259110130697;-0.0054078652704727;-14.303575556282;-17.2736063663959;27.4533965157292;-0.0294147575184595;7.05235783873519
14580219887.0585;18.2259110380277;-0.00540786530491174;-14.9584225974983;-17.8185807251405;27.6796761352318;-0.0381946800814837;7.53097607531759
14652613963.4747;18.2259110634019;-0.00540786534703053;-15.4553104622883;-18.2352272367902;28.0498476576666;-0.0465600815583594;8.02675655718788
14783122096.0722;18.2259110957205;-0.00540786540627511;-15.6061844808312;-18.3429889322985;28.4573891420171;-0.0521663680617822;8.37449658259667
14965287473.8959;18.2259111499348;-0.00540786550864742;-15.5263521543994;-18.2502833464829;28.8879238980776;-0.0545487922252694;8.62224265901247
15192983476.537;18.2259112677828;-0.00540786573113306;-15.2860332731742;-18.0100534114739;29.3498505850907;-0.0554096945865659;8.81071792520832
15444673589.5998;18.2259115782291;-0.00540786630419196;-14.9088796469632;-17.64266689059;29.8457512058841;-0.05509285398116;8.95347385540536
15710551342.009;18.2259126770425;-0.00540786814109572;-14.3837580669648;-17.1605955975157;30.4072250003231;-0.0508322410764678;9.06605365279268
15979034167.1036;18.2259183388483;-0.00540787602956426;-13.6759615358027;-16.5319238112448;31.0717469016266;-0.0432915758917262;9.15614446094554
16244265588.0218;18.2259842173664;-0.00540794310712059;-12.6048811503665;-15.5970477392802;31.9833599401518;-0.032565480965089;9.229685271648
16493464617.5648;18.2330923477934;-0.00541319053281856;-10.5447909586501;-13.6766000489015;33.5926258988784;-0.0247990396654365;9.27485421428226
16731967027.3968;18.308394514612;-0.00550380435685146;-9.50068529831905;-12.4202983128768;33.7752474098824;-0.0406429782138628;8.87482893585812
16960680188.4951;18.4014231464785;-0.00565839230074845;-9.39067452240585;-12.1701155355525;32.968984416694;-0.0547853645817815;8.28113662515675
17179612357.5714;18.4956987276586;-0.00587205677191001;-9.36591036148962;-12.0105772676304;32.5971595264524;-0.0738776124676938;8.020346692493
17387972942.4726;18.5932875825273;-0.00615848300634957;-9.32941534598109;-11.8618027744049;32.5193178329377;-0.0954451793287017;7.95012689095071
17589923381.6674;18.6958876111555;-0.00652811416089637;-9.29409732003984;-11.737476233177;32.4864960327376;-0.117037209407403;7.91058495371139
17784351572.9745;18.8021457507154;-0.00698218050941937;-9.26239702839627;-11.6316399191755;32.4597485456058;-0.138708239736958;7.87692018523773
17968787853.1346;18.909667894107;-0.00751082356740659;-9.23434844127601;-11.5426838209506;32.4361077060418;-0.159475272962806;7.84716365612472
18143377572.5955;19.0174390398751;-0.00810457877424666;-9.20951616705084;-11.4684112360062;32.4155002281577;-0.178590214529317;7.82104482219611
18308364119.9354;19.1246296890864;-0.00875229887558497;-9.1872916329085;-11.4060611590351;32.3973144637486;-0.195766999845124;7.79784764344279
18465160206.4206;19.2315339327818;-0.00944921394332876;-9.16634027340936;-11.3521553644713;32.3810542038944;-0.211094001548086;7.77657163044976
18612637548.3188;19.3374990181042;-0.0101844531265907;-9.14356250921336;-11.3022966574234;32.3652350369211;-0.224566317313027;7.75467343952656
18749293629.5629;19.4409248851884;-0.0109391756736529;-9.12099979217006;-11.2578416381419;32.3478302853346;-0.236049622334848;7.73181752790323
18875980673.0121;19.5398698323608;-0.0116901544482388;-9.10733857997694;-11.2271045385201;32.3319894461878;-0.245395429560583;7.71444923785336
18994396824.8411;19.6327439671407;-0.0124166484567419;-9.10551616282423;-11.2121789067406;32.3239354966237;-0.252849143899868;7.70819496756889
19107295422.2148;19.7215361074065;-0.013128619666649;-9.10431402193699;-11.2002261140265;32.3239012435564;-0.259186083457585;7.70760420845182
19213605827.6117;19.8097708092576;-0.0138515899809769;-9.08093635173333;-11.1674553090406;32.3231399384858;-0.264846711680567;7.69543707624533
19308929221.4742;19.9040209763011;-0.0146371076561712;-9.00491736782988;-11.0840435347359;32.3054330462801;-0.269246086863315;7.64562124909024
19380261426.6877;20.0067120706096;-0.0154983333786722;-8.84175286844987;-10.9181686577547;32.2548525551965;-0.270507475677938;7.53025201305291
19418773347.0909;20.1160856086095;-0.0164113095710486;-8.54668291448925;-10.6251357227163;32.1760768860381;-0.268584089883442;7.33007460369729
19430173266.7901;20.1915675916726;-0.0170378505201076;-8.17905849075494;-10.2599523315885;32.1321314000171;-0.266713926763553;7.11689111775985
19431856592.3608;20.2099315025853;-0.0171898894935388;-7.96220294341938;-10.0442131920819;32.1629693869158;-0.26628450068917;7.02906454821065
19431949903.1066;20.2110778100669;-0.0171993691055174;-7.91063053374457;-9.99314109962185;32.1899795574812;-0.266201277305729;7.02132400219502
19431957369.5613;20.211177085568;-0.0172001891587185;-7.87627234656928;-9.95927240610052;32.214626546198;-0.26610500410962;7.0206116020854
19431958010.1729;20.2111863044368;-0.01720026522086;-7.84191714705408;-9.92542623113632;32.2402353673521;-0.266004583262833;7.02054329751355
19431958073.0521;20.2111872899732;-0.0172002733421033;-7.80483419790874;-9.88888437907059;32.2679765711517;-0.265901968077336;7.02053580248002
19431958081.8147;20.2111874419658;-0.0172002745928333;-7.76081432089705;-9.84547299223558;32.3009185584896;-0.265800749627682;7.02053461766535
19431958085.089;20.2111875073531;-0.0172002751299693;-7.69962045980303;-9.78503014671192;32.3467137967019;-0.265717696568083;7.02053409803371
19431958087.135;20.2111875564138;-0.0172002755322042;-7.62018176977645;-9.70643510083952;32.4061625546172;-0.265689428782214;7.02053370044977
19431958088.6224;20.2111876013869;-0.0172002759001352;-7.51946880811948;-9.60665577860707;32.4815316581904;-0.265735471411366;7.02053333054343
19431958089.7695;20.2111876476815;-0.0172002762779922;-7.39406758071622;-9.48227039662287;32.5753757537128;-0.265880580345337;7.0205329461137
19431958090.7314;20.2111877040316;-0.0172002767367279;-7.2322382719038;-9.32157032351486;32.6964799881492;-0.266176033270421;7.02053248165201
19431958091.5558;20.211187782084;-0.0172002773703488;-7.02373677357285;-9.11429340553184;32.8525099829968;-0.266693188674177;7.02053185315378
19431958092.2791;20.2111879105516;-0.0172002784100752;-6.75052089093909;-8.84239537907263;33.0569667153772;-0.267539870406687;7.02053086839129
19431958092.9456;20.2111881964112;-0.0172002807158546;-6.36766235403436;-8.46099735543184;33.3434700476088;-0.268952628708941;7.02052889487313
19431958093.5596;20.2111891565393;-0.0172002884321313;-5.80585424482974;-7.90077564615948;33.7638795840821;-0.271350696961233;7.02052336156008
19431958094.1071;20.2111954755055;-0.0172003390251234;-4.93772949780977;-7.03428516553895;34.4134792390487;-0.275532552032792;7.02049643897185
19431958094.6191;20.2116009760207;-0.0172035727144024;-3.10125678000289;-5.19954990353932;35.7866168217712;-0.285382619290403;7.01973451858514
19431958095.0952;20.2731244361946;-0.0176921482691807;-0.888630430587717;-2.98873944961727;37.1450881117025;-0.294979865894227;6.82108807042695
19431958095.5419;20.4142038124727;-0.0188076112307843;-0.500631318909345;-2.60263969553663;35.7791472134633;-0.282892613841197;5.71440623017335
19431958095.9641;20.6178877130317;-0.0204107050536453;-0.316513663249154;-2.42051142573511;33.1653828110959;-0.261028093881624;3.87591072737638
19431958096.3707;20.8605858233741;-0.0223115827362189;-0.224069399043087;-2.33018162211274;29.6298291882473;-0.232068889877013;1.46734053475165
19431958096.7584;21.0903677458242;-0.0241021354749055;-0.227213148671504;-2.33554189009099;26.1726970032272;-0.203948133944749;-0.841021781232424
19431958097.1347;21.2568315468777;-0.0253922593556043;-0.354175722845984;-2.46486411571722;25.7529818485668;-0.199590161174811;-1.05798353327211
19431958097.498;21.4028315282317;-0.0265173021569305;-0.395963142936403;-2.50914689811868;25.7850052566345;-0.198693412677922;-1.01569872843056
19431958097.8493;21.5332022173262;-0.0275158318865191;-0.430520884905638;-2.54633984616214;25.8186623633116;-0.197749218992687;-0.975937450645159
19431958098.1901;21.6517278634942;-0.0284178299690649;-0.458635356907553;-2.57724207422853;25.83937685768;-0.19664156352091;-0.948045893579044
19431958098.5232;21.7621307132685;-0.0292522858111822;-0.479553730720492;-2.60113065493674;25.8568477318257;-0.195433339743284;-0.925919995902063
19431958098.8464;21.864959836252;-0.0300239039796372;-0.497360649680213;-2.62207433650551;25.8715489395263;-0.194137192155291;-0.907200704200895
19431958099.1628;21.9617685325732;-0.0307447846929164;-0.51443538915456;-2.64248635447382;25.8837923697306;-0.192742257823166;-0.89049004552517
19431958099.4745;22.0525681203678;-0.0314153959861547;-0.535555729775975;-2.66716874395628;25.8960351014817;-0.191258286639199;-0.871757430676659
19431958099.7793;22.1360567351028;-0.0320266871823981;-0.562406778703205;-2.69778589272113;25.9114804289637;-0.189719998566607;-0.848019917525678
19431958100.0778;22.212024553747;-0.0325778436513706;-0.594309217981417;-2.73366396500956;25.9301817734172;-0.188126863205007;-0.819581465697602
19431958100.3718;22.2810194970092;-0.0330735741089643;-0.629516904916155;-2.77308856405474;25.951885359823;-0.186464969700151;-0.787484756655102
19431958100.6614;22.3432940279076;-0.0335164371151066;-0.667482930406695;-2.81552399147415;25.9751195181348;-0.184721094623152;-0.752986559972171
19431958100.9465;22.3990970209804;-0.0339089789528752;-0.708338245437836;-2.86110978761744;25.9997167729292;-0.182892996262834;-0.71613329253771
19431958101.2283;22.4491652399745;-0.0342571222319933;-0.750489479018028;-2.90829360658109;26.0258659316407;-0.180967697460872;-0.67759553755691
19431958101.506;22.4940592317319;-0.0345654694654613;-0.791373405927723;-2.95452157218675;26.0527480701874;-0.178939151481136;-0.639202065826366
19431958101.7804;22.5347059628489;-0.034841004496537;-0.82936866403584;-2.99821746643681;26.0793565626808;-0.176786081524103;-0.60243619310399
19431958102.0528;22.57196071259;-0.0350900127027984;-0.863970556857041;-3.03893854737817;26.1048456347037;-0.174483007707672;-0.568115446638113
19431958102.3203;22.6060029076436;-0.0353141618845397;-0.895228683801709;-3.07670908178006;26.128317591613;-0.17204063954236;-0.536814731735798
19431958102.5881;22.6378397851878;-0.0355203957401926;-0.924953325991392;-3.11352383175748;26.1499871771212;-0.169395151057572;-0.507485679262511
19431958102.8525;22.667231321109;-0.0357074718104484;-0.954071289391734;-3.15027533261099;26.169763729401;-0.166569605996614;-0.47972532355116
19431958103.1159;22.694568962327;-0.0358781742335268;-0.983787240134056;-3.1883085937601;26.1883997699765;-0.163526299201251;-0.452428665673072
19431958103.3759;22.7197404121387;-0.0360321207653698;-1.0141706237968;-3.22770894490226;26.2063552434805;-0.160275928965877;-0.425253585606107
19431958103.6349;22.7430683066278;-0.0361715773714186;-1.0452943782936;-3.26873082905934;26.2242429572859;-0.156771281725341;-0.397754312464181
19431958103.8928;22.7646826314614;-0.0362975802049219;-1.07671006895471;-3.31107143150897;26.2423105599189;-0.152982131696817;-0.369989648828047
19431958104.1481;22.7846063879164;-0.0364105502692718;-1.1076642548277;-3.35407210303277;26.2604944157904;-0.148900120853624;-0.342378780468677
19431958104.4018;22.803080499748;-0.0365121156336266;-1.13775080758115;-3.39756874500397;26.278785871834;-0.144473222106677;-0.315130650021184
19431958104.6567;22.8204435803933;-0.0366042874934109;-1.16685674163592;-3.44188517353581;26.2972549619277;-0.139598896450829;-0.288255200620674
19431958104.913;22.8368160964493;-0.0366877845038951;-1.19461051034316;-3.48705500900155;26.315746931817;-0.134205774479286;-0.262041676251269
19431958105.1656;22.8520296152834;-0.0367619237381637;-1.22023925261567;-3.5324208328957;26.3337518427587;-0.128330875869761;-0.237216884957454
19431958105.4157;22.8662948895847;-0.0368279050723105;-1.24375264712241;-3.57861168131385;26.3512237790113;-0.121882612602354;-0.213806731950421
19431958105.6634;22.8797503727077;-0.0368864713285005;-1.26513993761114;-3.62639177053592;26.3680853912402;-0.114769572385677;-0.191868260092434
19431958105.9114;22.8926263238243;-0.0369385953295096;-1.28460079686944;-3.67734237157201;26.3844218302335;-0.106808547007278;-0.171244875239535
19431958106.1586;22.9049589645128;-0.0369843218912583;-1.30207282432547;-3.73296035550837;26.4001009416231;-0.0978854307339133;-0.152055848041328
19431958106.4039;22.9167633752123;-0.0370235963474302;-1.31753217092085;-3.79546630186694;26.4149906048086;-0.0878853182250863;-0.134400987721176
19431958106.6497;22.9282271755068;-0.0370567780916816;-1.33121959758022;-3.86964899772291;26.4291999400056;-0.0764987988842489;-0.118086792848032
19431958106.893;22.9392696191336;-0.0370833457242951;-1.34307259284437;-3.96178492658704;26.4425173511536;-0.0636195311573045;-0.103284884273795
19431958107.1323;22.9498814144879;-0.0371030321592354;-1.35318803686693;-4.08480982708756;26.4548508178753;-0.0490776237280971;-0.0900070779195176
19431958107.3656;22.9600245977336;-0.0371155831686208;-1.36168937000659;-4.26918498714711;26.4661067381497;-0.0327487284829914;-0.0782524915372207
19431958107.5924;22.9697301982908;-0.0371208626796697;-1.36879402104632;-4.63322273150581;26.476299645622;-0.0144021913625782;-0.0679006084174088
19431958107.8125;22.9790177124555;-0.0371186855908409;-1.37471382118672;-5.00473716097737;26.4854523560537;0.0062084623967387;-0.0588274722473584
19431958108.0254;22.9878969601817;-0.0371088517794272;-1.37964805110182;-4.33530234841766;26.4935975217772;0.029341792202779;-0.0509079599399468
19431958108.2302;22.9963620040957;-0.0370912067390273;-1.38377279742404;-4.0647793558069;26.5007726763836;0.0552397848437065;-0.0440242684163754
19431958108.4261;23.0043936737234;-0.0370657215023706;-1.38723697557518;-3.8857541407891;26.5070236126438;0.0841092576196337;-0.0380655742421448
19431958108.612;23.0119652927606;-0.0370325669923467;-1.39016575873825;-3.7488118991927;26.5124022491483;0.116092172863584;-0.0329277968252695
19431958108.7869;23.0190455586314;-0.0369921843564331;-1.39266459487567;-3.63651949761404;26.5169630626299;0.15124077039568;-0.0285141934749751
19431958108.9512;23.02566260792;-0.0369448040297376;-1.39483947548946;-3.53990579415399;26.5207956521829;0.189897929941505;-0.024701988481407
19431958109.107;23.031913938624;-0.0368898695432091;-1.39679659476717;-3.45292399952699;26.5240051049657;0.233083589735445;-0.0213518562783562
19431958109.2587;23.0379701764586;-0.0368251991036006;-1.39864891383116;-3.37014602269344;26.5266852837448;0.283260407782574;-0.018312740665117
19431958109.4151;23.0441886657524;-0.0367438523117156;-1.40055904381866;-3.28390350465095;26.5289053391323;0.347036271932476;-0.0153744740103782
19431958109.5839;23.0508667119149;-0.0366333561757356;-1.40268467622315;-3.18398700192328;26.5304414531795;0.438977388754054;-0.012386652706517
19431958109.7696;23.0581718013734;-0.0364791569179737;-1.40516726571781;-3.08071052116628;26.5310033854091;0.560028874797667;-0.00926613649063265
19431958109.965;23.0658086945104;-0.0362862488355283;-1.40799141753302;-3.00555770704396;26.5310958677965;0.670176043738561;-0.00610740789041038
19431958110.1674;23.0736640875988;-0.0360710854871033;-1.41118215862144;-2.97358178662621;26.5320395229525;0.726726517702776;-0.00289959961684779
19431958110.3765;23.0817095108062;-0.0358537064114449;-1.41480267959943;-2.983133835797;26.5345559311909;0.716936460965738;0.000415673479765767
19431958110.5924;23.0899389706415;-0.0356571012613753;-1.41893587038591;-3.04071231035777;26.5387839524761;0.634022366726828;0.00391387443605704
19431958110.8111;23.0981856253718;-0.0355108131562045;-1.42357935828094;-3.17464815559608;26.54418458095;0.47086953348468;0.00760254032458416
19431958111.0326;23.106436999845;-0.0354285814992385;-1.42881081233473;-3.43029806817275;26.5489990940661;0.264582366654823;0.0115490721027243
19431958111.2574;23.1146997523891;-0.0353894041062048;-1.43470861937434;-3.75879783238793;26.5519955035329;0.125894846556478;0.0158269155346505
19431958111.4856;23.1229582321946;-0.0353607190070783;-1.44129746162561;-3.90054121776325;26.5541879173459;0.092233622963497;0.0204949289723044
19431958111.7147;23.1311166642315;-0.0353331279969172;-1.44852546933503;-3.91936456822365;26.5563585978161;0.0898109779674934;0.0255537742547012
19431958111.9449;23.1391619438307;-0.0353054862147351;-1.45640186807857;-3.92037696949924;26.5586662817904;0.0912496401593633;0.0310370698000508
19431958112.1766;23.1471058073041;-0.035277325227688;-1.46496029074012;-3.91534418949511;26.5611608693469;0.0941592853026589;0.0369897207945993
19431958112.41;23.1549399145417;-0.0352487688116053;-1.47421489170719;-3.91250070257821;26.5638782107996;0.0968290496869474;0.0434389232575557
19431958112.6446;23.1626324494232;-0.0352203071418884;-1.48414565412969;-3.91595475376721;26.5668363332745;0.0982948446492559;0.0503842999759885
19431958112.8793;23.1701459850577;-0.0351925777544524;-1.49470970085562;-3.92761377555904;26.5700395587216;0.0980591504395165;0.05780595449605
19431958113.1148;23.1774922626527;-0.035166055799429;-1.50592419545249;-3.94838599629382;26.5735046051715;0.0959371987839699;0.0657232293105618
19431958113.3513;23.1846703149017;-0.0351412242845301;-1.5177891106948;-3.97879251052077;26.5772386704033;0.0919404143516493;0.0741412460981108
19431958113.5886;23.1916686567324;-0.0351185199372765;-1.53028323917346;-4.01916937022855;26.5812385251841;0.0862360948502238;0.0830481615935444
19431958113.8261;23.1984655859724;-0.0350982903189796;-1.54335644570728;-4.06968150604371;26.5854884426657;0.0791260677345324;0.0924097194064769
19431958114.0637;23.2050571179131;-0.0350806977642366;-1.55698267637841;-4.13064012615932;26.5899781857474;0.0709676674650797;0.102207426125058
19431958114.302;23.2114514950284;-0.035065767903039;-1.5711595023084;-4.20290197786631;26.5947032091075;0.0620944339597868;0.112438180436121
19431958114.5418;23.2176749595866;-0.035053414603075;-1.58594729710123;-4.28819653061702;26.5996649628267;0.0527991502408791;0.12313399272442
19431958114.7883;23.2238427400312;-0.0350433990275898;-1.60168468436618;-4.39113768154935;26.6049392401707;0.0432025393309469;0.134515236383073
19431958115.0439;23.229992848854;-0.0350356552489162;-1.61860670388203;-4.51853657250403;26.6105465859125;0.0335061035636138;0.146713539620136
19431958115.3098;23.2361287855833;-0.0350301299819424;-1.63691789597685;-4.68244550129597;26.6164759142462;0.0239675116965611;0.159823988955586
19431958115.5884;23.2422659924715;-0.035026718914075;-1.65691329965665;-4.91199370315683;26.6227352637887;0.0147969521726507;0.173999438080471
19431958115.8828;23.2484307444663;-0.0350252711197787;-1.67902110639077;-5.30822985483163;26.6293480827454;0.00625391229071273;0.189469436475869
19431958116.1999;23.2547003246381;-0.0350256132494527;-1.70401596671475;-5.96706368344459;26.6364161672036;-0.00145354363918042;0.206688915950395
19431958116.5492;23.2611590461959;-0.0350275476256299;-1.73303352958868;-5.25663915663501;26.6440656458312;-0.00797985257448793;0.226309423518465
19431958116.9579;23.2681143925817;-0.0350309425172387;-1.76906052736575;-5.08055337789469;26.6527418520351;-0.0130091536274633;0.250121196027926
19431958117.484;23.2760985376289;-0.0350357388577334;-1.81882741837968;-5.04014583020383;26.6633191215328;-0.0160175393195012;0.282072874983262
19431958118.353;23.2868082139415;-0.0350422131626165;-1.90924507862534;-5.12782827660282;26.6789019682862;-0.0161281574013095;0.337693353966836
19431958120.1861;23.3005272539469;-0.0350491691101889;-2.12586680333288;-5.42083422583038;26.7028846004519;-0.0135391299420711;0.462027148699654
19431958127.7277;23.3093098944974;-0.0350544793943295;-2.93383834361567;-6.15234569248522;26.740531522863;-0.0161682377457631;0.891167574091296
19431958179.1255;23.3107087503782;-0.0350553611126316;-4.565171367529;-7.76561448481206;26.7907398743762;-0.0168865756643005;1.74038116863108
19431958603.5884;23.3108923548389;-0.0350554921017601;-6.36395652634035;-9.5106045018451;26.8453942152667;-0.0191523385625405;2.67629214460884
19431962111.0145;23.310918111533;-0.0350555119628648;-8.13409841537893;-11.2469851343326;26.9024439204316;-0.0207445976441922;3.59948166787616
19431986235.1718;23.3109224162344;-0.0350555158270516;-9.74850912354539;-12.7953940346164;26.965197043617;-0.0242057580020116;4.44861736098963
19432086255.9562;23.3109234703627;-0.0350555169681208;-10.9771967741282;-13.9427782940499;27.0319722882831;-0.0292614749701759;5.10758008527321
19432426494.1178;23.3109238114391;-0.0350555174061263;-11.9989313146739;-14.8903034721088;27.109965020392;-0.0348142304509692;5.67056217381239
19433416069.2969;23.3109239468491;-0.0350555176085573;-12.8637982061775;-15.6891716957926;27.2008576177631;-0.0406639073829208;6.1637304220697
19436051675.0485;23.3109240108278;-0.0350555177184329;-13.6148447009371;-16.3799791791081;27.3098686395757;-0.0469013272638454;6.61209542265567
19443020619.0566;23.3109240465541;-0.0350555177885196;-14.2901789490375;-16.9975316562057;27.450676278953;-0.0538518144947545;7.04385082667065
19465236652.9474;23.310924071658;-0.0350555178454031;-14.9469247902832;-17.5916802418626;27.6750694029983;-0.0627094897548863;7.52216305100216
19536903175.918;23.310924097064;-0.0350555179099907;-15.4503815379385;-18.0451671536521;28.0448346802526;-0.0712963453586459;8.02096136291471
19666450083.2855;23.310924129207;-0.0350555179970643;-15.6053399410709;-18.1725401983897;28.4514493989397;-0.0770733326339815;8.37012740812418
19848223563.5052;23.3109241831237;-0.0350555181457925;-15.5278076501197;-18.0871373081087;28.8825004112178;-0.0796718919188287;8.61936963554457
20074998270.3459;23.3109242993621;-0.0350555184656514;-15.2902448582915;-17.8506361865327;29.3429507800456;-0.0807444084026591;8.8082368259529
20326306711.2606;23.3109246050345;-0.0350555192920271;-14.9149507649493;-17.4830295347082;29.8382255773207;-0.0806666874474244;8.95150399306658
20592437099.9526;23.310925685854;-0.0350555220208277;-14.3913413238853;-16.989122656938;30.3993876277127;-0.0767509044698162;9.06462907129752
20860584594.0745;23.3109311846906;-0.0350555343969077;-13.68810292273;-16.335790636827;31.0607528123345;-0.0699075791886201;9.15488591409882
21123499867.8642;23.3109914593338;-0.0350556470360691;-12.6396811685352;-15.3681264082461;31.9548451128436;-0.059716105567987;9.22804351754783
21374552392.9648;23.3175518883251;-0.0350659991212191;-10.5828323547533;-13.3847367583054;33.5644299936245;-0.0529632799578601;9.27504182069137
21614828771.4184;23.3931976105561;-0.0352182431779304;-9.50192670377521;-12.198170729766;33.7843610750596;-0.0679941711411301;8.88155224205212
21843822874.0871;23.4862076998783;-0.0354465696855085;-9.39129423656066;-12.0012679641521;32.975028451714;-0.0809489931526013;8.28550465035945
22063248230.7066;23.5806304529011;-0.0357349378653456;-9.36621015414157;-11.8813394766619;32.598038672302;-0.0995547871382098;8.02111342199587
22271895876.3513;23.6783120958924;-0.036097638534984;-9.32960053277855;-11.7598651311479;32.5194682083165;-0.120747691523712;7.95035984481299
22473876352.8815;23.7808819064997;-0.0365459546952774;-9.29428983888852;-11.6537249984843;32.4865826544452;-0.141993632536331;7.91078915456157
22668641422.9297;23.8872884510684;-0.0370816292097348;-9.26254273120353;-11.560610086772;32.4597706798941;-0.163409797478495;7.87706811645463
22853000605.3113;23.9947271005918;-0.0376907894469106;-9.2345042326716;-11.4809332262996;32.4361236654727;-0.183907717313732;7.84732201129496
23027591071.9819;24.1024585465688;-0.0383647408054532;-9.20967803681425;-11.4133919727271;32.4155026099933;-0.202786399307277;7.82120574985379
23192841232.5379;24.2097856981485;-0.0390928175389712;-9.18743228660664;-11.3559647371935;32.3972832649213;-0.219773913937098;7.79798321442727
23349773393.8722;24.3167488834721;-0.0398687949693158;-9.16647762849697;-11.3058628662808;32.3810104508364;-0.234911976541912;7.77670382362273
23497373992.4296;24.4227743708929;-0.0406818971373133;-9.14367784098711;-11.2589429996257;32.3651785485816;-0.248206327418694;7.75479181910174
23634131685.7168;24.5262577149024;-0.0415121364384664;-9.1210813126076;-11.2167484790879;32.3477448400743;-0.259523591230665;7.73190438487015
23760894477.0155;24.6252397534046;-0.0423347930729416;-9.10743540000834;-11.1877731892177;32.3318786696841;-0.268715767983075;7.71453052089622
23879375707.1593;24.7181233230255;-0.0431279693339892;-9.10571065716408;-11.1742798469057;32.3238451162922;-0.276028437716809;7.7083415049489
23992402163.6213;24.8069473903857;-0.0439035410040477;-9.10464945591681;-11.1635581752067;32.3238888278272;-0.282237609535874;7.70787557293058
24098890184.961;24.8952549520103;-0.0446897616098182;-9.08130286439948;-11.131756335559;32.323224751315;-0.287780399287538;7.69579091914532
24194344408.5746;24.9896276178631;-0.0455429446322498;-9.00494892637693;-11.0487529448156;32.3055190661814;-0.292060419709747;7.64580984333784
24265673407.7508;25.0925597828002;-0.0464786168504589;-8.84071502319816;-10.8821423957535;32.2547262553895;-0.293201365011251;7.52976411995397
24303976102.0361;25.2020068856826;-0.0474691065597856;-8.54402505408154;-10.5873793563493;32.1759262560805;-0.291190200611668;7.32875934275556
24315206429.3899;25.276716611218;-0.0481417568028269;-8.17701527481008;-10.2226031122847;32.1330942371544;-0.289310842643335;7.11662635842865
24316838706.1747;25.2944165098742;-0.0483007471752397;-7.96482302413313;-10.0114229772558;32.1641710606698;-0.288916543230922;7.03129089540488
24316929885.5959;25.2955278648055;-0.0483107194128862;-7.91404405023952;-9.96110421160598;32.190936810297;-0.288850719856473;7.02378372236513
24316937202.9671;25.2956243318628;-0.04831158411742;-7.87997605751064;-9.92748735226348;32.2153974592132;-0.288770083934373;7.02309187250748
24316937833.0484;25.2956333193625;-0.0483116645916055;-7.84575769286426;-9.89373998936453;32.2409066206214;-0.288685485656549;7.02302534635007
24316937894.4974;25.2956342737455;-0.0483116731273074;-7.80879214541259;-9.8572756175604;32.2685604149722;-0.288599861722825;7.02301809527916
24316937903.0843;25.2956344212985;-0.0483116744452649;-7.76488524482034;-9.8139318546496;32.3014179892948;-0.288519371767479;7.02301694596576
24316937906.3289;25.2956344854437;-0.0483116750173017;-7.70399763494498;-9.75373748374358;32.3469841237427;-0.288465544427493;7.02301643645216
24316937908.3649;25.2956345337202;-0.0483116754470541;-7.6250557587327;-9.67557402504542;32.4060611298558;-0.288474866202266;7.0230160453653
24316937909.8365;25.2956345775568;-0.0483116758365146;-7.52594581147182;-9.57731832088215;32.4802306065668;-0.288566953590572;7.02301568448556
24316937910.9891;25.2956346233502;-0.0483116762424786;-7.40085394021054;-9.45316932455207;32.5738431283158;-0.288771026190031;7.02301530451962
24316937911.9444;25.2956346781325;-0.0483116767269747;-7.24150211619609;-9.29485263853972;32.6930931832126;-0.28913821127467;7.02301485208788
24316937912.7685;25.2956347541033;-0.0483116773971181;-7.03534949872944;-9.08982851747456;32.8473651080296;-0.289748715321795;7.02301423925462
24316937913.4935;25.2956348787351;-0.0483116784934244;-6.76474038914415;-8.82043718842152;33.0498705812111;-0.290718697299474;7.02301328183092
24316937914.1568;25.2956351493708;-0.048311680866707;-6.38930963595859;-8.44634526670341;33.3308146547694;-0.292287537138124;7.02301139934531
24316937914.7706;25.2956360392627;-0.0483116886442528;-5.83867078559551;-7.89716544549345;33.7428648308441;-0.294908501446773;7.02300621602231
24316937915.3155;25.2956414930695;-0.0483117361460529;-4.99960104668916;-7.0595907309261;34.3707237120057;-0.299363599811831;7.02298236781394
24316937915.834;25.2959499563659;-0.048314412826863;-3.22552716751471;-5.28713407747753;35.6974033350963;-0.309763124511803;7.02238390315399
24316937916.3172;25.3549699884475;-0.0488245610923842;-0.913209828922589;-2.97651285574594;37.1591638344801;-0.32119065865885;6.84290971237907
24316937916.7628;25.4933338685114;-0.0500157391995408;-0.507857878403988;-2.57290390775042;35.8522168770177;-0.308652632588952;5.766963559181
24316937917.1919;25.6996175185901;-0.0517840451050249;-0.318120769476342;-2.38502817957457;33.2232989264995;-0.284796956370441;3.91552237917408
24316937917.606;25.9471986244893;-0.053896685422904;-0.223364405504956;-2.2922563403638;29.62442590671;-0.252788904618646;1.46347360041001
24316937917.9974;26.1786346526944;-0.0558621956119961;-0.22817223836496;-2.29912790639418;26.1472462769994;-0.222059976455321;-0.857463869375374
24316937918.3757;26.345925564905;-0.0572758001735477;-0.354381179655273;-2.42752559103881;25.7535576797149;-0.217617001014428;-1.0574144415088
24316937918.7411;26.4924130528208;-0.0585070349164253;-0.396979719867699;-2.47243938942625;25.7854420463328;-0.216727944206042;-1.01481746195286
24316937919.0935;26.6230565470454;-0.0595989513472041;-0.430983155295942;-2.50888154178005;25.8188786307111;-0.215793813296844;-0.975481176212127
24316937919.4368;26.742318546573;-0.0605898126822033;-0.459200501104983;-2.53968970561419;25.8398606152087;-0.214684634559105;-0.947360059978625
24316937919.769;26.8522926988142;-0.0614977794342938;-0.480077900882268;-2.56329857786865;25.8571033149454;-0.213480982911935;-0.925407692265968
24316937920.094;26.9555580974692;-0.0623446692944625;-0.497893870324685;-2.58402176321254;25.8718157195732;-0.212177347712055;-0.906677084123049
24316937920.4098;27.0520339360602;-0.0631303065128064;-0.515056116990043;-2.60425262994753;25.8840377931266;-0.210782966474371;-0.889937622698394
24316937920.7204;27.1423251360331;-0.0638600699930268;-0.536455063732453;-2.62891836254244;25.8963646935634;-0.209303024320095;-0.871010173415451
24316937921.0247;27.2254603934578;-0.0645266681190524;-0.563547088974479;-2.65946824645638;25.9119797965282;-0.207768372998962;-0.847039482514279
24316937921.3228;27.3011055598766;-0.0651281346578987;-0.595657889582811;-2.69522760083132;25.9308442674895;-0.206180194839875;-0.818388631556962
24316937921.6159;27.3696687370177;-0.0656684692243783;-0.630911282322369;-2.73433946515264;25.9526084954771;-0.204528028675842;-0.786229340099573
24316937921.9057;27.4317598941525;-0.0661532000440049;-0.669089600626138;-2.77661872064802;25.975943516995;-0.202787980971989;-0.751558467067983
24316937922.1915;27.4874502080286;-0.0665836347108669;-0.710185422801628;-2.82205784662994;26.0006991092353;-0.200961378744415;-0.714480069890541
24316937922.4713;27.5369655606241;-0.0669623360994461;-0.752067029313086;-2.86851000774634;26.026737078031;-0.199056675454967;-0.676152282165159
24316937922.7487;27.581670736438;-0.0673004286322234;-0.792875567579213;-2.91419779586583;26.053634772667;-0.197036231442432;-0.637787088535541
24316937923.0218;27.6220037708577;-0.067601841652833;-0.830603009460746;-2.95710189717135;26.0801087516975;-0.194899403672122;-0.601245988080636
24316937923.2948;27.6592406867479;-0.0678765580240028;-0.865205255077487;-2.99729441777879;26.1056258514869;-0.192594972746157;-0.566907481799271
24316937923.5658;27.6936044802539;-0.0681265941241541;-0.896806906246782;-3.03490529038682;26.1293427239359;-0.190121004919703;-0.535272712742846
24316937923.8321;27.7251611727606;-0.0683528391602529;-0.926354664666011;-3.07086708328617;26.1508218167097;-0.187487761104201;-0.506160591852579
24316937924.0957;27.7543734135173;-0.0685589692823437;-0.955429815585816;-3.10685322637408;26.17049757286;-0.184666691775067;-0.478490315615971
24316937924.3582;27.7815380869887;-0.0687473637036815;-0.985113458317336;-3.14404990886285;26.1890595353354;-0.181628272533338;-0.451260726655819
24316937924.6189;27.8066813290158;-0.0689184872553728;-1.0156311549504;-3.18274264534053;26.2070654321812;-0.178363876516634;-0.423986398016143
24316937924.877;27.8298567714596;-0.0690730169859114;-1.04669984494513;-3.2227158316828;26.2249153030891;-0.174863073489266;-0.396541570722171
24316937925.1343;27.8513558888359;-0.069213166138738;-1.07807290831783;-3.26390306221427;26.2429688083167;-0.171073527427223;-0.368809415914243
24316937925.389;27.8711728865231;-0.069339180192528;-1.1089580628537;-3.3055769387856;26.2611319413659;-0.166991576892036;-0.341248814099829
24316937925.6419;27.8895424757256;-0.0694528162788562;-1.13894621104144;-3.34752938733304;26.2793876236852;-0.162566877665659;-0.314075838456084
24316937925.8947;27.9067223693995;-0.0695558545416348;-1.16778934279124;-3.38981128656532;26.2977126885526;-0.157723364411271;-0.28743015728241
24316937926.1496;27.9229751385117;-0.0696499462223988;-1.19537418401482;-3.43275032337808;26.3161103935735;-0.152351088052419;-0.261366496180796
24316937926.4022;27.938159875627;-0.0697344023253633;-1.22098294760188;-3.47575918721242;26.334117668143;-0.146467926074044;-0.236552860277545
24316937926.6515;27.9523644146232;-0.0698098822534561;-1.24441806319991;-3.51901372884409;26.3515471132644;-0.140026570504667;-0.213213181618183
24316937926.8988;27.9657744864995;-0.0698774791621514;-1.26575139893176;-3.56325566907363;26.3683803036853;-0.13291658779133;-0.191323933728705
24316937927.1459;27.9785898330932;-0.0699381797204215;-1.28513714344279;-3.60967481435597;26.3846660179583;-0.124972348219258;-0.170775592283662
24316937927.3923;27.9908665851909;-0.069992154986364;-1.30254860010705;-3.65943729557325;26.4003005076889;-0.116070050900123;-0.151650685517365
24316937927.638;28.0026810593066;-0.0700395819347646;-1.31803943611476;-3.71442864958239;26.4152306122197;-0.106038894915001;-0.133957712123914
24316937927.8828;28.0140861493684;-0.0700804423730866;-1.33167309415413;-3.77746879211573;26.4293946666;-0.0946872532189417;-0.117705757480745
24316937928.1264;28.0251300964364;-0.0701145989157222;-1.34354427312495;-3.85319468513223;26.4427430297314;-0.0817816921916742;-0.102879995790222
24316937928.3659;28.0357377633946;-0.0701415503425598;-1.35366843105494;-3.94870654492826;26.4551004769818;-0.06721578908873;-0.0895884536724752
24316937928.5995;28.045885169881;-0.0701610441173385;-1.36218275030988;-4.07864186393326;26.4663898316266;-0.0508435178263016;-0.0778124863002647
24316937928.8268;28.0555956758898;-0.0701729426367942;-1.36929684724988;-4.28104578350738;26.476615757908;-0.0324424419728104;-0.0674421447667736
24316937929.0473;28.0648890238829;-0.0701770701480552;-1.3752232303663;-4.72770716333737;26.4858010242479;-0.0117633001653744;-0.0583532534140964
24316937929.2605;28.0737746225334;-0.0701732281415587;-1.38016188501136;-4.74429048303541;26.4939781302497;0.0114556193788896;-0.0504205201862882
24316937929.4658;28.0822478502695;-0.0701612495177828;-1.38429033241684;-4.23393228674465;26.5011856645183;0.0374647941232273;-0.043524773522106
24316937929.6622;28.0902914348936;-0.0701410752092406;-1.38775863750415;-3.98840961419469;26.5074702444619;0.0664840252672237;-0.0375540613278769
24316937929.8487;28.0978763971308;-0.0701128503098241;-1.39069115854604;-3.82001217855293;26.5128820947987;0.0986588208298451;-0.0324057788693132
24316937930.0242;28.1049733328736;-0.0700769699950552;-1.39319424003685;-3.68940886874323;26.5174772965918;0.134065668164327;-0.0279814596726597
24316937930.189;28.111604077471;-0.070033710395412;-1.39537147152659;-3.58085127579905;26.5213414088813;0.17302771875697;-0.0241622213994782
24316937930.3452;28.1178609069272;-0.0699826297610155;-1.39732784905995;-3.485425884184;26.5245786352245;0.216546145820535;-0.0208102334694571
24316937930.4969;28.123912848059;-0.0699216979176398;-1.3991755714463;-3.39622594929932;26.5272843531539;0.267080644075322;-0.0177746172979933
24316937930.6526;28.1300961498495;-0.0698445354808403;-1.40107007554117;-3.30488458505106;26.5295252669904;0.331066295338172;-0.0148541674606273
24316937930.8207;28.1367387423636;-0.0697385653040622;-1.40317681591345;-3.20033076881858;26.5311007635491;0.423254238767974;-0.0118834100911899
24316937931.0054;28.1439977937424;-0.0695897891583873;-1.40563189997632;-3.09397846697592;26.5317324790458;0.543774756552794;-0.0087845677259924
24316937931.2003;28.1516073211105;-0.0694024555510425;-1.40842979673179;-3.01717178398135;26.5319076294364;0.653170390952472;-0.00564050634328135
24316937931.4023;28.1594348107047;-0.0691932885233638;-1.41158870073996;-2.98471797467879;26.5329037103567;0.709015136713411;-0.0024499645339733
24316937931.6106;28.1674450251948;-0.0689822860641343;-1.41516762848064;-2.99452425683114;26.5354151462027;0.698987256769857;0.00084140024214652
24316937931.8258;28.1756408957536;-0.0687919249599115;-1.41925188147823;-3.05326875691397;26.5395741397899;0.616420501346437;0.00431141304933308
24316937932.0443;28.1838730796153;-0.0686511869488973;-1.42384944911361;-3.19095310167393;26.5448552774295;0.45381276671963;0.00797491370363212
24316937932.2654;28.1921081424325;-0.0685743095373635;-1.4290264279034;-3.45889459203868;26.5495289630139;0.247849847586911;0.0118896371408835
24316937932.4897;28.2003474999847;-0.0685406363750897;-1.43485541379637;-3.82346486030422;26.5524303864589;0.108516263737616;0.0161255577117535
24316937932.7176;28.2085967587026;-0.0685175981686162;-1.44137579467569;-3.99534205287953;26.5545919658544;0.074160623814806;0.0207519968216225
24316937932.9467;28.2167515146504;-0.0684955654843764;-1.44853319178202;-4.01687674953576;26.5567478509161;0.0717515574446741;0.0257667667462629
24316937933.1766;28.2247919649873;-0.0684733999647976;-1.45633133350357;-4.01593379130439;26.5590390030622;0.0732166575691583;0.0311992937070748
24316937933.4081;28.2327295445615;-0.0684506353271014;-1.46480324354729;-4.00723059285767;26.5615133812639;0.0761772808864988;0.0370939817586349
24316937933.6413;28.2405607915643;-0.06842737010209;-1.47396879664484;-4.00109246156176;26.5642072977105;0.0789174776145803;0.0434819581363913
24316937933.8758;28.2482561089389;-0.0684040619926734;-1.48381196519378;-4.00253145299345;26.5671393422508;0.0804683888302893;0.0503656362571203
24316937934.1104;28.2557752280737;-0.0683813306195395;-1.49428826016402;-4.01382955517345;26.5703131374603;0.0803258588384968;0.0577240461618058
24316937934.3457;28.263123593727;-0.0683596777779067;-1.50540664336321;-4.03608250243528;26.5737428779144;0.0783027237995659;0.0655708075228332
24316937934.582;28.270305428766;-0.0683395713734797;-1.51717481844628;-4.07007583010197;26.5774382915619;0.0744067108227769;0.0739165710667768
24316937934.8192;28.2773119976185;-0.0683214369599309;-1.5295774628575;-4.11657934152966;26.5813983920643;0.0687980210138749;0.0827538349455565
24316937935.0567;28.2841223607123;-0.0683056131572229;-1.54256867687353;-4.17642808429006;26.5856093454176;0.0617713668651514;0.0920515738581377
24316937935.2942;28.290722382045;-0.068292285657299;-1.55610292811545;-4.25089957867901;26.5900550407562;0.05369360774248;0.10177748735879
24316937935.5322;28.2971263348085;-0.0682814757775115;-1.57018958798919;-4.3428168434703;26.5947353377725;0.0448919444908388;0.111937163098102
24316937935.772;28.3033618701914;-0.0682731175981573;-1.58489161214331;-4.45765367384486;26.5996538981112;0.0356544649958486;0.122565253362936
24316937936.0181;28.3095373920793;-0.0682670558862774;-1.60052788700879;-4.60860626232282;26.6048805213324;0.0261145735126591;0.133868222811582
24316937936.2732;28.315692679774;-0.0682632462024209;-1.61733262243877;-4.82569204127114;26.6104369710626;0.0164699616280249;0.145978011694654
24316937936.5386;28.3218369326262;-0.0682616372122105;-1.63552535309391;-5.21744103110328;26.6163178211546;0.00696999225835361;0.159000878163414
24316937936.8165;28.3279807855909;-0.068262137942411;-1.65538323925305;-5.74422026707449;26.6225267100572;-0.00216976272278285;0.173077717577674
24316937937.1102;28.3341556200074;-0.06826461877054;-1.67734804727887;-5.07337668585511;26.6290923748882;-0.010698619097758;0.188448300133762
24316937937.426;28.3404256166294;-0.0682689485848637;-1.7021339320857;-4.86293196611723;26.6361010750176;-0.0183938491384377;0.205526846198316
24316937937.7736;28.3468840167031;-0.0682749916921576;-1.73089164674024;-4.75975628606074;26.643688633499;-0.0249304266196746;0.224978801819305
24316937938.1785;28.3538173275292;-0.068282791477356;-1.76644349743853;-4.71530152522454;26.6522694477302;-0.0299830747467071;0.248491391299866
24316937938.6957;28.3617339595966;-0.068292602933172;-1.81515368355073;-4.72196069230022;26.6626724663399;-0.0330443085663023;0.279799596660194
24316937939.5426;28.3723266700243;-0.0683058121364653;-1.90277660712491;-4.80690708314286;26.6779410734921;-0.0332676277231214;0.333812882967336
24316937941.2987;28.3859849087202;-0.068321497431474;-2.10915635740313;-5.04905836441747;26.7014373194753;-0.0306642701766892;0.452699596961798
24316937948.1764;28.3953466558637;-0.0683330447452679;-2.86609118990338;-5.77496712899246;26.7381244684084;-0.0329803303556561;0.855681229322292
24316937994.626;28.3968956934521;-0.0683350089681012;-4.47691948917408;-7.37379069025897;26.7880482758542;-0.033967991788929;1.69445284906509
24316938376.7382;28.3970983198143;-0.0683352817348369;-6.27549496696422;-9.14639950824618;26.8425361106843;-0.0361342466540956;2.63014857673123
24316941520.1116;28.3971267631216;-0.0683353216614259;-8.04341588862033;-10.8961337718909;26.8992408954467;-0.0377591440614167;3.55199782211828
24316963778.5918;28.3971314200862;-0.0683353287739832;-9.67939256430906;-12.4954697271735;26.9619688378484;-0.0411788713926402;4.4119010644644
24317057085.0343;28.3971325441866;-0.0683353306957353;-10.9191065596695;-13.686214264271;27.0281390998372;-0.0462070710701688;5.07597477774625
24317377368.5644;28.3971329039318;-0.0683353313830488;-11.949539587731;-14.6683797132432;27.1054527517354;-0.0517864976386684;5.64285466789641
24318316733.2649;28.3971330453755;-0.0683353316830093;-12.8222504986158;-15.4957701566023;27.1956551872595;-0.0576739727825736;6.13948620354656
24320826577.4999;28.3971331115963;-0.0683353318381019;-13.5786523075837;-16.2090558093967;27.3035593977225;-0.0639463507132467;6.58979189309397
24327418201.7346;28.3971331482201;-0.0683353319327115;-14.2552287892107;-16.843057041021;27.4416706407706;-0.0708895624457407;7.02036955821115
24348221252.8786;28.3971331735879;-0.0683353320058403;-14.9138446859421;-17.4540388113974;27.6596150925043;-0.0797355522995682;7.49531155447496
24416764729.9947;28.3971331988104;-0.0683353320856145;-15.4341786693621;-17.9341039596322;28.0244327028982;-0.0886362838658287;7.99924646950224
24542747802.6529;28.3971332301426;-0.0683353321899074;-15.6043212809255;-18.0820574645442;28.4276580170704;-0.0946247834558844;8.35374235235247
24721539522.2459;28.397133282102;-0.06833533236556;-15.5366833572092;-18.0076926282508;28.8573527873834;-0.0975544798810072;8.60702686909421
24947095475.4408;28.3971333932225;-0.0683353327403548;-15.3074598858335;-17.7794607146639;29.3168808351914;-0.098881929640106;8.799447914674
25197237057.3971;28.3971336813248;-0.0683353336974453;-14.9386391394346;-17.4172329248202;29.8101739499512;-0.0990308997504448;8.94462757069291
25461408338.7225;28.3971346692014;-0.0683353368065352;-14.4271829170344;-16.9292523240088;30.3635068123706;-0.0955614039682344;9.05859693210563
25730435212.6909;28.3971395995142;-0.0683353510891718;-13.7369211901768;-16.2749872789414;31.0172752857537;-0.0898540290794554;9.15026508629202
25995486693.1678;28.39719104031;-0.0683354789899514;-12.7120225563385;-15.3164570426647;31.8957193476396;-0.0793045152726535;9.22472322027567
26249015592.8083;28.4024805785077;-0.0683470791222516;-10.6806097138371;-13.3395645291035;33.4916867112636;-0.0734483772097446;9.27533849815248
26489482572.1637;28.4770883138293;-0.0685392804312007;-9.50827159058335;-12.0972991069741;33.8244170247551;-0.0871370401282374;8.91150202671231
26718927306.4912;28.5694960309593;-0.0688167622636912;-9.39496985381969;-11.9174435413274;33.0054341943963;-0.0991086961873434;8.30767577310283
26938661480.2626;28.6635773715836;-0.0691563230601943;-9.36839410774779;-11.8109800614302;32.6044237831329;-0.11767672564883;8.02649664336715
27150139737.5827;28.7623129490745;-0.069577461232087;-9.33079205231592;-11.700841115375;32.5208019014007;-0.138711408889165;7.95187924797969
27352880416.1691;28.8650236546887;-0.070082387703558;-9.29532518297545;-11.6037127559898;32.4874578869808;-0.159708546249738;7.91193116149659
27547145611.5961;28.9708924079679;-0.0706722660007312;-9.26362720050805;-11.517632581441;32.4606100518998;-0.180863652300881;7.87821753669283
27732654112.9819;29.0787922324785;-0.0713419656360057;-9.23534307868355;-11.4424837546109;32.4367398105741;-0.201324449962473;7.84820665991071
27906813835.8178;29.1860465502552;-0.072069927326596;-9.21053294011947;-11.3788391999684;32.4161091797014;-0.220016183310563;7.82209794037907
28072805154.3777;29.2936767524063;-0.0728571365826897;-9.18815121881777;-11.3239951828502;32.3977629819039;-0.236957827694908;7.79872845890925
28229914169.1742;29.4005792257681;-0.0736890795898033;-9.1672133518131;-11.2761075296069;32.3814366873424;-0.252000809384122;7.77742659443657
28378165205.1022;29.5068850900469;-0.0745602902646805;-9.1444405140543;-11.2308745485926;32.3655912340506;-0.265246407365209;7.75552342945402
28515582646.0615;29.6107232224049;-0.0754479346854801;-9.12168498841352;-11.1898028289775;32.3481504783348;-0.276523225555253;7.73255554926645
28642974135.5228;29.7101404326592;-0.0763263597742203;-9.10767884317394;-11.1614356842249;32.3321159006698;-0.285678321756985;7.7148920770429
28761596541.5259;29.803134075669;-0.077169064482128;-9.10571346707069;-11.1484913083411;32.3238493964724;-0.292917442337929;7.70842922611872
28874859629.3046;29.8921099137655;-0.0779922463505813;-9.10481630971311;-11.1385926011755;32.3237407343332;-0.299051044219655;7.70794519552115
28981619727.2834;29.9804484716141;-0.0788244954575472;-9.08225865868551;-11.1081556258731;32.323210423202;-0.304521192830622;7.69634583908167
29077217179.6316;30.0743308243305;-0.079721727405367;-9.00786235397783;-11.0275415894251;32.3061657881971;-0.308749442446203;7.64778643229337
29149255610.1967;30.1768057134113;-0.0807062302216215;-8.84694678577026;-10.8643472798647;32.2564441868324;-0.309896018713944;7.5341161535104
29188203689.982;30.2842492457291;-0.0817342287684919;-8.55930577321207;-10.5784935502279;32.1789645107573;-0.307881991993991;7.3385175253908
29200186070.339;30.3611843068388;-0.0824666268679282;-8.19241879820971;-10.21379589265;32.1328415126762;-0.305894759995192;7.1242460003257
29202008843.6418;30.380757948096;-0.0826525296450572;-7.96906103470215;-9.99144678149742;32.1622199858426;-0.305464166601872;7.03219262642835
29202112595.3626;30.3820173268508;-0.0826644785288408;-7.91583894583789;-9.93866797134432;32.1893943849317;-0.305410370876107;7.02373689081082
29202120800.5232;30.3821250818668;-0.0826654998933567;-7.88164959094535;-9.90490632108943;32.213827000265;-0.305341329254817;7.02296559939221
29202121499.6823;30.3821350114367;-0.0826655939152226;-7.84764560527535;-9.87134717943314;32.2391654845419;-0.305268657906826;7.02289219730051
29202121567.7875;30.3821360638681;-0.0826656038697195;-7.81098649056157;-9.83516094417898;32.2665889054005;-0.305195834874883;7.02288421151865
29202121577.0176;30.3821362214444;-0.0826656053583502;-7.76771519533694;-9.79241919814714;32.2989707532863;-0.305129839372882;7.02288298576447
29202121580.3634;30.3821362870345;-0.0826656059770503;-7.70766301821526;-9.73302109203628;32.3439117215589;-0.305094563617433;7.02288246544626
29202121582.4331;30.3821363355796;-0.0826656064341938;-7.62975463129385;-9.65584726779559;32.4022153332461;-0.305128003475755;7.02288207254005
29202121583.9302;30.3821363796264;-0.0826656068482045;-7.53132168342379;-9.5582251180161;32.4758781654317;-0.305251262525006;7.02288171037981
29202121585.0885;30.3821364248752;-0.0826656072726443;-7.40823957046555;-9.43603012297867;32.567986628929;-0.305492363536893;7.02288133471477
29202121586.0547;30.3821364791773;-0.0826656077808557;-7.25023038804529;-9.27900291397259;32.6862317959534;-0.305909053486851;7.02288088629675
29202121586.881;30.3821365532543;-0.0826656084724447;-7.04743899008299;-9.07727446918115;32.8379881532548;-0.306578053673487;7.0228802872183
29202121587.6088;30.3821366737262;-0.0826656095942072;-6.78118005519851;-8.81216484744321;33.037237859279;-0.307623095440457;7.02287935829033
29202121588.2801;30.3821369356069;-0.0826656120255339;-6.40876308681566;-8.44102328983404;33.3159259973241;-0.309308379536497;7.02287753287677
29202121588.8939;30.3821377639913;-0.0826656196920246;-5.86983819811765;-7.90347349244063;33.7192095459154;-0.312062864672303;7.02287265369807
29202121589.441;30.3821426282404;-0.0826656645629961;-5.05106307256441;-7.08611340764822;34.3318827062801;-0.316699432403339;7.02285100058958
29202121589.9631;30.3823793586152;-0.082667840606688;-3.34346676147183;-5.3800531359082;35.6089901255841;-0.327320557932395;7.02237284965474
29202121590.4423;30.4345445229538;-0.0831455988755628;-0.963145201576463;-3.00131756906687;37.1694233036711;-0.340418736483695;6.87483084469061
29202121590.8872;30.5683516011072;-0.0843664611907375;-0.521731683041187;-2.56154408206893;35.9705105455808;-0.32819669473971;5.85303506078497
29202121591.3179;30.7718787597217;-0.0862159402340702;-0.325581654852554;-2.36715460979393;33.4039291046789;-0.303546058740396;4.04003065897042
29202121591.7349;31.0199130140591;-0.0884601073046721;-0.225608309901965;-2.26906478681682;29.8246421321847;-0.269847727058254;1.59844900463573
29202121592.1281;31.2556923177313;-0.0905838145596507;-0.222099313911886;-2.26751034399172;26.2519006873298;-0.236455664591159;-0.790511070001268
29202121592.5103;31.4254318259004;-0.0921053649991994;-0.352492845702877;-2.39998943131149;25.7508990815113;-0.230831891990769;-1.06007304049206
29202121592.8788;31.5738653937293;-0.0934291942406222;-0.394941042880232;-2.44464119961277;25.7840515071165;-0.229959313427159;-1.01670431494849
29202121593.232;31.7051086950023;-0.0945935090633944;-0.429904799462794;-2.48191151903497;25.8179413278196;-0.229041874822307;-0.976585367623006
29202121593.5773;31.8252917426482;-0.0956536819710461;-0.458399791009252;-2.51286630203678;25.8390401331846;-0.227934395453498;-0.948247804037964
29202121593.9102;31.9356935314699;-0.0966217938299686;-0.479373825283722;-2.53642439547186;25.8564739927409;-0.226735086174452;-0.926119832605551
29202121594.2355;32.0391850646587;-0.0975235900127026;-0.497295491657544;-2.55709191993985;25.8712661535094;-0.225434954347063;-0.907283551687661
29202121594.5525;32.1361497810961;-0.0983628775655161;-0.514504854116258;-2.57720780357746;25.8835614012011;-0.224037688188729;-0.890472165469455
29202121594.8639;32.2268247464674;-0.099142157074097;-0.535859716517619;-2.60165385844467;25.8958999412888;-0.222554749239557;-0.871559533038992
29202121595.1674;32.3098708348904;-0.0998505478113061;-0.562786539942843;-2.6318328475887;25.9114164507073;-0.221026754543073;-0.847737839362853
29202121595.4658;32.385713079804;-0.100492382068172;-0.594838948147726;-2.66732723454366;25.9302353662788;-0.219441201478838;-0.819147194401687
29202121595.7579;32.4542176830938;-0.101067302031457;-0.629935072833482;-2.70604743933296;25.9518916664965;-0.217799387012676;-0.787139205235465
29202121596.0473;32.516364168271;-0.101584252952689;-0.667981914474917;-2.74794917212924;25.9751630197379;-0.216068284697122;-0.752577209643404
29202121596.3327;32.5721559697151;-0.102044001226547;-0.708988653207802;-2.79303893030515;25.9998617902894;-0.2142499662897;-0.715581955281497
29202121596.6125;32.6218059060988;-0.10244910930426;-0.750870443822095;-2.83921823724404;26.025872054581;-0.212352558064914;-0.677273257370297
29202121596.8901;32.6666434000461;-0.102811107886671;-0.791747249084221;-2.88468171030517;26.0527763198845;-0.210338876360187;-0.63887025552416
29202121597.1632;32.7070856605029;-0.103133985747833;-0.829568005316539;-2.92736515945305;26.0792796796383;-0.208208491525309;-0.602263622238932
29202121597.4362;32.7443944359485;-0.103428271911738;-0.864246581572744;-2.96728773248144;26.1048287702118;-0.20591107122814;-0.567866381334453
29202121597.7074;32.7788564536965;-0.103696596447208;-0.895946217369488;-3.00462653295748;26.1286165115372;-0.203439883850702;-0.536136148723738
29202121597.9732;32.8104198684855;-0.103938981792758;-0.925483949170926;-3.04016157264454;26.1501079571763;-0.200814867330576;-0.50702168511252
29202121598.2365;32.8396530231375;-0.104160158928576;-0.954540471573655;-3.07567592592643;26.1698022252798;-0.197999906955942;-0.479349321038653
29202121598.499;32.8668762171447;-0.104362824926611;-0.984235668142382;-3.11239385459301;26.1883992458342;-0.194962357050738;-0.452091593704492
29202121598.7599;32.8920918869036;-0.104547272843807;-1.01478852396018;-3.15058527650261;26.206442363699;-0.191695233850163;-0.424775969448363
29202121599.018;32.9153092316325;-0.104713887965668;-1.04587038878319;-3.18996852348083;26.2243050757326;-0.188194034972991;-0.39731719346493
29202121599.2753;32.9368502316297;-0.104865254585853;-1.07727274207414;-3.230508488927;26.2423721856057;-0.18440272892978;-0.369562624156197
29202121599.5302;32.9567146280115;-0.105001651841188;-1.10821317601409;-3.27148291744003;26.2605589020741;-0.180315982876866;-0.341960055767863
29202121599.7831;32.9751102721785;-0.105124777241269;-1.13823895439328;-3.31260629998279;26.2788250436438;-0.175888966853567;-0.314762807752358
29202121600.0351;32.9922637099852;-0.105236356983961;-1.1670409008672;-3.3538067175373;26.2971077828112;-0.171057519373815;-0.288167605019193
29202121600.2888;33.0084732317065;-0.105338427331872;-1.19456376543156;-3.39543437107895;26.315442738357;-0.165706702634887;-0.262178602728749
29202121600.5413;33.0236797556523;-0.105430718340536;-1.22023563143373;-3.43710618910785;26.3334696441876;-0.159822355442128;-0.237322309481281
29202121600.7908;33.0379124122767;-0.105513558571297;-1.24375185463445;-3.47879652637331;26.3509344188308;-0.153373860244431;-0.213920687729787
29202121601.0376;33.0513196248872;-0.10558793270852;-1.26511982618458;-3.52103638189312;26.3677693740464;-0.146270530248093;-0.192015324880487
29202121601.2846;33.0641466169344;-0.105655180590167;-1.2845683180258;-3.56501453517446;26.384081193694;-0.138323432567123;-0.171420860066987
29202121601.5309;33.0764304086508;-0.105715399374213;-1.30203733655659;-3.61163779863231;26.399740651082;-0.129419345251207;-0.152253493583409
29202121601.777;33.0882776260112;-0.105768933535739;-1.3176188466703;-3.66260419821396;26.4147327003819;-0.119360565779913;-0.134477246651402
29202121602.0215;33.099676053073;-0.105815518418329;-1.33129021233983;-3.71989013162567;26.4289118679764;-0.108013829422932;-0.118200123544412
29202121602.265;33.1107278482044;-0.105855264485793;-1.3432153602215;-3.78735402059637;26.4422975264576;-0.0950956228290339;-0.10332679846774
29202121602.5044;33.1213372385486;-0.10588755713254;-1.35338337979115;-3.86997016638847;26.4546872449808;-0.0805222394775735;-0.089996630450412
29202121602.738;33.1314881849585;-0.105912156839883;-1.36193908047672;-3.97751567504346;26.4660130299333;-0.0641374851944088;-0.0781810946631312
29202121602.9652;33.1412012143722;-0.105928930426015;-1.36908922910604;-4.13181800988068;26.4762761411815;-0.0457223055132849;-0.0677740033947035
29202121603.1857;33.1504968954838;-0.105937714076527;-1.37504658551946;-4.39965275484799;26.4854994631099;-0.0250266083900384;-0.0586510563277069
29202121603.3989;33.1593839977746;-0.105938314958891;-1.38001069653414;-5.5499814174744;26.4937142418128;-0.00179131567738036;-0.0506880978402578
29202121603.6041;33.1678583541012;-0.105930565169077;-1.38415984909681;-4.42297664623559;26.5009594966246;0.0242350991700566;-0.0437653649217644
29202121603.8005;33.1759034237434;-0.105914396322114;-1.38764472733048;-4.08449548475774;26.5072819676443;0.0532738937769722;-0.0377705791571502
29202121603.987;33.183488915379;-0.105889943714894;-1.39058977130068;-3.882248333216;26.5127308857063;0.0854664965471246;-0.0326018062329288
29202121604.1625;33.1905862778293;-0.105857587716607;-1.39310204246798;-3.73424422319936;26.5173624849575;0.120889378433374;-0.0281601443956958
29202121604.3272;33.197217560536;-0.105817614688313;-1.39528595872432;-3.6151164510225;26.5212629611456;0.159868797881067;-0.0243259663696413
29202121604.4834;33.2034744872421;-0.105769634037043;-1.39724684871425;-3.51254177777004;26.5245367896549;0.203400904242034;-0.0209614381670359
29202121604.6351;33.2095263008396;-0.105711700812271;-1.39909736452439;-3.41805520376903;26.5272810216516;0.253942212405063;-0.017915167626493
29202121604.7907;33.2157078212182;-0.105637625726566;-1.40099300123216;-3.3224161439134;26.5295662324251;0.317912062413947;-0.0149855836888729
29202121604.9588;33.2223512835243;-0.105534936256113;-1.40310023862519;-3.21396879955985;26.5312007443121;0.410098654791517;-0.0120053165917311
29202121605.1434;33.22960804611;-0.105389802812346;-1.40555355176505;-3.10452896613069;26.53190392966;0.530631468447409;-0.00889887636194553
29202121605.3383;33.2372188266108;-0.105206169702012;-1.40834978241504;-3.02582798898586;26.5321419450908;0.640168212529404;-0.00574715810830988
29202121605.5402;33.2450470581982;-0.105000776988644;-1.41150651186223;-2.99258514478516;26.5331718707545;0.696162358511005;-0.0025505557864442
29202121605.7486;33.2530573706745;-0.104793620311703;-1.41508279666266;-3.00243331882153;26.5356840403664;0.686245903939153;0.000745103535355189
29202121605.9637;33.2612535807299;-0.10460715156069;-1.41916460148412;-3.062171619726;26.5398075344826;0.603796721855151;0.00421812849104028
29202121606.1822;33.269487724395;-0.104470272328443;-1.42376123774287;-3.20304211722524;26.5450155280753;0.4412676646485;0.00788422322344749
29202121606.4033;33.2777240432702;-0.104397314182361;-1.42893771775868;-3.48159708033474;26.5495968431481;0.235179015557799;0.0118004941711651
29202121606.6276;33.2859643995421;-0.104367677605919;-1.43476583581168;-3.87888379126383;26.5524354093733;0.0954962693080633;0.0160370410953729
29202121606.8554;33.294213864995;-0.104348741067753;-1.44128494844385;-4.08041016907926;26.5545817663227;0.0609556890648667;0.0206635143118727
29202121607.0845;33.3023707232747;-0.104330751396966;-1.44844294073438;-4.10494264173914;26.5567371260042;0.0585699716341969;0.0256790571038606
29202121607.3145;33.3104132141551;-0.104312560818167;-1.45624274457503;-4.10178680373956;26.5590290876948;0.0600714528186722;0.0311125322352257
29202121607.5459;33.3183522405451;-0.104293706626313;-1.46471693267404;-4.08907625625727;26.5615045145634;0.0630802415103276;0.0370081704611611
29202121607.7792;33.3261846075873;-0.104274283264724;-1.47388537781578;-4.07945401395219;26.564199074967;0.0658761318472465;0.0433972248829257
29202121608.0136;33.3338810751467;-0.104254732158216;-1.48373292471004;-4.07885302625819;26.5671313307125;0.0674876896772546;0.0502828350365191
29202121608.2483;33.3414015818733;-0.104235652857652;-1.49421518176327;-4.08989983612256;26.5703048674958;0.0674080685091487;0.057644207366387
29202121608.4836;33.3487514369786;-0.10421755090206;-1.50533974753461;-4.11389302989721;26.5737335112878;0.0654484390571648;0.0654940825368219
29202121608.7198;33.35593449205;-0.104200898237783;-1.51711507136268;-4.15194054084865;26.5774273285444;0.0616151442881443;0.0738436964886432
29202121608.957;33.3629421250741;-0.104186117278569;-1.52952547597126;-4.20539420796684;26.5813853851178;0.0560672015605017;0.0826853437986024
29202121609.1946;33.3697533887466;-0.104173538270153;-1.54252519961543;-4.27610648463121;26.5855940921789;0.0490981450575389;0.0919881305930908
29202121609.4321;33.3763541454288;-0.104163341902413;-1.55606849480313;-4.36721672856191;26.5900374773834;0.0410743515342657;0.101719621311339
29202121609.6701;33.3827588757875;-0.104155557590075;-1.57016469624635;-4.48544529353424;26.5947155597769;0.0323232299960977;0.111885387566419
29202121609.9099;33.3889953175442;-0.104150133879005;-1.58487685674967;-4.64551718162847;26.5996322205039;0.0231331783972033;0.122520186886703
29202121610.1561;33.3951707323999;-0.10414696782229;-1.60052195306041;-4.89066940090531;26.6048566969938;0.0136399719169328;0.133829113485054
29202121610.4111;33.4013254475938;-0.104146033089227;-1.61733403856162;-5.43585439502182;26.610410867653;0.00404139429162123;0.145944044470085
29202121610.6765;33.4074685371941;-0.104147282596445;-1.63553268532714;-5.32718076613403;26.6162894887206;-0.00541376538123697;0.158971302058587
29202121610.9542;33.4136102268453;-0.104150630022502;-1.65539306478827;-4.91896993936486;26.6224957826535;-0.0145101496763614;0.173050444653711
29202121611.2479;33.4197829727948;-0.104155961430358;-1.67735958164647;-4.74099607722492;26.6290595449222;-0.0229995497002735;0.188423195871518
29202121611.5635;33.4260487654968;-0.10416317318255;-1.702136580617;-4.64107180796721;26.636064526002;-0.0306573654541185;0.205497129845579
29202121611.9108;33.4325039948954;-0.104172177215579;-1.73088558221724;-4.58636018312582;26.6436502025235;-0.0371637151252048;0.224945427279377
29202121612.3151;33.4394274524855;-0.104183136380992;-1.76638554361902;-4.56693109784652;26.6522215382281;-0.0421878953770044;0.248427236978454
29202121612.831;33.4473257861989;-0.104196534290994;-1.81495589503898;-4.58545431807231;26.662603598061;-0.045227661478434;0.279652418108096
29202121613.6736;33.4578831690817;-0.104214516749043;-1.90210935159983;-4.67081656810751;26.6778202978376;-0.0454405026010552;0.333396338144936
29202121615.4142;33.471504306451;-0.104236359137274;-2.10646957167979;-4.90138282242804;26.7012085418807;-0.0428171412848788;0.451200311313628
29202121622.183;33.4809651854227;-0.104252308017129;-2.85458354661249;-5.62778484694386;26.7377373212522;-0.0450737147595705;0.84966631251748
29202121667.8716;33.4825408375798;-0.104255021758701;-4.46234676393619;-7.22623862470571;26.7876297087845;-0.0461362642834517;1.68688475765949
29202122043.8008;33.4827466538938;-0.104255392163563;-6.26162629001896;-9.00642940679595;26.8421120047244;-0.0483073893126263;2.62292944037966
29202125133.3038;33.4827755469744;-0.104255445832806;-8.02909477162776;-10.7601631574903;26.8987587664262;-0.0499647655880087;3.54451419556835
29202147114.2878;33.4827802618482;-0.10425545517185;-9.66857705269111;-12.3717446983979;26.9614861070016;-0.053404294351602;4.40617085908598
29202239518.6198;33.4827813967724;-0.104255457626567;-10.9107254992425;-13.575690903794;27.0276039016725;-0.0584577561089298;5.07142824593703
29202557400.4903;33.4827817591727;-0.104255458483288;-11.9430771393108;-14.5694263564209;27.1048736242487;-0.0640764097082717;5.63923977306846
29203490273.0194;33.4827819014306;-0.104255458849482;-12.8167458509465;-15.4061112885699;27.1949716120601;-0.070004050944088;6.13628219112779
29205980626.3218;33.4827819679596;-0.104255459035442;-13.573250312491;-16.1268406982106;27.3026205983209;-0.0763157098885324;6.58647054878705
29212521382.8692;33.482782004721;-0.104255459147047;-14.250235838504;-16.7679445301793;27.4403820674565;-0.0833069936916135;7.01702109601811
29233103611.0004;33.482782030122;-0.104255459231735;-14.9086418903309;-17.3856692962232;27.6572002229971;-0.0922105914967104;7.49110821439778
29301075710.6716;33.4827820552999;-0.104255459322714;-15.4313110682272;-17.8733884988983;28.0208500983294;-0.101252061939541;7.99543313916244
29426720362.0319;33.4827820865573;-0.104255459440799;-15.6041905270047;-18.0269503460972;28.4242364849191;-0.107381381906536;8.35140677693454
29604748249.4506;33.48278213811;-0.104255459638167;-15.5382365115673;-17.9552121439269;28.852984973915;-0.11046256338774;8.60490179698798
29829998939.0606;33.4827822482856;-0.104255460058917;-15.3105808232598;-17.7286418708758;29.3121636419385;-0.111940393421383;8.79787358815833
30079941545.6926;33.4827825333432;-0.10425546113249;-14.9429077076808;-17.3670085746247;29.8051211538108;-0.112250949837295;8.94340276620247
30343990906.6895;33.4827835073145;-0.10425546462995;-14.4331389309169;-16.8779324035013;30.3575470453741;-0.109011723033983;9.05760885313441
30613072043.8414;33.4827883448197;-0.104255480806729;-13.7452618126523;-16.220991199317;31.0098404108821;-0.103697943695884;9.14948233524384
30878083376.6656;33.4828381174195;-0.104255626682995;-12.726274120026;-15.2592798067326;31.8840427263341;-0.0934475018365357;9.22405861469416
31131337312.0685;33.4878008799308;-0.104268708216804;-10.7078327098336;-13.2868975347719;33.4712867843889;-0.0882282335090495;9.27532960807414
31370532152.3203;33.5615227375996;-0.104489496909474;-9.51115553692559;-12.0347749791644;33.840224924305;-0.101347677024863;8.92351801339461
31600901654.4078;33.654015796077;-0.104805530769301;-9.39631584309752;-11.8626913682756;33.0155458129347;-0.11280879397122;8.31511974126907
31820596028.4335;33.7479222249568;-0.105183318974573;-9.36912361027386;-11.7645705406519;32.6067022553263;-0.131177680504358;8.0284036982781
32032410488.8964;33.8466991336269;-0.105644986413787;-9.33130017551747;-11.6616263604183;32.5213775629697;-0.151999706220307;7.95254310124053
32235843851.6968;33.9496683024506;-0.106192914232276;-9.29571497105187;-11.5696988278654;32.4877638494076;-0.172876500577244;7.91236094732525
32429973360.4112;34.0553649007789;-0.106824217039104;-9.26403054499303;-11.4878538352263;32.4608916997833;-0.193881850185607;7.87864297547484
32615974130.1149;34.1634756538686;-0.1075383984736;-9.23564584879379;-11.4157061851075;32.4369289915631;-0.214278892855396;7.84852521977185
32790350709.045;34.2708002232232;-0.108309449144496;-9.21078899852199;-11.3544052336642;32.4162488568413;-0.232887684332757;7.82236464987964
32956588818.1721;34.3785372009406;-0.109139996965007;-9.18836580199387;-11.3013659474534;32.3978581317619;-0.249756128588756;7.79894879237772
33113725523.5957;34.4854020360825;-0.110013585497457;-9.16744282323522;-11.2549707189154;32.3815183843516;-0.264709369422787;7.77764886231675
33261990129.4255;34.5916511495579;-0.110925763573072;-9.14471217226587;-11.210957857649;32.3656929123034;-0.277868440601603;7.75578312129035
33399456925.6039;34.6954717927817;-0.111853522243992;-9.12191409581895;-11.1707627890576;32.3482720973203;-0.28906958188314;7.73280978839483
33526954075.7305;34.7949562827561;-0.112770949607899;-9.10774509953859;-11.1429287877367;32.3321683491088;-0.298161210713268;7.71502067437019
33645641600.6625;34.8880079625975;-0.113649934297233;-9.10568085555107;-11.1304237629651;32.3237770240061;-0.305336831682768;7.70842646554158
33758917137.499;34.9769649534504;-0.114506939056805;-9.10495604545683;-11.1211528951852;32.323611874021;-0.311403173117676;7.70799199846623
33865938870.5629;35.0653902426087;-0.115373654279881;-9.08289549080338;-11.0915955548486;32.3232182541296;-0.316821415981012;7.69673356285255
33961683359.1788;35.1590767427179;-0.116304538659731;-9.00943676875819;-11.0122180409219;32.3065710015252;-0.321003370568472;7.64890924496562
34034129879.0162;35.2614814872911;-0.11732715322481;-8.8496974491562;-10.8503055537273;32.257334203216;-0.322121986870222;7.53615121730071
34073481854.1433;35.3690558064462;-0.118397082561095;-8.5632579289647;-10.5656114394908;32.1799936612226;-0.320060768499554;7.34124566518073
34085645989.491;35.4464275576018;-0.119162844214185;-8.19649881743893;-10.2009876293304;32.1333194616207;-0.318029041125233;7.12666912946273
34087509090.5188;35.4663255700099;-0.119359333451001;-7.97142670807873;-9.97689763961972;32.1623420762029;-0.31759725138133;7.03352064315329
34087615755.676;35.4676146903037;-0.11937205071668;-7.91772913236404;-9.92362883332253;32.1895946306478;-0.317552697749588;7.02487936270174
34087624158.83;35.4677245680777;-0.11937313364094;-7.88353246949637;-9.88984423909918;32.2140108855036;-0.317492179005824;7.0240934666622
34087624873.4918;35.4677346727691;-0.119373233131738;-7.84957751588898;-9.85631765320606;32.2393108389722;-0.317428277358528;7.02401881621725
34087624943.0207;35.4677357422678;-0.119373243650989;-7.81298523633145;-9.8201806765547;32.2666840881661;-0.317364902910032;7.02401070562708
34087624952.3811;35.4677359012831;-0.119373245213181;-7.76985375596208;-9.77755856645878;32.2989613184034;-0.317309990346956;7.0240094693386
34087624955.7469;35.4677359669117;-0.119373245856992;-7.71000057023657;-9.71833478201692;32.3437533920761;-0.317289868891131;7.02400894896169
34087624957.8211;35.4677360152603;-0.119373246330517;-7.63245601621611;-9.64149616757394;32.4017847272431;-0.317342896181355;7.02400855773856
34087624959.3246;35.467736059207;-0.119373246760157;-7.53418322428703;-9.54400494691916;32.4753276758551;-0.317491292727116;7.02400819657243
34087624960.4864;35.4677361042712;-0.119373247199856;-7.41132099485247;-9.42199769404842;32.5672715169355;-0.317763986837111;7.02400782254599
34087624961.4522;35.4677361580637;-0.119373247723579;-7.25413350959836;-9.26575354818136;32.6849016372212;-0.318219759914792;7.02400737810998
34087624962.2792;35.4677362313936;-0.119373248435839;-7.05222205764866;-9.06486453769848;32.8359992739781;-0.318939094833136;7.02400678471549
34087624963.007;35.4677363501184;-0.119373249586095;-6.78750851920366;-8.80125552422065;33.0340921578641;-0.320048186750278;7.02400586799608
34087624963.6802;35.4677366082137;-0.119373252079562;-6.41632621740952;-8.4313026589967;33.3118557925701;-0.321826932800934;7.02400406719575
34087624964.2936;35.467737413982;-0.119373259840474;-5.88158724719002;-7.89788470111385;33.7120060924656;-0.324703629260137;7.02399930200836
34087624964.8396;35.4677420242971;-0.119373304107076;-5.07342675904673;-7.09108118048059;34.3167358250726;-0.32949706467449;7.02397857588723
34087624965.3589;35.4679414696825;-0.119375212650551;-3.41559312046024;-5.43471505554215;35.5566923578519;-0.340251006904911;7.02356154765472
34087624965.8475;35.5201026618154;-0.119872573332098;-0.971597279208053;-2.9922733382673;37.1718310253654;-0.354436055947462;6.88073810693479
34087624966.2923;35.6532660379324;-0.121137691870984;-0.523773831094422;-2.54602740859389;35.989983707176;-0.341922808882216;5.86713692701105
34087624966.7231;35.8563340415666;-0.123059429526327;-0.326670207508266;-2.35061760681323;33.4333281743572;-0.31639689437154;4.06028166576579
34087624967.1372;36.102242267924;-0.125376971260035;-0.226304845645163;-2.25205033950897;29.8885162672778;-0.281681848688396;1.64153094520087
34087624967.5303;36.3390327405023;-0.127598955499135;-0.220160707182462;-2.24778395736481;26.291933074087;-0.246717109307607;-0.764686549149999
34087624967.9135;36.509534769507;-0.12919152065729;-0.351689114483288;-2.38132145594472;25.749825596718;-0.240514880164634;-1.06114811015854
34087624968.2836;36.6588374382904;-0.130579263898009;-0.394186627248059;-2.42594507736004;25.783512815483;-0.239653422964577;-1.01739764487891
34087624968.6374;36.79046435847;-0.131796472872688;-0.429532277618923;-2.46351185154513;25.8175765963384;-0.238745887958541;-0.976971767274756
34087624968.9832;36.9108822100829;-0.132903975280825;-0.45809868299315;-2.49444487842195;25.838707506006;-0.237642761457266;-0.948577342137624
34087624969.3168;37.0215550528355;-0.133916037737501;-0.479134128316137;-2.51796787910182;25.8562250736405;-0.236445671924269;-0.926363060471857
34087624969.6423;37.1251947494436;-0.134858039488514;-0.49710185030145;-2.53857627320668;25.8710513545442;-0.235147115189464;-0.907481300398334
34087624969.9601;37.2224106311452;-0.13573597864753;-0.514352218945706;-2.5586250178758;25.8833839722233;-0.23374818969199;-0.890624826065005
34087624970.272;37.3132413479807;-0.136550657704654;-0.535731034849121;-2.58297722441249;25.8957434084333;-0.232264156427751;-0.871686655805261
34087624970.5754;37.3962986535462;-0.137290278403056;-0.562651445960497;-2.61302022770291;25.9112582725381;-0.230738317472766;-0.847869665915406
34087624970.874;37.4722255516198;-0.137961273786726;-0.594731881079744;-2.6484080062924;25.9300953551742;-0.229154288175814;-0.81925329266464
34087624971.1655;37.54059665615;-0.13856068784213;-0.62974336548099;-2.68688903911863;25.9517002203349;-0.227520295022123;-0.787322394312071
34087624971.4542;37.6026507456406;-0.13910011793258;-0.667699485644152;-2.72853472473539;25.9749198167156;-0.225797420624135;-0.752840768246531
34087624971.7396;37.6584611207471;-0.13958092038342;-0.708681569513711;-2.77342983820098;25.9996046031761;-0.223984762514686;-0.715867652407943
34087624972.0193;37.7081387488579;-0.140004851169656;-0.750557220526759;-2.81942311596087;26.0256067217767;-0.2220930495153;-0.67756795629013
34087624972.2967;37.7529866465295;-0.140383716655616;-0.791425604756456;-2.86468265070874;26.0524980334472;-0.220085953643186;-0.639178334374489
34087624972.5701;37.7934943113569;-0.140722264276762;-0.829302690094895;-2.90722013142406;26.079033886419;-0.21795862392048;-0.602522388989584
34087624972.8431;37.8308228853639;-0.141030658134886;-0.863997966351819;-2.94693364587276;26.1045909876978;-0.215665766603312;-0.568112038126114
34087624973.1143;37.8653075277505;-0.141312039834063;-0.895716168429376;-2.98404604716778;26.1283919871228;-0.213197841859365;-0.536364302295316
34087624973.38;37.8968704129965;-0.141566205796291;-0.92524814795338;-3.01930745467846;26.1498826241492;-0.210576758984687;-0.507253922231188
34087624973.6432;37.9261146266364;-0.141798379439896;-0.954306983955129;-3.05453401487046;26.1695842969801;-0.207763758420429;-0.479576174393397
34087624973.9054;37.9533153105921;-0.142011026475265;-0.983963404452612;-3.09088389652203;26.1881636406941;-0.204731446054915;-0.452350400794737
34087624974.1661;37.9785332026052;-0.142204895168345;-1.01450252404705;-3.12870362210309;26.2062042119034;-0.201466584063561;-0.425044171836144
34087624974.4242;38.0017707486904;-0.142380314647716;-1.04559538859334;-3.16770783494745;26.2240763493086;-0.19796469916936;-0.397574495526863
34087624974.6814;38.0233064138958;-0.14253966627105;-1.07697457043705;-3.20777636942871;26.2421310764547;-0.194176782879424;-0.369840732463691
34087624974.9362;38.0431861750514;-0.142683568572321;-1.10792938841502;-3.24827281151271;26.2603255360268;-0.190088867123854;-0.342226839894871
34087624975.1892;38.0615969578258;-0.142813641768401;-1.13797340149823;-3.28885784376958;26.2786012225657;-0.185659767508083;-0.315015224706388
34087624975.4409;38.0787407106313;-0.142931532366949;-1.16675332861281;-3.32938005195012;26.2968674767859;-0.180832836424251;-0.28844324039951
34087624975.6941;38.0949315160457;-0.143039505617639;-1.19424195767775;-3.37019423439428;26.3151753482221;-0.17549065362049;-0.262490755062368
34087624975.9465;38.1101412383909;-0.143137468928705;-1.21992115974178;-3.41097899034578;26.3332017775418;-0.169607806017018;-0.237632576969412
34087624976.1959;38.1243818838521;-0.14322564421852;-1.24345502415181;-3.45163780263057;26.3506736739655;-0.163158214588458;-0.214218987662696
34087624976.4427;38.1377918811121;-0.143305010882972;-1.26483497141659;-3.49262553196835;26.3675118858726;-0.156055324075499;-0.192307223399417
34087624976.6896;38.1506240095209;-0.143377044557003;-1.2843005335204;-3.53506366413427;26.3838316244045;-0.148106710468532;-0.171700905930935
34087624976.9359;38.1629153643221;-0.143441854036395;-1.30179020834625;-3.5797514306854;26.3995033341763;-0.139198493165528;-0.152517237684215
34087624977.1822;38.1747776596278;-0.143499842278587;-1.3174028369679;-3.62823162423362;26.4145198430103;-0.129126070003545;-0.134711609302014
34087624977.4266;38.1861768219019;-0.143550641378038;-1.3310859338359;-3.68210285665823;26.4287064752635;-0.117776592377453;-0.118426424322985
34087624977.6701;38.1972315567486;-0.143594477487524;-1.34302503421686;-3.74474136152541;26.4421034627932;-0.104852713204334;-0.103541729980075
34087624977.9094;38.2078430910568;-0.143630688368269;-1.35320564299705;-3.82014473737865;26.4545049183226;-0.0902735546949345;-0.0902009969931278
34087624978.143;38.2179960947215;-0.143659031541542;-1.3617730481265;-3.91591911927146;26.4658435896381;-0.0738821747176245;-0.0783750042185661
34087624978.3702;38.2277111386642;-0.143679381958014;-1.36893353770557;-4.04780500552755;26.4761202236599;-0.0554603845632621;-0.0679581959776513
34087624978.5906;38.2370086698946;-0.143691583510641;-1.37490003407153;-4.25685258244421;26.4853579723674;-0.0347578815445009;-0.0588260717305997
34087624978.8037;38.2458971828559;-0.143695447477572;-1.37987182134217;-4.74166753045053;26.4935876302306;-0.0115171510614709;-0.0508549698160221
34087624979.0089;38.2543727058779;-0.143690805884291;-1.38402740880268;-4.64552683384152;26.5008484702542;0.0145131055507608;-0.043924908947509
34087624979.2053;38.2624185683191;-0.143677585922019;-1.38751757678404;-4.17185996428361;26.5071872578314;0.043553319243212;-0.0379236025552985
34087624979.3917;38.2700043463629;-0.143655914738961;-1.39046673739495;-3.93458424803879;26.5126529089282;0.0757418093727128;-0.0327493858634347
34087624979.5672;38.2771018133416;-0.143626163408728;-1.39298233240504;-3.77057932448902;26.5173021040657;0.111155855200398;-0.0283028994900465
34087624979.7319;38.2837335004292;-0.143588625281139;-1.39516897589575;-3.6423203958702;26.5212212759695;0.150121224799421;-0.0244643555412194
34087624979.8881;38.2899913153135;-0.143542942462029;-1.39713216086428;-3.53380197617544;26.5245153118754;0.193632227442252;-0.0210958326699409
34087624980.0397;38.296044393579;-0.143487233155156;-1.39898477551717;-3.4350333097725;26.5272824291382;0.244142971976735;-0.0180456849169386
34087624980.1954;38.3022283956405;-0.14341542508895;-1.40088254769361;-3.33597894206148;26.5295960998694;0.308059242901049;-0.0151120158917373
34087624980.3635;38.308875321743;-0.143315167376565;-1.4029921325851;-3.22449519215588;26.5312703954282;0.400179637247666;-0.0121272395455634
34087624980.5482;38.316135205118;-0.143172668911932;-1.40544757385829;-3.1125670329619;26.5320214770906;0.520775903525561;-0.00901664396916766
34087624980.7431;38.3237491396474;-0.142991715684982;-1.40824634260718;-3.0322891483803;26.5322980065975;0.630568193642632;-0.0058607638089077
34087624980.945;38.3315808091051;-0.142788978229176;-1.41140607233352;-2.99832642960767;26.5333437906899;0.68686537948982;-0.00266025220819812
34087624981.1534;38.3395934977153;-0.142584498437527;-1.4149857985606;-3.00811367007693;26.5358495477708;0.677181561737003;0.000639067454755587
34087624981.3686;38.3477916063875;-0.14240071952043;-1.41907171018912;-3.06848969296399;26.5399426807516;0.594952094524232;0.00411571409165816
34087624981.587;38.3560284203877;-0.142266488051802;-1.42367349940188;-3.21157841662571;26.5450963891365;0.432592902200403;0.0077857010460877
34087624981.8082;38.3642668655156;-0.142196247528156;-1.42885558192199;-3.49811309476805;26.5496140364999;0.226360528418383;0.011705877076053
34087624982.0325;38.3725089574693;-0.142169488318551;-1.43468914512076;-3.92325331918402;26.5524100482284;0.0862064521966643;0.0159463218369764
34087624982.2603;38.3807596448714;-0.142153513187076;-1.44121335343921;-4.15425904544513;26.5545470457441;0.0514153984571844;0.0205767449346152
34087624982.4894;38.3889181449415;-0.142138448205194;-1.44837723237238;-4.18201894028457;26.556703990524;0.0490379678879647;0.0255968669064302
34087624982.7194;38.3969620043524;-0.142123134638448;-1.45618325921974;-4.1765713748806;26.5589989874438;0.0505619234419716;0.0310351551894328
34087624982.9508;38.4049020026706;-0.142107110334928;-1.46466376781682;-4.15970501582345;26.5614780194536;0.0536057022511408;0.036935699297031
34087624983.1841;38.412734958716;-0.142090466707491;-1.47383851257145;-4.14651621640162;26.564176147808;0.0564441123405271;0.0433296902961862
34087624983.4185;38.4204325109379;-0.142073631980636;-1.48369292367713;-4.14383949332543;26.5671117965534;0.0581028952452931;0.0502206916706678
34087624983.6532;38.4279541938308;-0.142057192410967;-1.49418256251233;-4.15460713750602;26.5702883906398;0.0580726565246079;0.0575878890978768
34087624983.8885;38.435304124388;-0.142041658488627;-1.50531416609464;-4.18031627231724;26.5737194547547;0.056162992437805;0.0654434261495697
34087624984.1248;38.4424876001192;-0.142027501225878;-1.51709665019442;-4.2224519867146;26.5774152201243;0.0523790243814715;0.073798871773516
34087624984.3619;38.4494954180894;-0.142015142271269;-1.52951401418457;-4.28311508941121;26.5813747186596;0.0468787866596503;0.082646291870641
34087624984.5995;38.4563069696119;-0.142004905376232;-1.54252079441964;-4.36559859005657;26.5855845584293;0.039954750064453;0.0919549998621326
34087624984.837;38.462908006575;-0.141996968018611;-1.55607098053347;-4.47600719709552;26.5900288010068;0.0319729413614678;0.101692364799832
34087624985.0751;38.4693128061319;-0.141991366089696;-1.57017392286041;-4.62834187200874;26.5947075820776;0.0232609404957705;0.111863968856082
34087624985.3149;38.4755491257128;-0.141988058513692;-1.58489227412073;-4.86031080412366;26.5996247890346;0.014107724841943;0.12250430891991
34087624985.561;38.4817239684977;-0.14198697912791;-1.60054199419743;-5.35799120574618;26.6048494135315;0.00465062790928859;0.133817776713803
34087624985.816;38.4878777928902;-0.141988115290543;-1.61735791782469;-5.35106251489858;26.6104037365544;-0.00491300116028627;0.145936864727652
34087624986.0813;38.4940198032856;-0.141991423106552;-1.63555904896117;-4.90432825146328;26.6162824439782;-0.0143343562582592;0.158967509539019
34087624986.3591;38.5001598610303;-0.141996819525659;-1.65541900184415;-4.71148578599266;26.6224884213941;-0.0233981684187404;0.173048219596095
34087624986.6526;38.5063296145787;-0.142004200322241;-1.67737830978354;-4.59954289007577;26.6290505527408;-0.0318559896690671;0.188418120796626
34087624986.968;38.5125914757215;-0.142013482877012;-1.70214135469422;-4.53117726714463;26.6360530480816;-0.0394851651392207;0.205485067791683
34087624987.3152;38.5190444596012;-0.142024616518502;-1.73087926966528;-4.49400261721147;26.6436384930955;-0.0459695428498153;0.224929062823437
34087624987.7191;38.5259611843092;-0.142037844986006;-1.76633660255731;-4.48472755845677;26.6522042252456;-0.050973232618802;0.248386881115102
34087624988.2339;38.5338470468385;-0.142053815507111;-1.81479985564002;-4.50832997054282;26.6625725124528;-0.0539972863385709;0.27954994713567
34087624989.0736;38.5443798705381;-0.142075215141498;-1.90160436108126;-4.59374282253036;26.6777531221293;-0.0542014353768341;0.333095306682525
34087624990.8041;38.5579796738028;-0.142101477123302;-2.10462539074732;-4.81883052055879;26.7010753424011;-0.05156127196329;0.450184972372591
34087624997.5065;38.5675054040981;-0.142120637017466;-2.84732985078915;-5.54383502604679;26.7375141389152;-0.0537793875366773;0.845886515588009
34087625042.6737;38.5690993958151;-0.142123903494018;-4.4523377144214;-7.14074422979588;26.7873575998989;-0.0548938081302623;1.68169487200461
34087625414.4076;38.5693074421496;-0.142124345838589;-6.25207209743112;-8.92447146416082;26.8418350579432;-0.0570706523199604;2.61796420568881
34087628467.1258;38.5693366516334;-0.142124409639913;-8.01916283491981;-10.6798570258515;26.8984408392266;-0.0587533881199363;3.53933307641336
34087650263.3176;38.5693414064943;-0.14212442061128;-9.66124279827832;-12.2981198608466;26.9611773040319;-0.0622102275500004;4.40229541921635
34087741966.2526;38.5693425493881;-0.142124423456392;-10.9043773807011;-13.5082839895534;27.0272197910027;-0.0672813604695228;5.06799664355701
34088057997.1192;38.5693429138437;-0.142124424437042;-11.9380848895488;-14.5082152296251;27.1044507940209;-0.0729306814769086;5.6364614588592
34088985771.2149;38.5693430567436;-0.142124424851589;-12.8124100354843;-15.3498688372707;27.1944619425917;-0.0788899477996997;6.13377535951462
34091460919.7839;38.5693431235199;-0.142124425060056;-13.56897932844;-16.0745635687463;27.3019127385979;-0.0852332078532909;6.58386507245646
34097965175.347;38.5693431603939;-0.142124425184046;-14.2464776172033;-16.7198122695211;27.4394530555183;-0.092265809861537;7.01452574576581
34118388692.1222;38.5693431858233;-0.142124425277117;-14.9047935253465;-17.3413151847072;27.6554745804246;-0.101218397258804;7.48803740720822
34185976683.2371;38.5693432109773;-0.142124425376207;-15.4292630063385;-17.8338391418299;28.0184012070101;-0.110374109916855;7.99278120291295
34311230218.3667;38.5693432421505;-0.142124425504106;-15.604008847372;-17.9909216296125;28.4214764327411;-0.116609478356734;8.34948140132224
34488797055.7134;38.5693432934418;-0.14212442571712;-15.5393175469387;-17.9209550404107;28.849808195279;-0.119813412181577;8.60332998252202
34713848523.4765;38.5693434029647;-0.142124426170809;-15.3127770627817;-17.6955236651851;29.3087901252288;-0.121409113668306;8.79672817925234
34963630047.8084;38.5693436858436;-0.142124427327381;-14.9459597307801;-17.3343874208893;29.8014763063766;-0.121845666693581;8.94250395977268
35227839268.3919;38.5693446520622;-0.142124431108353;-14.4368725740635;-16.8443445553215;30.3537956545491;-0.118779372010317;9.056978991167
35496778902.6503;38.5693494230962;-0.142124448613344;-13.7510422998757;-16.1864929141237;31.0046736626883;-0.113756586144403;9.14892932959934
35761754628.3432;38.569398070571;-0.142124606936838;-12.7361457882421;-15.2236607237795;31.8759398267397;-0.10374043453611;9.22358716119039
36014962232.3489;38.5741611085697;-0.142138699956737;-10.725592697466;-13.254472678586;33.4579421377674;-0.0989963641787343;9.27529902864054
36254637295.1764;38.6478539891973;-0.14238229797285;-9.51219731662183;-11.9929491028511;33.8455910650999;-0.111879448427253;8.92763171852732
36485205305.8618;38.7403134037639;-0.142726581689758;-9.39684791328988;-11.8258825695506;33.0193899345696;-0.12295165776268;8.31796366525762
36704970755.6172;38.8341942498177;-0.143132948167995;-9.3693824213994;-11.7330415410351;32.6075161113296;-0.141142757475997;8.02908991454708
36916948029.9097;38.9330070855811;-0.143624658922798;-9.33147594048351;-11.6345795961078;32.5215653980397;-0.161833261293311;7.95277338355238
37120576546.7356;39.0360408881371;-0.144203814260382;-9.29585886983776;-11.5460435347689;32.4878614467256;-0.182615004947878;7.91251886347997
37314741759.0238;39.1417239744862;-0.144866453363317;-9.26416593409731;-11.46689436153;32.4609663176173;-0.203532148276394;7.87878511432817
37500840262.6818;39.2498635010642;-0.145612750037038;-9.23575841720596;-11.3968313752064;32.4369782503781;-0.223855325983346;7.84864270995601
37675348517.514;39.3572469474613;-0.146415734916306;-9.21087863715215;-11.3371086080766;32.4162724776111;-0.242400272249773;7.82245689275269
37841682880.0773;39.4650278493315;-0.147278054804156;-9.18844016491505;-11.2853135757702;32.3978639669688;-0.259204756481026;7.79902447754158
37998860898.9907;39.5719028524551;-0.148182693682993;-9.16751567015401;-11.2399165620159;32.3815143340719;-0.274091938863677;7.77771972512245
38147086544.583;39.6781017325173;-0.149124996115358;-9.14480341373209;-11.1967330384138;32.3656961356616;-0.287180751585686;7.75587017656734
38284598205.3167;39.7819372526065;-0.150082589712935;-9.12199358456474;-11.1571582933569;32.3482762646174;-0.298322791825485;7.73289339866503
38412026143.4849;39.8813564592708;-0.15102767534715;-9.10779436284022;-11.1297934943981;32.3321676447993;-0.307351750123394;7.71508727122637
38530762084.8261;39.9744429305766;-0.151933312036962;-9.10569563218103;-11.1176281910373;32.3237385626676;-0.314477100523404;7.70845163345441
38644066239.0431;40.0634131533978;-0.152815468174899;-9.10500115501977;-11.1087003730195;32.3235522500498;-0.320493971051586;7.70801900415936
38751199088.997;40.1519012452;-0.153707567672982;-9.08303782831373;-11.0795093631664;32.3231794576814;-0.325868617837672;7.69682381547868
38846982161.8483;40.245547789711;-0.154664148498696;-9.00979700882931;-11.0005670943268;32.3066098807438;-0.330005594088623;7.64916084582826
38919537233.2126;40.3479517607011;-0.155715198816406;-8.85035097570544;-10.8390442657841;32.2574708595073;-0.331083108082695;7.5366148053512
38958994652.7905;40.4555666054939;-0.156815348874129;-8.5642564963493;-10.5546767541292;32.1801430655566;-0.328978648989215;7.34188976158482
38971210328.3523;40.5330862870906;-0.157604021363738;-8.19750550946932;-10.1900207976249;32.1332590498334;-0.326918492079403;7.12717662902944
38973085936.5155;40.5530995832756;-0.157807183191586;-7.97182349153054;-9.96530000272716;32.1621386582278;-0.326488891032051;7.03362752741911
38973193544.9102;40.5543993871248;-0.157820365244982;-7.91796833381116;-9.91186308608391;32.1894081553817;-0.32645117748485;7.02491876397075
38973202011.8607;40.5545100363797;-0.15782148636571;-7.88377852446745;-9.87807463610611;32.213811263312;-0.326396879640007;7.02412749753583
38973202731.4741;40.5545202046173;-0.157821589293455;-7.8498535684161;-9.84456679409701;32.2390881028092;-0.326339409538679;7.02405238880998
38973202801.4784;40.5545212806502;-0.157821600174461;-7.81329932246602;-9.80845584959142;32.266432837844;-0.326282986072163;7.02404422986507
38973202810.8847;40.554521440308;-0.157821601787101;-7.77022970903789;-9.76588206068932;32.2986637815252;-0.326236240700969;7.02404298877268
38973202814.2577;40.5545215060048;-0.157821602449744;-7.71046416078326;-9.70672926133127;32.3433902821099;-0.326227404474062;7.02404246792741
38973202816.3333;40.55452155432;-0.157821602936299;-7.63307392941423;-9.6300259482486;32.4013061219164;-0.326295059783956;7.02404207699737
38973202817.8401;40.5545215982998;-0.157821603378418;-7.53480380594117;-9.53251778573149;32.4748470418577;-0.326462373974611;7.02404171564017
38973202819.0034;40.5545216433484;-0.157821603830413;-7.41199102846929;-9.41053813266278;32.5667538099986;-0.32675885600464;7.02404134178975
38973202819.9685;40.5545216969773;-0.157821604367364;-7.25516413427272;-9.25462877850219;32.6841139699737;-0.327244285925718;7.0240408985773
38973202820.7952;40.5545217700259;-0.157821605097078;-7.05373504202888;-9.05419427966349;32.8348504548825;-0.328001481273795;7.02404030722415
38973202821.5232;40.5545218882224;-0.157821606274875;-6.78956135194263;-8.79109564266885;33.032539065959;-0.329160464530589;7.02403939416848
38973202822.1963;40.5545221444888;-0.157821608821478;-6.41938514935652;-8.42211562323317;33.3095493516033;-0.331007842265293;7.02403760439218
38973202822.8094;40.5545229400465;-0.157821616703848;-5.88684209931107;-7.89085694140486;33.7080556998692;-0.333978769895639;7.02403288945449
38973202823.3538;40.5545274090774;-0.157821660848941;-5.08571938860486;-7.09105030931132;34.3075184094333;-0.338889711691953;7.0240126634059
38973202823.8732;40.5547128941009;-0.15782348705867;-3.44720077143376;-5.45395896859947;35.5330539731312;-0.349843926260063;7.02361956699079
38973202824.3568;40.6035496886636;-0.158302662261248;-0.995702009759734;-3.0039548256166;37.1724041341162;-0.364726932649487;6.89322462812066
38973202824.8018;40.7350155965037;-0.159588030115808;-0.529613575895719;-2.53939928613801;36.037267024665;-0.352343397316534;5.90169931687931
38973202825.2348;40.9377831248121;-0.16156299544752;-0.329426920192758;-2.3408658509541;33.4962832331145;-0.32625538555657;4.10376927312121
38973202825.6486;41.1829422362639;-0.163941278060612;-0.227393742369552;-2.24057832012165;29.9711375664252;-0.29074928093304;1.69731873315296
38973202826.0417;41.4209075426523;-0.16624010179625;-0.217952283370484;-2.23296025543526;26.3470975532944;-0.254521695367789;-0.728900625024422
38973202826.4267;41.5925733043627;-0.167890980010166;-0.350770848075638;-2.36773949663788;25.7486208574868;-0.247619774546225;-1.0623825169963
38973202826.7983;41.7428047915047;-0.169328845017531;-0.393302655044847;-2.41234550677168;25.7829399854917;-0.246768423167376;-1.01819286691104
38973202827.1531;41.8748792681044;-0.170586647510981;-0.429142807244058;-2.4503492542007;25.817212212032;-0.245868503364375;-0.977380647501922
38973202827.4992;41.9955283572065;-0.171729565829665;-0.457782664412873;-2.48129151811739;25.8383686587538;-0.244768900327259;-0.948932649038529
38973202827.8336;42.1065255467547;-0.172775201255956;-0.478890106044074;-2.50482179983584;25.8559949698001;-0.243573233092308;-0.926609954219661
38973202828.1592;42.2102440447492;-0.173746511617152;-0.496898966064081;-2.52539716346355;25.8708505983797;-0.242277180301295;-0.907688262755987
38973202828.477;42.3075043038213;-0.174651657790572;-0.51413837454943;-2.54535507687368;25.8831932943844;-0.240880227852704;-0.890830797584731
38973202828.7894;42.3985358901348;-0.175493212161745;-0.535498838362755;-2.56960876903148;25.8955605295967;-0.239395170842959;-0.87189688898684
38973202829.093;42.4816951093359;-0.176256635715916;-0.56239726632153;-2.59954211406248;25.9110605291381;-0.23787036616678;-0.848101118104351
38973202829.392;42.5577697452049;-0.176949867741585;-0.594491940422256;-2.6348532048317;25.9299023347004;-0.236286884788351;-0.819474784607658
38973202829.6835;42.626178350784;-0.177568425988249;-0.629488172121352;-2.67321830878569;25.9514945334051;-0.234656309991975;-0.78756028596524
38973202829.9723;42.6882827578277;-0.1781253678699;-0.66743353793807;-2.71474607978113;25.9747122304104;-0.232936852529051;-0.753085635206586
38973202830.2578;42.7441534026687;-0.178622042208737;-0.708421778790904;-2.75953374033856;25.9994005438145;-0.231127367726425;-0.716107433301718
38973202830.5375;42.7938690851772;-0.179059952645691;-0.750307577785183;-2.80541568758434;26.0254034688571;-0.229239451816947;-0.677802485617824
38973202830.8149;42.8387274046738;-0.179451222930249;-0.791175383598374;-2.8505415172153;26.0522864203834;-0.227237347173469;-0.639419114761346
38973202831.0883;42.8792520982177;-0.179801035466035;-0.829065623758409;-2.89294999438724;26.0788234616869;-0.225114579967662;-0.602756197701167
38973202831.3612;42.9165969817096;-0.180119809621357;-0.863777904990743;-2.9325259102221;26.1043876287027;-0.222825815438023;-0.568333054088855
38973202831.6325;42.9511077597198;-0.180410867058379;-0.89552150120839;-2.96949755059481;26.1282073652883;-0.220360406464601;-0.536560570472066
38973202831.8982;42.9826803313611;-0.180673764069853;-0.925058770482494;-3.00458307864333;26.1497067078444;-0.217742153617337;-0.507442219215024
38973202832.1614;43.0119354090157;-0.180914037859345;-0.954120501610108;-3.03961535891041;26.169417578558;-0.214931069561554;-0.479757405173297
38973202832.4236;43.0391543247081;-0.181134278591148;-0.98378614938629;-3.07575932837079;26.1880090455243;-0.211899193260267;-0.452519490192403
38973202832.6844;43.0643885355625;-0.181335175530993;-1.0143359302922;-3.11335233652511;26.2060598607953;-0.208634114290592;-0.425201702273359
38973202832.9426;43.0876382782747;-0.181517042348417;-1.0454381032966;-3.15210278759736;26.2239390690949;-0.205131919000178;-0.397723305618251
38973202833.1996;43.1091725314726;-0.181682267212888;-1.07680970288092;-3.19186411372001;26.2419894961455;-0.201345694142042;-0.369996905535031
38973202833.4545;43.1290595714439;-0.181831652143673;-1.10777040406388;-3.23203376049656;26.2601862163227;-0.197257918019298;-0.342379321147043
38973202833.7074;43.1474779728441;-0.181966803994959;-1.13782646741881;-3.27225640195936;26.278467288081;-0.192827999877638;-0.315158908119669
38973202833.9589;43.1646153280136;-0.182089324220749;-1.16659935627012;-3.31233536530344;26.2967264653979;-0.188003389800669;-0.288596051954004
38973202834.2118;43.1807899065146;-0.182201601648691;-1.19406202194516;-3.3526025387684;26.3150132077448;-0.182668253089051;-0.262671616463109
38973202834.4641;43.196002385854;-0.18230373025647;-1.21975053158901;-3.39280312136514;26.3330413575058;-0.176786228756187;-0.237808711469625
38973202834.7136;43.2102489343666;-0.182395822907609;-1.24330160191253;-3.43278628770325;26.3505210935799;-0.170335246058862;-0.214382467167139
38973202834.9603;43.2236598271321;-0.182478845879639;-1.26469181781736;-3.4729512316362;26.3673624283239;-0.163232741597674;-0.192464775373264
38973202835.2072;43.2364932382923;-0.182554378129008;-1.28416989863618;-3.51437958887847;26.3836875653699;-0.155283676614888;-0.171850037944396
38973202835.4535;43.2487935232922;-0.182622575695162;-1.30168329205783;-3.55782959053323;26.3993757927131;-0.14636841155168;-0.152645114471265
38973202835.7001;43.2606661599607;-0.182683832390134;-1.31732017678033;-3.60471379303256;26.4144118405629;-0.136284770953346;-0.134816160227879
38973202835.9443;43.2720639031117;-0.182737711849778;-1.33101114842764;-3.65640678277969;26.4286035307301;-0.124933406420865;-0.118525705786138
38973202836.1878;43.2831180543734;-0.182784536247367;-1.34295951943579;-3.71601272372981;26.4420081070246;-0.112005985023517;-0.103633635041199
38973202836.4271;43.2937294340903;-0.182823613950801;-1.3531496633197;-3.786992486248;26.4544189755196;-0.0974216328903814;-0.0902844685753872
38973202836.6607;43.3038841954005;-0.182854702075817;-1.36172624552644;-3.87580143549838;26.4657684881375;-0.0810231864905194;-0.0784495867797527
38973202836.8878;43.3135996186127;-0.182877670849082;-1.36889470590928;-3.99521862884495;26.4760564019039;-0.0625935199275923;-0.0680245533054116
38973202837.1083;43.3228984765559;-0.182892375348051;-1.37486812903007;-4.17584751090519;26.485306082208;-0.0418818266039427;-0.0588846865501352
38973202837.3214;43.3317872083129;-0.182898626342279;-1.37984558641234;-4.53273628888714;26.4935478953921;-0.0186315685389963;-0.050906758800376
38973202837.5266;43.3402631530257;-0.182896256728617;-1.38400580147182;-4.93751637160231;26.5008212962263;0.00740881522029379;-0.0439706023404179
38973202837.723;43.3483095030977;-0.182885189192403;-1.38749969281149;-4.24904766458842;26.5071730976076;0.036459897413498;-0.0379638653512749
38973202837.9094;43.3558952342845;-0.182865544841315;-1.3904516447471;-3.97721140610225;26.5126519429808;0.068658357409333;-0.0327851023162574
38973202838.0848;43.3629929128639;-0.18283768579929;-1.39296938473063;-3.7991195345501;26.5173148222041;0.104082902565384;-0.0283346142444907
38973202838.2496;43.3696252339585;-0.182801910155516;-1.39515762693475;-3.66323571321492;26.5212482327676;0.14305922703422;-0.0244925737134322
38973202838.4058;43.3758836559387;-0.182757887235489;-1.39712185718556;-3.54990785392437;26.5245571561885;0.186578735360565;-0.0211211838192289
38973202838.5574;43.3819364134767;-0.182703789741114;-1.39897502177625;-3.44775114859627;26.5273405571282;0.237092374437882;-0.0180687243419635
38973202838.7131;43.3881194942069;-0.182633639353407;-1.4008727442009;-3.34604758553494;26.5296737871244;0.300993466379696;-0.0151333322480425
38973202838.8812;43.39476612154;-0.182535161386752;-1.40298208962334;-3.23224434597828;26.5313756596648;0.393094993386096;-0.012146622478706
38973202839.0658;43.4020240915759;-0.182394635721872;-1.40543642728929;-3.11849594941521;26.532160966815;0.513704182042847;-0.00903479618198171
38973202839.2607;43.4096383849558;-0.182215670039487;-1.40823437378685;-3.03709421932116;26.5324666264244;0.623616763659738;-0.00587731038287428
38973202839.4626;43.417469990552;-0.18201494347821;-1.4113932069676;-3.00263917041534;26.533525676064;0.680062766450607;-0.0026755970499682
38973202839.671;43.4254820558222;-0.181812496722051;-1.41497187037641;-3.01240552660139;26.5360276150033;0.670505360465002;0.000624396724101155
38973202839.8861;43.4336798652876;-0.181630745984036;-1.41905676210455;-3.07327839924653;26.5400985624286;0.588411150692826;0.00410135758298427
38973202840.1046;43.4419166834976;-0.181498509689375;-1.42365811219675;-3.21806692167779;26.5452117539693;0.426164612822854;0.00777166930665153
38973202840.3258;43.4501555715646;-0.181430281638589;-1.42883972375418;-3.51074536230827;26.5496809150126;0.219863768394285;0.0116918063781535
38973202840.55;43.4583972808859;-0.181405627151783;-1.43467236655637;-3.95879369285316;26.5524439656685;0.0794297461728518;0.0159318503503983
38973202840.7779;43.4666479001681;-0.181391806085312;-1.44119512823383;-4.21714011997343;26.5545725058709;0.0444830259612949;0.0205615877751571
38973202841.0069;43.4748070310979;-0.181378867138629;-1.44835811536155;-4.24810309439951;26.5567289102813;0.0421143014368022;0.025581322153297
38973202841.2369;43.4828517944335;-0.181365643656112;-1.4561632749047;-4.24033070188175;26.5590241441927;0.0436560749886528;0.0310190929304145
38973202841.4684;43.490792567055;-0.181351674550761;-1.46464288968339;-4.21933705747213;26.5615035944081;0.0467259874673178;0.0369189783490795
38973202841.7016;43.4986255337696;-0.181337050290887;-1.47381660961555;-4.20266899478746;26.5642018841865;0.0495957414147043;0.0433121191123406
38973202841.936;43.5063233567958;-0.181322189216855;-1.48367057875387;-4.19798830346992;26.5671374382385;0.051289331406214;0.0502025993509911
38973202842.1707;43.5138453035392;-0.18130766765575;-1.49416026919997;-4.20847721678709;26.5703135704298;0.0512955548939225;0.0575695666223346
38973202842.406;43.5211957324589;-0.181293997036672;-1.5052917608693;-4.23581626092323;26.5737435942816;0.0494229017271716;0.0654247206794343
38973202842.6423;43.5283798082817;-0.181281650585796;-1.51707439456457;-4.28190316913968;26.5774379039352;0.0456756080508177;0.0737799445939728
38973202842.8795;43.5353879832612;-0.181271048968485;-1.52949188986274;-4.34972470321659;26.581395511331;0.0402110083783577;0.0826271189934751
38973202843.1171;43.5421998723761;-0.181262511391117;-1.54249927055731;-4.44443218811458;26.5856032761855;0.0333206605388456;0.0919359159538821
38973202843.3546;43.548801224547;-0.18125621284353;-1.55605024292211;-4.57644273025855;26.5900452768787;0.0253703576452068;0.101673511235366
38973202843.5926;43.5552064177399;-0.181252193682314;-1.57015419137714;-4.77255099788822;26.5947217555339;0.0166877830249397;0.111845520472405
38973202843.8324;43.5614428147398;-0.181250420604331;-1.58487306423973;-5.13107898103311;26.5996364764687;0.00756257656559963;0.122485958963547
38973202844.0785;43.5676175459475;-0.181250853993129;-1.60052291717098;-5.75426329261283;26.6048585169536;-0.00186732786630234;0.133799301260734
38973202844.3335;43.5737715483587;-0.181253491475111;-1.61733885719452;-4.98530701775335;26.6104103493805;-0.0114046880639014;0.145918272025689
38973202844.5989;43.5799133055097;-0.181258291263905;-1.63553949793914;-4.74261001067766;26.6162866149942;-0.020800652172227;0.158948543322823
38973202844.8765;43.5860530037926;-0.181265172921818;-1.65539670050692;-4.60585064998318;26.6224897616406;-0.0298397183221447;0.173027420856227
38973202845.17;43.592221077285;-0.181274038295429;-1.67734981393745;-4.51980231094847;26.6290485021089;-0.0382739382342497;0.188393286074712
38973202845.4852;43.5984809923302;-0.181284821266602;-1.70210296774527;-4.46593296289457;26.6360472356509;-0.0458817296142479;0.205453961555989
38973202845.8324;43.604933168754;-0.18129749846724;-1.73083341449694;-4.43751628460499;26.6436305073579;-0.0523492582154693;0.224893774092137
38973202846.236;43.611846283475;-0.181312370740222;-1.76626377202359;-4.43356018759673;26.6521907248681;-0.0573372021185159;0.248335185798651
38973202846.7501;43.6197248094548;-0.181330203144795;-1.81465989167578;-4.45989495450121;26.6625483268119;-0.0603485156886446;0.279457999887293
38973202847.5881;43.6302433721141;-0.18135407453863;-1.90125070465893;-4.54532932513254;26.6777046893605;-0.0605438229429059;0.33288032642137
38973202849.3126;43.6438318932237;-0.181383535397309;-2.10348780814519;-4.76741460070322;26.7009878117195;-0.057889598298928;0.449551464185681
38973202855.9773;43.6533957288739;-0.18140502756295;-2.84314822318776;-5.49150014852092;26.737381126328;-0.0600851211789583;0.843700897236259
38973202900.7885;43.6550018943493;-0.181408699185889;-4.44559683425362;-7.08652904623411;26.7871702231408;-0.0612342813790404;1.67819351193491
38973203269.7312;43.6552114481786;-0.18140919428318;-6.24566327031057;-8.8722683217825;26.8416451209089;-0.0634167642051868;2.61462749238278
38973206298.0655;43.6552408708108;-0.181409265513574;-8.01252229280269;-10.628538468565;26.8982236868367;-0.0651189553811608;3.53586259485864
38973227973.7562;43.655245652157;-0.181409277677557;-9.65642276135721;-12.2508971327934;26.9609688528037;-0.0685900506003616;4.39974154598485
38973319216.0109;43.6552468003015;-0.181409280807403;-10.9001994572669;-13.464673088585;27.026959783592;-0.073675580107211;5.06573017167976
38973634100.9608;43.6552471660813;-0.181409281878248;-11.9349322099144;-14.4684252969416;27.1041748781609;-0.0793493007060134;5.63469787592331
38974558790.2192;43.6552473093806;-0.181409282327914;-12.809751642413;-15.313105115257;27.1941383892217;-0.0853339463520478;6.13222803355376
38977024621.0554;43.6552473763068;-0.181409282552713;-13.5663668004682;-16.0401698152768;27.3014658101217;-0.0917028746791989;6.58225924247549
38983507841.6811;43.6552474132489;-0.18140928268569;-14.2442697505604;-16.6880135783328;27.4388890409323;-0.0987694637128148;7.01304512363084
39003830248.2911;43.6552474386922;-0.181409282784836;-14.9024013578063;-17.3117024721587;27.6543761319116;-0.107761282423688;7.48610893358876
39071203401.9917;43.6552474638338;-0.181409282889833;-15.4280937461059;-17.8073066933234;28.0169469306006;-0.117005926606223;7.9912278893296
39196227945.0841;43.6552474949549;-0.181409283024878;-15.6039399034231;-17.9665189255594;28.4198335612853;-0.123322553346152;8.34835318351999
39373595001.4449;43.6552475461147;-0.181409283249426;-15.5399448534021;-17.8975628742438;28.848067260989;-0.126618948061277;8.60248485632693
39598510571.9457;43.6552476552512;-0.181409283727218;-15.3140494140543;-17.672781124323;29.3068797827187;-0.128303313551326;8.7960925910137
39848205808.0138;43.6552479368958;-0.181409284944892;-14.9477087459391;-17.3118791075657;29.7994165197829;-0.128836049309008;8.94200687786495
40112437901.4409;43.6552488981286;-0.181409288932075;-14.4391570090699;-16.8213193855038;30.3515214473587;-0.12589778508272;9.05660588965056
40381070660.2911;43.6552536177244;-0.181409307367274;-13.7552541668394;-16.1635111499501;31.0009232103651;-0.121092611192054;9.14853300925069
40646153089.1028;43.6553015659874;-0.18140947474618;-12.7426080624646;-15.1996802144943;31.8706462529991;-0.111254789890616;9.22328340719899
40899406354.9411;43.6599462832349;-0.181424313263413;-10.7365957735726;-13.232164549124;33.449675478313;-0.106861959419915;9.27527851716428
41136613297.1106;43.7324225844407;-0.181679775591159;-9.51493137385207;-11.9678005299684;33.8590243578265;-0.119345289890872;8.93797645968656
41367172399.8876;43.8245380902672;-0.18204263446526;-9.39844953216152;-11.8030445247295;33.0307119190359;-0.13011367445872;8.32633280111317
41587603819.3557;43.9185648822472;-0.182470265995534;-9.37002187826119;-11.7122037780324;32.6096479182704;-0.148307874248895;8.03084051584822
41797414984.2989;44.0161767134256;-0.182976434160886;-9.33232613499966;-11.6175337677115;32.5226304282906;-0.168646771375604;7.95391846019505
42000807338.3394;44.1188801713607;-0.183574663266204;-9.29674955666586;-11.5314670841176;32.4886590636238;-0.189240575102314;7.91350769752284
42195375700.1197;44.2245868569465;-0.184258918691664;-9.26496976644209;-11.4538539726407;32.4616180608305;-0.210128982421856;7.8796357777228
42380885872.6971;44.3321788002822;-0.185022923398758;-9.23658797758703;-11.3852716951327;32.4376474132851;-0.230338021067791;7.8495200919574
42556428488.435;44.4400406164661;-0.185851285477392;-9.21151483674418;-11.3261623562096;32.41676691515;-0.248955760012777;7.82312369554834
42722167018.0653;44.5472658358156;-0.186730556637786;-9.18912653828434;-11.2753006528541;32.3983858997708;-0.265674125339319;7.79973653628887
42879914367.9286;44.6543660204564;-0.187658596200569;-9.16817185232561;-11.2303955810808;32.3819501719294;-0.280594575821105;7.77836134018803
43028226643.2555;44.7604388704768;-0.188621032094682;-9.14557285980608;-11.187805285988;32.3661889488309;-0.293669699588379;7.75660816364415
43165949769.1717;44.8642783662455;-0.189599495836691;-9.12264430078863;-11.1484621343128;32.3488271226165;-0.304818067554098;7.73361233858966
43293029623.9134;44.9633687349203;-0.190561290226932;-9.10804526548975;-11.1209944700559;32.3326127388836;-0.313827932724091;7.71553673772349
43411951842.1413;45.0566217554314;-0.191487263912829;-9.10560009368059;-11.1086643562218;32.3237997977745;-0.320965346504707;7.70847245149597
43525211453.4849;45.1454864869116;-0.192386154487155;-9.10534563405628;-11.100368240504;32.3234067268626;-0.326959921589947;7.70812234302416
43632763277.0978;45.2339216084308;-0.193295392435864;-9.08499300161677;-11.072940225033;32.3234104411581;-0.332330310626777;7.69798473234464
43729544820.2209;45.3275666198575;-0.194270818054487;-9.01430789540976;-10.9965983846547;32.3079241409328;-0.33652595489563;7.65232434039075
43803304970.0463;45.429689628962;-0.1953398597792;-8.85869818718769;-10.838827134149;32.2602405751883;-0.337705905129294;7.54266978570493
43844020678.6756;45.5373964549124;-0.196463126972819;-8.57751877009012;-10.5592789228234;32.1834292541732;-0.335638804136844;7.35074741368708
43856907754.6255;45.6166304664028;-0.197285478789938;-8.21124274392229;-10.1950967316331;32.1342051263202;-0.333513619722519;7.13470764719035
43858950030.754;45.6381478121303;-0.197508301126946;-7.97732576315774;-9.96215573616257;32.1616288476846;-0.333048945375981;7.03606803292352
43859069583.9666;45.6395810058729;-0.1975231283186;-7.92125634759272;-9.90650234973201;32.1892982064413;-0.333016311412499;7.02651928450149
43859078871.9048;45.6397014957124;-0.197524373726457;-7.88696889149063;-9.87260771608112;32.2136713283027;-0.332967157591985;7.02565915517301
43859079659.4325;45.6397125403872;-0.197524487779173;-7.8531128799003;-9.83916018061791;32.2388870701563;-0.332914522304885;7.02557768945804
43859079735.67;45.6397137031426;-0.197524499774361;-7.81668047490853;-9.8031617724991;32.2661396708606;-0.332863144691877;7.02556888457887
43859079745.6467;45.6397138710279;-0.197524501504367;-7.77397552220814;-9.76094067394477;32.2980976366359;-0.33282182012935;7.02556758113987
43859079749.0825;45.6397139372083;-0.197524502185404;-7.71529499606112;-9.70285377131017;32.342012154542;-0.33281911447286;7.0255670566966
43859079751.1879;45.6397139855658;-0.197524502682266;-7.63887098432579;-9.62709927998319;32.399204925897;-0.332894068615248;7.02556666572065
43859079752.7096;45.6397140292538;-0.197524503130384;-7.54196168489193;-9.53093172574979;32.4717274672576;-0.333069873779569;7.02556630687002
43859079753.8813;45.6397140736976;-0.197524503585402;-7.42100030800263;-9.41078122019004;32.5622487296878;-0.333375344270625;7.0255659379366
43859079754.8541;45.6397141263923;-0.197524504123786;-7.2662734173065;-9.25694962462597;32.6780373314263;-0.33387181438384;7.02556550216247
43859079755.6896;45.6397141980385;-0.197524504854154;-7.06673895050451;-9.05839027159772;32.827355924724;-0.334645186739079;7.02556492178835
43859079756.4223;45.6397143125989;-0.197524506019169;-6.80592129722924;-8.79862425546658;33.0225329883987;-0.335820670542908;7.02556403455916
43859079757.0916;45.6397145522695;-0.197524508450005;-6.44601359828841;-8.43987263081975;33.2918589698016;-0.337659531602084;7.02556234345994
43859079757.7052;45.6397152759878;-0.197524515769169;-5.92830617514804;-7.92341423663685;33.6792636359211;-0.340607750458469;7.02555799232385
43859079758.2528;45.6397191293885;-0.197524554624356;-5.1526009554184;-7.14899611699278;34.2597088709681;-0.345452632513121;7.02554013597942
43859079758.782;45.6398611555042;-0.197525982060631;-3.57123720979099;-5.56904869055024;35.4425919419646;-0.356216468589714;7.0252269529487
43859079759.2606;45.6809103852253;-0.197937181096755;-1.06666727232858;-3.06592019645331;37.1659913848851;-0.372299795584859;6.92445815948401
43859079759.7065;45.8078844009539;-0.199204734388538;-0.545515150824835;-2.54626377834881;36.1615196538361;-0.360992388954883;5.99270713759361
43859079760.1394;46.0061464466397;-0.201176616675414;-0.33912451371732;-2.34148311085725;33.7051705654732;-0.335226183026309;4.24822274686095
43859079760.5519;46.248155342137;-0.203574226210181;-0.231687396384655;-2.23574026894365;30.2537582692345;-0.299727409357221;1.88833267185629
43859079760.9498;46.4917850227353;-0.205977925531108;-0.21294756316416;-2.2187976182356;26.5218831878133;-0.261670222001391;-0.61459582379715
43859079761.3356;46.6651974588234;-0.20768132162981;-0.347277023397684;-2.35504161437745;25.7446377571099;-0.252884490335303;-1.066770384202
43859079761.7043;46.8157760638464;-0.209153613600696;-0.388961571054344;-2.39873089684765;25.7805462645754;-0.25207094503633;-1.02194239396962
43859079762.0612;46.9492253834554;-0.210452071382478;-0.427243210970266;-2.43913174136039;25.8155008319701;-0.251184030342506;-0.979453632239389
43859079762.4072;47.070308236315;-0.211624140022912;-0.456013448759328;-2.47014304744302;25.8366663903837;-0.250096076647866;-0.95093445850448
43859079762.7423;47.1819595783338;-0.212699044605586;-0.477318121524482;-2.49381215463404;25.8547900454484;-0.248912657935229;-0.928180972961893
43859079763.0685;47.2861434536029;-0.213696294682144;-0.495625685171413;-2.51462211445409;25.8698285353098;-0.247626500941253;-0.908987890622291
43859079763.3863;47.3837218600651;-0.214624641443446;-0.512761785129735;-2.53440527992857;25.8822385248731;-0.246239851427647;-0.892137261709256
43859079763.6995;47.4753935661759;-0.215491137310836;-0.533673704625856;-2.55814252298835;25.8945067981575;-0.24475908740681;-0.873493935384256
43859079764.0043;47.5592906101483;-0.216278746764594;-0.560260198191814;-2.58769593698315;25.9097904599524;-0.243236173110955;-0.8499988870247
43859079764.3045;47.6360822967524;-0.21699445061065;-0.592120604144076;-2.62270145937145;25.9284469037951;-0.241654923754695;-0.821613757472109
43859079764.5949;47.7046643265583;-0.217628846946856;-0.626771343955056;-2.66062101247416;25.949774790786;-0.240040169403407;-0.790048749441209
43859079764.8829;47.7670434911637;-0.218201263031024;-0.664332960538272;-2.70166068645282;25.9728137036467;-0.238336893562176;-0.755885588781447
43859079765.1671;47.8231038796775;-0.218711356053294;-0.704890288473989;-2.74589700897309;25.9972317087413;-0.236548601330167;-0.719303593193758
43859079765.4475;47.8733457102699;-0.219164423676663;-0.746823749621048;-2.79172617622533;26.0231624822218;-0.234670039673112;-0.681023256820682
43859079765.7254;47.9186248453784;-0.219568858111837;-0.787896117193406;-2.83694611378091;26.050040873638;-0.232679655690034;-0.642540891703856
43859079766.0007;47.959692791502;-0.219931961583429;-0.826277692282399;-2.87975027471334;26.0767958138955;-0.230558768620913;-0.605487038864445
43859079766.2722;47.9970802448716;-0.220258964567779;-0.861055567660892;-2.91922973583026;26.1023297884843;-0.228299575660471;-0.571051446096891
43859079766.542;48.0316151881428;-0.22055752832909;-0.892817269354947;-2.95603892295575;26.1261695348189;-0.225867677954104;-0.539256719710723
43859079766.8084;48.0634591924615;-0.220829427683869;-0.922511760206092;-2.99113125734978;26.147885866128;-0.223263168309327;-0.50991509558576
43859079767.0726;48.0929950344209;-0.221078265908617;-0.951655910159509;-3.02608817132988;26.1677903415295;-0.220462531697094;-0.482060077735591
43859079767.334;48.120294200175;-0.221304969774101;-0.981140733117244;-3.06183118332625;26.1863859054973;-0.217462869059042;-0.454910106247645
43859079767.5941;48.1456199276175;-0.22151201858396;-1.01150418472317;-3.09899337490185;26.2044000907176;-0.214232339987402;-0.427710248983706
43859079767.8522;48.1690209900722;-0.221700101876066;-1.04253081994052;-3.13741617779763;26.2222599331394;-0.210758335618902;-0.400282925114881
43859079768.1094;48.1907217738721;-0.221871289988155;-1.07391509870799;-3.17691691647252;26.2403010874461;-0.206998403616355;-0.372556800863594
43859079768.3649;48.2107815005794;-0.22202631852934;-1.10497645385867;-3.21688980542495;26.2585125996458;-0.202934913392346;-0.344879484548088
43859079768.6183;48.2293489418669;-0.222166604274675;-1.13516378830908;-3.25690230371172;26.2768124135309;-0.19853366747675;-0.317581423432569
43859079768.87;48.2465943453592;-0.222293672828343;-1.16405419635113;-3.29668946972236;26.2950750338411;-0.193748853404125;-0.290958025300774
43859079769.1234;48.2628915746342;-0.222410388733609;-1.19171055509509;-3.33669428765284;26.3134129667875;-0.188448831591484;-0.264903164558347
43859079769.3753;48.2781569321882;-0.222516266283406;-1.21750754853388;-3.37641064721422;26.3314350679;-0.182629710296025;-0.239990642971527
43859079769.6245;48.2924590043681;-0.222611931931379;-1.24120036072268;-3.41584330877446;26.348933374797;-0.176246333607086;-0.216481784635351
43859079769.8717;48.3059559242178;-0.222698547172725;-1.26280041504916;-3.45544076407561;26.3658510538188;-0.169200423336899;-0.194408994666782
43859079770.1189;48.3188556406017;-0.22277742672224;-1.28246832595514;-3.49608406619917;26.3822451509278;-0.161322896625548;-0.173654182584181
43859079770.365;48.331188916415;-0.222848680493433;-1.30012983882598;-3.5384004278568;26.3979740395997;-0.152510592534217;-0.154349001512097
43859079770.6106;48.3430544924954;-0.222912733175417;-1.31586825235124;-3.58361976162385;26.4130113141837;-0.142582560043603;-0.136469471374871
43859079770.8549;48.3544910264815;-0.222969582106538;-1.32972546863491;-3.63329759009211;26.4272762659412;-0.131365185465124;-0.120048305199943
43859079771.099;48.3655998246767;-0.22301939877899;-1.3418508121757;-3.69014317443097;26.4407819035498;-0.118571941657642;-0.105001915733572
43859079771.3389;48.3762622215226;-0.223061373403707;-1.35220064121439;-3.75706866187579;26.4532959564249;-0.10413860845149;-0.0915059723975313
43859079771.5731;48.3864609194052;-0.22309525389601;-1.36091393239308;-3.8395089469469;26.4647439099022;-0.0879169637801781;-0.0795393318052019
43859079771.8009;48.3962183828498;-0.223120937640219;-1.36819930892509;-3.94787790582428;26.4751284189064;-0.0696882371192488;-0.068994126037131
43859079772.0219;48.4055564622135;-0.223138286031112;-1.37427094603323;-4.10526930759791;26.4844725545095;-0.049203156727808;-0.0597454318564685
43859079772.2358;48.4144860056856;-0.223147117500889;-1.37933039482407;-4.38412666372066;26.4928075079965;-0.0262018354615252;-0.0516683588970583
43859079772.4418;48.4230035064702;-0.22314725693545;-1.38355774031132;-6.16949948794244;26.5001708069971;-0.00043381735844508;-0.0446434807473082
43859079772.639;48.43109250919;-0.223138614436985;-1.38710603845625;-4.35836170878776;26.5066077509311;0.0283203411781601;-0.0385585353286002
43859079772.8263;48.4387210286117;-0.223121294106956;-1.39010131392139;-4.03398540719064;26.5121660365071;0.06019509686506;-0.0333120410277078
43859079773.0028;48.4458643304254;-0.223095625796448;-1.39265403440032;-3.83715575012544;26.5169046297049;0.0952842480274121;-0.0288017296724317
43859079773.1684;48.4525361198599;-0.223061951492079;-1.39486755535232;-3.69181125361944;26.5209055088132;0.133858098042614;-0.0249118427525774
43859079773.3254;48.4588305828303;-0.223019974369098;-1.39685012622815;-3.57279613953241;26.5242778949124;0.17688766784384;-0.0215009969164016
43859079773.4775;48.4649040696532;-0.222968089461836;-1.39871178900494;-3.46710883775589;26.5271188326912;0.226617286034219;-0.0184224449971919
43859079773.6318;48.471038067902;-0.222901393828598;-1.400592007916;-3.36423825528117;26.5294986450985;0.288458137720307;-0.015496158847228
43859079773.7991;48.4776611700066;-0.222807120991192;-1.40268504077006;-3.24935991255155;26.5313003614245;0.377644935201541;-0.0125070858660075
43859079773.9816;48.4848395690848;-0.222672865659972;-1.40509653858903;-3.13319259720386;26.5321897501528;0.496223166769598;-0.009418588158137
43859079774.1763;48.4924536414744;-0.222497857156784;-1.40787285060616;-3.04643070169952;26.5325093929781;0.609846415573591;-0.00625423682653375
43859079774.378;48.5002810087642;-0.222299406714584;-1.41100438630594;-3.00696802838594;26.533457064077;0.672713582035555;-0.00305298141652448
43859079774.5856;48.5082733883476;-0.222097753615138;-1.41454251376712;-3.01261371391053;26.5358091763168;0.669516269952744;0.00023379310229681
43859079774.7996;48.5164378716032;-0.221914644481997;-1.41857164406251;-3.06779034011192;26.5397081968347;0.595219906708926;0.00368467250671972
43859079775.0184;48.5246960695716;-0.221777658092262;-1.42313850031733;-3.20334637001303;26.5447554188749;0.440322480174592;0.00734593889742317
43859079775.2396;48.5329465392948;-0.221705044209442;-1.42827459474775;-3.48373360961312;26.549342911976;0.233665589940155;0.0112476661656802
43859079775.4633;48.541181354898;-0.221679495150883;-1.43404459534371;-3.94232357234768;26.5522099784775;0.0823799827857997;0.0154540153139971
43859079775.6904;48.54941490419;-0.221667076158186;-1.44049212884373;-4.26199284701074;26.5543420605546;0.0400529793915121;0.0200379181923578
43859079775.9198;48.5576008294297;-0.221655648580678;-1.44761349509742;-4.30272709352885;26.5564934124441;0.0370729487401376;0.0250331595991537
43859079776.1499;48.5656653679807;-0.221644003710292;-1.45537068700476;-4.29581555034161;26.5587788013554;0.0383498119345332;0.0304399226445147
43859079776.3811;48.5736113282839;-0.221631621802058;-1.46378631115848;-4.27114512123772;26.5612412330448;0.0413894405407662;0.0362960065376962
