t;slip_2;slip_3;slip_rate_2;slip_rate_3;shear_stress_2;shear_stress_3;state
0;0;0;-9;-19.9999946455258;32.2450204656692;-3.22454180212452e-10;7.60205999132796
2.75290596933567;2.75769273436517e-09;2.70243095841252e-12;-8.99924550261301;-12.0080367700737;32.2455697593021;0.031599396445902;7.60205999130728
4.14266986779145;4.15634564187306e-09;6.78799846253107e-12;-8.99723107345377;-11.5316886353727;32.2469563750372;0.0941957195851593;7.60205999125689
4.53699849954151;4.55523875267067e-09;8.74553512133235e-12;-8.99500177608044;-11.3041484080011;32.2483764375341;0.158256378349249;7.60205999121991
4.76767445190194;4.78992645860029e-09;1.04260315977839e-11;-8.99251198253802;-11.1375647160916;32.2498056087743;0.230926816030353;7.60205999118416
4.9873801291553;5.01516866508441e-09;1.2768635686936e-11;-8.98919150629021;-10.972142382314;32.251382237197;0.335426566312694;7.60205999113362
5.21288402987488;5.2484677498231e-09;1.62081536819143e-11;-8.98524102360873;-10.8166564726675;32.2525955795568;0.475498577308602;7.60205999106045
5.45239842829069;5.4987830940123e-09;2.13697150588362e-11;-8.98084415373156;-10.6665505301923;32.2525685609582;0.665055563133739;7.60205999095649
5.71815584936622;5.7796185774315e-09;2.96240522866682e-11;-8.97603342090094;-10.5078031928695;32.2491690160394;0.947869952666874;7.60205999080857
5.99956377975508;6.0803913128168e-09;4.08712427459451e-11;-8.97109786663796;-10.398292282652;32.244339846481;1.20575500642519;7.60205999061488
6.28986890825026;6.39430065967886e-09;5.3818671929376e-11;-8.96605046079002;-10.3506711637906;32.243287790529;1.32989886883584;7.60205999037566
6.58844947401121;6.72106060620881e-09;6.66111923330318e-11;-8.96083272029834;-10.3681054182889;32.2498747001336;1.26256961570102;7.60205999008805
6.8952149944288;7.06096917200354e-09;7.78024891399517e-11;-8.95544443547245;-10.4379261306256;32.2610581865651;1.0621770493692;7.60205998974859
7.21020731237747;7.41448004865884e-09;8.62078232426529e-11;-8.94989718181367;-10.573744981477;32.273484908749;0.767358067969806;7.60205998935323
7.53296554631792;7.78146872799533e-09;9.21998313287044e-11;-8.94422466285742;-10.7313049396802;32.2824999357646;0.527092555015006;7.60205998889814
7.86281226116904;8.16159607041259e-09;9.70317694115903e-11;-8.93838305366283;-10.8341908024888;32.2885486830498;0.410431585980174;7.60205998837951
8.19826470711623;8.55363125870674e-09;1.01516649237737e-10;-8.93230591270224;-10.8738801524058;32.2935868124671;0.36943840842286;7.60205998779465
8.53853328912094;8.95718158691268e-09;1.05645920186078e-10;-8.92592414640963;-10.9159484705677;32.2987805931523;0.330492647504634;7.60205998713956
8.88323296844904;9.3723859909429e-09;1.0947154411498e-10;-8.91917892800524;-10.9547386041372;32.3041447102456;0.297644985955509;7.60205998640895
9.2314899213424;9.7988450416834e-09;1.13024289743461e-10;-8.91202245992537;-10.9913356820641;32.3097476954388;0.269166089177794;7.60205998559798
9.58239275141097;1.02361473183418e-08;1.16328795631186e-10;-8.90440513251049;-11.0260803408596;32.3156445854251;0.244195476442877;7.60205998470155
9.93497649042743;1.06838473074952e-08;1.19405901551763e-10;-8.89627519512186;-11.0591198331325;32.3218861318262;0.222152936319061;7.6020599837144
10.2884272035517;1.11417288774225e-08;1.22276149011721e-10;-8.8875756990288;-11.0904095209484;32.3285232955722;0.202652537179104;7.60205998263047
10.641922016781;1.16096094012903e-08;1.24959026325814e-10;-8.87824807835024;-11.119782232674;32.33560605293;0.185415847617948;7.60205998144326
10.9948143887179;1.20875965774409e-08;1.27474043413397e-10;-8.86822602567973;-11.1471013307291;32.3431889916775;0.170179613679302;7.60205998014515
11.3465004242221;1.25759301736915e-08;1.29839297104463e-10;-8.85743852021342;-11.1722773951184;32.3513292651042;0.15669432032262;7.60205997872761
11.6964339709822;1.30750161720499e-08;1.32071966652383e-10;-8.84581019249825;-11.1951611296513;32.360086321928;0.144763386543968;7.60205997718101
12.0440274567524;1.35852940845639e-08;1.34188347153469e-10;-8.83326485855292;-11.215477877185;32.3695194331085;0.134252763205544;7.602059975495
12.3891532250271;1.41080188680426e-08;1.36206826062112e-10;-8.81970429502063;-11.2329531706505;32.3797039746885;0.125032811924543;7.60205997365565
12.7312497621132;1.46439494658452e-08;1.38142351678522e-10;-8.80504012514945;-11.2473497544887;32.3907076219327;0.116979781697444;7.60205997164964
13.0700857559222;1.51945367724102e-08;1.40010877003898e-10;-8.78916334347152;-11.2584905497556;32.4026132482832;0.109964582802492;7.60205996946009
13.4054949524442;1.57615861059313e-08;1.41828144272478e-10;-8.77195412194052;-11.266156161841;32.4155115232639;0.103884520452055;7.60205996706726
13.737501181957;1.63475560586071e-08;1.43610895410733e-10;-8.75327088568382;-11.2700555101431;32.4295091474489;0.0986633257928127;7.60205996444685
14.0658476329766;1.69547924527542e-08;1.45374545578342e-10;-8.73297453381163;-11.2699198825344;32.4447108279951;0.094232032601099;7.60205996157289
14.3907561939399;1.75870356376631e-08;1.47137430433388e-10;-8.71087699796692;-11.2655372078942;32.4612578453749;0.090511785966629;7.60205995841046
14.7120175492776;1.82478217603273e-08;1.48916230446912e-10;-8.68679757354891;-11.2567313631503;32.4792858599581;0.0874324568046678;7.60205995492251
15.0298463585213;1.89423567933757e-08;1.50731420475955e-10;-8.66049910392409;-11.2432711635269;32.4989726761453;0.0849371282208032;7.6020599510599
15.3440628682033;1.96759922406646e-08;1.52603404231056e-10;-8.63174869305881;-11.2249269245155;32.5204928282808;0.0829810425701324;7.60205994676833
15.6549323663574;2.04564364310899e-08;1.54558309719736e-10;-8.60023625998941;-11.2014523461355;32.5440785749615;0.0815184463036848;7.6020599419752
15.962276978039;2.12919863249493e-08;1.56623596344693e-10;-8.5656532151621;-11.1726452710345;32.5699610221781;0.0805054316550318;7.60205993659816
16.2664304205474;2.2194623182268e-08;1.58836003193425e-10;-8.52757967324643;-11.1382277421118;32.5984545324146;0.0799003979073499;7.60205993052485
16.5671900402388;2.31777738072271e-08;1.61236492610459e-10;-8.48559946737147;-11.097919731343;32.6298706460015;0.079670049712032;7.60205992362455
16.8648816932089;2.42607521540693e-08;1.63881774712237e-10;-8.4391468841636;-11.0512946640915;32.6646327874095;0.0797866076691496;7.6020599157166
17.1593642955297;2.54669759568136e-08;1.66840741157425e-10;-8.38763174801219;-10.9979196020138;32.7031826730187;0.0802236035801624;7.6020599065785
17.4508815844679;2.68296294254621e-08;1.70209530474973e-10;-8.33027889038999;-10.9371904651822;32.7461004459165;0.0809558085835006;7.60205989590217
17.7392885003858;2.83919233291709e-08;1.74114058747009e-10;-8.2662429323441;-10.8684370986034;32.7940187804711;0.0819597216490974;7.60205988328609
18.0248828973342;3.02173110500203e-08;1.78738633841849e-10;-8.1943945580418;-10.790677846796;32.8477828110255;0.0832190534501215;7.60205986815246
18.3074862385881;3.23934810906237e-08;1.84340903046596e-10;-8.1134844651993;-10.7028133182029;32.9083274578295;0.0847182463028536;7.60205984970764
18.5874116984771;3.50554721869777e-08;1.91320052533134e-10;-8.02183580184023;-10.6032398997953;32.9769075500906;0.0864581281699492;7.60205982675306
18.8644962561884;3.840559840504e-08;2.00284423972878e-10;-7.91755115299466;-10.4900924793742;33.0549429429731;0.0884494395652151;7.6020597975173
19.1391803058109;4.27796684440503e-08;2.1225280268108e-10;-7.79794770868306;-10.3607981186461;33.1444412637116;0.0906901859316399;7.60205975912884
19.411254974371;4.87340018013802e-08;2.28938763108869e-10;-7.65985496353139;-10.2123368995076;33.2477751187871;0.0931709776143422;7.6020597069348
19.6812620111902;5.72996603638736e-08;2.53550842343592e-10;-7.49861432381918;-10.0402267781605;33.3684307208886;0.0958789630533458;7.60205963257902
19.949030758449;7.04655785472585e-08;2.92366536028568e-10;-7.30830873483221;-9.83875253481785;33.510836051117;0.0987964780860575;7.60205952050116
20.2150223527025;9.25865783232619e-08;3.59301100129561e-10;-7.08006316111203;-9.59921747299856;33.681632631115;0.10191516754225;7.60205933817575
20.4790030645242;1.34275304962955e-07;4.88752209507571e-10;-6.8015535655677;-9.30946641896907;33.8900429415614;0.105234772305961;7.60205901074872
20.7414503082691;2.26771440718972e-07;7.83401997538073e-10;-6.45291842666816;-8.94973588310891;34.1509298033286;0.108789022864025;7.60205833425565
21.0022114888079;4.86160222937748e-07;1.63057035296458e-09;-6.00229174831536;-8.48827321349524;34.4881387170947;0.112638871691991;7.60205662627885
21.2616746032362;1.54328449600563e-06;5.16760337791798e-09;-5.38994958181803;-7.86543651197312;34.9463585348464;0.11692705142499;7.60205071301573
21.5198604133942;9.99570930945387e-06;3.41118360537373e-08;-4.48495105355517;-6.95037032912593;35.6235386675219;0.121988188559604;7.60201495039551
21.7768803029196;0.000394918233793472;1.38164611507338e-06;-2.82459340716234;-5.28042691085488;36.864757521785;0.129055904210706;7.60115978876927
22.0329066909942;0.046225805608823;0.000165212174205716;-0.747126463280968;-3.19388989823168;38.1883048374952;0.136510779230995;7.4467525678901
22.2879399270934;0.176538674689041;0.000640282725990701;-0.291609474973446;-2.7298386710387;37.106722145032;0.135276823300704;6.49634136751136
22.5419994380216;0.393671488076706;0.00144657021425995;-0.0682099981743115;-2.49844553712598;34.4506371207218;0.127926853799611;4.60998337391303
22.7952402880056;0.682610606760024;0.00253809788485292;0.0572725812474248;-2.36549901283329;30.401456985499;0.1148478325719;1.84178274106793
23.0476810744923;0.982477538859352;0.00368917638130889;0.0747690519058021;-2.34105458371646;25.9135348958609;0.0994724979408751;-1.16549796154346
23.2993642408661;1.213924366734;0.00459091325471693;-0.0364029362039731;-2.44577434007502;25.5197507635788;0.0994271577408083;-1.37300854448487
23.5504045481388;1.41565454867474;0.00538776866284953;-0.0949725776042845;-2.49836393334465;25.5658932436397;0.100987963719378;-1.31289003387713
23.8008264715661;1.59764274580517;0.00611585135778593;-0.138629124259367;-2.53649163806284;25.6003707213674;0.102419756885803;-1.26802221705243
24.0506639720227;1.76485278344274;0.00679270902448845;-0.174395281635382;-2.56716027377875;25.6282553019069;0.103741864605666;-1.23150482273811
24.2998040203313;1.92019608052322;0.00742834832520844;-0.205151025732403;-2.59323280311556;25.6519971772655;0.104963766408156;-1.20026077445667
24.5482753630679;2.06568520604951;0.00802957510522495;-0.232445773391005;-2.61623799010057;25.6729033615586;0.106092032417605;-1.17264208515162
24.7962021578331;2.202805392804;0.00860135279616993;-0.257222069736663;-2.63709625933407;25.6917628557802;0.107132123939462;-1.14765031105155
25.0435623206035;2.33259664768286;0.00914703223531669;-0.28008432661452;-2.65639216786488;25.7090777686105;0.108088292626877;-1.12464776172852
25.2904531751762;2.45591845919687;0.00966938978373579;-0.301465107330772;-2.67453712798898;25.7251992914134;0.108964925745755;-1.1031835037687
25.5368471139178;2.57339692195363;0.0101703585684667;-0.321671765031003;-2.69181935413257;25.7403721837142;0.109765847022497;-1.0829403210301
25.7828711343805;2.68560656761397;0.0106517697545507;-0.340947320412021;-2.70846133401668;25.7547880001202;0.110495340801716;-1.06366870995785
26.0284225636384;2.79292661059783;0.0111147120441252;-0.359461628387964;-2.72461561112687;25.7685823450826;0.11115693004069;-1.04519313393278
26.2735848767138;2.89575073515481;0.0115604160612373;-0.377358689592474;-2.74040716183063;25.781871616599;0.111754744304375;-1.02736381379812
26.5183863336878;2.9943932715313;0.0119898382174583;-0.394749767591058;-2.75592954996329;25.7947452153767;0.112292683424967;-1.01006537702674
26.7628378086674;3.08911900250696;0.0124037779434512;-0.411724696762505;-2.77125555421907;25.8072737138794;0.11277459355252;-0.993205745277452
27.0068656426605;3.18012859970363;0.0128028044041796;-0.428352172901317;-2.78643766900407;25.819510078285;0.113204189905561;-0.976715172930092
27.2506094366068;3.26767345911004;0.0131877539271763;-0.444702917176565;-2.80152978095689;25.8315079924585;0.11358550059255;-0.960522420907652
27.4939779805158;3.35189896431243;0.0135590357497809;-0.460820819047326;-2.81656075635156;25.8433023755184;0.113922123530712;-0.944582204387348
27.7369663251082;3.43296498356566;0.0139171562794073;-0.476746594809195;-2.83155622421826;25.8549262509154;0.11421776926663;-0.928852091112068
27.9797090329979;3.51105840941803;0.014262771986401;-0.492531717201294;-2.84655272097511;25.8664106309718;0.114476189257123;-0.913285613974061
28.2223220200001;3.58631612984208;0.0145963459792838;-0.508362985519179;-2.86172186132007;25.8777741398948;0.114701221324887;-0.897776919130047
28.4661122607581;3.65914257560963;0.0149195552826159;-0.524727201154167;-2.87753246313833;25.8892079721206;0.11489827334422;-0.881954846043749
28.7125954810014;3.72985709204207;0.0152337251189626;-0.542278783416326;-2.89462287349198;25.9010256130062;0.115072850506213;-0.865282717472451
28.9632527549996;3.79860773696328;0.0155394390444116;-0.56180353576906;-2.91376509068079;25.9136725613017;0.115230490864417;-0.847069960612222
29.2192618886685;3.86533128014911;0.0158363539688475;-0.583976359607695;-2.93562343199774;25.9276366575581;0.115376101319142;-0.82665316526706
29.4828542717176;3.93009558921821;0.0161247208748024;-0.609597119760633;-2.96098743874688;25.9434112980371;0.115514568957212;-0.80330272754584
29.7565378201642;3.99287549038194;0.0164043853169232;-0.639428064420862;-2.99061144046547;25.9615251595059;0.115650316673876;-0.776284280922362
30.0447205090615;4.0538547755627;0.0166761315032061;-0.67448556012303;-3.02550443137683;25.9825583422338;0.11578786334483;-0.744702041349355
30.3531434396233;4.11313150447456;0.0169403685836884;-0.716262429601536;-3.06715289715984;26.0072033717767;0.115931962114276;-0.707346880265366
30.691214850714;4.17090982516804;0.0171979843939932;-0.767243531257962;-3.11803593346323;26.0365641507595;0.116089053657937;-0.662238789282031
31.081404035316;4.22821561731956;0.0174535367788775;-0.833076707039024;-3.18379528903731;26.0731028082877;0.116271730200912;-0.60490876620727
31.5752592665588;4.28652327806318;0.017713590404594;-0.927874040238954;-3.27853674529646;26.1224428291299;0.11650674857557;-0.524543421833826
32.3706433474928;4.34812288410149;0.017988362011581;-1.11099895999818;-3.46160504093785;26.204688641011;0.116888806139535;-0.378028211902019
34.0004431007116;4.38825206670064;0.0181674259278805;-1.60867393413142;-3.95912616901045;26.3401268537241;0.117534571221345;-0.0386972105304766
40.1669032023999;4.3936180443993;0.0181914015758383;-3.0603870624827;-5.41026557276934;26.4175511975877;0.118035881434737;0.738891772527497
81.1510112979723;4.39416943180504;0.0181938640344231;-4.87115864617467;-7.22124655333845;26.4306839441854;0.118037633616614;1.65305222895048
417.22499053121;4.39423546096496;0.0181941590905781;-6.70669911639861;-9.05653020947359;26.4433558229509;0.118164079416755;2.57928957450578
2764.99801101639;4.39424476447053;0.0181942007000742;-8.40200948573448;-10.7514636519537;26.4561786778599;0.118324028888465;3.43551275221687
13854.9753814861;4.39424654805492;0.0181942086861133;-9.79363699772379;-12.1425992281387;26.4696693647992;0.118518538152245;4.14034071374971
56600.43056785;4.39424697909145;0.0181942106181561;-10.9963758586796;-13.3448732004807;26.4858204805682;0.118717868161562;4.7525019067606
197974.395439087;4.39424710276412;0.0181942111731998;-12.0580957105222;-14.4060422390549;26.5055070583609;0.118956886382724;5.29651590130939
613491.683734786;4.39424714351704;0.0181942113563278;-13.0084304362537;-15.3558343437594;26.5295947096553;0.119213848392858;5.78777792002111
1722963.8247116;4.39424715864071;0.0181942114243709;-13.865459141689;-16.2123324820252;26.5594864761644;0.119494064456576;6.23626495575666
4529312.76952404;4.39424716487514;0.0181942114524531;-14.6533448547814;-16.9997095771683;26.5981299459491;0.119808155223854;6.65602795073383
11884061.0966082;4.39424716768872;0.0181942114651401;-15.4173086976234;-17.7632089319375;26.6534360728508;0.120185747927352;7.07496317024914
35977685.158929;4.39424716905534;0.0181942114713049;-16.246254403302;-18.5919887610698;26.7531086457122;0.120681276561686;7.5560326326983
101074609.114596;4.3942471698123;0.0181942114747129;-16.9344853356284;-19.2810618596944;26.90950180804;0.12115159424005;8.00464185224926
210515600.146679;4.39424717031538;0.0181942114769691;-17.3375454901216;-19.6857887660801;27.0847816905976;0.121473645034494;8.32328417390221
365828190.093246;4.39424717073915;0.0181942114788606;-17.5640720841863;-19.9143984424559;27.2744561107553;0.121739002986398;8.56327710029439
563122879.790071;4.39424717116262;0.0181942114807397;-17.6682988803912;-20.0211694640981;27.4768273207905;0.12192590860888;8.75060312476255
792388247.915318;4.39424717164126;0.0181942114828517;-17.6803253587278;-20.0356503372933;27.689838222587;0.122178683111466;8.89893798696285
1038418987.28447;4.39424717222515;0.0181942114854128;-17.624656346169;-19.982565494835;27.9072606915715;0.122407509147603;9.01637258567789
1296299540.3926;4.39424717300883;0.018194211488831;-17.5172807791533;-19.8776196503828;28.1317942816142;0.122703955146761;9.11270533237659
1554920839.32718;4.39424717410506;0.0181942114935865;-17.3727638771361;-19.7354646889429;28.3581849188298;0.123020536970523;9.19170824591401
1806223424.63935;4.39424717568003;0.0181942115003852;-17.2029255961809;-19.56777073689;28.5826610026619;0.123383622772904;9.25677142424866
2045295193.38954;4.39424717797914;0.0181942115102651;-17.0169680209197;-19.3837751456583;28.8026184190895;0.123772694669794;9.31075593795912
2272378126.78771;4.39424718142468;0.0181942115250121;-16.8189265102551;-19.1874823254171;29.0192560369208;0.124202534758414;9.35648051790429
2490401677.4947;4.39424718679379;0.0181942115479107;-16.6086015189173;-18.9786931755155;29.2362016107357;0.124689330046274;9.39626928090341
2699826073.0295;4.39424719539214;0.0181942115844682;-16.3866123222268;-18.7580510194902;29.4548077701522;0.125232628338469;9.43133560686516
2901309320.26668;4.39424720957833;0.0181942116446358;-16.1523728880406;-18.5248761610137;29.6768812827814;0.125867899996889;9.46259375058205
3093321737.08522;4.3942472333431;0.0181942117452765;-15.9073957987107;-18.280555891643;29.9018601958857;0.126630439358215;9.49042463756624
3276172227.3601;4.39424727423307;0.0181942119183495;-15.6504793450449;-18.0238667751143;30.1314485146383;0.127535937813451;9.51536596890263
3450742107.79049;4.39424734726974;0.0181942122277905;-15.378428356524;-17.7513915088828;30.3687755642237;0.128666097743219;9.53791121337534
3617293053.43824;4.39424748329796;0.0181942128065938;-15.0879180885573;-17.4590160484923;30.6168088399253;0.130275264230524;9.55838141587078
3774891368.19999;4.3942477471197;0.0181942139390067;-14.7762409903412;-17.1435467940807;30.8777589178128;0.132537864359252;9.57690028446781
3922941824.88142;4.3942482883253;0.0181942162995984;-14.4370474702524;-16.7973888648731;31.1565791668664;0.13589653192186;9.59360388153813
4061077425.10922;4.39424949453777;0.0181942217708969;-14.058881802161;-16.4022152082156;31.4620305839752;0.142709650598665;9.60862505948191
4190362570.43935;4.39425260435929;0.0181942368436629;-13.6188131632882;-15.9333556718416;31.8116424233539;0.154185517796919;9.62221535838542
4312268888.91857;4.39426300507247;0.0181942791968515;-13.0689630961372;-15.4591401035403;32.2417724120298;0.131293099381129;9.63460938897594
4426180248.66783;4.39431989833142;0.018194466653123;-12.3015062243829;-14.783667061305;32.8327299993962;0.108179796050233;9.64566763503539
4527212958.3772;4.3960048090057;0.0181998678336587;-10.7778851193252;-13.2719733070635;33.9821121475015;0.108933681465984;9.65180745817643
4610714916.72695;4.46767230582182;0.018439968359004;-9.06637442519022;-11.5413035506947;34.8092540038332;0.116618000411587;9.34871209959762
4678219569.37325;4.57258052346912;0.0188053552362166;-8.80852419830463;-11.2665807611819;33.7424853259864;0.117522360203505;8.50703660156363
4723733015.55801;4.66657965705296;0.0191206347625751;-8.68501587003337;-11.1594439512171;32.7419957335655;0.109818894210361;7.77679635160794
4748845530.51427;4.73179471739499;0.0193170008077732;-8.58554230795095;-11.1068238148665;32.3065163619912;0.0972766538719757;7.43607108228221
4759492609.11398;4.76563397848259;0.0194092902889127;-8.49780958892396;-11.062078255814;32.1755845498932;0.087752152618968;7.30470551806443
4762718279.15602;4.77708925770246;0.0194390860565221;-8.44961426129533;-11.0344653624238;32.1455467294678;0.0836122124693318;7.26053099902605
4764201784.41987;4.7828016225259;0.0194535239122432;-8.41447315552342;-11.0117863940907;32.1372697426247;0.0812261258086685;7.23742618692063
4765044803.86759;4.78628893222033;0.0194621631405228;-8.38334707643872;-10.9893626437495;32.1382860137879;0.0796172447291961;7.22253949938492
4765563606.43491;4.7885928248953;0.019467787250979;-8.35253987259399;-10.9649482750149;32.1457457255538;0.0784720688687828;7.21211819185662
4765897480.91429;4.79019284094648;0.0194716497611931;-8.31945888434774;-10.9367135829269;32.1589861169805;0.0776332289044176;7.20442283144201
4766110820.37497;4.79130662685487;0.0194743159247219;-8.28226947397066;-10.9031844095741;32.1782615067292;0.0770278260874525;7.19870588943438
4766245937.55103;4.79208694885174;0.0194761718732802;-8.23843671028688;-10.8621446252784;32.2046535725592;0.0765968159421201;7.19442251448735
4766328645.99688;4.79262685837832;0.019477449701164;-8.18522886966132;-10.8110774994977;32.2397227474551;0.0763031853723813;7.19124937522749
4766377171.78253;4.79299599195107;0.0194783199800316;-8.11878902936014;-10.746314137515;32.2859724652239;0.0761182445365887;7.18893061596485
4766403719.51509;4.793240809881;0.0194788953784801;-8.03518421246208;-10.6640587473624;32.3460881301158;0.0760233898308048;7.18729395336987
4766417069.31285;4.79339775249831;0.0194792632694994;-7.92973379564875;-10.5597555004072;32.4233452467744;0.0760039416686029;7.18618755955072
4766423048.6195;4.79349318723269;0.0194794864355518;-7.79694435763623;-10.4280226954621;32.521671257482;0.0760491768498962;7.18548880220588
4766425207.39498;4.7935421127336;0.0194796005794185;-7.64467219631007;-10.2767548963359;32.6350670498011;0.0761380604375756;7.18511752895991
4766425869.14579;4.79356464377263;0.0194796530104698;-7.46791325887307;-10.1011059136569;32.7670848263766;0.0762509309993122;7.18494506419235
4766426013.85774;4.79357245993966;0.0194796711422753;-7.26751057347567;-9.90206335334441;32.9169656342298;0.0763601924368778;7.18488578921506
4766426036.4471;4.7935745683699;0.0194796760141413;-7.02994464041842;-9.66620853690573;33.0947228673308;0.0764706624134327;7.18487035467371
4766426041.48471;4.79357567385389;0.0194796785557149;-6.65867208806804;-9.29712185302501;33.3725505201661;0.0767254835566637;7.18486325378591
4766426044.08332;4.79357860634085;0.0194796852553663;-5.9475048443697;-8.58868872814196;33.9047250715108;0.0774597950085318;7.18484981038826
4766426045.85561;4.79363007977471;0.0194798020272492;-4.53695287018862;-7.18119772882689;34.9601197072755;0.0793100187221509;7.18473102616209
4766426047.1746;4.8186993955245;0.0195362536826311;-1.72109862748779;-4.3685644261803;37.0052015626153;0.0833291545250977;7.14319401382008
4766426048.26731;4.9473027060911;0.0198235359512225;-0.929253344791685;-3.58019667169644;36.3266281886265;0.0811487364541792;6.29388410190327
4766426049.2064;5.13311392836191;0.0202350949251557;-0.703632084502653;-3.35827194883726;34.1564788695594;0.0756542324243409;4.73109346724073
4766426050.03292;5.35803302921032;0.0207288333776353;-0.565231520493664;-3.22376090766561;31.0790693647912;0.0682242261986473;2.6057278958385
4766426050.7675;5.58657012488705;0.0212258731434708;-0.507082419587151;-3.16964798751118;27.6519130606321;0.0601394725519737;0.286805102821194
4766426051.43777;5.75415695591757;0.0215868235002908;-0.60200554542225;-3.26879795873199;25.9737934962983;0.0559426416312638;-0.786959121927223
4766426052.05147;5.89987713358124;0.021897520890245;-0.62443569478446;-3.29561778191708;25.9744725916345;0.0553814919048791;-0.775291119939643
4766426052.63351;6.02888084283941;0.0221696228804335;-0.654355490810813;-3.33022597033145;25.9895538075564;0.0548186509970274;-0.750255585640253
4766426053.1792;6.14793713278742;0.0224179098334428;-0.661192559346739;-3.34199100538216;25.9986260172851;0.0542190558691212;-0.740776339747818
4766426053.70066;6.25985714271832;0.0226485032075951;-0.668312910049844;-3.35437382590721;26.0076882934861;0.0535847039434511;-0.731162127011649
4766426054.19611;6.36479150229499;0.0228619485119783;-0.674079625925915;-3.36571073712084;26.0112553306517;0.0529090789121595;-0.725896387234025
4766426054.67427;6.46533445874546;0.0230636715722166;-0.677226701710764;-3.37482280515558;26.0144027933404;0.0521936605706647;-0.72222084456205
4766426055.12761;6.55996515361167;0.0232508186341718;-0.680390692084809;-3.38423970771882;26.0170729769446;0.0514528480974494;-0.718855755713653
4766426055.56548;6.65059971979981;0.0234273359860301;-0.684044734959986;-3.39455119188129;26.0194141619496;0.0506746849236092;-0.715465492989582
4766426055.98646;6.73688138662607;0.0235926717599736;-0.688352259642519;-3.40590395336928;26.0219799778341;0.0498641757563682;-0.711598428927382
4766426056.39556;6.81974977952897;0.0237487358263715;-0.693435053858941;-3.41852105166879;26.0250871459811;0.0490124254385219;-0.706982063134089
4766426056.79167;6.89891631489895;0.023895096074716;-0.699278936171649;-3.43239743741432;26.0287865401988;0.0481210860665463;-0.701589490520934
4766426057.18187;6.97571582456008;0.0240342566274673;-0.705919949173006;-3.44776225127603;26.0330655520987;0.0471718609666402;-0.695411133123659
4766426057.55579;7.04812574480078;0.0241627051099525;-0.712986676015953;-3.4640557673278;26.0377080378531;0.0461884790611091;-0.688777082598242
4766426057.92484;7.11837150051694;0.024284459917647;-0.720465151110059;-3.48159912111174;26.0427648617402;0.0451391232857801;-0.68166037084647
4766426058.2881;7.18629529968722;0.0243992491815031;-0.728195931171656;-3.50031662964467;26.0481314755921;0.0440205918019125;-0.674210571008078
4766426058.64572;7.25196367820702;0.0245071921221857;-0.736068112837649;-3.52023016033385;26.0536860751985;0.0428259621140122;-0.666564519130711
4766426058.98683;7.31350548465936;0.024605410085379;-0.743717218273641;-3.54069653467336;26.059149459157;0.0415892338878704;-0.659090958268765
4766426059.32869;7.37410043250836;0.0246989664090431;-0.751415275010017;-3.56277854336045;26.0647284372446;0.040242961772471;-0.651515760645731
4766426059.66335;7.43240385133535;0.0247857581160254;-0.758911710325973;-3.58612750225278;26.0702415299987;0.0388087149836662;-0.644085434710175
4766426059.99395;7.48903655979319;0.0248666906757224;-0.766233981555925;-3.6111780375301;26.075680883662;0.0372641827880641;-0.636791510692366
4766426060.31515;7.54317975621135;0.0249406496374035;-0.773224409747901;-3.63777749569558;26.080912249068;0.0356262156142146;-0.629802497813528
4766426060.63318;7.59596256547814;0.0250091500154201;-0.77997737853064;-3.66677691140956;26.0860146292374;0.0338538605252599;-0.623018442298489
4766426060.94621;7.64714891381613;0.0250718187180218;-0.786429504154005;-3.69853294818859;26.0909409551679;0.0319437793945167;-0.616502469556788
4766426061.25669;7.69720084311563;0.0251290995027301;-0.792626311706055;-3.73403817525737;26.0957061843522;0.0298646335650896;-0.610221827007809
4766426061.55838;7.74518734465951;0.0251799244819605;-0.798439226760249;-3.77348110576972;26.1002005654928;0.0276440688312559;-0.604314085686222
4766426061.85435;7.79167317761346;0.0252248840769073;-0.80392142349383;-3.81841965083892;26.104473178495;0.0252474026133779;-0.598719864398123
4766426062.14771;7.83720049250682;0.0252643422494584;-0.809129910983646;-3.87126498060591;26.1085682100606;0.0226280946264287;-0.593381130165575
4766426062.43624;7.88147538893197;0.0252978811802335;-0.814032512801751;-3.93464085356109;26.1124465749711;0.019780589199724;-0.588340044412372
4766426062.71963;7.92450425706766;0.0253253689993627;-0.818627591201865;-4.01324722893261;26.1161041876774;0.0166835610457042;-0.583600115558443
4766426062.99858;7.96644082765556;0.0253467239355661;-0.822927105385875;-4.11602173969153;26.119558081153;0.0133005987057486;-0.579143937264041
4766426063.27406;8.00747414938493;0.0253617758219512;-0.826956832103992;-4.26250257598941;26.1228211962401;0.00958240084233564;-0.574949913542264
4766426063.54705;8.04778436472137;0.025370217405426;-0.830739566936245;-4.50973076572891;26.1259027489092;0.00547116871168761;-0.571000402681297
4766426063.81628;8.0872171418452;0.0253716242407917;-0.834258215971298;-5.28187230279815;26.1287944483166;0.000932191815401027;-0.567309369660091
4766426064.08132;8.12574719955514;0.0253655961444455;-0.837515540322517;-4.64313501485628;26.1314985136937;-0.00408831961519407;-0.563873798706462
4766426064.34241;8.1634397655242;0.0253516670823678;-0.840528652734199;-4.27286248242253;26.1340182358614;-0.00965766996725744;-0.560682735400843
4766426064.59885;8.20022613182116;0.025329373479295;-0.843295922497551;-4.06080254902806;26.1363536731505;-0.0158393870668219;-0.557736699464372
4766426064.85209;8.23634171427727;0.0252979212449037;-0.845838685294499;-3.90588180515927;26.1385261963877;-0.0227634443822679;-0.555010383317204
4766426065.10064;8.27159966910174;0.0252567837039252;-0.848155709333807;-3.78117449839254;26.1405250234359;-0.0304996964430569;-0.552511164215593
4766426065.34404;8.30595987319385;0.0252053216549;-0.850269266037522;-3.67483792662761;26.1423446934995;-0.0391539765201712;-0.550230975135171
4766426065.58226;8.33943364166772;0.0251427561543841;-0.852270526778435;-3.58064021150768;26.1439789279138;-0.0488654609766669;-0.548127652833559
4766426065.81527;8.37202349740666;0.025068213422614;-0.854294443673523;-3.4949715773962;26.1454499673441;-0.0598024513988971;-0.546117830675484
4766426066.04304;8.40372198298121;0.0249807371960546;-0.856463180269358;-3.41561165343402;26.1468167120542;-0.0721556510051942;-0.544099711997462
4766426066.26552;8.43450985942535;0.0248792982432426;-0.858916474826094;-3.34109145264073;26.1481417523938;-0.0861520969838424;-0.541959791727664
4766426066.48262;8.46435642660264;0.0247628094718793;-0.861758091595286;-3.27036841458947;26.1495067020514;-0.102059439177253;-0.539589229908223
4766426066.69424;8.49322893860558;0.0246301032629037;-0.865072818388006;-3.20266614611265;26.1509811546019;-0.120197285558792;-0.536895867288304
4766426066.90026;8.52109159137314;0.0244799394110356;-0.868895710350048;-3.13735277314126;26.1526316294246;-0.140947810487562;-0.533813315846514
4766426067.10043;8.54789382537059;0.0243110836222627;-0.873210493891611;-3.07386553451926;26.1545003806091;-0.164775025550087;-0.53031545651898
4766426067.29448;8.57359567194501;0.024122150283872;-0.877963891871379;-3.01161962015656;26.1565980567414;-0.192276199980143;-0.526413380533753
4766426067.48149;8.59807538333887;0.0239123930668568;-0.88305809889226;-2.95014747991709;26.1588927882948;-0.224145475540579;-0.522165730739323
4766426067.6607;8.62124816437953;0.0236807610247499;-0.888385688141606;-2.88856521014575;26.16131707763;-0.261505051476792;-0.51765341455472
4766426067.83141;8.64304531746519;0.0234255929274251;-0.893843638345395;-2.82541703739483;26.163764961504;-0.306285784104139;-0.512968374743153
4766426067.99312;8.66343494796436;0.0231429085884493;-0.899347434709081;-2.75745504151231;26.1660746295278;-0.362769669148401;-0.508196926443234
4766426068.14823;8.68274148247102;0.0228204924531169;-0.904931137537722;-2.68221869515207;26.1680643494183;-0.437002620732319;-0.503327342029393
4766426068.30062;8.70145862724763;0.02245057632641;-0.910715519633314;-2.61485185420609;26.1698632182543;-0.517207862293146;-0.498268719194283
4766426068.45949;8.72068764152384;0.0220249168697084;-0.917071136814689;-2.57196587230509;26.1721510214356;-0.579354896952876;-0.492703732902412
4766426068.63342;8.74138675800731;0.0215528722868622;-0.924427870825345;-2.56639666128638;26.1759031640689;-0.596943028924571;-0.486258287232012
4766426068.82166;8.76335719964994;0.0210876439540439;-0.93288424651886;-2.60705687779157;26.1815912942631;-0.554400237668669;-0.478847652862587
4766426069.01856;8.78584403171928;0.0207104456121106;-0.942303526034356;-2.71766202762477;26.1890565282322;-0.439300149918317;-0.47059186606147
4766426069.22181;8.80850942552984;0.0204992293358956;-0.952673251483202;-2.98330913914233;26.1974023851534;-0.244130670066621;-0.46151120905115
4766426069.43085;8.83121696554779;0.0204771959242418;-0.964060641840657;-3.97714898154518;26.2048718501283;-0.0254269167137149;-0.451569264878232
4766426069.64316;8.85363437778535;0.0205560796691187;-0.976372934391393;-3.42997089275264;26.2115651624517;0.0922348394715925;-0.440842070675808
4766426069.85989;8.87582830630869;0.0206660070177521;-0.989690817026618;-3.29481924682794;26.2188073230909;0.129862722155041;-0.429239180128022
4766426070.07866;8.89751082949277;0.0207928810830219;-1.00388746718739;-3.23662443096622;26.2265710645938;0.153463305944725;-0.416869491626017
4766426070.3007;8.9187613122611;0.0209303029170608;-1.01904970545063;-3.20836276588798;26.2349000720708;0.169654879046093;-0.403657683112908
4766426070.52458;8.93941240861714;0.0210727079596863;-1.03508107448771;-3.19649881942929;26.2437349141912;0.180970546293263;-0.389689281209834
4766426070.75055;8.95946018479314;0.0212169158742336;-1.05198692905141;-3.19506403766031;26.2530698175697;0.18884391044775;-0.374962834276443
4766426070.9783;8.9788563553282;0.0213602944365562;-1.06972750848515;-3.20095928101184;26.2628718659561;0.194137951292776;-0.359518045675715
4766426071.20754;8.99756449018419;0.0215008845158785;-1.08826069887818;-3.21233651473626;26.2731040670955;0.197440194507422;-0.343398796626781
4766426071.43833;9.0155801873034;0.0216374028279151;-1.10756797004419;-3.22802813203607;26.283740142782;0.199171412272129;-0.326630293106296
4766426071.67028;9.03287065245919;0.0217686769854776;-1.12759269384487;-3.24722013092843;26.2947308588394;0.199637118534777;-0.30927241040765
4766426071.90356;9.04944949824523;0.0218941370290839;-1.14832532886574;-3.26937418653931;26.3060515217707;0.199070454820849;-0.291345290735456
4766426072.13798;9.0653084684577;0.0220132407758553;-1.16972641692135;-3.29407597655473;26.3176596635431;0.197650404167862;-0.272896099917765
4766426072.3733;9.08044057603992;0.0221256107442532;-1.19175078750751;-3.32099994904391;26.3295090193092;0.195521085239261;-0.253977531191692
4766426072.60969;9.0948693481819;0.022231216311371;-1.21439467836973;-3.34993724036298;26.3415747300757;0.192796511773407;-0.234607405821444
4766426072.84674;9.10858617084362;0.0223298890460136;-1.23760051663358;-3.38065687599722;26.3538028854596;0.189577562025069;-0.214849924678625
4766426073.08488;9.12163107403241;0.0224218850402616;-1.26139168258648;-3.41306362555705;26.3661819487113;0.185941059722117;-0.194700625488619
4766426073.32355;9.13399329759832;0.0225071629486436;-1.28569666894923;-3.44695672248133;26.3786510182388;0.181966955441425;-0.174235471623866
4766426073.56303;9.14570828445419;0.0225860502847038;-1.31052920704971;-3.48226372205393;26.3911937882105;0.177715177918024;-0.153458123088433
4766426073.80312;9.15678750916773;0.0226587458612992;-1.33585329447721;-3.5188546799144;26.4037691624791;0.173246528812769;-0.132413685653865
4766426074.04381;9.16725394949352;0.0227255430471335;-1.36165946264877;-3.5567002982823;26.4163450808613;0.168590032189142;-0.111128118459014
4766426074.2851;9.17713020221954;0.0227867182818261;-1.38795587761398;-3.59597242813788;26.4288817807844;0.163705110678422;-0.0896240051360405
4766426074.52691;9.18643535761091;0.0228425149327392;-1.41475377420635;-3.63686927220375;26.4413326221786;0.158550582332681;-0.0679269690691903
4766426074.76965;9.19520516229397;0.022893261268886;-1.44214061176618;-3.67972584090716;26.4536705733015;0.153073746536472;-0.0460114382743044
4766426075.01357;9.20346648047027;0.022939237064624;-1.47019864331137;-3.72471873756764;26.4658631495446;0.147287526303751;-0.0238578103622798
4766426075.2598;9.21126889170428;0.0229808570655946;-1.49911907801801;-3.77204582852637;26.4779197296051;0.141239805464147;-0.00136391196330771
4766426075.50917;9.21864405427402;0.0230184444792658;-1.52907693050221;-3.82180608470878;26.4898294668841;0.135005048205658;0.0215508855534637
4766426075.76378;9.22564996831225;0.0230524589422182;-1.56041075777578;-3.87421194368493;26.5016374957363;0.128668288228676;0.0450863753847005
4766426076.02555;9.23232501030359;0.0230832553658804;-1.59346311859702;-3.92941683517174;26.5133654746727;0.122323850086728;0.0694286420393166
4766426076.29613;9.23868881806358;0.0231111018620912;-1.62857145531758;-3.98751794939509;26.5250022840878;0.116067047191105;0.0947392545399954
4766426076.58107;9.24482834862533;0.0231365318715902;-1.66662661887998;-4.04941526204498;26.5366729935932;0.109915219007747;0.121547206985568
4766426076.88252;9.25073149838382;0.0231596533780081;-1.70812292021225;-4.11519059537283;26.5483125125328;0.10398465281314;0.150056415819383
4766426077.21257;9.25653325955037;0.0231811119378982;-1.75501799690394;-4.18697727112932;26.5601626783179;0.0982361778024863;0.181407085814954
4766426077.58669;9.262328153442;0.0232013251330105;-1.80996405023389;-4.26737457024471;26.5723981150982;0.0926872998448185;0.21704195212179
4766426078.05412;9.26847518329756;0.0232214745496465;-1.88105756888709;-4.36546041433497;26.5858257495345;0.087145970041941;0.261547900947738
4766426078.77077;9.27573795998165;0.0232436643283289;-1.9942038421451;-4.50915356215767;26.6024009777767;0.0812776456985997;0.329183381188101
4766426080.18104;9.28419438735997;0.0232678430349003;-2.2221161439977;-4.76587000283961;26.622720457298;0.0761199638183224;0.456705773835163
4766426084.97888;9.29061714250966;0.0232857801302157;-2.87332388762101;-5.42729313770973;26.6402111689481;0.0743992252267415;0.793992739904544
4766426115.38655;9.29200516282482;0.0232896480274745;-4.34058737568247;-6.89550826861058;26.6485638630129;0.0742596531130552;1.5332050599454
4766426367.70991;9.29217807958915;0.0232901293063691;-6.16412034817219;-8.71956063136962;26.6600208549369;0.0742027843098775;2.4526264984484
4766428432.75783;9.29219959602997;0.0232901891236097;-7.9821597024805;-10.5381037605166;26.6729100791806;0.0741525931011641;3.37025807194872
4766444871.61578;9.29220240622639;0.0232901969230603;-9.76713496508831;-12.3238076345326;26.6893479243539;0.074073914131691;4.27372855234642
4766517083.54174;9.29220296253069;0.023290198463914;-11.113296517248;-13.6708475051952;26.7075908298058;0.0739747874715194;4.95899800329233
4766775269.33767;9.29220310716031;0.0232901988635475;-12.2516750815358;-14.810270455048;26.7298247534958;0.0738585433076525;5.5430425071695
4767548001.06148;9.29220315273198;0.0232901989891199;-13.2293338640818;-15.7891345517247;26.7568909503312;0.0737284257607729;6.04995575065583
4769631988.18818;9.29220316945396;0.0232901990350472;-14.0956073129806;-16.656824215871;26.7910996439052;0.0735823471146976;6.50594851092819
4775086970.66777;9.29220317637636;0.0232901990539835;-14.8965366850835;-17.4594992560816;26.8377193007579;0.0734147011492201;6.9375614950326
4791601877.00515;9.29220317952194;0.0232901990625386;-15.7201747103845;-18.2856523741475;26.9149522835216;0.0732008207360471;7.4009828141079
4849480124.19639;9.29220318113073;0.0232901990668732;-16.55601704036;-19.1255630921147;27.065304991758;0.0729233940446689;7.91936063573841
4965704769.87883;9.29220318213733;0.023290199069558;-17.0624410090847;-19.6363839155386;27.2552172654684;0.0726953684225927;8.29946078515699
5136364145.8381;9.29220318294637;0.0232901990716946;-17.3241591002975;-19.9024087237201;27.4614746555877;0.0725227445738373;8.5681289730756
5354557050.37105;9.29220318375043;0.0232901990737977;-17.4335508997858;-20.0159837588481;27.6809625881076;0.0724016275979781;8.76947401120059
5602579341.7549;9.29220318465884;0.0232901990761515;-17.4362109328721;-20.0227107231338;27.9076834284846;0.0723142685362806;8.92228585301915
5866802284.80505;9.29220318579724;0.0232901990790749;-17.3656734087227;-19.9560909959437;28.1389574437282;0.0722587451719166;9.04154115364272
6136180218.95761;9.29220318733609;0.0232901990829922;-17.2431667097521;-19.837373543424;28.3729713844368;0.0722267355485948;9.13664257881202
6400407314.29184;9.29220318950465;0.0232901990884673;-17.0858072008665;-19.6835840113784;28.6053829095007;0.0722222401588273;9.21324701066134
6656320928.32667;9.2922031927017;0.0232901990964769;-16.903342877177;-19.5044840436196;28.8365050133069;0.0722439454903706;9.27643756820996
6900465969.63362;9.29220319753355;0.0232901991084946;-16.7035352015973;-19.3078251939871;29.0650018292491;0.0722903557941395;9.3292024287715
7133650743.49134;9.29220320509434;0.0232901991271734;-16.4891326523277;-19.0963515460874;29.2928541920009;0.0723673710777431;9.37423932140509
7355034153.14425;9.29220321717784;0.0232901991568401;-16.2629523643144;-18.8728761445704;29.5202256094269;0.0724762796447676;9.41306606117632
7565898190.74657;9.29220323709708;0.0232901992054659;-16.0247296806897;-18.6371355322322;29.7493991775672;0.0726226926876433;9.4470757632091
7766838253.40648;9.29220327093259;0.0232901992876402;-15.7736938964681;-18.3883307539079;29.9823164011446;0.0728162527262299;9.47718029310445
7959740069.60408;9.29220333107123;0.0232901994330362;-15.5061827036214;-18.1227838435083;30.2230064268716;0.0730695652885213;9.50424056400703
8145300798.5083;9.29220344337131;0.02329019970352;-15.2181060092742;-17.836344816064;30.4752987680705;0.0734022149502544;9.52877022417125
8322438516.04782;9.29220366324009;0.0232902002316442;-14.9061474803518;-17.5255749868218;30.741960339283;0.0738421020995054;9.5509598463914
8490284730.75227;9.29220412039971;0.0232902013283311;-14.5648436815142;-17.1848288851048;31.0273446987804;0.0744319517059713;9.57098658091313
8648310920.12498;9.29220515369487;0.0232902038085492;-14.1845046749538;-16.8042391930677;31.3389704747178;0.0752229233404495;9.58902906350586
8797730116.31541;9.29220787782787;0.0232902103694566;-13.7391780877712;-16.3574424886895;31.6967485487237;0.0763396762255979;9.60541463035345
8937569090.47307;9.29221701790403;0.0232902325723077;-13.1846784150882;-15.7992194831949;32.1337867957116;0.0780586147232298;9.62017179540493
9067677337.93075;9.29226910026976;0.0232903612846411;-12.3976141240688;-15.0046846630913;32.7423842065265;0.0809169978324346;9.63327463036848
9189144051.83853;9.295069517642;0.0232975680276079;-10.637234519377;-13.2267182495511;34.0704136122707;0.0876786139483867;9.64040276002609
9304208428.03393;9.40533589820593;0.023608216072786;-9.01849776802456;-11.5686722622812;34.4055896901577;0.0969291739312325;9.0549860109002
9411500979.11847;9.54232269369012;0.0239569154102965;-8.8938908651996;-11.4881184493255;32.746587510852;0.0833563069374791;7.88420641142376
9506827741.7757;9.66065666124706;0.0241837024595495;-8.90610541843322;-11.6235965940191;32.2270799409057;0.061763198823894;7.5431754025456
9582723518.32017;9.78468514696517;0.0243924703909758;-8.78669616753919;-11.5605538208704;32.1700293912833;0.054149419393907;7.44534385433579
9632296290.28078;9.93031043013719;0.0246367166729031;-8.53200642116046;-11.3074152426944;32.0653937827776;0.0537808616703322;7.24808695855884
9656105038.45331;10.1341595403425;0.0249757698206356;-8.06742774135628;-10.846468780793;31.8711992409283;0.0530099464930872;6.88604683039582
9662986677.23206;10.574668235749;0.0257005234599922;-7.19373738693756;-9.97750146766546;31.4713758695748;0.0517787604078699;6.18205960840344
9663859240.63416;11.6170604540146;0.0274113925492476;-5.92276583283743;-8.70758021357334;30.588103527399;0.0502039826343311;4.95641434268567
9663916925.66392;12.5968758081204;0.0290194367252302;-4.76991888029294;-7.55476514557963;29.5470981473749;0.0484918295002974;3.684450898092
9663921211.19699;13.2445843053932;0.0300825407663644;-3.82062525554421;-6.6054290811153;28.819301784977;0.0473020136670695;2.72353193530347
9663921664.1549;13.8240619624713;0.0310337662352179;-2.89302115678523;-5.67777438240802;28.1447620528846;0.0462002531978843;1.80903993123149
9663921719.54663;14.3640593855807;0.0319202981273935;-2.01105320696354;-4.79575053075427;27.4180162859673;0.0450130775027313;0.882485692053786
9663921728.28726;14.626210904293;0.0323507431797322;-1.52299060281806;-4.30762526058164;26.8486264297165;0.0440846517522894;0.2580196081969
9663921731.60546;14.7612809734587;0.0325725637546742;-1.3903433264927;-4.17490062213073;26.6180850977989;0.0437138958817442;0.0376606755400308
9663921733.69734;14.8651239708218;0.0327431355756383;-1.30415932223456;-4.08862925165573;26.5501025381888;0.0436110229068421;-0.0508536076509786
9663921735.2102;14.9635419988368;0.0329048318305255;-1.18672498828808;-3.97109968603829;26.4830809193731;0.0435104735271211;-0.154351006711906
9663921736.38072;15.0576800859433;0.0330595331372798;-1.094613052114;-3.87888443909611;26.395170299184;0.0433763576762553;-0.259144114882069
9663921737.35868;15.1471708817508;0.033206635555521;-1.03854467626427;-3.82270323415272;26.3294304890901;0.0432795670315534;-0.331102098499356
9663921738.18253;15.2298603677234;0.0333425949671516;-0.998393159497748;-3.78243417521658;26.2894765712959;0.0432255893801701;-0.377872904808429
9663921738.90309;15.3084220438184;0.0334718038307416;-0.962464052147794;-3.74638248577821;26.2597557081247;0.0431889104440192;-0.415695328775656
9663921739.56108;15.3859711227207;0.0335993856842953;-0.928638544063788;-3.71242628042173;26.2326100205071;0.0431572503160575;-0.450745358366933
9663921740.15344;15.4607700997395;0.0337224813300967;-0.898692527742597;-3.68234549493101;26.2078324970088;0.0431298688144186;-0.482273361665608
9663921740.68475;15.5318701511767;0.0338395262834755;-0.873475803087689;-3.65699302502331;26.1860255339106;0.0431074531711283;-0.509451950223766
9663921741.18676;15.6024020533671;0.033955673575884;-0.852327070617212;-3.63570357709459;26.1666804628626;0.0430895664613249;-0.532951638201097
9663921741.65232;15.6703217743564;0.0340675552710743;-0.835978838844284;-3.61921569400452;26.1507538966005;0.0430771892734947;-0.551767014758915
9663921742.0929;15.7364138269615;0.0341764609437478;-0.823879661778567;-3.60697839978313;26.1381131973812;0.0430700619511074;-0.566262424350605
9663921742.51015;15.8002522442453;0.0342816861752123;-0.815307944777295;-3.59827016625169;26.1286629030092;0.0430680257876964;-0.576862447008183
9663921742.91041;15.8623544681695;0.0343840814226754;-0.80923811168379;-3.59206546461249;26.1218187339819;0.043070117693615;-0.584470254976327
9663921743.29061;15.9219321249843;0.0344823431438322;-0.804925866965081;-3.58762491842;26.1169715175163;0.0430748490275823;-0.589865013068099
9663921743.66072;15.9803704989599;0.0345787529681718;-0.801634415683979;-3.58421124747379;26.1134248525215;0.043081121729898;-0.593880416486098
9663921744.02036;16.0375049352479;0.0346730361728469;-0.798974795387593;-3.5814384064748;26.1107659566973;0.0430879667475382;-0.596986745723226
9663921744.36572;16.0926539073519;0.0347640642048245;-0.796736763240606;-3.57909903207619;26.1086854891561;0.0430945884742655;-0.59949580746759
9663921744.70284;16.1467365148896;0.0348533502244085;-0.794724510952633;-3.57699867112759;26.1069305728756;0.0431004350665708;-0.601674464850088
9663921745.03077;16.1995732075935;0.0349405934604776;-0.792848646282709;-3.57505250527988;26.1053905737034;0.0431048696643392;-0.603641334282935
9663921745.35003;16.2512223266389;0.0350258852513231;-0.791073322198098;-3.57322900730746;26.1039820725889;0.0431073253585331;-0.605470075878464
9663921745.66218;16.3019090599693;0.0351095902446766;-0.789478326604365;-3.57162126297322;26.1026215309787;0.0431063439720606;-0.607176613095674
9663921745.96857;16.351788086439;0.0351919563102513;-0.788346884347684;-3.57051653145694;26.1013170796066;0.0431015387894349;-0.608613901428547
9663921746.26914;16.4007583078213;0.0352728093620392;-0.788021158810694;-3.57025680923094;26.1002358852338;0.0430932036682497;-0.609499167317786
9663921746.56323;16.4485784503174;0.0353517437611661;-0.788864158292834;-3.57120871686858;26.0995791120769;0.0430813144239755;-0.609516499879465
9663921746.85052;16.4950501471292;0.0354284254855916;-0.791135728934837;-3.57363238824143;26.0995896311787;0.0430662462751037;-0.60837370268698
9663921747.1358;16.5407757159314;0.0355038414248233;-0.79510384482524;-3.57779981727393;26.1004814891075;0.043047957137864;-0.605793774705914
9663921747.41673;16.5852118361374;0.0355770893008975;-0.800870160184835;-3.58381125688636;26.1024391726966;0.0430268939072563;-0.601602624475119
9663921747.69118;16.6278820961462;0.035647378740131;-0.80833540575843;-3.59157061642879;26.1055342706971;0.0430028634557431;-0.595802055195544
9663921747.96435;16.6694654365456;0.0357158218739245;-0.817517410750255;-3.60110689783597;26.1098399510456;0.0429748849402514;-0.588334266567063
9663921748.23439;16.7095732253025;0.0357817724542087;-0.828203271480304;-3.61221336921885;26.1152898053628;0.0429422456419386;-0.579350081579
9663921748.50162;16.7481798141726;0.035845181816572;-0.840209886822092;-3.62471793155124;26.1217897535336;0.0429037136027368;-0.569003911218759
9663921748.76636;16.7852878648899;0.035906047454575;-0.853357664806569;-3.63845362758506;26.1292204120899;0.042857860764936;-0.557465318393557
9663921749.02726;16.8206943203397;0.0359640302226579;-0.867386105557792;-3.65316961252404;26.1374035266564;0.0428034658574657;-0.544983653999912
9663921749.2866;16.8547056852069;0.036019624661561;-0.882245925468383;-3.66883863448217;26.1462819972818;0.042738298880828;-0.531621713214312
9663921749.54426;16.8873102531632;0.0360728028422988;-0.897781263987258;-3.68532623798875;26.1557406988945;0.0426601176890727;-0.517534348836144
9663921749.80121;16.9186375050819;0.0361237652452767;-0.913914066833403;-3.70258646866373;26.1657133420101;0.0425657389609853;-0.502804882278804
9663921750.05424;16.9483449142436;0.0361719460329194;-0.93031184495344;-3.72030272736417;26.175977316868;0.042453355578193;-0.487748295348391
9663921750.30576;16.9767608835282;0.0362178678209691;-0.94700702715493;-3.73855071203872;26.1865400550453;0.0423189063205235;-0.472343412425028
9663921750.55519;17.0038684808449;0.0362614916271483;-0.96385382260995;-3.7572212930727;26.197301614992;0.0421588824238666;-0.456729907789655
9663921750.80366;17.0298368617583;0.0363030747644909;-0.98083295640494;-3.77636057666668;26.2082447118903;0.0419672309566362;-0.440928973705905
9663921751.05079;17.054674164254;0.0363426117505523;-0.997830114495977;-3.79593098155495;26.2192938154863;0.0417368937026775;-0.42504823923375
9663921751.30124;17.0788639191376;0.0363808410649869;-1.01508318627367;-3.81631814402667;26.2306074342775;0.0414546631101125;-0.408862866140841
9663921751.54982;17.1019480091708;0.0364170099897054;-1.0321550535682;-3.83713221542884;26.2419061329303;0.0411166966524234;-0.392778119501145
9663921751.79598;17.1239414434346;0.0364511143167932;-1.04893205867753;-3.85841562331031;26.2531216869726;0.0407096517236763;-0.376896424141009
9663921752.04066;17.1449886250782;0.036483341632372;-1.06540524091126;-3.88037505825432;26.2642583321352;0.0402156714397917;-0.361219446170711
9663921752.28364;17.1651288460332;0.0365137086999939;-1.08149096154429;-3.90315233580904;26.2752720878184;0.0396173888091083;-0.345818404301258
9663921752.52479;17.1844116610111;0.0365422319045116;-1.0971166562471;-3.9270887744585;26.2861272975254;0.0388825275637864;-0.330753431100933
9663921752.76281;17.2027974973523;0.0365687906946643;-1.11214039769649;-3.95241550019783;26.2967390029764;0.0379862824795379;-0.316152270612052
9663921752.99535;17.2201801955292;0.0365931661206642;-1.12637003598506;-3.9795350109472;26.3069811206058;0.036889777700843;-0.302195264821503
9663921753.22166;17.2365855240551;0.0366153254618769;-1.13973485437778;-4.0091629413102;26.316807464285;0.035547176961966;-0.28894865533395
9663921753.44142;17.2520641299055;0.0366352515196021;-1.15219972619206;-4.04251018350834;26.3261937370159;0.0338904718655929;-0.276446272237524
9663921753.65414;17.2666551706141;0.0366528851670721;-1.16373551545442;-4.08147963041198;26.335116417338;0.0318266646127203;-0.264718434256087
9663921753.85928;17.2803868243168;0.0366681290975774;-1.17431765464664;-4.12894353688285;26.3435519350472;0.0292447860727217;-0.253793191601403
9663921754.05607;17.2932719685581;0.0366808681558061;-1.18392369387821;-4.18887565572607;26.3514758571346;0.0260527145890975;-0.243698053578839
9663921754.24345;17.3052997083201;0.0366910098694239;-1.19252999248313;-4.26660267265586;26.3588552811574;0.0222256190141598;-0.234466691580564
9663921754.42013;17.316444451593;0.0366984805168161;-1.20013043132606;-4.37384226138568;26.3656511429752;0.017673667139128;-0.226128123104073
9663921754.58578;17.3267341309817;0.0367032163266642;-1.20678306037724;-4.54379064707438;26.371862547058;0.0121376110608968;-0.218653753575022
9663921754.74194;17.3363047797737;0.0367049604636626;-1.21262940704176;-4.95199019164587;26.3775573601883;0.00480699634059509;-0.211927171481043
9663921754.89184;17.3453818812916;0.0367031615399308;-1.21786123056862;-4.92079567202689;26.3828553139768;-0.00522862330491992;-0.205771403631963
9663921755.04086;17.3543051220912;0.0366991361204029;-1.22271417645703;-4.56842564023486;26.387936451592;-0.0119040287132409;-0.199948562183319
9663921755.20083;17.36377732872;0.0366958419511349;-1.22757520562682;-4.68628045765805;26.3931664736358;-0.00917880714488586;-0.194024351289638
9663921755.37726;17.3741050626599;0.0366974855374848;-1.23257146894213;-5.03078398440717;26.3986406012882;0.00420115831814158;-0.187869539325287
9663921755.56794;17.3851384690899;0.0367088336822939;-1.23760319075865;-4.22538793802482;26.4041864808229;0.0271573909336713;-0.181639228876176
9663921755.76645;17.3964957895049;0.0367321457928735;-1.24250896930206;-3.93020325318092;26.4095417963697;0.054208399183763;-0.175580712582558
9663921755.97231;17.4081432974234;0.0367618574414328;-1.24732717334326;-3.84063343829202;26.4146961817583;0.0673812952301001;-0.169707731343271
9663921756.18587;17.4200939884788;0.0367923621608536;-1.25214261991151;-3.84516860449166;26.4196493696086;0.0674374383438982;-0.163990474562965
9663921756.40273;17.4320945061384;0.0368223653333826;-1.25696000840834;-3.85899280942568;26.4242675661932;0.0660648049715744;-0.158498451771377
9663921756.62276;17.4441332951271;0.0368517064960365;-1.26189876268344;-3.87500424613492;26.4285676579968;0.0644122015172917;-0.153158689141482
9663921756.84687;17.4562493562457;0.0368804607404304;-1.2671101896678;-3.89176968543712;26.4326006024093;0.0627307381707712;-0.14786105911231
9663921757.07419;17.4683814059172;0.0369085107116605;-1.2727102156526;-3.9087119752479;26.436398099346;0.0611224175793797;-0.142526259393855
9663921757.30251;17.4803972848172;0.0369356158803099;-1.2787723182476;-3.92547574714486;26.4399887450346;0.0596427743643188;-0.137098371110576
9663921757.53248;17.4923166861265;0.0369618888774381;-1.28542930900277;-3.94217413275039;26.4434595939404;0.0582872343957245;-0.13145284465231
9663921757.76461;17.5041452823412;0.0369874001692298;-1.29280172783103;-3.95900248450931;26.4468978112878;0.0570392728602915;-0.125471207390092
9663921757.99838;17.5158354633404;0.0370121006150349;-1.30096468626846;-3.97608112998783;26.4503766475828;0.0558875944654755;-0.119066987560835
9663921758.23264;17.5273102112273;0.0370358817255774;-1.30994541485216;-3.99345643556636;26.4539570859097;0.0548251241723746;-0.112185842452804
9663921758.46786;17.5385734287012;0.0370588008541867;-1.31980817206171;-4.01127254012668;26.4577171625607;0.0538378863554523;-0.104743529253144
9663921758.7043;17.5496174815038;0.0370808852621159;-1.3305971893706;-4.02963990318991;26.4617229730672;0.0529145862565267;-0.0966737913798844
9663921758.94181;17.5604160334756;0.0371021213658415;-1.34232459756535;-4.04861528244197;26.4660229805923;0.0520472754761826;-0.087938197810802
9663921759.17952;17.570913685336;0.0371224386796626;-1.35494657258349;-4.06817244974063;26.4706382647894;0.0512316727417682;-0.0785445854383815
9663921759.41766;17.5811083042333;0.0371418687634614;-1.36846154766605;-4.08835786932308;26.475597224896;0.0504602553451594;-0.06847477547993
9663921759.65654;17.5910008953519;0.0371604452877954;-1.38286654986366;-4.10921214821328;26.4809192457641;0.0497264503163028;-0.0577173132302476
9663921759.89613;17.6005804023982;0.0371781765646023;-1.39813533849251;-4.13073848997851;26.4866069486662;0.0490256291071254;-0.0462835753593964
9663921760.13617;17.6098285778533;0.0371950567575315;-1.41422379083749;-4.15290244535382;26.4926438757653;0.0483555855964359;-0.0342066238181282
9663921760.37932;17.6188350592049;0.0372112728332283;-1.43131698305965;-4.1759263742059;26.499071255455;0.0477113012947972;-0.0213663815151606
9663921760.6305;17.6277510386603;0.0372271116662666;-1.44982371441287;-4.20026959269425;26.5059936685642;0.0470866953350291;-0.00748858210095302
9663921760.89098;17.63657800514;0.0372425893903656;-1.46996437428793;-4.22606875085042;26.5134103729877;0.0464901788879695;0.00753648211637065
9663921761.16222;17.6453142831937;0.0372577184993893;-1.49201544696375;-4.25352854253676;26.521323891915;0.0459284832902033;0.0238487455768413
9663921761.44692;17.6539834219918;0.0372725557852566;-1.51641793042846;-4.28303942250498;26.5297643870788;0.045405859494752;0.0416888630023976
9663921761.74974;17.6626393107246;0.0372872069889547;-1.54386771401017;-4.31530607270077;26.53881377675;0.0449203517459937;0.0614595085713774
9663921762.07789;17.6713616473977;0.0373018159844455;-1.57544938912398;-4.35146188006923;26.5486132947604;0.0444661317769857;0.0837973347936998
9663921762.44739;17.6803604400979;0.0373167350874762;-1.61342029541045;-4.39386182957864;26.5595076535559;0.0440330213539133;0.11006131700261
9663921762.89067;17.6900027026278;0.0373325583714895;-1.66249846653288;-4.4473807950437;26.5721818072846;0.0436058630724391;0.143068103287656
9663921763.51427;17.7013979858277;0.0373510492979661;-1.73818098786455;-4.5279474390023;26.5888425693862;0.0431452491722152;0.192040664261374
9663921764.65569;17.7159252307913;0.0373743174605899;-1.8952659854078;-4.69068715475651;26.6141874673194;0.0426277139020344;0.28751666680843
9663921767.60657;17.7292259430221;0.0373954157536588;-2.34607609760807;-5.14570367427408;26.6473379126122;0.0422694164815123;0.53507064426548
9663921783.25706;17.7325214258216;0.0374006275408681;-3.67660877896181;-6.47754115247426;26.66719846127;0.0421740219275617;1.21360673025182
9663921904.41608;17.7329130168517;0.037401245945196;-5.49052302847252;-8.29208324333048;26.678825352357;0.042131458057712;2.12833241176916
9663922894.28593;17.7329608060378;0.0374013213057453;-7.31624846220557;-10.1184340401258;26.6914586437831;0.0420907563608457;3.04963610321916
9663931373.07868;17.7329666590292;0.0374013305183435;-9.16095612902568;-11.9639518938204;26.7066118882963;0.0420361594114151;3.98211463952107
9663976390.00284;17.7329676712472;0.0374013321076419;-10.6481017973975;-13.4521703490523;26.7239581067048;0.0419596861032059;4.73727718257008
9664144519.69536;17.7329679132455;0.0374013324864725;-11.8418320436139;-14.6471994089898;26.744390670642;0.0418663733718944;5.34779410913152
9664682191.96132;17.7329679849889;0.0374013325983891;-12.8747357435246;-15.681623044455;26.7695360711132;0.0417593320864885;5.8810466121189
9666171085.20323;17.7329680099805;0.0374013326372187;-13.7750683925561;-16.5837004479424;26.8007184832022;0.0416403509862842;6.35204717825077
9670080848.77618;17.7329680199192;0.0374013326525869;-14.5948206688978;-17.4055279079561;26.8420138360376;0.0415057109073296;6.78951445179857
9681000485.14421;17.732968024296;0.0374013326593127;-15.3970522274947;-18.2104680249137;26.9046119274287;0.0413438517539079;7.23245465516268
9719506134.90678;17.7329680264129;0.0374013326625339;-16.2598357854043;-19.0775021947697;27.0260021087351;0.041125898274555;7.74495244993348
9816194323.28031;17.7329680276546;0.0374013326644012;-16.8913385565091;-19.7141618578075;27.2084744241712;0.0409148431226236;8.18262154175002
9967276576.53825;17.7329680285591;0.0374013326657459;-17.2228309798206;-20.05057778635;27.408406036163;0.0407508782454684;8.48195082633569
10168421338.2639;17.7329680293995;0.0374013326669821;-17.3790245664491;-20.2114185576773;27.6221520504866;0.0406315621975821;8.7028607579373
10408545898.7223;17.732968030322;0.0374013326683252;-17.4154373768945;-20.2523522908529;27.8479564366359;0.0405395027056232;8.87193706861365
10666648787.1966;17.732968031428;0.0374013326699193;-17.3680687737181;-20.2092605887111;28.0768439569269;0.0404721683880442;9.0011826798146
10933807543.3841;17.7329680328883;0.0374013326720044;-17.2623244259775;-20.1076367773985;28.3095093676155;0.0404222041617674;9.10376461619982
11202133603.9382;17.7329680349499;0.0374013326749216;-17.1144583974367;-19.9637015042807;28.5447645819144;0.0403908840414456;9.1870160965694
11459255810.8123;17.7329680378982;0.0374013326790583;-16.9405701353696;-19.793491028897;28.7753632007673;0.0403738272498377;9.25414519678964
11703385138.5623;17.732968042249;0.0374013326851153;-16.7490509908314;-19.6053582686401;29.0015569918243;0.0403751395550258;9.30951581283735
11938388153.9989;17.7329680490157;0.037401332694467;-16.5406947149593;-19.400185344427;29.2283666666364;0.0403937262033165;9.35687938070102
12163711691.5953;17.7329680598511;0.03740133270934;-16.3179593101921;-19.1804073318409;29.456448358372;0.0404326642985358;9.39790329595863
12378429891.0884;17.7329680775978;0.0374013327335499;-16.0827513399864;-18.94787629686;29.6860265063756;0.0404973974200077;9.4336908028458
12585631182.8927;17.7329681081472;0.0374013327749937;-15.8313899533339;-18.6989327728241;29.9219428448905;0.0405926093756703;9.46563645902087
12784376372.4081;17.732968162447;0.0374013328483063;-15.5634986595834;-18.4331176389721;30.1651925050519;0.0407274408685382;9.49421691862762
12974346947.5349;17.7329682628706;0.0374013329833838;-15.2768506157447;-18.1481035982829;30.4181153046111;0.0409146951151934;9.51988210807454
13153977169.8578;17.7329684553378;0.0374013332416198;-14.9700225967084;-17.8423625565953;30.6820715170566;0.0411665733117958;9.54282928514442
13324830380.761;17.732968851935;0.0374013337733099;-14.634273478215;-17.5069645718615;30.9643876545554;0.0415117844162109;9.56358308366184
13486874587.0079;17.7329697442737;0.0374013349716495;-14.2591037777844;-17.1310535755378;31.2732854190965;0.0419975263015772;9.58238709127824
13640351734.2626;17.7329720482118;0.0374013380818477;-13.8235729181653;-16.6932556632513;31.6247727520941;0.0426918198738797;9.59946670469134
13783808867.6676;17.7329794251811;0.037401348145616;-13.2888441749947;-16.1539615172881;32.047903150817;0.0437202138151594;9.61481561995402
13916251819.1018;17.7330163957856;0.0374013996457158;-12.5541722977763;-15.4102207800545;32.6179881691803;0.0454368995043694;9.62838055677662
14039210347.4902;17.7339560405038;0.0374027598756623;-11.11679497984;-13.9561463247602;33.7088579698273;0.048796951858169;9.6385534773804
14155657292.1543;17.8309567170949;0.037558109510328;-9.07935333446592;-11.8748178617321;34.6094518365462;0.0554281257382233;9.22154896186792
14266712650.4645;17.9670785718808;0.0377868738631471;-8.91161165953816;-11.6861511661637;32.9741988794769;0.0554159453546687;8.04509267652365
14370923859.384;18.0817879752918;0.0379157346685653;-8.95831541297303;-11.9077935925432;32.2672895314725;0.0362480214703192;7.59610734811448
14458517840.3944;18.2052518895641;0.0380142923076323;-8.85093422317656;-11.9487839733133;32.2166299891001;0.0257175953729856;7.50856227475938
14516605209.5457;18.3765404226223;0.0381477139732081;-8.53035341717183;-11.6388553493012;32.1009884958828;0.0250044020769128;7.27100633758743
14540316933.4572;18.6435910557271;0.0383585002860868;-7.94836951770237;-11.0511207224664;31.8347525368846;0.0251275573872961;6.80213028960225
14545742881.3638;19.3059293009568;0.0388827106882988;-6.91339578674057;-10.0149699852137;31.2802814164049;0.0247569108694808;5.91417413262119
14546226854.5619;20.4189939722084;0.039764061064858;-5.6383009131816;-8.73967271721462;30.3325736373566;0.0240180340709494;4.64341582280314
14546256388.8709;21.2596527953683;0.0404298722912429;-4.5457070382029;-7.64697570007487;29.4060174051211;0.0232898959390062;3.47804680075692
14546258861.5942;22.041738491414;0.0410494434228232;-3.49992118305134;-6.60108435202848;28.610826095344;0.0226656004437436;2.42385227591903
14546259080.468;22.7801343037594;0.0416345527965373;-2.47190447408828;-5.57295664334595;27.8300880166544;0.0220527325556085;1.3881993097282
14546259102.9522;23.24529265375;0.0420032495932558;-1.68427767763124;-4.78520913453147;27.0829551836453;0.0214666657538915;0.495195190552102
14546259107.7359;23.4253933126081;0.0421460489207523;-1.42424421774717;-4.52503335717393;26.6772614073968;0.0211520324943679;0.0941162029749728
14546259110.2234;23.5380394668639;0.0422353983338821;-1.34405024977868;-4.44467491496883;26.5719692086878;0.0210765282684042;-0.0163312882427032
14546259111.9763;23.6397104829297;0.0423160770317709;-1.23655126542753;-4.33698954888288;26.5131353201113;0.0210388891283622;-0.109390375921104
14546259113.293;23.7381903075223;0.0423942602566552;-1.1261678722362;-4.22640155846812;26.4293083474446;0.020982252624976;-0.220590686293922
14546259114.3437;23.8299975497156;0.0424671833460084;-1.05856993749768;-4.15858182021234;26.3518967755994;0.0209314829340617;-0.306111846211947
14546259115.2441;23.9171916949348;0.0425364813015165;-1.01394731979958;-4.11371422251475;26.3030113632291;0.0209044415378559;-0.361085720312656
14546259116.0261;23.9997861855808;0.0426021635528267;-0.976280866803703;-4.07578391591592;26.2703280247476;0.0208911547710569;-0.401756167826661
14546259116.7166;24.0787766456338;0.0426650203436038;-0.941599999448396;-4.04082243881848;26.2426632711049;0.0208826432148834;-0.437580676921572
14546259117.3405;24.1553011740147;0.0427259567511709;-0.911276770719646;-4.01020058511909;26.2169770605613;0.0208765533501453;-0.469904411470808
14546259117.9364;24.232782953253;0.0427877024148049;-0.886012416349141;-3.98460553862437;26.1934900108425;0.0208737388262169;-0.4982293484805
14546259118.4777;24.306178442615;0.0428462378288712;-0.867774633317479;-3.96602530898429;26.1750450144581;0.0208754940043968;-0.519672173935959
14546259118.9632;24.3739042216672;0.0429002943258547;-0.855399693832818;-3.95330580452988;26.1617730158382;0.0208814697136705;-0.53472726202982
14546259119.433;24.4408401656093;0.0429537660238938;-0.846284470837422;-3.94381988739142;26.1519557983638;0.0208914583290311;-0.545844194496632
14546259119.8708;24.5041871531608;0.0430044150628316;-0.839553032525332;-3.93670779041613;26.1450111031001;0.0209042250717122;-0.553849971369268
14546259120.2895;24.5655185562994;0.0430534975590925;-0.834140154579705;-3.93089641299023;26.1397602937247;0.0209192130168014;-0.560064705240028
14546259120.6918;24.6250939644631;0.0431012206992618;-0.829478759519126;-3.92581677359564;26.135557751283;0.0209360023609658;-0.56520330224196
14546259121.0903;24.6846954145263;0.0431490142772709;-0.825171982021832;-3.92105926330884;26.1319090261253;0.0209548162207504;-0.569794559050285
14546259121.4677;24.7416581133541;0.043194740523667;-0.82129629153243;-3.91672129681217;26.1287314373081;0.0209745822495455;-0.573855484379011
14546259121.833;24.7972322756225;0.0432394017105258;-0.817689648658693;-3.91263231332651;26.1258231743487;0.0209955530232496;-0.577601936483806
14546259122.1876;24.8516144248642;0.0432831556747978;-0.814306833420742;-3.90874579296429;26.1231209562365;0.0210177441850024;-0.581098806244716
14546259122.5322;24.9048465145846;0.0433260360986722;-0.811132996127955;-3.90504744191592;26.1205878626307;0.021041102937788;-0.584378186679537
14546259122.864;24.9564515303268;0.0433676575020418;-0.808177580315993;-3.90155277573994;26.1182284133969;0.0210653422822827;-0.587432336244906
14546259123.1898;25.0074425548098;0.0434088374721209;-0.805469977410086;-3.89827768833667;26.1159621266522;0.0210910557273106;-0.590300332489866
14546259123.5137;25.0583875327143;0.0434500374719187;-0.803322655443718;-3.89552681975959;26.1137773067999;0.021118619813256;-0.592833755549751
14546259123.8321;25.1086100067426;0.0434907122634913;-0.802154820223494;-3.89372758688735;26.1118922104941;0.0211478186564097;-0.594677175509235
14546259124.1407;25.1572482468299;0.043530162940835;-0.802355584971091;-3.89327897295156;26.1105683691109;0.0211783898048275;-0.595461294976156
14546259124.4448;25.2049751645173;0.0435689347428996;-0.804209499628772;-3.89445690024035;26.1100533417673;0.021210961635812;-0.594878433219031
14546259124.7434;25.2514408435575;0.0436067426262268;-0.807948091944335;-3.89749801608539;26.1105665494784;0.0212454713694432;-0.592666221309138
14546259125.033;25.2959378012981;0.0436430075263298;-0.813563177048195;-3.90240701083591;26.1122556752923;0.0212814176881071;-0.588730078237233
14546259125.3257;25.3401165226656;0.0436790746639146;-0.821248922669225;-3.9093503883733;26.1153080678767;0.0213203184700316;-0.582847743218092
14546259125.6191;25.383410629145;0.0437144824186404;-0.830901158018664;-3.91823155077445;26.1197722156654;0.0213618564583373;-0.575038904500545
14546259125.903;25.4242608724786;0.0437479507308321;-0.841958013737939;-3.92851885016323;26.1253990271998;0.0214043525674024;-0.565750926914921
14546259126.1783;25.4627881205922;0.0437795715021591;-0.85411799115484;-3.9399135214241;26.1319987861143;0.0214475208688121;-0.555261318019366
14546259126.4536;25.5001328802306;0.0438102769253166;-0.867499849978115;-3.9525144316608;26.1396088968347;0.0214923796570049;-0.543485705821969
14546259126.7303;25.5364466988795;0.0438401895304197;-0.882013601996167;-3.96623128478384;26.1481532631345;0.021538891029217;-0.530519927769957
14546259127.0082;25.5716351876351;0.0438692289440384;-0.897489018618272;-3.9809017915719;26.1575044493278;0.0215865647489362;-0.516534243956516
14546259127.2786;25.6046495684884;0.0438965230799582;-0.913259184277509;-3.9958929913448;26.1672273064323;0.0216333561401102;-0.50215285595491
14546259127.548;25.6363384781984;0.0439227674017843;-0.929535838296248;-4.01140778065084;26.1774244529345;0.0216797850796272;-0.487201329780648
14546259127.8104;25.6660644265255;0.0439474266585266;-0.945805473367419;-4.02696120955312;26.1877531615738;0.0217241354795116;-0.472165411580073
14546259128.0713;25.6945199901941;0.0439710686181992;-0.962285488929484;-4.04276920958439;26.1983334912124;0.0217665673785792;-0.456856184807616
14546259128.3314;25.7218219428155;0.0439937840114833;-0.978923366276028;-4.0587968145447;26.2091198271333;0.0218061496466078;-0.4413303865841
14546259128.5917;25.7481104826209;0.0440156827009808;-0.995697627649086;-4.07504596582707;26.2200906132605;0.02184167044591;-0.425613159049055
14546259128.8503;25.7732452644681;0.0440366397891507;-1.01240824614585;-4.09135242580095;26.2311114463723;0.0218711950124734;-0.409894317585012
14546259129.1093;25.7974657418832;0.0440568459691957;-1.0291119730476;-4.10781045400638;26.2422202623017;0.0218928396131036;-0.394120140955542
14546259129.3652;25.8205092656008;0.0440760717786669;-1.04551719004878;-4.12418144622562;26.253225648851;0.0219037470360841;-0.378564331021865
14546259129.6212;25.8427138999032;0.0440945874010794;-1.06176486184505;-4.14067017116301;26.2642271966308;0.021900766619456;-0.363089866189778
14546259129.8737;25.8638390407273;0.0441121786947769;-1.07757421407642;-4.15707604731477;26.275042115011;0.0218797113168009;-0.347959266597292
14546259130.1263;25.8842225917478;0.0441291107152062;-1.09310382118199;-4.1736748821283;26.2857879882402;0.0218348362741627;-0.33301468479038
14546259130.3795;25.9039551293511;0.0441454378249899;-1.10833401423844;-4.1906076403677;26.2964647246839;0.0217582388598304;-0.318266020675586
14546259130.6289;25.9227441178127;0.044160894729013;-1.12294180687945;-4.20772269633804;26.3068584191401;0.0216415368270503;-0.304017691504578
14546259130.876;25.9407719339732;0.0441756035465173;-1.13698136491255;-4.22534672598703;26.3170174965143;0.0214719411474359;-0.290210266020783
14546259131.1203;25.9580471316832;0.0441895363307569;-1.15037646380697;-4.24376157850582;26.3268974632057;0.0212331568186871;-0.276911592644724
14546259131.3606;25.9745579477438;0.0442026415992864;-1.1630424285695;-4.26336504357326;26.3364438880642;0.0209042465252192;-0.264200386476306
14546259131.5952;25.990241457778;0.0442148208752448;-1.17486721105251;-4.28468900633353;26.3455750879032;0.020459069977253;-0.252187258949539
14546259131.8234;26.0051189008906;0.0442260330387663;-1.18581811671508;-4.30865699201168;26.3542631335603;0.0198614980751627;-0.240907232118679
14546259132.0448;26.0192230902998;0.0442362307624717;-1.1958842439507;-4.33672913442191;26.3624931272139;0.019060820391548;-0.230375728029606
14546259132.259;26.0325786044814;0.0442453406654136;-1.20506026948181;-4.371207132346;26.3702516267113;0.0179873593488327;-0.220604408785516
14546259132.4652;26.045194974023;0.0442532598380829;-1.2133414622244;-4.41559605109189;26.3775230337341;0.0165569151096059;-0.211606074791734
14546259132.6626;26.057069595255;0.04425989157318;-1.2207254892499;-4.47371808484446;26.3842920549376;0.0147350919423868;-0.20339208499909
14546259132.8501;26.0681855488667;0.0442651671957591;-1.22721797682797;-4.55089098425218;26.3905396693888;0.0125249287480339;-0.195972280547001
14546259133.0266;26.0785096762037;0.0442690155208626;-1.2328405174731;-4.66142211615384;26.3962403442924;0.00983921556178828;-0.189352881985762
14546259133.1924;26.0880973266106;0.044271317228362;-1.23768269133051;-4.85734474864265;26.4014207566341;0.00633818981398699;-0.183471234684625
14546259133.3492;26.0970817101432;0.0442718122928281;-1.24187701279108;-5.50070354056165;26.4061503808674;0.00145505216829866;-0.178214473098661
14546259133.5012;26.1057170257092;0.0442713220178733;-1.24559929251015;-5.49143779712148;26.4105556972979;-0.00149947432736218;-0.173409939885492
14546259133.657;26.114496182091;0.0442715074357354;-1.24909302634836;-5.92439424229203;26.4148656280481;0.000557888218208624;-0.168783436950461
14546259133.8242;26.1238454937809;0.0442743235344574;-1.25252621828886;-4.77365798143116;26.4192378638739;0.0079577175790714;-0.164144764901382
14546259134.0086;26.1340729667086;0.0442819892834093;-1.25598940127702;-4.38120314756668;26.4237356635331;0.0198052564302511;-0.159403882191058
14546259134.2028;26.1447622105441;0.044294947423867;-1.25933751713921;-4.17574181804236;26.428103094673;0.032037726634478;-0.154803828412648
14546259134.4043;26.1557682713768;0.044310611278292;-1.26256489542713;-4.10929816606015;26.4322491737085;0.0376184458251946;-0.150415105099603
14546259134.6126;26.167064459451;0.0443265502056767;-1.26573273726613;-4.11620555970247;26.4361403767631;0.0373014081411366;-0.146231593962814
14546259134.8275;26.1786374500515;0.0443423999262259;-1.26893151869238;-4.13235550962788;26.4397510946458;0.0362104040958842;-0.142220722114107
14546259135.0454;26.1902775675175;0.0443578391234243;-1.27221867744808;-4.14955132615469;26.4430243893826;0.0350734491520861;-0.138391119387103
14546259135.2661;26.201975889851;0.0443728888670886;-1.27571867665761;-4.16631315747517;26.4459919103728;0.0340224339743238;-0.134659292203171
14546259135.4904;26.213758783051;0.0443876252733806;-1.27957438378088;-4.18243473825262;26.4487078399869;0.0330783703128269;-0.130917594651369
14546259135.7182;26.2256045228855;0.0444020641255307;-1.28391950150806;-4.19794902223522;26.4512281242093;0.032241580298976;-0.127061802719648
14546259135.9468;26.2373631886297;0.044416069826276;-1.28882963960921;-4.2128828420523;26.4535973146353;0.0315087762237832;-0.123024353950399
14546259136.1765;26.2490234654851;0.044429671819999;-1.29441262999965;-4.22751892210581;26.4558994056052;0.0308614436960611;-0.118695231990601
14546259136.4078;26.2605970257765;0.0444429183580246;-1.3007773580119;-4.24214194590773;26.4582256165959;0.0302828069230651;-0.113959063182224
14546259136.6409;26.2720659342958;0.0444558179363335;-1.30800763043766;-4.25695420576346;26.4606611863672;0.029761452060278;-0.108717003745838
14546259136.8751;26.2833728557276;0.044468332488978;-1.31614258773615;-4.27207163256917;26.4632783825132;0.0292896782259176;-0.102901206092265
14546259137.1094;26.2944549638106;0.0444804171751393;-1.32518639686021;-4.28757340206399;26.4661371464563;0.0288604802372503;-0.0964695439824507
14546259137.3445;26.305321236602;0.0444921028037562;-1.33517868898329;-4.30360721272089;26.4693031181497;0.0284651832258749;-0.0893583523518506
14546259137.5806;26.3159622716556;0.0445033968797105;-1.34613527978028;-4.32026844952329;26.4728266356955;0.0280974654476381;-0.0815260956435042
14546259137.8176;26.3263515920919;0.0445142869298103;-1.35804145822501;-4.3375987218423;26.4767394475113;0.0277528276110568;-0.0729589206936047
14546259138.0547;26.3364487205046;0.044524745096182;-1.37084655865854;-4.35558889176496;26.4810517092001;0.0274279214001267;-0.0636753777977903
14546259138.292;26.3462387042747;0.0445347691664606;-1.3845138730151;-4.37425174200783;26.485768413029;0.0271190647700095;-0.0536904883958163
14546259138.5298;26.3557280086607;0.0445443774162833;-1.39903081268713;-4.39362090373295;26.490893550939;0.0268229485438368;-0.0430078821753301
14546259138.7693;26.364950705194;0.0445536159446156;-1.41445114071044;-4.41370626438926;26.4964336858397;0.0265419178032993;-0.0315962913716534
14546259139.0156;26.3740748582129;0.0445626637424764;-1.43113685157685;-4.43478652234992;26.5024833118396;0.0262806981992222;-0.0192115801924299
14546259139.271;26.3831524726672;0.0445715842641005;-1.44935891612683;-4.45694039918499;26.509080960253;0.0260503275538496;-0.00569251194063885
14546259139.537;26.3921780211471;0.0445803872434499;-1.46935942569127;-4.48020334595719;26.5162268328048;0.0258623393085217;0.00908210071557125
14546259139.8157;26.4011655732384;0.0445891022059919;-1.49150129754778;-4.5048771932891;26.5239461710253;0.0257194834588955;0.0253105825683378
14546259140.1104;26.4101413107891;0.044597769741563;-1.51631371872598;-4.5314882314629;26.5322839982453;0.0256212388160115;0.0432876084155162
14546259140.428;26.4192022255197;0.0446064949288444;-1.54475573680023;-4.561153022592;26.5413872932622;0.0255579686738357;0.0635908987262597
14546259140.7783;26.4284508504463;0.0446153846763714;-1.57827999371753;-4.59546773394465;26.5514496548728;0.0255211651225042;0.0870761209709525
14546259141.1887;26.4382825857024;0.0446248235286419;-1.62061997416794;-4.63833096083569;26.5631029113992;0.0255016228262511;0.116032164542828
14546259141.7196;26.4493611998504;0.0446354478436595;-1.6804781382979;-4.69866263577055;26.5776345475717;0.0254877693259154;0.155670478711461
14546259142.6005;26.4635667869033;0.0446490445875042;-1.79246808311484;-4.81149235322666;26.5993934342904;0.0254593588848331;0.226203525786399
14546259144.4689;26.4794921572843;0.0446642256195755;-2.06938843052063;-5.09017667440465;26.6316064597835;0.0253868677527996;0.386186628270825
14546259152.2678;26.4864698694048;0.0446708475493055;-3.0483224618438;-6.071050941801;26.6618371639997;0.0253023926932675;0.895852187497385
14546259205.9555;26.4873722803669;0.0446717022603931;-4.77447023835093;-7.79805526283821;26.6739231063172;0.0252639859067367;1.76700135887089
14546259648.6965;26.4874788797778;0.0446718030125847;-6.61839492133189;-9.64289522428839;26.686360110176;0.0252225527633944;2.69727357229691
14546263315.1164;26.4874920665539;0.0446718154490537;-8.44410357394499;-11.4695451109393;26.699970793651;0.0251807840945639;3.61922194674417
14546288186.2829;26.4874940015138;0.0446718172681257;-10.1090241843421;-13.1358462825882;26.7166651426624;0.0251165595030079;4.46283655932254
14546391041.0777;26.487494412751;0.0446718176531813;-11.398132117157;-14.4267011051738;26.7358130153122;0.0250336633262899;5.12018402186177
14546738686.221;26.4874945256697;0.044671817758414;-12.4883700878269;-15.5189852646851;26.7590231431668;0.0249376243318176;5.6808106792005
14547749706.9642;26.487494562782;0.0446718177928144;-13.4352426549932;-16.4681962261261;26.7876061269457;0.0248302066219361;6.1733444803089
14550431587.1453;26.4874945768451;0.0446718178057692;-14.2803587971123;-17.3160089339323;26.8242532939976;0.0247102707817298;6.62038810874992
14557540472.0851;26.4874945828225;0.0446718178112342;-15.0752901432438;-18.1142150268333;26.8758971228918;0.0245718630656955;7.05235927777346
14580219887.0585;26.4874945856049;0.044671817813751;-15.9112048487812;-18.9547787353963;26.9666862005487;0.0243923529137621;7.53097682483901
14652613963.4747;26.4874945871113;0.0446718178150936;-16.6817626301044;-19.7317445523652;27.1320715450725;0.0241824908061761;8.0267570391142
14783122096.0722;26.4874945881096;0.0446718178159708;-17.1163990369961;-20.172540107088;27.3272715319904;0.0240134855313577;8.37449706519678
14965287473.8959;26.4874945889552;0.0446718178167045;-17.3332754561552;-20.3949694603601;27.5357713485086;0.0238892899987548;8.62224333628028
15192983476.537;26.4874945898352;0.0446718178174589;-17.41287971909;-20.4797358067226;27.7582884961259;0.0237977883379272;8.81071916069772
15444673589.5998;26.4874945908491;0.0446718178183186;-17.3948688978343;-20.46651763832;27.9854292355597;0.0237292073852496;8.95347668797393
15710551342.009;26.4874945921518;0.0446718178194119;-17.3098384256441;-20.3859530117406;28.2175652123481;0.0236812679223417;9.06606194633246
15979034167.1036;26.487494593937;0.0446718178208956;-17.1772320685702;-20.2575702880427;28.4516748362929;0.0236466496664372;9.1561779537137
16244265588.0218;26.4874945965264;0.0446718178230283;-17.0104294536367;-20.0946958228279;28.6868971376512;0.0236274692692171;9.22993927178817
16493464617.5648;26.4874946002525;0.0446718178260728;-16.8252836851329;-19.9130365550904;28.9144604349474;0.0236244780690127;9.28941169653739
16731967027.3968;26.4874946059292;0.0446718178306772;-16.6233999783083;-19.7143191351336;29.1406420494377;0.023636325354985;9.3395919962306
16960680188.4951;26.4874946148944;0.044671817837902;-16.4067326388784;-19.5004618547906;29.3674707296557;0.0236666794540759;9.3828128239937
17179612357.5714;26.4874946294756;0.0446718178495873;-16.1765168654416;-19.2726688923038;29.5961693365433;0.0237182955611543;9.42050882899804
17387972942.4726;26.4874946537269;0.0446718178689341;-15.934080202367;-19.032207938493;29.8270912237113;0.0237948606809128;9.45357987667539
17589923381.6674;26.4874946965429;0.0446718179029754;-15.673638091679;-18.7732384291758;30.0666156678598;0.0239047501403341;9.48339597515035
17784351572.9745;26.4874947750285;0.0446718179652611;-15.3939693813805;-18.4943711581841;30.3161515830871;0.0240587075535143;9.51028791316229
17968787853.1346;26.4874949232262;0.0446718180828888;-15.0950049869076;-18.1953365081712;30.5758839016263;0.0242687551141896;9.53434471606998
18143377572.5955;26.4874952186532;0.0446718183180107;-14.7715684786996;-17.8707255709835;30.8502609015751;0.02455284086005;9.55595027400313
18308364119.9354;26.4874958523668;0.0446718188254785;-14.4155554804502;-17.5120400633582;31.1458225863489;0.0249410781122523;9.57542208747891
18465160206.4206;26.4874973903048;0.0446718200709684;-14.0083964060701;-17.0999950135534;31.4770417885474;0.0254914948150688;9.5931453468907
18612637548.3188;26.4875018252907;0.0446718237318108;-13.5218330508078;-16.6051442645672;31.86512752609;0.0263029492571222;9.60916171434462
18749293629.5629;26.4875193770873;0.044671838669958;-12.8913073862276;-15.9613322282323;32.3583198903076;0.0275398215652584;9.62342365204544
18875980673.0121;26.4876837283414;0.0446719864320865;-11.8869591786289;-14.9331690624809;33.1283197258252;0.0297844459039479;9.6357224151932
18994396824.8411;26.5380433578712;0.0447223244314838;-9.37132841713859;-12.3715149924815;34.8949001823235;0.0348799123573327;9.55822214600798
19107295422.2148;26.6709565496905;0.0448803245278922;-8.92912045896964;-11.8540311944316;33.6713994728993;0.0400267594969389;8.51964918326577
19213605827.6117;26.7925709025404;0.0449840733575488;-8.94159094113813;-12.0105925679295;32.3806405389401;0.0276238246615078;7.66345867711154
19308929221.4742;26.908266440489;0.0450257218181916;-8.91588288666798;-12.3596005422254;32.2289034306236;0.0116018667607174;7.54921621963102
19380261426.6877;27.0494902363008;0.0450642671827577;-8.70337777003193;-12.2673134926806;32.1658161292465;0.00877927903114569;7.40081171504395
19418773347.0909;27.2659812788021;0.0451265576219515;-8.25015524356584;-11.7911737823447;31.9739702577173;0.00919979241224902;7.04601974334704
19430173266.7901;27.6619881439773;0.0452426793478477;-7.45919907726466;-10.9919883101371;31.5930925787969;0.00926409302278933;6.3960597205319
19431856592.3608;28.8199268034834;0.0455833038408939;-6.16248256692119;-9.69389224740414;30.7587215166092;0.00904812516391206;5.1902137208632
19431949903.1066;29.710825946261;0.0458455425810969;-5.02010311963631;-8.55123481081673;29.7920283419818;0.00876936973599077;3.97313377334531
19431957369.5613;30.5194634623199;0.0460836960635949;-3.96536054812948;-7.49625749777754;28.9506127947228;0.00852630396264072;2.88357718649227
19431958010.1729;31.241350225392;0.046296418029841;-2.94812570125448;-6.47878244102693;28.1957219324752;0.0083085737487138;1.87058473285762
19431958073.0521;31.8563135007365;0.0464777381069782;-2.00965772095001;-5.54006100696075;27.4271054059023;0.00808679976062652;0.887805885968599
19431958081.8147;32.1312109177872;0.0465588434849781;-1.50346591752044;-5.03358692402166;26.8324070537352;0.00791659863554918;0.237366149726175
19431958085.089;32.2683508078077;0.0465993373991318;-1.37795057327552;-4.90772461229197;26.6016273465481;0.00785478254327256;0.0204141118322092
19431958087.135;32.3712784598811;0.0466297560105214;-1.29838277472349;-4.82777545611984;26.5424071198699;0.00784418133767612;-0.0589375054265442
19431958088.6224;32.4698114841943;0.0466589035749791;-1.17884041106754;-4.70781995265045;26.4776263509869;0.00783248384114565;-0.161991656199454
19431958089.7695;32.5630346412362;0.0466865085004795;-1.09007403254906;-4.61861125954878;26.3902278977445;0.00781458489685556;-0.264769716530542
19431958090.7314;32.6516060852032;0.0467127653525953;-1.03583910427632;-4.563890171118;26.3264361686049;0.00780442668939001;-0.334509328198321
19431958091.5558;32.7346975362588;0.0467374267232862;-0.996566540351642;-4.5241056723974;26.2873067690868;0.00780201823970141;-0.380289735996897
19431958092.2791;32.813790607959;0.0467609307010486;-0.961176002475454;-4.48817307728208;26.2581903578872;0.00780310979186542;-0.417438998781235
19431958092.9456;32.8925318034754;0.0467843621186595;-0.927613122858138;-4.45401656279968;26.2311958920761;0.0078057502346443;-0.452256664262817
19431958093.5596;32.9701040202528;0.046807479099512;-0.898477235260415;-4.42425232441196;26.2060210019375;0.00780954974460873;-0.48364509252358
19431958094.1071;33.0428869666199;0.0468292002677369;-0.8763458972351;-4.40149235064647;26.1850362519017;0.00781459951531911;-0.508731623224422
19431958094.6191;33.1135638344902;0.0468503245330927;-0.859970895347347;-4.38446657602083;26.1682405618866;0.0078212981726688;-0.528141084653613
19431958095.0952;33.1810515080515;0.0468705263320363;-0.84844672608014;-4.3722811389382;26.1558331491543;0.00782950210899546;-0.542193122510447
19431958095.5419;33.2455946266243;0.0468898769060659;-0.84024490419219;-4.36340099708548;26.1469446259465;0.00783907562605834;-0.5522328568107
19431958095.9641;33.3074501979312;0.0469084514916659;-0.834091543944309;-4.35655123299748;26.1405279982823;0.00784972904902669;-0.559596774616942
19431958096.3707;33.3677131118904;0.046926577483053;-0.829085666188137;-4.35083402465801;26.1356718754068;0.00786113601530042;-0.565344307041332
19431958096.7584;33.425747161452;0.0469440617328893;-0.824846130991425;-4.34588200368498;26.1318254809773;0.00787288443315981;-0.570034022771047
19431958097.1347;33.4825627555834;0.0469612079047286;-0.821027977449171;-4.34132835806417;26.1285449314873;0.00788523869469743;-0.574134980896604
19431958097.498;33.5378733379111;0.0469779290214416;-0.81750771236978;-4.33705066500382;26.1256537717422;0.00789812884868994;-0.577826825741005
19431958097.8493;33.5917577998954;0.0469942475128852;-0.81423729501806;-4.33302083787438;26.12301921022;0.00791115378654989;-0.581222301786352
19431958098.1901;33.6443928427912;0.0470102155450017;-0.811172707348016;-4.32919629111484;26.1205652363197;0.00792426493162987;-0.584394204193073
19431958098.5232;33.6961861820312;0.0470259564722761;-0.808260102566191;-4.32550370207359;26.1182546655327;0.00793780731765284;-0.587394300944474
19431958098.8464;33.746762754207;0.0470413561695715;-0.805527389735472;-4.3219645972611;26.1160798534844;0.0079518976273704;-0.590213745038237
19431958099.1628;33.7965675254778;0.0470565534948736;-0.803078810936232;-4.31858260113342;26.1139780606189;0.00796836546766954;-0.592842334206432
19431958099.4745;33.84581958021;0.0470716196899725;-0.801215253306033;-4.31563601971497;26.111988670956;0.0079876528578879;-0.595103310539137
19431958099.7793;33.8940961804784;0.0470864287395841;-0.800297355243889;-4.31350684584053;26.1103081893973;0.00800944654759109;-0.596685061064396
19431958100.0778;33.9413312363032;0.0471009629442031;-0.80067444117869;-4.31254760405077;26.1091442722085;0.00803377149986446;-0.597274178995405
19431958100.3718;33.9876465967006;0.0471152620642495;-0.802609118946828;-4.31302485452098;26.1087420350784;0.00806065273844026;-0.596575587502624
19431958100.6614;34.0328819205194;0.0471292778155188;-0.806315691596975;-4.31517701349365;26.1093099140141;0.00808973082705002;-0.594342869586642
19431958100.9465;34.0768479823439;0.0471429500587451;-0.811878172732814;-4.31915596321246;26.1110137923372;0.0081198114327291;-0.59042318452059
19431958101.2283;34.1195825944551;0.0471562882518323;-0.81927185579153;-4.32495462205875;26.1139527647963;0.00815060502574924;-0.584762675951232
19431958101.506;34.1608143718763;0.0471692046478424;-0.828329571629433;-4.33242027662325;26.1181191946672;0.00818184399646386;-0.577450030946445
19431958101.7804;34.2005801091128;0.0471817073054858;-0.838885250166776;-4.34139194944563;26.1234532092772;0.00821341724401227;-0.568608288215284
19431958102.0528;34.2389834719968;0.0471938252803954;-0.850782951139561;-4.35172215827747;26.1298677798959;0.00824513944530215;-0.558373565767783
19431958102.3203;34.2755912068033;0.0472054173403651;-0.863673382914125;-4.36308562036382;26.1371509992459;0.00827648646996353;-0.547062094387439
19431958102.5881;34.3110943725064;0.047216698667119;-0.877616713553576;-4.37552361460709;26.1453084985276;0.00830781600488511;-0.534640027508699
19431958102.8525;34.3449823632657;0.0472275024030018;-0.892247751094964;-4.38871961257921;26.1540963466113;0.00833811456068509;-0.521452942770487
19431958103.1159;34.3775668457933;0.0472379228167727;-0.907537451240705;-4.40266331547206;26.1634673951275;0.00836699357450224;-0.50754686436893
19431958103.3759;34.4086030800686;0.0472478758788633;-0.923209832870666;-4.41712214096954;26.1732295085737;0.00839353692529216;-0.493188157498678
19431958103.6349;34.4383818176501;0.0472574488486743;-0.939263638008162;-4.4321232313081;26.1833646936293;0.00841716540452646;-0.478389473428123
19431958103.8928;34.4669483520376;0.0472666500374274;-0.955594186804224;-4.44760780307522;26.1937941594889;0.00843693676500201;-0.463255795994823
19431958104.1481;34.4941774978548;0.0472754321062812;-0.972001461506239;-4.46343864140424;26.2043776959269;0.0084515559445176;-0.447980815162193
19431958104.4018;34.5202303068607;0.0472838393121476;-0.988459820186672;-4.47966269376886;26.2150887418082;0.00845957331550254;-0.432595098905284
19431958104.6567;34.5454306672345;0.0472919675924915;-1.00507677264198;-4.49648485003815;26.2259937534982;0.00845909448771246;-0.417000490221707
19431958104.913;34.5698056594064;0.0472998155878844;-1.02178145044616;-4.51396719591928;26.2370482418736;0.00844751999398218;-0.401262149073906
19431958105.1656;34.5929417119195;0.0473072391576894;-1.03817966773697;-4.53185613246883;26.2479934949383;0.00842208548065718;-0.385750026176061
19431958105.4157;34.615009251717;0.0473142808616051;-1.05427885558927;-4.55035501384551;26.2588371513835;0.0083791377782607;-0.370455302974263
19431958105.6634;34.6360954945699;0.0473209544811702;-1.07004002942416;-4.56967778772874;26.2695586912024;0.00831409569130108;-0.35541118300038
19431958105.9114;34.656457312696;0.0473273235940017;-1.08556356212818;-4.59030117343678;26.2802354062058;0.00822037518953224;-0.340515838895134
19431958106.1586;34.6760635578155;0.0473333564852666;-1.10073447490517;-4.61260340504722;26.2908002062039;0.00808974578999004;-0.325871587516074
19431958106.4039;34.694863447036;0.0473390118958893;-1.11542119183889;-4.63711233875952;26.3011739773488;0.00791195825436219;-0.311597078033869
19431958106.6497;34.7130950332602;0.0473443270141458;-1.12972375366163;-4.66503527777367;26.3114414272677;0.00767066677389792;-0.297585695584357
19431958106.893;34.7305822919741;0.0473492088333784;-1.14341604841883;-4.69755608961889;26.3214549249275;0.00734801188599337;-0.284049137259339
19431958107.1323;34.7472776809303;0.0473535979561434;-1.15638036164119;-4.73659917464733;26.3311373403527;0.00692230619083247;-0.27109779610775
19431958107.3656;34.7631038520201;0.0473574219515304;-1.16848778509558;-4.78534628178286;26.3403956654797;0.00636449277237354;-0.258858270482955
19431958107.5924;34.7781040811253;0.047360629639415;-1.17971854233064;-4.84962433079109;26.3492125147765;0.00563458392269268;-0.247352064786114
19431958107.8125;34.792312783135;0.0473631508564882;-1.19005890415219;-4.94100307088925;26.357571841195;0.00467693390214334;-0.236596762483321
19431958108.0254;34.8057566183804;0.047364892306663;-1.19950104230068;-5.08711317062863;26.3654592706399;0.00341525560342596;-0.226605871900151
19431958108.2302;34.8184438386845;0.047365740008945;-1.20803553173221;-5.38315866055766;26.37285637127;0.00176211415855105;-0.217396395867057
19431958108.4261;34.8303669176802;0.0473655986902162;-1.2156543902448;-6.14184308940516;26.3797434610131;-0.000312666871823769;-0.208985427201807
19431958108.612;34.8415096594416;0.0473644074150831;-1.22236244759224;-5.19334243689476;26.3860992000675;-0.00282094878533172;-0.201384742700845
19431958108.7869;34.8518498322258;0.0473621069842869;-1.2281863651664;-4.8809049881106;26.3919014541672;-0.00587154046098178;-0.194595703273908
19431958108.9512;34.8614501007748;0.0473585251512865;-1.23322046332679;-4.66139851167695;26.3971802159252;-0.0098487131616933;-0.188550892605675
19431958109.107;34.870469107766;0.0473532384979643;-1.23761034548202;-4.4695882370325;26.4020169901169;-0.0154760175892275;-0.183122502505027
19431958109.2587;34.8791650193363;0.0473469213021975;-1.24153672113124;-4.38032750016406;26.4065432987952;-0.0191831876618547;-0.178133477553456
19431958109.4151;34.8880566899312;0.0473410884600209;-1.24526056952593;-4.428363709195;26.4110065855717;-0.0173253419023503;-0.173290277176126
19431958109.5839;34.8975710382967;0.0473377346275283;-1.24895504409131;-4.70179272511039;26.4155669750526;-0.00931155591822271;-0.168398703879782
19431958109.7696;34.9079487873516;0.0473393087035653;-1.25268963962721;-5.07176709693443;26.4202562018332;0.00400737115137248;-0.163399203501367
19431958109.965;34.9187779396158;0.0473469438075422;-1.25631367090996;-4.40809317532913;26.424812860522;0.0186308391310487;-0.158538543772809
19431958110.1674;34.9299088560707;0.0473579446150518;-1.25981915779915;-4.26492551535374;26.4291408100953;0.0261202113838449;-0.153889917221328
19431958110.3765;34.941313525542;0.047369300848636;-1.26326887038069;-4.2651172566424;26.4332106784409;0.026320948239631;-0.14944566718112
19431958110.5924;34.9529963192186;0.0473805424190511;-1.26676049341847;-4.28348021517818;26.4370058887229;0.0254385613142675;-0.145164674800576
19431958110.8111;34.9647321295074;0.047391387874338;-1.270344089793;-4.30460938204553;26.4404630421385;0.0244345173133447;-0.141063621566348
19431958111.0326;34.9765133804517;0.0474018541531292;-1.27414570284826;-4.32554481064756;26.4436158845699;0.0234920941250249;-0.137056822485873
19431958111.2574;34.9883581522911;0.0474119961163187;-1.27830666639735;-4.34571133598125;26.4465188538645;0.0226445578136387;-0.133037223875286
19431958111.4856;35.0002496427949;0.0474218402750575;-1.28296127937525;-4.36501896460346;26.4492305679751;0.021895524715542;-0.128898515049739
19431958111.7147;35.0120513797018;0.0474313182840566;-1.28818624057241;-4.38341505265726;26.4517969736672;0.0212435145550627;-0.124571653843257
19431958111.9449;35.0237425669202;0.0474404546633157;-1.29408439469741;-4.40116889067503;26.4542999098428;0.0206733937706398;-0.119950550201931
19431958112.1766;35.0353364232025;0.0474492932473371;-1.30076414977842;-4.4186093675572;26.4568308132912;0.0201693825062937;-0.11491991851535
19431958112.41;35.0468152399158;0.0474578483315656;-1.30830728243063;-4.43598011410457;26.4594738570475;0.0197200663748025;-0.10938263878847
19431958112.6446;35.0581252354826;0.0474661045426413;-1.31675269365193;-4.45343434088459;26.4623000329422;0.0193172785373942;-0.103271833453649
19431958112.8793;35.0692030171013;0.0474740382157627;-1.32610125188393;-4.47107974837872;26.465366513356;0.0189539362827533;-0.096548873593764
19431958113.1148;35.0800572729987;0.0474816745823758;-1.33639147433898;-4.48910476033154;26.4687374072993;0.0186217263107523;-0.089151671411211
19431958113.3513;35.0906781030745;0.0474890224140188;-1.34763726538037;-4.50763652895004;26.4724609743506;0.0183144994342497;-0.0810410339012881
19431958113.5886;35.1010403680071;0.0474960780250661;-1.3598236990213;-4.52674375919165;26.4765672436188;0.0180277537347319;-0.0722043628497568
19431958113.8261;35.1111043587523;0.0475028269093362;-1.37289896566917;-4.54643721347337;26.4810643026715;0.0177581282468173;-0.0626621613098784
19431958114.0637;35.1208574069726;0.0475092717730377;-1.38682866583219;-4.56675530010342;26.4859567034868;0.0175020544451305;-0.052428589545945
19431958114.302;35.1303057874933;0.0475154264729421;-1.40160037241503;-4.58775086587421;26.4912475978285;0.0172564683123014;-0.041507756845579
19431958114.5418;35.1394830015429;0.0475213224624964;-1.41726865642127;-4.60942281231444;26.4969430126891;0.0170232162373468;-0.0298683502093378
19431958114.7883;35.1485532592274;0.0475270741552644;-1.43419396456587;-4.63201791028212;26.5031370134125;0.016806347381949;-0.0172672954895108
19431958115.0439;35.1575657815832;0.0475327228646799;-1.45264314932112;-4.65554027026909;26.5098654875703;0.0166153847804289;-0.00354718466831288
19431958115.3098;35.1665181232068;0.0475382799049098;-1.47286212209257;-4.67995522786836;26.5171289769684;0.0164601350910687;0.0114153036047068
19431958115.5884;35.1754239284707;0.0475437671060984;-1.49521086893406;-4.70553317953773;26.524950645911;0.0163430185591902;0.0278156400375565
19431958115.8828;35.1843101757623;0.0475492139159255;-1.52021832133174;-4.73279450385766;26.5333746897837;0.0162635858832598;0.0459478187833769
19431958116.1999;35.1932723745218;0.0475546885292444;-1.54883985571179;-4.76290097733407;26.5425460309359;0.0162136747818225;0.0663863537056435
19431958116.5492;35.2024067863801;0.0475602566300987;-1.58249950218774;-4.79747299865546;26.5526487062675;0.0161858068411671;0.0899662201092725
19431958116.9579;35.2121005066261;0.0475661580800198;-1.62488880855566;-4.84042056457494;26.5643032597308;0.0161721095098804;0.118947802159698
19431958117.484;35.2229803892713;0.0475727741517436;-1.68443162560658;-4.90045563182604;26.5787354608045;0.01616256589089;0.158362013248583
19431958118.353;35.2369124456415;0.0475812276640387;-1.79500620063615;-5.01198423496896;26.600207586138;0.0161401286289474;0.227995790037309
19431958120.1861;35.2526571223643;0.0475907340075419;-2.06605677793298;-5.28517702277521;26.6319230526786;0.0160798607138775;0.384711593103779
19431958127.7277;35.2598215624025;0.0475950355777585;-3.02228119998784;-6.2438364357475;26.6620607890827;0.0160080517101189;0.882960256386206
19431958179.1255;35.2607654882531;0.0475956008260384;-4.73600646054453;-7.95870509111243;26.6742183305001;0.01597324198521;1.74794601541643
19431958603.5884;35.2608768740436;0.0475956673275856;-6.58100996340781;-9.80500800484499;26.6866466213721;0.0159329415670938;2.67875183103579
19431962111.0145;35.2608906617844;0.0475956755343205;-8.40549542450104;-11.6308181280169;26.700185449829;0.0158924763680522;3.60004061040085
19431986235.1718;35.2608926654235;0.0475956767214876;-10.0806326578174;-13.3079403200282;26.7168515407899;0.0158298797200923;4.44874467626459
19432086255.9562;35.2608930892162;0.0475956769711278;-11.3729367085664;-14.6027757762597;26.7358933160097;0.0157490960584748;5.1076193322232
19432426494.1178;35.2608932050539;0.0475956770388982;-12.4679333804979;-15.7007423303073;26.7590304372863;0.0156553010593179;5.67057658795703
19433416069.2969;35.2608932430001;0.047595677060927;-13.4162802915749;-16.6524583120421;26.7874471914667;0.0155508204639772;6.16373652596579
19436051675.0485;35.2608932573429;0.0475956770691797;-14.2642449718305;-17.5042841787286;26.8239354735319;0.0154341703311535;6.61209830010278
19443020619.0566;35.2608932634221;0.0475956770726407;-15.0593244393366;-18.3039751135196;26.8751433420991;0.0153003059469046;7.04385228680769
19465236652.9474;35.2608932662457;0.0475956770742247;-15.8958564545473;-19.1468973358659;26.9650123552149;0.0151272415702451;7.5221638098347
19536903175.918;35.2608932677672;0.0475956770750617;-16.6730375427735;-19.9325868240434;27.1299578119877;0.0149245016089887;8.02096184701693
19666450083.2855;35.2608932687701;0.0475956770756035;-17.1111926577805;-20.3785985002691;27.3246587933442;0.0147621259051262;8.37012789014418
19848223563.5052;35.2608932696187;0.0475956770760548;-17.330832817876;-20.6050566978561;27.5333295547083;0.0146431615258062;8.61937030951293
20074998270.3459;35.260893270497;0.0475956770765155;-17.4119438157316;-20.6922248894376;27.7553056414554;0.0145567673294331;8.80823804985673
20326306711.2606;35.2608932715087;0.0475956770770394;-17.3951516506108;-20.6808935351096;27.9822994570798;0.014492440147642;8.95150678896887
20592437099.9526;35.2608932728097;0.0475956770777056;-17.3108275850322;-20.601488922876;28.2147227089172;0.0144482234151966;9.06463723758465
20860584594.0745;35.2608932745856;0.0475956770786056;-17.1789507149958;-20.4741424990674;28.44853391751;0.0144167745190105;9.15491864566519
21123499867.8642;35.2608932771301;0.0475956770798831;-17.0142148673951;-20.3134444459575;28.6816148783885;0.014400382287077;9.22828265893351
21374552392.9648;35.2608932808585;0.0475956770817401;-16.8282360904672;-20.1309569776955;28.9107398229545;0.0143991984809298;9.2883820193739
21614828771.4184;35.2608932865541;0.0475956770845573;-16.625173242047;-19.9309048330089;29.1385005892828;0.0144123768403738;9.339027879821
21843822874.0871;35.2608932954949;0.0475956770889547;-16.408446610834;-19.7166184971017;29.3655293484644;0.0144432838915537;9.38235276777262
22063248230.7066;35.2608933100631;0.0475956770960898;-16.1778807258795;-19.487889502527;29.5946690443761;0.0144945491411726;9.42016844804184
22271895876.3513;35.2608933342829;0.0475956771079209;-15.935243551998;-19.2463871180618;29.8258440336156;0.0145696519255677;9.45330836327995
22473876352.8815;35.260893376982;0.0475956771287646;-15.6748908840044;-18.986335065571;30.0653349234908;0.0146764785648825;9.48314677159259
22668641422.9297;35.2608934554424;0.0475956771671354;-15.3948602449275;-18.7055098486163;30.315231744097;0.014825566215335;9.51009888175416
22853000605.3113;35.2608936031887;0.0475956772397539;-15.0961482275881;-18.4046176835737;30.5747758216284;0.015027745288941;9.53415608928852
23027591071.9819;35.2608938977227;0.0475956773858352;-14.7728851596268;-18.0774258751264;30.8490369171416;0.015300333413605;9.55577090084978
23192841232.5379;35.2608945310693;0.0475956777045383;-14.4165004385288;-17.7147555854556;31.1449341892777;0.0156722831924065;9.57528102946035
23349773393.8722;35.260896067499;0.047595678495173;-14.0091992409094;-17.2977361196913;31.4762909021506;0.0161974508804487;9.59302503019578
23497373992.4296;35.2609004995144;0.0475956808554842;-13.5224868602548;-16.7961188469444;31.864514617717;0.0169697451706841;9.60905895304328
23634131685.7168;35.2609180444112;0.0475956906912798;-12.8918009481921;-16.1431422727665;32.3578479981747;0.0181400427408473;9.62333478889041
23760894477.0155;35.2610823647252;0.0475957910688264;-11.8873005375846;-15.1013552170075;33.1279778613092;0.0202367258300021;9.63564394721478
23879375707.1593;35.3113935005451;0.0476317194570074;-9.37198543261404;-12.5182118203178;34.8944481857149;0.0249189619623892;9.55822705751131
23992402163.6213;35.4442328384539;0.0477524609238389;-8.92985340972987;-11.9713236644835;33.671438630387;0.0306049319016256;8.52001933589871
24098890184.961;35.5658171385132;0.0478226111828873;-8.94242325849102;-12.1812714783436;32.3812350394845;0.0186829387118422;7.66425187651379
24194344408.5746;35.6816527085802;0.0478319783043456;-8.91595320929048;-13.0081889980891;32.2295150616668;0.00260626146139614;7.54964278209472
24265673407.7508;35.8236234167279;0.0478309989596473;-8.7010673818438;-13.8623305538326;32.1655081494387;-0.000221884642862146;7.39943401016908
24303976102.0361;36.0422304519362;0.0478329225430323;-8.2435651898563;-13.2991183069651;31.9710960512551;0.000281322461126667;7.04078751341576
24315206429.3899;36.4443072646697;0.0478388124398505;-7.44608338712825;-12.2802847290434;31.585585768947;0.000462687315530849;6.38446937109518
24316838706.1747;37.5934744189347;0.0478567300766736;-6.15241059947246;-10.9595130743498;30.7510559980449;0.000479465716762873;5.18003938364676
24316929885.5959;38.4805792102325;0.0478707264063723;-5.01192190625232;-9.81388266694469;29.78615621944;0.000469952216459713;3.96510308933953
24316937202.9671;39.2863734615448;0.0478835655719303;-3.95813092363676;-8.75581828934267;28.945994602813;0.000461212544445033;2.87686009492375
24316937833.0484;40.0139942842408;0.0478952757648113;-2.9374914601855;-7.73083253069541;28.1881562886016;0.000453654893872926;1.86019606082222
24316937894.4974;40.6304655444631;0.0479053015024429;-1.99860202128109;-6.78739852079412;27.4168029836557;0.000445882381137232;0.875378006163675
24316937903.0843;40.9015609050288;0.0479097613004557;-1.50071117255919;-6.28451806816252;26.8264137616799;0.000441322147803712;0.23196786269211
24316937906.3289;41.0375306057778;0.0479120294428136;-1.37771931704577;-6.15549114958868;26.6015260376225;0.000443746273319729;0.0202142736204981
24316937908.3649;41.1404409818758;0.0479137719850396;-1.29633310499501;-6.06760895948594;26.5417976795321;0.000449422157059296;-0.0603860555090524
24316937909.8365;41.2380300374076;0.0479154507059934;-1.17838065940531;-5.94280326296994;26.4769445878815;0.000455454778533149;-0.162693568949565
24316937910.9891;41.331813513598;0.0479170913709672;-1.08953047729469;-5.84663689709884;26.3893800021438;0.00046166055265073;-0.265624530642758
24316937911.9444;41.4197741737343;0.047918657961595;-1.03585448311322;-5.78518743911264;26.3263887860614;0.000468876357604716;-0.334549815934784
24316937912.7685;41.5028403716219;0.0479201650047773;-0.996571924543787;-5.73787056028391;26.2873493740547;0.0004769228839463;-0.380275096869819
24316937913.4935;41.5821466356274;0.0479216317995062;-0.961061591479591;-5.69399974231535;26.2581426030214;0.000485652749406876;-0.417544631693126
24316937914.1568;41.6604931492328;0.0479231108369108;-0.927675048031156;-5.65171556592712;26.2312567220945;0.000495197655604625;-0.452201579779098
24316937914.7706;41.7380022776589;0.0479246053772446;-0.898655171232954;-5.61350038456573;26.2061122071385;0.000505309406540091;-0.483511708946129
24316937915.3155;41.8103681283706;0.0479260295933977;-0.876767126282289;-5.58272489106873;26.1852875467247;0.000515346798680811;-0.508369631442274
24316937915.834;41.8818834380752;0.0479274669598905;-0.860331639098238;-5.55716314628145;26.1683906640839;0.000525951269242852;-0.527876948569525
24316937916.3172;41.9503405387872;0.0479288718071515;-0.848790768160153;-5.53658016106541;26.155954032706;0.000536761270942622;-0.541956861398439
24316937916.7628;42.0146327947111;0.0479302184145813;-0.84072194579863;-5.51963960428721;26.1472274203698;0.000547656171125952;-0.551821917940471
24316937917.1919;42.077446740084;0.047931561776262;-0.834529504389388;-5.50439262098257;26.1408063060499;0.000559056707622832;-0.559208376202856
24316937917.606;42.1387685045122;0.0479329007228613;-0.829467261586107;-5.49031864744069;26.1359339287837;0.000570672096311626;-0.564994953685131
24316937917.9974;42.1973022733249;0.047934204511614;-0.825196717988622;-5.47739597570765;26.1320948294173;0.000582069667011316;-0.569695301733455
24316937918.3757;42.2543845595252;0.047935501406874;-0.821352170260275;-5.46494862598802;26.1288153019153;0.000593640146026437;-0.573808776498435
24316937918.7411;42.3099722950156;0.0479367897598312;-0.817801269013147;-5.45274539268343;26.1259096637903;0.000605518333783959;-0.577525615563686
24316937919.0935;42.3639933986751;0.0479380662907755;-0.814507490287241;-5.44103959593409;26.123261094777;0.000617298590673523;-0.580942133832857
24316937919.4368;42.4169957924696;0.047939342359678;-0.811407103013761;-5.42982846235658;26.1207807297842;0.000628875671664326;-0.584149571640258
24316937919.769;42.4686228150003;0.0479406082727898;-0.808491444855877;-5.41896462557125;26.1184676862014;0.000640434196721746;-0.587152849863606
24316937920.094;42.5194512507921;0.0479418788570922;-0.805741951481139;-5.40784521079009;26.1162700251678;0.000652841705939811;-0.589995953363521
24316937920.4098;42.5691269801578;0.0479431498438576;-0.803330426867351;-5.39533365091127;26.1141625811061;0.000668148318175807;-0.592609794379239
24316937920.7204;42.6181673588374;0.0479444389646403;-0.801546673527212;-5.38180687858676;26.1121890562516;0.00068640916936843;-0.594820272204504
24316937921.0247;42.666316434902;0.0479457441280523;-0.800744377033567;-5.36766744429209;26.1105442395524;0.000707771151460067;-0.596320396715004
24316937921.3228;42.7134324178934;0.0479470647274926;-0.801270815910464;-5.35366796335986;26.1094448712787;0.000731813624490132;-0.5967917146463
24316937921.6159;42.7595244075568;0.0479484038776817;-0.803376760607279;-5.34017292948064;26.1091308465163;0.000758571017725166;-0.595948555980551
24316937921.9057;42.8046933016715;0.0479497661418639;-0.80727989637447;-5.32785801615319;26.109809025922;0.000787454692820946;-0.593543865111496
24316937922.1915;42.8486385450932;0.0479511410797119;-0.813053213964671;-5.31768202143163;26.1116449063251;0.000816968710626015;-0.589430570751222
24316937922.4713;42.8909279373372;0.0479525117341645;-0.820575461500821;-5.30987892406005;26.114691067695;0.000846411255650143;-0.583634167789574
24316937922.7487;42.9319905286418;0.0479538888542312;-0.82978702218806;-5.30426156809195;26.118974980093;0.000875954571436203;-0.576166110626452
24316937923.0218;42.9714215150881;0.0479552551172133;-0.840426264485117;-5.30072960485358;26.124390903302;0.000905196431480481;-0.567227864876531
24316937923.2948;43.0097669070588;0.0479566261209869;-0.852465777342821;-5.29914030871335;26.1309162944929;0.000934286572818104;-0.556848197948347
24316937923.5658;43.0466885066669;0.0479579861759111;-0.865627498585561;-5.29935155973377;26.1383837979607;0.000962841208719843;-0.545277958876607
24316937923.8321;43.0818338523635;0.0479593173703435;-0.879578323202967;-5.30120465013842;26.1465716435887;0.000990349359431804;-0.532831874854291
24316937924.0957;43.1154669169935;0.047960624426171;-0.894228245028819;-5.30470054911668;26.1553923075922;0.00101645682048971;-0.519613427585892
24316937924.3582;43.1477970310542;0.0479619102601229;-0.909510710545139;-5.30993305841546;26.1647774107524;0.00104062605765233;-0.505701581104848
24316937924.6189;43.1787573533733;0.0479631665430214;-0.925246957484403;-5.3169649829924;26.1745953939455;0.00106209154505599;-0.491273617186867
24316937924.877;43.208301109491;0.0479643850505862;-0.941262169404087;-5.32589964922187;26.1847201748393;0.00107996693073468;-0.476501185406311
24316937925.1343;43.2366759722667;0.0479655694287349;-0.957559769191478;-5.3370031528826;26.195141047862;0.00109339568980847;-0.461389727225882
24316937925.389;43.263720281658;0.0479667057207677;-0.973920025855336;-5.3505059599225;26.2057057499519;0.00110105731407313;-0.446150842039884
24316937925.6419;43.2895864413358;0.0479677924204225;-0.990313701120936;-5.36693612627802;26.2163854837144;0.00110141348422911;-0.43081838987706
24316937925.8947;43.3144775402706;0.0479688292368786;-1.00676574344675;-5.38710793285865;26.2271922116567;0.00109247022613981;-0.415371903869293
24316937926.1496;43.3386296534584;0.0479698155543213;-1.02334641447931;-5.4122848362668;26.2381739300861;0.00107150742503774;-0.399744184750181
24316937926.4022;43.3616804209075;0.0479707249971867;-1.03970483592214;-5.44361480495164;26.2491017319273;0.00103562965299516;-0.384263614923605
24316937926.6515;43.3836147887134;0.047971544568632;-1.05572008494847;-5.48325838790571;26.2598979705386;0.000981193655621601;-0.369042535095171
24316937926.8988;43.4045933558607;0.0479722658814231;-1.07140668233713;-5.53505887085556;26.2705779307274;0.000903269692370966;-0.354063472437949
24316937927.1459;43.424825282444;0.047972878066118;-1.08683025931675;-5.60598503207119;26.2811951418929;0.000795225573858705;-0.339257845912515
24316937927.3923;43.4443115909299;0.0479733586913496;-1.10190251286101;-5.70982551999747;26.2917003597561;0.000648478627099341;-0.324702709263588
24316937927.638;43.4630996942212;0.0479736809716315;-1.1165708921186;-5.88222009636813;26.3020704727494;0.000451170538919901;-0.310439779511449
24316937927.8828;43.4812132947617;0.0479738109382684;-1.13076702723308;-6.27493993216721;26.312270926184;0.00018879279988664;-0.29652632845997
24316937928.1264;43.4986811923835;0.0479737045423026;-1.14442795170433;-6.35974342844775;26.3222707306762;-0.000160327446196015;-0.283014543407591
24316937928.3659;43.5153511591107;0.0479733140993749;-1.15735357408856;-5.78773074645098;26.3319336696682;-0.000616744918700777;-0.270095479949846
24316937928.5995;43.5311674481693;0.0479725866161296;-1.16943321452249;-5.5067148125437;26.341180164576;-0.00121158428254197;-0.257877643471488
24316937928.8268;43.5461608944836;0.0479714565757605;-1.18063723962378;-5.30344475025395;26.3499854537243;-0.00198597084780857;-0.246392386860412
24316937929.0473;43.5603659590691;0.0479698410704406;-1.19095221749791;-5.13508703764846;26.3583335907284;-0.00299766522589631;-0.235657065846267
24316937929.2605;43.57380839857;0.0479676350522087;-1.20037048734665;-4.98523948051184;26.3662101423173;-0.00432691850884791;-0.22568512774078
24316937929.4658;43.5864982043864;0.0479647153621562;-1.20888423514375;-4.8470024613657;26.3735978354981;-0.00606807798033966;-0.216491974572393
24316937929.6622;43.5984304302445;0.0479609781741921;-1.21648680748539;-4.72066333125977;26.3804781889871;-0.00826239854553712;-0.208093218972794
24316937929.8487;43.6095852916527;0.0479563594166189;-1.22318040265308;-4.60611941364986;26.3868282769792;-0.0109256725365487;-0.200503000758408
24316937930.0242;43.6199432014456;0.0479507954484056;-1.22899298865954;-4.49888047286632;26.3926280556964;-0.0141773530086782;-0.193720592363209
24316937930.189;43.6295575776508;0.0479440861748895;-1.23401265980712;-4.39025827456747;26.3979017676564;-0.0184214492371683;-0.18768542179428
24316937930.3452;43.638579521732;0.0479357283896785;-1.23838203556008;-4.27159096063258;26.4027273513378;-0.0244590658291366;-0.182273307874462
24316937930.4969;43.6472649173404;0.047926326828848;-1.24228066158826;-4.20787030598151;26.4072362671999;-0.0285846781567949;-0.177308650522302
24316937930.6526;43.6561025006832;0.047917323604513;-1.24595699687881;-4.23789244764185;26.4116631039893;-0.0269066914292563;-0.172513877393954
24316937930.8207;43.6655629509445;0.0479106278114014;-1.24960262090302;-4.39971240139207;26.4161911489169;-0.0186965044838182;-0.167670351452739
24316937931.0054;43.6758722981342;0.0479087991016963;-1.25328060459864;-5.00436700054046;26.420844386595;-0.00468662599665889;-0.162726412464375
24316937931.2003;43.6866600740296;0.0479133516850625;-1.25685556420077;-4.63152957279166;26.4253780650021;0.0111518572309772;-0.157908497908515
24316937931.4023;43.6977493350259;0.0479216124155066;-1.26030859455645;-4.38819274875679;26.4296804349998;0.0196882791259879;-0.153304087686034
24316937931.6106;43.7091024088482;0.0479302813892421;-1.26369831203197;-4.38084408668411;26.4337198025762;0.0201842449268983;-0.148910098136718
24316937931.8258;43.7207362272604;0.0479388125168798;-1.26712469146872;-4.40184053258927;26.4374853962939;0.0193867184738958;-0.144681339061392
24316937932.0443;43.7324506115595;0.0479469744299215;-1.27064504344512;-4.42757254730079;26.4409202279092;0.0184225210761598;-0.140626651822721
24316937932.2654;43.7442081791203;0.0479547614855863;-1.27437586127902;-4.45332006502225;26.4440472251533;0.0175139344663771;-0.136672362132305
24316937932.4897;43.7560193701178;0.0479622198874659;-1.27845507105542;-4.47810298289186;26.4469186448052;0.0167004113109086;-0.132714579221811
24316937932.7176;43.7678979210962;0.0479693983057425;-1.28302725322193;-4.50176195860542;26.4495993332373;0.0159839603000314;-0.128637691089588
24316937932.9467;43.7796950578601;0.0479762505336504;-1.28816754575695;-4.52411236062049;26.4521319619149;0.0153644092190352;-0.124375623303806
24316937933.1766;43.7913802673685;0.0479828001125528;-1.29397520386829;-4.54539832885924;26.4545959079993;0.0148278439601409;-0.119825722447172
24316937933.4081;43.8029662535604;0.047989087847534;-1.30055832910037;-4.56599710713286;26.4570825393332;0.0143583049925571;-0.114872899820271
24316937933.6413;43.8144424029915;0.0479951354824956;-1.30800352419921;-4.58621414972459;26.4596778555532;0.0139435682527062;-0.109416400415933
24316937933.8758;43.8257581888554;0.0480009403706051;-1.31635378072839;-4.60624464811749;26.4624543271034;0.0135749817395511;-0.103386312303804
24316937934.1104;43.836846001479;0.0480064895748733;-1.32560934806368;-4.62622451447077;26.4654693184717;0.0132453803367548;-0.0967441866277415
24316937934.3457;43.8477051567354;0.0480118011064832;-1.33580135953843;-4.64637763155235;26.4687850666286;0.012946659775816;-0.0894328769635695
24316937934.582;43.8583333577713;0.0480168888101752;-1.34695048331878;-4.66688843390021;26.4724526477695;0.012672322871772;-0.0814079256536227
24316937934.8192;43.8687094872882;0.048021755275642;-1.35904747290823;-4.68786921107054;26.4765046966042;0.0124176356488854;-0.0726521531849641
24316937935.0567;43.8787949088951;0.048026393764688;-1.37204488576943;-4.70936240843595;26.4809516084722;0.0121791243591416;-0.0631823366580194
24316937935.2942;43.8885618811879;0.0480308018049595;-1.38588831169375;-4.73140271386057;26.4857916388994;0.0119535955120365;-0.0530268479790952
24316937935.5322;43.898025584958;0.0480349950147168;-1.40057657014876;-4.75409112012263;26.4910323762877;0.0117377358952057;-0.0421812084468575
24316937935.772;43.9072215807003;0.0480389976088649;-1.41616659854832;-4.77742380399275;26.4966820400452;0.0115327874704546;-0.0306114573943786
24316937936.0181;43.9163040550107;0.0480428847645732;-1.43299737418958;-4.80156961475997;26.5028274463482;0.0113427920051283;-0.0180900993787481
24316937936.2732;43.9253248995004;0.0480466879486454;-1.45133378278169;-4.82643363330685;26.5095052868227;0.0111763957781009;-0.00446017401599488
24316937936.5386;43.9342900436363;0.0480504214574141;-1.47143715657459;-4.85187725717935;26.5167225712396;0.0110428136719217;0.0104136705997349
24316937936.8165;43.9432061925226;0.048054100427058;-1.49364674089081;-4.87809784844429;26.5244967156205;0.0109445030004116;0.0267126938990672
24316937937.1102;43.9521077898806;0.0480577509696459;-1.51850541724488;-4.90561594402517;26.5328782757789;0.0108811259629998;0.0447421149114637
24316937937.426;43.9610718226436;0.048061413773931;-1.54689780374978;-4.93558752533517;26.5419919295561;0.010845355471854;0.0650275434577525
24316937937.7736;43.9702078013532;0.0480651401160154;-1.58026151234366;-4.96973386983375;26.5520335995122;0.0108299245621333;0.0884186882080272
24316937938.1785;43.9798748864054;0.048069080593924;-1.62208862827497;-5.01183527078346;26.5635825474588;0.0108277944837542;0.117048620921944
24316937938.6957;43.9906730835762;0.0480734806431928;-1.68034289147776;-5.07023660527435;26.5778027408611;0.0108299227794865;0.155676908521742
24316937939.5426;44.0044889465081;0.0480791016579271;-1.7874056913705;-5.17796898357961;26.598886869807;0.0108218166138939;0.223295568016056
24316937941.2987;44.0203029958629;0.0480855017309828;-2.045507965854;-5.43836612432547;26.6301871009562;0.0107774510568002;0.373259796260039
24316937948.1764;44.0280745347074;0.0480886245826884;-2.94694107467598;-6.34289673531538;26.6610834551141;0.0107132720568347;0.844619672224117
24316937994.626;44.0291252108502;0.0480890452505484;-4.64551257443812;-8.04304211326053;26.6735944456942;0.0106795266764128;1.70226471752048
24316938376.7382;44.0292488514439;0.0480890945463577;-6.49002983269027;-9.88938091413426;26.6859561641888;0.010639756450521;2.63278293587046
24316941520.1116;44.0292641835891;0.0480891006337168;-8.31179305781023;-11.7129670562427;26.6993348741252;0.0106005022866346;3.55260361608345
24316963778.5918;44.0292663662574;0.0480891014947721;-10.0085077571723;-13.4124644466027;26.7159119347353;0.0105393375406917;4.41203695176573
24317057085.0343;44.0292668218841;0.0480891016730389;-11.3113024778837;-14.7188412551459;26.7347431992671;0.010460133794331;5.07601630267897
24317377368.5644;44.0292669452237;0.0480891017208296;-12.4144323296063;-15.8261913637651;26.7576253469169;0.0103678459207256;5.64286980243436
24318316733.2649;44.0292669852848;0.048089101736182;-13.3701105048658;-16.7866588228061;26.7857385403883;0.0102649138153261;6.13949256551491
24320826577.4999;44.0292670003166;0.0480891017418705;-14.2226384713053;-17.64464801786;26.8217162690893;0.0101502565085249;6.5897948767456
24327418201.7346;44.0292670066553;0.048089101744234;-15.0169862535586;-18.4454283391688;26.8717088759861;0.0100196649701324;7.02037107034644
24348221252.8786;44.0292670095881;0.0480891017453057;-15.8508572221329;-19.2880392611098;26.9585250208516;0.00985176600307007;7.49531233821529
24416764729.9947;44.0292670111496;0.0480891017458615;-16.6424214173188;-20.0911059906042;27.120394788934;0.00965186933610814;7.99924695889555
24542747802.6529;44.0292670121649;0.0480891017462143;-17.0937182244569;-20.5527570442532;27.3132383131463;0.00949148955682682;8.35374282955388
24721539522.2459;44.0292670130153;0.0480891017465039;-17.3227120505613;-20.7904983989999;27.5209593055074;0.00937296984295841;8.60702752497107
24947095475.4408;44.0292670138915;0.0480891017467973;-17.4106497399796;-20.8859101717952;27.743145613243;0.00928742392752502;8.79944909227559
25197237057.3971;44.0292670148914;0.048089101747127;-17.398215946192;-20.8799877103217;27.9697401000999;0.00922394419310764;8.94463022755757
25461408338.7225;44.0292670161628;0.0480891017475409;-17.317623150292;-20.8049962013753;28.2006340358639;0.00918091193553184;9.05860452333085
25730435212.6909;44.029267017909;0.0480891017481028;-17.1876992452886;-20.6801549758278;28.4350925546756;0.00914953274268528;9.15029492690567
25995486693.1678;44.0292670204205;0.0480891017489029;-17.0234011140406;-20.5201837902227;28.6697541394926;0.00913358537083203;9.22493389849918
26249015592.8083;44.0292670241114;0.0480891017500692;-16.8368857174672;-20.3372179184893;28.9007642027511;0.00913223598748637;9.28602449363827
26489482572.1637;44.0292670296871;0.0480891017518197;-16.6347561907954;-20.137890339752;29.1282728725581;0.00914493420994117;9.33696858710977
26718927306.4912;44.0292670384373;0.0480891017545545;-16.4186641606132;-19.9237517263645;29.3552419412871;0.009174831529247;9.38057090056196
26938661480.2626;44.0292670526619;0.0480891017589896;-16.1888560216579;-19.6949899720393;29.5841139646291;0.00922411303807342;9.41858661392686
27150139737.5827;44.0292670767237;0.0480891017664923;-15.9439378187347;-19.4500494967278;29.8178199027462;0.00929745766067595;9.45227705789211
27352880416.1691;44.0292671187407;0.0480891017796336;-15.6835161560634;-19.1883035774862;30.0576278194471;0.00940085342131701;9.48229278674277
27547145611.5961;44.0292671951438;0.0480891018036942;-15.40528378587;-18.907088728206;30.3061553585277;0.00954390049878809;9.50922914522976
27732654112.9819;44.0292673404735;0.0480891018500015;-15.1060094345681;-18.6027143573846;30.5664092659906;0.00973956366800302;9.53347944273048
27906813835.8178;44.0292676261371;0.0480891019426411;-14.7850927769434;-18.2741509603797;30.8388857927913;0.0100009324797019;9.55507508733898
28072805154.3777;44.0292682440075;0.0480891021482253;-14.4291879974177;-17.9070956106743;31.1345981905964;0.0103594250349609;9.57470163256288
28229914169.1742;44.0292697296417;0.0480891026610901;-14.0242892242428;-17.4861981932308;31.4642217627403;0.0108619556540443;9.59248880716578
28378165205.1022;44.0292740054957;0.0480891042186999;-13.5399748719057;-16.9785390795244;31.8507856827932;0.0116026166175072;9.6086126850078
28515582646.0615;44.0292907591053;0.0480891108096076;-12.9139334659524;-16.3190966279208;32.3407732308301;0.0127229329136989;9.62297515202247
28642974135.5228;44.029441934579;0.0480891779422108;-11.9256590771539;-15.2782069273197;33.0989295681395;0.0146982658607619;9.63539707311736
28761596541.5259;44.074088071525;0.0481136384186383;-9.42438284146312;-12.6857018167981;34.87555419452;0.0191074240600652;9.57178291399121
28874859629.3046;44.2066216261927;0.0482126644593815;-8.93176255090066;-12.0583389817441;33.7209859948154;0.0251955494696851;8.55406005455619
28981619727.2834;44.3289556983177;0.0482651262863648;-8.94086153138595;-12.3085655528634;32.3946668996032;0.0138921510626532;7.67242817782543
29077217179.6316;44.4441619390879;0.0482567613050399;-8.91897031293636;-13.0579813428528;32.2300976710179;-0.0023401871575248;7.5515249254704
29149255610.1967;44.584630909825;0.0482331355542684;-8.70998384246397;-12.4841786244063;32.1686367248128;-0.00541050589273391;7.40596722272315
29188203689.982;44.7941603045718;0.0482012724665856;-8.26924109251401;-12.0871981923103;31.9826808102847;-0.00486359903927584;7.06135034075608
29200186070.339;45.1787471801483;0.048145303403246;-7.49354864188393;-11.3305950623838;31.610440122113;-0.00460027847475245;6.42479294779407
29202008843.6418;46.2983071542719;0.0479835777334096;-6.21168529565306;-10.0519537004936;30.7970270311527;-0.00444877446559441;5.24037677770681
29202112595.3626;47.1985778439007;0.047853706633096;-5.06162219756431;-8.90248278844524;29.8285883299028;-0.00430300756409322;4.01828849801227
29202120800.5232;48.0133679976063;0.0477362965781195;-4.00304131453264;-7.84438179527304;28.979497205867;-0.00417590264764356;2.92168440376957
29202121499.6823;48.7389922812684;0.047631853249216;-2.98386423684007;-6.82569533962469;28.2230537083373;-0.00406230848042325;1.90668350502017
29202121567.7875;49.3662655099835;0.0475416738760684;-2.03572350652944;-5.87807304715898;27.4517963365593;-0.00394658287980107;0.917303845358207
29202121577.0176;49.649826317;0.0475009617957581;-1.51255996305158;-5.35548287216529;26.8454846345707;-0.00385432506668753;0.250618945087937
29202121580.3634;49.7890792413254;0.0474810010998562;-1.38069694244427;-5.22432558832605;26.6059823513004;-0.00381373623180492;0.0246651280853093
29202121582.4331;49.8925725588307;0.0474661925477173;-1.30098753727335;-5.14538724708817;26.5438913393284;-0.00379808675906858;-0.0566753948484468
29202121583.9302;49.99086753914;0.0474521547485695;-1.1827053250196;-5.02793764077785;26.4802578517843;-0.00378172455943873;-0.158332919953402
29202121585.0885;50.0845071086719;0.047438809417643;-1.09238682699321;-4.93851688800733;26.3927073515216;-0.00376143777049842;-0.261988629863312
29202121586.0547;50.1731369446113;0.0474262064588798;-1.03746731250685;-4.88457474264586;26.3282346380875;-0.00374381439316322;-0.332525532180747
29202121586.881;50.2561374872239;0.0474144317659169;-0.998041608857545;-4.84617294914737;26.2886591217676;-0.0037293839271586;-0.378680582453041
29202121587.6088;50.3354979125884;0.04740320169394;-0.962461774745891;-4.81168322188405;26.259272684376;-0.00371587628154665;-0.416104912222773
29202121588.2801;50.4146038599875;0.0473920383948541;-0.928657490701129;-4.7790740663921;26.2321005591637;-0.00370183018877363;-0.451161984649143
29202121588.8939;50.4919705802939;0.0473811518692538;-0.899515915106818;-4.75118080376919;26.2069327414366;-0.00368766367586372;-0.482548534137356
29202121589.441;50.5645313641364;0.0473709706353069;-0.877376914939842;-4.73027846362205;26.1859298798953;-0.00367423095655631;-0.507650999739333
29202121589.9631;50.636483690488;0.0473609050522409;-0.860675906998745;-4.71488180984358;26.1688020500097;-0.00366081632279673;-0.527445384846287
29202121590.4423;50.7043122645313;0.0473514447480613;-0.849113094467668;-4.70462068086927;26.1563536098134;-0.00364812418465128;-0.541544159716008
29202121590.8872;50.7684689543693;0.0473425236455304;-0.840968822029769;-4.69779223970065;26.1475323107369;-0.00363586115902205;-0.551510207023475
29202121591.3179;50.8314927990742;0.0473337877969227;-0.834699131095678;-4.69289892532895;26.14101431189;-0.00362345306844281;-0.559000024251058
29202121591.7349;50.8932292537858;0.0473252579560786;-0.829578286359339;-4.68917904448619;26.1360673521197;-0.00361109972779907;-0.564865735917197
29202121592.1281;50.9520219979967;0.047317160440344;-0.82528126287586;-4.68625319409473;26.1321909952367;-0.00359918269854397;-0.569604218572372
29202121592.5103;51.0096827699809;0.0473092444338985;-0.821395332560045;-4.68376964600017;26.1288719985343;-0.00358712365504177;-0.573764757040183
29202121592.8788;51.0657432294228;0.0473015735327914;-0.817816516705084;-4.68162678551112;26.1259418541034;-0.00357488180241862;-0.57751192845334
29202121593.232;51.1198762226392;0.0472941904253366;-0.814519903960893;-4.67974275623831;26.1232895163184;-0.00356291130622786;-0.580932383064285
29202121593.5773;51.1731898293726;0.047286942333586;-0.811404939731408;-4.67801932156303;26.1207973451871;-0.00355117478180085;-0.584154998788458
29202121593.9102;51.2249342814643;0.0472799299406351;-0.808486142857288;-4.67648369103049;26.1184823994796;-0.00353956906416687;-0.587161118477088
29202121594.2355;51.2758042623341;0.047273059686152;-0.80573873825321;-4.67522748837852;26.1162857015334;-0.00352713969721501;-0.590002535408842
29202121594.5525;51.3256690975011;0.0472663543577449;-0.80332419808851;-4.67469853270278;26.1141733257069;-0.00351157499351116;-0.592621180963161
29202121594.8639;51.3748507685919;0.0472597755857809;-0.801543833838197;-4.67520228193985;26.1121988523486;-0.00349289070337674;-0.594830599936787
29202121595.1674;51.4228629791642;0.0472533929646033;-0.800754019224076;-4.67710665251483;26.1105642303038;-0.00347107200912803;-0.596317674283521
29202121595.4658;51.4700106159267;0.0472471695361783;-0.801290198731619;-4.6807204285484;26.1094703794978;-0.00344641706943903;-0.596780438015349
29202121595.7579;51.5159576494062;0.0472411525637742;-0.803397351629558;-4.68627680883122;26.109162673351;-0.0034191132572173;-0.595932456366312
29202121596.0473;51.5610499181236;0.0472352984850628;-0.807296399306693;-4.69393992825487;26.109842758554;-0.00338969581700067;-0.593528539291457
29202121596.3327;51.6049530941535;0.0472296494490237;-0.813063098669213;-4.70358469222796;26.1116775928817;-0.00335979810812234;-0.589419256132885
29202121596.6125;51.6472401357984;0.0472242569824112;-0.820581836750116;-4.71500167535285;26.1147226019094;-0.00333016366826077;-0.583625380969696
29202121596.8901;51.6883168121388;0.0472190661548198;-0.829793284102616;-4.72815197571693;26.1190065048901;-0.00330063850596234;-0.576157389902894
29202121597.1632;51.7277598787664;0.0472141265921811;-0.840432753926112;-4.74271493002584;26.1244224674053;-0.00327163256334453;-0.567219007218962
29202121597.4362;51.7660945793082;0.0472093690347463;-0.852465501327518;-4.7586735364255;26.1309439357318;-0.00324300085415539;-0.556845347123895
29202121597.7074;51.8030476559774;0.0472048237665069;-0.865636316051499;-4.77572740088878;26.1384162451813;-0.00321505335674642;-0.545267353213375
29202121597.9732;51.8381315971761;0.0472005455481983;-0.879559557335857;-4.79340498984162;26.1465873161435;-0.00318837635514172;-0.532846271642774
29202121598.2365;51.8717231007778;0.0471964829960638;-0.894186711804035;-4.81161720840389;26.1553933417941;-0.00316322991396087;-0.519648991314823
29202121598.499;51.9040606053757;0.0471926020433569;-0.909468242859043;-4.83023639584377;26.1647768206065;-0.00314013906428838;-0.505738699867178
29202121598.7599;51.9350520934719;0.0471889080055788;-0.92521660204902;-4.84895769943951;26.1746014021357;-0.00311988782551255;-0.491300273384049
29202121599.018;51.9645950181755;0.0471854066017689;-0.941229450990628;-4.86744073861393;26.1847237800505;-0.00310339252199053;-0.476530630449144
29202121599.2753;51.9929748902523;0.0471820572589248;-0.957528169215286;-4.8855789978486;26.1951444631197;-0.00309150511392841;-0.461418741303611
29202121599.5302;52.0200387606753;0.0471788706671324;-0.973898643264769;-4.90296211551428;26.2057149240128;-0.00308554965666413;-0.44617090042396
29202121599.7831;52.0459009114305;0.0471758252851525;-0.990289315713478;-4.91931218107518;26.2163919340629;-0.00308709543644377;-0.43084176943718
29202121600.0351;52.0707152749435;0.0471728940600974;-1.00668893306398;-4.93434290890352;26.2271633332738;-0.00309811364886845;-0.415445099583292
29202121600.2888;52.0947665501341;0.0471700329028474;-1.02319585869135;-4.94779223876099;26.2380949832306;-0.0031213029284823;-0.399887703843836
29202121600.5413;52.1178188051982;0.0471672579829208;-1.03955216536717;-4.95901512600135;26.2490199907176;-0.00315973115970627;-0.384410054495775
29202121600.7908;52.139770088877;0.047164568741691;-1.05557790415003;-4.96740806539884;26.259821956023;-0.00321707818664819;-0.369179897596448
29202121601.0376;52.1607216338955;0.0471619383768769;-1.07124226819911;-4.97244233620529;26.2704853782342;-0.0032981319672132;-0.354222992952608
29202121601.2846;52.1809531546818;0.047159313436163;-1.08666461395392;-4.97357364449682;26.2811001834161;-0.0034098440055465;-0.339419577925143
29202121601.5309;52.2004352900723;0.0471566748722977;-1.10173322336911;-4.97000216994881;26.2916011943603;-0.00356080416662363;-0.324869058364297
29202121601.777;52.2192631924873;0.0471539807493134;-1.11643326448966;-4.960817786194;26.3019920630703;-0.00376360572660961;-0.310576408549604
29202121602.0215;52.2373566351455;0.047151208372872;-1.13061392848959;-4.94528293715931;26.3121797587355;-0.00403169638095831;-0.2966791888552
29202121602.265;52.2548296423563;0.0471482954036794;-1.14428052983011;-4.92231229437939;26.32218188024;-0.00438823746684816;-0.283162979588297
29202121602.5044;52.2714970390575;0.0471452233656709;-1.15720603600575;-4.89164722354917;26.3318427919974;-0.00485333272735885;-0.270245279395286
29202121602.738;52.2873152041623;0.0471419452151655;-1.16928951122467;-4.85281672659041;26.3410901614371;-0.00545891748215998;-0.258024876708803
29202121602.9652;52.3023101887238;0.0471383904741368;-1.18049791004848;-4.80563596616716;26.349896736366;-0.00624655921762737;-0.246536489822359
29202121603.1857;52.3165174302718;0.0471344693186521;-1.19081803805384;-4.74991373872863;26.358246807968;-0.00727479600366054;-0.235797190361929
29202121603.3989;52.3299614745988;0.0471300714718203;-1.20024093974021;-4.68553077578767;26.3661249063116;-0.00862494767697243;-0.225821756238797
29202121603.6041;52.3426528052182;0.0471250702861532;-1.20875941222701;-4.61319359234073;26.373514258623;-0.0103928299921721;-0.216624938185267
29202121603.8005;52.3545873929492;0.0471193604096547;-1.21636711394185;-4.53654782045592;26.3803967031123;-0.0126211990352631;-0.208221972907249
29202121603.987;52.3657433878623;0.047112880285526;-1.22306519753129;-4.45899018010444;26.3867483911664;-0.0153271318479594;-0.200628135021774
29202121604.1625;52.376102371519;0.0471055669365057;-1.22888187906462;-4.38008272688132;26.3925494818413;-0.0186329018648813;-0.193842419572163
29202121604.3272;52.3857180017942;0.0470972073093794;-1.23390574580811;-4.29469659544318;26.3978246676351;-0.0229497146675764;-0.187803652447696
29202121604.4834;52.3947405470303;0.0470872643885075;-1.23827884822801;-4.1960939331639;26.4026510713946;-0.0290959439429074;-0.182388365489886
29202121604.6351;52.4034261926293;0.0470763046763306;-1.24218080250123;-4.14118375844708;26.4071608171483;-0.0333210558350062;-0.177420929250951
29202121604.7907;52.4122616373497;0.0470657111958201;-1.24585989251647;-4.16704963461972;26.4115889946553;-0.0316668444114036;-0.17262406335057
29202121604.9588;52.4217236806612;0.0470573418952032;-1.24950978220791;-4.3028055463043;26.4161214860163;-0.0233654037049516;-0.167776464020987
29202121605.1434;52.4320300459485;0.0470537777395168;-1.25319093552676;-4.7143398003189;26.4207787062544;-0.00913685533540782;-0.162829964030112
29202121605.3383;52.4428197175077;0.0470566527600509;-1.25677075441154;-4.83113802837281;26.425318566619;0.00704130177472128;-0.158007191466634
29202121605.5402;52.4539099768865;0.0470633029295097;-1.26022847349719;-4.48233746495602;26.4296255556618;0.0158482757412469;-0.15339812053817
29202121605.7486;52.465262954386;0.0470703629305826;-1.26362247745859;-4.46992748753107;26.4336680053176;0.016438130392427;-0.148999937337986
29202121605.9637;52.4768968344148;0.0470772641171789;-1.26705310066375;-4.4938539114659;26.4374366587315;0.0156826168961543;-0.144766920815076
29202121606.1822;52.4886134296599;0.0470837995570999;-1.27057825052694;-4.52410485118155;26.4408752298454;0.0147485466478377;-0.140707235678909
29202121606.4033;52.50037207531;0.0470899658346145;-1.27431356708265;-4.55464780372481;26.4440057139828;0.0138673349535272;-0.136748273929276
29202121606.6276;52.5121838445113;0.047095807753348;-1.27839687225614;-4.58415631339894;26.4468803636171;0.013080218822865;-0.132786202433775
29202121606.8554;52.5240616971798;0.0471013715864792;-1.28297282255162;-4.61233666029735;26.449564163759;0.012389525742454;-0.12870527835999
29202121607.0845;52.5358607789525;0.0471066327590568;-1.28811764652446;-4.63888330970615;26.4521002993242;0.0117949063659703;-0.124438538737804
29202121607.3145;52.5475477892325;0.047111617238884;-1.29392989564239;-4.66401347899923;26.4545676661166;0.0112828050723993;-0.119884002080293
29202121607.5459;52.5591346780888;0.0471163634903524;-1.30051733710128;-4.68813343373812;26.4570575121637;0.0108374085247574;-0.11492682529873
29202121607.7792;52.570611241227;0.0471208945122549;-1.30796655881032;-4.71158224757744;26.4596558642067;0.0104464445332068;-0.109466241504048
29202121608.0136;52.5819275047585;0.0471252140974444;-1.31632131517776;-4.73458232442389;26.4624354466985;0.0101011030642056;-0.103431786806962
29202121608.2483;52.5930161938171;0.04712931770591;-1.32558208035056;-4.75729636872753;26.4654536727828;0.00979411174432135;-0.0967848667693972
29202121608.4836;52.6038764392283;0.0471332227525853;-1.33577888583868;-4.77999229587794;26.4687724224992;0.0095174453092142;-0.089469123565811
29202121608.7198;52.6145054072508;0.0471369425928471;-1.34693316700621;-4.80289997675648;26.4724430247025;0.00926461150174575;-0.0814395465089968
29202121608.957;52.624882157562;0.0471404819983879;-1.35903545986558;-4.82616650016784;26.4764980415559;0.00903086814830563;-0.072679112854766
29202121609.1946;52.6349680495108;0.0471438385214217;-1.37203858109371;-4.8498632604613;26.4809479494357;0.0088126972013509;-0.0632044156298087
29202121609.4321;52.644735341841;0.0471470125271761;-1.38588803270897;-4.87405450906434;26.4857909696658;0.00860689432686711;-0.0530438931804295
29202121609.6701;52.6541995186744;0.0471500171527566;-1.40058270050056;-4.89887518638819;26.4910347216842;0.00841020217396644;-0.0421930125931456
29202121609.9099;52.663396260886;0.0471528715483011;-1.4161797142793;-4.92429957268414;26.4966875515349;0.0082237845915394;-0.0306176324876828
29202121610.1561;52.6724780639725;0.0471556306533881;-1.43301601006098;-4.95041984934428;26.502835563383;0.0080517170133303;-0.0180917540868032
29202121610.4111;52.6814976316017;0.0471583193469028;-1.45135628027589;-4.97700069992012;26.5095154364619;0.00790237017578516;-0.00445852265629279
29202121610.6765;52.6904607192272;0.0471609506765924;-1.47146189289559;-5.00374426915851;26.5167342339255;0.0077846243367684;0.0104174664669736
29202121610.9542;52.6993734559303;0.0471635382893932;-1.4936698549563;-5.0307816409995;26.5245086991206;0.00770079500037467;0.0267159039518946
29202121611.2479;52.7082718582464;0.0471661040496745;-1.51852594755361;-5.05862190696229;26.532890546698;0.00765047862456348;0.044744232954885
29202121611.5635;52.7172298190169;0.0471686780296584;-1.54690344695802;-5.08850743779876;26.5420010310969;0.00762657720184085;0.0650201057206335
29202121611.9108;52.726361384536;0.0471712993225682;-1.58025202302642;-5.12228170975702;26.5520405365681;0.00762198721048369;0.0884022415806919
29202121612.3151;52.7360151430328;0.0471740722552611;-1.62201214978599;-5.16376925175066;26.5635752111015;0.00763008585398413;0.116989145417701
29202121612.831;52.7467897398529;0.0471771704582423;-1.6800903461935;-5.22138150675004;26.5777624565714;0.00764235583494785;0.155507387754504
29202121613.6736;52.7605652087842;0.0471811301863066;-1.78655923231412;-5.32800026230366;26.5987664917156;0.00764575657478619;0.22277557945774
29202121615.4142;52.7763623324464;0.0471856460467516;-2.04210492661641;-5.58594243217259;26.6299354311212;0.00761259294017364;0.371373802076996
29202121622.183;52.7842416758604;0.0471878783334074;-2.93402500419789;-6.48176507026962;26.6609502586392;0.00755327955244044;0.838056324631732
29202121667.8716;52.7853113422649;0.0471881799152411;-4.63055875634399;-8.18040193478686;26.6735340658668;0.00752033837898043;1.69473115344941
29202122043.8008;52.785437042569;0.0471882151522582;-6.4757697578914;-10.0281069490625;26.6858890459428;0.00748073869294747;2.62559174576564
29202125133.3038;52.7854526341655;0.0471882194979847;-8.29699803229367;-11.8518262350281;26.6992419155292;0.00744167548834284;3.54512768798474
29202147114.2878;52.7854548463547;0.0471882201091475;-9.99722486365403;-13.5558901991902;26.7158055626453;0.00738079152316114;4.40630813481331
29202239518.6198;52.7854553069075;0.0471882202349362;-11.3024128518375;-14.8660508344341;26.7346158492295;0.00730190142116854;5.07147010988457
29202557400.4903;52.7854554313112;0.0471882202684574;-12.4074326563167;-15.9769461339006;26.7574776580641;0.00720994071859233;5.63925500451939
29203490273.0194;52.78545547166;0.0471882202791638;-13.3639912582077;-16.9401761882182;26.785546846822;0.0071074790335506;6.13628858815187
29205980626.3218;52.7854554867899;0.0471882202831089;-14.2164243834085;-17.8002090098016;26.8214198977448;0.00699354121780655;6.58647354866516
29212521382.8692;52.7854554931681;0.0471882202847381;-15.010932069113;-18.6036519662717;26.8712522256078;0.00686385354404247;7.01702261575599
29233103611.0004;52.7854554961173;0.0471882202854708;-15.8437861059806;-19.4485470701122;26.957549874511;0.00669760380279777;7.49110900214911
29301075710.6716;52.7854554976852;0.0471882202858466;-16.6370143677578;-20.2574074414119;27.1187580412017;0.00649945172854775;7.99543362952191
29426720362.0319;52.7854554987036;0.047188220286083;-17.0912203149639;-20.7254727755822;27.3116362380573;0.00634008760508238;8.3514072534519
29604748249.4506;52.7854554995532;0.0471882202862751;-17.3213049782575;-20.9669623417256;27.5188559453328;0.0062226161433255;8.60490244978621
29829998939.0606;52.7854555004286;0.0471882202864688;-17.4104188365152;-21.0655253832786;27.7409863443975;0.00613783701317389;8.79787475758261
30079941545.6926;52.7854555014265;0.0471882202866856;-17.3987715284677;-21.0618839480481;27.9675153568308;0.00607493262438714;8.94340539873377
30343990906.6895;52.785455502694;0.0471882202869567;-17.3187545433253;-20.9884892335993;28.1983325806959;0.00603238064966994;9.05761635303009
30613072043.8414;52.7854555044345;0.0471882202873241;-17.1892074684226;-20.8647881857179;28.4328158392389;0.00600121456741146;9.14951170828641
30878083376.6656;52.7854555069348;0.0471882202878461;-17.025264424686;-20.705560264346;28.6673813603561;0.00598538628563983;9.22426404477685
31131337312.0685;52.7854555106017;0.0471882202886054;-16.8392560573729;-20.5231467714776;28.8980509959251;0.00598381060371339;9.28538070376715
31370532152.3203;52.7854555160995;0.0471882202897373;-16.6385626885435;-20.3249623364784;29.1242104242176;0.00599590181155812;9.33614138993172
31600901654.4078;52.785455524818;0.0471882202915269;-16.4219857203807;-20.1096645937517;29.3519113867407;0.00602500642322803;9.37999024773481
31820596028.4335;52.7854555389186;0.0471882202944217;-16.192579266792;-19.8801903824201;29.5805458162334;0.00607288514717346;9.41804805702096
32032410488.8964;52.7854555628133;0.0471882202993462;-15.947654139518;-19.6335986727406;29.8143943567408;0.00614442798339682;9.45183031673929
32235843851.6968;52.7854556046652;0.0471882203080432;-15.6867074741189;-19.3690495031358;30.0547882641758;0.0062455637216615;9.48197506798629
32429973360.4112;52.7854556803534;0.0471882203239911;-15.4090634686458;-19.0853901302504;30.3028768078916;0.00638494555963866;9.50891229016247
32615974130.1149;52.7854558249159;0.0471882203550965;-15.1094590149606;-18.7766779269775;30.5634972674387;0.00657633813873799;9.53324243721881
32790350709.045;52.7854561086116;0.0471882204179501;-14.7886354417071;-18.4431585239599;30.835960675683;0.00683178831117091;9.55487584519886
32956588818.1721;52.7854567222797;0.0471882205595273;-14.4327970308261;-18.0697371251427;31.1316793920799;0.00718228203259879;9.57453977648471
33113725523.5957;52.785458193324;0.0471882209182764;-14.0286518874856;-17.6414868117588;31.460753503867;0.007672452276476;9.59233661721507
33261990129.4255;52.7854624135994;0.0471882220306954;-13.5456966962921;-17.1247691136224;31.846311330533;0.00839434315955105;9.60846781418001
33399456925.6039;52.7854788605383;0.0471882268552386;-12.9221127314336;-16.45474160799;32.3344768784321;0.00948499186130461;9.6228415707985
33526954075.7305;52.7856248569774;0.0471882771259838;-11.9411582140826;-15.4041851540774;33.0872002377182;0.0113928683708917;9.63529329338718
33645641600.6625;52.8279846226892;0.0472072775038566;-9.44745152391436;-12.7956428351759;34.8658527141379;0.0156390000108928;9.57681848853428
33758917137.499;52.9602471154313;0.0472932634670561;-8.93269942550513;-12.1197085685526;33.7425404945058;0.021936565575499;8.56891319839926
33865938870.5629;53.0829592258521;0.0473346573239925;-8.94058455424101;-12.4125360851294;32.4002714246094;0.0109294200503311;7.67601826194456
33961683359.1788;53.1978648173197;0.0473155128963651;-8.9207726212847;-12.699071397355;32.2306574052307;-0.00536995180302341;7.55278499416604
34034129879.0162;53.3378602205939;0.0472784018216988;-8.71390375188447;-12.2905139969342;32.1703484446428;-0.00852796717070072;7.40905599360674
34073481854.1433;53.5466433134305;0.0472265174394723;-8.27527120827255;-11.8799298849775;31.9858742108561;-0.00794876300018921;7.06648415491017
34085645989.491;53.928736198864;0.0471341624597861;-7.50291229259533;-11.119620926677;31.6156303444922;-0.0076417567809903;6.43292768786313
34087509090.5188;55.0404398633374;0.046866706643147;-6.22424736821431;-9.84298435804234;30.806504559001;-0.00741148841901732;5.25297531378179
34087615755.676;55.9439919008421;0.046649511369078;-5.0720694080674;-8.69117220638971;29.8374002960347;-0.00717229563523716;4.02938484020632
34087624158.83;56.7604239840772;0.0464533903507809;-4.01252225926875;-7.63191818254859;28.9867326851744;-0.00696311138190085;2.93124428861389
34087624873.4918;57.486487615928;0.0462790975131936;-2.99312588539131;-6.61282102858667;28.2301155463791;-0.00677668833439808;1.9160177268137
34087624943.0207;58.1164923001599;0.0461279738044731;-2.04282170007768;-5.66283287557692;27.4584467848433;-0.0065866531117807;0.925281463046859
34087624952.3811;58.4024604855178;0.0460594316625887;-1.51497514901894;-5.1353351968955;26.8491361055535;-0.00643532179678336;0.254251323754551
34087624955.7469;58.5423240494618;0.0460259416506364;-1.38138899442832;-5.00217828244626;26.6070227821101;-0.00637099102767726;0.0256913834737098
34087624957.8211;58.6458193654642;0.0460011866167144;-1.30191868507954;-4.92317585420501;26.5443949690439;-0.00634915108508567;-0.0558882538991899
34087624959.3246;58.7443398853513;0.0459776489702261;-1.18358279349956;-4.8053464525214;26.4809076432018;-0.00632658296475332;-0.157474962653764
34087624960.4864;58.8381661874386;0.0459552609740238;-1.09282830491638;-4.71513768045991;26.3932184819858;-0.00629771462793681;-0.261441315096057
34087624961.4522;58.9266821367808;0.0459341688111441;-1.03783363348058;-4.66073404863246;26.3286609710704;-0.00627376658933653;-0.332072454271982
34087624962.2792;59.0096945605737;0.0459144162643897;-0.998360235436581;-4.62188023154443;26.2889624700438;-0.0062553764435365;-0.378333524465809
34087624963.007;59.0889919059293;0.0458955762990875;-0.962791180504676;-4.58696973053826;26.2595596563157;-0.0062389124195416;-0.415763407390185
34087624963.6802;59.1682826149551;0.0458767692425726;-0.92888405156355;-4.55378552333017;26.2323137772191;-0.00622207335243429;-0.450921181583909
34087624964.2936;59.2455609229373;0.0458584711914289;-0.899739830737888;-4.52539259819217;26.2071565492618;-0.00620536219527935;-0.48230197918075
34087624964.8396;59.3179287178039;0.0458413650845818;-0.877612031764108;-4.50400619075307;26.1861751846774;-0.00618981843308298;-0.507384482027859
34087624965.3589;59.3894566802798;0.0458244877578331;-0.860941258808969;-4.48811345433934;26.1690940218148;-0.00617470895626217;-0.527132570200686
34087624965.8475;59.4586108243719;0.0458082004355197;-0.849126577242372;-4.47709509694281;26.1563787061405;-0.00616040262130365;-0.541535592104178
34087624966.2923;59.5227570252876;0.0457931199677312;-0.840987688262455;-4.46974381513467;26.147564764573;-0.00614716853920268;-0.551494032621938
34087624966.7231;59.5857937594429;0.0457783283699107;-0.834718001910464;-4.46429661682349;26.1410491274098;-0.00613400885182871;-0.558982270437142
34087624967.1372;59.6470919114057;0.0457639721636465;-0.82963052160147;-4.46003821358588;26.1361352067761;-0.00612115921873869;-0.564809225746313
34087624967.5303;59.7058671541055;0.0457502326412879;-0.825330500331135;-4.4565532963078;26.1322547392608;-0.00610877440528707;-0.569551954576995
34087624967.9135;59.7636751629041;0.0457367451756078;-0.821430655699591;-4.45348831342811;26.1289242930001;-0.00609626549995453;-0.573727100966562
34087624968.2836;59.8199636214564;0.045723638043616;-0.817834842291929;-4.45074652515565;26.1259804551524;-0.00608360369155834;-0.577491921155043
34087624968.6374;59.8742070406747;0.0457110314218924;-0.814529940017569;-4.44827827585076;26.123321140415;-0.00607127707889845;-0.580921182931778
34087624968.9832;59.927587213499;0.0456986488744549;-0.811409582110445;-4.44597955720312;26.1208246518892;-0.00605922261479095;-0.584149380905396
34087624969.3168;59.9794303385741;0.0456866454256479;-0.80848402104854;-4.44386914912818;26.1185044675014;-0.00604732316654612;-0.587162383641235
34087624969.6423;60.0303510154052;0.0456748793915769;-0.80573381566971;-4.44199788163407;26.1163045963736;-0.00603458847783902;-0.590007321915713
34087624969.9601;60.0803283158296;0.0456633610316358;-0.803316644757717;-4.44069879249562;26.1141869060787;-0.00601858447333396;-0.592630834709787
34087624970.272;60.1295802631131;0.0456520451789065;-0.801540370544524;-4.44027648982344;26.1122109865626;-0.00599939596824977;-0.594839176145984
34087624970.5754;60.1775832109807;0.0456410567365459;-0.800761375882218;-4.44109314971144;26.1105802332275;-0.00597702055061164;-0.596318257103914
34087624970.874;60.2247694559662;0.0456303004548423;-0.801312120423381;-4.44346537086675;26.1094920424129;-0.00595175673827797;-0.596769958262722
34087624971.1655;60.2706033269328;0.0456199011912335;-0.803429423664215;-4.44761337424738;26.1091929908429;-0.00592392426818713;-0.595911120731472
34087624971.4542;60.3155955941625;0.0456097446736635;-0.807332014825806;-4.45372506916289;26.109878998285;-0.00589402270931867;-0.59350147693972
34087624971.7396;60.3594780367022;0.0455998903694017;-0.813105718139574;-4.46177054353491;26.1117197460005;-0.00586368525278395;-0.58938474278057
34087624972.0193;60.4017533889362;0.0455904465698118;-0.820630837747992;-4.47157131033857;26.1147703348188;-0.0058337221181028;-0.583583950699386
34087624972.2967;60.4428044292277;0.045581324493792;-0.829843527021457;-4.48307400709548;26.1190572579123;-0.00580399483617135;-0.576113322741749
34087624972.5701;60.4822811587803;0.0455725981074475;-0.84049873154881;-4.49600546127833;26.1244834440972;-0.00577485364588185;-0.567160243721268
34087624972.8431;60.5206080856472;0.0455641700054631;-0.852535368052189;-4.51030958390358;26.1310091434791;-0.00574621625112825;-0.556781813996297
34087624973.1143;60.5575595156781;0.0455560860978651;-0.865710644671073;-4.52572055431987;26.1384857508597;-0.00571834712174383;-0.545198719330665
34087624973.38;60.5926183171593;0.0455484541841653;-0.879627779063821;-4.54179139349907;26.1466546063426;-0.00569183779997134;-0.532782173216232
34087624973.6432;60.6261993365641;0.0455411784327346;-0.894253056185462;-4.5584690784999;26.1554606106602;-0.00566691045518309;-0.51958584746521
34087624973.9054;60.6584866202946;0.0455342136064043;-0.909511718708955;-4.57563293722159;26.1648309067511;-0.0056441261750875;-0.505695799770387
34087624974.1661;60.6894580816218;0.0455275586907167;-0.925249607558509;-4.59306874703909;26.174649557189;-0.00562421269425055;-0.491266572621746
34087624974.4242;60.7190056759243;0.0455212303722544;-0.941263525280236;-4.61049732647155;26.1847731205484;-0.00560809050896649;-0.476495604341095
34087624974.6814;60.7473580186989;0.0455151728521506;-0.957543910690644;-4.62783799731874;26.195182513608;-0.00559663961312021;-0.461400425766509
34087624974.9362;60.7744241792754;0.0455093981221736;-0.97391389665351;-4.64480886901469;26.2057530318821;-0.00559115679432465;-0.446152791009643
34087624975.1892;60.8002908564748;0.0455038795084373;-0.990305011987819;-4.66121565775915;26.2164307200249;-0.00559323308418424;-0.43082298545349
34087624975.4409;60.8250752503494;0.0454985830142883;-1.00668092233413;-4.67687072777368;26.2271868932021;-0.00560482304417573;-0.415448341640845
34087624975.6941;60.8490833024018;0.0454934327963169;-1.02315348700264;-4.69168480105686;26.2380959974781;-0.00562860798728571;-0.39992318873914
34087624975.9465;60.8721265727767;0.0454884572683301;-1.03949833019061;-4.70520327233937;26.2490134683907;-0.00566771552014298;-0.384456304256505
34087624976.1959;60.8940781591893;0.0454836708159288;-1.05551878680516;-4.71697095397176;26.2598119676637;-0.0057258431207306;-0.369231100641312
34087624976.4427;60.9150236229789;0.0454790402850338;-1.07117367926857;-4.72663287437058;26.270469001505;-0.00580775959692573;-0.354283195029297
34087624976.6896;60.9352542332283;0.0454744828279381;-1.0865902470737;-4.73387664152227;26.2810798341394;-0.005920478537086;-0.339485316141248
34087624976.9359;60.9547407049343;0.0454699819632422;-1.1016567522692;-4.7380940060485;26.2915793490559;-0.00607266636449927;-0.324936838670513
34087624977.1822;60.9735860987298;0.0454654843802678;-1.11636635138683;-4.73859238408576;26.3019769870434;-0.00627714788954298;-0.310634874069404
34087624977.4266;60.9916752958866;0.0454609834172067;-1.13053957776394;-4.7346534212475;26.3121593683329;-0.00654700462088553;-0.296744906892912
34087624977.6701;61.009148448928;0.0454563991864929;-1.14420208372165;-4.72530689793259;26.3221584500725;-0.006905842748297;-0.283232753566671
34087624977.9094;61.0258155569322;0.0454517318625024;-1.15712357582833;-4.70991587627455;26.3318162487795;-0.00737375180265349;-0.270319110643015
34087624978.143;61.0416339966008;0.0454469379350242;-1.16920394861974;-4.68767613126917;26.3410610575622;-0.00798290723062564;-0.258101931243295
34087624978.3702;61.0566297641524;0.0454419440169083;-1.18040960719577;-4.65793688997988;26.3498652158698;-0.00877508062189772;-0.246616478492139
34087624978.5906;61.0708379971518;0.0454366564697382;-1.19072760945631;-4.62001342516215;26.3582132258524;-0.0098091223419009;-0.235879552997035
34087624978.8037;61.0842827395823;0.0454309622662535;-1.20014844480266;-4.57326794861076;26.3660891723641;-0.0111667350726488;-0.225906502213912
34087624979.0089;61.0969747020729;0.0454247330313997;-1.20866513675429;-4.51775921178741;26.3734764699929;-0.0129441431114252;-0.216711831906554
34087624979.2053;61.1089096038993;0.0454178634724194;-1.21627132906289;-4.45616132339206;26.3803569566375;-0.0151841565746477;-0.208310783007034
34087624979.3917;61.1200653611629;0.0454102939373886;-1.22296781275414;-4.39139766552662;26.3867064037255;-0.0179042169662594;-0.200719062803569
34087624979.5672;61.1304239920931;0.0454019624478634;-1.2287833532544;-4.32336306039241;26.3925054486219;-0.0212276008453085;-0.193935062617476
34087624979.7319;61.1400398130057;0.0453926489905423;-1.23380663565376;-4.24768207322875;26.3977788692064;-0.025567716901622;-0.187897472434742
34087624979.8881;61.1490633169648;0.0453817981589264;-1.23817965955454;-4.15809184865686;26.4026036468629;-0.0317493301595804;-0.18248288124254
34087624980.0397;61.1577504987205;0.0453699529362789;-1.24208215679867;-4.10741783653111;26.4071124275081;-0.0360068587235125;-0.177515509366398
34087624980.1954;61.1665892241995;0.045358455101228;-1.24576252797378;-4.13153609946098;26.4115408925838;-0.0343573902527897;-0.172717918075407
34087624980.3635;61.176055920834;0.0453491314570058;-1.24941452296477;-4.25602729003001;26.41607504353;-0.0260168984982819;-0.167868741020146
34087624980.5482;61.186366416779;0.0453445631463192;-1.25309766219379;-4.60662158576617;26.4207338733955;-0.0117063351311442;-0.162921139296196
34087624980.7431;61.1971602453261;0.0453464383052202;-1.25667996539328;-5.01681740494913;26.4252755634334;0.00459073353516931;-0.158096926874536
34087624980.945;61.2082550578632;0.0453521026537494;-1.26014045315224;-4.55211045396539;26.4295834066915;0.0134933665076656;-0.153486407583422
34087624981.1534;61.2196110874317;0.0453581711418899;-1.26353754937982;-4.53568355649567;26.4336258060404;0.0141257244660618;-0.149086731443844
34087624981.3686;61.231247351688;0.0453640660321245;-1.26697180572478;-4.56230965835744;26.4373944097576;0.0133930903169044;-0.144851880179409
34087624981.587;61.2429674528361;0.0453695965691441;-1.27050139866746;-4.59666545476577;26.4408333827386;0.0124770260942527;-0.140789645912003
34087624981.8082;61.2547288569416;0.0453747614148672;-1.27424166337253;-4.63164348193841;26.4439644820312;0.0116124737854225;-0.136827744206445
34087624982.0325;61.2665428378408;0.0453796043532367;-1.278330336225;-4.66561765825755;26.4468400176066;0.0108414274044049;-0.132862348225517
34087624982.2603;61.2784221542481;0.0453841703953332;-1.28291203655764;-4.69816357540666;26.4495250915633;0.0101663800220587;-0.128777655425735
34087624982.4894;61.2902232979704;0.0453884474130209;-1.28806345444889;-4.72884650767339;26.4520632185362;0.00958686250470794;-0.124506251646559
34087624982.7194;61.301911967387;0.0453924635184507;-1.29388265476452;-4.75784262541473;26.4545330513104;0.0090895028375704;-0.119946560154499
34087624982.9508;61.3134999284992;0.0453962559086044;-1.30047714915518;-4.78557116791914;26.4570257703821;0.00865858653265821;-0.114983909765315
34087624983.1841;61.3249769940825;0.0453998482220875;-1.30793333874656;-4.81238997373793;26.4596273567137;0.00828184481667258;-0.109517656822149
34087624983.4185;61.3362944854875;0.0454032484609467;-1.31629539427192;-4.83853614128153;26.4624106543458;0.00795039411081531;-0.103477048845955
34087624983.6532;61.3473845440394;0.0454064570095013;-1.32556374344731;-4.86418896673018;26.4654330016918;0.00765691419996066;-0.0968235641095141
34087624983.8885;61.3582445425866;0.0454094904983554;-1.33576763478832;-4.88965499838622;26.4687559708291;0.00739343342170598;-0.0895014415645558
34087624984.1248;61.3688737863998;0.0454123627684451;-1.3469289100676;-4.9152060033353;26.4724309664123;0.00715346952257414;-0.0814654162935823
34087624984.3619;61.3792504806538;0.0454150796751307;-1.3590378060146;-4.94102210410797;26.4764903889122;0.00693228035725227;-0.0726987229508297
34087624984.5995;61.3893364904343;0.0454176415823015;-1.37204745541899;-4.96720345110629;26.4809447543123;0.00672631930069686;-0.0632177698418596
34087624984.837;61.3991039136444;0.045420050590849;-1.38590313961141;-4.99384480422508;26.4857921497734;0.00653237791630179;-0.0530511951129287
34087624985.0751;61.4085679340206;0.0454223181623088;-1.40060379890713;-5.02111848334143;26.4910401787091;0.00634723133123551;-0.0421944491056054
34087624985.3149;61.4177642621914;0.0454244603104908;-1.41620617601407;-5.04897112705201;26.4966970655919;0.00617201239375776;-0.0306136652704719
34087624985.561;61.4268450137025;0.0454265198218358;-1.43304610722848;-5.07740371022;26.5028485425147;0.00601083700867314;-0.0180836434754847
34087624985.816;61.4358630898943;0.0454285173470415;-1.45138911649627;-5.10601074860542;26.5095316425201;0.00587192395801251;-0.00444687726180208
34087624986.0813;61.4448244440076;0.0454304652871161;-1.47149595704829;-5.13429400377786;26.5167532208086;0.00576397780892578;0.0104315912712515
34087624986.3591;61.4537346875514;0.0454323764383884;-1.49370188258643;-5.16229639348249;26.5245294795473;0.00568922589062822;0.0267302144398552
34087624986.6526;61.462628704039;0.0454342694268612;-1.51854819601183;-5.19049815682788;26.5329108013882;0.00564722298060736;0.0447533063774372
34087624986.968;61.4715810493182;0.0454361686906723;-1.54690796361238;-5.22025949439031;26.5420188231672;0.00563095973743844;0.0650186702247942
34087624987.3152;61.4807095208582;0.0454381054366303;-1.58024178396883;-5.25356719158019;26.5520578152746;0.00563342838136944;0.0883930865655347
34087624987.7191;61.4903541971788;0.0454401561924948;-1.62194943614068;-5.29432313108743;26.5635834131052;0.00564823770714294;0.116947689233507
34087624988.2339;61.5011127390181;0.0454424502389855;-1.67989564443324;-5.35104684261316;26.5777483040707;0.00566717972902031;0.155385001961745
34087624989.0736;61.5148601727995;0.0454453849369913;-1.78592753957585;-5.45658575908607;26.5986960649367;0.00567808811008213;0.222397099923892
34087624990.8041;61.5306498770275;0.0454487362028819;-2.03978402174196;-5.71294913035844;26.6297851040483;0.00565200520579359;0.370097334439524
34087624997.5065;61.5385993321631;0.0454504045927457;-2.92589076917983;-6.60393058919083;26.6608861809493;0.00559544666956657;0.833930821602142
34087625042.6737;61.5396820874921;0.0454506304070487;-4.62029344482671;-8.30107232805882;26.6735089091523;0.00556290018920651;1.6895661192626
34087625414.4076;61.5398092274325;0.0454506567219861;-6.46595016233787;-10.1500298254511;26.6858587825778;0.00552333672473881;2.62064616034708
34087628467.1258;61.5398250015317;0.0454506599621704;-8.28674214997609;-11.9741170024279;26.69919375347;0.00548432640750255;3.5399520015904
34087650263.3176;61.5398272340788;0.0454506604153965;-9.98957999612919;-13.6820656905269;26.7157509508774;0.00542352556749008;4.40243365122099
34087741966.2526;61.5398276982677;0.0454506605081974;-11.2956884692854;-14.9948312763412;26.7345356369722;0.00534478005385693;5.06803876794036
34088057997.1192;61.5398278234931;0.0454506605327811;-12.4020371053491;-16.1090809905378;26.7573805081284;0.00525290697036588;5.63647676621006
34088985771.2149;61.5398278640678;0.0454506605405833;-13.359186488878;-17.0752263810496;26.785413834353;0.00515060764861743;6.13378178453097
34091460919.7839;61.5398278792757;0.0454506605434393;-14.2115309456004;-17.9378397661043;26.8212055686319;0.00503697127627011;6.58386808533848
34097965175.347;61.5398278856849;0.0454506605446099;-15.0064000457967;-18.7448122469504;26.8709322381178;0.00490761553559209;7.01452727130895
34118388692.1222;61.5398278886465;0.0454506605451309;-15.8385956207855;-19.5932916294669;26.9568613481299;0.00474212847889907;7.48803819797272
34185976683.2371;61.5398278902192;0.0454506605453944;-16.6332263448172;-20.4089823170565;27.1176468917893;0.00454460381903769;7.99278169399721
34311230218.3667;61.5398278912393;0.0454506605455583;-17.0891269752051;-20.8834233687017;27.3103443021473;0.00438561780968469;8.34948187734327
34488797055.7134;61.5398278920888;0.04545066054569;-17.3202324686235;-21.1295789949346;27.5173292356342;0.00426834734500629;8.60333063314597
34713848523.4765;61.5398278929639;0.045450660545822;-17.4102201363461;-21.2317578188858;27.7394439066298;0.00418369550018742;8.79672934294181
34963630047.8084;61.5398278939602;0.0454506605459688;-17.3991484435907;-21.2307924206096;27.9659112235996;0.00412083283772283;8.94250657502912
35227839268.3919;61.5398278952264;0.045450660546152;-17.3194540622956;-21.159182094798;28.1968894893143;0.00407824366003658;9.05698643445787
35496778902.6503;61.5398278969618;0.045450660546399;-17.1902457571267;-21.0369154005416;28.4312338638874;0.00404693346493748;9.1489583831892
35761754628.3432;61.5398278994544;0.0454506605467495;-17.0265586108661;-20.8785209874418;28.6657250797555;0.0040308863627175;9.2237890242476
36014962232.3489;61.5398279031077;0.0454506605472588;-16.8407924393552;-20.6964512791786;28.8962912161336;0.00402887010627331;9.2849576304444
36254637295.1764;61.5398279086;0.0454506605480208;-16.6398709923609;-20.4976807370281;29.1228352611143;0.00404039578043616;9.33586125850879
36485205305.8618;61.5398279173006;0.0454506605492269;-16.4232487204352;-20.2814081352374;29.350664221743;0.0040687267031033;9.37977298612691
36704970755.6172;61.5398279313629;0.0454506605511835;-16.1939027566717;-20.0504646311412;29.5792983255523;0.00411553209668149;9.41786082222924
36916948029.9097;61.5398279552061;0.045450660554531;-15.9489254685998;-19.8015652195718;29.8132442846416;0.0041857133925227;9.45168208981986
37120576546.7356;61.5398279969871;0.0454506605604882;-15.6878593421156;-19.5337979811974;30.053784298944;0.00428509570429062;9.48186472840105
37314741759.0238;61.5398280724735;0.0454506605715043;-15.4103026038767;-19.2461441461844;30.3018246705141;0.00442208655262266;9.50881339384456
37500840262.6818;61.5398282166982;0.0454506605932609;-15.1107033692539;-18.9321521762443;30.562467915808;0.00461041069001256;9.53316136814926
37675348517.514;61.5398284998397;0.0454506606379058;-14.7898123667291;-18.5920435665182;30.835011557901;0.00486197717593381;9.55481466027555
37841682880.0773;61.5398291122092;0.0454506607403367;-14.4339684348929;-18.210551167593;31.1307551605337;0.00520723194824984;9.57449244577615
37998860898.9907;61.5398305791432;0.0454506610056517;-14.0299812550425;-17.7726300433534;31.4597208411834;0.00568991889933112;9.59229580194095
38147086544.583;61.5398347798044;0.045450661849933;-13.547605690545;-17.2444361669315;31.8448411044948;0.00640042200764402;9.6084244284233
38284598205.3167;61.5398511347508;0.0454506656304542;-12.9246904013942;-16.5607878518999;32.3325160536783;0.00747380997250064;9.62280468886692
38412026143.4849;61.5399950272157;0.04545070626584;-11.9472266039004;-15.4963602689057;33.0826274475516;0.00934256932715257;9.63525652696183
38530762084.8261;61.5814928302641;0.0454667649376437;-9.45655709452757;-12.868872577314;34.8618383539373;0.0134907098563603;9.57867321943657
38644066239.0431;61.7136777839921;0.0455447171612628;-8.93306380991337;-12.1624173251271;33.750494706276;0.019903370515326;8.57439395357237
38751199088.997;61.836567419295;0.0455789695511766;-8.94040740281167;-12.4952317790016;32.4022785441888;0.00903131884192493;7.67725517318309
38846982161.8483;61.9514198119086;0.0455529903432432;-8.92114871880739;-12.5666628597288;32.2307755743135;-0.0072904882644944;7.55303707433295
38919537233.2126;62.0913183467295;0.0455074353744486;-8.71485460752941;-12.2021320201318;32.1707194779617;-0.01047570743892;7.40976453446625
38958994652.7905;62.2998527539159;0.0454430329734463;-8.27695095826331;-11.7872266213065;31.9866810404366;-0.00987855714984307;7.06784829344696
38971210328.3523;62.6810109288465;0.0453279552504288;-7.50581225091752;-11.0259262295542;31.6172023828237;-0.00954573690847028;6.43541319126955
38973085936.5155;63.7898836054394;0.0449944428287842;-6.22826043196923;-9.7500301004338;30.8096191472162;-0.00926651987070795;5.25704802620468
38973193544.9102;64.6945532073675;0.0447225339179895;-5.07535615484704;-8.5974227123575;29.8402019388755;-0.00896881777590727;4.03288527070322
38973202011.8607;65.5115512619916;0.0444771096954048;-4.01550599603394;-7.53780959447669;28.9889852875165;-0.00870822046324331;2.93422637059239
38973202731.4741;66.2375067703137;0.0442591558287799;-2.99618924812239;-6.5187346749548;28.2324440177404;-0.00847623617067053;1.9190903083774
38973202801.4784;66.8682037281445;0.0440699127782474;-2.04530414157969;-5.5681049376473;27.4607732438173;-0.00823971074240441;0.928062228954646
38973202810.8847;67.1550118881107;0.0439839106983394;-1.51582818429794;-5.0389107330435;26.8504409169209;-0.00805135309112768;0.255534779132919
38973202814.2577;67.295093042997;0.0439419395773442;-1.38162891033349;-4.90505805510579;26.6073991507312;-0.00797210995318754;0.026047942094711
38973202816.3333;67.3985856872636;0.0439109580475991;-1.30224847662506;-4.82605510236917;26.5445886083301;-0.00794638080191697;-0.055608848175509
38973202817.8401;67.4972718291311;0.0438814432220859;-1.18380100310275;-4.70801695358804;26.4810839265673;-0.00791990199132184;-0.157262945167596
38973202819.0034;67.59119339375;0.0438533818670854;-1.0929063068273;-4.61756298760249;26.3933232139622;-0.00788564815073785;-0.261347209462625
38973202819.9685;67.6796303997709;0.043826988113001;-1.03792940170536;-4.56306226712061;26.3287868278493;-0.00785774593849024;-0.331955352094183
38973202820.7952;67.7625925701273;0.0438022567454596;-0.998466941231405;-4.5240989145528;26.2890787378203;-0.00783688355544239;-0.378217361149735
38973202821.5232;67.8418928122123;0.0437786458828945;-0.962891382481693;-4.48905404234428;26.2596626838444;-0.00781855477781627;-0.415659343104236
38973202822.1963;67.9211598525752;0.043755076515228;-0.92898417513384;-4.45572888697712;26.2324201601546;-0.00779998285171124;-0.450814915324683
38973202822.8094;67.9983685014039;0.0437321511048496;-0.899847836146174;-4.42719666986307;26.2072768758961;-0.00778167454544628;-0.482182456298496
38973202823.3538;68.0705081935007;0.0437107600976911;-0.877758458627796;-4.40570150992324;26.186339995731;-0.00776482640862681;-0.507216027014065
38973202823.8732;68.142033236044;0.0436895818566653;-0.861051495992415;-4.38961973416234;26.1692309585932;-0.00774859071726361;-0.527000834735341
38973202824.3568;68.2104454195107;0.0436693548067786;-0.849315709007248;-4.37851661516512;26.156604952118;-0.00773357794506259;-0.541304738397147
38973202824.8018;68.2746098406961;0.0436504112832837;-0.841132439752295;-4.37096595974368;26.1477379241382;-0.0077197032023909;-0.551320839049204
38973202825.2348;68.3379407852922;0.0436317423125837;-0.834809361753027;-4.36530495333084;26.1411615826333;-0.00770600506220997;-0.558876332569703
38973202825.6486;68.3991938263751;0.0436137134193069;-0.829714125639943;-4.36087271310635;26.1362341372931;-0.00769279969755867;-0.564716202778429
38973202826.0417;68.4579504013155;0.0435964452661565;-0.825409456259742;-4.35722003632713;26.1323437426394;-0.00768011604461044;-0.569467888944456
38973202826.4267;68.5160224329007;0.0435794046663827;-0.821487513361823;-4.35396965651187;26.1289928272279;-0.00766726593005398;-0.57366776136272
38973202826.7983;68.572540606391;0.043562846189168;-0.817875503177032;-4.35104322660646;26.1260349842308;-0.00765430530182863;-0.577450037944693
38973202827.1531;68.6269156332514;0.0435469401489031;-0.814562221035098;-4.34839962803045;26.1233681233582;-0.00764173130972265;-0.580888532079648
38973202827.4992;68.6803559320771;0.0435313311553104;-0.811437833809325;-4.34593180941514;26.1208683642184;-0.00762945709307438;-0.584120930452929
38973202827.8336;68.7323192428928;0.0435161763267048;-0.808505274489513;-4.34365105956706;26.1185428145793;-0.00761733680112689;-0.587141017576051
38973202828.1592;68.783252399893;0.0435013458904588;-0.805754588971624;-4.34160125870427;26.1163423616749;-0.00760441278692676;-0.589986585150393
38973202828.477;68.8332255285696;0.043486824882539;-0.803337256366959;-4.34007703432419;26.1142249486677;-0.00758817543231622;-0.592609994180145
38973202828.7894;68.8825581220873;0.0434725257865543;-0.801557001330264;-4.33938236772885;26.1122460223379;-0.00756865766882143;-0.594822335820494
38973202829.093;68.9305901118062;0.0434586446011497;-0.800777091716733;-4.33988111439083;26.1106143906951;-0.00754593514668942;-0.596302462028171
38973202829.392;68.9778402348452;0.0434450352426928;-0.801328878960917;-4.34189416959915;26.1095252503512;-0.00752027434885641;-0.596754277325075
38973202829.6835;69.0236704239613;0.0434318842095588;-0.803447260761857;-4.34563903813218;26.1092271090726;-0.00749207710983289;-0.59589429347612
38973202829.9723;69.0686695840441;0.0434190241191902;-0.807351549879464;-4.3513119371386;26.109914217116;-0.00746182497026739;-0.593483066602748
38973202830.2578;69.1125707855198;0.0434065302060221;-0.813129056613384;-4.3589069793642;26.1117569524083;-0.00743118668885371;-0.589363104020162
38973202830.5375;69.1548516268476;0.043394547709668;-0.82065736311757;-4.36825367815239;26.114809597527;-0.00740100246264606;-0.583559345841998
38973202830.8149;69.1958862180173;0.0433829672254404;-0.829868272530664;-4.37929166400055;26.1190962935417;-0.007371141616;-0.576089760780486
38973202831.0883;69.2353558576193;0.0433718748343095;-0.840522202203855;-4.39176018814988;26.124522193695;-0.00734193220924184;-0.567137511517354
38973202831.3612;69.2736781509657;0.0433611495869579;-0.852557522903757;-4.40560169695055;26.1310473903896;-0.00731328744559776;-0.556760076760878
38973202831.6325;69.3106388314203;0.0433508477317191;-0.865736293252574;-4.42056080843376;26.1385261401068;-0.00728545332875833;-0.545173805007075
38973202831.8982;69.3456912313566;0.043341116229966;-0.87965096965655;-4.43618886264436;26.146693673541;-0.00725903492441124;-0.532759372318768
38973202832.1614;69.3792686153389;0.0433318292077704;-0.894274899659544;-4.4524452733522;26.1554989150346;-0.00723423537371388;-0.519564230851738
38973202832.4236;69.4115624918791;0.0433229283100184;-0.909536789175362;-4.46922315764674;26.1648712143414;-0.0072116100116805;-0.505671232183238
38973202832.6844;69.4425400370157;0.0433144167633391;-0.92527865949871;-4.48631717268517;26.1746923852297;-0.00719189061212146;-0.491238331116366
38973202832.9426;69.4720902886726;0.0433063184630998;-0.941295070745399;-4.50346238061173;26.184817568181;-0.00717599690318804;-0.476465034642703
38973202833.1996;69.5004284352786;0.0432985675264438;-0.957568075256509;-4.52058533036701;26.1952222550879;-0.00716481254789609;-0.461376691414965
38973202833.4545;69.527493188829;0.0432911732301685;-0.97393647390738;-4.53744370276232;26.2057917275925;-0.00715962138000333;-0.446130549304442
38973202833.7074;69.5533604247807;0.04328410661331;-0.990328376344748;-4.55386685577519;26.216469905972;-0.00716202336241632;-0.430800022607962
38973202833.9589;69.5781260798804;0.0432773324307627;-1.00669333338913;-4.56968625817074;26.2272188415324;-0.00717396601975064;-0.415435690807079
38973202834.2118;69.6021007962418;0.0432707552587366;-1.02314151615304;-4.58485579301222;26.2381116680256;-0.00719810701735322;-0.399933603882718
38973202834.4641;69.62514007096;0.0432644026541445;-1.03948172972252;-4.59899870879625;26.2490258563301;-0.00723762723580856;-0.384471225954531
38973202834.7136;69.6470938207943;0.0432583028542347;-1.05550255214621;-4.61169567402012;26.2598244055295;-0.00729623302381968;-0.369245803799281
38973202834.9603;69.6680347792996;0.0432524211046252;-1.07115295145645;-4.62264297536709;26.2704781669152;-0.00737866772726131;-0.354302328015351
38973202835.2072;69.6882624298557;0.0432466547827195;-1.08656656481655;-4.63161312388401;26.2810867110598;-0.00749198260015872;-0.339507450939217
38973202835.4535;69.7077589947111;0.0432409856387075;-1.10164036753685;-4.63808097688368;26.2915910591179;-0.00764497833965502;-0.324952089411677
38973202835.7001;69.7266175001483;0.0432353568198477;-1.11636008300036;-4.64145008140436;26.3019956731717;-0.00785052504765158;-0.310640397441121
38973202835.9443;69.7447017777432;0.0432297749893841;-1.13052884945301;-4.6410533727442;26.3121747042903;-0.00812142467724055;-0.296754887873793
38973202836.1878;69.7621719049397;0.0432241457195987;-1.14418885547352;-4.6360328595539;26.3221717539255;-0.00848159858675098;-0.283245327918254
38973202836.4271;69.7788371699217;0.0432184805753857;-1.15710929544992;-4.62571054907717;26.3318285205934;-0.00895116916054373;-0.270332881871595
38973202836.6607;69.7946571595906;0.0432127375311081;-1.16918976965443;-4.60925380059218;26.341073129589;-0.00956245563177342;-0.258115760781138
38973202836.8878;69.8096526532607;0.0432068432629245;-1.18039566166085;-4.58592653755126;26.3498771676506;-0.010357327744439;-0.246630239734424
38973202837.1083;69.8238623067027;0.04320070033902;-1.19071425607613;-4.55492260663594;26.35822532648;-0.0113948290926756;-0.235892876880704
38973202837.3214;69.8373069668794;0.0431941953039215;-1.20013555713031;-4.51543574254404;26.3661012985407;-0.0127569170291796;-0.225919520987738
38973202837.5266;69.8499992904445;0.0431871977838542;-1.20865278165791;-4.46724976408899;26.3734886491193;-0.0145402073245305;-0.216724476284861
38973202837.723;69.8619347456566;0.0431796022963438;-1.21625962885344;-4.41254296233541;26.3803692698374;-0.0167879449713689;-0.20832291782501
38973202837.9094;69.8730903355495;0.0431713507363806;-1.22295655327797;-4.35391303343917;26.3867186362013;-0.0195177120302849;-0.200730917505377
38973202838.0848;69.8834492211243;0.0431623809161476;-1.22877267719292;-4.29130197373306;26.3925177350624;-0.0228534370681605;-0.193946448592386
38973202838.2496;69.8930659319073;0.0431524683845268;-1.23379661565889;-4.2206385850258;26.3977912896066;-0.0272098170344143;-0.187908253589123
38973202838.4058;69.9020902965845;0.0431410467134435;-1.23817006275453;-4.13585705034395;26.4026158946;-0.0334164237897859;-0.182493291778886
38973202838.5574;69.9107770121278;0.0431286452549893;-1.24207269875903;-4.0874555363311;26.4071243522316;-0.0376997328755866;-0.177525864919422
38973202838.7131;69.9196144209149;0.0431165793314749;-1.24575271678316;-4.11051709315254;26.4115523627722;-0.0360603179487425;-0.172728814869404
38973202838.8812;69.9290806854975;0.0431066525774577;-1.24940477995277;-4.2287761585196;26.416087091504;-0.0277011060028204;-0.167879585714913
38973202839.0658;69.9393884443418;0.0431014477202207;-1.25308734875541;-4.54984277636476;26.4207461268946;-0.0133410388971841;-0.16293275061215
38973202839.2607;69.9501827354646;0.0431026886107204;-1.25666985318438;-5.19613052044624;26.4252891238721;0.00303779931918056;-0.158108223628308
38973202839.4626;69.9612773847889;0.0431077306550192;-1.26013043525233;-4.60263735799116;26.429597702434;0.0120111234272917;-0.153497489937589
38973202839.671;69.9726324323612;0.0431131743544841;-1.26352739093475;-4.58282220827048;26.4336401777231;0.0126724958194714;-0.149097847491746
38973202839.8861;69.9842681497456;0.043118435064829;-1.2669614179849;-4.61171019210295;26.437408826827;0.0119528126640336;-0.144863050042468
38973202840.1046;69.9959881219873;0.0431233312703172;-1.27049101015229;-4.64955795685843;26.4408481682778;0.0110460863937481;-0.140800534409031
38973202840.3258;70.0077500152364;0.0431278636998107;-1.27423109293048;-4.68837726942689;26.4439795067362;0.0101901513730333;-0.136838530756129
38973202840.55;70.0195632898071;0.0431320747903331;-1.27831936159179;-4.72629508258275;26.4468551467705;0.00942753851957338;-0.132873237686682
38973202840.7779;70.031442326313;0.0431360094524854;-1.28290045868259;-4.76277422784256;26.4495402331583;0.00876081194358853;-0.128788812534052
38973202841.0069;70.0432441844005;0.0431396632378491;-1.28805162956134;-4.79725898590991;26.4520785350438;0.00818940684382807;-0.124517393384197
38973202841.2369;70.0549339566958;0.0431430657590117;-1.29387049562012;-4.82987571219841;26.4545484268082;0.0077000782047297;-0.119957810697612
38973202841.4684;70.066522827606;0.0431462533372672;-1.30046452493094;-4.8610447945982;26.4570410841782;0.00727714455694261;-0.114995417664283
38973202841.7016;70.0779996819182;0.0431492498190248;-1.30792002195191;-4.89113125259177;26.459642469038;0.00690832468669012;-0.109529631247254
38973202841.936;70.0893173445594;0.043152066003748;-1.31628175688188;-4.92037736287801;26.4624256336733;0.00658467045466897;-0.10348925976987
38973202842.1707;70.1004075702929;0.0431547055008589;-1.32555013742951;-4.94896933245401;26.4654479066252;0.00629883241019818;-0.096835797831259
38973202842.406;70.1112680896795;0.0431571849757036;-1.33575384791635;-4.97724473653101;26.4687706869531;0.00604286487168172;-0.0895138817832424
38973202842.6423;70.1218980141414;0.0431595180749809;-1.34691512355352;-5.00551208277265;26.4724455193751;0.00581028056504502;-0.0814779561700888
38973202842.8795;70.1322750395077;0.043161711464402;-1.35902394823291;-5.03398108207268;26.4765047313963;0.00559633260375296;-0.0727114306438149
38973202843.1171;70.1423613629377;0.0431637672966007;-1.37203395016338;-5.06277917663051;26.480959015616;0.00539744819551847;-0.0632303476688861
38973202843.3546;70.1521290782168;0.0431656888483128;-1.38589015337255;-5.0920310686388;26.4858063822073;0.00521041463076627;-0.0530635253666347
38973202843.5926;70.1615935172481;0.0431674866346628;-1.40059154690303;-5.12194834617425;26.4910544639877;0.00503202101607526;-0.0422063699527415
38973202843.8324;70.1707898077905;0.0431691745820359;-1.41619413451918;-5.15244791612388;26.4967112586794;0.00486337985520352;-0.0306255358847157
38973202844.0785;70.1798702530429;0.0431707878542625;-1.43303382990858;-5.18343331699534;26.5028625449023;0.00470861624957462;-0.0180957533727883
38973202844.3335;70.188888457526;0.0431723445015237;-1.45137644078326;-5.21430630738159;26.5095455118243;0.00457585670123211;-0.00445927002758501
38973202844.5989;70.1978493209141;0.0431738563075564;-1.47148228172186;-5.24433606410063;26.5167668800486;0.00447369928541539;0.0104185625167899
38973202844.8765;70.206758939574;0.0431753357219145;-1.49368461384904;-5.27345390074082;26.5245422191778;0.00440431741235383;0.0267147775826138
38973202845.17;70.2156504605908;0.0431767992370011;-1.51852329425454;-5.30210214991043;26.5329215696299;0.00436723153839573;0.044732737762583
38973202845.4852;70.2245999956528;0.0431782678347217;-1.54687093324288;-5.33176855727495;26.5420266903747;0.0043554843494328;0.0649901000517771
38973202845.8324;70.2337273431676;0.0431797673276417;-1.58019506224621;-5.36459522888238;26.5520643110197;0.00436212518279937;0.0883587548127203
38973202846.236;70.2433671438942;0.0431813571318337;-1.62186947965985;-5.40459389813484;26.5635833276319;0.00438088891334368;0.116892342921254
38973202846.7501;70.2541162491266;0.0431831381836398;-1.67973254853978;-5.46042831102647;26.5777334790588;0.00440374516663268;0.155278237703833
38973202847.5881;70.2678475511415;0.0431854194644456;-1.7854953836565;-5.56502835661212;26.5986465134381;0.00441902608263264;0.222132603572661
38973202849.3126;70.28363461586;0.0431880261762183;-2.03835861218381;-5.82056698816999;26.6296916187138;0.0043970131170542;0.369306858513964
38973202855.9773;70.2916253403472;0.0431893275351779;-2.92119417070475;-6.7093832211078;26.6608519745808;0.00434195155180317;0.83154435973377
38973202900.7885;70.2927168125226;0.0431895038830206;-4.61337445193216;-8.40501696949962;26.6734932516121;0.00430960412801403;1.68608085392806
38973203269.7312;70.2928449275209;0.0431895243827843;-6.45935889628137;-10.2552100175491;26.6858398756754;0.00427001847921721;2.6173225892019
38973206298.0655;70.2928608248267;0.0431895269020182;-8.2798802886465;-12.0799353289834;26.6991629076793;0.00423099590418273;3.53648515673105
38973227973.7562;70.2928630708939;0.0431895272526179;-9.9845502070112;-13.7911613232579;26.7157164535374;0.0041701887198129;4.39988040580987
38973319216.0109;70.2928635374889;0.0431895273240261;-11.2912558614788;-15.1064480710872;26.7344837054584;0.00409147207929126;5.06577246714189
38973634100.9608;70.2928636632456;0.0431895273428236;-12.3986210256227;-16.2240512840475;26.7573203427865;0.00399956132047116;5.63471323099959
38974558790.2192;70.2928637039616;0.0431895273487478;-13.3562300137968;-17.1933677557555;26.7853333451277;0.00389725940347033;6.13223447563376
38977024621.0554;70.2928637192175;0.0431895273509;-14.2085249056328;-18.0590846840142;26.8210745897927;0.00378369739121659;6.58226226326558
38983507841.6811;70.2928637256454;0.0431895273517742;-15.0037216030145;-18.8701861886364;26.8707434881607;0.00365439171390791;7.01304665255843
39003830248.2911;70.2928637286145;0.0431895273521585;-15.8353475263658;-19.7232823176326;26.9564285905759;0.00348921363963859;7.48610972621147
39071203401.9917;70.2928637301902;0.0431895273523498;-16.6310212511437;-20.5468347490022;27.1169950970682;0.00329175925079087;7.99122838081044
39196227945.0841;70.2928637312113;0.0431895273524669;-17.0879168003075;-21.028304014105;27.3095841926357;0.00313276540286831;8.3483536592166
39373595001.4449;70.2928637320609;0.04318952735256;-17.3196751667865;-21.2799290647745;27.516504244745;0.00301536133270896;8.6024855057262
39598510571.9457;70.2928637329357;0.0431895273526524;-17.4101310965028;-21.3862596035029;27.7385820996605;0.00293059463808078;8.79609375140983
39848205808.0138;70.2928637339311;0.0431895273527545;-17.3993800519104;-21.3884829346265;27.9650167486038;0.0028675579355138;8.94200948328564
40112437901.4409;70.2928637351961;0.0431895273528812;-17.3198921992227;-21.3190982731615;28.196025979791;0.00282476177788562;9.0566132985281
40381070660.2911;70.2928637369266;0.0431895273530513;-17.1910093413161;-21.1986891344328;28.4300917615639;0.00279317707115547;9.14856183212446
40646153089.1028;70.2928637394152;0.0431895273532923;-17.0274164458563;-21.0412218860622;28.6646478781473;0.00277677807133702;9.22348296294108
40899406354.9411;70.2928637430611;0.0431895273536424;-16.8417480054439;-20.8594240557615;28.8952164851684;0.00277427751658328;9.28470208623852
41136613297.1106;70.2928637484561;0.0431895273541584;-16.6431410306105;-20.6624927885146;29.1193297026806;0.00278502832071194;9.33513880467455
41367172399.8876;70.2928637570835;0.0431895273549852;-16.4269019943115;-20.4453818954676;29.3469735169785;0.00281244099026869;9.37911844532664
41587603819.3557;70.2928637710811;0.0431895273563379;-16.1972200851085;-20.2120709736008;29.5761069327353;0.00285818357577855;9.41737192103144
41797414984.2989;70.2928637943403;0.0431895273586212;-15.9552332035865;-19.9632658058506;29.8073715643221;0.00292611290196951;9.45089687401409
42000807338.3394;70.2928638353749;0.0431895273627497;-15.6951843526145;-19.6925350465065;30.0471785910708;0.00302310341875822;9.48109840598925
42195375700.1197;70.2928639097081;0.0431895273704966;-15.4178894789407;-19.399946432897;30.2951734133011;0.00315730464723371;9.50814756698486
42380885872.6971;70.2928640503271;0.0431895273858726;-15.1203236099005;-19.0815253684683;30.5542372150704;0.0033409477795702;9.53245692160491
42556428488.435;70.2928643292877;0.0431895274183479;-14.7988398217781;-18.7328293781895;30.8274635054895;0.00358879156827978;9.55426992308257
42722167018.0653;70.292864922814;0.0431895274932204;-14.4459834814795;-18.3451009409115;31.1209044162749;0.00392585947650579;9.57390296246431
42879914367.9286;70.2928663512188;0.0431895276930218;-14.043110770967;-17.8973634795007;31.4491667042908;0.00439902504014876;9.59179357228799
43028226643.2555;70.2928703935728;0.0431895283397241;-13.564542751132;-17.3604726926401;31.8314803451161;0.00509245142067156;9.60795071988519
43165949769.1717;70.2928859030432;0.0431895312875923;-12.9484099029998;-16.6694988175373;32.3141418095675;0.00614191372992636;9.62237243352222
43293029623.9134;70.293013349265;0.0431895618567799;-11.9987497446707;-15.6187928121074;33.0434853062214;0.00792579401943866;9.63485009399636
43411951842.1413;70.3269357953831;0.0432011942261745;-9.54477584008974;-13.0095948163193;34.8180975599769;0.011939497848301;9.59354112703972
43525211453.4849;70.457994204225;0.0432731664256076;-8.93661017603243;-12.1969102922838;33.825602139803;0.0185757099041821;8.62633394345865
43632763277.0978;70.581830448292;0.0433054116470606;-8.93877000708035;-12.5231524146169;32.4254487456291;0.00844313216533113;7.69190213893513
43729544820.2209;70.6966067490877;0.0432763256468446;-8.92594031892883;-12.5221085393801;32.2321504041945;-0.00816810027088747;7.55633634296456
43803304970.0463;70.8350210509228;0.0432258130220278;-8.72664082373514;-12.164421853614;32.1753889926084;-0.0117420189313468;7.41876259221787
43844020678.6756;71.040008618359;0.0431544647635383;-8.29803447604507;-11.7563786207318;31.9968048114837;-0.0111368524885786;7.08513922101461
43856907754.6255;71.4098860956616;0.0430284658628794;-7.54209650111362;-11.0097876321236;31.6362204513394;-0.0107768903014602;6.46624720293231
43858950030.754;72.4902560747891;0.0426617887541971;-6.27654195336517;-9.74583066285532;30.8460903597174;-0.0104691498706652;5.30554207797462
43859069583.9666;73.4052723504956;0.0423514287261176;-5.11613243185322;-8.58569546844398;29.8752975372904;-0.0101332603897111;4.07670732126676
43859078871.9048;74.224798417115;0.0420735930031624;-4.05435654577486;-7.52413123272135;29.0184822025364;-0.00983784568935465;2.97334482244555
43859079659.4325;74.9524844865975;0.0418270153529159;-3.03432174911406;-6.50431210049289;28.2612624603348;-0.00957637638360109;1.95739639162831
43859079735.67;75.5938505919491;0.0416098013033363;-2.07506283281151;-5.54528092525475;27.4883400326058;-0.00930958715292505;0.961345083909477
43859079745.6467;75.8911860589562;0.0415091595226136;-1.52574151801091;-4.99620992173428;26.8656466723163;-0.00909345443577254;0.270636090013895
43859079749.0825;76.0328698657091;0.0414612362777914;-1.38470459399766;-4.85547859503105;26.6122110901013;-0.00900133569643305;0.030785847268356
43859079751.1879;76.1368147760746;0.0414261049854186;-1.30653140714926;-4.77764050977295;26.5466714037839;-0.00897224184746452;-0.0520907850722241
43859079752.7096;76.2352596923185;0.0413928603922564;-1.18913082053961;-4.6606030918103;26.4849137688277;-0.00894388676199479;-0.152054158074917
43859079753.8813;76.3291048805487;0.0413611976908773;-1.09639858796734;-4.56826263272459;26.3973172700232;-0.00890626775535904;-0.256947472742324
43859079754.8541;76.4177941868112;0.0413313036324859;-1.04016987352173;-4.51245625284984;26.3313523094994;-0.00887537648716612;-0.329136016179223
43859079755.6896;76.501302180608;0.0413031849278187;-1.00020390483656;-4.47293664477589;26.2906372167868;-0.00885254967577259;-0.376322604114984
43859079756.4223;76.5808240946274;0.0412764376039114;-0.964468966351174;-4.4376754539398;26.2609382177315;-0.00883290888154728;-0.414033324892047
43859079757.0916;76.6593290217199;0.0412500634821162;-0.930731387647286;-4.4044502948303;26.2338916121052;-0.00881340672701638;-0.448973181514197
43859079757.7052;76.7363251683276;0.0412242280392094;-0.901406752488267;-4.37565983203973;26.2087036387021;-0.00879412147685473;-0.480464729898701
43859079758.2528;76.8086838212831;0.0411999781656973;-0.878954648829694;-4.35373564451644;26.1875109589664;-0.00877633568916591;-0.505850575440586
43859079758.782;76.8814424992006;0.0411756259478856;-0.861720620599461;-4.3370669000554;26.1699250742539;-0.00875903375052401;-0.526217519947446
43859079759.2606;76.949053495485;0.0411530256685703;-0.849954948882496;-4.32585847783278;26.1572844798227;-0.00874357675320247;-0.54054611322981
43859079759.7065;77.013261347434;0.0411315908316207;-0.841641864803627;-4.31810982152352;26.1482664006319;-0.00872921005453576;-0.550728045845219
43859079760.1394;77.0765207113356;0.0411105011411996;-0.835239276076886;-4.31229389196394;26.141596151573;-0.00871520255573882;-0.558386038987203
43859079760.5519;77.1375316373526;0.0410901883739589;-0.830111109263515;-4.30774963391327;26.1366176690825;-0.00870183532410821;-0.564276475112279
43859079760.9498;77.1969542624652;0.0410704310761616;-0.825725925294819;-4.3039502130863;26.1326366499617;-0.00868878282547743;-0.569128969259455
43859079761.3356;77.2551088200067;0.0410511220972943;-0.821773506797014;-4.30059795538932;26.1292555081019;-0.00867566126804984;-0.573364275498072
43859079761.7043;77.311155786672;0.0410325388044625;-0.818172727539632;-4.29760217005051;26.1263037737208;-0.00866260535630389;-0.577136855500735
43859079762.0612;77.3658236787812;0.0410144376384788;-0.814827246212016;-4.29485302407019;26.123605947749;-0.00864982550285892;-0.580612138758924
43859079762.4072;77.4192069739207;0.0409967855471412;-0.811690716113326;-4.29229992771082;26.1210967083398;-0.00863738335614768;-0.58385694309588
43859079762.7423;77.4712595557434;0.0409795966026665;-0.808739793555613;-4.28993286037716;26.1187571855244;-0.00862500670068796;-0.58689554829662
43859079763.0685;77.5222459194861;0.0409627835686463;-0.805972152819485;-4.2877801010296;26.1165453079163;-0.0086120745336784;-0.589757227155955
43859079763.3863;77.5722026177879;0.0409463395087068;-0.803521778961637;-4.28610645543117;26.1144212580998;-0.00859598658538114;-0.592401591529768
43859079763.6995;77.6216600993681;0.0409300957397036;-0.801677020827507;-4.28522221382945;26.112421963607;-0.00857633945239372;-0.594659794121327
43859079764.0043;77.6698763910513;0.0409143006302371;-0.80081305164132;-4.28548421727587;26.1107539317814;-0.00855358639593246;-0.596206271299673
43859079764.3045;77.7173190579429;0.0408988052647712;-0.801265716397182;-4.28723298665864;26.1096139850278;-0.00852772488100934;-0.596741594593972
43859079764.5949;77.7629990363351;0.0408839346856984;-0.803255788828294;-4.29065379799188;26.109256160406;-0.00849956090021856;-0.595985643284981
43859079764.8829;77.8079110965918;0.0408693666355817;-0.807009536871232;-4.29597108799699;26.1098615983346;-0.00846921228130636;-0.593704255250321
43859079765.1671;77.8516569769364;0.0408552291952289;-0.81260923096704;-4.30317560608056;26.1115983348588;-0.00843853549334929;-0.589744022370226
43859079765.4475;77.8941075468163;0.0408415613313566;-0.820005679599048;-4.31218855971918;26.1145544552556;-0.00840813624855526;-0.584070686506922
43859079765.7254;77.9352887449422;0.0408283517200786;-0.829095262022485;-4.32290420212402;26.1187487280415;-0.00837805924712313;-0.576723517926514
43859079766.0007;77.975106346027;0.0408156271362031;-0.839705584611676;-4.33513708712454;26.1241215253954;-0.00834853347425266;-0.567828553443111
43859079766.2722;78.0133186900056;0.0408034603463279;-0.851577773531776;-4.34860544434069;26.1305313355789;-0.00831994719474779;-0.557609780299509
43859079766.542;78.0501728999979;0.0407917685291734;-0.864588910215163;-4.3631940013936;26.1378914175806;-0.00829211770707373;-0.546186613420292
43859079766.8084;78.0854165776036;0.0407806270664311;-0.878458214505895;-4.37859722204128;26.146013621822;-0.00826544947681826;-0.533825154061289
43859079767.0726;78.11921795847;0.0407699775299689;-0.893070823087897;-4.39467456084656;26.1547964812663;-0.00824038697977666;-0.520650628516258
43859079767.334;78.1515075155135;0.0407598360184312;-0.908228021293094;-4.41118741951184;26.1640907312854;-0.00821762366286694;-0.506862124442135
43859079767.5941;78.1824953021011;0.0407501305666354;-0.923875557047738;-4.4280503564546;26.173841036287;-0.00819771208154796;-0.492523739983016
43859079767.8522;78.2121380103251;0.0407408683211731;-0.939848516397622;-4.44505010942067;26.183928965848;-0.00818150539466018;-0.477797060678351
43859079768.1094;78.2406011621452;0.0407319908219231;-0.956107529614614;-4.46209987462473;26.1943162561461;-0.00816986201626436;-0.462727337014625
43859079768.3649;78.2678163343594;0.0407235119905909;-0.972490378953682;-4.47896546976332;26.2048870792892;-0.00816407906135663;-0.447473067467546
43859079768.6183;78.2938189742802;0.0407154125355825;-0.988898405604042;-4.4954600503078;26.2155681047483;-0.00816577912979616;-0.432132576563198
43859079768.87;78.3186770533423;0.0407076622849553;-1.00525999142629;-4.51141180947508;26.2263076197547;-0.00817683685740739;-0.416776224631264
43859079769.1234;78.3427807354013;0.0407001292403141;-1.02174094037403;-4.52685378939915;26.2372152851809;-0.00819983077774328;-0.401247839758276
43859079769.3753;78.3658566017835;0.0406928871091235;-1.03805651401384;-4.54134814182561;26.2481059721166;-0.00823770704009278;-0.385813483549225
43859079769.6245;78.387861972985;0.0406859364083147;-1.05407062730489;-4.55457073142169;26.2588921365724;-0.00829423421865021;-0.370599689807957
43859079769.8717;78.4089128239259;0.0406792256995414;-1.06976542785726;-4.56626669190589;26.2695671857023;-0.00837436051769538;-0.355619788593006
43859079770.1189;78.4292285632036;0.0406726665723887;-1.0852158571936;-4.57620243781666;26.2801909508663;-0.00848480637040052;-0.340796331531956
43859079770.365;78.4487678674008;0.0406662499312297;-1.1002991884636;-4.58390053000678;26.2906903857288;-0.00863377346120781;-0.326239485596584
43859079770.6106;78.4676116467611;0.0406599211974123;-1.11498907016839;-4.58884025075211;26.3010603250999;-0.00883328162209994;-0.311965874549357
43859079770.8549;78.4857593213302;0.040653646704683;-1.12919891081502;-4.59044127316303;26.3112531891005;-0.00909702045865581;-0.298050580543696
43859079771.099;78.5033218896232;0.0406473422422156;-1.14292986349923;-4.58786982596264;26.321284540553;-0.00944859246729943;-0.284482621963319
43859079771.3389;78.5200762994303;0.0406410382112793;-1.15592634986801;-4.58043714805965;26.33097907657;-0.0099073204364448;-0.271506908696142
43859079771.5731;78.5359755826804;0.0406346977967351;-1.1680811127174;-4.56734100567788;26.3402600405549;-0.0105041318676565;-0.25922834211046
43859079771.8009;78.5510476800953;0.0406282454222722;-1.17936254942259;-4.54781667815495;26.3491015611768;-0.0112800670904237;-0.247679991598054
43859079772.0219;78.5653290771806;0.0406215852543145;-1.18975781207498;-4.52104332523586;26.3574885297109;-0.0122918856958749;-0.236878348117843
43859079772.2358;78.57884672886;0.0406146021012371;-1.19925839930909;-4.48610808843578;26.365406102465;-0.013620240492087;-0.226837534826953
43859079772.4418;78.591611526814;0.0406071666435079;-1.20785597753659;-4.44256221356371;26.3728368650938;-0.0153621008665159;-0.217573285205713
43859079772.639;78.6036191794473;0.0405991697870444;-1.21554290408881;-4.39208171901275;26.3797618148559;-0.0175683936916589;-0.209102040908388
43859079772.8263;78.6148451634003;0.0405905544728502;-1.22231715308995;-4.3372704496976;26.3861556540308;-0.0202498972284056;-0.201441635248189
43859079773.0028;78.6252766190998;0.040581258784317;-1.22820811639014;-4.27827147085359;26.3920014574928;-0.0235184649567972;-0.194588519713532
43859079773.1684;78.6349552494281;0.0405710864836634;-1.23329598415895;-4.21169069887189;26.3973168031218;-0.0277437440898394;-0.188490456295455
43859079773.3254;78.6440352105777;0.040559442803334;-1.23772481890039;-4.12971853558759;26.4021805731191;-0.0338568134298918;-0.183021629185858
43859079773.4775;78.6527545442888;0.0405467252593239;-1.24166658304274;-4.07774663336125;26.4067154015817;-0.0385153930804503;-0.178016612139357
43859079773.6318;78.661524422896;0.0405342624200842;-1.24534207367214;-4.09271866255232;26.411122456972;-0.0375327399685049;-0.173235249892122
43859079773.7991;78.6709593996757;0.040523626261973;-1.24900565547873;-4.19696170645477;26.4156604454863;-0.0297786785989764;-0.168377945615927
43859079773.9816;78.6811559189335;0.0405174720091196;-1.25267219375212;-4.47194880187838;26.4202939326965;-0.0159463406297176;-0.16345673452436
43859079774.1763;78.6919506818699;0.0405177276687735;-1.25627674284925;-5.88182765537799;26.4248671941051;0.000625837958820137;-0.158602027485677
43859079774.378;78.7030390766604;0.0405221743805433;-1.25975141921531;-4.65658111941147;26.4292034944423;0.0105987433225556;-0.153966012792508
43859079774.5856;78.7143649219398;0.0405271947834992;-1.26314799098963;-4.61648003888076;26.4332656303493;0.0117170631976751;-0.149553318346048
43859079774.7996;78.7259509353665;0.0405320528868764;-1.2665663192978;-4.64403359469298;26.4370490101075;0.0110852553287932;-0.145316486628085
43859079775.0184;78.7376980649937;0.0405365779105927;-1.27009202890931;-4.68440293028752;26.4405255205026;0.0101849565681294;-0.141231056721089
43859079775.2396;78.7494724998031;0.0405407294705893;-1.27381320013461;-4.72654195109979;26.4436854137978;0.00932380605133003;-0.137259412859658
43859079775.4633;78.7612712802957;0.0405445477782847;-1.27786135260504;-4.76782755133564;26.4465775622157;0.00855861083995003;-0.133303131930876
43859079775.6904;78.7731206770205;0.0405480828508772;-1.28238297853695;-4.80768088225436;26.449270641294;0.00789070481036183;-0.129243087838126
43859079775.9198;78.7849563259912;0.0405513559844791;-1.28748919300713;-4.84571753651961;26.4518241628891;0.00731521817792997;-0.124983966239766
43859079776.1499;78.7966701616537;0.0405543775194242;-1.29325108246172;-4.88172258794361;26.4542993317486;0.00682377593323869;-0.120449335662783
43859079776.3811;78.8082622965282;0.0405571821096056;-1.2997692767023;-4.91606329294079;26.4567852666809;0.00640092968140189;-0.115529342457341
