t;slip_2;slip_3;slip_rate_2;slip_rate_3;shear_stress_2;shear_stress_3;state
0;0;0;-9;-19.9999946455258;25.8553468326107;-2.58556656085691e-10;7.60205999132796
2.75290596933567;2.75397682705941e-09;-5.72942140547875e-14;-8.99983109587642;-13.6816806112256;25.8558329724256;-0.000537909257017518;7.60205999132333
4.14266986779145;4.14571953714072e-09;-1.63258306392169e-13;-8.9993820707727;-13.1177823035135;25.8571253045484;-0.00196870211246901;7.60205999131209
4.53699849954151;4.54106106730982e-09;-2.17596181116948e-13;-8.99888587297182;-12.8607556636525;25.8585533154905;-0.00355413920217309;7.60205999130388
4.76767445190194;4.77262503328393e-09;-2.65305271254445e-13;-8.99833134322058;-12.6844011881139;25.8601490905159;-0.00532796274557895;7.60205999129597
4.9873801291553;4.99355293360959e-09;-3.31118753845685e-13;-8.99759071426107;-12.5235264067831;25.8622802222612;-0.00770426336677532;7.60205999128482
5.21288402987488;5.22077338478377e-09;-4.23799263300397e-13;-8.99670664076409;-12.3861656462204;25.8648238347597;-0.0105499528654851;7.60205999126873
5.45239842829069;5.46266094345767e-09;-5.52342320084002e-13;-8.9957180948744;-12.2702830028418;25.8676676700712;-0.0137465072300641;7.60205999124596
5.71815584936622;5.73172622928466e-09;-7.32262115514033e-13;-8.99462773098942;-12.1694064520783;25.8708039611557;-0.0172994065064739;7.60205999121369
5.99956377975508;6.01737023287541e-09;-9.64038914041459e-13;-8.99351122064979;-12.0842663724;25.8740149344116;-0.0209946516333692;7.60205999117166
6.28986890825026;6.31280746260681e-09;-1.24697878817293e-12;-8.99238948574234;-12.0111605520996;25.8772403592626;-0.0247826014912749;7.60205999112006
6.58844947401121;6.61745630237654e-09;-1.5845951078683e-12;-8.99126200813074;-11.9466381052345;25.8804816696533;-0.0286811299851214;7.60205999105845
6.8952149944288;6.93128081837111e-09;-1.9813905435168e-12;-8.99011967684723;-11.8882398767341;25.8837649974511;-0.0327270792590494;7.60205999098627
7.21020731237747;7.25438689147129e-09;-2.44260312283822e-12;-8.98895484122783;-11.83439881839;25.8871122545211;-0.0369521429898613;7.60205999090287
7.53296554631792;7.58637034501195e-09;-2.97322391668431e-12;-8.98776089196257;-11.7840930654281;25.8905423422143;-0.0413817616035165;7.60205999080766
7.86281226116904;7.92660817085653e-09;-3.57820843844442e-12;-8.98652956850127;-11.736567899451;25.894078891328;-0.0460428434010884;7.60205999070008
8.19826470711623;8.27364689142479e-09;-4.26110664840342e-12;-8.98525302932155;-11.6912749885468;25.8977443047916;-0.0509612391342342;7.60205999057983
8.53853328912094;8.62674964642276e-09;-5.02687675459999e-12;-8.98392074521191;-11.6477234427231;25.9015686760538;-0.0561724504127241;7.60205999044638
8.88323296844904;8.98560502728895e-09;-5.88178190119972e-12;-8.98252141672989;-11.6055229478089;25.9055842725492;-0.0617151602041417;7.60205999029899
9.2314899213424;9.34939741482115e-09;-6.83114771548278e-12;-8.98104618872448;-11.5644662066488;25.9098163159328;-0.0676151967652798;7.60205999013706
9.58239275141097;9.71727321059786e-09;-7.88014445723406e-12;-8.97948565630054;-11.5244127316105;25.9142915851427;-0.0738945256787344;7.60205998995999
9.93497649042743;1.0088322976235e-08;-9.03357949678505e-12;-8.97783011736804;-11.4852691385217;25.9190376909375;-0.080571203738221;7.60205998976722
10.2884272035517;1.0461796094999e-08;-1.02964700852257e-11;-8.97606951389347;-11.4469631355061;25.9240832396068;-0.087661679227682;7.6020599895581
10.641922016781;1.0836932212452e-08;-1.16734494614752e-11;-8.97419416656768;-11.409455610202;25.9294557313249;-0.0951769880805482;7.60205998933199
10.9948143887179;1.1213158650909e-08;-1.31694311189373e-11;-8.97219295948046;-11.3727160022364;25.9351867799182;-0.103125564127654;7.60205998908812
11.3465004242221;1.1589950423462e-08;-1.47890773500974e-11;-8.97005371283134;-11.3367349592376;25.9413110590529;-0.111509193535373;7.60205998882568
11.6964339709822;1.19668467318583e-08;-1.65367601120309e-11;-8.9677636949254;-11.3015229759485;25.9478648458845;-0.120321253060526;7.60205998854379
12.0440274567524;1.23433430607728e-08;-1.84158799410615e-11;-8.96531088286263;-11.2671171533861;25.9548824257956;-0.129542655481105;7.6020599882416
12.3891532250271;1.27194381333318e-08;-2.04316918412165e-11;-8.96267974290481;-11.2335273817289;25.9624081960249;-0.139154525588786;7.60205998791781
12.7312497621132;1.30946630633438e-08;-2.25860944722125e-11;-8.95985699273918;-11.2008218072363;25.9704802212881;-0.149112882545372;7.60205998757145
13.0700857559222;1.34689150843941e-08;-2.48819278935232e-11;-8.95682538394986;-11.1690491644828;25.9791480663076;-0.159368000793719;7.6020599872012
13.4054949524442;1.38421726537437e-08;-2.7321473661142e-11;-8.95356634265926;-11.1382659960735;25.98846526378;-0.169856034136534;7.60205998680556
13.737501181957;1.42146394082989e-08;-2.99074353302364e-11;-8.95005871777029;-11.1085241493723;25.9984929280119;-0.180502300792869;7.60205998638269
14.0658476329766;1.4586216738408e-08;-3.26390694023217e-11;-8.94628311664133;-11.0799098054129;26.0092874075876;-0.191206109512571;7.60205998593095
14.3907561939399;1.49573667064553e-08;-3.55183900512376e-11;-8.9422117271511;-11.0524711228744;26.0209294469217;-0.201866107801882;7.60205998544788
14.7120175492776;1.53280812062945e-08;-3.85422610192276e-11;-8.93781891421015;-11.0262952318437;26.0334939080272;-0.212351894673577;7.6020599849314
15.0298463585213;1.56988664563726e-08;-4.1710082056548e-11;-8.93307081132002;-11.0014326221967;26.0470795315704;-0.222534435993596;7.60205998437854
15.3440628682033;1.60697964232966e-08;-4.50158296683113e-11;-8.9279370793651;-10.9779593073151;26.0617752646489;-0.232263928562795;7.6020599837867
15.6549323663574;1.64415044561653e-08;-4.84567531253092e-11;-8.92237616549141;-10.9559031002033;26.0777024152501;-0.241402848501081;7.60205998315211
15.962276978039;1.68141332779333e-08;-5.20239154821909e-11;-8.91634916025084;-10.9353027271441;26.0949748978067;-0.249806259530796;7.60205998247149
16.2664304205474;1.71884955883318e-08;-5.57133501192864e-11;-8.90980061742824;-10.9161329156297;26.1137540800985;-0.257357608208828;7.60205998173998
16.5671900402388;1.75647994229838e-08;-5.95139151838699e-11;-8.90268088305442;-10.8983713550623;26.1341846342322;-0.263948065275801;7.6020599809534
16.8648816932089;1.7943979305878e-08;-6.34208868887792e-11;-8.8949213694487;-10.8819263915698;26.156465336015;-0.269509471832276;7.60205998010559
17.1593642955297;1.83264542964827e-08;-6.74237051350184e-11;-8.88645659965003;-10.8666937715008;26.1807857152697;-0.273996808513609;7.60205997919088
17.4508815844679;1.87132360623476e-08;-7.1517806714502e-11;-8.87719832458972;-10.8525057026281;26.2074003316317;-0.277406456459957;7.60205997820152
17.7392885003858;1.91049312045641e-08;-7.56944846899594e-11;-8.86705748495047;-10.8391746782598;26.2365656635008;-0.279762688243382;7.60205997712994
18.0248828973342;1.95028865419933e-08;-7.99533298823023e-11;-8.85591534891048;-10.8264578289066;26.2686231334062;-0.281121997417823;7.60205997596566
18.3074862385881;1.99079484262479e-08;-8.42891421779138e-11;-8.84365591364469;-10.8141068196391;26.303905997137;-0.281558950565993;7.60205997469843
18.5874116984771;2.03218248669159e-08;-8.87064914383644e-11;-8.83017169487862;-10.8018806620051;26.34272277672;-0.2811588086246;7.60205997331403
18.8644962561884;2.07456196549691e-08;-9.3203907459793e-11;-8.81545671131829;-10.7896492599765;26.3850897685953;-0.280005155318702;7.60205997179917
19.1391803058109;2.11814929139308e-08;-9.77913753272282e-11;-8.79947321584734;-10.7772604062141;26.4311146507353;-0.278181527927629;7.60205997013609
19.411254974371;2.16306557514467e-08;-1.02468971393858e-10;-8.78228429203127;-10.7646653931563;26.4806148574014;-0.275769964817141;7.60205996830959
19.6812620111902;2.20956500009612e-08;-1.07250538772665e-10;-8.76392750062643;-10.7518048027646;26.5334813452526;-0.272845586755329;7.60205996629868
19.949030758449;2.2577876967913e-08;-1.12138004098334e-10;-8.74450839356567;-10.7386761974779;26.5894093194732;-0.269488902498302;7.60205996408646
20.2150223527025;2.30799885810181e-08;-1.17145779359456e-10;-8.72406764638452;-10.7252230820922;26.6482807990602;-0.265774775675274;7.60205996165
20.4790030645242;2.36034129555891e-08;-1.22275879411472e-10;-8.70271825281089;-10.711446360387;26.7097696261043;-0.261783358217784;7.60205995897136
20.7414503082691;2.41510552077723e-08;-1.27544480574068e-10;-8.68054506828145;-10.6973466927404;26.7736308498646;-0.25757614950301;7.60205995602483
21.0022114888079;2.47245367852441e-08;-1.32954901976073e-10;-8.65772346736427;-10.6830118461857;26.8393590384809;-0.253211695479493;7.60205995279083
21.2616746032362;2.53266457666446e-08;-1.38520836519806e-10;-8.63440052133527;-10.668537532118;26.906530469487;-0.248725715806102;7.60205994924341
21.5198604133942;2.59593259616444e-08;-1.44247202448948e-10;-8.61074813003983;-10.6540532727672;26.9746500457852;-0.244146597591496;7.60205994536128
21.7768803029196;2.66246714786427e-08;-1.50139327019195e-10;-8.58691949756762;-10.6396948125357;27.0432766295077;-0.239488131531406;7.60205994112253
22.0329066909942;2.73248774240821e-08;-1.56202132362426e-10;-8.56305893535881;-10.625611104703;27.1119947914314;-0.234752001118718;7.60205993650476
22.2879399270934;2.8061543098216e-08;-1.62434043980677e-10;-8.53932634783761;-10.6119754961753;27.1803442606303;-0.229935381996754;7.60205993148966
22.5419994380216;2.88361094414865e-08;-1.68830948529001e-10;-8.515876835781;-10.5989655873015;27.2478786215293;-0.225031826131586;7.60205992606063
22.7952402880056;2.96502547706437e-08;-1.75389387900779e-10;-8.49283182690579;-10.5867332543818;27.3142483920829;-0.220033003506414;7.60205992020019
23.0476810744923;3.05050579873823e-08;-1.82099937857664e-10;-8.47029337675871;-10.5754014107338;27.3791597930669;-0.214937445216809;7.60205991389573
23.2993642408661;3.14015159213203e-08;-1.88951795786765e-10;-8.44832425386519;-10.5650458196414;27.4424320825186;-0.20974954734623;7.60205990713601
23.5504045481388;3.23407847030423e-08;-1.95934825533179e-10;-8.42695356979597;-10.5556995657595;27.5039813567832;-0.204479403230147;7.60205989990916
23.8008264715661;3.33235997582124e-08;-2.03035578335773e-10;-8.40620054636675;-10.5473679530439;27.5637521264811;-0.199145697995301;7.60205989220682
24.0506639720227;3.43506270877078e-08;-2.10240400039218e-10;-8.38607562581476;-10.5400343884002;27.6217141519018;-0.193772375761165;7.60205988402151
24.2998040203313;3.54217729728711e-08;-2.17531186168066e-10;-8.36659492054333;-10.5336691856873;27.6778208493639;-0.188389905726542;7.60205987535211
24.5482753630679;3.65373957264911e-08;-2.24894091043037e-10;-8.34775894360368;-10.5282271172697;27.7320705724161;-0.183026562472062;7.60205986619443
24.7962021578331;3.7698209189723e-08;-2.32318555126788e-10;-8.3295610293649;-10.5236583551484;27.784482379506;-0.177707183838055;7.60205985654161
25.0435623206035;3.89041425203279e-08;-2.39790114703694e-10;-8.31200645929331;-10.5199184942273;27.8350409602907;-0.172456604011523;7.60205984639338
25.2904531751762;4.01555850483798e-08;-2.47298348445135e-10;-8.29509409330533;-10.5169672185917;27.8837495426963;-0.167293107323345;7.60205983574594
25.5368471139178;4.14521647295434e-08;-2.54829455078768e-10;-8.27883080859105;-10.5147712231764;27.9305883007227;-0.16223317539886;7.60205982460214
25.7828711343805;4.27942109166599e-08;-2.62374777359683e-10;-8.26321004882389;-10.513299716964;27.9755761242685;-0.157285747598176;7.60205981295923
26.0284225636384;4.41806696907285e-08;-2.69919022994136e-10;-8.2482355058406;-10.5125266460999;28.018702407285;-0.152460338001172;7.60205980082659
26.2735848767138;4.56114118647197e-08;-2.77453053469311e-10;-8.23389233117096;-10.5124263376196;28.0600099495685;-0.147758956111587;7.60205978820605
26.5183863336878;4.70859325509072e-08;-2.84966492583495e-10;-8.22016312856429;-10.5129752268366;28.0995488925061;-0.143181612653903;7.60205977510297
26.7628378086674;4.86035694089694e-08;-2.92448913270246e-10;-8.2070247965741;-10.5141505400295;28.1373858066276;-0.138726044054741;7.60205976152434
27.0068656426605;5.01630759878496e-08;-2.99887833281497e-10;-8.19445215391351;-10.5159294762309;28.1735932476209;-0.134389369969223;7.60205974748257
27.2506094366068;5.17645833993798e-08;-3.07277775025825e-10;-8.18240461392133;-10.5182925519538;28.2082881311782;-0.130163372642429;7.60205973297799
27.4939779805158;5.34067384389042e-08;-3.14606752488539e-10;-8.1708502862674;-10.5212210574991;28.2415623230441;-0.126042772330057;7.60205971802422
27.7369663251082;5.50887695210934e-08;-3.21865892038693e-10;-8.15975142547264;-10.5247002969322;28.2735245459309;-0.122020016411636;7.60205970262978
27.9797090329979;5.6810958753419e-08;-3.29050867081138e-10;-8.14906532279986;-10.5287209284382;28.304297809994;-0.118085556187179;7.60205968679353
28.2223220200001;5.85735611664084e-08;-3.36157415477126e-10;-8.13875968447694;-10.533255326857;28.3339751089801;-0.114238335247246;7.60205967051424
28.4661122607581;6.03859432532763e-08;-3.43216394810314e-10;-8.12876655518443;-10.5382744058556;28.3627521083049;-0.11046902439367;7.60205965370665
28.7125954810014;6.22599036129499e-08;-3.50264076752205e-10;-8.11902695938259;-10.5437410629287;28.3907986023234;-0.10677350648991;7.60205963626143
28.9632527549996;6.4207863294627e-08;-3.57334994898266e-10;-8.1095003484961;-10.5496045024071;28.4182313171471;-0.103155619384469;7.60205961806181
29.2192618886685;6.62406439092765e-08;-3.64454237856268e-10;-8.10016494949646;-10.555821645632;28.4451129330699;-0.0996210159025263;7.60205959900446
29.4828542717176;6.83783952805819e-08;-3.71674756173771e-10;-8.09097566273079;-10.5623644823518;28.4715733012152;-0.09616624239329;7.60205957889784
29.7565378201642;7.06449108503014e-08;-3.79054149101225e-10;-8.08188998529267;-10.5692280564051;28.4977348084111;-0.0927838244321801;7.60205955751427
30.0447205090615;7.30818384190358e-08;-3.8669633395064e-10;-8.07282526812464;-10.5764503510309;28.5238354345972;-0.0894505137543768;7.60205953445605
30.3531434396233;7.57453104857669e-08;-3.9473309791044e-10;-8.063698512948;-10.5840654461498;28.5501141414468;-0.0861471502728234;7.60205950918477
30.691214850714;7.87281510705381e-08;-4.03380120933875e-10;-8.05437840282877;-10.5921418310104;28.5769489876092;-0.0828423540624198;7.60205948081006
31.081404035316;8.22499805119665e-08;-4.13160498882941e-10;-8.0445069075954;-10.6009195894851;28.6053707248022;-0.0794392067289511;7.602059447233
31.5752592665588;8.68234644127091e-08;-4.25259151913157e-10;-8.03335250381393;-10.6108626364216;28.6374852683053;-0.0757573450434297;7.60205940355716
32.3706433474928;9.44472772542563e-08;-4.44193306157625e-10;-8.01840466844912;-10.6233309839155;28.6805197217209;-0.071229632141961;7.60205933077012
34.0004431007116;1.10829932858306e-07;-4.81964806809191e-10;-7.99774994608917;-10.6349700081347;28.7399800895398;-0.0662622839004019;7.6020591743626
40.1669032023999;1.76736338480977e-07;-6.27123122445373e-10;-7.97110829896087;-10.6281940057032;28.8166661696979;-0.063468469929797;7.60205854187627
81.1510112979723;6.45582984545389e-07;-1.68315766443746e-09;-7.94158467472986;-10.5889373644879;28.9016319514926;-0.0650983043537124;7.60205402445441
417.22499053121;4.91137450840657e-06;-1.1373682897693e-08;-7.89643526125464;-10.5400875714583;29.0315193565592;-0.0659504031809404;7.60201291778392
2764.99801101639;3.85107935172414e-05;-9.00767819472529e-08;-7.84432433983925;-10.4746642739272;29.1810191564268;-0.0683534629105186;7.60169050057549
13854.9753814861;0.000227772318590232;-5.53520661564759e-07;-7.76786832463282;-10.3789335088493;29.3983943775713;-0.0719877214326195;7.59990312787973
56600.43056785;0.00125697989644006;-3.23574371279397e-06;-7.61838697096874;-10.2023950555909;29.814975059725;-0.0777009566370362;7.59078382914374
197974.395439087;0.00963730888991663;-2.72812757281469e-05;-7.22710836965493;-9.76933504765075;30.8544154669938;-0.0885300368880649;7.53283867024368
613491.683734786;0.135317511841725;-0.000440492050102412;-6.51932222470545;-9.00241746092624;31.5900416241924;-0.103861588822013;6.66324427338648
1722963.8247116;0.271195008842063;-0.000826110547518245;-6.91196886336883;-9.45895854345647;28.6362035711889;-0.0812691581505086;5.44470618465637
4529312.76952404;0.399166524039737;-0.00117083287868449;-7.3410283586732;-9.9106722527662;28.035604480231;-0.0755207040969358;5.86852532437409
11884061.0966082;0.538687089050186;-0.00153777800929753;-7.72192958981292;-10.3019666871923;27.5240196464284;-0.0723893641299264;6.25921059600957
35977685.158929;0.714699571904162;-0.00198878493218971;-8.13635866048302;-10.7277189213865;26.9681754131643;-0.0691021091907356;6.6848007025696
101074609.114596;0.919262050250198;-0.00250128873394435;-8.50273449052672;-11.1038633758691;26.4786120082886;-0.0663386043675047;7.06226664636604
210515600.146679;1.11515699770963;-0.00298589785521285;-8.7471567823288;-11.3537884329752;26.1536901235969;-0.0646995593970062;7.31521246529535
365828190.093246;1.30234940156352;-0.00344320631650855;-8.91891844055577;-11.5309974249903;25.9262948286408;-0.0633375807516144;7.49358851396926
563122879.790071;1.48170798504298;-0.00387926464768701;-9.04139323078054;-11.6555708077325;25.7662273052936;-0.0626431022231927;7.62216779207239
792388247.915318;1.65488834381766;-0.0042968159172185;-9.12183982193426;-11.7396286485022;25.6646864924451;-0.0618795485981802;7.70902775581245
1038418987.28447;1.82052086774186;-0.00469440503351697;-9.17184375202441;-11.7915548843505;25.6028427975129;-0.061457806724305;7.76386804500897
1296299540.3926;1.98308830999888;-0.00508285557790523;-9.20038502017953;-11.8220828586047;25.5700129924508;-0.0610988604423534;7.7968195277175
1554920839.32718;2.14128355285192;-0.00545981680325395;-9.21347086910744;-11.8363676081481;25.5564286731933;-0.0608980554309944;7.81290804077239
1806223424.63935;2.29362242315284;-0.00582187105951865;-9.21738622581118;-11.8414232991253;25.5540806622735;-0.0607327837631467;7.81886851437477
2045295193.38954;2.43911211490804;-0.00616744026478634;-9.21569607089204;-11.8399932604268;25.5583323387784;-0.060706518020125;7.81845890747967
2272378126.78771;2.57888588735012;-0.00649921616518796;-9.21075880892014;-11.8353396592204;25.5664678044402;-0.0606861911766879;7.81439980203412
2490401677.4947;2.71519834623908;-0.00682300588294144;-9.20396785629397;-11.8282403550288;25.5766266412849;-0.0607534248062674;7.80812794161413
2699826073.0295;2.84855059051842;-0.00714014486151423;-9.19602694146796;-11.8197776475031;25.588146855059;-0.060853859648475;7.80055426099755
2901309320.26668;2.97941652717577;-0.00745192597769185;-9.18741232369235;-11.810389134128;25.6004119262263;-0.0609916163735114;7.79218272614991
3093321737.08522;3.10674911092554;-0.00775601064691948;-9.17838976243578;-11.8003347887746;25.6131593142213;-0.0611671329409738;7.78334899912229
3276172227.3601;3.23060058789502;-0.00805262216781565;-9.16919493908745;-11.7899081133877;25.6260619501262;-0.0613717768701225;7.77428777160026
3450742107.79049;3.35140863896799;-0.00834281797172242;-9.15987343628851;-11.7792781859926;25.6391096828673;-0.0615882963079942;7.76507989416591
3617293053.43824;3.46919180590306;-0.00862663233671363;-9.15046387550228;-11.7685127298085;25.6522780241789;-0.0618126103029984;7.75578327109577
3774891368.19999;3.58307228453739;-0.00890209014763915;-9.14110228536054;-11.7574964773513;25.6653423976463;-0.0620801661381376;7.74650950120748
3922941824.88142;3.69236353240881;-0.00916740541702781;-9.13182436666627;-11.7466475062076;25.678335590994;-0.0623366889615181;7.73734906378034
4061077425.10922;3.7965549303448;-0.00942097354391161;-9.12247375413049;-11.7362109566246;25.6915694735922;-0.0625249615340221;7.72820954111275
4190362570.43935;3.89622462587572;-0.009664245965549;-9.11298549637186;-11.7254557496484;25.7049715274415;-0.0627403408658008;7.71891772129434
4312268888.91857;3.99218633831148;-0.00989946928940574;-9.10392822660555;-11.7145458334105;25.7173645773744;-0.0630389331659306;7.70978069549321
4426180248.66783;4.08350906558633;-0.0101236808514513;-9.09598816317929;-11.7059090316753;25.7279154496226;-0.0631660516858427;7.70156103813924
4527212958.3772;4.16592450829297;-0.0103255346428955;-9.08845340512904;-11.6994250897467;25.7387469476818;-0.0630399290204147;7.69430791770211
4610714916.72695;4.23545917430127;-0.0104962146765147;-9.07949528802524;-11.6895139412676;25.7532760986558;-0.0632140813015239;7.68678859929319
4678219569.37325;4.29315964300361;-0.0106406123653837;-9.06815436593507;-11.6697734646222;25.7725312297745;-0.0644967715094688;7.67784634563512
4723733015.55801;4.33307743130667;-0.0107458483815849;-9.05697325000674;-11.6359753215003;25.7918262711153;-0.0679954767713608;7.66924176868508
4748845530.51427;4.35553646074699;-0.0108108026382414;-9.0484992239736;-11.5872825913856;25.8069504506179;-0.0746368531884342;7.66306235193216
4759492609.11398;4.36516252600958;-0.0108403692385376;-9.04378165839027;-11.5564290699433;25.8158446563828;-0.0792937445823452;7.65994153739717
4762718279.15602;4.36809079042331;-0.0108491179248032;-9.04200965110026;-11.566677098097;25.8193972723132;-0.0771398256393881;7.65890333620598
4764201784.41987;4.36944049119221;-0.0108529548326768;-9.04105159634584;-11.587307719982;25.8214187274311;-0.0734047183683882;7.65840462089474
4765044803.86759;4.37020859862762;-0.0108550319436808;-9.040415624355;-11.6083778870158;25.8228224835788;-0.0698299043359837;7.65811320396757
4765563606.43491;4.37068180688024;-0.0108562548396947;-9.03994980655187;-11.6276125871378;25.8238968776752;-0.0667358195500831;7.65793004787299
4765897480.91429;4.37098659666028;-0.0108570108323441;-9.03958282332487;-11.6450656510263;25.8247801085436;-0.064055113432019;7.65781011970783
4766110820.37497;4.37118148672167;-0.0108574766481063;-9.03928150045216;-11.6608570128247;25.8255363513246;-0.0617268105615428;7.65773232637307
4766245937.55103;4.37130499329385;-0.0108577619481209;-9.03902049148366;-11.6754087660709;25.8262174701656;-0.0596585273985289;7.6576823809031
4766328645.99688;4.37138063570825;-0.01085793122415;-9.03878447780101;-11.6889543972797;25.8268544550842;-0.0577965074688865;7.65765141390145
4766377171.78253;4.37142503868977;-0.0108580276454424;-9.0385604428867;-11.7017996272742;25.8274753398452;-0.0560844895040577;7.65763301807165
4766403719.51509;4.37144934322371;-0.0108580789195817;-9.03834013625668;-11.7141290549047;25.8280974355379;-0.0544883299912121;7.65762282859729
4766417069.31285;4.37146157134436;-0.010858103991716;-9.03811497164786;-11.7262833814337;25.8287407749078;-0.0529583961283043;7.65761763978867
4766423048.6195;4.37146705128791;-0.0108581149018343;-9.03787474201347;-11.7388213687702;25.8294316381993;-0.0514242803957257;7.65761528502748
4766425207.39498;4.37146903091312;-0.0108581187256804;-9.03762450010457;-11.7517070714281;25.8301534603153;-0.0498935510710994;7.65761442304278
4766425869.14579;4.37146963814692;-0.0108581198579514;-9.03733854695644;-11.7667440682853;25.8309792211443;-0.0481654196750626;7.6576141549211
4766426013.85774;4.37146977104282;-0.0108581200947819;-9.0369928105495;-11.7860668349352;25.8319779401487;-0.0460345218662413;7.6576140953029
4766426036.4471;4.37146979180784;-0.0108581201296285;-9.03657144287781;-11.81174318309;25.8331951381507;-0.0433517251228927;7.65761408580502
4766426041.48471;4.37146979644416;-0.0108581201367923;-9.03605125252494;-11.8470834047908;25.834697630657;-0.0399182258193969;7.65761408363038
4766426044.08332;4.37146979883919;-0.0108581201400935;-9.0354313333318;-11.896064816639;25.8364878911915;-0.0356122975837046;7.65761408247324
4766426045.85561;4.37146980047514;-0.0108581201420419;-9.03476398546118;-11.9588521053085;25.8384145884877;-0.0307735601836859;7.65761408165746
4766426047.1746;4.37146980169461;-0.0108581201432532;-9.03406974478641;-12.0370204989843;25.8404180826767;-0.0256654440035217;7.65761408102948
4766426048.26731;4.37146980270662;-0.0108581201440427;-9.03332182659195;-12.1411378745858;25.8425754085983;-0.0201613562766394;7.65761408049098
4766426049.2064;4.37146980357794;-0.0108581201445264;-9.03252678248281;-12.2880924971778;25.8448674225299;-0.0143485691148542;7.65761408001138
4766426050.03292;4.37146980434631;-0.0108581201447731;-9.03168928286573;-12.5251379335799;25.8472804623897;-0.00829786193626303;7.65761407957358
4766426050.7675;4.37146980503057;-0.010858120144829;-9.03081788328626;-13.1184470917164;25.8497897367655;-0.00211265122801056;7.65761407916989
4766426051.43777;4.37146980565623;-0.0108581201447264;-9.02990237184756;-12.8151577309354;25.8524245413868;0.00423882922625267;7.65761407878759
4766426052.05147;4.37146980623036;-0.0108581201444894;-9.02894863289924;-12.4131390155794;25.8551678558188;0.0106747319635185;7.65761407842416
4766426052.63351;4.37146980677616;-0.0108581201441232;-9.0279269521361;-12.201294118935;25.8581050484836;0.0173472057136212;7.65761407806603
4766426053.1792;4.37146980728913;-0.0108581201436448;-9.02685103767949;-12.0571542543411;25.8611966134278;0.0241182281667968;7.65761407771686
4766426053.70066;4.37146980778062;-0.0108581201430546;-9.02570255282491;-11.9462157652433;25.864495173426;0.0310592377960501;7.65761407736956
4766426054.19611;4.3714698082489;-0.0108581201423654;-9.02449142099091;-11.8566480681881;25.8679721749449;0.0380720040444455;7.6576140770258
4766426054.67427;4.37146980870219;-0.0108581201415735;-9.02320607671266;-11.7809104015635;25.8716607824129;0.0451980796838755;7.65761407667993
4766426055.12761;4.37146980913326;-0.0108581201407033;-9.0218770338872;-11.7167670547439;25.8754734628423;0.0522394125242686;7.65761407633796
4766426055.56548;4.37146980955094;-0.010858120139747;-9.02048857362644;-11.6607389091065;25.8794554031577;0.0592522433052133;7.65761407599352
4766426055.98646;4.37146980995386;-0.0108581201387175;-9.01905186540404;-11.6116582127237;25.883574730188;0.0661329519227269;7.65761407564816
4766426056.39556;4.37146981034675;-0.0108581201376113;-9.01755131915134;-11.5679902526656;25.88787639912;0.072888244910417;7.65761407529818
4766426056.79167;4.37146981072855;-0.0108581201364401;-9.01599091838462;-11.5291875665104;25.8923493014917;0.0794282161734159;7.65761407494475
4766426057.18187;4.37146981110607;-0.0108581201351893;-9.01434091005895;-11.4941102086841;25.897079085013;0.0857988534721172;7.65761407458152
4766426057.55579;4.37146981146926;-0.0108581201339026;-9.01264369520022;-11.4632866117642;25.9019446141346;0.0917676169231159;7.6576140742183
4766426057.92484;4.37146981182921;-0.0108581201325485;-9.01084433406842;-11.4354422220411;25.9071038391887;0.0974587816425249;7.65761407384414
4766426058.2881;4.37146981218507;-0.0108581201311367;-9.00893847421841;-11.4104584578932;25.9125697381073;0.102799381153539;7.65761407345944
4766426058.64572;4.37146981253704;-0.0108581201296736;-9.00691710654029;-11.3881437872801;25.9183686398395;0.107740994966698;7.65761407306353
4766426058.98683;4.37146981287437;-0.0108581201282149;-9.00484001087099;-11.3689008638324;25.9243294129634;0.112110600374662;7.6576140726687
4766426059.32869;4.37146981321419;-0.0108581201266932;-9.00259479915623;-11.3515365038889;25.9307749497189;0.116111113853106;7.65761407225473
4766426059.66335;4.37146981354868;-0.0108581201251505;-9.00021935004481;-11.336321541234;25.9375968978055;0.119626541003496;7.65761407183027
4766426059.99395;4.37146981388105;-0.0108581201235788;-8.99768094551317;-11.3229420716394;25.9448894897832;0.122684782994674;7.65761407139068
4766426060.31515;4.37146981420596;-0.0108581201220108;-8.9950120294292;-11.3114239576055;25.9525596741554;0.125247270507586;7.65761407094258
4766426060.63318;4.37146981452979;-0.0108581201204219;-8.99214921727507;-11.3013536744418;25.9607897019112;0.127383577595871;7.65761407047665
4766426060.94621;4.37146981485078;-0.0108581201188262;-8.98909217250301;-11.2926348309746;25.9695806166318;0.129098821508078;7.65761406999448
4766426061.25669;4.37146981517159;-0.0108581201172156;-8.98579949198679;-11.2850561735711;25.97905150438;0.130426731009774;7.65761406949096
4766426061.55838;4.37146981548581;-0.0108581201156272;-8.98232426844217;-11.2786118959079;25.9890495829122;0.131371987470783;7.65761406897535
4766426061.85435;4.37146981579671;-0.010858120114049;-8.97861944326404;-11.2730658959019;25.9997100975317;0.131984232979823;7.65761406844185
4766426062.14771;4.37146981610772;-0.0108581201124671;-8.97462465220185;-11.2682295864348;26.0112066427234;0.132298696448691;7.65761406788341
4766426062.43624;4.37146981641664;-0.0108581201108961;-8.97034821642322;-11.264030096989;26.0235151677693;0.132337851204664;7.65761406730255
4766426062.71963;4.37146981672327;-0.0108581201093401;-8.9657747201935;-11.2603590854915;26.0366799061847;0.132129940257796;7.65761406669848
4766426062.99858;4.37146981702852;-0.0108581201077969;-8.96086820463115;-11.2570976065693;26.050804220484;0.131701806823894;7.65761406606813
4766426063.27406;4.37146981733367;-0.0108581201062624;-8.95558356127077;-11.2541412319595;26.0660178334897;0.131074140135569;7.65761406540723
4766426063.54705;4.37146981764006;-0.0108581201047322;-8.94986820367336;-11.2513960559279;26.0824720110463;0.130262946569004;7.65761406471074
4766426063.81628;4.37146981794655;-0.010858120103214;-8.94370863750484;-11.2487849295487;26.1002054685239;0.129290803423011;7.65761406397902
4766426064.08132;4.37146981825291;-0.0108581201017105;-8.93707535477802;-11.2462191630482;26.1193030177329;0.12817926458242;7.65761406321043
4766426064.34241;4.37146981855972;-0.0108581201002205;-8.92992522404673;-11.2436072286833;26.1398886978668;0.126946791669974;7.65761406240135
4766426064.59885;4.37146981886644;-0.0108581200987478;-8.92223413914395;-11.2408644726286;26.1620317760308;0.125614893746611;7.65761406155077
4766426064.85209;4.3714698191752;-0.0108581200972834;-8.91390576067753;-11.2378728323111;26.1860094763787;0.124194467314162;7.65761406065016
4766426065.10064;4.37146981948457;-0.0108581200958351;-8.90493770008104;-11.2345514901385;26.2118285442278;0.122711009369029;7.65761405970075
4766426065.34404;4.37146981979432;-0.0108581200944046;-8.89531497865583;-11.2308302469967;26.2395319997944;0.121182753564053;7.65761405870056
4766426065.58226;4.37146982010472;-0.0108581200929912;-8.88506138073101;-11.2267010350579;26.2690513305884;0.119620258011205;7.65761405764633
4766426065.81527;4.371469820416;-0.0108581200915942;-8.87421906503538;-11.2221820905774;26.3002651523593;0.118031275792988;7.65761405653504
4766426066.04304;4.37146982072838;-0.0108581200902131;-8.86282001134638;-11.2172841120193;26.3330813842005;0.116422676876301;7.65761405536409
4766426066.26552;4.37146982104197;-0.0108581200888478;-8.85093415697716;-11.2120666873669;26.3672987106511;0.114797679362469;7.65761405413147
4766426066.48262;4.37146982135676;-0.0108581200874986;-8.8386250722104;-11.2065845853983;26.4027341449622;0.113159075209977;7.6576140528361
4766426066.69424;4.37146982167269;-0.0108581200861662;-8.82596833870416;-11.2009132678482;26.4391701393991;0.111507194823785;7.65761405147759
4766426066.90026;4.37146982198957;-0.0108581200848515;-8.81302296877666;-11.195110934109;26.476436835633;0.109842794340369;7.65761405005655
4766426067.10043;4.37146982230692;-0.0108581200835569;-8.79984816159188;-11.1892342684407;26.5143638361822;0.108167079666093;7.65761404857539
4766426067.29448;4.37146982262418;-0.0108581200822846;-8.78650424516964;-11.1833487263818;26.5527775021408;0.106479370541506;7.65761404703739
4766426067.48149;4.37146982293951;-0.0108581200810421;-8.77310604684781;-11.1775462621668;26.5913473083706;0.104785243523982;7.65761404545301
4766426067.6607;4.37146982325111;-0.0108581200798358;-8.75976927413713;-11.1719136362132;26.6297401939178;0.103091430821116;7.65761404383369
4766426067.83141;4.37146982355704;-0.0108581200786724;-8.74662061333807;-11.1665332874832;26.6675914890605;0.101407743629133;7.65761404219298
4766426067.99312;4.37146982385556;-0.0108581200775574;-8.73377833618004;-11.1614687190521;26.7045607393919;0.0997459005821336;7.65761404054444
4766426068.14823;4.37146982415035;-0.0108581200764761;-8.72112799971896;-11.1566834471687;26.7409774033334;0.0980893438840989;7.65761403887204
4766426068.30062;4.37146982444857;-0.0108581200754024;-8.70840619068938;-11.1520835386476;26.7775997689714;0.096403832204683;7.65761403713705
4766426068.45949;4.37146982476932;-0.0108581200742711;-8.69486666503324;-11.1474304417774;26.8165760445332;0.094588763740628;7.65761403522622
4766426068.63342;4.37146982513292;-0.0108581200730184;-8.67975881828034;-11.1425469618319;26.8600669764526;0.0925377525628827;7.65761403300823
4766426068.82166;4.37146982554181;-0.0108581200716471;-8.66311548923966;-11.1375867222957;26.9079780160104;0.0902422325753466;7.65761403045139
4766426069.01856;4.37146982598727;-0.0108581200701971;-8.64542489316552;-11.1328711253761;26.9589037397962;0.0877517923533575;7.65761402759332
4766426069.22181;4.37146982646714;-0.0108581200686857;-8.62691168801194;-11.1286460253051;27.0121974315043;0.0850796271532826;7.65761402443466
4766426069.43085;4.37146982698303;-0.0108581200671186;-8.60766880021982;-11.1251415726698;27.0675915879815;0.0822198807429436;7.65761402095294
4766426069.64316;4.37146982753127;-0.0108581200655179;-8.58799164563347;-11.1226339367005;27.1242357993456;0.0791981833982647;7.65761401716173
4766426069.85989;4.37146982811751;-0.0108581200638789;-8.56785203370273;-11.1213598944843;27.1822112071407;0.0759935830764249;7.65761401301262
4766426070.07866;4.37146982873757;-0.0108581200622254;-8.54755872692831;-11.1215862241786;27.2406289627895;0.0726423079006325;7.65761400852519
4766426070.3007;4.37146982939725;-0.0108581200605548;-8.52708670162146;-11.1235624536487;27.2995610681218;0.0691321259224106;7.65761400365
4766426070.52458;4.37146983009448;-0.0108581200588857;-8.50664676755971;-11.1275223364732;27.358400628262;0.0654960540873976;7.65761399839384
4766426070.75055;4.37146983083199;-0.0108581200572248;-8.48628826817792;-11.1337065104684;27.417005550956;0.0617449975435379;7.65761399272963
4766426070.9783;4.37146983161064;-0.0108581200555838;-8.46610205007433;-11.1423568563772;27.4751142709328;0.0579008182326665;7.65761398664422
4766426071.20754;4.37146983243122;-0.0108581200539748;-8.44616701189274;-11.1537354895451;27.5324996232889;0.0539855045059362;7.65761398012559
4766426071.43833;4.37146983329557;-0.0108581200524079;-8.42652812845048;-11.1681639844136;27.5890321063352;0.050015038635527;7.65761397315411
4766426071.67028;4.37146983420368;-0.0108581200508964;-8.40726247779428;-11.1860015074137;27.6444898163984;0.0460118345789629;7.65761396572505
4766426071.90356;4.37146983515754;-0.0108581200494505;-8.38839495300659;-11.207740857934;27.6988010793949;0.0419870213993171;7.65761395781803
4766426072.13798;4.3714698361576;-0.0108581200480827;-8.36997725539071;-11.2339864377724;27.7518170613717;0.0379561576338078;7.65761394942557
4766426072.3733;4.37146983720373;-0.0108581200468059;-8.35206317219466;-11.265525960057;27.803382934257;0.0339339842075472;7.65761394054526
4766426072.60969;4.37146983829756;-0.0108581200456307;-8.33467322028519;-11.3034990927468;27.8534396472206;0.0299262956262482;7.65761393116076
4766426072.84674;4.37146983943778;-0.0108581200445704;-8.31786810219793;-11.3494110349447;27.9018124814531;0.0259471392705282;7.6576139212808
4766426073.08488;4.37146984062679;-0.0108581200436346;-8.30164552489321;-11.4056701168503;27.9485080528022;0.0219955100585756;7.65761391088283
4766426073.32355;4.37146984186197;-0.0108581200428366;-8.28606245066816;-11.4757934083381;27.9933624165067;0.0180852330322443;7.65761389998818
4766426073.56303;4.37146984314478;-0.0108581200421862;-8.27110946390982;-11.566083926687;28.0364026931195;0.014215031501288;7.65761388858346
4766426073.80312;4.3714698444739;-0.0108581200416943;-8.25679868912847;-11.6885125679598;28.0775940020865;0.010390728830587;7.65761387667972
4766426074.04381;4.37146984584901;-0.0108581200413707;-8.24312001446907;-11.8714096385758;28.1169654669879;0.00661726951488419;7.65761386427993
4766426074.2851;4.37146984726966;-0.0108581200412239;-8.23006120252215;-12.2158176840085;28.1545523302704;0.00290932436951362;7.65761385138832
4766426074.52691;4.37146984873476;-0.010858120041261;-8.21761039881083;-12.8142231632464;28.1903887390469;-0.000713654979315067;7.65761383801541
4766426074.76965;4.37146985024623;-0.0108581200414877;-8.20573222797615;-12.0296880038717;28.2245765473949;-0.00423322799031959;7.65761382414436
4766426075.01357;4.37146985180524;-0.0108581200419088;-8.19439831749477;-11.7629101548762;28.2571974609484;-0.007631628990251;7.65761380976489
4766426075.2598;4.37146985341887;-0.0108581200425308;-8.18354464196834;-11.5975181691133;28.2884358037749;-0.0109052444944119;7.65761379481292
4766426075.50917;4.37146985509272;-0.010858120043361;-8.17313039574188;-11.4776687645077;28.3184090703984;-0.0140452826111875;7.65761377923577
4766426075.76378;4.37146985684178;-0.0108581200444137;-8.16307161175557;-11.3835615168543;28.3473589746991;-0.0170617155933815;7.65761376289413
4766426076.02555;4.37146985868089;-0.0108581200457073;-8.15330980700087;-11.3061183655308;28.3754538795534;-0.0199587922887254;7.65761374564762
4766426076.29613;4.37146986062389;-0.0108581200472624;-8.1438156659209;-11.240541120534;28.4027782006786;-0.022731880680277;7.65761372736335
4766426076.58107;4.37146986271468;-0.010858120049131;-8.134450628825;-11.1832442444432;28.4297307559794;-0.0254085060861114;7.65761370762533
4766426076.88252;4.371469864974;-0.0108581200513518;-8.12522835378921;-11.1326864989727;28.4562722763338;-0.0279717644534095;7.65761368623038
4766426077.21257;4.37146986750136;-0.0108581200540556;-8.11591217872355;-11.0866070857461;28.4830839076286;-0.0304713785304313;7.65761366223129
4766426077.58669;4.37146987043027;-0.010858120057439;-8.10630330815787;-11.0436534295126;28.5107378135476;-0.0329350505966907;7.65761363434843
4766426078.05412;4.37146987418062;-0.0108581200621038;-8.09565041383977;-11.0008932566738;28.5413963324608;-0.0355003286381412;7.65761359857927
4766426078.77077;4.37146988011389;-0.0108581200700877;-8.08201261751511;-10.9530914591559;28.5806453483879;-0.0384585750801299;7.65761354196926
4766426080.18104;4.37146989230829;-0.0108581200878464;-8.06314275584416;-10.8998907928318;28.6349527063215;-0.0417011885449217;7.65761342564638
4766426084.97888;4.37146993630324;-0.0108581201550963;-8.03764233855778;-10.8533541292075;28.7083451377442;-0.0438830058876554;7.65761300454395
4766426115.38655;4.37147023310926;-0.0108581206100211;-8.01051050481824;-10.8250435448285;28.7864322861268;-0.0441219606433899;7.65761014345732
4766426367.70991;4.37147295519551;-0.0108581247499204;-7.96705556571504;-10.7849676687907;28.9114669057269;-0.0439701578106965;7.65758400960357
4766428432.75783;4.37149797882056;-0.0108581625583341;-7.91657991169855;-10.7373416795439;29.0563881829984;-0.0439015507301298;7.65734374626385
4766444871.61578;4.37174748973489;-0.0108585370233753;-7.81878209487403;-10.6424603629138;29.3344038377503;-0.0440249628787123;7.65502578321429
4766517083.54174;4.37347769060454;-0.0108611205938215;-7.62051240221772;-10.4463886202365;29.8831529330251;-0.0446221199584314;7.64038216100206
4766775269.33767;4.39989035296048;-0.0109006403935905;-6.99012016628846;-9.81511761039617;31.4780627232406;-0.047098877014876;7.49372129736752
4767548001.06148;4.56927689889417;-0.0111504979532937;-6.65914983004062;-9.49033624816803;29.8363958732648;-0.0440108688806476;5.76037419274058
4769631988.18818;4.70130146745611;-0.0113266648796223;-7.19824027494321;-10.0729706548375;28.2244687290712;-0.0376613077203438;5.72007527740297
4775086970.66777;4.83639204623395;-0.0115018730744433;-7.60616829768753;-10.4932389449644;27.6772193354425;-0.0358964753967335;6.13890917417825
4791601877.00515;4.99651763053024;-0.0117040015103362;-8.01341538748642;-10.9122486996182;27.1308246858951;-0.0342475637628005;6.55700470926561
4849480124.19639;5.20509258545449;-0.0119591840648166;-8.44325321189334;-11.35566438971;26.5563729376254;-0.0324905887498285;6.99979769580884
4965704769.87883;5.41781248808003;-0.0122124555110273;-8.73749010536397;-11.6617120006373;26.1652582852591;-0.0311532335460377;7.30431556204313
5136364145.8381;5.61903449729866;-0.0124466767373185;-8.92845467208634;-11.8625039027952;25.9133291621166;-0.030162961582622;7.50322919048338
5354557050.37105;5.81015843787991;-0.0126646173689825;-9.05752553246608;-12.0005024182644;25.7448606017291;-0.0293571342479509;7.63888036999601
5602579341.7549;5.9908779765837;-0.0128666431683547;-9.13748560610905;-12.0890838816127;25.6445717573161;-0.0286679854651624;7.72564175943383
5866802284.80505;6.16368649145438;-0.0130564142299649;-9.18440538779098;-12.1437405385304;25.5872095076464;-0.0280988000825161;7.77754540817603
6136180218.95761;6.33000177208492;-0.0132357012148677;-9.2094298650685;-12.1768132543246;25.5589256506742;-0.0275523854446328;7.80677130745435
6400407314.29184;6.48937222851308;-0.0134045450592135;-9.21956953412729;-12.1944921186713;25.5490773427149;-0.0270677799054716;7.81969024405622
6656320928.32667;6.64303414460354;-0.0135645063088371;-9.22152714567191;-12.2040786018016;25.549115307761;-0.0265964951849207;7.8234799332777
6900465969.63362;6.79062974957459;-0.0137154790574892;-9.21857448252477;-12.2087493459903;25.5548729247433;-0.026139595468714;7.82164835851098
7133650743.49134;6.9335052796307;-0.0138591190067907;-9.21274233451468;-12.2104249459492;25.5640924570748;-0.0257008666426756;7.81659239139368
7355034153.14425;7.07146446235288;-0.0139953608323081;-9.20539445906163;-12.2108346178326;25.5749051263035;-0.0252565410514205;7.80968601182667
7565898190.74657;7.20538983442577;-0.0141252983766468;-9.19713965647836;-12.2102678632164;25.5867783009446;-0.0248248938084171;7.80174412604069
7766838253.40648;7.33560030583377;-0.0142493449475403;-9.18842062214634;-12.2094817700843;25.5991362508666;-0.0243873248857768;7.7932333883901
7959740069.60408;7.46325294633462;-0.0143687054809208;-9.1793065139716;-12.2084755657637;25.6119772532154;-0.0239482650251193;7.78428564657285
8145300798.5083;7.5887171420893;-0.014483774023056;-9.1699662627549;-12.2075294589895;25.6250657733719;-0.0235018360650579;7.77506839284085
8322438516.04782;7.71111832822223;-0.0145938395877797;-9.16052541801731;-12.2066595781881;25.638264255695;-0.0230544337272628;7.76573116535607
8490284730.75227;7.8296517778563;-0.0146983062956104;-9.1510706277208;-12.2059336428714;25.6514911793063;-0.0226073470629823;7.75638612778867
8648310920.12498;7.94368288325048;-0.014796762544721;-9.14170573339326;-12.2054857812706;25.6645662380494;-0.0221591899693843;7.74711250392519
8797730116.31541;8.05384497354379;-0.0148899350959222;-9.13237422782877;-12.205118408494;25.6776197083283;-0.0217175375905575;7.73788867370462
8937569090.47307;8.15918790574241;-0.0149771943577501;-9.12302282668222;-12.2048166946284;25.6908085955096;-0.0212806018117891;7.72871706843873
9067677337.93075;8.2593655142469;-0.0150584080242693;-9.11353416725564;-12.2046757091706;25.7042733491293;-0.0208383721178839;7.71946582598879
9189144051.83853;8.35493923032582;-0.015134308323542;-9.10411880999625;-12.2042137941789;25.7174557081768;-0.0204236338698999;7.71016688761019
9304208428.03393;8.44729753577576;-0.0152064024093369;-9.09546493127261;-12.203041248311;25.7290622818297;-0.0200838810817679;7.70127951921961
9411500979.11847;8.5348740109249;-0.015273746492252;-9.0881821102294;-12.2022701284774;25.738544020596;-0.0197922859955677;7.69360912853756
9506827741.7757;8.61395579473414;-0.0153334284362863;-9.08113838750184;-12.2033718833492;25.7487982337943;-0.0194322669661457;7.68691463669549
9582723518.32017;8.67828383117557;-0.0153803781877999;-9.07181731377328;-12.2085843108467;25.7648640255258;-0.0188044596212893;7.67972348014803
9632296290.28078;8.72152026744136;-0.0154098022713671;-9.05939331370232;-12.2265402586937;25.7885496388721;-0.0175501152543587;7.67165603900672
9656105038.45331;8.74288056094189;-0.0154223848427548;-9.04712934565848;-12.2769671584068;25.8140803680595;-0.0152061351137098;7.66512877414892
9662986677.23206;8.74915729059922;-0.0154253484917346;-9.03995844879225;-12.3658651088182;25.8306637582352;-0.0121963226830026;7.66241768621554
9663859240.63416;8.7499572670698;-0.0154256692880748;-9.03771978000034;-12.4345675883945;25.836493127009;-0.0103606202736128;7.66200690969681
9663916925.66392;8.75001026745791;-0.0154256883385113;-9.03678407115267;-12.4811581900174;25.8391432516208;-0.00928761043472925;7.66197787853843
9663921211.19699;8.7500142124275;-0.0154256896046664;-9.03596119125696;-12.5295179470335;25.8415086543707;-0.00829394419355587;7.66197563504674
9663921664.1549;8.75001463020095;-0.01542568972225;-9.03511701448078;-12.5857111083688;25.8439383149784;-0.0072738543718266;7.66197538919574
9663921719.54663;8.75001468139789;-0.0154256897344704;-9.03420083989054;-12.6563601134795;25.8465755041864;-0.00616941147033542;7.66197535802126
9663921728.28726;8.75001468949598;-0.0154256897360121;-9.03316078281974;-12.7535247955263;25.8495692762645;-0.00492140717702585;7.66197535289995
9663921731.60546;8.75001469257941;-0.0154256897364155;-9.03186743816849;-12.9151685196474;25.8532920536349;-0.0033823206007314;7.66197535086245
9663921733.69734;8.75001469453007;-0.0154256897365361;-9.03035509153822;-13.2392579632667;25.857645098655;-0.0015984023104808;7.66197534950876
9663921735.2102;8.75001469594638;-0.0154256897365139;-9.02864267493747;-13.8323352100539;25.8625738722527;0.000406423871998168;7.66197534847272
9663921736.38072;8.75001469704703;-0.0154256897364019;-9.02672894382627;-13.0192981137638;25.8680819075533;0.00263144960638866;7.66197534762131
9663921737.35868;8.75001469797122;-0.0154256897362186;-9.02456276818102;-12.7271124105626;25.8743163040473;0.00513238515983868;7.661975346863
9663921738.18253;8.75001469875399;-0.0154256897359816;-9.02220583946078;-12.5411816774279;25.8810994451295;0.00783442060138561;7.6619753461801
9663921738.90309;8.75001469944271;-0.0154256897356953;-9.01963294524595;-12.4008025336017;25.8885038281652;0.0107630997110022;7.66197534554058
9663921739.56108;8.75001470007578;-0.0154256897353528;-9.01676015119335;-12.283591205928;25.8967709161697;0.0140092395095456;7.66197534491381
9663921740.15344;8.75001470064982;-0.0154256897349651;-9.01364962129385;-12.1840571898817;25.9057217219827;0.0174979885277214;7.66197534430691
9663921740.68475;8.7500147011686;-0.0154256897345415;-9.01035956267931;-12.0983628975047;25.9151886720314;0.0211617237244517;7.66197534372133
9663921741.18676;8.75001470166287;-0.015425689734062;-9.00675386261931;-12.0199444910016;25.925563322853;0.0251499759062292;7.66197534312579
9663921741.65232;8.7500147021253;-0.0154256897335385;-9.00292256831718;-11.9490714628605;25.936586466698;0.0293605321762304;7.66197534253087
9663921742.0929;8.7500147025671;-0.0154256897329622;-8.99881132898396;-11.8833689022139;25.948414366396;0.0338495774176127;7.6619753419244
9663921742.51015;8.75001470298973;-0.0154256897323337;-8.99442301396242;-11.8220820858229;25.9610386422421;0.0386067276376137;7.66197534130561
9663921742.91041;8.7500147033996;-0.0154256897316443;-8.98969865166154;-11.7638828052075;25.9746288000803;0.0436883050821988;7.66197534066584
9663921743.29061;8.75001470379345;-0.0154256897309011;-8.98468256560771;-11.7089189452564;25.9890571848635;0.0490404159445999;7.66197534001075
9663921743.66072;8.75001470418169;-0.0154256897300829;-8.97923594807351;-11.6554847661812;26.0047228820437;0.0548028837694193;7.6619753393229
9663921744.02036;8.75001470456411;-0.0154256897291867;-8.97333457235746;-11.6034270173453;26.0216953399574;0.0609878246397913;7.66197533860101
9663921744.36572;8.75001470493671;-0.0154256897282203;-8.96702455603496;-11.5531491633718;26.0398416950385;0.0675326407406229;7.66197533785175
9663921744.70284;8.7500147053062;-0.0154256897271632;-8.96017520285941;-11.5036401940636;26.0595375391075;0.0745592813076872;7.66197533706057
9663921745.03077;8.75001470567181;-0.0154256897260127;-8.95276662042954;-11.4548989999532;26.0808397563445;0.0820708991095099;7.66197533622691
9663921745.35003;8.75001470603438;-0.0154256897247613;-8.94474990838827;-11.4067483723107;26.1038886121606;0.0900962559334117;7.66197533534668
9663921745.66218;8.75001470639601;-0.0154256897233957;-8.93610415359276;-11.3590570615001;26.1287437545229;0.0986655683331079;7.66197533441213
9663921745.96857;8.75001470675859;-0.0154256897219019;-8.92686180976754;-11.3119661288688;26.1553113574135;0.107759501886006;7.66197533341543
9663921746.26914;8.75001470712241;-0.0154256897202718;-8.91706775575979;-11.2657356019981;26.1834620098147;0.117316533737241;7.66197533235291
9663921746.56323;8.75001470748687;-0.015425689718503;-8.90682981910934;-11.2207895086265;26.2128854349472;0.127219926367923;7.66197533122412
9663921746.85052;8.75001470785169;-0.0154256897165935;-8.89623503497165;-11.1774194063208;26.2433313578813;0.137351875095086;7.66197533002862
9663921747.1358;8.7500147082233;-0.0154256897145038;-8.88518313216758;-11.1351756303335;26.275087909555;0.147758229841713;7.6619753287434
9663921747.41673;8.75001470859896;-0.0154256897122443;-8.87380299510697;-11.0945962218508;26.3077850330177;0.158230812350227;7.66197532737508
9663921747.69118;8.75001470897588;-0.0154256897098324;-8.86221482216216;-11.0560893308544;26.341077976365;0.168561751482359;7.66197532593295
9663921747.96435;8.75001470936155;-0.0154256897072177;-8.85022287127625;-11.0190289285954;26.3755299257767;0.178811372512168;7.66197532438686
9663921748.23439;8.75001470975375;-0.0154256897044147;-8.83792828573217;-10.9837949636767;26.410851350244;0.188762501016826;7.66197532274272
9663921748.50162;8.75001471015326;-0.0154256897014196;-8.82534477369069;-10.9504628039808;26.4470041589507;0.198270660440517;7.66197532099499
9663921748.76636;8.75001471056095;-0.0154256896982301;-8.81249113152449;-10.9191108167656;26.4839358200524;0.207187161967597;7.66197531913756
9663921749.02726;8.75001471097494;-0.0154256896948691;-8.79947500109496;-10.8899971063374;26.5213386030657;0.215314528455912;7.66197531717715
9663921749.2866;8.75001471139922;-0.0154256896913133;-8.78621959743434;-10.8629363502529;26.5594347153949;0.222588167745592;7.66197531509319
9663921749.54426;8.75001471183403;-0.0154256896875716;-8.77276137162883;-10.8379907872638;26.598120882931;0.228887217611083;7.66197531288187
9663921749.80121;8.7500147122815;-0.0154256896836384;-8.75907676452056;-10.8150817197526;26.6374660975809;0.234146653319031;7.66197531052959
9663921750.05424;8.75001471273629;-0.0154256896795764;-8.74536289831633;-10.7944378335028;26.6769043960119;0.238265134940186;7.66197530806215
9663921750.30576;8.75001471320301;-0.0154256896753613;-8.73151629676629;-10.7757607159541;26.7167336780346;0.241289788134817;7.66197530545364
9663921750.55519;8.75001471368092;-0.0154256896710165;-8.71759266722681;-10.7589822319312;26.756793701461;0.243245326842467;7.66197530270615
9663921750.80366;8.75001471417265;-0.0154256896665355;-8.70355182828985;-10.7439001027079;26.797199736197;0.244197458066237;7.66197529980267
9663921751.05079;8.75001471467789;-0.015425689661938;-8.6894399655467;-10.730411573923;26.8378182964169;0.24421683570521;7.66197529674269
9663921751.30124;8.75001471520719;-0.0154256896571457;-8.6750143318887;-10.7181740037595;26.879347521568;0.243365521663545;7.66197529345898
9663921751.54982;8.75001471575028;-0.0154256896522692;-8.66059840202826;-10.7073539331923;26.920855476163;0.241731543652818;7.66197529001031
9663921751.79598;8.75001471630614;-0.0154256896473332;-8.64625281325743;-10.6978570957979;26.9621666174247;0.239414530852856;7.66197528640173
9663921752.04066;8.75001471687716;-0.0154256896423323;-8.63194970357883;-10.6895486242014;27.0033602910834;0.236493326667143;7.66197528261704
9663921752.28364;8.75001471746307;-0.0154256896372833;-8.61772384178272;-10.6823517834311;27.0443355427147;0.233049606515196;7.66197527865651
9663921752.52479;8.75001471806381;-0.0154256896322006;-8.60359917320665;-10.6761884602549;27.0850226205306;0.229160581485763;7.66197527451962
9663921752.76281;8.75001471867611;-0.0154256896271234;-8.58966327510178;-10.6710014015597;27.1251684872586;0.22492323334928;7.6619752702283
9663921752.99535;8.75001471929331;-0.0154256896221144;-8.57606091246226;-10.6667323031445;27.1643553603085;0.220459091069654;7.66197526583008
9663921753.22166;8.75001471991258;-0.0154256896172002;-8.56283593375618;-10.6632736704954;27.2024562346306;0.215859110696557;7.66197526134808
9663921753.44142;8.75001472053192;-0.0154256896123983;-8.55000663253552;-10.660516259042;27.239417846637;0.211197219004278;7.66197525680043
9663921753.65414;8.75001472114884;-0.0154256896077268;-8.53759445886683;-10.6583635964935;27.2751779707072;0.206537281023004;7.66197525220891
9663921753.85928;8.75001472176036;-0.0154256896032051;-8.52562649926865;-10.656735257137;27.309658272831;0.201933097909986;7.66197524760006
9663921754.05607;8.75001472236275;-0.0154256895988555;-8.51413830453463;-10.6555688565827;27.342756155288;0.19742935985291;7.66197524300666
9663921754.24345;8.75001472295095;-0.015425689594707;-8.50318513835122;-10.6548167722974;27.3743123241006;0.193068571834802;7.66197523847226
9663921754.42013;8.75001472351897;-0.0154256895907916;-8.49283813412427;-10.6544335053196;27.4041218210574;0.188895024284843;7.661975234049
9663921754.58578;8.75001472406356;-0.0154256895871204;-8.4831180290005;-10.654369428364;27.4321249128053;0.184930289834045;7.66197522976843
9663921754.74194;8.75001472458792;-0.015425689583661;-8.47393876734231;-10.6545768263811;27.4585695389827;0.181150630426773;7.66197522561187
9663921754.89184;8.7500147251016;-0.0154256895803437;-8.46511812443375;-10.6550248825502;27.4839806858693;0.177489586062506;7.6619752215086
9663921755.04086;8.75001472562266;-0.0154256895770512;-8.4563496863637;-10.6557113099534;27.5092410761313;0.173826900225716;7.66197521731729
9663921755.20083;8.75001472619423;-0.015425689573525;-8.44695069561699;-10.6567098617616;27.5363175337919;0.169881737788831;7.66197521269097
9663921755.37726;8.75001472683983;-0.0154256895696484;-8.43661667652266;-10.6581299101219;27.5660870447886;0.165524349413622;7.66197520743286
9663921755.56794;8.75001472755566;-0.0154256895654774;-8.4254987527516;-10.6600685901453;27.5981141341099;0.160808710340132;7.66197520156278
9663921755.76645;8.7500147283209;-0.0154256895611601;-8.41399247185214;-10.6625811972919;27.6312592990876;0.155887737167112;7.66197519524091
9663921755.97231;8.75001472913637;-0.0154256895567161;-8.4021476129834;-10.6657806310138;27.6653791288984;0.150766067879402;7.66197518845326
9663921756.18587;8.75001473000647;-0.0154256895521481;-8.38997019845119;-10.6698083844509;27.7004562575737;0.145428236049687;7.66197518115718
9663921756.40273;8.75001473091517;-0.0154256895475619;-8.37774040964195;-10.6747075987913;27.7356836083909;0.139981835983036;7.66197517347933
9663921756.62276;8.75001473186357;-0.0154256895429709;-8.3654900636216;-10.6805792996144;27.770969521445;0.134431735640271;7.66197516540673
9663921756.84687;8.75001473285731;-0.0154256895383692;-8.3531967760059;-10.687548933555;27.8063784319559;0.128763351300498;7.66197515688774
9663921757.07419;8.75001473389414;-0.0154256895337881;-8.34093789138991;-10.6956782864724;27.8416874969786;0.123014175308079;7.66197514793742
9663921757.30251;8.75001473496485;-0.0154256895292842;-8.32885749261513;-10.7049409421041;27.8764816556028;0.117261247521096;7.66197513863141
9663921757.53248;8.75001473607337;-0.0154256895248554;-8.31693959105516;-10.7153932177367;27.910806904756;0.11151127089293;7.66197512893394
9663921757.76461;8.750014737223;-0.0154256895205038;-8.30517781106083;-10.727085426371;27.9446815557809;0.105777074058561;7.66197511881422
9663921757.99838;8.75001473841197;-0.0154256895162501;-8.29361479589524;-10.7400147592758;27.9779827579872;0.100095933646551;7.6619751082858
9663921758.23264;8.75001473963481;-0.0154256895121238;-8.28231622735802;-10.7541318328822;28.0105213443223;0.0945160550675291;7.661975097395
9663921758.46786;8.75001474089434;-0.0154256895081245;-8.27126283069354;-10.769482279007;28.0423528424172;0.0890420194644495;7.66197508611642
9663921758.7043;8.75001474219236;-0.0154256895042554;-8.26044348647521;-10.7861172873003;28.073509303427;0.0836802374335976;7.66197507443305
9663921758.94181;8.75001474352843;-0.0154256895005262;-8.24986303482066;-10.8040762239362;28.1039768302147;0.0784430713470164;7.66197506234785
9663921759.17952;8.75001474489769;-0.015425689496956;-8.23955413967728;-10.8233526190951;28.133661419681;0.073354671596647;7.66197504990397
9663921759.41766;8.75001474630159;-0.0154256894935458;-8.22949586233765;-10.8440446212221;28.1626234304986;0.0684107496163159;7.6619750370881
9663921759.65654;8.75001474774208;-0.0154256894902957;-8.21966457549945;-10.8662886924249;28.1909309602879;0.0636041277302246;7.66197502388236
9663921759.89613;8.75001474921925;-0.0154256894872108;-8.21004995045295;-10.8902288155679;28.2186138126667;0.0589327640725967;7.66197501028573
9663921760.13617;8.7500147507315;-0.0154256894842982;-8.20065419811344;-10.9160006442082;28.2456656842445;0.0544008102800521;7.66197499631251
9663921760.37932;8.75001475229642;-0.0154256894815322;-8.19138072029995;-10.9440274101035;28.2723647379837;0.0499707013804173;7.66197498180069
9663921760.6305;8.75001475394809;-0.015425689478872;-8.18206992495354;-10.9750708104478;28.2991704616365;0.0455798424491885;7.66197496643365
9663921760.89098;8.75001475569813;-0.0154256894763234;-8.17272756907637;-11.0094737896913;28.3260662719808;0.0412515286053296;7.66197495009835
9663921761.16222;8.75001475756013;-0.015425689473893;-8.16336113335421;-11.0476584553497;28.3530306385793;0.0370085581364997;7.66197493266228
9663921761.44692;8.75001475955743;-0.0154256894715802;-8.15395112136762;-11.0902627556407;28.380119701956;0.032862650543947;7.66197491390107
9663921761.74974;8.75001476172885;-0.0154256894693783;-8.14443534946163;-11.1383756183292;28.4075124900529;0.0288066620351811;7.66197489344346
9663921762.07789;8.75001476413528;-0.0154256894672778;-8.13471005799306;-11.1937707587922;28.4355077021402;0.0248199147785102;7.66197487070705
9663921762.44739;8.75001476690922;-0.0154256894652476;-8.124506664346;-11.2600684414679;28.464878457561;0.0208327957829414;7.66197484443064
9663921762.89067;8.75001477032398;-0.0154256894632437;-8.11331762201137;-11.3448044412127;28.4970856588455;0.0167229783929774;7.66197481201364
9663921763.51427;8.75001477528317;-0.0154256894611432;-8.09949470949241;-11.4725681900862;28.5368733724547;0.0120874003726925;7.66197476489343
9663921764.65569;8.75001478478448;-0.0154256894589838;-8.07966613684303;-11.723121456273;28.5939461988661;0.00649858458818064;7.66197467471901
9663921767.60657;8.75001481092941;-0.0154256894573121;-8.05256348037783;-12.2468059421714;28.6719541930286;0.00183322103713848;7.66197442604573
9663921783.25706;8.75001495900658;-0.0154256894516433;-8.02403972400117;-12.4410297043042;28.7540500694202;0.00110080158024031;7.66197300163876
9663921904.41608;8.75001621048552;-0.0154256893988076;-7.98593221607877;-12.3604284509445;28.86371434375;0.00121858543488435;7.66196100686929
9663922894.28593;8.75002755402442;-0.0154256887868465;-7.94082953111078;-12.2088542797893;28.9933663870982;0.00156413377866079;7.66185148913573
9663931373.07868;8.75014368536358;-0.0154256816152094;-7.86338458586173;-12.0727157169758;29.2146265700912;0.00180413573293897;7.66075285152991
9663976390.00284;8.75101736405974;-0.0154256223960924;-7.7120240719842;-11.8809138904632;29.6386964783437;0.00200895070734342;7.65301522643397
9664144519.69536;8.7592116795543;-0.0154250028338639;-7.3121317377298;-11.4335594855334;30.7054454150447;0.00232160138329475;7.5967345120233
9664682191.96132;8.89938881237846;-0.0154128636040951;-6.58384046271707;-10.6463265036823;31.3105353641563;0.00271146780729877;6.60046210627714
9666171085.20323;9.03667916311191;-0.0153884690912157;-7.03522354414651;-10.7855714083094;28.4541280513869;0.00505588768265096;5.56001405326102
9670080848.77618;9.16897522630642;-0.0153607487400532;-7.47060357515412;-11.149351768364;27.8592032111707;0.00583741403540853;5.99978776237713
9681000485.14421;9.31699152359636;-0.0153280131657245;-7.86789864039074;-11.5231882114847;27.3258820304112;0.00604344561161819;6.4074808760606
9719506134.90678;9.50912198077273;-0.0152849904596783;-8.30192824011584;-11.9518267330738;26.7449116692699;0.00598883950982925;6.85398074750067
9816194323.28031;9.72577746580443;-0.015237906682798;-8.64960373455049;-12.3125021300137;26.2817636773889;0.00571157797747827;7.21313727461098
9967276576.53825;9.92996375849503;-0.0151955994021073;-8.86918686938344;-12.5527983414622;25.9913887964271;0.00538540059109501;7.44139984792758
10168421338.2639;10.1234539883617;-0.0151577708220754;-9.01684968646429;-12.725688687498;25.7974744358382;0.00504357159009752;7.5958037764588
10408545898.7223;10.3083414755109;-0.0151234991122715;-9.11352906301745;-12.845500811132;25.6741996001041;0.00475910366737055;7.69936011019568
10666648787.1966;10.4828604291824;-0.0150931403073809;-9.16995026432661;-12.9295081937796;25.6047870112497;0.00445413358713926;7.76148468683683
10933807543.3841;10.6505765287363;-0.0150654228525797;-9.20219465905845;-12.9840160648522;25.5667341965085;0.00422526401097186;7.79806830234035
11202133603.9382;10.8134860941601;-0.0150400277242142;-9.21671626941658;-13.0239124421659;25.5518186196376;0.00398314065923516;7.8160286780554
11459255810.8123;10.9679873531597;-0.0150170169118507;-9.22120756422146;-13.0482076358971;25.5486734827824;0.00380511935924597;7.82256435764118
11703385138.5623;11.1151901089679;-0.0149960780279699;-9.21970401464661;-13.0666664267516;25.5527870237443;0.00363476103001597;7.82242134365875
11938388153.9989;11.2584799103653;-0.0149764329890934;-9.21485815421245;-13.0778205423532;25.5608025421162;0.00350438729594317;7.81845790105223
12163711691.5953;11.3980709055421;-0.0149579123963589;-9.20794915762184;-13.0851516793097;25.5711672311626;0.00339272009225394;7.8120964783855
12378429891.0884;11.5335625057548;-0.0149404106729133;-9.19995648474839;-13.088788039722;25.5827578457559;0.00330457646147794;7.80447016156479
12585631182.8927;11.6669593033607;-0.0149235076756201;-9.19124705490439;-13.0884287367868;25.5951365278673;0.00324321521366485;7.79599201195134
12784376372.4081;11.7976428845789;-0.0149071902071193;-9.18207559841259;-13.0856438426617;25.6080969001615;0.00319748900848096;7.78701400448347
12974346947.5349;11.9252885403365;-0.0148913644686946;-9.17268029874998;-13.0793223543072;25.6212713569811;0.00317657139365292;7.7777485709619
13153977169.8578;12.0486353325707;-0.0148761036052706;-9.16325154773052;-13.070800301728;25.6344627938884;0.00317157851095107;7.7684301543361
13324830380.761;12.1685406670016;-0.0148612108288605;-9.1537846403374;-13.0596474757015;25.647700100311;0.00318555854783076;7.75906900906662
13486874587.0079;12.2847724816211;-0.0148466439184187;-9.14430848972134;-13.0462660576466;25.6609376802659;0.00321599195767581;7.74969027243838
13640351734.2626;12.3972762242925;-0.0148323873569713;-9.13487674778575;-13.0320289279062;25.6741111957323;0.00325344326489422;7.74035413331344
13783808867.6676;12.5047208377006;-0.014818570948664;-9.12553750080867;-13.0163269892388;25.6872203747279;0.00330314488292475;7.7311528840256
13916251819.1018;12.6060852959907;-0.0148051963657719;-9.11614314648146;-12.9957486035214;25.7005593083351;0.00339107283401877;7.72199917178501
14039210347.4902;12.7022813445618;-0.0147920858058412;-9.10660142376863;-12.9721374166351;25.7141038426506;0.00350457533859405;7.71269943235118
14155657292.1543;12.7953284192509;-0.0147793007409098;-9.0974253741188;-12.9594251599807;25.7266628181889;0.00353495320190157;7.7034444067936
14266712650.4645;12.8856565642586;-0.0147674765454612;-9.08971642607791;-12.9727679178643;25.7364768706481;0.00336897356467166;7.69517670609329
14370923859.384;12.9716687784798;-0.0147572283308585;-9.08335430613456;-13.0072662228596;25.7447446887874;0.00306744420952651;7.68846594034831
14458517840.3944;13.0452387316345;-0.0147485965333493;-9.0757737852929;-13.0063730209933;25.7571299570738;0.00302202625764759;7.68216317168902
14516605209.5457;13.0952578856798;-0.0147406624183692;-9.06494536478685;-12.8645832172695;25.7776420356548;0.00408888914116967;7.6750444296349
14540316933.4572;13.1161306594669;-0.0147353375897003;-9.05538296322233;-12.6486574910796;25.7976071486483;0.0065811970912573;7.66999512094245
14545742881.3638;13.1209581618425;-0.0147336288857003;-9.05075312369869;-12.5018087837521;25.8084996253721;0.00913496941367388;7.6683698352905
14546226854.5619;13.1213901637553;-0.0147334527649854;-9.04933564181859;-12.4390108719592;25.8123256478952;0.0105232988821532;7.66820058375353
14546256388.8709;13.12141657721;-0.0147334409851662;-9.04850160602007;-12.3991881899381;25.8147092805102;0.0115127918984676;7.66818955021316
14546258861.5942;13.1214187930453;-0.0147334399074614;-9.04763804938172;-12.3606757239777;25.8171928820327;0.0125565793310611;7.66818858039962
14546259080.468;13.1214189895919;-0.0147334398035074;-9.04672819729646;-12.3233523139349;25.8198109810341;0.0136561708638972;7.66818849023451
14546259102.9522;13.1214190098288;-0.0147334397918657;-9.04573358388;-12.2858611637226;25.8226730645395;0.0148550328634911;7.66818848048976
14546259107.7359;13.1214190141461;-0.0147334397891463;-9.0445536808198;-12.245292695882;25.8260682859136;0.0162674424854727;7.66818847829342
14546259110.2234;13.1214190163982;-0.0147334397875847;-9.04316868039313;-12.2021920260755;25.8300536022043;0.0179102629389704;7.66818847707684
14546259111.9763;13.1214190179911;-0.0147334397863641;-9.04156513704394;-12.1571962106674;25.8346676612333;0.019795742935918;7.66818847616004
14546259113.293;13.1214190191927;-0.014733439785346;-9.03976568245136;-12.111697169515;25.8398452960249;0.0218956792332311;7.66818847542029
14546259114.3437;13.1214190201558;-0.0147334397844442;-9.03777617475837;-12.0663370650786;25.8455696043867;0.0242005489638006;7.66818847478452
14546259115.2441;13.1214190209854;-0.014733439783585;-9.03553861912592;-12.0203335494961;25.8520073952399;0.0267731419810826;7.668188474196
14546259116.0261;13.1214190217101;-0.014733439782756;-9.03307914196838;-11.9747082356343;25.8590834326204;0.0295790372097891;7.6681884736425
14546259116.7166;13.121419022354;-0.0147334397819445;-9.03040677074576;-11.9298694359912;25.8667716780076;0.0326046516395973;7.66818847311271
14546259117.3405;13.1214190229395;-0.014733439781133;-9.02751073329749;-11.8857753141656;25.8751030495318;0.0358605963292735;7.66818847259355
14546259117.9364;13.1214190235031;-0.0147334397802729;-9.02425031915328;-11.8406751302463;25.8844822387297;0.0395015985697172;7.66818847205457
14546259118.4777;13.1214190240191;-0.0147334397794098;-9.0208131484466;-11.797383042297;25.8943694176076;0.0433147134493423;7.66818847152211
14546259118.9632;13.1214190244856;-0.0147334397785599;-9.01729285432448;-11.7567780909402;25.904495200036;0.0471943378299691;7.66818847100429
14546259119.433;13.1214190249411;-0.0147334397776561;-9.01343300160185;-11.7158761709985;25.9155971162051;0.0514183398467263;7.66818847046152
14546259119.8708;13.1214190253696;-0.0147334397767336;-9.00937857426755;-11.6763252676174;25.9272580467371;0.0558225789702912;7.66818846991376
14546259120.2895;13.1214190257834;-0.0147334397757683;-9.00503047951289;-11.6371726830138;25.9397628914543;0.0605095326298001;7.66818846934699
14546259120.6918;13.1214190261853;-0.0147334397747537;-9.00035468851048;-11.5982492733998;25.9532093804756;0.0655083235822392;7.66818846875746
14546259121.0903;13.1214190265883;-0.014733439773652;-8.99517221399526;-11.5583578730482;25.9681120452754;0.0709994063243649;7.66818846812446
14546259121.4677;13.1214190269748;-0.0147334397725101;-8.98968506640377;-11.5192669166733;25.983889793135;0.0767577640550888;7.66818846747396
14546259121.833;13.121419027354;-0.0147334397713012;-8.98376514007722;-11.4801574239907;26.0009108012327;0.0829079692168928;7.66818846679126
14546259122.1876;13.1214190277276;-0.0147334397700163;-8.97736214422403;-11.4408874172445;26.0193194329557;0.0894892070436071;7.6681884660717
14546259122.5322;13.1214190280964;-0.0147334397686488;-8.9704331055189;-11.4014022791067;26.0392389756732;0.0965292904297845;7.66818846531199
14546259122.864;13.1214190284577;-0.0147334397672073;-8.96301025200694;-11.3620496147707;26.0605765136561;0.10397876533039;7.66818846451679
14546259123.1898;13.1214190288191;-0.0147334397656557;-8.95495169954018;-11.3221874993295;26.0837395288784;0.11197834768992;7.66818846366724
14546259123.5137;13.1214190291858;-0.0147334397639623;-8.9461997834531;-11.2816432593319;26.1088932170718;0.120599355295568;7.66818846274709
14546259123.8321;13.121419029554;-0.0147334397621344;-8.93687768249638;-11.2411199991801;26.1356830709813;0.129715399766429;7.66818846176093
14546259124.1407;13.1214190299189;-0.0147334397601944;-8.92720046831552;-11.2015208082752;26.1634906551784;0.139115443890467;7.6681884607206
14546259124.4448;13.121419030287;-0.0147334397581024;-8.91707142188275;-11.1624188991867;26.1925936547713;0.148878172165028;7.66818845960631
14546259124.7434;13.1214190306572;-0.0147334397558593;-8.9065960168051;-11.1242169928228;26.22268886546;0.158875249661313;7.66818845841894
14546259125.033;13.1214190310253;-0.0147334397534914;-8.89594980851818;-11.0875310925127;26.2532720875993;0.168889307749579;7.6681884571722
14546259125.3257;13.121419031407;-0.0147334397508883;-8.88470435973199;-11.0509708668848;26.2855743680485;0.179246615480931;7.66818845581044
14546259125.6191;13.1214190318;-0.0147334397480547;-8.8729449330049;-11.0150035512775;26.3193511920513;0.189765194905591;7.66818845433593
14546259125.903;13.1214190321909;-0.0147334397450887;-8.86109656242491;-10.9809773418316;26.353382494519;0.199965736037362;7.66818845279646
14546259126.1783;13.1214190325806;-0.0147334397419912;-8.84917428444085;-10.9488712672743;26.3876260938078;0.209750661314271;7.66818845119062
14546259126.4536;13.1214190329813;-0.0147334397386653;-8.83684757713509;-10.9178269316847;26.4230324992701;0.219282161962891;7.6681884494672
14546259126.7303;13.1214190333963;-0.0147334397350825;-8.82406552302896;-10.8878546876274;26.4597494265488;0.228452840617887;7.66818844760789
14546259127.0082;13.1214190338259;-0.0147334397312392;-8.81086466868863;-10.8591869347691;26.4976736518851;0.23707484805987;7.6681884456054
14546259127.2786;13.1214190342567;-0.014733439727266;-8.79769366680369;-10.832819160943;26.5355179149238;0.244738376282109;7.66818844351933
14546259127.548;13.1214190346994;-0.0147334397230752;-8.78426873748492;-10.8081541674325;26.5740991046458;0.251520345176758;7.66818844129776
14546259127.8104;13.1214190351441;-0.014733439718778;-8.77092603233084;-10.7857556732337;26.6124523997191;0.257190697791436;7.66818843898992
14546259128.0713;13.1214190356002;-0.0147334397142974;-8.75741512504143;-10.7651116876222;26.6512984875787;0.26183144993687;7.66818843654687
14546259128.3314;13.1214190360694;-0.0147334397096311;-8.74372071497151;-10.7461491869195;26.6906821154322;0.265418506415497;7.66818843395661
14546259128.5917;13.1214190365543;-0.0147334397047704;-8.72980939309603;-10.7287617422437;26.7306998062637;0.267952602517899;7.66818843120217
14546259128.8503;13.1214190370519;-0.0147334396997623;-8.715802615023;-10.7130068549854;26.7710021616182;0.269438957310701;7.66818842829711
14546259129.1093;13.1214190375667;-0.0147334396945788;-8.70161391678599;-10.6986762459603;26.8118375988219;0.269938139960056;7.66818842521223
14546259129.3652;13.1214190380923;-0.014733439689304;-8.68746001171933;-10.6858570835142;26.8525816935357;0.269518744384169;7.66818842198403
14546259129.6212;13.1214190386356;-0.0147334396838849;-8.67319311312875;-10.6742834177851;26.8936589752031;0.268262266072294;7.66818841856793
14546259129.8737;13.1214190391893;-0.0147334396784102;-8.65903661853323;-10.6640137088299;26.934425275612;0.266275140643737;7.66818841500695
14546259130.1263;13.1214190397615;-0.0147334396728182;-8.64482569488908;-10.654818108287;26.975354297084;0.263617807721521;7.66818841124948
14546259130.3795;13.1214190403544;-0.0147334396671047;-8.63054618777954;-10.6466154861448;27.0164860058865;0.260351186936619;7.6681884072778
14546259130.6289;13.1214190409575;-0.0147334396613851;-8.61647215384879;-10.6394764287413;27.0570301069285;0.256611343239165;7.66818840315976
14546259130.876;13.1214190415747;-0.0147334396556352;-8.60252631587283;-10.6332639125649;27.0972083103786;0.252456730394988;7.66818839886938
14546259131.1203;13.1214190422042;-0.0147334396498822;-8.5887547037354;-10.6279094252378;27.136887182316;0.247973520414234;7.66818839441799
14546259131.3606;13.1214190428434;-0.0147334396441613;-8.57521816067775;-10.623342099323;27.1758906463738;0.243253920037683;7.66818838982624
14546259131.5952;13.1214190434865;-0.0147334396385273;-8.56202082687916;-10.6194957230376;27.213917935054;0.238405447480715;7.66818838513572
14546259131.8234;13.1214190441309;-0.0147334396330057;-8.54919603191228;-10.616279640407;27.2508724217847;0.233505332046482;7.66818838036923
14546259132.0448;13.1214190447743;-0.0147334396276153;-8.53676259274894;-10.6136099334931;27.2866994389735;0.228614444280412;7.66818837554716
14546259132.259;13.121419045414;-0.0147334396223756;-8.52474224945503;-10.6114181749981;27.3213360372125;0.223782441298702;7.66818837069337
14546259132.4652;13.1214190460465;-0.0147334396173101;-8.51316659101018;-10.6096533320222;27.3546910155315;0.219050915478465;7.66818836583831
14546259132.6626;13.1214190466678;-0.0147334396124453;-8.50207501588033;-10.6082800228589;27.3866507794042;0.21445388436881;7.6681883610189
14546259132.8501;13.1214190472726;-0.014733439607812;-8.49151937755285;-10.607270962464;27.41706591434;0.210024225205087;7.66818835627983
14546259133.0266;13.1214190478549;-0.0147334396034458;-8.48156891318415;-10.6065971557075;27.4457369473586;0.205800608260775;7.66818835167501
14546259133.1924;13.1214190484136;-0.0147334395993422;-8.47220786135355;-10.6062196553179;27.4727093313051;0.201785380116362;7.66818834721882
14546259133.3492;13.1214190489532;-0.0147334395954583;-8.46333814244003;-10.6060996863382;27.498265699932;0.197944646284242;7.66818834288201
14546259133.5012;13.1214190494867;-0.0147334395916941;-8.45473481113308;-10.6062086719611;27.5230541989374;0.194188167985425;7.66818833856367
14546259133.657;13.1214190500447;-0.0147334395878394;-8.44592382830993;-10.6065499516207;27.5484406218653;0.190314070133868;7.66818833401894
14546259133.8242;13.1214190506568;-0.0147334395837076;-8.43648713576376;-10.6071751595738;27.5756293939786;0.186139014343341;7.66818832900391
14546259134.0086;13.121419051348;-0.0147334395791623;-8.42612119209787;-10.6081872924356;27.6054949400802;0.181522070952464;7.66818832330665
14546259134.2028;13.1214190520945;-0.014733439574391;-8.41526085254121;-10.6096497597557;27.6367842950288;0.176643882519852;7.66818831711283
14546259134.4043;13.1214190528891;-0.0147334395694643;-8.40406995114682;-10.6116389098792;27.6690254096704;0.171563502341465;7.66818831047433
14546259134.6126;13.1214190537325;-0.0147334395644012;-8.39259455951455;-10.6142481594922;27.7020855306892;0.166287217335242;7.66818830337817
14546259134.8275;13.1214190546269;-0.0147334395592156;-8.38086848014679;-10.6175781840863;27.7358672440225;0.160817033247865;7.66818829580178
14546259135.0454;13.1214190555581;-0.0147334395540094;-8.36912426204934;-10.6216559501023;27.7697005654791;0.155252824079023;7.66818828785764
14546259135.2661;13.1214190565274;-0.0147334395487938;-8.35738658542535;-10.6265424539397;27.8035143573192;0.149604213596957;7.66818827953211
14546259135.4904;13.1214190575394;-0.0147334395435636;-8.34564187963179;-10.6323075394699;27.8373476519209;0.143867333211943;7.66818827078242
14546259135.7182;13.1214190585952;-0.0147334395383338;-8.3339212519347;-10.6389925480102;27.8711107577362;0.138064804120749;7.66818826159602
14546259135.9468;13.1214190596836;-0.0147334395331738;-8.32237750399722;-10.6465390180404;27.9043634359634;0.132285001214455;7.66818825206522
14546259136.1765;13.1214190608059;-0.0147334395280901;-8.31101904088711;-10.6549452978053;27.9370814278111;0.126547851647937;7.6681882421789
14546259136.4078;13.1214190619658;-0.0147334395230781;-8.29982712292414;-10.664227829411;27.9693186761495;0.120859607840257;7.66818823190269
14546259136.6409;13.1214190631645;-0.0147334395181447;-8.28880756877649;-10.6743859774311;28.0010583975441;0.115238086594251;7.66818822122399
14546259136.8751;13.121419064399;-0.0147334395133129;-8.27800009779493;-10.6853827273761;28.0321861874373;0.109717104922263;7.66818821016861
14546259137.1094;13.1214190656648;-0.0147334395086071;-8.26744546255642;-10.697167486009;28.0625846972497;0.104329144376887;7.66818819877506
14546259137.3445;13.1214190669654;-0.0147334395040204;-8.25711313555698;-10.7097669875133;28.0923418924544;0.0990681591862282;7.66818818701181
14546259137.5806;13.1214190683024;-0.0147334394995545;-8.24698891907605;-10.7232017441403;28.1214987098011;0.0939346101373168;7.66818817486411
14546259137.8176;13.121419069675;-0.0147334394952179;-8.23707462115591;-10.7374790292612;28.1500499961778;0.0889354204182744;7.66818816233815
14546259138.0547;13.12141907108;-0.0147334394910255;-8.22738624181048;-10.7525879881549;28.1779497377938;0.0840828926008864;7.66818814946372
14546259138.292;13.1214190725167;-0.0147334394869822;-8.21791623375777;-10.7685578470574;28.2052197379386;0.0793757559172113;7.66818813624505
14546259138.5298;13.1214190739878;-0.0147334394830846;-8.2086386857815;-10.7854628563631;28.2319346779925;0.0748025615075009;7.66818812265948
14546259138.7693;13.1214190755006;-0.0147334394793184;-8.19950974274397;-10.8034111530252;28.2582208889336;0.0703466475266318;7.6681881086376
14546259139.0156;13.1214190770891;-0.0147334394756155;-8.19035818090423;-10.8227877224065;28.2845714106018;0.0659356149291169;7.66818809386665
14546259139.271;13.1214190787725;-0.0147334394719549;-8.18113380908717;-10.8437748705012;28.3111307414394;0.0615624866892311;7.66818807816256
14546259139.537;13.121419080563;-0.0147334394683372;-8.17185123137149;-10.8664029125129;28.3378568118275;0.0572552506675164;7.66818806140718
14546259139.8157;13.1214190824801;-0.0147334394647531;-8.16250054264793;-10.8907667474084;28.3647781344858;0.0530289693175864;7.66818804341226
14546259140.1104;13.1214190845518;-0.0147334394611853;-8.15305892215626;-10.9169855922646;28.3919604095751;0.0488954796339007;7.66818802390752
14546259140.428;13.1214190868349;-0.0147334394575843;-8.14341233328292;-10.9454945827853;28.4197319432475;0.0448267990019609;7.66818800235169
14546259140.7783;13.1214190894108;-0.0147334394538898;-8.13343171234404;-10.9768112008518;28.4484642669196;0.0408018014679426;7.66818797796532
14546259141.1887;13.1214190925055;-0.0147334394499035;-8.12262811384801;-11.0126806693393;28.4795648636328;0.0366843470984755;7.66818794860006
14546259141.7196;13.1214190966253;-0.0147334394452425;-8.1100867820547;-11.0564799171742;28.5156667988401;0.0322619338429222;7.6681879094455
14546259142.6005;13.1214191037405;-0.0147334394385422;-8.09273673399343;-11.118833999728;28.5656094892362;0.0268996252107404;7.66818784186741
14546259144.4689;13.121419119702;-0.0147334394266332;-8.06840499006452;-11.1956031459479;28.6356461396429;0.0213652919244424;7.66818769026768
14546259152.2678;13.1214191910988;-0.0147334393791688;-8.03835666850288;-11.215667129074;28.7221326911766;0.0190944091229974;7.66818700658669
14546259205.9555;13.1214197188634;-0.0147334390278878;-8.00743438870789;-11.184219930034;28.8111265350234;0.0191767363976183;7.66818192857744
14546259648.6965;13.1214245477535;-0.0147334357742641;-7.96230240543166;-11.1337824072392;28.9409569756522;0.0194999225218623;7.66813537207927
14546263315.1164;13.1214704151437;-0.0147334046665724;-7.90273817539289;-11.0713744188339;29.1117407770571;0.0197438540514806;7.66769724762511
14546288186.2829;13.1218751767499;-0.0147331285064794;-7.78849684469185;-10.9545352351266;29.4350104066992;0.0200828712140451;7.66399354400962
14546391041.0777;13.1248842315049;-0.014731059194657;-7.5337944515293;-10.6963986031078;30.132058594279;0.0207216651607753;7.63991078979373
14546738686.221;13.1870708497238;-0.014687932618625;-6.74743922652661;-9.90639118716686;31.9050130595858;0.0221262067454762;7.31227938847089
14547749706.9642;13.34393920453;-0.014572443722965;-6.80922472432023;-9.94221983761733;28.9628832960192;0.0213229201716388;5.46533127064129
14550431587.1453;13.4751976772777;-0.0144711186687357;-7.31031202415053;-10.4227225260376;28.0741104587723;0.0216718258648411;5.83513179579524
14557540472.0851;13.6141580415724;-0.0143634998048451;-7.70891054107798;-10.8199130820725;27.5392855883765;0.0213279998395467;6.24432681256035
14580219887.0585;13.7847301069506;-0.0142328006973653;-8.12372393936687;-11.2393592256528;26.9831332090848;0.0206755509445044;6.67045421767752
14652613963.4747;13.9990802269445;-0.0140731691045221;-8.52857930090767;-11.6565841847108;26.4426835031381;0.0196924904300308;7.08792300109551
14783122096.0722;14.2094892810766;-0.0139216576147612;-8.79257315147143;-11.9351920070371;26.0924415020026;0.0187886623975071;7.36159052926484
14965287473.8959;14.4070791895073;-0.0137844346876911;-8.96470107892446;-12.1230391599657;25.8656819633859;0.0179632888029036;7.54109709460741
15192983476.537;14.5959684649654;-0.0136577282198948;-9.08114810560519;-12.2545566221129;25.7147868202292;0.0172494166236999;7.66421350316807
15444673589.5998;14.7737697363466;-0.0135426222448471;-9.15093129374765;-12.339768287797;25.6280949945021;0.0165912585441041;7.74048893588828
15710551342.009;14.9446479234924;-0.0134356885565924;-9.19199537089679;-12.3955674524677;25.5782892446359;0.0160066118084558;7.78618060387818
15979034167.1036;15.1092315598468;-0.0133361109817147;-9.21252985549912;-12.430754963794;25.5559057157173;0.0154620178004421;7.81071433596473
16244265588.0218;15.2689108730748;-0.0132425325719058;-9.22037631586103;-12.4524493110398;25.5487386537834;0.0149725740142141;7.82101485919351
16493464617.5648;15.4188045677226;-0.0131573502477321;-9.22076298229448;-12.4661968612236;25.5506743561842;0.0145200625748787;7.82305161290174
16731967027.3968;15.5634961500761;-0.0130773846122111;-9.21704950538521;-12.4745893783988;25.5572984742351;0.014124564687514;7.82033604338626
16960680188.4951;15.7042701020172;-0.013001722810522;-9.21076885370822;-12.480414477747;25.5670080163636;0.0137415044732592;7.81474511902846
17179612357.5714;15.8414107486385;-0.0129298655204362;-9.20314338702555;-12.4838387449974;25.578157100768;0.013402132044254;7.80752985360118
17387972942.4726;15.9744827880337;-0.0128618244640735;-9.19472875518628;-12.4860445203197;25.590195543723;0.0130845213257169;7.79939119361238
17589923381.6674;16.106161222125;-0.0127960425053078;-9.18573014868928;-12.4871380008265;25.6029388644754;0.0127903364000564;7.79060047623938
17784351572.9745;16.2357029887231;-0.0127327275462787;-9.17634942075604;-12.4872529059324;25.6161234396364;0.0125201612472807;7.78136974169202
17968787853.1346;16.3612964318458;-0.0126725815789728;-9.16687938777027;-12.4866398406023;25.6293864543212;0.0122737636728782;7.77201968478175
18143377572.5955;16.4828055906115;-0.0126154738813407;-9.15740965297033;-12.4853240157354;25.6426192781682;0.0120516919309577;7.7626500382779
18308364119.9354;16.6001608472165;-0.0125612635944298;-9.14794598679461;-12.4833668283741;25.6558550515198;0.0118512907178009;7.75329404054729
18465160206.4206;16.7141443008904;-0.0125094405361172;-9.13849340694776;-12.4808121797296;25.6690541849195;0.0116705438287566;7.74393488859679
18612637548.3188;16.8236913585891;-0.0124603804227412;-9.12912458393945;-12.4779967538599;25.682160856429;0.0115016299828208;7.73467503373971
18749293629.5629;16.927410473797;-0.0124145090200327;-9.11977015942082;-12.4740869420264;25.6953880943922;0.0113641877166548;7.72552343378273
18875980673.0121;17.0256940040718;-0.0123713992857875;-9.11025145330454;-12.4681568553377;25.7089352407517;0.0112766133131129;7.71626966734624
18994396824.8411;17.1195694490158;-0.01233062155402;-9.10085893524801;-12.462987878912;25.7220349995682;0.0111731693453226;7.70695964620066
19107295422.2148;17.2108153055361;-0.0122918702126239;-9.0924753941452;-12.4644018059714;25.7330531518597;0.0109286094281914;7.69819911168112
19213605827.6117;17.2980830812783;-0.0122562262131226;-9.08572186733677;-12.4745893453429;25.7415931438937;0.0105139993013499;7.69091740591464
19308929221.4742;17.377578876852;-0.012224957499647;-9.07885533641703;-12.4840894834904;25.751848316293;0.0101291792937934;7.68456438601857
19380261426.6877;17.4384285852096;-0.0122004009313242;-9.06902714923959;-12.4631179744287;25.7695673639227;0.0103995920227458;7.6775029931169
19418773347.0909;17.4721788511875;-0.0121843973098319;-9.05731797557472;-12.3813769041617;25.7929409700835;0.0122304358943211;7.67060282736709
19430173266.7901;17.4823372303394;-0.012178502357357;-9.05007737375865;-12.2864214840204;25.8089925926481;0.0149770728660498;7.66740432955125
19431856592.3608;17.4838461644782;-0.0121775106426788;-9.04749783634098;-12.2297813794857;25.8155309907401;0.0169667054044321;7.66681306297099
19431949903.1066;17.4839299833437;-0.0121774521696589;-9.04658988263584;-12.202976136579;25.8180897806721;0.0180110011002883;7.66677709118904
19431957369.5613;17.4839367033001;-0.0121774472140782;-9.04574797602386;-12.1780198779774;25.8205077597004;0.0190411369421564;7.66677407104715
19431958010.1729;17.4839372810212;-0.0121774467641472;-9.04487656573369;-12.1534489090393;25.8230147026338;0.020111043214004;7.66677379958461
19431958073.0521;17.4839373378487;-0.0121774467173904;-9.04394809513578;-12.1286619141333;25.8256861476831;0.0212489781463739;7.66677377167079
19431958081.8147;17.4839373457872;-0.0121774467104665;-9.04290032323823;-12.1022873654183;25.8287008412788;0.0225276307988756;7.66677376757946
19431958085.089;17.4839373487624;-0.0121774467076901;-9.04159671880865;-12.0716377266354;25.8324515596023;0.0241059702282733;7.66677376595957
19431958087.135;17.4839373506279;-0.0121774467058206;-9.04010797742633;-12.0391807422875;25.8367348573478;0.0258919561919567;7.66677376488134
19431958088.6224;17.4839373519894;-0.0121774467043515;-9.03843320425694;-12.0053716866914;25.841553268847;0.0278856088975974;7.66677376404373
19431958089.7695;17.4839373530438;-0.0121774467031249;-9.03658694225553;-11.9708866459236;25.8468649111865;0.0300682511648257;7.66677376335137
19431958090.7314;17.4839373539322;-0.0121774467020078;-9.0345090207785;-11.9350409019172;25.8528428440022;0.032506965103417;7.66677376272736
19431958091.5558;17.4839373546976;-0.0121774467009668;-9.03222432367805;-11.8986796543652;25.8594154193516;0.0351692714897429;7.666773762151
19431958092.2791;17.4839373553731;-0.0121774466999732;-9.029731704636;-11.8620920571334;25.8665858757438;0.0380521112317083;7.66677376160516
19431958092.9456;17.4839373559995;-0.0121774466989741;-9.0269331897804;-11.824232780569;25.8746359705187;0.0412643166681379;7.66677376106102
19431958093.5596;17.4839373565807;-0.0121774466979688;-9.02385481056554;-11.7858503379719;25.8834907157576;0.044774146779119;7.66677376051733
19431958094.1071;17.4839373571028;-0.0121774466969927;-9.02064553773259;-11.7488847226252;25.8927215298946;0.0484103826813099;7.66677375999177
19431958094.6191;17.4839373575949;-0.0121774466959992;-9.01719568695658;-11.7120769337388;25.9026438258901;0.0522953226748205;7.66677375945965
19431958095.0952;17.4839373580563;-0.0121774466949952;-9.01354740893414;-11.6759597138579;25.9131362852795;0.0563777415291657;7.66677375892424
19431958095.5419;17.4839373584932;-0.0121774466939726;-9.00968168130041;-11.6403896530823;25.9242535366854;0.0606733938351016;7.66677375838109
19431958095.9641;17.48393735891;-0.0121774466929249;-9.00557893983831;-11.6052438370264;25.9360517524174;0.0651987045791631;7.66677375782675
19431958096.3707;17.4839373593155;-0.0121774466918305;-9.00115707409929;-11.5699282703994;25.9487669326974;0.0700399018803289;7.66677375725013
19431958096.7584;17.4839373597064;-0.0121774466906989;-8.99645185774421;-11.5348580994063;25.9622960731783;0.075151362126544;7.66677375665613
19431958097.1347;17.4839373600902;-0.0121774466895076;-8.99136482886981;-11.4994602540988;25.9769221391606;0.0806291845265414;7.66677375603326
19431958097.498;17.4839373604656;-0.0121774466882591;-8.98589592379156;-11.4639209939212;25.992645134491;0.0864620259334931;7.66677375538289
19431958097.8493;17.4839373608334;-0.0121774466869484;-8.9800183026915;-11.4282111671071;26.0095420206697;0.0926701446110906;7.66677375470259
19431958098.1901;17.4839373611955;-0.0121774466855673;-8.97368917705813;-11.3922348161396;26.0277355851868;0.0992866247318344;7.66677375398831
19431958098.5232;17.483937361555;-0.012177446684099;-8.96682049643828;-11.3557081294429;26.0474786886332;0.106384426904794;7.66677375323177
19431958098.8464;17.4839373619098;-0.0121774466825481;-8.95942292945922;-11.3188946549174;26.0687403900261;0.113932682196081;7.66677375243544
19431958099.1628;17.4839373622638;-0.0121774466808935;-8.95143175625116;-11.2816441338642;26.0917063930819;0.121980414613905;7.6667737515888
19431958099.4745;17.4839373626192;-0.0121774466791169;-8.94285268689351;-11.2440621056487;26.1163598389296;0.130527862172792;7.66677375068287
19431958099.7793;17.4839373629742;-0.0121774466772228;-8.9337819648411;-11.2066403055963;26.1424237888598;0.139472154544712;7.66677374972003
19431958100.0778;17.4839373633296;-0.012177446675203;-8.92427842242421;-11.1696245542188;26.1697288894566;0.148748670146721;7.66677374869636
19431958100.3718;17.4839373636877;-0.0121774466730388;-8.91434421199981;-11.1330385245004;26.1982687559195;0.1583354936966;7.66677374760302
19431958100.6614;17.4839373640489;-0.0121774466707232;-8.90404140738053;-11.0971263599809;26.2278649693367;0.168142688209492;7.66677374643671
19431958100.9465;17.4839373644133;-0.012177446668252;-8.89342011221219;-11.0620801127214;26.258373705406;0.178076997414789;7.66677374519547
19431958101.2283;17.4839373647828;-0.0121774466656085;-8.88245234953539;-11.0278709673471;26.2898756904005;0.188091822605855;7.66677374387101
19431958101.506;17.4839373651563;-0.0121774466627977;-8.87119259191075;-10.9947338635815;26.322215031483;0.198052879480735;7.66677374246501
19431958101.7804;17.4839373655355;-0.0121774466598074;-8.85962465017516;-10.9626829407325;26.3554390063266;0.207879643880311;7.66677374097026
19431958102.0528;17.4839373659222;-0.0121774466566199;-8.84771646835571;-10.9317056563614;26.3896406657671;0.217492501666775;7.66677373937616
19431958102.3203;17.4839373663127;-0.0121774466532704;-8.83562336215159;-10.9022579609803;26.4243751090791;0.226657517068506;7.66677373769682
19431958102.5881;17.4839373667152;-0.0121774466496895;-8.82313683642563;-10.8739007624895;26.460242578304;0.235412703734953;7.6667737358948
19431958102.8525;17.4839373671243;-0.0121774466459302;-8.81046567228604;-10.8471779794651;26.4966448842674;0.243488569420712;7.66677373399082
19431958103.1159;17.4839373675441;-0.012177446641962;-8.79752852131703;-10.8219546719987;26.5338172847996;0.250826595537094;7.66677373196392
19431958103.3759;17.4839373679713;-0.0121774466378261;-8.7844647870483;-10.7985179403869;26.5713606997846;0.257253114605915;7.66677372982765
19431958103.6349;17.4839373684098;-0.0121774466334964;-8.77119218408268;-10.7767078810485;26.6095128737881;0.262736994279574;7.66677372756062
19431958103.8928;17.4839373688603;-0.0121774466289787;-8.75772695036551;-10.7565352894947;26.6482282042718;0.267214487014262;7.66677372515658
19431958104.1481;17.4839373693204;-0.0121774466243128;-8.74417425630943;-10.7380956767662;26.687204924373;0.270633572212366;7.66677372262614
19431958104.4018;17.4839373697923;-0.0121774466194926;-8.73050473872704;-10.7212545842685;26.7265276600706;0.273018887628971;7.66677371995596
19431958104.6567;17.4839373702819;-0.0121774466144725;-8.71658307974799;-10.7057682682488;26.7665856941113;0.274414962901362;7.66677371710878
19431958104.913;17.4839373707904;-0.0121774466092589;-8.70242512406204;-10.6915866002181;26.8073332736838;0.274847719255437;7.66677371407401
19431958105.1656;17.4839373713082;-0.0121774466039673;-8.68833147758111;-10.6788886536944;26.8479045312988;0.274380484554328;7.66677371090547
19431958105.4157;17.4839373718376;-0.0121774465985904;-8.67427190037977;-10.6674965623932;26.8883854743541;0.273111547835052;7.66677370758883
19431958105.6634;17.4839373723793;-0.012177446593136;-8.66025840705698;-10.6572933077307;26.9287405027025;0.271132226603227;7.66677370411836
19431958105.9114;17.4839373729393;-0.0121774465875606;-8.64617678649493;-10.6481009635678;26.9692976269637;0.26850072271193;7.66677370045469
19431958106.1586;17.4839373735161;-0.0121774465818951;-8.63210206775554;-10.6398945708416;27.009839945827;0.265295270394892;7.6667736966051
19431958106.4039;17.4839373741069;-0.0121774465761813;-8.6181270790052;-10.6326495470617;27.0500992268707;0.261605213350847;7.6667736925862
19431958106.6497;17.4839373747185;-0.0121774465703694;-8.60412109378478;-10.6262297011731;27.0904512861513;0.257458735795803;7.66677368835123
19431958106.893;17.4839373753435;-0.0121774465645418;-8.59026661760588;-10.6206490191667;27.1303695573984;0.252972497269492;7.66677368394819
19431958107.1323;17.4839373759778;-0.0121774465587459;-8.57665410089051;-10.6158531851168;27.1695926492806;0.248247019461565;7.66677367940607
19431958107.3656;17.4839373766153;-0.0121774465530432;-8.5634021648569;-10.6117831993666;27.2077780458098;0.243395218109643;7.66677367477111
19431958107.5924;17.483937377254;-0.0121774465474524;-8.55052782886201;-10.6083442499319;27.2448760986569;0.238489034912114;7.66677367006056
19431958107.8125;17.4839373778916;-0.0121774465419928;-8.53804996262141;-10.6054535988615;27.2808319720916;0.233589853580325;7.66677366529474
19431958108.0254;17.4839373785255;-0.0121774465366842;-8.52598994513067;-10.6030433179079;27.3155837416991;0.228747898637495;7.66677366049731
19431958108.2302;17.4839373791522;-0.0121774465315516;-8.51438184109109;-10.6010630496941;27.3490330584885;0.224006575898471;7.6667736556997
19431958108.4261;17.483937379767;-0.0121774465266248;-8.50327016433705;-10.5994779206336;27.3810515758134;0.219402901696135;7.66677365094098
19431958108.612;17.4839373803649;-0.0121774465219356;-8.49270841237274;-10.5982597572768;27.4114851290697;0.214971665384987;7.66677364626641
19431958108.7869;17.4839373809403;-0.0121774465175165;-8.48275781298209;-10.5973784704179;27.4401573117731;0.2107492022556;7.66677364172592
19431958108.9512;17.4839373814925;-0.0121774465133602;-8.47339516868168;-10.5967936568077;27.4671349988254;0.206735411999687;7.66677363733051
19431958109.107;17.4839373820274;-0.0121774465094128;-8.46449930511815;-10.5964642350541;27.4927673726385;0.202886676226431;7.66677363304001
19431958109.2587;17.4839373825583;-0.0121774465055714;-8.45584077934831;-10.5963579415907;27.5177155491866;0.199110982238187;7.66677362875131
19431958109.4151;17.4839373831172;-0.0121774465016106;-8.44691958420799;-10.5964678459892;27.5434201719309;0.195195411993783;7.66677362420823
19431958109.5839;17.4839373837338;-0.01217744649734;-8.43731495748836;-10.5968370186681;27.5710934787529;0.19095539353561;7.66677361916547
19431958109.7696;17.4839373844289;-0.0121774464926493;-8.42679064001151;-10.5975565884645;27.6014160559931;0.186279650793249;7.66677361344665
19431958109.965;17.483937385179;-0.0121774464877265;-8.41577681339425;-10.5986992656125;27.6331483774941;0.181345973321984;7.6667736072322
19431958110.1674;17.4839373859768;-0.0121774464826448;-8.40444194695623;-10.6003426148377;27.6658050334488;0.176214906656247;7.66677360057564
19431958110.3765;17.4839373868231;-0.0121774464774236;-8.39283317023385;-10.6025776350603;27.6992502260173;0.170892714688151;7.66677359346449
19431958110.5924;17.4839373877212;-0.0121774464720681;-8.38096644739865;-10.6055068375688;27.7334379367781;0.16537251051126;7.66677358586455
19431958110.8111;17.4839373886561;-0.0121774464666891;-8.3690908539656;-10.6091595727698;27.7676505572046;0.159760869860999;7.66677357789692
19431958111.0326;17.4839373896291;-0.0121774464612972;-8.35723014042354;-10.6135950596896;27.8018196299;0.154066530351736;7.66677356954727
19431958111.2574;17.4839373906441;-0.0121774464558902;-8.34537873640481;-10.6188751692012;27.8359611430339;0.148289291015302;7.66677356077898
19431958111.4856;17.4839373917025;-0.0121774464504807;-8.33356272544392;-10.6250394051325;27.8699998764569;0.142449289390622;7.66677355157632
19431958111.7147;17.4839373927944;-0.0121774464451339;-8.32192256543809;-10.6320398825979;27.9035311373022;0.136628672502802;7.66677354202094
19431958111.9449;17.4839373939202;-0.0121774464398607;-8.31047621128266;-10.6398670278546;27.9365031532724;0.130852259855627;7.66677353210912
19431958112.1766;17.4839373950838;-0.0121774464346552;-8.29920362418477;-10.6485329694814;27.9689736086638;0.125125891233893;7.66677352180554
19431958112.41;17.4839373962863;-0.0121774464295246;-8.28811081317551;-10.6580326634781;28.0009251693239;0.119467707688528;7.66677351109786
19431958112.6446;17.4839373975251;-0.0121774464244909;-8.27723424727179;-10.6683300663416;28.0322527880048;0.113910086538604;7.66677350000856
19431958112.8793;17.4839373987955;-0.0121774464195798;-8.26661611677696;-10.6793720778577;28.0628349703915;0.10848647078506;7.66677348857741
19431958113.1148;17.4839374001009;-0.0121774464147845;-8.2562263717589;-10.6911778517749;28.0927583080052;0.103191257013904;7.66677347677374
19431958113.3513;17.4839374014429;-0.0121774464101068;-8.24605153827983;-10.7037598695655;28.1220616539742;0.0980254455049797;7.6667734645841
19431958113.5886;17.4839374028207;-0.0121774464055552;-8.23609234614009;-10.7171199414233;28.1507429605748;0.0929955711456214;7.66677345201393
19431958113.8261;17.483937404231;-0.0121774464011453;-8.22636457569251;-10.7312415523525;28.1787568458317;0.0881139870317148;7.66677343909337
19431958114.0637;17.4839374056735;-0.0121774463968813;-8.21685865787571;-10.7461478386081;28.2061309362836;0.0833785497430986;7.66677342582451
19431958114.302;17.4839374071506;-0.0121774463927598;-8.20754889325803;-10.7618997831515;28.2329393056268;0.0787780460336595;7.66677341218541
19431958114.5418;17.4839374086697;-0.0121774463887659;-8.19839185429394;-10.778586906743;28.2593070564655;0.0742961750700472;7.66677339810752
19431958114.7883;17.4839374102641;-0.012177446384828;-8.18921931806193;-10.796546562053;28.2857185993098;0.0698618323940213;7.66677338328315
19431958115.0439;17.4839374119526;-0.0121774463809235;-8.17998347775534;-10.8159225761455;28.3123115698683;0.065469078868983;7.66677336753302
19431958115.3098;17.4839374137477;-0.0121774463770503;-8.1706959273062;-10.8367256709419;28.3390525639581;0.0611442444858772;7.66677335073552
19431958115.5884;17.4839374156688;-0.0121774463731966;-8.16134732375718;-10.8590142685626;28.3659684753641;0.0569024113818889;7.66677333270481
19431958115.8828;17.4839374177438;-0.0121774463693412;-8.15191371636026;-10.8828673904153;28.3931282577746;0.052754507164391;7.66677331317033
19431958116.1999;17.4839374200293;-0.0121774463654273;-8.14228151608848;-10.9086382128173;28.4208589340887;0.0486721468046942;7.66677329159331
19431958116.5492;17.4839374226047;-0.0121774463613865;-8.13232797015172;-10.9367181843399;28.4495138721189;0.0446359349145541;7.66677326721275
19431958116.9579;17.4839374256936;-0.0121774463569929;-8.12156977623711;-10.9685608953266;28.4804843317173;0.0405094411074084;7.66677323790387
19431958117.484;17.4839374297855;-0.0121774463518145;-8.10913230852171;-11.0068540283885;28.5162878932578;0.036088702716714;7.66677319901451
19431958118.353;17.4839374368171;-0.0121774463442516;-8.09196929088181;-11.0603367209118;28.5656929643353;0.0307239701062329;7.66677313222867
19431958120.1861;17.4839374524969;-0.0121774463304971;-8.06784942722458;-11.12474545491;28.6351205528568;0.0251190371442563;7.66677298331137
19431958127.7277;17.4839375216179;-0.0121774462759022;-8.03785348205676;-11.1403112218605;28.7214568014349;0.0226855192594173;7.66677232162797
19431958179.1255;17.4839380270551;-0.0121774458775147;-8.0072771611982;-11.1106386641798;28.8094552583794;0.0227077206837828;7.66676745769152
19431958603.5884;17.4839426580703;-0.0121774422037403;-7.9621635470778;-11.0627272692375;28.9392357345262;0.0229574335194845;7.66672282383517
19431962111.0145;17.4839864713843;-0.0121774073935981;-7.90338243140461;-11.0032827381533;29.107794763427;0.0231264513495345;7.66630418935038
19431986235.1718;17.4843773150574;-0.0121770970803758;-7.79044906446023;-10.8906518694732;29.4274845309632;0.0233641687905867;7.66272388971324
19432086255.9562;17.4872550299832;-0.0121748149530336;-7.54104248687199;-10.641750381914;30.1106784777161;0.0238788081585624;7.63956870619707
19432426494.1178;17.5461072717264;-0.012128357218713;-6.76202001286872;-9.8647249970538;31.890348540951;0.025174119048303;7.33052571842693
19433416069.2969;17.7044203817206;-0.011999404873401;-6.79593191309316;-9.88501954835829;29.0108588120336;0.023630502132544;5.47182736450818
19436051675.0485;17.8357912927293;-0.0118887601338607;-7.30238123504083;-10.3769496758447;28.0847277242798;0.0236538466564186;5.82697804985031
19443020619.0566;17.9744042900139;-0.0117721143706366;-7.70136302065195;-10.7762980061118;27.5494111396495;0.0231834110199851;6.23658152521398
19465236652.9474;18.1443689519718;-0.0116308992850604;-8.1163078944253;-11.1967854357158;26.9930495999592;0.0224271667139978;6.66282195449823
19536903175.918;18.3588018296832;-0.0114577464375885;-8.52402496050514;-11.6168866965579;26.4487400645551;0.0213571477615809;7.08321502865716
19666450083.2855;18.5691860492608;-0.0112932933508875;-8.78941388836823;-11.8963850202879;26.0966060314679;0.0203991887933074;7.35830119299155
19848223563.5052;18.7672120095536;-0.0111438078920479;-8.96280839425804;-12.0849315734328;25.8681614210055;0.0195273083066387;7.53911756457484
20074998270.3459;18.9559343801468;-0.0110060384474545;-9.07977123098544;-12.2164417066021;25.7165238001332;0.0187733504495578;7.66272979041036
20326306711.2606;19.133803254826;-0.010880590815877;-9.1501071184352;-12.3017446095156;25.6291017446503;0.0180757320195611;7.73958016650271
20592437099.9526;19.3050119198923;-0.0107637978358704;-9.19156872722951;-12.3576777285385;25.5787826321411;0.0174490131524303;7.78569327898971
20860584594.0745;19.4694652832072;-0.0106552821183667;-9.2123309828967;-12.3928810964695;25.556100387429;0.0168633739939318;7.81046541056123
21123499867.8642;19.6277846837325;-0.0105540695554618;-9.22028167997564;-12.4145813945222;25.5487913138727;0.0163331760947647;7.82087147114098
21374552392.9648;19.77878146443;-0.0104605085970682;-9.22079690580475;-12.4286699320265;25.550587561528;0.0158317114360667;7.82306224377666
21614828771.4184;19.9245303367614;-0.0103727694464917;-9.21710587417684;-12.4375176518749;25.557200380049;0.0153851416932951;7.82038225594641
21843822874.0871;20.0654535920635;-0.0102903569984762;-9.21084163126029;-12.4438314832047;25.5668946610134;0.0149516158468878;7.81481265926731
22063248230.7066;20.2028811737378;-0.0102121304317112;-9.20321290861982;-12.4479325426677;25.5780511552304;0.0145595454859563;7.80759605373436
22271895876.3513;20.3361163897208;-0.0101382615935739;-9.19479445826553;-12.450952220372;25.5900973943133;0.0141877712164287;7.79945523096393
22473876352.8815;20.4677927694197;-0.0100670947117468;-9.18580151492092;-12.4530314548355;25.602832922433;0.0138375142846226;7.79067017012611
22668641422.9297;20.5975410511324;-0.00999867260011507;-9.17640945631164;-12.4543145982261;25.6160342134059;0.0135084883543377;7.78142878745247
22853000605.3113;20.7230621619952;-0.00993401024412945;-9.16694799928973;-12.4550132492266;25.6292853591832;0.0132029581491224;7.77208726702615
23027591071.9819;20.8445513542558;-0.00987279439644785;-9.15748288122409;-12.4551566580931;25.6425116417267;0.0129207220628042;7.76272210374523
23192841232.5379;20.962077085932;-0.00981480468107843;-9.14800892647326;-12.4547909130071;25.6557618465671;0.0126591028692028;7.75335593893281
23349773393.8722;21.0761437597468;-0.0097596279208034;-9.13855317836997;-12.4539557589487;25.6689649171107;0.0124166882085118;7.74399330202293
23497373992.4296;21.1857678664637;-0.00970761156898812;-9.12918205116746;-12.4529482291284;25.682074352998;0.0121860770855961;7.73473084114684
23634131685.7168;21.2895506625993;-0.0096591925136238;-9.11982639951477;-12.4509354545919;25.695303366726;0.0119879436924219;7.72557804731654
23760894477.0155;21.3878806072163;-0.00961390464488156;-9.11030599917477;-12.447009910563;25.7088538704091;0.011840738893243;7.71632324699495
23879375707.1593;21.4817965577923;-0.00957126757772651;-9.10091019604404;-12.4438622310979;25.7219590319453;0.011677557303937;7.7070104993968
23992402163.6213;21.5731356506548;-0.00953090475070377;-9.09252341799159;-12.447198535346;25.7329776058257;0.01137142587399;7.69824400120848
24098890184.961;21.6605373979072;-0.00949390749192531;-9.08578064273654;-12.4591312101888;25.7414913552782;0.0108964024971372;7.6909654167741
24194344408.5746;21.7401266056647;-0.00946157948639598;-9.07894096791916;-12.470216237897;25.7516998167862;0.0104599746312722;7.68463281653564
24265673407.7508;21.8009571552984;-0.00943631747676191;-9.06914438989397;-12.4507982340096;25.7693725578173;0.0107016316922817;7.67760126547904
24303976102.0361;21.8345085975961;-0.00942001694425107;-9.05751812994785;-12.3710275318512;25.7926009855474;0.012531000222703;7.67076356201515
24315206429.3899;21.8445086520076;-0.00941409893855764;-9.05039005267875;-12.2782170370954;25.8084244842039;0.0152733571989564;7.66762905633643
24316838706.1747;21.8459705642495;-0.0094131225623435;-9.04787250101447;-12.2231766130043;25.8148174538719;0.0172410990288725;7.66705983102878
24316929885.5959;21.8460523967011;-0.00941306460812419;-9.0469712687672;-12.1968117712747;25.8173585455267;0.0182840038334836;7.66702496653957
24316937202.9671;21.8460589766452;-0.00941305968604147;-9.04613288756235;-12.1722061800451;25.8197664929671;0.0193143020016227;7.66702203047378
24316937833.0484;21.8460595443661;-0.00941305923778488;-9.04526166704538;-12.1478698950721;25.8222728854799;0.0203885452005774;7.66702176557403
24316937894.4974;21.846059599852;-0.00941305919152216;-9.04433253851751;-12.1232836931686;25.8249462092911;0.0215321933504272;7.66702173850079
24316937903.0843;21.8460596076243;-0.00941305918465603;-9.04328444554749;-12.0971215701924;25.8279618088994;0.0228167093879299;7.6670217345201
24316937906.3289;21.8460596105699;-0.00941305918187386;-9.04198371561205;-12.0667776641845;25.8317042340882;0.024398274373897;7.66702173292583
24316937908.3649;21.8460596124247;-0.00941305917999383;-9.04049868973545;-12.034626100044;25.8359768152049;0.0261877071592643;7.66702173185999
24316937909.8365;21.8460596137704;-0.00941305917852692;-9.03884210182812;-12.0013802815733;25.8407428767225;0.0281687006770869;7.66702173103681
24316937910.9891;21.8460596148288;-0.00941305917728327;-9.03698953587834;-11.9669557070307;25.8460726209613;0.0303688529803984;7.66702173034573
24316937911.9444;21.8460596157103;-0.00941305917616496;-9.03492978707345;-11.9315826894762;25.8519982337152;0.0327975358292;7.66702172972994
24316937912.7685;21.8460596164747;-0.00941305917511657;-9.03265269126051;-11.8954728851289;25.8585488972741;0.0354636927834522;7.66702172915744
24316937913.4935;21.8460596171511;-0.00941305917411346;-9.03016132089286;-11.8590189652413;25.8657157109006;0.038358962797193;7.66702172861364
24316937914.1568;21.8460596177739;-0.00941305917311316;-9.02738600197608;-11.8215682792561;25.8736990230228;0.0415600675348903;7.66702172807545
24316937914.7706;21.8460596183542;-0.00941305917210258;-9.02432258635265;-11.7834366752242;25.8825106603302;0.0450704934248357;7.66702172753536
24316937915.3155;21.8460596188732;-0.00941305917112664;-9.02114566578673;-11.746874586779;25.8916483491018;0.0486889914900547;7.66702172701564
24316937915.834;21.846059619371;-0.00941305917011525;-9.01767002299589;-11.7098142635621;25.9016447441529;0.0526239086102046;7.66702172648005
24316937916.3172;21.846059619839;-0.00941305916908987;-9.01397975685325;-11.6733236736477;25.9122578617323;0.0567755486930269;7.66702172593923
24316937916.7628;21.8460596202742;-0.00941305916806451;-9.01013665983168;-11.6380042672373;25.9233099184373;0.0610692863019818;7.66702172540001
24316937917.1919;21.8460596206975;-0.00941305916699257;-9.00597652214402;-11.6024145318137;25.9352730556357;0.06568297498375;7.66702172483873
24316937917.606;21.8460596211102;-0.00941305916586918;-9.00147610146801;-11.5665526669311;25.9482139585947;0.0706367818312924;7.66702172425295
24316937917.9974;21.8460596215045;-0.00941305916471738;-8.9967225784483;-11.5312251344519;25.9618818024254;0.0758287003157332;7.66702172365416
24316937918.3757;21.8460596218902;-0.00941305916350911;-8.9915996971381;-11.4956889044441;25.9766107198949;0.0813754267020545;7.66702172302829
24316937918.7411;21.8460596222675;-0.00941305916224207;-8.98608787753311;-11.4599914554145;25.9924568276185;0.0872858314969616;7.66702172237427
24316937919.0935;21.8460596226364;-0.00941305916091508;-8.98017604891191;-11.4242018441028;26.0094517485282;0.0935632723291751;7.66702172169155
24316937919.4368;21.8460596230011;-0.0094130591595099;-8.97377860448779;-11.3879710948948;26.0278413434089;0.100287235629974;7.66702172097118
24316937919.769;21.8460596233596;-0.00941305915803141;-8.96690463516338;-11.3515495996981;26.0475992385005;0.107429297741478;7.66702172021567
24316937920.094;21.8460596237164;-0.00941305915645634;-8.95944016924575;-11.314550961909;26.0690527608308;0.115083870158995;7.66702171941373
24316937920.4098;21.8460596240696;-0.0094130591547889;-8.95143934375341;-11.2774232848278;26.0920460149451;0.123175460526111;7.66702171856721
24316937920.7204;21.8460596244238;-0.00941305915300223;-8.94287075030515;-11.2400555710684;26.1166688368641;0.131744641921985;7.66702171766296
24316937921.0247;21.8460596247782;-0.00941305915109447;-8.93379860763857;-11.2028094741548;26.1427363520974;0.140714929222923;7.66702171670018
24316937921.3228;21.8460596251331;-0.00941305914905996;-8.92429447134566;-11.165979687699;26.170042649992;0.150009655629971;7.6670217156762
24316937921.6159;21.8460596254901;-0.00941305914688564;-8.91438354305642;-11.129677305791;26.1985151583512;0.159581636699567;7.66702171458486
24316937921.9057;21.8460596258515;-0.00941305914455118;-8.90406983349536;-11.093932879457;26.2281422765047;0.169396520292873;7.66702171341643
24316937922.1915;21.8460596262168;-0.00941305914205688;-8.89342210273139;-11.0590164453783;26.2587265938395;0.179340889182191;7.66702171217105
24316937922.4713;21.8460596265834;-0.00941305913941732;-8.88253480463706;-11.025276052454;26.2899972142969;0.189255841117084;7.66702171085532
24316937922.7487;21.8460596269566;-0.00941305913659344;-8.87128504476287;-10.9923871581171;26.3223077137299;0.199169048440124;7.66702170944972
24316937923.0218;21.8460596273338;-0.00941305913360432;-8.85977656139726;-10.9607205767263;26.3553609347701;0.208893512677135;7.66702170796196
24316937923.2948;21.8460596277213;-0.00941305913039603;-8.84784367559255;-10.9299057279629;26.389633725773;0.218459688526057;7.66702170636393
24316937923.5658;21.846059628117;-0.00941305912698738;-8.83559301803476;-10.9003243914215;26.4248210797986;0.227656828844048;7.66702170466157
24316937923.8321;21.8460596285172;-0.00941305912341417;-8.82317696795429;-10.8723880981968;26.460486702971;0.236258095043268;7.66702170286826
24316937924.0957;21.846059628925;-0.00941305911965589;-8.81054626297127;-10.846005703585;26.496773554578;0.24419319298978;7.66702170096914
24316937924.3582;21.8460596293432;-0.00941305911569316;-8.7976559962095;-10.8211239539801;26.5338121893604;0.251380562118712;7.66702169894864
24316937924.6189;21.8460596297713;-0.00941305911154206;-8.78456692164498;-10.7978882885389;26.571429526;0.257687619124149;7.66702169680734
24316937924.877;21.8460596302082;-0.00941305910722358;-8.77134309841212;-10.7763973057338;26.6094426833255;0.26301563825284;7.66702169454788
24316937925.1343;21.8460596306575;-0.0094130591027155;-8.75791204323416;-10.7565017880905;26.6480609889015;0.267347340855238;7.66702169214955
24316937925.389;21.8460596311163;-0.00941305909806314;-8.744396517049;-10.7383227178885;26.6869320516831;0.270627826143169;7.66702168962604
24316937925.6419;21.8460596315865;-0.00941305909326231;-8.73077163793182;-10.7217295327656;26.7261275584919;0.272884043734983;7.66702168696503
24316937925.8947;21.8460596320716;-0.00941305908829344;-8.71697305006437;-10.7065517694352;26.7658325390993;0.274158703152421;7.66702168414439
24316937926.1496;21.8460596325767;-0.00941305908312099;-8.70289995838718;-10.6926055204375;26.8063368066012;0.274493400820181;7.66702168113043
24316937926.4022;21.8460596330938;-0.00941305907784456;-8.68881534974436;-10.6800498208333;26.8468828536536;0.273942488556089;7.6670216779673
24316937926.6515;21.8460596336211;-0.00941305907249853;-8.67479939744213;-10.6688140613855;26.8872388797014;0.272603571702673;7.66702167466492
24316937926.8988;21.8460596341611;-0.00941305906707304;-8.66081861887932;-10.6587436844146;26.9275002730263;0.270564599665534;7.6670216712073
24316937927.1459;21.8460596347184;-0.00941305906153722;-8.64679046530433;-10.6496854591738;26.9679038741641;0.267887344756505;7.66702166756326
24316937927.3923;21.8460596352923;-0.00941305905591338;-8.63276733300556;-10.6415990003955;27.0082979670304;0.264646130821862;7.66702166373462
24316937927.638;21.8460596358834;-0.00941305905021136;-8.61876675393508;-10.6344249046956;27.0486312587614;0.260907847969995;7.66702165971584
24316937927.8828;21.8460596364915;-0.0094130590444482;-8.60481945268791;-10.6281110409471;27.0888144635129;0.256742881069354;7.66702165550678
24316937928.1264;21.8460596371163;-0.00941305903863961;-8.59094951748501;-10.6225984282148;27.128777427444;0.252221039797565;7.66702165110771
24316937928.3659;21.8460596377501;-0.0094130590328664;-8.57732860301921;-10.6178708153067;27.1680248148952;0.247466179171544;7.66702164657174
24316937928.5995;21.8460596383876;-0.00941305902718213;-8.56405694826978;-10.6138630244291;27.2062670840088;0.242584406716983;7.66702164193872
24316937928.8268;21.8460596390264;-0.00941305902160958;-8.55116216705996;-10.6104846833172;27.2434240677585;0.237650741871742;7.66702163722924
24316937929.0473;21.8460596396643;-0.00941305901616779;-8.53866320352268;-10.607653547861;27.2794407230185;0.232726114049592;7.66702163246352
24316937929.2605;21.8460596402985;-0.00941305901087668;-8.52658168717453;-10.6053021497429;27.3142544096537;0.22786041688662;7.66702162766522
24316937929.4658;21.8460596409257;-0.00941305900576035;-8.51494998886248;-10.6033801158963;27.3477716646911;0.223096017709896;7.66702162286496
24316937929.6622;21.8460596415415;-0.00941305900084725;-8.50381073959991;-10.6018526277473;27.379869571044;0.2184688319991;7.66702161810084
24316937929.8487;21.8460596421405;-0.00941305899617041;-8.49322030367429;-10.6006924418203;27.4103857082681;0.214014406277746;7.66702161341925
24316937930.0242;21.8460596427173;-0.00941305899176085;-8.48323648838222;-10.5998694391088;27.4391535300203;0.209767285853646;7.66702160886858
24316937930.189;21.8460596432707;-0.00941305898761523;-8.47384570511307;-10.599344276185;27.4662122262493;0.205731219471317;7.66702160446439
24316937930.3452;21.8460596438062;-0.0094130589836833;-8.46493285136298;-10.5990764271363;27.4918934856668;0.201865023583385;7.66702160016979
24316937930.4969;21.8460596443368;-0.00941305897986354;-8.45627143902868;-10.5990347238808;27.516849911838;0.198077629604906;7.66702159588379
24316937930.6526;21.8460596448926;-0.00941305897594543;-8.44739111414231;-10.5992142960504;27.5424367076391;0.194168679997137;7.66702159136644
24316937930.8207;21.8460596455059;-0.00941305897172018;-8.43782702038477;-10.5996613795155;27.569993158475;0.189933818350426;7.66702158635141
24316937931.0054;21.8460596461964;-0.00941305896708524;-8.42735807615043;-10.6004682126284;27.6001561181418;0.185268421857109;7.66702158067117
24316937931.2003;21.8460596469436;-0.00941305896220907;-8.41637137630854;-10.6017080797917;27.631810200492;0.180331931200521;7.66702157448242
24316937931.4023;21.8460596477382;-0.0094130589571769;-8.40506399729359;-10.6034557088181;27.6643875715229;0.175198082580404;7.66702156785407
24316937931.6106;21.8460596485802;-0.00941305895201259;-8.39349328712781;-10.6057997624799;27.6977229924836;0.169878177135236;7.66702156078038
24316937931.8258;21.8460596494739;-0.00941305894671593;-8.38166202013843;-10.6088451356085;27.7318084442346;0.164359600208423;7.66702155321988
24316937932.0443;21.8460596504062;-0.00941305894138582;-8.36979377780601;-10.6126283076429;27.7659997643918;0.158737225723957;7.66702154527607
24316937932.2654;21.8460596513762;-0.00941305893604643;-8.35794349632521;-10.6172013561311;27.8001386503647;0.153034413030747;7.66702153695459
24316937932.4897;21.8460596523869;-0.00941305893069924;-8.34611263998221;-10.6226232210779;27.834220826316;0.147254470140835;7.66702152822473
24316937932.7176;21.8460596534425;-0.00941305892534322;-8.33429791272044;-10.6289490458279;27.8682557090421;0.141403009823379;7.66702151904885
24316937932.9467;21.8460596545321;-0.00941305892004883;-8.32265133665417;-10.6361275084535;27.9018052927523;0.135567670015863;7.66702150951585
24316937933.1766;21.8460596556552;-0.00941305891483126;-8.31120162159883;-10.6441441330414;27.9347868252529;0.129778529849138;7.66702149963053
24316937933.4081;21.8460596568155;-0.00941305890968515;-8.2999290286982;-10.6530119748015;27.9672571288522;0.124041477092744;7.66702148935835
24316937933.6413;21.8460596580149;-0.00941305890461447;-8.2888326151102;-10.6627332488007;27.9992188954284;0.118370990622058;7.66702147868063
24316937933.8758;21.8460596592511;-0.00941305889963982;-8.27794645639368;-10.6732764974526;28.0305739720559;0.112798142944253;7.66702146761665
24316937934.1104;21.8460596605192;-0.00941305889478841;-8.26731694506276;-10.6845864937994;28.0611887612892;0.107358520143259;7.66702145620952
24316937934.3457;21.8460596618214;-0.00941305889005774;-8.25692243330274;-10.6966753548442;28.0911256561136;0.102050754714253;7.66702144443794
24316937934.582;21.84605966316;-0.00941305888544622;-8.24674223405508;-10.7095656664088;28.1204442852388;0.0968721069419856;7.66702143228072
24316937934.8192;21.846059664535;-0.00941305888096067;-8.2367733399071;-10.7232672786899;28.1491533637363;0.0918272119311097;7.66702141973823
24316937935.0567;21.8460596659434;-0.00941305887661587;-8.22703012465553;-10.7377694946316;28.1772115594415;0.086927790851346;7.66702140683755
24316937935.2942;21.8460596673826;-0.00941305887242241;-8.21751790990978;-10.7530760241501;28.2046036178149;0.0821791956865964;7.66702139360068
24316937935.5322;21.8460596688564;-0.00941305886837319;-8.2082019865026;-10.7692655660707;28.2314295588344;0.0775656239841821;7.66702137999415
24316937935.772;21.8460596703725;-0.00941305886445284;-8.19903619702563;-10.7864409176296;28.2578223458797;0.0730691356189166;7.66702136594625
24316937936.0181;21.8460596719623;-0.0094130588605957;-8.18986235885164;-10.8049357092479;28.2842374768753;0.068623225058371;7.66702135116672
24316937936.2732;21.8460596736448;-0.00941305885677915;-8.18062996649997;-10.8249108550737;28.3108203600015;0.0642201869480436;7.66702133547542
24316937936.5386;21.8460596754339;-0.00941305885299832;-8.17134146444848;-10.8464075135985;28.3375639358577;0.0598820230166463;7.66702131873627
24316937936.8165;21.8460596773475;-0.00941305884924565;-8.16199492360558;-10.8694828284006;28.3644737525162;0.0556271520257047;7.66702130077878
24316937937.1102;21.8460596794148;-0.00941305884549834;-8.15255856794339;-10.8942539807499;28.3916412934313;0.0514629984692256;7.6670212813192
24316937937.426;21.8460596816871;-0.00941305884171085;-8.1429399339794;-10.9210502705669;28.4193327607222;0.0473700170017453;7.66702125986946
24316937937.7736;21.8460596842458;-0.00941305883781441;-8.13300168452739;-10.9503485943089;28.4479435116505;0.043321548035492;7.66702123565
24316937938.1785;21.8460596873013;-0.00941305883360934;-8.12229588131205;-10.9836106493145;28.4787629982092;0.0391928056009561;7.6670212066603
24316937938.6957;21.8460596913165;-0.00941305882871076;-8.10999093144112;-11.0236241651665;28.5141849281924;0.0347878611634526;7.66702116850111
24316937939.5426;21.846059698151;-0.00941305882166626;-8.09307654333333;-11.0799332499705;28.5628741355332;0.0294405012177678;7.66702110358515
24316937941.2987;21.8460597131222;-0.00941305880923933;-8.06929489352305;-11.1501871626487;28.6313280889625;0.0237656241474221;7.66702096140913
24316937948.1764;21.8460597759217;-0.00941305876311933;-8.03949187406423;-11.1735588473868;28.7171092020181;0.0210898624063805;7.66702036057565
24316937994.626;21.8460602304125;-0.0094130584308617;-8.00945626777251;-11.1455064824975;28.8035521242062;0.0210569678763421;7.66701598503208
24316938376.7382;21.8460643771076;-0.0094130553872531;-7.96448881387396;-11.098802112081;28.9329189976338;0.0212363049420939;7.66697604325271
24316941520.1116;21.8461032627478;-0.00941302686775767;-7.90760672782737;-11.042254143678;29.0960821316813;0.0213396404676026;7.66660411615713
24316963778.5918;21.8464574312385;-0.00941276823522798;-7.79828558630474;-10.9348123592322;29.4058620924939;0.0214737129422285;7.6633491674413
24317057085.0343;21.8490168389799;-0.00941091153643957;-7.56177215204296;-10.7011701772592;30.0553732518236;0.0218033938859092;7.64248342231504
24317377368.5644;21.8987074387533;-0.00937537879502461;-6.80926036779469;-9.95490589119171;31.8314903884609;0.0227620540300298;7.38204861313159
24318316733.2649;22.0612980180743;-0.00925708938154871;-6.7617388577474;-9.89988835782875;29.1555545338761;0.0212115207398864;5.50275271572184
24320826577.4999;22.1928123624842;-0.0091577629276197;-7.28067364491823;-10.4025818383646;28.1138135698707;0.0212330101392719;5.80466790528973
24327418201.7346;22.3304100640023;-0.00905386358505875;-7.68038126244927;-10.8023796422958;27.5775806650012;0.0208236945014655;6.21505502456063
24348221252.8786;22.4981017828136;-0.0089286998276971;-8.09361542058675;-11.2206484447789;27.0234160950097;0.0201700615818976;6.63947357713416
24416764729.9947;22.7114424478601;-0.00877371595337911;-8.50689248723087;-11.6456796185399;26.4715485284109;0.0192305726113479;7.06550920201663
24542747802.6529;22.9217303619191;-0.00862569216950559;-8.77749788328235;-11.9299806946341;26.1123421240915;0.0183807410154927;7.34590174999198
24721539522.2459;23.1202146292263;-0.00849075406466624;-8.95462131291482;-12.1222127950409;25.8789120273987;0.0175935926391419;7.53055817149038
24947095475.4408;23.3100674107545;-0.00836599762540717;-9.07483732974565;-12.2571913232767;25.7227786184379;0.0169030036982068;7.65742273089875
25197237057.3971;23.4883026334504;-0.00825291122279688;-9.14719235900763;-12.3447755031484;25.6326769300738;0.0162633803770657;7.73636574111415
25461408338.7225;23.6589706840464;-0.00814829516968023;-9.18973337476234;-12.4022872714477;25.5809297406832;0.0156805910372747;7.78360051732286
25730435212.6909;23.8242451462789;-0.00805043375796437;-9.21158991252132;-12.4391841888006;25.5568387978783;0.0151325757771104;7.80953586188389
25995486693.1678;23.9839209545461;-0.00795903075635004;-9.22009111117085;-12.4623697764607;25.5489017641391;0.0146249224258434;7.82058104154713
26249015592.8083;24.1363751560162;-0.00787464042418321;-9.22088807397102;-12.4777347752109;25.5503753092706;0.0141432944356031;7.82309803220914
26489482572.1637;24.2821612371027;-0.00779641123486914;-9.21733938626043;-12.4876866183003;25.5568166204947;0.0137138540988947;7.82057721563045
26718927306.4912;24.423258382404;-0.00772305055390878;-9.21115986811416;-12.4952147412868;25.5664185757799;0.0132927556573331;7.81510888656396
26938661480.2626;24.56076189539;-0.00765364691000528;-9.20358381125009;-12.5005153322183;25.5775104181988;0.0129100150712695;7.8079503839656
27150139737.5827;24.6957130753237;-0.00758752331876147;-9.19508903683346;-12.5049092904145;25.5896763463671;0.012538469834946;7.7997427694008
27352880416.1691;24.8277973900384;-0.00752463535932069;-9.18608964846373;-12.508373392601;25.6024223289651;0.0121898205739832;7.79095231447679
27547145611.5961;24.9571135467804;-0.00746475688007953;-9.17674221036323;-12.5111242374714;25.6155643436262;0.0118610162600246;7.78175714905938
27732654112.9819;25.0833320312407;-0.00740787246702059;-9.16724085584781;-12.5133705356895;25.6288720910315;0.0115504741836726;7.77237673209487
27906813835.8178;25.204428500871;-0.0073546811043534;-9.15781624269988;-12.5151066085738;25.6420415518522;0.0112632113543466;7.76305150812262
28072805154.3777;25.322397467786;-0.0073041349742751;-9.14831759858283;-12.5163974641169;25.6553270205865;0.010992530753603;7.75366143368117
28229914169.1742;25.4365100283082;-0.00725638701838582;-9.13886765482027;-12.5172463212615;25.6685215196374;0.0107404428369207;7.74430423962954
28378165205.1022;25.5465433972535;-0.00721141102002977;-9.1294733265808;-12.5180169243605;25.68166126689;0.010497346086843;7.73501742032441
28515582646.0615;25.6507617980545;-0.00716969759844011;-9.12009745191266;-12.5177660418872;25.6949146114308;0.0102843912174727;7.72584199733256
28642974135.5228;25.7495229983533;-0.00713081492356484;-9.11055405590331;-12.515384281494;25.7084977768606;0.010121537178216;7.71656479987815
28761596541.5259;25.8434985442915;-0.00709447836113242;-9.10115187115795;-12.5138228894082;25.7216236609241;0.00994551693939942;7.70725362960419
28874859629.3046;25.9349867754986;-0.00706024275631195;-9.09272316597056;-12.519610392491;25.7327169302692;0.00962938201075947;7.69845642063968
28981619727.2834;26.0225785594361;-0.00702912942599985;-9.08594559219962;-12.5354624640304;25.741269452539;0.00914351304570702;7.69113683998503
29077217179.6316;26.1022469122778;-0.00700225440123842;-9.07916048043691;-12.5510974455113;25.7513402013226;0.00868686097886163;7.68481717129068
29149255610.1967;26.1636380796606;-0.00698110447791008;-9.06945835089838;-12.5322554453461;25.768784544535;0.00887762589662562;7.67781462752963
29188203689.982;26.1977236876654;-0.00696709125244599;-9.05791500582335;-12.4439479413977;25.7917716618417;0.0106034755596873;7.67097503626251
29200186070.339;26.2083899125456;-0.00696158067540949;-9.05053236544642;-12.3373460231952;25.8080739897759;0.0133334316012335;7.66767077971676
29202008843.6418;26.2100224702789;-0.00696060923913394;-9.04786411059302;-12.2733183421287;25.8148051846405;0.0153608277927015;7.66703765282146
29202112595.3626;26.2101155920545;-0.00696055001753254;-9.04694406038863;-12.2435151615899;25.8173933301731;0.0164187953663293;7.66699799664429
29202120800.5232;26.2101229707767;-0.00696054503074163;-9.04610592548933;-12.2162659274329;25.8198001055338;0.0174498972371627;7.66699470421746
29202121499.6823;26.210123600772;-0.00696054457887801;-9.04523875957814;-12.189568669207;25.8222948603152;0.0185210210920851;7.66699441028275
29202121567.7875;26.2101236622706;-0.00696054453205988;-9.04431495332456;-12.1627661837735;25.8249529428034;0.0196602170603714;7.66699438028531
29202121577.0176;26.2101236706253;-0.00696054452528769;-9.04327631149196;-12.1344770562562;25.8279414347502;0.0209357752879917;7.6669943760097
29202121580.3634;26.2101236736628;-0.00696054452264065;-9.04198360356419;-12.1017407123541;25.8316608852846;0.0225110224916296;7.66699437436754
29202121582.4331;26.2101236755481;-0.00696054452086783;-9.04050733101226;-12.0672360045455;25.8359084023797;0.024293778228478;7.66699437328555
29202121583.9302;26.2101236769171;-0.00696054451947566;-9.03885060032037;-12.031544443487;25.8406750085397;0.026279071160064;7.66699437244931
29202121585.0885;26.2101236779808;-0.00696054451830415;-9.03701396190458;-11.9950983158493;25.8459590774305;0.0284648105986645;7.66699437175585
29202121586.0547;26.2101236788722;-0.00696054451723869;-9.03495459462082;-11.9575135634044;25.8518837564797;0.0308982032497411;7.66699437113419
29202121586.881;26.2101236796386;-0.00696054451624436;-9.03269376261861;-11.9195908874545;25.8583878114181;0.0335509112090446;7.66699437056132
29202121587.6088;26.2101236803176;-0.00696054451528788;-9.03021528752048;-11.8813896000536;25.865517724371;0.0364373566175281;7.66699437001663
29202121588.2801;26.2101236809477;-0.00696054451432199;-9.02742771991155;-11.8419369868908;25.8735364859536;0.03965943535298;7.66699436947315
29202121588.8939;26.2101236815281;-0.00696054451335432;-9.02438288053173;-11.8023446639311;25.882294922879;0.0431559814933292;7.66699436893409
29202121589.441;26.2101236820491;-0.006960544512413;-9.02121137675278;-11.7643423572268;25.891417271477;0.0467761898476397;7.66699436841338
29202121589.9631;26.2101236825503;-0.00696054451143146;-9.01772883550594;-11.725810152186;25.9014337668462;0.050727386557508;7.66699436787518
29202121590.4423;26.2101236830142;-0.00696054451044976;-9.01408796192817;-11.6885502486608;25.9119051026518;0.0548323750638644;7.66699436734016
29202121590.8872;26.2101236834486;-0.00696054450945921;-9.01027229023338;-11.6523320167611;25.922878573381;0.0591049016533108;7.66699436680335
29202121591.3179;26.2101236838733;-0.00696054450841574;-9.00611995151663;-11.6157233882222;25.9348195891405;0.0637205909079451;7.6669943662417
29202121591.7349;26.2101236842888;-0.00696054450731588;-9.00161131597238;-11.5787849605926;25.9477844381398;0.0686952386679406;7.6669943656535
29202121592.1281;26.2101236846848;-0.00696054450618854;-8.99685799051193;-11.5425474434482;25.9614520477012;0.0738991641674463;7.66699436505352
29202121592.5103;26.2101236850744;-0.00696054450499639;-8.99170252817029;-11.50594591233;25.9762749907517;0.0794938423180042;7.66699436442264
29202121592.8788;26.2101236854548;-0.0069605445037456;-8.98615980824452;-11.4692877002557;25.9922102958753;0.0854506400574459;7.66699436376408
29202121593.232;26.2101236858244;-0.00696054450244194;-8.98025020305891;-11.4328198547156;26.0091991960188;0.0917397028595682;7.66699436308081
29202121593.5773;26.2101236861912;-0.00696054450105381;-8.97382858526362;-11.395810171765;26.0276586670031;0.0985039205452132;7.66699436235698
29202121593.9102;26.2101236865505;-0.00696054449959644;-8.9669505746521;-11.3587822333847;26.0474285792391;0.105665496286048;7.6669943616004
29202121594.2355;26.2101236869075;-0.00696054449804429;-8.95949134390027;-11.3212670261504;26.0688674781007;0.113330415776533;7.66699436079841
29202121594.5525;26.210123687262;-0.00696054449639399;-8.95146950382998;-11.2835536924606;26.0919215747509;0.121456811519356;7.66699435994922
29202121594.8639;26.2101236876172;-0.00696054449462519;-8.94288200291027;-11.2456692933419;26.1165992064589;0.130055682906177;7.66699435904274
29202121595.1674;26.2101236879706;-0.00696054449274612;-8.93384060178041;-11.208163684068;26.1425788977776;0.139003375016416;7.6669943580831
29202121595.4658;26.2101236883258;-0.00696054449073347;-8.92433442837572;-11.1709819600739;26.1698915943127;0.148304521484817;7.66699435705894
29202121595.7579;26.2101236886816;-0.00696054448858985;-8.91445873095666;-11.1345055113952;26.1982634732353;0.15784314480448;7.66699435597168
29202121596.0473;26.2101236890423;-0.00696054448628398;-8.90416641783004;-11.0985650112728;26.2278297570008;0.167634638634917;7.66699435480612
29202121596.3327;26.2101236894071;-0.00696054448381736;-8.89353284362718;-11.0634566723796;26.2583740758701;0.177559536316227;7.66699435356299
29202121596.6125;26.2101236897737;-0.00696054448120361;-8.88265040035107;-11.0295249468025;26.2896314431907;0.187460577794326;7.66699435224852
29202121596.8901;26.2101236901469;-0.00696054447840508;-8.87140044171526;-10.9964577648144;26.3219432371365;0.197360676504874;7.66699435084365
29202121597.1632;26.2101236905241;-0.00696054447544187;-8.85989156190483;-10.9646410586587;26.3549983449373;0.20706824207144;7.66699434935667
29202121597.4362;26.2101236909114;-0.00696054447226251;-8.84796490948761;-10.9337178504093;26.389254014509;0.216607840490645;7.66699434776042
29202121597.7074;26.2101236913073;-0.00696054446887974;-8.8357051971266;-10.9040152271587;26.4244681836809;0.225785592269872;7.66699434605786
29202121597.9732;26.2101236917067;-0.00696054446534292;-8.82331252544764;-10.8760552132455;26.4600674621241;0.234340989464978;7.66699434426913
29202121598.2365;26.2101236921138;-0.00696054446162102;-8.81069941331162;-10.8496512504413;26.4963045749791;0.242233090564164;7.66699434237414
29202121598.499;26.210123692532;-0.00696054445769052;-8.79780766154958;-10.8247262077453;26.5333482674674;0.249386827932501;7.66699434035508
29202121598.7599;26.2101236929603;-0.00696054445356943;-8.78470627987028;-10.8014469488958;26.5710017407929;0.255662633904602;7.66699433821356
29202121599.018;26.210123693397;-0.00696054444928658;-8.77148215248652;-10.7799504796436;26.6090164959763;0.260951919397638;7.66699433595592
29202121599.2753;26.2101236938462;-0.00696054444481481;-8.75804779089449;-10.7600593319398;26.647644976981;0.265245052918405;7.66699433355902
29202121599.5302;26.2101236943052;-0.00696054444019738;-8.74452126941972;-10.7418880064247;26.6865482616877;0.268488486749609;7.66699433103557
29202121599.7831;26.2101236947751;-0.00696054443543718;-8.73089610019293;-10.7253284641429;26.7257451229863;0.270705736136985;7.66699432837673
29202121600.0351;26.2101236952585;-0.00696054443052635;-8.71713870951573;-10.7102373039897;26.7653319775366;0.271940592813476;7.66699432556711
29202121600.2888;26.2101236957611;-0.00696054442542203;-8.70312589619309;-10.6963961220542;26.805663052372;0.272242753321765;7.66699432256941
29202121600.5413;26.2101236962777;-0.00696054442019356;-8.68904111382431;-10.6838912542579;26.8462097883454;0.271664468032486;7.66699431941016
29202121600.7908;26.210123696805;-0.00696054441489287;-8.67501383824827;-10.6727055695381;26.8865985239909;0.270298808295048;7.66699431610922
29202121601.0376;26.2101236973438;-0.00696054440952572;-8.66105075142102;-10.6627139232644;26.9268089958273;0.268238874307033;7.66699431266042
29202121601.2846;26.2101236979005;-0.00696054440404339;-8.64702177585323;-10.6537280183062;26.9672149154574;0.265539940631639;7.66699430902103
29202121601.5309;26.2101236984738;-0.00696054439847605;-8.63300022104001;-10.6457224310148;27.0076043492876;0.262279201483858;7.66699430519804
29202121601.777;26.2101236990657;-0.00696054439281867;-8.61896742887536;-10.6386200526415;27.048030270381;0.258513376445105;7.66699430117533
29202121602.0215;26.2101236996726;-0.00696054438712061;-8.6050333987771;-10.6324076316534;27.0881750182823;0.254334639667656;7.66699429697573
29202121602.265;26.2101237002971;-0.00696054438137079;-8.59115632579346;-10.6269944234651;27.1281582789701;0.249794121069408;7.66699429258018
29202121602.5044;26.2101237009303;-0.00696054437565996;-8.57753462572304;-10.6223744505348;27.167407626527;0.245023858298317;7.66699428804986
29202121602.738;26.2101237015673;-0.00696054437003697;-8.56425844646448;-10.6184777801472;27.2056626051184;0.240126435486385;7.66699428342123
29202121602.9652;26.2101237022057;-0.00696054436452598;-8.55135887786438;-10.6152146379598;27.2428330402849;0.235177900351034;7.66699427871595
29202121603.1857;26.2101237028432;-0.00696054435914544;-8.53885446629342;-10.6125020790339;27.2788650418058;0.230238890866266;7.66699427395406
29202121603.3989;26.2101237034771;-0.00696054435391548;-8.52676835380774;-10.6102722844348;27.3136916165904;0.225359811699264;7.66699426915976
29202121603.6041;26.2101237041039;-0.00696054434885965;-8.51513211392019;-10.6084739390532;27.3472216037927;0.220582667715309;7.66699426436332
29202121603.8005;26.2101237047193;-0.00696054434400561;-8.50398779570382;-10.607071322076;27.3793337669754;0.215943108963747;7.66699425960256
29202121603.987;26.210123705318;-0.00696054433938672;-8.49339321770682;-10.6060363190978;27.4098614989207;0.211477291571287;7.66699425492445
29202121604.1625;26.2101237058945;-0.00696054433503299;-8.48340580554489;-10.6053374797911;27.438639356579;0.207219631601502;7.66699425037721
29202121604.3272;26.2101237064477;-0.00696054433094087;-8.47401097117756;-10.6049348842452;27.4657094105725;0.203173427815969;7.66699424597593
29202121604.4834;26.2101237069829;-0.00696054432706098;-8.4650947049209;-10.6047889715891;27.491400198196;0.199297840689515;7.6669942416843
29202121604.6351;26.2101237075132;-0.00696054432329298;-8.45643058815473;-10.6048712739448;27.5163641161369;0.195501620650599;7.6669942374015
29202121604.7907;26.2101237080685;-0.00696054431943016;-8.44754900989951;-10.6051837468117;27.54195421072;0.191584343448519;7.66699423288825
29202121604.9588;26.2101237086816;-0.00696054431526421;-8.4379801794689;-10.6057811073479;27.5695239677761;0.187339061178463;7.66699422787594
29202121605.1434;26.2101237093715;-0.00696054431069822;-8.42751004799806;-10.6067610327394;27.5996899691895;0.182664107342616;7.66699422220088
29202121605.3383;26.2101237101184;-0.00696054430589442;-8.41651738565937;-10.6081941821398;27.6313608255217;0.177715569520195;7.66699421601502
29202121605.5402;26.2101237109127;-0.00696054430093973;-8.40520437326513;-10.6101542171376;27.663954001699;0.172569646682673;7.66699420938995
29202121605.7486;26.2101237117543;-0.00696054429585813;-8.393629166987;-10.6127314550014;27.6973019313113;0.167238081689675;7.66699420232043
29202121605.9637;26.2101237126475;-0.00696054429064926;-8.38179323033994;-10.6160343881911;27.7314003703134;0.161707678785179;7.66699419476425
29202121606.1822;26.2101237135796;-0.00696054428540987;-8.36991791914019;-10.6200989672781;27.7656115758863;0.156072431240385;7.66699418682327
29202121606.4033;26.2101237145493;-0.00696054428016551;-8.35806120125098;-10.6249782846879;27.7997685134519;0.150357153820158;7.66699417850502
29202121606.6276;26.2101237155597;-0.00696054427491771;-8.34622480443072;-10.6307343270864;27.8338661486861;0.144565283345358;7.66699416977906
29202121606.8554;26.2101237166148;-0.00696054426966619;-8.33440502158993;-10.6374260828395;27.8679150832429;0.13870222160811;7.66699416060752
29202121607.0845;26.2101237177042;-0.00696054426447863;-8.32275137451358;-10.6450025915226;27.901484521679;0.132854446348451;7.66699415107713
29202121607.3145;26.2101237188271;-0.00696054425937143;-8.31129471354864;-10.6534501311307;27.9344855484997;0.12705309827126;7.66699414119425
29202121607.5459;26.2101237199872;-0.00696054425433991;-8.30001596978546;-10.6627849567478;27.9669730571358;0.121304378495693;7.66699413092494
29202121607.7792;26.2101237211863;-0.00696054424938808;-8.2889140849748;-10.6730127373744;27.9989500736324;0.115622696542726;7.66699412025046
29202121608.0136;26.2101237224222;-0.0069605442445361;-8.27802209440918;-10.6841050908893;28.0303214444397;0.110038606429981;7.66699410918901
29202121608.2483;26.2101237236901;-0.00696054423981053;-8.26738640945104;-10.6960080890935;28.060953521165;0.104587731860307;7.66699409778356
29202121608.4836;26.2101237249922;-0.00696054423520922;-8.25698669644732;-10.7087372106456;28.0909049120408;0.0992693585177672;7.66699408601419
29202121608.7198;26.2101237263307;-0.00696054423073103;-8.24680143844254;-10.722321718075;28.1202376360089;0.0940803028661211;7.66699407385883
29202121608.957;26.2101237277056;-0.00696054422638272;-8.23682786551386;-10.736776682912;28.1489597248599;0.0890253177147827;7.6669940613181
29202121609.1946;26.2101237291138;-0.00696054422217878;-8.22708016269396;-10.7520965569038;28.1770303913526;0.0841160414213776;7.66699404841883
29202121609.4321;26.2101237305529;-0.00696054421812956;-8.21756374309908;-10.7682910737137;28.2044341181438;0.0793578804858027;7.6669940351831
29202121609.6701;26.2101237320267;-0.00696054421422821;-8.20824384552264;-10.7854503488313;28.231271073813;0.0747349810584315;7.66699402157743
29202121609.9099;26.2101237335428;-0.00696054421046012;-8.19907413238265;-10.8036924634527;28.257674739099;0.070229259753509;7.66699400752992
29202121610.1561;26.2101237351324;-0.00696054420676349;-8.18989747330372;-10.8233817403094;28.284097576096;0.0657745763984794;7.66699399275219
29202121610.4111;26.2101237368146;-0.00696054420311733;-8.18066315676813;-10.8447067480239;28.3106855858937;0.0613630298803193;7.66699397706412
29202121610.6765;26.2101237386034;-0.0069605441995183;-8.17137334994933;-10.8677337281771;28.3374325098711;0.0570164430566442;7.66699396032945
29202121610.9542;26.2101237405161;-0.0069605441959609;-8.16202674688915;-10.8925485210907;28.3643421040523;0.0527534589218834;7.66699394237929
29202121611.2479;26.2101237425827;-0.00696054419242481;-8.15259000710103;-10.919314618502;28.3915103569591;0.0485807130703322;7.66699392292731
29202121611.5635;26.2101237448533;-0.00696054418887102;-8.14297413992901;-10.9484209593715;28.4191934710102;0.0444800154233194;7.66699390149374
29202121611.9108;26.2101237474104;-0.00696054418523745;-8.13303683099698;-10.9804639744448;28.4478011299543;0.0404223501587803;7.66699387728918
29202121612.3151;26.2101237504609;-0.0069605441813506;-8.12234200464476;-11.0171101606321;28.478588624686;0.0362869366256768;7.66699384834779
29202121612.831;26.2101237544643;-0.00696054417687503;-8.11006108443606;-11.061643070647;28.513940963816;0.0318768398017915;7.66699381029984
29202121613.6736;26.2101237612636;-0.00696054417056093;-8.09320139238329;-11.1253544041259;28.5624722219723;0.0265242298865989;7.66699374571655
29202121615.4142;26.2101237760946;-0.00696054415977273;-8.0695135951862;-11.2077336893777;28.6306555049104;0.0208262557456481;7.66699360487039
29202121622.183;26.210123837865;-0.00696054412088265;-8.03973453692856;-11.2406762791874;28.7163674415255;0.0180795559442009;7.66699301394913
29202121667.8716;26.2101242845938;-0.00696054384149534;-8.00976312408752;-11.2136004359639;28.8026257226151;0.0180133616820859;7.6669887129105
29202122043.8008;26.2101283611941;-0.00696054128452273;-7.96480795861733;-11.1673800090602;28.9319582812108;0.0181470392996599;7.6669494506768
29202125133.3038;26.2101665264476;-0.00696051741007107;-7.90822046802426;-11.1119552143251;29.0942837542396;0.0182000643640379;7.66658435429442
29202147114.2878;26.2105153571883;-0.0069603009142295;-7.79943238065303;-11.0065975718814;29.4026005704118;0.0182482218809137;7.66337688720736
29202239518.6198;26.2130337251191;-0.00695875674567597;-7.56457315156626;-10.7769976279678;30.04779959151;0.0184241812584954;7.64281111736338
29202557400.4903;26.2616350819883;-0.00692969030911713;-6.8156173656033;-10.0388739677326;31.8221421632192;0.01903149080471;7.38802898076873
29203490273.0194;26.4247434273479;-0.00683115534608883;-6.75734612222689;-9.97623194633246;29.1762262879675;0.0176255750265465;5.50811849531776
29205980626.3218;26.5562141572904;-0.0067479332265033;-7.27743188992087;-10.4760221914692;28.1181564560126;0.0177990384637612;5.80133679482181
29212521382.8692;26.693694390723;-0.00666079554906418;-7.67738772375394;-10.8754220045211;27.5815971958786;0.0174817590842179;6.21198324516663
29233103611.0004;26.8609693669913;-0.00655587999439057;-8.09006141062777;-11.2926525065387;27.0281695940223;0.0169521793876786;6.63581644115005
29301075710.6716;27.0740025869451;-0.00642574772744254;-8.50388335387835;-11.7179456901607;26.4755520707561;0.0161727058832156;7.06239893295584
29426720362.0319;27.2845462843344;-0.00630115542965572;-8.77580176021324;-12.0036528102331;26.1145790477467;0.0154536822979738;7.34413623799274
29604748249.4506;27.4828244669582;-0.00618797501222563;-8.95321310868371;-12.1967167469232;25.8807591994642;0.0147731590578506;7.52908602379061
29829998939.0606;27.6728072627964;-0.00608331825427808;-9.07395185467529;-12.3328988521988;25.7238999542296;0.0141706513955559;7.6564709399168
30079941545.6926;27.8511135290549;-0.00598869075376348;-9.14667368877837;-12.4218229259207;25.6333101787262;0.0136036501858655;7.73579329520242
30343990906.6895;28.0218213187985;-0.0059013937818376;-9.18943178151985;-12.4806859412532;25.5812810548139;0.0130818188052479;7.78325721031733
30613072043.8414;28.1871765291347;-0.00581995408426231;-9.21146537029997;-12.5190471021156;25.5569593219154;0.0125871512236575;7.80937888754295
30878083376.6656;28.3468417099742;-0.00574418078106875;-9.22005422909011;-12.5437482263988;25.5489198938877;0.0121249106612216;7.82052427568919
31131337312.0685;28.4991213725066;-0.0056745475872473;-9.22091429703964;-12.5607398875997;25.5503131011677;0.011683437399228;7.8231089866901
31370532152.3203;28.6441050311026;-0.00561049904111154;-9.21743275233635;-12.5722425311487;25.5566613139454;0.0112900103162868;7.82065512453852
31600901654.4078;28.7857366596912;-0.00555013113867684;-9.21126473461177;-12.5816188976808;25.5662596383331;0.0108971525841175;7.81520651897759
31820596028.4335;28.9231749723045;-0.00549349051632309;-9.20371112106124;-12.5886909189362;25.5773227873822;0.0105408415839364;7.80807203524697
32032410488.8964;29.0583008085037;-0.00543967320290123;-9.19521721132773;-12.5950335919976;25.5894914169124;0.0101916681415388;7.79986791626425
32235843851.6968;29.1908032769989;-0.00538863166766789;-9.18619820897396;-12.6004984494734;25.6022656349418;0.0098622988560137;7.79105863284922
32429973360.4112;29.3199926006689;-0.00534046063198406;-9.17686493084148;-12.6053055716644;25.6153890076233;0.00955125224660962;7.78187826608962
32615974130.1149;29.4465155622489;-0.0052947704358557;-9.16734539231866;-12.6096917191089;25.6287223989282;0.00925508965569013;7.77248003511859
32790350709.045;29.5677353330373;-0.00525231788144323;-9.15791469457032;-12.6135843257501;25.6419002977522;0.00898008765855623;7.76314876716323
32956588818.1721;29.6858552969665;-0.00521217173709248;-9.14840728469428;-12.6170867485363;25.6551982132356;0.00871958690600798;7.75375016951957
33113725523.5957;29.7999635335481;-0.00517449111907385;-9.13896064947947;-12.6201596260929;25.6683878791376;0.00847616918640432;7.7443961250914
33261990129.4255;29.9099820610344;-0.00513919224314249;-9.12957165937013;-12.6232766115273;25.6815192490582;0.00823978272036702;7.7351139893985
33399456925.6039;30.0142127519127;-0.00510661325074623;-9.12020219461939;-12.6252601627428;25.6947618398302;0.00803131441948428;7.72594372113061
33526954075.7305;30.1130315936883;-0.00507635634328501;-9.11066071797839;-12.6246759403338;25.708342817895;0.00787152465709301;7.71666876321583
33645641600.6625;30.2070367866154;-0.00504821873360065;-9.10125322825058;-12.625117872358;25.7214825552074;0.00769894741030617;7.70735665772101
33758917137.499;30.298516934955;-0.00502195794639868;-9.09280926890344;-12.6348283885664;25.7326052313196;0.00738694112763497;7.69854978032631
33865938870.5629;30.3863105925576;-0.00499841852886692;-9.08600883677519;-12.6576762671793;25.7411805273372;0.00690177870178567;7.6912014846411
33961683359.1788;30.4660845170232;-0.0049784728367841;-9.07925282624209;-12.6812646736533;25.7511777087394;0.00643850813143765;7.68488865053051
34034129879.0162;30.5278045034187;-0.00496264775027605;-9.06959170614704;-12.6606714350369;25.7685231695746;0.00660708357468404;7.67789888934999
34073481854.1433;30.5622343139494;-0.00495156113777081;-9.0580319022863;-12.5501676665397;25.7915210467885;0.00830502972158293;7.67103473380811
34085645989.491;30.5730607021229;-0.00494693508928096;-9.0505976494063;-12.4198710631028;25.8079179677527;0.0110275632120763;7.66769426807073
34087509090.5188;30.5747292300989;-0.00494609073688829;-9.0479029126121;-12.3437126670366;25.8147068234271;0.0130634366254322;7.6670486279272
34087615755.676;30.5748249591613;-0.00494603836178219;-9.04697877205918;-12.3088976618667;25.8173052594104;0.0141251159001925;7.66700792272313
34087624158.83;30.5748325153268;-0.004946033926182;-9.04614086254696;-12.2774899286293;25.8197113611326;0.0151566184149002;7.66700455563443
34087624873.4918;30.5748331592382;-0.00494603352152248;-9.04527443165949;-12.2470108071906;25.8222040816311;0.0162276986288104;7.66700425559715
34087624943.0207;30.5748332220172;-0.00494603347930489;-9.04435154477574;-12.2166720384106;25.8248596133251;0.0173667069393595;7.66700422501456
34087624952.3811;30.574833230489;-0.00494603347319042;-9.04331485871515;-12.1849344346161;25.8278425845254;0.0186409720339031;7.66700422068465
34087624955.7469;30.5748332335444;-0.00494603347079933;-9.04202414266671;-12.1484967195319;25.8315564356534;0.0202151979218788;7.66700421903501
34087624957.8211;30.5748332354337;-0.00494603346919097;-9.04055199369263;-12.110457828721;25.8357922373213;0.0219945939340694;7.66700421795224
34087624959.3246;30.5748332368084;-0.00494603346791511;-9.03889476810072;-12.0713064854911;25.8405604335611;0.0239822657466341;7.6670042171136
34087624960.4864;30.5748332378752;-0.00494603346683489;-9.03705782755059;-12.0316399182549;25.8458455542756;0.0261702971648734;7.66700421641898
34087624961.4522;30.5748332387662;-0.00494603346584928;-9.03500457386689;-11.9911486541125;25.851752847264;0.0285986751728821;7.66700421579843
34087624962.2792;30.5748332395331;-0.00494603346492245;-9.0327474246722;-11.9505035258789;25.8582465282784;0.0312494926254424;7.66700421522587
34087624963.007;30.5748332402119;-0.00494603346402665;-9.03027510718723;-11.9098391430614;25.8653589675232;0.0341314292100827;7.66700421468202
34087624963.6802;30.5748332408438;-0.00494603346311431;-9.02748568889197;-11.8679476176432;25.8733833211157;0.0373586603150442;7.66700421413777
34087624964.2936;30.5748332414237;-0.00494603346219907;-9.02444886641561;-11.8262641527001;25.8821189871312;0.0408492928859303;7.66700421359981
34087624964.8396;30.5748332419435;-0.00494603346130647;-9.02129118219587;-11.7865004866092;25.8912018854891;0.0444572819120825;7.66700421308104
34087624965.3589;30.5748332424419;-0.0049460334603755;-9.01783658796133;-11.7464825104135;25.901138327203;0.0483807870183626;7.66700421254673
34087624965.8475;30.5748332429149;-0.00494603345941612;-9.01413135836382;-11.7069543706567;25.9117950992826;0.0525623154717226;7.66700421200205
34087624966.2923;30.5748332433492;-0.00494603345846382;-9.01031883624242;-11.6693821468935;25.9227598581668;0.0568352698098217;7.6670042114657
34087624966.7231;30.574833243774;-0.00494603345745734;-9.00616851159143;-11.6315063106977;25.9346954545846;0.0614530374113415;7.66700421090432
34087624967.1372;30.5748332441865;-0.00494603345640198;-9.00169659558832;-11.5936772071218;25.9475551141069;0.0663920122265434;7.66700421032082
34087624967.5303;30.5748332445823;-0.00494603345531025;-8.99695164030393;-11.5564113392939;25.9611990788638;0.0715920912323138;7.66700420972173
34087624967.9135;30.5748332449728;-0.0049460334541497;-8.99179033044325;-11.5187530214488;25.9760392881178;0.0771987452297194;7.66700420909
34087624968.2836;30.5748332453548;-0.00494603345292734;-8.98623136463041;-11.4810582200416;25.9920217784118;0.0831789065272138;7.66700420842942
34087624968.6374;30.5748332457251;-0.00494603345165334;-8.9803147658941;-11.4437057048917;26.0090312818372;0.0894814963604629;7.66700420774529
34087624968.9832;30.5748332460923;-0.00494603345029536;-8.97388974532896;-11.4058956087996;26.0275010650669;0.0962557338602987;7.66700420702106
34087624969.3168;30.5748332464522;-0.00494603344886623;-8.96700261657522;-11.3681042561977;26.0472977431101;0.103433455735009;7.66700420626347
34087624969.6423;30.5748332468096;-0.00494603344734316;-8.95953922456892;-11.3299093269481;26.0687491931229;0.11110921809728;7.66700420546106
34087624969.9601;30.5748332471648;-0.00494603344571923;-8.9515015471553;-11.2915221641283;26.091849431103;0.119257100654281;7.66700420461026
34087624970.272;30.5748332475205;-0.00494603344397775;-8.9429025677759;-11.2530440388249;26.1165607082157;0.12787172180927;7.66700420370265
34087624970.5754;30.5748332478738;-0.00494603344212861;-8.93386294383607;-11.215060118515;26.1425359818731;0.136820300445802;7.66700420274328
34087624970.874;30.5748332482293;-0.00494603344014381;-8.92434857861858;-11.1774094816325;26.1698729366916;0.146130446403583;7.66700420171833
34087624971.1655;30.5748332485842;-0.00494603343803527;-8.91449717384229;-11.140633961179;26.1981757744466;0.155644674062669;7.66700420063385
34087624971.4542;30.5748332489442;-0.00494603343576516;-8.90422859853954;-11.1044240420882;26.2276746533172;0.165410983614884;7.66700419947118
34087624971.7396;30.5748332493087;-0.00494603343333085;-8.89360105955487;-11.0690197863017;26.2582024493115;0.175325976180587;7.66700419822903
34087624972.0193;30.5748332496752;-0.00494603343074921;-8.88272259045391;-11.0348224495078;26.2894492273817;0.185217333921718;7.66700419691536
34087624972.2967;30.5748332500482;-0.00494603342798459;-8.87148048185725;-11.0015321933621;26.3217393173611;0.195102516980967;7.66700419551185
34087624972.5701;30.5748332504256;-0.00494603342505123;-8.85996179123182;-10.9694746575322;26.3548234506581;0.204808154844819;7.66700419402401
34087624972.8431;30.5748332508129;-0.00494603342190588;-8.84803697470925;-10.9383711391847;26.389074703521;0.214333471455257;7.66700419242843
34087624973.1143;30.5748332512088;-0.00494603341855753;-8.83577714102331;-10.9085105795859;26.4242900736776;0.223496069391872;7.66700419072634
34087624973.38;30.5748332516078;-0.00494603341505818;-8.82339238257567;-10.8804380032396;26.4598674450479;0.232028879905771;7.66700418893932
34087624973.6432;30.5748332520148;-0.00494603341137338;-8.81078201298;-10.8539328119109;26.4960974712718;0.239900478287182;7.66700418704539
34087624973.9054;30.5748332524323;-0.00494603340748665;-8.79790946452847;-10.8289584077261;26.5330867316423;0.247023820028197;7.66700418503014
34087624974.1661;30.5748332528602;-0.00494603340340734;-8.78481573165517;-10.8056250441866;26.5707189068432;0.253275973013056;7.66700418289085
34087624974.4242;30.5748332532969;-0.00494603339916398;-8.77158896668854;-10.784075821229;26.608741856177;0.258545799122825;7.66700418063385
34087624974.6814;30.5748332537456;-0.0049460333947385;-8.75816732811903;-10.7641720771205;26.6473342853796;0.262814317639268;7.66700417824045
34087624974.9362;30.5748332542045;-0.00494603339016384;-8.74463826460843;-10.7459816434892;26.686245321668;0.266038257860965;7.6670041757179
34087624975.1892;30.5748332546745;-0.00494603338544724;-8.73100922335083;-10.7294170381074;26.7254536744346;0.268236128055123;7.66700417305978
34087624975.4409;30.5748332551571;-0.00494603338058873;-8.71726776086167;-10.7143558940073;26.7649949533838;0.269450524112765;7.66700417025506
34087624975.6941;30.5748332556585;-0.00494603337554272;-8.70327988806612;-10.7005625594979;26.8052544026495;0.269734974590806;7.66700416726471
34087624975.9465;30.5748332561747;-0.00494603337036729;-8.6892005192491;-10.6880961878087;26.8457856168729;0.269141364048801;7.66700416410903
34087624976.1959;30.5748332567018;-0.00494603336511886;-8.67517309251773;-10.6769546318035;26.8861747697638;0.267761096666974;7.66700416081062
34087624976.4427;30.5748332572401;-0.00494603335980703;-8.66121338993129;-10.6670194244096;26.9263754056916;0.265687952472051;7.66700415736541
34087624976.6896;30.5748332577965;-0.00494603335438075;-8.64718433811588;-10.6580973032105;26.9667813882976;0.26297602066321;7.66700415372902
34087624976.9359;30.5748332583696;-0.00494603334886979;-8.63315914929589;-10.6501629892186;27.0071810744451;0.259702073026526;7.66700414990824
34087624977.1822;30.5748332589618;-0.0049460333432666;-8.61911123302546;-10.6431363060045;27.0476502979161;0.25592014301604;7.66700414588451
34087624977.4266;30.5748332595682;-0.00494603333763098;-8.60517827206744;-10.6370165714875;27.0877916537324;0.251730188473889;7.66700414168861
34087624977.6701;30.5748332601924;-0.00494603333194415;-8.59129911324453;-10.6317034810606;27.1277805714433;0.247178046781611;7.66700413729599
34087624977.9094;30.5748332608252;-0.00494603332629747;-8.57767552060266;-10.6271908650729;27.1670349908572;0.24239680862615;7.66700413276871
34087624978.143;30.574833261462;-0.00494603332073894;-8.56439684235739;-10.6234072833424;27.2052967703532;0.237488741893821;7.66700412814295
34087624978.3702;30.5748332621001;-0.00494603331529246;-8.55149478630256;-10.6202622473004;27.2424739627142;0.232530049195125;7.66700412344053
34087624978.5906;30.5748332627373;-0.00494603330997633;-8.5389876063724;-10.6176719258974;27.2785135266589;0.227581199093337;7.66700411868134
34087624978.8037;30.5748332633709;-0.00494603330481058;-8.52689912693872;-10.6155677980315;27.3133465081975;0.22269283457968;7.66700411388984
34087624979.0089;30.5748332639974;-0.00494603329981833;-8.51526065655562;-10.6138976078809;27.3468825142755;0.217906845397238;7.66700410909617
34087624979.2053;30.5748332646125;-0.0049460332950269;-8.50411426039844;-10.6126246926261;27.3790002656752;0.213258894593061;7.66700410433812
34087624979.3917;30.5748332652109;-0.00494603329046918;-8.49351840449476;-10.6117197904672;27.4095312930504;0.208785446727582;7.66700409966295
34087624979.5672;30.574833265787;-0.00494603328617445;-8.48352971370021;-10.6111499991067;27.4383124640105;0.204520625399227;7.66700409511847
34087624979.7319;30.57483326634;-0.00494603328213876;-8.47413330821875;-10.6108748471766;27.4653866904125;0.200467594427451;7.66700409071965
34087624979.8881;30.5748332668749;-0.00494603327831316;-8.46521515570423;-10.6108557101567;27.4910825716011;0.196585412354365;7.66700408643018
34087624980.0397;30.5748332674051;-0.00494603327459872;-8.45654841181889;-10.6110669606465;27.5160537229446;0.192782496440878;7.66700408214907
34087624980.1954;30.5748332679604;-0.00494603327079127;-8.44766285532312;-10.6115178439354;27.5416549312176;0.188857851233658;7.66700407763688
34087624980.3635;30.5748332685734;-0.004946033266686;-8.43808826366689;-10.6122719191459;27.5692409077958;0.184604019480708;7.66700407262485
34087624980.5482;30.5748332692633;-0.00494603326218878;-8.42761321005428;-10.6134328529571;27.5994206703916;0.17992036486177;7.66700406695071
34087624980.7431;30.5748332700102;-0.00494603325745958;-8.41661505197465;-10.6150681622119;27.6311069133104;0.174962579537743;7.66700406076556
34087624980.945;30.5748332708044;-0.00494603325258419;-8.4052969497332;-10.6172507600736;27.6637142861076;0.169807426519542;7.66700405414144
34087624981.1534;30.5748332716459;-0.0049460332475874;-8.3937173178351;-10.6200729497278;27.6970744790591;0.164466809258816;7.66700404707328
34087624981.3686;30.574833272539;-0.00494603324246895;-8.38187716536173;-10.6236469947406;27.7311845559804;0.158927331655473;7.66700403951862
34087624981.587;30.5748332734711;-0.00494603323732348;-8.36999698397842;-10.6280078917656;27.7654092720243;0.153282710601314;7.66700403157867
34087624981.8082;30.5748332744406;-0.00494603323217724;-8.35813584600785;-10.6332103670203;27.799578413102;0.147558315509668;7.66700402326168
34087624982.0325;30.5748332754509;-0.00494603322703198;-8.3462956616471;-10.6393197933441;27.8336864197609;0.141757680464224;7.66700401453736
34087624982.2603;30.5748332765058;-0.00494603322188794;-8.3344725934438;-10.646399222095;27.8677442698505;0.135886148044251;7.6670040053678
34087624982.4894;30.5748332775952;-0.00494603321681114;-8.32281478966731;-10.6543974211439;27.9013251326509;0.130029591588186;7.66700399583859
34087624982.7194;30.574833278718;-0.00494603321181833;-8.31135419124805;-10.6633020554864;27.9343369541735;0.124219707770069;7.66700398595689
34087624982.9508;30.5748332798778;-0.00494603320690528;-8.30007200355044;-10.6731332156542;27.9668338386327;0.118462826336677;7.66700397568902
34087624983.1841;30.5748332810768;-0.0049460332020762;-8.28896718077844;-10.6839003629975;27.9988187778466;0.112773361884321;7.66700396501631
34087624983.4185;30.5748332823127;-0.00494603319735049;-8.27807198665945;-10.6955783823336;28.03019884366;0.107181488218412;7.66700395395618
34087624983.6532;30.5748332835805;-0.00494603319275447;-8.26743290666005;-10.7081148827831;28.0608401777156;0.101722890911197;7.66700394255159
34087624983.8885;30.5748332848824;-0.00494603318828693;-8.25703041261336;-10.7215298344483;28.0907990685239;0.0963972559545573;7.6670039307835
34087624984.1248;30.5748332862208;-0.00494603318394612;-8.24684245093671;-10.7358597886504;28.1201390804245;0.0912011105281803;7.66700391862925
34087624984.3619;30.5748332875955;-0.00494603317973913;-8.23686646295532;-10.7511259960279;28.1488676374678;0.0861393114288119;7.66700390608973
34087624984.5995;30.5748332890037;-0.00494603317567996;-8.22711633612076;-10.7673293246055;28.1769448106479;0.0812233528358926;7.66700389319139
34087624984.837;30.5748332904428;-0.00494603317177878;-8.21759764382385;-10.7844867590084;28.2043546217299;0.0764587249601728;7.66700387995652
34087624985.0751;30.5748332919165;-0.00494603316802924;-8.20827557001114;-10.8027018812015;28.2311973958316;0.0718295238379752;7.66700386635157
34087624985.3149;30.5748332934325;-0.00494603316441755;-8.19910393651464;-10.8221100470932;28.2576061530845;0.0673176981207228;7.66700385230496
34087624985.561;30.574833295022;-0.00494603316088527;-8.18992611479526;-10.8431121286867;28.2840319044007;0.0628572395529734;7.66700383752932
34087624985.816;30.5748332967039;-0.00494603315741333;-8.1806907353442;-10.8659310063186;28.3106225448563;0.0584398575357128;7.66700382184367
34087624986.0813;30.5748332984923;-0.00494603315399978;-8.17140013579838;-10.8906633566451;28.3373713272518;0.0540874292688813;7.66700380511218
34087624986.3591;30.5748333004045;-0.00494603315064117;-8.1620535229453;-10.9174321071245;28.3642805333573;0.049818791457544;7.66700378716719
34087624986.6526;30.57483330247;-0.00494603314732073;-8.15261878769535;-10.9464507111811;28.3914426075021;0.0456410405018151;7.66700376772554
34087624986.968;30.5748333047391;-0.00494603314400448;-8.14300609271677;-10.9781977087106;28.4191161882564;0.0415354530195532;7.66700374630691
34087624987.3152;30.5748333072951;-0.00494603314063766;-8.13306905668269;-11.0134193962404;28.4477226644805;0.0374711624174763;7.66700372211322
34087624987.7191;30.574833310342;-0.00494603313707163;-8.12238137123783;-11.0540519648702;28.4784891978463;0.033330847176172;7.66700369320611
34087624988.2339;30.5748333143372;-0.00494603313302;-8.11011665603307;-11.1040199209798;28.5137944578245;0.0289169011046127;7.66700365523704
34087624989.0736;30.5748333211113;-0.00494603312743213;-8.09329503290794;-11.1769028682441;28.5622156128456;0.023560475866319;7.66700359089162
34087624990.8041;30.5748333358512;-0.00494603311824527;-8.06966326611151;-11.2749907665036;28.6302370698;0.0178442148554252;7.66700345090976
34087624997.5065;30.5748333969933;-0.00494603308620449;-8.03988810481345;-11.3205250205622;28.7159375455625;0.0150482530051429;7.66700286604196
34087625042.6737;30.5748338384132;-0.00494603285695056;-8.00997181969975;-11.2945069828049;28.802037232746;0.0149584999513886;7.66699861591937
34087625414.4076;30.5748378674972;-0.00494603075976927;-7.96502584279667;-11.248596192256;28.931344056415;0.0150590737627632;7.66695981405964
34087628467.1258;30.5748755419038;-0.00494601123818573;-7.90864029670829;-11.1941716728917;29.0930952648212;0.0150750427663999;7.66659937056569
34087650263.3176;30.575220833932;-0.00494583439283081;-7.80019406895968;-11.0907869638495;29.400475307353;0.0150577976489354;7.66342341175698
34087741966.2526;30.5777081914025;-0.00494458323498891;-7.56664503123055;-10.8650711333191;30.042242185308;0.0151114535580283;7.64308404403156
34088057997.1192;30.6254891348957;-0.0049214224441473;-6.82047478085654;-10.1349761174297;31.8148942528283;0.0154215898131562;7.39252913776548
34088985771.2149;30.7889857027384;-0.00484181377293933;-6.75393360219511;-10.0664818675461;29.1925837447358;0.0142142604686446;5.51248699010369
34091460919.7839;30.9204231541387;-0.00477375026839627;-7.27488214281466;-10.5606869654026;28.1215732000122;0.0145624614968196;5.79871799699617
34097965175.347;31.0578418552022;-0.00470233691820991;-7.67515175797986;-10.9594181896405;27.5845973608865;0.0143350831861832;6.20968957222415
34118388692.1222;31.2248241314662;-0.00461636123560773;-8.08746014945571;-11.3757548938363;27.031648620735;0.0139180306678539;6.63314027914545
34185976683.2371;31.4376784692306;-0.00450961972087629;-8.50178703320829;-11.8015361768787;26.4783405019274;0.0132782737830742;7.06023247230638
34311230218.3667;31.6482456226375;-0.00440743873260691;-8.77439936607213;-12.0884198933931;26.1164284167745;0.0126734033419556;7.34267689392151
34488797055.7134;31.8464863221625;-0.00431488052927448;-8.95216903800158;-12.2829469436759;25.882127839614;0.0120843159704077;7.52799463190581
34713848523.4765;32.036583891283;-0.00422946744032914;-9.07330528636407;-12.420757421395;25.7247182318157;0.0115584205342187;7.65577631018737
34963630047.8084;32.2149322745335;-0.00415255123987284;-9.14629113486986;-12.5115424890231;25.6337763410348;0.0110550633740831;7.73537117263977
35227839268.3919;32.3858193807812;-0.00408182995923393;-9.18923867427239;-12.5723978535062;25.5815048780904;0.0105868536566234;7.78303753617181
35496778902.6503;32.5511215496347;-0.00401624275327599;-9.21137625814002;-12.6128356797543;25.5570447833671;0.0101403095404604;7.80926680027758
35761754628.3432;32.7107752293426;-0.00395550561793623;-9.22002715759982;-12.6397517856226;25.5489328441978;0.00971959427921141;7.8204830873665
36014962232.3489;32.8630211899565;-0.00390000012638778;-9.22093096494818;-12.6591407906611;25.5502716075859;0.00931506083351416;7.82311557114922
36254637295.1764;33.0082850201997;-0.00384911071588117;-9.21746535865417;-12.6729954297711;25.5566050249209;0.00895309287997857;7.82068250458441
36485205305.8618;33.1500255694812;-0.00380149174631311;-9.21130494110716;-12.6850190591141;25.5661965778641;0.00858918596677538;7.81524401964011
36704970755.6172;33.2874939802772;-0.0037571014660689;-9.20375650416942;-12.6946715293869;25.577253639269;0.00825921715650963;7.80811544956141
36916948029.9097;33.4227100443378;-0.00371517856554726;-9.19526101336858;-12.7038379809159;25.5894258659029;0.0079338424944951;7.79991071816042
37120576546.7356;33.5553277124428;-0.00367567544322428;-9.18623721080549;-12.7122071744143;25.6022069927402;0.00762618683486497;7.79109684246621
37314741759.0238;33.6845289246773;-0.00363867887585297;-9.17690483348376;-12.7200099908729;25.6153295006707;0.00733490999983611;7.78191765134127
37500840262.6818;33.8111074902359;-0.00360382668399018;-9.16738271140095;-12.7275127849821;25.6286665405136;0.00705660709232627;7.77251690936753
37675348517.514;33.9324098079794;-0.00357167101548692;-9.15794687630037;-12.7345584325647;25.6418515699899;0.00679732171843656;7.76318054404795
37841682880.0773;34.0505903967202;-0.00354149396003744;-9.14843582902743;-12.7413051173308;25.6551545712339;0.00655096602843062;7.75377836602751
37998860898.9907;34.1647213293516;-0.00351339197452315;-9.13898844442562;-12.7476548050042;25.6683451756417;0.00632021002256932;7.74442352277991
38147086544.583;34.2747027664571;-0.00348728968380677;-9.12960396035517;-12.7542447282268;25.6814700113802;0.00609507580463495;7.73514570126421
38284598205.3167;34.378959729049;-0.00346336646729007;-9.12023445899457;-12.7595199562282;25.694712176557;0.00589601065916366;7.72597509085025
38412026143.4849;34.4777156030774;-0.00344130034389938;-9.11070171908591;-12.7615386137524;25.7082806912355;0.00574428710673111;7.71670861675592
38530762084.8261;34.5717508170221;-0.00342090423497345;-9.1012916827086;-12.7650348770294;25.7214256415755;0.0055789419421582;7.70739510716106
38644066239.0431;34.6632470079709;-0.00340215083778263;-9.09284281880083;-12.7811658813218;25.7325573967697;0.0052742399939617;7.69858488149929
38751199088.997;34.7511267235796;-0.00338577937142675;-9.08603401537959;-12.8158350782451;25.7411422832479;0.00479542112685731;7.69122692116382
38846982161.8483;34.8309270796858;-0.00337234286197019;-9.07928393630947;-12.8530023035654;25.7511241410722;0.00433588570178979;7.68491527993676
38919537233.2126;34.8927342468266;-0.00336154612361207;-9.06962893494274;-12.8273751965512;25.7684529827615;0.00450134276684302;7.6779261726241
38958994652.7905;34.9272541428519;-0.00335325940352359;-9.05805920107005;-12.6777460106596;25.7914652887617;0.00619140490350161;7.67105247233768
38971210328.3523;34.938126200361;-0.00334950521912001;-9.05060574871557;-12.5124018885734;25.8078992849421;0.0089116170424519;7.66769971412407
38973085936.5155;34.9398059348177;-0.00334879267135296;-9.04790148318862;-12.4203281308026;25.814709257329;0.0109506674494296;7.66704975341641
38973193544.9102;34.9399025110182;-0.00334874773111955;-9.0469760369977;-12.3792108288358;25.8173109839925;0.0120136842739734;7.66700868123815
38973202011.8607;34.9399101245946;-0.00334874388435478;-9.04613830830726;-12.3426313884519;25.8197166061145;0.0130454297681057;7.66700528794812
38973202731.4741;34.9399107729706;-0.0033487435299001;-9.04527232130085;-12.3075385432055;25.8222081290676;0.014116503993938;7.66700498578183
38973202801.4784;34.9399108361791;-0.00334874349256123;-9.04434997988869;-12.272963664202;25.8248621789899;0.0152554255981688;7.66700495498606
38973202810.8847;34.9399108446925;-0.00334874348711277;-9.04331411259702;-12.2371461801212;25.8278428927354;0.0165293611420624;7.66700495063454
38973202814.2577;34.9399108477544;-0.00334874348496695;-9.04202423745746;-12.1964143247634;25.8315544459153;0.0181034127754018;7.66700494898135
38973202816.3333;34.939910849645;-0.00334874348351203;-9.04055373887884;-12.1543199130057;25.8357856362827;0.0198817907355077;7.6670049478978
38973202817.8401;34.9399108510227;-0.00334874348234588;-9.03889514459962;-12.1113047722589;25.8405579240942;0.0218721894331599;7.66700494705734
38973202819.0034;34.9399108520908;-0.00334874348135149;-9.03705746942022;-12.0681115375841;25.8458453270694;0.0240622742755865;7.66700494636188
38973202819.9685;34.9399108529811;-0.00334874348043921;-9.03500705498669;-12.0244375631992;25.8517446380354;0.0264886209785902;7.66700494574175
38973202820.7952;34.9399108537478;-0.00334874347957534;-9.03275267467764;-11.9808967983759;25.8582305568;0.0291376605612674;7.66700494516946
38973202821.5232;34.9399108544268;-0.00334874347873476;-9.030281883872;-11.9375864180287;25.8653388254143;0.0320194330398402;7.66700494462555
38973202822.1963;34.9399108550586;-0.00334874347787409;-9.02749504251946;-11.893244061055;25.8733560134112;0.0352455056730681;7.66700494408145
38973202822.8094;34.9399108556381;-0.00334874347700688;-9.0244629839538;-11.8493846622403;25.8820782430327;0.0387326728347963;7.66700494354399
38973202823.3538;34.9399108561565;-0.00334874347615946;-9.02131789080761;-11.8078364332499;25.8911252000024;0.0423284516343856;7.66700494302694
38973202823.8732;34.9399108566549;-0.00334874347526937;-9.01786724477926;-11.7660739621925;25.9010505870265;0.0462498855836742;7.66700494249287
38973202824.3568;34.9399108571229;-0.00334874347435939;-9.01420753709318;-11.7254195680775;25.911576752227;0.0503827432282885;7.6670049419544
38973202824.8018;34.9399108575575;-0.0033487434734433;-9.01040268570262;-11.6864897607114;25.9225197845915;0.0546499966423638;7.66700494141857
38973202825.2348;34.9399108579842;-0.00334874347246779;-9.00624201059163;-11.6471924500604;25.9344855081369;0.0592825938294961;7.66700494085529
38973202825.6486;34.9399108583964;-0.00334874347144784;-9.00178228689575;-11.6082603916395;25.947310489383;0.0642117112315619;7.66700494027292
38973202826.0417;34.9399108587921;-0.00334874347038986;-8.99704885129024;-11.5699907619934;25.9609217330906;0.0694029925819291;7.66700493967481
38973202826.4267;34.9399108591844;-0.00334874346925684;-8.99187370862748;-11.5312156919447;25.9758021508598;0.0750286244713289;7.66700493904097
38973202826.7983;34.9399108595679;-0.0033487434680613;-8.98630057443007;-11.4925013299344;25.991825835299;0.0810281704017519;7.66700493837836
38973202827.1531;34.9399108599391;-0.00334874346681481;-8.98037698771114;-11.4542725974737;26.0088559062827;0.087342504079689;7.66700493769313
38973202827.4992;34.9399108603067;-0.00334874346548554;-8.97395157247053;-11.415691641326;26.0273273337793;0.0941216441931689;7.6670049369686
38973202827.8336;34.9399108606674;-0.00334874346408254;-8.96705483482099;-11.3771458633316;26.0471521689879;0.101313943204261;7.66700493620973
38973202828.1592;34.9399108610248;-0.00334874346258827;-8.95959562029508;-11.3383261655318;26.0685921813893;0.108990095407209;7.66700493540757
38973202828.477;34.93991086138;-0.00334874346099351;-8.95156445649428;-11.2993778797375;26.0916743048058;0.117135497238555;7.66700493455733
38973202828.7894;34.9399108617362;-0.00334874345927808;-8.94295624220615;-11.2603183576345;26.1164127631513;0.125762571370258;7.66700493364871
38973202829.093;34.9399108620897;-0.00334874345745644;-8.93391511171767;-11.2218447371036;26.1423930325294;0.134714925197156;7.66700493268918
38973202829.392;34.9399108624456;-0.00334874345549754;-8.92439102939479;-11.1837205349438;26.1697586026306;0.144035721047126;7.66700493166324
38973202829.6835;34.9399108628005;-0.00334874345341771;-8.91454252529555;-11.1465699982414;26.198053820309;0.1535470782903;7.66700493057916
38973202829.9723;34.9399108631605;-0.00334874345117619;-8.90427437380175;-11.1100147722929;26.2275522201933;0.163311723416556;7.66700492941667
38973202830.2578;34.9399108635252;-0.0033487434487701;-8.89364420532047;-11.0742922728988;26.2580883250298;0.173226781843232;7.66700492817436
38973202830.5375;34.9399108638917;-0.00334874344621751;-8.88276516290429;-11.0398206127024;26.2893375103303;0.183115114239118;7.66700492686077
38973202830.8149;34.9399108642645;-0.00334874344348404;-8.87152834345896;-11.0063039963767;26.3216131774634;0.192990908041723;7.66700492545809
38973202831.0883;34.9399108646419;-0.00334874344058175;-8.86001328413338;-10.9740439163648;26.3546876468116;0.202687628398672;7.66700492397092
38973202831.3612;34.939910865029;-0.00334874343746825;-8.84809152708255;-10.9427610590198;26.3889308764686;0.21220336362164;7.66700492237601
38973202831.6325;34.939910865425;-0.00334874343415128;-8.83582993350466;-10.9127343463541;26.4241520524065;0.221358726144235;7.66700492067396
38973202831.8982;34.9399108658239;-0.00334874343068523;-8.82344855131189;-10.8845336379667;26.4597204401967;0.229879458098931;7.66700491888775
38973202832.1614;34.9399108662308;-0.00334874342703431;-8.81084020571808;-10.8579191731576;26.4959453284724;0.237739010916755;7.6670049169945
38973202832.4236;34.9399108666484;-0.00334874342318122;-8.79796557344905;-10.8328479466218;26.5329412089534;0.244851642431359;7.66700491497935
38973202832.6844;34.9399108670764;-0.00334874341913649;-8.78486895820461;-10.8094366876802;26.5705822453492;0.251092269337707;7.66700491284003
38973202832.9426;34.9399108675131;-0.00334874341492898;-8.77164032713684;-10.7878305458264;26.6086110693495;0.256349212075984;7.66700491058319
38973202833.1996;34.9399108679616;-0.00334874341054325;-8.75822471479739;-10.7678983274264;26.6471866067809;0.260602003730244;7.66700490819141
38973202833.4545;34.9399108684204;-0.00334874340600746;-8.74469667751348;-10.7496869486183;26.6860950452823;0.263812128163164;7.66700490566967
38973202833.7074;34.9399108688903;-0.00334874340133048;-8.73106647013998;-10.7331128004569;26.7253070250193;0.265996776014902;7.66700490301199
38973202833.9589;34.9399108693725;-0.00334874339651679;-8.71733350213345;-10.7180653575895;26.764824049877;0.267197590348778;7.66700490020978
38973202834.2118;34.9399108698731;-0.00334874339152118;-8.70336559765163;-10.7043066988852;26.8050261293908;0.267470034472317;7.66700489722469
38973202834.4641;34.9399108703891;-0.0033487433863916;-8.68928945158398;-10.6918683693657;26.845548086795;0.266866068311586;7.66700489407094
38973202834.7136;34.9399108709161;-0.00334874338118864;-8.6752607949363;-10.6807612050482;26.8859407324592;0.265475731916448;7.66700489077354
38973202834.9603;34.9399108714541;-0.00334874337592512;-8.66130406545461;-10.6708727918847;26.9261326960921;0.263393622523121;7.66700488733048
38973202835.2072;34.9399108720103;-0.00334874337054853;-8.64727659088289;-10.6620055351303;26.9665339677954;0.260673081281344;7.66700488369605
38973202835.4535;34.9399108725836;-0.00334874336508506;-8.63324333553995;-10.6541296233031;27.0069566713988;0.257388630968767;7.6670048798747
38973202835.7001;34.9399108731761;-0.00334874335952989;-8.61918416811793;-10.6471697329834;27.0474580448754;0.253595119354304;7.66700487584934
38973202835.9443;34.9399108737822;-0.00334874335394906;-8.60525385114515;-10.6411316892878;27.0875914832195;0.24939776255564;7.66700487165588
38973202836.1878;34.9399108744061;-0.00334874334831817;-8.59137555692959;-10.635907461702;27.127577574633;0.244838161272806;7.66700486726527
38973202836.4271;34.9399108750388;-0.00334874334272791;-8.57775148871726;-10.6314897440475;27.1668330053458;0.240049473529254;7.66700486273965
38973202836.6607;34.9399108756755;-0.00334874333722503;-8.56447120828746;-10.6278061808992;27.2050990276533;0.235133949393825;7.66700485811517
38973202836.8878;34.9399108763134;-0.00334874333183501;-8.55156749073817;-10.624765778554;27.2422806258749;0.230168122164446;7.66700485341399
38973202837.1083;34.9399108769506;-0.00334874332657467;-8.53905830615748;-10.6222838823587;27.2783255820427;0.225212313765012;7.66700484865586
38973202837.3214;34.939910877584;-0.00334874332146499;-8.52696806129463;-10.6202913087893;27.3131632685822;0.220317377435803;7.66700484386546
38973202837.5266;34.9399108782105;-0.00334874331652803;-8.51532783455741;-10.6187349584855;27.3467039593358;0.21552510497531;7.66700483907282
38973202837.723;34.9399108788255;-0.00334874331179084;-8.50417959861499;-10.6175773197812;27.378826644799;0.210871122944825;7.66700483431569
38973202837.9094;34.9399108794237;-0.00334874330728619;-8.49358231534582;-10.6167881327942;27.4093614301097;0.206392114398246;7.66700482964151
38973202838.0848;34.9399108799998;-0.00334874330304241;-8.48359201704059;-10.6163332766365;27.4381468932885;0.202121967553461;7.66700482509785
38973202838.2496;34.9399108805527;-0.00334874329905537;-8.47419383131985;-10.6161718326104;27.4652259253035;0.198063830773307;7.66700482069967
38973202838.4058;34.9399108810877;-0.00334874329527685;-8.46527429094703;-10.6162659937868;27.4909254942309;0.194176942294121;7.66700481641094
38973202838.5574;34.9399108816177;-0.00334874329160965;-8.45660672561243;-10.6165926242388;27.515898706877;0.190369690310615;7.66700481213081
38973202838.7131;34.9399108821728;-0.00334874328785205;-8.44772148258124;-10.6171673466878;27.5414986960157;0.18644112077443;7.66700480762024
38973202838.8812;34.9399108827858;-0.00334874328380143;-8.43814611081227;-10.6180616519885;27.5690865769277;0.18218257495086;7.66700480260943
38973202839.0658;34.9399108834753;-0.00334874327936669;-8.42767203246198;-10.6193843606643;27.599263150785;0.177494605847765;7.66700479693767
38973202839.2607;34.9399108842221;-0.00334874327470372;-8.41667254091374;-10.6212005756538;27.6309528331249;0.172531273018034;7.66700479075378
38973202839.4626;34.9399108850163;-0.00334874326989907;-8.40535323203657;-10.6235823622943;27.6635632624459;0.167370529204675;7.66700478413109
38973202839.671;34.9399108858575;-0.00334874326497762;-8.39377292872758;-10.6266237819063;27.69692495334;0.162024504167992;7.6670047770648
38973202839.8861;34.9399108867505;-0.00334874325993898;-8.38193203567692;-10.6304405930183;27.7310367096302;0.156479535547875;7.66700476951211
38973202840.1046;34.9399108876824;-0.00334874325487665;-8.37004992009137;-10.6350671993918;27.7652665333604;0.150828901324379;7.66700476157343
38973202840.3258;34.9399108886518;-0.00334874324981667;-8.35818708497465;-10.640559714422;27.7994400909635;0.145098665920437;7.6670047532579
38973202840.55;34.9399108896619;-0.00334874324476188;-8.34634551365244;-10.6469867156176;27.8335516127092;0.139292401079427;7.66700474453534
38973202840.7779;34.9399108907166;-0.00334874323971217;-8.33452120642268;-10.6544151191905;27.8676125443863;0.133415365691539;7.66700473536774
38973202841.0069;34.9399108918059;-0.00334874323473241;-8.32286110656592;-10.6627937143309;27.9011995334594;0.127552879483677;7.66700472583965
38973202841.2369;34.9399108929287;-0.00334874322983952;-8.31139840533504;-10.6721113551889;27.9342169270123;0.121737268099417;7.66700471595918
38973202841.4684;34.9399108940885;-0.00334874322502987;-8.30011437281239;-10.6823919375968;27.966718643528;0.115974884446051;7.66700470569275
38973202841.7016;34.9399108952872;-0.00334874322030821;-8.28900805821233;-10.6936485404578;27.9987074025469;0.110280188503196;7.66700469502178
38973202841.936;34.939910896523;-0.00334874321569314;-8.27811091934264;-10.7058595008396;28.0300925997512;0.104682949588305;7.66700468396289
38973202842.1707;34.9399108977907;-0.00334874321121068;-8.26746967492061;-10.7189739911632;28.0607397079727;0.0992189893599394;7.66700467255917
38973202842.406;34.9399108990925;-0.00334874320685969;-8.25706546156673;-10.7330164752637;28.0907031012053;0.0938883260214866;7.6670046607923
38973202842.6423;34.9399109004308;-0.00334874320263869;-8.24687579367573;-10.7480306342116;28.1200475878351;0.0886872545335539;7.66700464863915
38973202842.8795;34.9399109018055;-0.003348743198555;-8.23689834296958;-10.7640438792419;28.1487799289259;0.0836207463347683;7.6670046361009
38973202843.1171;34.9399109032136;-0.00334874319462219;-8.22714661224329;-10.781063912901;28.1768613042282;0.0787001053266797;7.66700462320348
38973202843.3546;34.9399109046525;-0.00334874319085022;-8.21762640531947;-10.7991151130295;28.2042750724665;0.0739309409926583;7.66700460996946
38973202843.5926;34.9399109061262;-0.00334874318723303;-8.20830286528283;-10.8183146031705;28.2311216751513;0.0692973131183754;7.66700459636525
38973202843.8324;34.9399109076421;-0.00334874318375773;-8.19913018472992;-10.8388146422607;28.2575330634277;0.0647813190818469;7.6670045823199
38973202844.0785;34.9399109092313;-0.00334874318036861;-8.18995156367169;-10.8610536007174;28.2839607364005;0.0603167855402436;7.66700456754592
38973202844.3335;34.9399109109132;-0.00334874317704807;-8.18071537030205;-10.8852888378266;28.310553343745;0.0558952483889466;7.66700455186202
38973202844.5989;34.9399109127013;-0.00334874317379584;-8.17142409404628;-10.9116496481219;28.3373037031421;0.0515386419495109;7.66700453513269
38973202844.8765;34.9399109146132;-0.00334874317060984;-8.16207763312402;-10.9402986631982;28.3642121074302;0.0472660918188895;7.66700451719178
38973202845.17;34.9399109166779;-0.00334874316747661;-8.15264406389484;-10.971507222829;28.3913704678854;0.0430847123468562;7.66700449775698
38973202845.4852;34.9399109189459;-0.00334874316436618;-8.14303319275046;-11.0058505957039;28.4190384473617;0.0389755252489453;7.66700447634795
38973202845.8324;34.9399109215012;-0.0033487431612307;-8.13309609395771;-11.0442361221544;28.4476447568116;0.0349064986019689;7.66700445216115
38973202846.236;34.9399109245458;-0.00334874315794195;-8.12241274222936;-11.0889062397691;28.4783984608393;0.0307625310243006;7.66700442327584
38973202846.7501;34.9399109285355;-0.00334874315425556;-8.1101581683418;-11.1445038492861;28.5136741510948;0.0263455640623137;7.66700438535704
38973202847.5881;34.939910935294;-0.00334874314928983;-8.09335983256625;-11.2272239553528;28.5620278173584;0.0209857703012718;7.66700432115967
38973202849.3126;34.9399109499799;-0.00334874314146402;-8.06975943113806;-11.3431304672378;28.6299585090589;0.0152563162451961;7.66700418168996
38973202855.9773;34.9399110107652;-0.00334874311515565;-8.03998157552076;-11.40368646792;28.7156665130297;0.0124283652686092;7.66700360026234
38973202900.7885;34.9399114485585;-0.00334874292785569;-8.01011799848101;-11.3788494283145;28.801614541708;0.0123221191518653;7.66699938490175
38973203269.7312;34.9399154459835;-0.00334874121470779;-7.96517855530715;-11.3331640147064;28.930903032532;0.0123987108022744;7.66696088987326
38973206298.0655;34.9399527946749;-0.00334872531157259;-7.90892842562764;-11.2797210649932;29.0922691092611;0.0123875367770834;7.66660353466283
38973227973.7562;34.9402957746658;-0.00334858156582915;-7.80070416226758;-11.1783779533848;29.3990411251089;0.0123213806500786;7.66344817630066
38973319216.0109;34.942762801059;-0.00334757290311406;-7.5680222125504;-10.9564500407545;30.0385348458677;0.0122814860020877;7.6432574760461
38973634100.9608;34.9900278299024;-0.00332921389881325;-6.82361197661159;-10.2343027802932;31.8100989941908;0.0123558952260007;7.3953602933219
38974558790.2192;35.1537697907476;-0.00326563755750908;-6.75183582581075;-10.1627002811772;29.2028514259464;0.0113386357395981;5.51531530116777
38977024621.0554;35.2851870666495;-0.00321028102297561;-7.27331081869254;-10.648794385009;28.1236767203563;0.0118464583206026;5.79710374318564
38983507841.6811;35.4225799358371;-0.00315203625663124;-7.67382660797037;-11.0465338936256;27.5863732451233;0.0116946525205478;6.20832984336101
39003830248.2911;35.5893610602208;-0.00308190028214024;-8.08582823908269;-11.4620343008743;27.0338292213786;0.0113684564945298;6.63146106993636
39071203401.9917;35.8021386664982;-0.00299480528242127;-8.50056095809575;-11.8884936548227;26.4799693450841;0.01083888931273;7.05896511477615
39196227945.0841;36.0127180255213;-0.00291156977535889;-8.77357947665952;-12.1766866465181;26.1175076200544;0.0103234429055445;7.34182347253336
39373595001.4449;36.2109910207001;-0.00283645449411507;-8.95160939115813;-12.3731446607434;25.8828595410982;0.00980566350990341;7.52740954073655
39598510571.9457;36.4011303138671;-0.00276741981820389;-9.07294764679354;-12.5129522315418;25.7251689344058;0.00934014569301752;7.65539198637073
39848205808.0138;36.5795034334007;-0.00270558113034869;-9.14608084885621;-12.6061499907461;25.6340305477581;0.00888684807250111;7.73513897000669
40112437901.4409;36.7504500199796;-0.00264903838524007;-9.18912513222685;-12.6696086762138;25.5816346905251;0.00846144915037857;7.7829082993245
40381070660.2911;36.9155876564763;-0.00259700075971496;-9.21131290775429;-12.7128415007947;25.5571039592633;0.00805347002386672;7.80918692122668
40646153089.1028;37.0753117629012;-0.00254907570216867;-9.22001047399609;-12.7428182981184;25.5489386484667;0.00766593335458854;7.82045732013058
40899406354.9411;37.2275813188752;-0.00250562296550369;-9.22094197321885;-12.7655379209028;25.5502435727587;0.00729120143939335;7.82312047416111
41136613297.1106;37.3713231161518;-0.00246648125004304;-9.21754432431186;-12.7824875395442;25.5564719934698;0.00695917383738755;7.82074796535782
41367172399.8876;37.5130206933828;-0.00242979264863989;-9.21141984874102;-12.7982511169701;25.5660216866065;0.00661960209520571;7.81535065333627
41587603819.3557;37.650869670037;-0.00239577931480654;-9.20386995090594;-12.8116242956967;25.5770854219694;0.00631097862354138;7.80822375265469
41797414984.2989;37.7846367153218;-0.00236436751815873;-9.19547946087069;-12.8247358178518;25.5891122602083;0.00600895376738284;7.80012382460318
42000807338.3394;37.9170240334725;-0.0023347847551532;-9.18648823833024;-12.8372958885227;25.6018483881833;0.0057208909731748;7.79134255465344
42195375700.1197;38.0464195099297;-0.00230727246834999;-9.1771531281805;-12.8495455320945;25.6149777302301;0.0054463002344975;7.78216269044665
42380885872.6971;38.1725122934063;-0.00228176201019763;-9.16767749763244;-12.8616494710941;25.6282502626164;0.00518497877369974;7.77280827027498
42556428488.435;38.294462369835;-0.00225827398008796;-9.15820048860338;-12.8735359704699;25.6414929442204;0.00493864518963645;7.76343125807475
42722167018.0653;38.4121375980307;-0.0022366861777443;-9.14873843246528;-12.885215048585;25.6547281584506;0.00470642130172367;7.7540780153191
42879914367.9286;38.5266072824726;-0.00221667489962211;-9.13927158627879;-12.8966872439313;25.6679455664849;0.00448720025795589;7.74470366661045
43028226643.2555;38.6365783566882;-0.00219837804753617;-9.12989863032924;-12.9088007204641;25.6810519729905;0.00427278184479692;7.73543571261593
43165949769.1717;38.7409217169334;-0.00218180043980394;-9.12054205285872;-12.9194850124464;25.694270822855;0.00408219115874762;7.72627438776205
43293029623.9134;38.8393253379242;-0.0021667230096768;-9.11106563013199;-12.9257493852255;25.707760293073;0.00393895016912408;7.71706341049347
43411951842.1413;38.9334321430514;-0.00215287554127082;-9.10164197178477;-12.9338926184556;25.7209451419804;0.00378474197210304;7.70775037136684
43525211453.4849;39.0248282624817;-0.00214046164687361;-9.09314731048616;-12.9601670203891;25.7321708093639;0.00349507673881005;7.69891483567799
43632763277.0978;39.1130018449119;-0.00213009694830526;-9.08627929231089;-13.016061102307;25.7408160073008;0.00302580196319454;7.69148331944732
43729544820.2209;39.1935796530388;-0.00212209614693907;-9.0795770928314;-13.0826590539627;25.7506251326192;0.00255685332637356;7.68514836347738
43803304970.0463;39.2563498040102;-0.00211556882341152;-9.07006861701482;-13.053086651122;25.7676048395779;0.00267951392047541;7.67820775330372
43844020678.6756;39.2919352002294;-0.00210963195679452;-9.05849019203056;-12.8362047060115;25.790556514142;0.00430275085484551;7.67127674582967
43856907754.6255;39.3033982779963;-0.0021065180412588;-9.05085314931192;-12.6168475597867;25.8073235089118;0.0070104929272927;7.66779329211776
43858950030.754;39.3052267196171;-0.00210587415137228;-9.04803336249988;-12.5013028573076;25.8143883694139;0.00909059573422952;7.6670913911922
43859069583.9666;39.3053339877452;-0.00210583191010034;-9.04709054897336;-12.451824263958;25.817033673411;0.0101665271837729;7.66704599086678
43859078871.9048;39.3053423373299;-0.00210582828952577;-9.04625443979619;-12.4091418218052;25.8194342376411;0.0111959084785376;7.6670422850848
43859079659.4325;39.3053430467046;-0.00210582795257908;-9.04539012453022;-12.3687046118163;25.8219209821515;0.0122651837944314;7.66704195584436
43859079735.67;39.3053431155221;-0.00210582791686599;-9.04446999165287;-12.3293414448086;25.8245687502731;0.0134017534716043;7.66704192245058
43859079745.6467;39.3053431245492;-0.00210582791173887;-9.04343983141985;-12.2891145353385;25.827533127783;0.0146692605812824;7.66704191785541
43859079749.0825;39.3053431276671;-0.00210582790978067;-9.04216694357786;-12.2441665335043;25.8311959070919;0.0162235138263009;7.66704191617919
43859079751.1879;39.3053431295841;-0.00210582790844577;-9.04070704491418;-12.1978873655199;25.8353967191526;0.0179901512317673;7.66704191508552
43859079752.7096;39.3053431309749;-0.0021058279073712;-9.03906236435362;-12.1510885131888;25.8401291099163;0.0199649639545652;7.66704191424111
43859079753.8813;39.3053431320503;-0.00210582790645009;-9.03724063936101;-12.1045013003423;25.8453707726083;0.0221371702892952;7.66704191354437
43859079754.8541;39.3053431329474;-0.00210582790559814;-9.03520253106105;-12.0576231448492;25.8512348469634;0.0245505190955259;7.66704191292273
43859079755.6896;39.3053431337218;-0.00210582790478357;-9.03295085573226;-12.0110057547051;25.8577131703006;0.0271978901088744;7.66704191234751
43859079756.4223;39.3053431344049;-0.00210582790398941;-9.03048874938339;-11.9650476656297;25.8647966575257;0.0300711579777032;7.66704191180296
43859079757.0916;39.3053431350328;-0.0021058279031825;-9.02774486165477;-11.9188013921072;25.8726905038535;0.0332494957200155;7.66704191126496
43859079757.7052;39.3053431356124;-0.00210582790236045;-9.02474091810136;-11.872981519898;25.8813321073033;0.0367067575960983;7.66704191073037
43859079758.2528;39.3053431361334;-0.00210582790154965;-9.02160760094403;-11.8295294762443;25.8903454529212;0.0402917350938697;7.66704191021357
43859079758.782;39.3053431366409;-0.00210582790068232;-9.01811876567085;-11.7854234106882;25.9003809752575;0.0442589908408256;7.66704190967245
43859079759.2606;39.3053431371038;-0.0021058278998191;-9.01452220725801;-11.7438488456978;25.9107258052226;0.0483228944791493;7.66704190914237
43859079759.7065;39.3053431375388;-0.00210582789893694;-9.01073963728059;-11.7036812090741;25.9216050704222;0.0525678624534302;7.66704190860873
43859079760.1394;39.3053431379651;-0.00210582789799712;-9.00661183337282;-11.6633228807007;25.9334766037654;0.0571675649988619;7.66704190804893
43859079760.5519;39.3053431383756;-0.00210582789701547;-9.00220217218785;-11.6235616311493;25.9461579885357;0.0620459729620218;7.66704190747202
43859079760.9498;39.3053431387758;-0.00210582789597865;-8.99744909340934;-11.583972778443;25.9598261150172;0.0672632881836841;7.66704190687046
43859079761.3356;39.3053431391685;-0.00210582789487705;-8.99230043463777;-11.5443336296197;25.9746308084878;0.0728645334431911;7.66704190623904
43859079761.7043;39.3053431395486;-0.00210582789372491;-8.9868123305672;-11.5052199929698;25.9904104751232;0.0787780952815364;7.66704190558562
43859079762.0612;39.3053431399216;-0.00210582789250474;-8.98090119307759;-11.4661386273366;26.007405248231;0.0850862905953611;7.66704190490079
43859079762.4072;39.3053431402885;-0.0021058278912103;-8.97452973033197;-11.4270143153024;26.0257221067499;0.0918159650388998;7.66704190418135
43859079762.7423;39.3053431406495;-0.00210582788983846;-8.96767222368922;-11.387877692852;26.045434744127;0.0989751438908204;7.66704190342585
43859079763.0685;39.3053431410069;-0.00210582788837666;-8.96026085424279;-11.3485387680722;26.0667378439412;0.106612657839054;7.66704190262787
43859079763.3863;39.3053431413616;-0.00210582788681724;-8.95228747233909;-11.3091534385067;26.0896545528382;0.114710286003462;7.66704190178339
43859079763.6995;39.3053431417182;-0.00210582788513327;-8.94371019879087;-11.269573887988;26.1143048084824;0.123314679846453;7.66704190087848
43859079764.0043;39.3053431420724;-0.00210582788334085;-8.9346856208668;-11.2305657602958;26.1402382523212;0.132260269151071;7.66704189992165
43859079764.3045;39.3053431424291;-0.00210582788141107;-8.92517031757488;-11.1919279283617;26.1675793697746;0.14158131422145;7.66704189889827
43859079764.5949;39.305343142782;-0.00210582787937682;-8.9154014163514;-11.1545783552478;26.1956466652817;0.151026161692713;7.66704189782518
43859079764.8829;39.3053431431402;-0.00210582787718112;-8.90520217937737;-11.1177991475855;26.2249478942322;0.160737668933936;7.66704189667349
43859079765.1671;39.3053431435023;-0.00210582787482821;-8.89466420403009;-11.0819411202432;26.2552199685203;0.170584177176805;7.66704189544549
43859079765.4475;39.3053431438688;-0.00210582787231176;-8.88380132867895;-11.0471008984248;26.2864234852319;0.180481183646112;7.66704189413781
43859079765.7254;39.3053431442414;-0.00210582786961688;-8.87258545395486;-11.0132547211333;26.3186397048073;0.190368098327863;7.66704189274204
43859079766.0007;39.3053431446205;-0.00210582786673774;-8.86102938056662;-10.9805181957993;26.3518326113529;0.200134521839756;7.66704189125406
43859079766.2722;39.3053431450047;-0.00210582786368544;-8.84920552465693;-10.949154243271;26.3857951679495;0.20961457075138;7.66704188967718
43859079766.542;39.3053431453974;-0.00210582786043439;-8.8370484662581;-10.9190522979243;26.4207164661564;0.218746321628311;7.66704188799556
43859079766.8084;39.3053431457963;-0.00210582785700671;-8.8246678961901;-10.8905389129866;26.4562827634406;0.227330552192972;7.66704188621622
43859079767.0726;39.3053431462037;-0.00210582785338922;-8.81204201613815;-10.8635971361069;26.4925581209752;0.235271204449927;7.66704188432759
43859079767.334;39.3053431466187;-0.00210582784959694;-8.79923733636385;-10.8383905549233;26.5293529107065;0.242422786283523;7.66704188233131
43859079767.5941;39.3053431470441;-0.00210582784561377;-8.78620692675739;-10.8148369866314;26.5668033954107;0.248719159802527;7.66704188021179
43859079767.8522;39.3053431474794;-0.00210582784145722;-8.77300717952143;-10.7930333178379;26.6047487475574;0.254058086945417;7.66704187796977
43859079768.1094;39.3053431479269;-0.00210582783711712;-8.75960122005641;-10.7728909100441;26.6432959600639;0.258403421050871;7.66704187559041
43859079768.3649;39.3053431483853;-0.00210582783262104;-8.74606405304183;-10.7544671650815;26.6822300030815;0.261709213001632;7.66704187307829
43859079768.6183;39.3053431488546;-0.00210582782798438;-8.7324269267457;-10.7377103599078;26.7214611880323;0.263983492005541;7.66704187043116
43859079768.87;39.3053431493355;-0.00210582782321785;-8.71870598850314;-10.7225259983671;26.7609428744861;0.265265885461014;7.66704186764403
43859079769.1234;39.3053431498356;-0.00210582781826106;-8.70472161755545;-10.7086231241288;26.8011916188481;0.265615000033203;7.66704186466903
43859079769.3753;39.3053431503491;-0.00210582781318992;-8.69068011809515;-10.6961090346694;26.8416131221569;0.265081668715186;7.66704186153764
43859079769.6245;39.3053431508738;-0.00210582780804156;-8.67667311958858;-10.6849309704305;26.8819427107505;0.263756274809433;7.66704185826117
43859079769.8717;39.3053431514113;-0.00210582780281667;-8.66269470679808;-10.6749574597878;26.9221964548792;0.261726523227749;7.6670418548296
43859079770.1189;39.3053431519664;-0.00210582779748308;-8.64865375731342;-10.666028991446;26.962635911143;0.259052097557569;7.66704185120947
43859079770.365;39.3053431525374;-0.00210582779207447;-8.63463447144736;-10.6581225520765;27.0030177828175;0.255813948904186;7.66704184741081
43859079770.6106;39.3053431531256;-0.00210582778659177;-8.62063110351423;-10.6511629297343;27.0433578404522;0.252074426972077;7.66704184342191
43859079770.8549;39.30534315373;-0.00210582778105936;-8.6066926986454;-10.6451055512702;27.0835140423659;0.247908923810106;7.66704183924786
43859079771.099;39.3053431543533;-0.00210582777546628;-8.59277940401653;-10.6398663294885;27.1236004806732;0.243366285379628;7.66704183486869
43859079771.3389;39.3053431549856;-0.00210582776991227;-8.57911638954221;-10.6354486574783;27.1629676824879;0.238585996095938;7.6670418303526
43859079771.5731;39.3053431556219;-0.00210582776444616;-8.56579996963689;-10.6317809774869;27.2013374393343;0.233673385191251;7.66704182573763
43859079771.8009;39.3053431562597;-0.00210582775909107;-8.55285918905332;-10.6287693353826;27.2386254760789;0.228704674873969;7.66704182104449
43859079772.0219;39.3053431568968;-0.00210582775386469;-8.54031142477521;-10.6263269759738;27.2747812747445;0.223741077545371;7.66704181629255
43859079772.2358;39.3053431575307;-0.00210582774878569;-8.52817834417334;-10.6243821791582;27.3097420922035;0.21883347849046;7.66704181150511
43859079772.4418;39.3053431581578;-0.00210582774387673;-8.51649183836644;-10.6228800792539;27.3434158526257;0.214025010287038;7.66704180671222
43859079772.639;39.305343158774;-0.00210582773916457;-8.50529460715426;-10.6217813925315;27.375679445123;0.209352485570854;7.6670418019516
43859079772.8263;39.3053431593737;-0.00210582773468242;-8.49464663446396;-10.6210547514184;27.4063600281012;0.204853430762551;7.66704179727104
43859079773.0028;39.3053431599517;-0.00210582773045682;-8.48459996568101;-10.6206649256147;27.4353076669054;0.200560255827315;7.6670417927163
43859079773.1684;39.3053431605063;-0.00210582772648912;-8.47515204029903;-10.6205712803313;27.4625297788058;0.196481335234862;7.66704178830824
43859079773.3254;39.3053431610428;-0.00210582772273012;-8.46618577331296;-10.6207364303396;27.4883637550802;0.192574257570738;7.66704178400959
43859079773.4775;39.3053431615733;-0.00210582771909087;-8.45749375804563;-10.6211371213827;27.5134071945267;0.188756107310833;7.66704177972968
43859079773.6318;39.3053431621224;-0.00210582771540491;-8.44868210284574;-10.6217850364539;27.5387949443755;0.184859595612216;7.66704177527016
43859079773.7991;39.3053431627314;-0.00210582771141482;-8.43914347405889;-10.6227638128908;27.5662767306399;0.180616645785436;7.66704177029534
43859079773.9816;39.3053431634111;-0.00210582770708016;-8.4287866083361;-10.624168956734;27.596115354006;0.175980927891361;7.66704176470783
43859079774.1763;39.3053431641553;-0.00210582770247335;-8.41778850960393;-10.626090209258;27.627800752231;0.171019099614966;7.66704175854938
43859079774.378;39.3053431649463;-0.00210582769773054;-8.40647576454003;-10.6285838177343;27.6603919848186;0.165863290583748;7.66704175195759
43859079774.5856;39.3053431657824;-0.00210582769288346;-8.39492463882137;-10.6317387298388;27.6936693189504;0.160533772314045;7.66704174493913
43859079774.7996;39.3053431666683;-0.00210582768793089;-8.38313194360662;-10.6356698478776;27.7276419156484;0.155015466825949;7.66704173745133
43859079775.0184;39.305343167599;-0.00210582768292394;-8.37121807503357;-10.6404503277317;27.7619628966361;0.149354363979342;7.66704172952899
43859079775.2396;39.305343168566;-0.00210582767792768;-8.35933607501564;-10.6461082322137;27.7961913434402;0.143619409053503;7.66704172123973
43859079775.4633;39.3053431695711;-0.00210582767295037;-8.34750280795185;-10.6527037825525;27.8302786244104;0.137821375412801;7.66704171256597
43859079775.6904;39.3053431706191;-0.00210582766798709;-8.33570023648774;-10.6603102787686;27.8642766291152;0.131958609556427;7.66704170346211
43859079775.9198;39.3053431717072;-0.00210582766306956;-8.32399784197159;-10.6689344112688;27.8979851382706;0.126077117005145;7.66704169394962
43859079776.1499;39.3053431728278;-0.0021058276582453;-8.31250324215326;-10.6785199951223;27.9310941093374;0.120246154140869;7.66704168409345
43859079776.3811;39.3053431739832;-0.00210582765351541;-8.30120779650222;-10.6890812619634;27.9636284025836;0.114477478988936;7.66704167387068
