t;slip_2;slip_3;slip_rate_2;slip_rate_3;shear_stress_2;shear_stress_3;state
0;0;0;-9;-19.9999946455258;25.8553468326107;-2.58556656085691e-10;7.60205999132796
2.75290596933567;2.75328094215855e-09;-2.70542554438386e-13;-8.99994084885577;-13.0075557912256;25.855516964499;-0.00254061163856986;7.60205999132634
4.14266986779145;4.14374179696277e-09;-7.65954077504485e-13;-8.99978225911251;-12.447974922056;25.8559719794553;-0.00921230282351235;7.60205999132239
4.53699849954151;4.53842773148771e-09;-1.019795503441e-12;-8.99960666218157;-12.1912958131245;25.856473860744;-0.016629536602062;7.6020599913195
4.76767445190194;4.7694169874468e-09;-1.24271253688184e-12;-8.99941054234758;-12.0148590674275;25.8570319694842;-0.0249534240728637;7.60205999131671
4.9873801291553;4.98955342911602e-09;-1.55141713943244e-12;-8.99914933718;-11.8522981748204;25.8577710409526;-0.036261206329646;7.60205999131277
5.21288402987488;5.21566096285405e-09;-1.98921589231727e-12;-8.99883902565291;-11.7118795385138;25.8586422561267;-0.050068571992578;7.60205999130711
5.45239842829069;5.45600758976405e-09;-2.60201173007019e-12;-8.99849359466176;-11.5920158193534;25.8596026268064;-0.0659325119698297;7.6020599912991
5.71815584936622;5.72292167912737e-09;-3.46836213425431e-12;-8.99811390159049;-11.4867918183648;25.8606458210267;-0.0839385474665314;7.60205999128779
5.99956377975508;6.00580718997649e-09;-4.5893157468678e-12;-8.99772562833393;-11.3997486912133;25.8616997751506;-0.102478793290838;7.60205999127309
6.28986890825026;6.29789844008329e-09;-5.95197666859603e-12;-8.99733616066163;-11.328466906655;25.8627461440491;-0.120654601896453;7.60205999125509
6.58844947401121;6.59858583539845e-09;-7.5521346404124e-12;-8.99694631357296;-11.2708986771499;25.8637875180137;-0.137638445851502;7.60205999123363
6.8952149944288;6.90779525590412e-09;-9.3834462625777e-12;-8.9965538276925;-11.2240442929361;25.8648340133415;-0.153186054475786;7.60205999120856
7.21020731237747;7.22558709605448e-09;-1.14355757803383e-11;-8.9961572205591;-11.1860951950248;25.8658940185835;-0.167028091702068;7.60205999117967
7.53296554631792;7.55151534433279e-09;-1.36922141587832e-11;-8.99575532793874;-11.1554153605647;25.8669739430377;-0.179095879054484;7.6020599911468
7.86281226116904;7.88491563496654e-09;-1.61346626313901e-11;-8.99534618895077;-11.1304867526844;25.8680809787822;-0.189506298137294;7.60205999110983
8.19826470711623;8.22430907977405e-09;-1.87368582701594e-11;-8.99492751296574;-11.1102910182124;25.8692230023172;-0.198344370832376;7.60205999106872
8.53853328912094;8.56891731024314e-09;-2.14770501389183e-11;-8.99449620553345;-11.094040877997;25.8704096858995;-0.20571152977474;7.60205999102335
8.88323296844904;8.91837274160731e-09;-2.43369617927815e-11;-8.99404908456074;-11.0810882619334;25.8716504222016;-0.211731247839801;7.60205999097355
9.2314899213424;9.27181275255886e-09;-2.72946048154342e-11;-8.99358408381693;-11.0709540408285;25.8729512126145;-0.216509029137371;7.60205999091921
9.58239275141097;9.62833587700946e-09;-3.0327907623376e-11;-8.99309916697965;-11.0632711037237;25.8743178101614;-0.220138990950694;7.60205999086023
9.93497649042743;9.9869851837123e-09;-3.34147529667431e-11;-8.99259228333644;-11.0577474079092;25.875755855877;-0.222709078135749;7.60205999079652
10.2884272035517;1.0346956254325e-08;-3.65350810818338e-11;-8.99206126251637;-11.0541285979967;25.8772711373562;-0.224311294055595;7.60205999072798
10.641922016781;1.07074344298634e-08;-3.96698120084504e-11;-8.99150406952625;-11.0521827772693;25.8788688716821;-0.225043556317295;7.60205999065455
10.9948143887179;1.10677838469687e-08;-4.28026428403263e-11;-8.99091844693455;-11.0517053265538;25.880554828923;-0.225002168077305;7.60205999057609
11.3465004242221;1.14274114334953e-08;-4.59189752658633e-11;-8.99030212554855;-11.0525113454568;25.8823347544233;-0.224281901794114;7.60205999049252
11.6964339709822;1.17857822833746e-08;-4.90061337991744e-11;-8.98965290196385;-11.0544266464291;25.8842141578049;-0.222977601672246;7.6020599904037
12.0440274567524;1.21423177649354e-08;-5.20524234502727e-11;-8.98896887247499;-11.0573004336737;25.8861977336724;-0.221175339736606;7.60205999030955
12.3891532250271;1.24969106880312e-08;-5.50513805927719e-11;-8.98824732264178;-11.0610071270314;25.8882925978657;-0.218949321705727;7.60205999020985
12.7312497621132;1.28490075895164e-08;-5.79939450792148e-11;-8.98748647478954;-11.0654226888041;25.8905031731894;-0.216373602983217;7.60205999010452
13.0700857559222;1.31983937113933e-08;-6.08749260703436e-11;-8.98668388808193;-11.0704491454744;25.8928359147724;-0.213508102943898;7.60205998999338
13.4054949524442;1.35449213548402e-08;-6.36904865996779e-11;-8.9858370810979;-11.0760100979684;25.8952974997101;-0.210401042786462;7.60205998987624
13.737501181957;1.38886400034877e-08;-6.64391133163894e-11;-8.98494313688591;-11.0820304690203;25.8978958890429;-0.20709859307121;7.60205998975284
14.0658476329766;1.42293088459622e-08;-6.9117613697131e-11;-8.98399991164334;-11.0884406140712;25.9006368644802;-0.203643119221132;7.60205998962299
14.3907561939399;1.45671849267343e-08;-7.17271304691316e-11;-8.98300370675406;-11.095201062134;25.9035308217729;-0.200060619795826;7.60205998948634
14.7120175492776;1.49020782529206e-08;-7.4265695141606e-11;-8.98195199430066;-11.1022702552613;25.9065847952188;-0.19637757997307;7.60205998934267
15.0298463585213;1.52342421981864e-08;-7.67350177240804e-11;-8.98084077062173;-11.1096154326617;25.9098101203127;-0.192614761925821;7.60205998919159
15.3440628682033;1.55635193899757e-08;-7.91339778605334e-11;-8.97966735091044;-11.1172059688158;25.9132143563669;-0.188791601114211;7.60205998903285
15.6549323663574;1.58902207441505e-08;-8.14650159018465e-11;-8.97842717746718;-11.1250287510583;25.9168105263536;-0.184918337418668;7.60205998886598
15.962276978039;1.62141934104652e-08;-8.37273874293581e-11;-8.97711723336226;-11.1330616770888;25.9206071972378;-0.181009232556285;7.60205998869071
16.2664304205474;1.65358265154279e-08;-8.59241740378309e-11;-8.97573199299553;-11.1413048638559;25.9246202347445;-0.177067775930696;7.60205998850647
16.5671900402388;1.68549445637319e-08;-8.80546218462269e-11;-8.97426815978566;-11.149748627649;25.9288590596828;-0.173102340188826;7.60205998831297
16.8648816932089;1.71719356435494e-08;-9.0121766455967e-11;-8.97271961628655;-11.1583957982413;25.933341255635;-0.169115063490097;7.60205998810955
17.1593642955297;1.74866940348886e-08;-9.21254183516114e-11;-8.97108232522331;-11.1672373706635;25.9380783868243;-0.165113564432756;7.60205998789584
17.4508815844679;1.77995285441443e-08;-9.40680108615306e-11;-8.96934966172361;-11.1762826065583;25.9430895169434;-0.161097480900307;7.60205998767116
17.7392885003858;1.81103340649441e-08;-9.59493907658744e-11;-8.96751694591729;-11.1855291695663;25.9483880804599;-0.157071778387571;7.6020599874351
18.0248828973342;1.84194870206652e-08;-9.77723039007752e-11;-8.96557627978466;-11.1949837085695;25.9539968015775;-0.153037131934944;7.60205998718683
18.3074862385881;1.87268521875638e-08;-9.95364810513998e-11;-8.96352264406305;-11.2046350994028;25.9599300784224;-0.149001644975811;7.60205998692589
18.5874116984771;1.9032832679846e-08;-1.01244945073192e-10;-8.96134866136619;-11.2144365628737;25.9662090440332;-0.144984190342346;7.60205998665134
18.8644962561884;1.93373129218895e-08;-1.02898397843834e-10;-8.95905320646995;-11.2242205284468;25.9728366429039;-0.141043170553244;7.60205998636266
19.1391803058109;1.96408447135109e-08;-1.04501641861479e-10;-8.95662925613198;-11.2338338134397;25.9798328918083;-0.137224543896035;7.60205998605868
19.411254974371;1.99432656610468e-08;-1.06056302643369e-10;-8.95407623900999;-11.2430524656673;25.9871991709039;-0.133592860254446;7.60205998573888
19.6812620111902;2.02452538136412e-08;-1.07568751515488e-10;-8.95138517739288;-11.2516943803439;25.9949611924521;-0.130190702511063;7.60205998540185
19.949030758449;2.05466983479415e-08;-1.09041693110985e-10;-8.94855247299343;-11.2595743600626;26.0031292116258;-0.127058500887374;7.60205998504693
20.2150223527025;2.08482093299609e-08;-1.10481369319238e-10;-8.94556477727495;-11.2666030848052;26.0117417132644;-0.124202725317047;7.6020599846726
20.4790030645242;2.11496191581789e-08;-1.11890207719587e-10;-8.94241478613663;-11.2727110150247;26.0208197984018;-0.121625530120508;7.60205998427814
20.7414503082691;2.14515840551107e-08;-1.13274342362778e-10;-8.9390855564483;-11.277863677471;26.030412355998;-0.119317165288345;7.60205998386171
21.0022114888079;2.17540496377162e-08;-1.14636489835159e-10;-8.93556697487863;-11.2820188096951;26.040548583348;-0.117273069969378;7.60205998342228
21.2616746032362;2.20576033484107e-08;-1.15982098896271e-10;-8.93184008064024;-11.2851567238428;26.0512831641264;-0.115481515936771;7.60205998295779
21.5198604133942;2.23624237169292e-08;-1.17314551161358e-10;-8.92788838605109;-11.2872807104068;26.062663669336;-0.113926951171911;7.6020599824666
21.7768803029196;2.26688141899587e-08;-1.18637533677582e-10;-8.9236914754543;-11.2884126277404;26.0747489822626;-0.112589783479166;7.60205998194673
22.0329066909942;2.29771751508635e-08;-1.19954880500038e-10;-8.91922533905609;-11.2885846011657;26.087608328602;-0.111448699071114;7.60205998139583
22.2879399270934;2.32877246782618e-08;-1.21269399377646e-10;-8.91446590900258;-11.28782995434;26.1013110875872;-0.110483717178371;7.60205998081166
22.5419994380216;2.36007281944037e-08;-1.22583879729936e-10;-8.90938624147984;-11.28618135869;26.1159349061919;-0.109675711439273;7.60205998019168
22.7952402880056;2.39166508852096e-08;-1.23901732893671e-10;-8.90395294277174;-11.2836667390175;26.1315759873952;-0.10900635215705;7.60205997953271
23.0476810744923;2.42358252977544e-08;-1.25225619538097e-10;-8.89813145684565;-11.2803087236033;26.1483338676034;-0.10845928940635;7.60205997883153
23.2993642408661;2.4558654093257e-08;-1.26558320986314e-10;-8.89188190334833;-11.2761212994242;26.1663233984445;-0.108019785017455;7.60205997808446
23.5504045481388;2.48856830878584e-08;-1.27903056153955e-10;-8.88515719862253;-11.2711066950839;26.1856801551292;-0.107674871569446;7.60205997728709
23.8008264715661;2.52173990774546e-08;-1.29262670175909e-10;-8.87790594075197;-11.2652567120348;26.2065521323844;-0.107413561190233;7.60205997643471
24.0506639720227;2.55543667307914e-08;-1.3064021743336e-10;-8.87006941279013;-11.2585511197982;26.2291083720669;-0.107226423502473;7.60205997552193
24.2998040203313;2.58970224869381e-08;-1.3203813500272e-10;-8.86158551255636;-11.2509619810875;26.2535276534645;-0.107105358384008;7.60205997454317
24.5482753630679;2.62460810648488e-08;-1.33459912456831e-10;-8.8523779919094;-11.2424446838102;26.2800294671254;-0.107043217827183;7.60205997349149
24.7962021578331;2.66025067611508e-08;-1.34909979498365e-10;-8.84235445911507;-11.2329353842043;26.3088797642994;-0.107033919949352;7.60205997235841
25.0435623206035;2.69671911590648e-08;-1.36392405057547e-10;-8.83141257448081;-11.2223568637703;26.3403731245869;-0.107072423667304;7.60205997113476
25.2904531751762;2.73413689527419e-08;-1.3791259839527e-10;-8.81942699306249;-11.210606178028;26.3748703384243;-0.107154681141656;7.60205996980914
25.5368471139178;2.77262918279447e-08;-1.39475992636068e-10;-8.80625629891587;-11.1975615122585;26.41277844895;-0.107277557065976;7.6020599683688
25.7828711343805;2.81237153462994e-08;-1.41090031240155e-10;-8.79172394754772;-11.1830635935175;26.4546056041406;-0.107438922783818;7.60205996679757
26.0284225636384;2.85353476436026e-08;-1.42761937617249e-10;-8.77563302349131;-11.1669305120385;26.5009185815819;-0.10763745961058;7.60205996507755
26.2735848767138;2.89636214350262e-08;-1.44501858962369e-10;-8.75773221202081;-11.1489240942017;26.5524407293686;-0.107872952572023;7.60205996318567
26.5183863336878;2.94114338125193e-08;-1.46321819212713e-10;-8.73771790498384;-11.1287520955667;26.6100459051908;-0.108146242134694;7.6020599610939
26.7628378086674;2.98823844284366e-08;-1.48236697162035e-10;-8.71521729285686;-11.1060515639859;26.6748071411777;-0.108459354910411;7.60205995876748
27.0068656426605;3.03808825646995e-08;-1.50264673015354e-10;-8.68977582615804;-11.0803765854708;26.748032732821;-0.108815581363267;7.60205995616332
27.2506094366068;3.09131601038364e-08;-1.52431365368233e-10;-8.66079542642256;-11.0511363162443;26.8314440804227;-0.109220247767755;7.60205995322338
27.4939779805158;3.14869197931808e-08;-1.54768420313186e-10;-8.62753441096001;-11.0175955207758;26.9271759062359;-0.10968056971237;7.60205994987422
27.7369663251082;3.21129252158385e-08;-1.57320012067849e-10;-8.58900734709672;-10.9787742522395;27.0380644945334;-0.110206876696717;7.60205994601572
27.9797090329979;3.28065204601032e-08;-1.60149079589403e-10;-8.5440400856803;-10.9335028794386;27.1674892937244;-0.110811978943877;7.60205994150664
28.2223220200001;3.35857008842704e-08;-1.63329505218627e-10;-8.49327601185118;-10.8824288002797;27.3135985108174;-0.111487488694268;7.6020599361637
28.4661122607581;3.44749130291181e-08;-1.66961677762033e-10;-8.43801093059879;-10.826849845109;27.4726625513004;-0.11221782247493;7.60205992975143
28.7125954810014;3.55008351261402e-08;-1.71155325329421e-10;-8.38067297524503;-10.7691954295847;27.6376927441459;-0.112974214398082;7.60205992199119
28.9632527549996;3.6689690517607e-08;-1.76018553222777e-10;-8.32395128057444;-10.712155690919;27.8009492022014;-0.113724808410144;7.60205991260779
29.2192618886685;3.80671952423523e-08;-1.81657620676589e-10;-8.26916236283892;-10.65704817037;27.9586427196634;-0.114453815933284;7.60205990132296
29.4828542717176;3.96606591762887e-08;-1.88185558280803e-10;-8.21859061821592;-10.6061568617624;28.1041983302093;-0.115134361819441;7.60205988783451
29.7565378201642;4.15056718369964e-08;-1.9574960825881e-10;-8.17124934137429;-10.5584943023628;28.2404559754928;-0.115778186756936;7.60205987181175
30.0447205090615;4.36610344278093e-08;-2.04592637187009e-10;-8.12614754841179;-10.5130668435145;28.3702679091293;-0.116397631141288;7.60205985269025
30.3531434396233;4.62028020214207e-08;-2.15029019817119e-10;-8.08401082107236;-10.4705966661113;28.4915457519904;-0.116984996558477;7.60205982970632
30.691214850714;4.92529398819863e-08;-2.27562766210404e-10;-8.04468897723929;-10.4309275433568;28.6047217512938;-0.117543647031973;7.60205980167436
31.081404035316;5.30934597291561e-08;-2.43358101984296e-10;-8.00688521348695;-10.3927463648225;28.7135283544001;-0.118093341437917;7.60205976591946
31.5752592665588;5.84048020418901e-08;-2.65224943662371e-10;-7.96839536613224;-10.3538135979161;28.8243095525395;-0.118669928683389;7.60205971599605
32.3706433474928;6.78922333939782e-08;-3.04341932002764e-10;-7.92342824812736;-10.3082114840345;28.9537334036361;-0.119377185449842;7.60205962642974
34.0004431007116;8.96897523865254e-08;-3.94424928337148e-10;-7.87372718296412;-10.2574914244875;29.0967819285673;-0.120248790732088;7.60205941867575
40.1669032023999;1.81541940378358e-07;-7.75472870797477e-10;-7.8269464198638;-10.2090563049525;29.231423477741;-0.121266286790797;7.60205852490399
81.1510112979723;8.57029769471264e-07;-3.61797431600342e-09;-7.78299795998982;-10.1589147941543;29.3578993134179;-0.123540155177427;7.60205189706438
417.22499053121;7.13006856146604e-06;-3.14414758402682e-08;-7.72895691502246;-10.0820231041458;29.5133205500423;-0.130903689031563;7.6019902545196
2764.99801101639;5.91721590269865e-05;-2.83500236753805e-07;-7.65430137429822;-9.96915431060846;29.7273875954953;-0.143980543738561;7.60148721928186
13854.9753814861;0.000384916270769665;-2.06488763295807e-06;-7.53205408594909;-9.79417228471518;30.0746262189768;-0.164468237984178;7.59846695476426
56600.43056785;0.00272877232378445;-1.7532075169408e-05;-7.26095900999979;-9.44147859485042;30.8266639598988;-0.20342622661387;7.57974302531098
197974.395439087;0.0455749899430569;-0.000326466090851353;-6.51845694879653;-8.66050370844194;32.6032490995572;-0.235079155833686;7.33898512715669
613491.683734786;0.181106328621948;-0.00108524887942969;-6.48654937005828;-8.73847162679419;30.2461586465035;-0.16933548229721;5.70250681896255
1722963.8247116;0.291306639008307;-0.00166629268032998;-7.00293358376472;-9.28090752939925;28.4742737362102;-0.150133880581254;5.51162347727566
4529312.76952404;0.399842585534158;-0.00222723781578314;-7.41256807272783;-9.6992212846006;27.9199317803761;-0.144298275508713;5.92898635921307
11884061.0966082;0.518766161549107;-0.002831280531542;-7.79129985624641;-10.0855001646759;27.4124077252298;-0.139234504735677;6.31820448312473
35977685.158929;0.669570147448227;-0.00358070506961555;-8.20348930915427;-10.507174220773;26.863060731718;-0.133496716019009;6.74381886227366
101074609.114596;0.848323082818789;-0.00444862515304428;-8.5613072849585;-10.8750807292694;26.3904190569173;-0.128136495560849;7.11612377010737
210515600.146679;1.02330514880715;-0.00528227713502575;-8.7961864772264;-11.1181952300745;26.0818902917854;-0.124259702917308;7.36166274840554
365828190.093246;1.19451915911047;-0.00608572404167156;-8.95766736216778;-11.2862494789148;25.8714674946694;-0.12140566354444;7.5316027296297
563122879.790071;1.36258855944602;-0.00686391654376726;-9.069626745587;-11.4040283540672;25.7278019923173;-0.119124495987089;7.65091397726033
792388247.915318;1.52806459811852;-0.00762045699604074;-9.14160334118153;-11.4815063022249;25.6385337912898;-0.117216898021591;7.72968136350334
1038418987.28447;1.68949387569201;-0.00834977600910691;-9.1830070685347;-11.5280718361547;25.5898925804714;-0.115612207907965;7.77680018459747
1296299540.3926;1.85090295840869;-0.00907041346685946;-9.20349062358829;-11.5537017606165;25.5681087569519;-0.114153036396917;7.80163284377159
1554920839.32718;2.01037554454667;-0.0097739110006473;-9.20997825147779;-11.565401709346;25.5635412556685;-0.112771032713339;7.8110534259869
1806223424.63935;2.165983858327;-0.0104520956678655;-9.20816415989385;-11.5688489897055;25.5687600376612;-0.111435826248978;7.81104794256611
2045295193.38954;2.31618074774505;-0.0110987055780852;-9.20186735613409;-11.5678859381347;25.5790631953327;-0.110119962006695;7.8058190310827
2272378126.78771;2.46171308406046;-0.0117173993865124;-9.19322499430849;-11.564708725849;25.591934998797;-0.108797619349088;7.79779567408645
2490401677.4947;2.60464358514863;-0.0123172073091124;-9.18337849196576;-11.5604912103692;25.6060480868929;-0.10745579419414;7.78828600915444
2699826073.0295;2.74527389121721;-0.0128994361537139;-9.17294834864023;-11.5559335532859;25.6207560321119;-0.106073460261966;7.77805134756505
2901309320.26668;2.88395262321816;-0.0134656066314552;-9.16222907955696;-11.5512917217477;25.6357327017602;-0.104660569227763;7.76744019267675
3093321737.08522;3.01937390186267;-0.0140107306071329;-9.15164240394442;-11.5468340304079;25.6503965978579;-0.103252947476884;7.75687511568149
3276172227.3601;3.15144965677421;-0.0145347271607679;-9.14127302746105;-11.5427676985389;25.6647584615046;-0.101822207964742;7.74652611625725
3450742107.79049;3.28055575872375;-0.0150394199820295;-9.13102254561024;-11.5389421870648;25.6789725855076;-0.100382498778733;7.73630708178973
3617293053.43824;3.40657908991301;-0.0155250712983081;-9.12109614769692;-11.5352225327261;25.6926255455033;-0.0990106934730273;7.72633657045228
3774891368.19999;3.52843483074665;-0.0159880566584343;-9.11170557479558;-11.5319843105748;25.7055143261435;-0.0976669357233241;7.71688602999982
3922941824.88142;3.64534598032503;-0.016425545852101;-9.10255382044906;-11.5294424212974;25.7182809328369;-0.0962394949359079;7.70781297520685
4061077425.10922;3.75676400717158;-0.0168363756309421;-9.09335015605974;-11.5266437033916;25.7312613417642;-0.09487843848555;7.69878315265892
4190362570.43935;3.86322432127345;-0.0172245725167048;-9.08436088477375;-11.5224965809408;25.7437326196328;-0.0938719457589132;7.68982632221404
4312268888.91857;3.96548651986376;-0.0175939749315575;-9.07631109032814;-11.5185264857731;25.7544469589402;-0.0930329587176538;7.68150270606465
4426180248.66783;4.06249619827868;-0.0179391703062749;-9.06975197111234;-11.5185020680649;25.7628598204345;-0.0916735339691585;7.67450689851048
4527212958.3772;4.14963176793073;-0.0182422538418638;-9.06426652621784;-11.5228996561522;25.770279900102;-0.089636730171475;7.66891107437513
4610714916.72695;4.22261836517538;-0.018491438922081;-9.05845354440021;-11.5251746253123;25.7793413884087;-0.0880137928650675;7.66378306638922
4678219569.37325;4.2826821060845;-0.0186969953547595;-9.0507213293168;-11.516402634759;25.7926807270256;-0.0882704167142093;7.65782654981881
4723733015.55801;4.32403437067507;-0.0188421368417393;-9.04164042265667;-11.4963481525074;25.809321910049;-0.0905876231218457;7.65148704293997
4748845530.51427;4.34729045019875;-0.0189261052380577;-9.03335370458319;-11.4757743495749;25.8253576047603;-0.093245031270782;7.64627117553118
4759492609.11398;4.3572710139907;-0.0189627567164366;-9.02807538532626;-11.4631389630725;25.836175760802;-0.0948778102148135;7.64335239933363
4762718279.15602;4.36031003299995;-0.0189739879526307;-9.02588652415338;-11.4581923801797;25.840937276103;-0.0954997876425002;7.64232587264922
4764201784.41987;4.36171192482639;-0.0189791863276061;-9.0245745879928;-11.4554214883005;25.8439522490175;-0.0958323260771562;7.64181812889301
4765044803.86759;4.36251038924204;-0.0189821534880612;-9.02358202738701;-11.4534965612389;25.8463537513;-0.0960472091894319;7.64151440828893
4765563606.43491;4.36300273934457;-0.0189839858181454;-9.02272808384996;-11.4519984044139;25.8485187941379;-0.0961978445290934;7.64131911964787
4765897480.91429;4.36332018337178;-0.0189851684967901;-9.02191606368972;-11.450716468855;25.8506595182459;-0.0963099644158983;7.64118811378702
4766110820.37497;4.3635234063936;-0.0189859262379988;-9.02109828807667;-11.4495502864917;25.8528823352278;-0.0963955467922553;7.64110082672095
4766245937.55103;4.36365237446338;-0.0189864074053234;-9.02022835996221;-11.4484144325364;25.8552995274183;-0.0964636077959557;7.64104307503888
4766328645.99688;4.36373149265078;-0.0189867027286838;-9.01927353120089;-11.4472520588035;25.8579921197263;-0.0965197684042313;7.64100603087459
4766377171.78253;4.36377802723002;-0.0189868764949147;-9.01819678409631;-11.4460071942988;25.8610568717149;-0.0965685830715881;7.64098316616526
4766403719.51509;4.36380355747815;-0.0189869718592741;-9.01697239803088;-11.444641337996;25.864561016509;-0.0966131343469523;7.64096994669901
4766417069.31285;4.36381643724723;-0.0189870199836568;-9.01556660996385;-11.4431095153464;25.8685965072224;-0.0966562544012843;7.64096288792478
4766423048.6195;4.36382222781791;-0.018987041625751;-9.01392945953643;-11.4413515440909;25.8733034254264;-0.0967007399086386;7.64095951312978
4766425207.39498;4.36382432715476;-0.0189870494740914;-9.01212534883849;-11.4394296438917;25.878493988762;-0.096746375520113;7.64095820685337
4766425869.14579;4.36382497382071;-0.0189870518923743;-9.01001448212732;-11.437187367078;25.8845687604394;-0.0967983710713642;7.64095777627436
4766426013.85774;4.36382511606376;-0.0189870524245056;-9.00747336753266;-11.4344856021587;25.8918823449872;-0.0968615446046196;7.64095767436648
4766426036.4471;4.36382513842483;-0.018987052508197;-9.00441117910226;-11.4312231461653;25.9006957848867;-0.0969392072600934;7.64095765695964
4766426041.48471;4.36382514345533;-0.0189870525270357;-9.00061411454673;-11.4271745044843;25.9116243319359;-0.0970363045104893;7.64095765263518
4766426044.08332;4.36382514607814;-0.0189870525368648;-8.99597356809382;-11.4222259786928;25.9249805553034;-0.0971551952110093;7.64095765012147
4766426045.85561;4.36382514788853;-0.0189870525436546;-8.99076257844664;-11.4166779087601;25.9399786116025;-0.0972868817015314;7.64095764818484
4766426047.1746;4.36382514925359;-0.0189870525487783;-8.98509193814351;-11.4106628469067;25.9562996333545;-0.097425326552301;7.64095764655945
4766426048.26731;4.36382515040128;-0.0189870525530896;-8.97868070510924;-11.4038915260739;25.9747522240721;-0.0975754566636496;7.64095764504193
4766426049.2064;4.36382515140408;-0.0189870525568599;-8.97148853899935;-11.3963293628224;25.9954524961549;-0.0977364493708392;7.64095764356993
4766426050.03292;4.36382515230315;-0.0189870525602431;-8.9634625471368;-11.3879273615059;26.018552688833;-0.0979080318399605;7.64095764210643
4766426050.7675;4.3638251531187;-0.0189870525633147;-8.9545907403058;-11.3786790715181;26.0440873139357;-0.0980891139353856;7.64095764063698
4766426051.43777;4.36382515388005;-0.0189870525661846;-8.94466320440579;-11.3683716496357;26.0726605459832;-0.0982826606965793;7.64095763912144
4766426052.05147;4.36382515459509;-0.0189870525688824;-8.93362057614361;-11.356949285431;26.1044432477929;-0.0984885459624407;7.64095763755115
4766426052.63351;4.36382515529333;-0.0189870525715191;-8.92095498508377;-11.3438937015759;26.1408971688424;-0.0987146868631958;7.64095763586108
4766426053.1792;4.3638251559699;-0.0189870525740764;-8.90663096827614;-11.3291759165583;26.1821243840327;-0.0989600562457279;7.64095763405592
4766426053.70066;4.36382515664144;-0.0189870525766169;-8.89014697610293;-11.312288394494;26.2295684536523;-0.0992315389990386;7.64095763208217
4766426054.19611;4.36382515730741;-0.0189870525791388;-8.87154743068285;-11.2932799354552;26.2831015247442;-0.0995277320471036;7.64095762992648
4766426054.67427;4.36382515798142;-0.0189870525816936;-8.85090806009809;-11.2722232478432;26.3425056330242;-0.0998485802137677;7.64095762753001
4766426055.12761;4.36382515865348;-0.0189870525842434;-8.82901670107108;-11.249916708647;26.4055132269219;-0.100183132144776;7.64095762491732
4766426055.56548;4.36382515933782;-0.0189870525868422;-8.80606991824756;-11.2265520807124;26.4715585477535;-0.100530385804729;7.64095762202898
4766426055.98646;4.36382516003215;-0.0189870525894816;-8.78270511711935;-11.2027707796951;26.5388070115036;-0.100882476222975;7.64095761887044
4766426056.39556;4.36382516074475;-0.0189870525921931;-8.75897385338697;-11.1786210004155;26.6071102270728;-0.101239632913562;7.64095761540341
4766426056.79167;4.3638251614735;-0.0189870525949686;-8.73524328439304;-11.1544721573717;26.6754114402027;-0.101597320399622;7.64095761163658
4766426057.18187;4.36382516223191;-0.01898705259786;-8.71137284251536;-11.130176955822;26.7441152282459;-0.101958660557682;7.64095760749845
4766426057.55579;4.36382516299849;-0.0189870526007853;-8.68822733471583;-11.1066122345541;26.8107325051773;-0.102311341657558;7.64095760310558
4766426057.92484;4.36382516379613;-0.0189870526038321;-8.66527989030372;-11.0832390557203;26.8767797052633;-0.102663972807385;7.64095759833377
4766426058.2881;4.36382516462312;-0.0189870526069942;-8.64272033449252;-11.0602483119841;26.9417104724899;-0.103014222065837;7.64095759319005
4766426058.64572;4.36382516547972;-0.0189870526102728;-8.62064406372061;-11.0377350823817;27.0052502355445;-0.103361115388394;7.64095758767182
4766426058.98683;4.36382516633695;-0.018987052613557;-8.59978779936952;-11.0164497752319;27.0652785676107;-0.103693259310191;7.64095758197021
4766426059.32869;4.36382516723794;-0.0189870526170124;-8.57913590162759;-10.99535524153;27.12471867454;-0.104026958914399;7.64095757581004
4766426059.66335;4.36382516816138;-0.0189870526205576;-8.55919691907352;-10.9749699531658;27.1821068554551;-0.104354235625056;7.6409575693322
4766426059.99395;4.36382516911529;-0.0189870526242236;-8.53979118925726;-10.9551097508291;27.2379602126296;-0.104678145403848;7.64095756248448
4766426060.31515;4.36382517008256;-0.0189870526279448;-8.52122084683275;-10.9360839973686;27.2914091456328;-0.104993595839766;7.64095755539181
4766426060.63318;4.36382517108111;-0.0189870526317904;-8.50310101741015;-10.9174990720139;27.3435613959081;-0.105306947583146;7.64095754792975
4766426060.94621;4.36382517210457;-0.0189870526357363;-8.48551258592175;-10.8994383229341;27.394184161861;-0.105616709783566;7.64095754014657
4766426061.25669;4.36382517316079;-0.0189870526398131;-8.46829243246578;-10.8817343402387;27.4437469328587;-0.105925737917585;7.64095753198495
4766426061.55838;4.3638251742269;-0.0189870526439326;-8.45175854060529;-10.8647146218222;27.4913344942331;-0.106228180003067;7.64095752362187
4766426061.85435;4.36382517531215;-0.0189870526481308;-8.4357093275447;-10.8481730030503;27.5375270393902;-0.106527383739462;7.64095751499156
4766426062.14771;4.3638251764276;-0.0189870526524509;-8.41995302919008;-10.8319123778753;27.5828765006288;-0.106826796790566;7.64095750600964
4766426062.43624;4.36382517756417;-0.018987052656858;-8.40459316975074;-10.8160395027182;27.6270849165271;-0.107124480691371;7.64095749674902
4766426062.71963;4.36382517871964;-0.0189870526613437;-8.38963038350219;-10.800555316998;27.670150461774;-0.107420355970716;7.64095748723028
4766426062.99858;4.36382517989591;-0.0189870526659158;-8.37501237693806;-10.7854063183698;27.7122236468722;-0.107715309542477;7.64095747744043
4766426063.27406;4.36382518109656;-0.0189870526705884;-8.36067646959026;-10.7705276313161;27.7534848772141;-0.10801059575198;7.64095746735183
4766426063.54705;4.36382518232567;-0.018987052675378;-8.34656315539876;-10.7558572102047;27.7941054212057;-0.108307528491978;7.64095745693118
4766426063.81628;4.36382518357705;-0.0189870526802607;-8.33272795003261;-10.7414527124154;27.8339254950627;-0.108604969511576;7.64095744623107
4766426064.08132;4.36382518484802;-0.0189870526852266;-8.31918039434265;-10.7273242559503;27.8729176386929;-0.108902680602734;7.64095743527552
4766426064.34241;4.36382518613889;-0.0189870526902771;-8.3058999507552;-10.713450695945;27.9111409628662;-0.109201057711663;7.64095742406379
4766426064.59885;4.36382518744528;-0.0189870526953953;-8.29291114793223;-10.6998579458353;27.9485248702202;-0.109499489074276;7.64095741263533
4766426064.85209;4.36382518877391;-0.0189870527006082;-8.28012961261549;-10.6864581727318;27.9853122011967;-0.109799811894903;7.64095740093386
4766426065.10064;4.36382519011602;-0.0189870527058816;-8.26762289704003;-10.6733223626188;28.0213085295747;-0.110100412572857;7.64095738903703
4766426065.34404;4.36382519146783;-0.0189870527112009;-8.25541110877534;-10.6604709343845;28.0564559818255;-0.110400994509593;7.64095737698042
4766426065.58226;4.36382519282759;-0.0189870527165596;-8.24351140968285;-10.6479169386575;28.0907051585231;-0.110702419384021;7.640957364782
4766426065.81527;4.36382519419353;-0.0189870527219509;-8.23194687853272;-10.6356786779329;28.1239896294369;-0.111005661633647;7.64095735246009
4766426066.04304;4.36382519556367;-0.0189870527273676;-8.22073572700844;-10.6237717556154;28.1562569748556;-0.111311206897162;7.64095734003501
4766426066.26552;4.36382519693579;-0.018987052732801;-8.20990438075565;-10.6122188800722;28.1874311324527;-0.11161973801449;7.6409573275298
4766426066.48262;4.36382519830724;-0.0189870527382412;-8.19947305118566;-10.6010388592089;28.2174539279706;-0.111931420824045;7.64095731497155
4766426066.69424;4.36382519967527;-0.0189870527436776;-8.18946108744305;-10.590250389813;28.2462696696503;-0.11224623913624;7.64095730238844
4766426066.90026;4.36382520103684;-0.0189870527490982;-8.17987820721914;-10.5798660296223;28.2738503905016;-0.112563382023851;7.64095728981205
4766426067.10043;4.36382520238782;-0.0189870527544869;-8.17073324360903;-10.569900527057;28.3001706727008;-0.112881239930359;7.64095727728392
4766426067.29448;4.36382520372411;-0.0189870527598272;-8.1620283692179;-10.5603638114654;28.325224270647;-0.113197781362949;7.64095726484565
4766426067.48149;4.36382520503652;-0.0189870527650821;-8.15379370074227;-10.5512991584674;28.3489245154471;-0.113509217507474;7.64095725258649
4766426067.6607;4.36382520631684;-0.0189870527702181;-8.14604624970535;-10.5427355845234;28.3712224567108;-0.113812172705848;7.64095724058743
4766426067.83141;4.3638252075569;-0.0189870527752018;-8.13880022104626;-10.5346972856985;28.3920772201724;-0.114103798660411;7.64095722892957
4766426067.99312;4.36382520875006;-0.0189870527800053;-8.13205831482189;-10.5271940151062;28.4114810421847;-0.11438212827091;7.64095721768001
4766426068.14823;4.36382520991132;-0.0189870527846884;-8.1257066049592;-10.5201017022738;28.4297618156545;-0.114651073079565;7.64095720670306
4766426068.30062;4.36382521106843;-0.0189870527893628;-8.11957825044316;-10.5132317727983;28.4473997214483;-0.114918262963674;7.64095719574041
4766426068.45949;4.36382521229225;-0.0189870527943157;-8.11331073114508;-10.506166695274;28.4654381104024;-0.115202501193802;7.64095718412505
4766426068.63342;4.36382521365303;-0.0189870527998345;-8.1065931979887;-10.498533323718;28.4847716046778;-0.115524105862647;7.64095717119025
4766426068.82166;4.36382521515005;-0.0189870528059207;-8.09949417859231;-10.4903819148666;28.5052029466551;-0.11588744850262;7.64095715693671
4766426069.01856;4.36382521674216;-0.0189870528124109;-8.09225855721359;-10.4819724291629;28.5260273224066;-0.116285997310515;7.6409571417475
4766426069.22181;4.36382521841343;-0.0189870528192441;-8.08499080072698;-10.4734106264503;28.5469440537459;-0.116718527028675;7.64095712576975
4766426069.43085;4.36382522016128;-0.0189870528264139;-8.07772714782198;-10.4647241457736;28.5678488265271;-0.11718729807253;7.64095710902486
4766426069.64316;4.36382522196592;-0.0189870528338431;-8.07056611361758;-10.4560158857956;28.5884580957342;-0.117690378712387;7.64095709169832
4766426069.85989;4.36382522383854;-0.0189870528415822;-8.06347693512805;-10.4472326010106;28.6088603760685;-0.118234683267193;7.64095707368212
4766426070.07866;4.36382522575921;-0.0189870528495537;-8.05654390183356;-10.438461941152;28.6288130647879;-0.118818838717564;7.64095705516508
4766426070.3007;4.36382522773931;-0.0189870528578098;-8.04973223082915;-10.4296416331519;28.6484162395968;-0.11945139217195;7.6409570360372
4766426070.52458;4.36382522976669;-0.0189870528663058;-8.04308832029269;-10.4208111102969;28.6675363436993;-0.12013445479239;7.64095701641412
4766426070.75055;4.36382523184374;-0.0189870528750579;-8.03660622562064;-10.4119399351679;28.6861904528718;-0.120875746139026;7.64095699627235
4766426070.9783;4.36382523396771;-0.0189870528840617;-8.03029578801949;-10.4030155840108;28.7043502085699;-0.121682444018499;7.64095697563809
4766426071.20754;4.36382523613604;-0.0189870528933145;-8.02416426228346;-10.3940187236699;28.7219946894081;-0.12256321263117;7.64095695453559
4766426071.43833;4.36382523834919;-0.0189870529028273;-8.01820942899977;-10.3849122832379;28.7391302301361;-0.123529523486418;7.64095693296055
4766426071.67028;4.36382524060322;-0.0189870529125936;-8.01243979255558;-10.3756701897171;28.7557322965733;-0.124593112353709;7.64095691095105
4766426071.90356;4.36382524289953;-0.0189870529226314;-8.00684894113285;-10.3662376217792;28.771819264829;-0.125770458135593;7.6409568884935
4766426072.13798;4.36382524523601;-0.0189870529329456;-8.00143884575859;-10.35656515195;28.7873853727743;-0.127079622334677;7.64095686560886
4766426072.3733;4.36382524760978;-0.0189870529435395;-7.99621179393932;-10.3465973284158;28.8024239305033;-0.128541541514713;7.64095684232529
4766426072.60969;4.36382525002226;-0.0189870529544382;-7.99116002983282;-10.3362487801766;28.816957117473;-0.130184527117276;7.64095681862936
4766426072.84674;4.36382525246888;-0.0189870529656431;-7.98628783392801;-10.3254472432853;28.8309724545234;-0.132038287135645;7.64095679456613
4766426073.08488;4.36382525495344;-0.0189870529771979;-7.98158227053638;-10.3140671897575;28.8445069432685;-0.134146146157155;7.64095677009868
4766426073.32355;4.36382525746964;-0.0189870529891044;-7.97704956690315;-10.3020111698298;28.857542409908;-0.136551897582702;7.64095674528957
4766426073.56303;4.36382526001994;-0.0189870530014114;-7.97267911583113;-10.2891184269159;28.8701090237774;-0.139318603601539;7.64095672011505
4766426073.80312;4.36382526260156;-0.0189870530141496;-7.96846956553709;-10.2752548449233;28.8822102776882;-0.142509936369468;7.6409566946029
4766426074.04381;4.36382526521398;-0.0189870530273333;-7.9644161035145;-10.2614203457286;28.8938613948017;-0.145814711497558;7.6409566687591
4766426074.2851;4.36382526785658;-0.0189870530408995;-7.96051590381792;-10.250091412867;28.905074634158;-0.148387933256967;7.64095664258982
4766426074.52691;4.3638252705278;-0.0189870530547377;-7.95676840326203;-10.2423972947132;28.9158539399115;-0.149798384905026;7.64095661611155
4766426074.76965;4.36382527323153;-0.0189870530686863;-7.95316699861229;-10.240600192844;28.9262225094764;-0.149230821031743;7.64095658928592
4766426075.01357;4.36382527597021;-0.0189870530826025;-7.94970776443693;-10.2437269505184;28.936189819182;-0.147035485067272;7.64095656208921
4766426075.2598;4.36382527875615;-0.0189870530963947;-7.94637563773141;-10.2517134920803;28.9457984451243;-0.143300491300108;7.64095653440034
4766426075.50917;4.36382528159856;-0.0189870531099752;-7.94316189671394;-10.2639323726213;28.9550714706244;-0.138342036757997;7.64095650612722
4766426075.76378;4.36382528452158;-0.0189870531234038;-7.94004358194064;-10.2778462094964;28.9640704184332;-0.133062894733139;7.64095647703058
4766426076.02555;4.36382528754788;-0.0189870531367467;-7.93700430621705;-10.2926655199178;28.9728411164395;-0.12774087042268;7.64095644688475
4766426076.29613;4.36382529069747;-0.0189870531500359;-7.93403511404947;-10.3087904244847;28.9814096967237;-0.122282468140524;7.64095641548994
4766426076.58107;4.36382529403689;-0.0189870531634892;-7.93109104188851;-10.3259336963985;28.9899051091651;-0.116789591475413;7.64095638218236
4766426076.88252;4.36382529759348;-0.0189870531771631;-7.92817248161136;-10.3433135848597;28.998325374373;-0.111488947427174;7.64095634668745
4766426077.21257;4.36382530151433;-0.0189870531915465;-7.92519708232953;-10.3607173299438;29.0069075166014;-0.106409691149482;7.64095630753727
4766426077.58669;4.36382530599067;-0.0189870532072172;-7.92208678471277;-10.3779207642916;29.0158762301806;-0.10157848014731;7.64095626282078
4766426078.05412;4.36382531162911;-0.0189870532260204;-7.9185638940773;-10.3954901339828;29.0260315329141;-0.0967968941891983;7.64095620648533
4766426078.77077;4.36382532036779;-0.018987053253617;-7.91386083961805;-10.4144517924147;29.0395837607211;-0.0917063554593553;7.64095611921763
4766426080.18104;4.36382533785551;-0.0189870533059116;-7.90656977927155;-10.4308462749634;29.0605830839105;-0.0869016111326533;7.64095594484983
4766426084.97888;4.36382539939376;-0.0189870534843828;-7.89190013429427;-10.4294769388062;29.1028120122297;-0.0844030517241224;7.64095533418533
4766426115.38655;4.36382581813831;-0.0189870546895892;-7.86103402530266;-10.4019217932112;29.1916470552519;-0.084017708342358;7.64095121463788
4766426367.70991;4.36382971887147;-0.0189870658702645;-7.81081120622212;-10.3534894134256;29.3361431719165;-0.0840862160455678;7.64091303688008
4766428432.75783;4.36386707802046;-0.0189871723387;-7.74253316090501;-10.2877092629936;29.5321223167973;-0.0841624862330843;7.64055129977308
4766444871.61578;4.36428271193903;-0.018988342388771;-7.59716066082131;-10.1476671952438;29.9448824873646;-0.0842977685795025;7.63677177103699
4766517083.54174;4.36834946399443;-0.0189995515889237;-7.24936123334821;-9.80903430414682;30.900982588755;-0.0851724654054196;7.60673968952494
4766775269.33767;4.45350986480161;-0.019224411828684;-6.48169464914399;-9.06001967652024;32.28031158734;-0.0852339647801726;7.05204583063444
4767548001.06148;4.58337881247356;-0.0195797739273638;-6.77452342072272;-9.33735763613501;28.9825872642545;-0.079305432284028;5.41181454468735
4769631988.18818;4.69421985140689;-0.019890246593768;-7.27419444404075;-9.82687166039783;28.1027842834579;-0.0787176523590386;5.78488675402286
4775086970.66777;4.80916299306594;-0.0202122952100375;-7.67631029683007;-10.2288719225676;27.5638593877792;-0.0772286423248606;6.19810512829054
4791601877.00515;4.94590923502194;-0.0205938898419278;-8.08196071503722;-10.6362738583709;27.0222248247823;-0.0754063569672795;6.61630966299406
4849480124.19639;5.12697643939761;-0.0210933621886556;-8.50467557402857;-11.0640039217665;26.4631191614776;-0.0729982896400119;7.05565622844536
4965704769.87883;5.31670614885774;-0.0216088178215712;-8.78716288921994;-11.353106940915;26.0926314368102;-0.0708881802958779;7.35135856943319
5136364145.8381;5.50104391861082;-0.0221016255933182;-8.96651582445075;-11.5394526050561;25.8596836835134;-0.0691331630583533;7.54062259457525
5354557050.37105;5.68115705487089;-0.0225754814445721;-9.08329523501643;-11.663194375819;25.7106409373704;-0.0676415829552259;7.66561396366007
5602579341.7549;5.85551315631363;-0.0230271217959316;-9.15305356572098;-11.7396979788667;25.6249573130247;-0.066377170793917;7.74251356099741
5866802284.80505;6.02602150739167;-0.0234622815520886;-9.19022487112506;-11.7833218009206;25.5822434368078;-0.0652892526701852;7.78545606971983
6136180218.95761;6.19368551166793;-0.0238841801055012;-9.20592218391821;-11.8051539817137;25.5667448071486;-0.0643344568571306;7.80528636454618
6400407314.29184;6.35712915869003;-0.0242900168867334;-9.20860930614217;-11.813625945712;25.5669407442456;-0.0634836846010688;7.81058346992624
6656320928.32667;6.51708407471288;-0.0246821763090654;-9.20409579785562;-11.8146307358282;25.5754799379934;-0.0627030771402749;7.80760782932857
6900465969.63362;6.67261874651645;-0.0250588867314933;-9.19582069087624;-11.8116402720253;25.5882197817066;-0.0619755644922662;7.80020508006411
7133650743.49134;6.82469107888852;-0.0254228526170526;-9.1856499822376;-11.8066395098844;25.6029843120756;-0.0612775033614003;7.79050978350408
7355034153.14425;6.9727391964294;-0.0257730520847808;-9.1747421823541;-11.8008295903208;25.6184038018739;-0.0605988885538201;7.77983465329361
7565898190.74657;7.1174176643837;-0.0261112805005302;-9.1635986168531;-11.7947924266971;25.6339762900728;-0.0599269491344632;7.76880837512012
7766838253.40648;7.25885176770698;-0.0264380135993581;-9.15251239192901;-11.7888734015995;25.6493484288676;-0.0592536799694148;7.75775851550549
7959740069.60408;7.39806714243628;-0.0267557419396146;-9.14164911587668;-11.783280362503;25.6643260591343;-0.0585731550012114;7.74687381715677
8145300798.5083;7.53530943380128;-0.0270650831327358;-9.13099810948637;-11.7780483135502;25.6790244273981;-0.0578799725329128;7.73621073696613
8322438516.04782;7.66948655310331;-0.0273636817303117;-9.12063258078113;-11.7732232807443;25.6933090649347;-0.0571780501309162;7.72582022130858
8490284730.75227;7.79953019111935;-0.0276494011534203;-9.11082244088023;-11.7689717868371;25.7067350760488;-0.0564803755722893;7.71592409422356
8648310920.12498;7.92459010166294;-0.0279206823825689;-9.10161095400795;-11.765309323178;25.719379511238;-0.0557907394657619;7.70665704184852
8797730116.31541;8.04533300085772;-0.0281792276078479;-9.09254479614542;-11.7618698739795;25.7320323794598;-0.0550996717223237;7.69767511352627
8937569090.47307;8.16071727445451;-0.0284231548820413;-9.08348160907186;-11.7583678666545;25.7447475184262;-0.0544254939707919;7.68874053947093
9067677337.93075;8.27019690076871;-0.0286517906807778;-9.07497152064653;-11.7551605958079;25.7563726817526;-0.0537892669065958;7.68014141838341
9189144051.83853;8.37408091091884;-0.0288661926021631;-9.06790857648988;-11.7532286094744;25.7654821120204;-0.0531763152216866;7.67264443616738
9304208428.03393;8.47374371644897;-0.0290694048710528;-9.06240777885108;-11.7529909625208;25.7723740102222;-0.0525498210634496;7.66666994315771
9411500979.11847;8.56782551066999;-0.0292589022586272;-9.05706398040986;-11.7529663444633;25.7800467023621;-0.0519255775476327;7.66151906755008
9506827741.7757;8.65296307660678;-0.0294284692978454;-9.04909361478245;-11.7498734073323;25.7934568316215;-0.0513723884165169;7.65515063630033
9582723518.32017;8.72281582446807;-0.029566347286963;-9.03603411388186;-11.740722668095;25.8169235462868;-0.0509584177108233;7.64571483826104
9632296290.28078;8.77037041527646;-0.0296596440821574;-9.01805075496246;-11.7253764783231;25.851113202528;-0.0507169964666799;7.63397477379664
9656105038.45331;8.79423013331732;-0.0297063256323556;-8.99907125432184;-11.7075912918294;25.8908114439188;-0.0506553854500734;7.6239998070417
9662986677.23206;8.80134977489789;-0.0297202483921207;-8.98523374172582;-11.6939665429869;25.9239255361899;-0.0506953311236998;7.61951424431078
9663859240.63416;8.80226657089315;-0.0297220411197382;-8.97852428588267;-11.687282684442;25.9421160601176;-0.0507279134722327;7.61876537817364
9663916925.66392;8.80232777259853;-0.0297221607896744;-8.97429959713621;-11.6830780616966;25.9541899000545;-0.0507491781318109;7.61870806930649
9663921211.19699;8.80233236406082;-0.0297221697671242;-8.97005382808922;-11.6788518670342;25.9664030945058;-0.0507707706624352;7.61870333074366
9663921664.1549;8.80233285450437;-0.0297221707260182;-8.9654688294343;-11.6742872166071;25.9795989311068;-0.0507941918594;7.61870277648189
9663921719.54663;8.80233291519833;-0.0297221708446784;-8.96029940573168;-11.6691399148922;25.9944775927656;-0.0508206932190908;7.6187027015425
9663921728.28726;8.80233292491211;-0.0297221708636683;-8.95415495151888;-11.6630203612143;26.0121627054538;-0.0508523528940068;7.61870268834385
9663921731.60546;8.80233292866865;-0.0297221708710116;-8.9461143943909;-11.6550104251677;26.0353052431163;-0.0508940067440776;7.61870268265746
9663921733.69734;8.80233293109225;-0.0297221708757489;-8.93607531475369;-11.6450064445846;26.0641999833029;-0.050946372816531;7.61870267853197
9663921735.2102;8.80233293289463;-0.0297221708792716;-8.92395364877918;-11.632923733456;26.0990888792082;-0.0510099927351693;7.61870267506243
9663921736.38072;8.80233293433616;-0.0297221708820888;-8.90955409316997;-11.6185669794662;26.1405340573531;-0.0510859612687354;7.61870267191533
9663921737.35868;8.80233293558977;-0.0297221708845384;-8.89215774434796;-11.6012181418859;26.1906046843958;-0.0511782142320641;7.61870266880763
9663921738.18253;8.80233293669639;-0.0297221708867006;-8.87184524004913;-11.5809561994926;26.2490686662976;-0.0512864855310619;7.6187026656919
9663921738.90309;8.80233293771904;-0.0297221708886984;-8.84794985711406;-11.5571147450593;26.3178449827691;-0.0514144786754139;7.61870266243211
9663921739.56108;8.80233293871716;-0.0297221708906481;-8.81903035156921;-11.5282540748802;26.4010818596388;-0.0515701031855807;7.61870265883949
9663921740.15344;8.802332939689;-0.0297221708925461;-8.78499405241616;-11.4942799736223;26.4990460246834;-0.0517540472817259;7.61870265489678
9663921740.68475;8.80233294063739;-0.0297221708943981;-8.74835885894752;-11.4577090190346;26.6044903945959;-0.0519523006300358;7.61870265058235
9663921741.18676;8.80233294161664;-0.0297221708963101;-8.70981799655337;-11.4192366788645;26.7154197103086;-0.0521606889725241;7.61870264566037
9663921741.65232;8.80233294260641;-0.0297221708982422;-8.67244000257542;-11.3819292341997;26.8230020277803;-0.052362232028406;7.61870264022865
9663921742.0929;8.80233294362095;-0.0297221709002224;-8.63776131068468;-11.3473236188824;26.9228151439211;-0.0525482383440313;7.61870263424321
9663921742.51015;8.8023329446556;-0.0297221709022415;-8.60559804922392;-11.3152357569506;27.0153882829811;-0.0527197699104345;7.61870262777455
9663921742.91041;8.80233294571992;-0.0297221709043181;-8.57527300129081;-11.2849891512612;27.1026706283041;-0.0528805468069764;7.61870262079392
9663921743.29061;8.80233294679809;-0.0297221709064214;-8.54732043591866;-11.257116712536;27.1831244328007;-0.0530277373502947;7.61870261342724
9663921743.66072;8.80233294791321;-0.0297221709085963;-8.52100936887425;-11.2308889683053;27.2588536343663;-0.0531652656541214;7.61870260554477
9663921744.02036;8.80233294906047;-0.0297221709108334;-8.49621070913593;-11.206176670427;27.330229786154;-0.0532938778105148;7.61870259719382
9663921744.36572;8.80233295022272;-0.0297221709130994;-8.47297686908218;-11.1830312848896;27.3971020334852;-0.0534133984896866;7.61870258851404
9663921744.70284;8.80233295141696;-0.0297221709154272;-8.4506908918717;-11.160836980302;27.4612461176083;-0.0535271538965534;7.61870257939667
9663921745.03077;8.80233295263753;-0.0297221709178058;-8.42922117887387;-11.1394614272238;27.5230408090185;-0.0536359732762235;7.618702569893
9663921745.35003;8.80233295388418;-0.0297221709202347;-8.40838942355474;-11.1187262039374;27.5829993141868;-0.0537408719037714;7.61870256001294
9663921745.66218;8.80233295516154;-0.0297221709227228;-8.38806154448038;-11.0984950482848;27.6415075492183;-0.0538428725454931;7.61870254972536
9663921745.96857;8.80233295647385;-0.0297221709252785;-8.36822692377598;-11.0787567951388;27.6985960745775;-0.0539421044581579;7.61870253899846
9663921746.26914;8.80233295781963;-0.0297221709278988;-8.34897846255767;-11.0596047022333;27.7539974999641;-0.0540380047506021;7.61870252784583
9663921746.56323;8.80233295919371;-0.0297221709305736;-8.33046553547021;-11.0411872895861;27.8072818912689;-0.0541298452329678;7.61870251631249
9663921746.85052;8.8023329605918;-0.0297221709332945;-8.31278740378688;-11.0236040099332;27.8581635522216;-0.0542170492615373;7.61870250443833
9663921747.1358;8.80233296203568;-0.0297221709361039;-8.29573273175205;-11.0066453376519;27.9072507550186;-0.054300577540235;7.61870249204468
9663921747.41673;8.80233296351175;-0.0297221709389754;-8.27949946366879;-10.9905095614779;27.9539737714867;-0.05437928030691;7.61870247924801
9663921747.69118;8.80233296500534;-0.0297221709418802;-8.26422780173096;-10.9753362848364;27.9979290680892;-0.0544524501145875;7.61870246617927
9663921747.96435;8.80233296654279;-0.0297221709448697;-8.24963557072634;-10.9608454106518;28.0399288089833;-0.0545214084887717;7.61870245261622
9663921748.23439;8.80233296811172;-0.0297221709479196;-8.23582881827684;-10.9471424904153;28.0796677652008;-0.0545856256959868;7.61870243866945
9663921748.50162;8.80233296971161;-0.0297221709510289;-8.22278086432194;-10.9342010697158;28.1172227280444;-0.0546452246531632;7.61870242434728
9663921748.76636;8.80233297134228;-0.0297221709541973;-8.21046105804543;-10.9219907771939;28.1526819175583;-0.0547003435970715;7.6187024096557
9663921749.02726;8.80233297299257;-0.029722170957403;-8.19890778085143;-10.9105496062268;28.1859348634497;-0.0547508188169974;7.61870239469842
9663921749.2866;8.80233297467477;-0.0297221709606698;-8.18799178020305;-10.8997495320142;28.2173535838469;-0.0547972202796134;7.61870237936959
9663921749.54426;8.80233297638624;-0.0297221709639925;-8.17769130824313;-10.8895689972407;28.2470006740787;-0.0548396470896038;7.61870236369677
9663921749.80121;8.80233297813165;-0.0297221709673801;-8.1679394901322;-10.8799417701796;28.2750686151304;-0.0548783932505751;7.61870234764036
9663921750.05424;8.80233297988697;-0.0297221709707859;-8.15881982525217;-10.8709499902318;28.3013170769254;-0.0549131658140108;7.61870233142322
9663921750.30576;8.80233298166674;-0.0297221709742382;-8.15020474774589;-10.8624676233613;28.3261132229852;-0.0549444855157913;7.61870231491631
9663921750.55519;8.80233298346506;-0.0297221709777253;-8.1420777388234;-10.8544782611893;28.3495045982287;-0.0549724321251751;7.61870229817773
9663921750.80366;8.80233298528858;-0.0297221709812601;-8.13436653735954;-10.8469106327851;28.3716991866422;-0.0549972850659644;7.61870228114855
9663921751.05079;8.80233298713311;-0.0297221709848344;-8.12705074577437;-10.8397444218266;28.3927556971476;-0.0550191491052628;7.61870226387073
9663921751.30124;8.80233298903307;-0.0297221709885148;-8.11996977228907;-10.8328226499087;28.4131363495393;-0.0550384630629322;7.61870224602516
9663921751.54982;8.8023329909483;-0.0297221709922233;-8.11324690826022;-10.8262664541337;28.4324862834865;-0.0550548130742503;7.61870222798742
9663921751.79598;8.80233299287298;-0.0297221709959487;-8.10686501414501;-10.8200588205725;28.4508548305762;-0.0550682801639872;7.61870220981427
9663921752.04066;8.8023329948131;-0.0297221709997023;-8.10077153876285;-10.8141486656285;28.4683932452415;-0.0550789724404136;7.6187021914527
9663921752.28364;8.80233299676568;-0.0297221710034783;-8.09494709012528;-10.8085179098222;28.4851573423542;-0.055086832740441;7.61870217293234
9663921752.52479;8.80233299872866;-0.0297221710072727;-8.08937135538268;-10.8031470417687;28.5012055871007;-0.0550918738618649;7.61870215427496
9663921752.76281;8.80233300069008;-0.0297221710110622;-8.0840516764904;-10.7980442703839;28.5165168480427;-0.0550939465816503;7.61870213559537
9663921752.99535;8.8023330026286;-0.0297221710148054;-8.07901657034951;-10.7932371691501;28.5310090471721;-0.0550930140638664;7.6187021170987
9663921753.22166;8.8023330045361;-0.0297221710184867;-8.07425705621696;-10.7887177561043;28.5447080334431;-0.0550890020807932;7.61870209886579
9663921753.44142;8.80233300640753;-0.0297221710220964;-8.06975771712205;-10.7844718742004;28.5576581807433;-0.0550818393132942;7.61870208094797
9663921753.65414;8.80233300823695;-0.0297221710256228;-8.06550696862239;-10.7804894157789;28.5698928321385;-0.055071405972539;7.61870206340439
9663921753.85928;8.80233301001746;-0.0297221710290526;-8.06149724881253;-10.7767647028799;28.5814337530332;-0.0550575087890254;7.61870204630498
9663921754.05607;8.80233301174047;-0.0297221710323694;-8.05772541165159;-10.7732967206379;28.5922899990531;-0.0550398993513359;7.61870202973471
9663921754.24345;8.8023330133944;-0.0297221710355508;-8.05419568305235;-10.770090647817;28.6024494074405;-0.0550184386236852;7.61870201380781
9663921754.42013;8.80233301496579;-0.0297221710385711;-8.05091752049583;-10.7671537116612;28.6118847570855;-0.05499336263625;7.61870199865707
9663921754.58578;8.80233301644933;-0.0297221710414202;-8.04788494543013;-10.7644779358026;28.6206132552069;-0.0549649636127287;7.61870198433625
9663921754.74194;8.80233301785703;-0.0297221710441213;-8.04506039548141;-10.762026820771;28.6287430148669;-0.0549333209628112;7.61870197073356
9663921754.89184;8.80233301921669;-0.0297221710467279;-8.04237954627214;-10.7597377045995;28.6364591761311;-0.0548985860746045;7.61870195758287
9663921755.04086;8.80233302057654;-0.0297221710493323;-8.03974437133129;-10.7575214942914;28.6440438826948;-0.0548601773742454;7.61870194442006
9663921755.20083;8.80233302204573;-0.0297221710521431;-8.03694960180262;-10.7552073036633;28.6520879510679;-0.0548148933856738;7.61870193019116
9663921755.37726;8.80233302367753;-0.0297221710552609;-8.03390862852301;-10.7527273173217;28.6608406654864;-0.054760856973982;7.61870191437953
9663921755.56794;8.80233302545435;-0.0297221710586508;-8.03067001749014;-10.7501299978854;28.6701622421377;-0.0546978392030316;7.61870189715222
9663921755.76645;8.8023330273183;-0.0297221710622011;-8.02734965457766;-10.7475193702293;28.6797191332514;-0.0546267267483527;7.61870187906615
9663921755.97231;8.80233302926635;-0.0297221710659048;-8.02395952872963;-10.7449155223286;28.689476833693;-0.05454646810175;7.61870186014834
9663921756.18587;8.80233303130357;-0.0297221710697703;-8.02049764923458;-10.7423289476798;28.6994410757805;-0.0544555489567784;7.61870184034874
9663921756.40273;8.80233303338865;-0.029722171073718;-8.01703820614008;-10.7398258741186;28.7093983223501;-0.0543546148683787;7.61870182006581
9663921756.62276;8.80233303552119;-0.0297221710777457;-8.01358352644077;-10.7374179459794;28.7193418776717;-0.0542425457561489;7.61870179930275
9663921756.84687;8.80233303771073;-0.0297221710818701;-8.01012037651326;-10.7351089161529;28.7293098345123;-0.0541173663662951;7.61870177796621
9663921757.07419;8.80233303994935;-0.0297221710860747;-8.00666348290989;-10.7329241429757;28.7392598086573;-0.0539777675134686;7.6187017561322
9663921757.30251;8.80233304221546;-0.0297221710903172;-8.00324670225311;-10.7308998409678;28.7490943534935;-0.0538233877322329;7.61870173401026
9663921757.53248;8.80233304451597;-0.029722171094609;-7.99985945390882;-10.7290454682311;28.7588439263175;-0.0536519374484595;7.61870171153278
9663921757.76461;8.8023330468561;-0.0297221710989577;-7.99649458735244;-10.7273776036129;28.7685291124604;-0.0534607000545107;7.61870168864831
9663921757.99838;8.8023330492309;-0.0297221711033517;-7.99315995287995;-10.7259248305752;28.7781273207752;-0.0532473074778329;7.61870166540562
9663921758.23264;8.80233305162872;-0.0297221711077671;-7.98987159991951;-10.7247208109442;28.7875923603469;-0.0530097960487207;7.61870164191748
9663921758.46786;8.80233305405448;-0.0297221711122101;-7.98662241355478;-10.7237937147432;28.7969447157706;-0.0527442488119615;7.61870161813613
9663921758.7043;8.80233305651098;-0.0297221711166825;-7.98340867197538;-10.7231813287206;28.8061951064162;-0.0524461051235354;7.61870159403407
9663921758.94181;8.80233305899674;-0.0297221711211778;-7.98023242388006;-10.7229317214767;28.8153376432429;-0.0521104010031297;7.61870156962539
9663921759.17952;8.80233306150246;-0.029722171125675;-7.97710525746066;-10.7231017468133;28.8243389796193;-0.05173242861866;7.61870154500131
9663921759.41766;8.80233306403065;-0.0297221711301735;-7.97402350332215;-10.723759275351;28.8332096879836;-0.0513047077831699;7.61870152013724
9663921759.65654;8.80233306658449;-0.0297221711346733;-7.97098305377985;-10.7249910932073;28.8419616047292;-0.0508179047564475;7.61870149500186
9663921759.89613;8.80233306916374;-0.0297221711391667;-7.96798416076682;-10.7269024806045;28.8505940191472;-0.0502616150546911;7.61870146959742
9663921760.13617;8.80233307176539;-0.0297221711436415;-7.96503089771886;-10.7295047469536;28.8590952005129;-0.0496373813082233;7.61870144395406
9663921760.37932;8.80233307441864;-0.0297221711481422;-7.96209454314329;-10.732589771687;28.8675477739102;-0.0489682591274658;7.61870141778436
9663921760.6305;8.80233307717838;-0.0297221711527555;-7.95912407706893;-10.7359821090909;28.8760985572158;-0.0482703539557964;7.61870139054747
9663921760.89098;8.80233308006014;-0.0297221711575042;-7.95611822865338;-10.7391977937264;28.8847511202744;-0.0475980394706344;7.61870136208876
9663921761.16222;8.80233308308195;-0.0297221711624158;-7.95307521789354;-10.7421188877058;28.8935105695265;-0.0469630876172309;7.6187013322282
9663921761.44692;8.80233308627651;-0.029722171167545;-7.94998267294061;-10.744349327423;28.9024124548893;-0.0464052845352777;7.61870130064104
9663921761.74974;8.8023330896992;-0.0297221711729766;-7.94681211948965;-10.746248903994;28.9115388016784;-0.045881163525539;7.61870126677841
9663921762.07789;8.80233309343656;-0.0297221711788408;-7.94351733567913;-10.7478711138228;28.9210226645878;-0.0453795168465539;7.61870122978175
9663921762.44739;8.80233309767902;-0.0297221711854272;-7.93998648886102;-10.7489577873644;28.9311859002086;-0.044915365426511;7.61870118776584
9663921762.89067;8.80233310281562;-0.0297221711933177;-7.93600166013058;-10.7495726756225;28.94265576875;-0.0444597855781648;7.61870113688018
9663921763.51427;8.80233311012791;-0.0297221712044158;-7.93085236100253;-10.7496576144082;28.9574772957189;-0.0439496550850268;7.61870106446494
9663921764.65569;8.80233312376506;-0.0297221712248123;-7.9227256358212;-10.747893286501;28.9808685845765;-0.0433454730397022;7.61870092966013
9663921767.60657;8.80233316025974;-0.0297221712787133;-7.90772144754701;-10.7383543922808;29.0240542961548;-0.0428672015700844;7.61870057049259
9663921783.25706;8.80233336803981;-0.0297221715838863;-7.87692395813737;-10.7099817221739;29.1126937977407;-0.0427587133627783;7.61869853920847
9663921904.41608;8.80233515799888;-0.0297221741968174;-7.83051266141937;-10.6662278093284;29.2462503785099;-0.042692840001139;7.61868110211151
9663922894.28593;8.80235186068549;-0.0297221984256834;-7.77279176307928;-10.6112450080959;29.4121412687203;-0.0426651619258534;7.61851846197691
9663931373.07868;8.80253493842563;-0.0297224600238532;-7.66569847697285;-10.5106993186405;29.717812116098;-0.0424635198979938;7.61680198152775
9663976390.00284;8.80419446103889;-0.0297247633814838;-7.43339264332225;-10.2910144440659;30.3658038675578;-0.0421466423474567;7.60301190791422
9664144519.69536;8.83557174538814;-0.0297657990636054;-6.72902906529094;-9.61248276177542;32.1353900646343;-0.0420271441233212;7.43080539077067
9664682191.96132;8.97493400333975;-0.0299460625299752;-6.58637246124533;-9.47460991735774;30.1359626671006;-0.0389805186325914;5.82055951788586
9666171085.20323;9.08754511253181;-0.0301026709675153;-7.12128232246707;-9.97804840196586;28.3105839613534;-0.0393715713471348;5.62961153083253
9670080848.77618;9.19946121808177;-0.030259525779779;-7.54325790680522;-10.3966526487215;27.7416150783637;-0.0388809618028127;6.06094918846557
9681000485.14421;9.32527388151141;-0.0304363778889392;-7.93848381990368;-10.7905979326502;27.2131353628483;-0.0382529091634244;6.46789764989259
9719506134.90678;9.49035160967296;-0.0306681705277195;-8.36783597289585;-11.2204248166618;26.6432777896698;-0.0374109562410582;6.91282696938876
9816194323.28031;9.68157286923489;-0.0309350219563405;-8.70383724848675;-11.5591038908297;26.2016257745067;-0.0365646648606806;7.26389506611837
9967276576.53825;9.86684502486907;-0.031191386980951;-8.91140329877873;-11.7703546783978;25.9312202908406;-0.0358815813703166;7.48238992237376
10168421338.2639;10.0473978818123;-0.0314389646700518;-9.04690436223082;-11.909797222123;25.756729297377;-0.0353181424331861;7.6263831455231
10408545898.7223;10.2246908743971;-0.0316798670815864;-9.13174501223406;-11.9985954354153;25.6509788145341;-0.0348540715826017;7.71888120282056
10666648787.1966;10.3957474309128;-0.0319103508177604;-9.17865313969694;-12.0491525795317;25.5955764764475;-0.0344877987490409;7.77207204058022
10933807543.3841;10.5640299053085;-0.0321353350506761;-9.20073052366912;-12.0746173293949;25.572097686245;-0.0341884608165329;7.79884106091202
11202133603.9382;10.7305507674055;-0.0323563510431133;-9.207194203966;-12.0842391547566;25.5678275063481;-0.033935079963068;7.80841790222826
11459255810.8123;10.8910374585699;-0.032567937923196;-9.20470056390074;-12.0846508521767;25.5740312384945;-0.0337169982235242;7.80776724879852
11703385138.5623;11.0459202789244;-0.0327708442937863;-9.19761670686018;-12.0803242725654;25.5853839361109;-0.0335184843790557;7.80172952730655
11938388153.9989;11.1983199373677;-0.0329692301653715;-9.18808944128063;-12.0735626951096;25.5994337467924;-0.0333239984119395;7.79279500989465
12163711691.5953;11.3480763541993;-0.0331628879432165;-9.17742112076351;-12.0657716169035;25.6146221199151;-0.0331235943342576;7.78242687695162
12378429891.0884;11.4944587102032;-0.0333508666675021;-9.16638012396479;-12.0577601588102;25.6300944341513;-0.0329132047507127;7.77153176568635
12585631182.8927;11.6394169133651;-0.0335356098672719;-9.15514966166437;-12.049823997333;25.6457101749583;-0.0326843907743767;7.76036811378982
12784376372.4081;11.7820465842668;-0.0337158939761149;-9.14408674553609;-12.0423391781818;25.6609750731844;-0.0324355093429151;7.74929223779061
12974346947.5349;11.9217942417806;-0.0338909794257113;-9.13334180066972;-12.0354362818128;25.6757851108568;-0.0321683844999816;7.73852391946903
13153977169.8578;12.057135920495;-0.0340589536869328;-9.12294784844351;-12.0291366677412;25.6901389685504;-0.0318843548780469;7.7281257813358
13324830380.761;12.1888544909346;-0.0342208056769919;-9.11297613645176;-12.0235051013968;25.7038205971565;-0.0315841152989117;7.71809048679078
13486874587.0079;12.3165000372432;-0.034376036734661;-9.10362784141513;-12.0186548912476;25.7165880461758;-0.0312742064058906;7.70864326156001
13640351734.2626;12.439928855753;-0.0345245338072351;-9.09462714634324;-12.0143258259955;25.729054501157;-0.0309545965006384;7.69966338534567
13783808867.6676;12.5577292639237;-0.0346646963240938;-9.08557535315363;-12.0100902610119;25.7418234928232;-0.0306284063469339;7.6907873796464
13916251819.1018;12.6687397238845;-0.0347953341325159;-9.07666494814029;-12.0059599641812;25.7542769969415;-0.0303077953695964;7.68197248991429
14039210347.4902;12.7736744071943;-0.0349175174815695;-9.06883960056348;-12.0027466317323;25.7646303125377;-0.0299996980923541;7.67384103076804
14155657292.1543;12.874378110963;-0.0350335496130162;-9.06308265428892;-12.0015498279286;25.7714932226175;-0.0296942533122082;7.66735517405137
14266712650.4645;12.9712968553442;-0.0351440050682899;-9.05913173861197;-12.0023523476006;25.7761019651257;-0.0293762687075308;7.66283633571342
14370923859.384;13.063260738449;-0.0352476043705187;-9.05429713329403;-12.0025576037111;25.7837975641314;-0.0290460053041606;7.65868055564976
14458517840.3944;13.1423947843123;-0.0353358000844573;-9.04411089445852;-11.9970267846354;25.8026633963669;-0.0287573356693154;7.65169654024154
14516605209.5457;13.1971120158467;-0.0353963282413478;-9.02595759142392;-11.9821242575354;25.8383660908567;-0.0285823794933239;7.64064079488459
14540316933.4572;13.2204865871254;-0.0354220996451347;-9.00621947553568;-11.9638250540757;25.8812399174676;-0.0285351066535847;7.63132877894169
14545742881.3638;13.2260090362367;-0.035428182957703;-8.99234389727681;-11.9503354882313;25.9159021637821;-0.0285479377309497;7.62780438973938
14546226854.5619;13.226509472915;-0.0354287341390334;-8.98547217879794;-11.943526812897;25.9350486166;-0.028564881867528;7.62738216480917
14546256388.8709;13.2265403757658;-0.0354287681733361;-8.98032826911565;-11.9384099558228;25.9498086757365;-0.0285793583173431;7.62735190048625
14546258861.5942;13.226542997369;-0.0354287710604125;-8.9746085728342;-11.9327172479508;25.9662669718754;-0.028595707286471;7.62734902410529
14546259080.468;13.2265432327762;-0.0354287713196411;-8.9683738698494;-11.9265108600948;25.9842114483895;-0.0286136032767625;7.62734873527984
14546259102.9522;13.2265432573559;-0.0354287713467062;-8.96130166745196;-11.9194694840883;26.0045668225153;-0.0286339859263798;7.62734870161237
14546259107.7359;13.2265432626938;-0.0354287713525833;-8.95239230128464;-11.9105963283469;26.0302100142472;-0.028659832309949;7.62734869336246
14546259110.2234;13.2265432655425;-0.0354287713557195;-8.94111213065557;-11.8993579823362;26.0626769308846;-0.0286928157101646;7.62734868835332
14546259111.9763;13.2265432676164;-0.0354287713580024;-8.92697223750708;-11.8852657066402;26.1033747872826;-0.0287344699148139;7.62734868418539
14546259113.293;13.2265432692369;-0.035428771359786;-8.90986205511668;-11.8682081213916;26.1526218191851;-0.0287851944430202;7.62734868044575
14546259114.3437;13.2265432705921;-0.0354287713612775;-8.88943230302868;-11.8478356435798;26.2114233354981;-0.0288461105876994;7.62734867685493
14546259115.2441;13.2265432718224;-0.0354287713626312;-8.86444854512625;-11.8229153199071;26.2833323265302;-0.0289210230456907;7.62734867311873
14546259116.0261;13.2265432729676;-0.0354287713638911;-8.83434806672148;-11.7928834202735;26.3699684141699;-0.0290117720207286;7.62734866913825
14546259116.7166;13.2265432740648;-0.035428771365098;-8.7988956578666;-11.7575042517044;26.4720085865463;-0.0291191236893403;7.62734866479042
14546259117.3405;13.2265432751464;-0.0354287713662876;-8.76098609619024;-11.7196726810854;26.5811210085638;-0.0292338966749255;7.6273486599449
14546259117.9364;13.2265432762794;-0.0354287713675334;-8.72098690861852;-11.6797596844432;26.6962478532053;-0.0293546867246387;7.62734865430298
14546259118.4777;13.2265432773998;-0.0354287713687651;-8.68406582128427;-11.6429276162043;26.8025152179455;-0.0294654960182394;7.62734864818376
14546259118.9632;13.2265432784821;-0.0354287713699547;-8.65181978381545;-11.610770852548;26.8953267152737;-0.0295614515675655;7.6273486418302
14546259119.433;13.2265432796066;-0.0354287713711905;-8.6209651270309;-11.5800119504955;26.9841334990652;-0.0296525231280244;7.62734863485603
14546259119.8708;13.226543280725;-0.0354287713724192;-8.5926849130082;-11.5518299529342;27.0655304451663;-0.0297352437647883;7.62734862758329
14546259120.2895;13.2265432818614;-0.0354287713736673;-8.56630483895904;-11.5255526540687;27.1414583518379;-0.0298116054046344;7.62734861989916
14546259120.6918;13.2265432830174;-0.0354287713749368;-8.54156741330852;-11.5009230388762;27.2126583390166;-0.0298823909610183;7.62734861181767
14546259121.0903;13.2265432842277;-0.0354287713762654;-8.51756180520994;-11.4770337744096;27.2817519869595;-0.0299502386520401;7.62734860311518
14546259121.4677;13.2265432854347;-0.0354287713775901;-8.49516253221232;-11.4547541931885;27.3462222335846;-0.0300127422050416;7.62734859420791
14546259121.833;13.2265432866618;-0.0354287713789365;-8.473678528532;-11.4333955363015;27.4080581248576;-0.0300719270290218;7.62734858494964
14546259122.1876;13.2265432879118;-0.0354287713803076;-8.45286613030506;-11.4127146582378;27.4679609813558;-0.0301285266231706;7.62734857533085
14546259122.5322;13.2265432891845;-0.0354287713817031;-8.4325761839399;-11.3925625952855;27.5263601013953;-0.0301829980524134;7.62734856536028
14546259122.864;13.2265432904667;-0.0354287713831086;-8.4129191565173;-11.3730484637347;27.5829375354174;-0.030235086032009;7.62734855514841
14546259123.1898;13.2265432917832;-0.0354287713845512;-8.39352502209514;-11.3538053767261;27.6387583030016;-0.030285738868181;7.62734854450596
14546259123.5137;13.2265432931515;-0.0354287713860499;-8.37426423404458;-11.3347052413085;27.6941952689922;-0.0303352614806622;7.62734853329282
14546259123.8321;13.2265432945562;-0.035428771387588;-8.35546174986878;-11.3160705616429;27.748313131073;-0.0303827986102981;7.62734852162814
14546259124.1407;13.2265432959747;-0.0354287713891406;-8.33750229927818;-11.298282810849;27.8000045488293;-0.0304273657836464;7.62734850970068
14546259124.4448;13.2265432974295;-0.0354287713907322;-8.32016838892766;-11.2811265808437;27.8498955179365;-0.0304695035583478;7.62734849732976
14546259124.7434;13.2265432989136;-0.0354287713923553;-8.30361418500754;-11.2647546555332;27.8975423126838;-0.030508824483206;7.62734848457658
14546259125.033;13.2265433004058;-0.0354287713939864;-8.28807849645421;-11.2494028883016;27.9422575861699;-0.030544786933501;7.62734847162747
14546259125.3257;13.2265433019671;-0.0354287713956924;-8.27295604347843;-11.2344736870098;27.9857834724146;-0.0305787568857008;7.6273484579634
14546259125.6191;13.2265433035849;-0.0354287713974592;-8.25842494390256;-11.2201440651421;28.0276073075002;-0.0306102518451739;7.62734844369215
14546259125.903;13.2265433051999;-0.0354287713992222;-8.24497463795957;-11.2068966978469;28.066320370311;-0.0306382121026724;7.6273484293319
14546259126.1783;13.2265433068119;-0.0354287714009811;-8.23251650107932;-11.1946433437075;28.1021777427573;-0.030662893435615;7.62734841489687
14546259126.4536;13.226543308468;-0.0354287714027873;-8.22064128514361;-11.1829812524994;28.1363573347694;-0.0306851254800341;7.62734839997701
14546259126.7303;13.2265433101773;-0.0354287714046504;-8.20928043806009;-11.1718437319977;28.1690564550279;-0.0307049932504829;7.62734838449262
14546259127.0082;13.226543311937;-0.0354287714065675;-8.19844425392825;-11.1612414944948;28.2002454748144;-0.0307224359989499;7.62734836846755
14546259127.2786;13.226543313689;-0.0354287714084751;-8.18843346631002;-11.1514682835222;28.229058814145;-0.030737007377026;7.62734835243077
14546259127.548;13.2265433154733;-0.0354287714104169;-8.17895746123356;-11.1422395592757;28.2563329266817;-0.0307491914795547;7.62734833602494
14546259127.8104;13.2265433172465;-0.0354287714123454;-8.17018474698926;-11.1337185953596;28.2815828070767;-0.030758833636714;7.62734831965182
14546259128.0713;13.2265433190436;-0.0354287714142988;-8.16188262153997;-11.1256783570504;28.3054782251784;-0.0307662639229522;7.62734830299651
14546259128.3314;13.226543320868;-0.0354287714162805;-8.15399672407893;-11.1180659749214;28.3281756439359;-0.030771548791897;7.62734828602983
14546259128.5917;13.2265433227258;-0.0354287714182972;-8.14646833670215;-11.1108247883776;28.3498440670295;-0.0307747279760673;7.62734826869797
14546259128.8503;13.2265433246024;-0.0354287714203329;-8.13932188575667;-11.1039782344664;28.3704131899514;-0.0307757972540585;7.62734825113827
14546259129.1093;13.2265433265114;-0.0354287714224023;-8.13247303503194;-11.0974455593365;28.3901257517558;-0.0307747683028042;7.62734823322503
14546259129.3652;13.2265433284261;-0.0354287714244762;-8.12598470976333;-11.0912866663903;28.4088006393161;-0.0307716612224492;7.62734821521206
14546259129.6212;13.226543330369;-0.035428771426579;-8.11974900145069;-11.0853990936578;28.4267484381591;-0.0307664291831005;7.62734819688864
14546259129.8737;13.2265433323123;-0.0354287714286805;-8.11382619725542;-11.0798398554251;28.4437956281362;-0.0307591189342935;7.62734817851856
14546259130.1263;13.2265433342814;-0.035428771430808;-8.10811313997985;-11.0745123887586;28.4602391194788;-0.0307495876206278;7.6273481598656
14546259130.3795;13.226543336281;-0.0354287714329664;-8.10257889566839;-11.0693891968765;28.4761679473949;-0.030737691286781;7.62734814088633
14546259130.6289;13.2265433382742;-0.0354287714351157;-8.09730330486082;-11.0645450533792;28.491352312617;-0.0307235442743316;7.62734812193053
14546259130.876;13.2265433402726;-0.0354287714372685;-8.09223186053447;-11.0599303635586;28.5059490990629;-0.0307069726583773;7.62734810288969
14546259131.1203;13.2265433422699;-0.0354287714394176;-8.08736066648465;-11.0555426242249;28.5199695210892;-0.0306878949844505;7.62734808382675
14546259131.3606;13.2265433442565;-0.0354287714415527;-8.08269261428888;-11.0513854548219;28.5334052562505;-0.0306662565165766;7.62734806483397
14546259131.5952;13.2265433462157;-0.0354287714436557;-8.07824601272182;-11.0474757019585;28.5462036078117;-0.0306421101821013;7.627348046074
14546259131.8234;13.2265433481402;-0.0354287714457189;-8.07401573116153;-11.0438090221194;28.5583793430296;-0.0306154231998246;7.62734802761727
14546259132.0448;13.2265433500249;-0.0354287714477366;-8.06999354926877;-11.0403785159841;28.5699561220886;-0.0305861353947875;7.62734800951691
14546259132.259;13.2265433518638;-0.0354287714497024;-8.06617378179562;-11.0371797691592;28.5809503086023;-0.0305541831447076;7.62734799183262
14546259132.4652;13.2265433536491;-0.0354287714516081;-8.06255510757723;-11.0342123911913;28.5913657053496;-0.0305195142371669;7.62734797464084
14546259132.6626;13.2265433553718;-0.0354287714534441;-8.05913959126095;-11.0314791629181;28.6011963699685;-0.0304820820751209;7.62734795803238
14546259132.8501;13.2265433570208;-0.0354287714551987;-8.05593362481004;-11.0289845947905;28.6104239049269;-0.0304420098802096;7.62734794211558
14546259133.0266;13.2265433585831;-0.0354287714568581;-8.0529489071954;-11.0267332801787;28.6190146375652;-0.030399770418237;7.62734792701937
14546259133.1924;13.2265433600595;-0.0354287714584238;-8.05017204460088;-11.024707752394;28.6270071180475;-0.0303556990270616;7.62734791273736
14546259133.3492;13.2265433614649;-0.0354287714599114;-8.04756680377167;-11.0228731627316;28.6345056338799;-0.0303098181398426;7.62734789912997
14546259133.5012;13.2265433628352;-0.0354287714613592;-8.04506187270798;-11.0211714608966;28.6417154377833;-0.0302614293531039;7.62734788585194
14546259133.657;13.2265433642479;-0.0354287714628487;-8.04251657606683;-11.0195046120935;28.649041427564;-0.0302080060360974;7.62734787215519
14546259133.8242;13.2265433657737;-0.0354287714644538;-8.03981031600474;-11.0177993445095;28.656830713746;-0.0301466549148045;7.6273478573535
14546259134.0086;13.2265433674676;-0.035428771466231;-8.03685775315622;-11.0160178375296;28.6653289250287;-0.0300743912367577;7.62734784091273
14546259134.2028;13.2265433692644;-0.0354287714681104;-8.03378320876693;-11.01425721305;28.6741782351899;-0.0299927975564101;7.62734782346233
14546259134.4043;13.2265433711418;-0.0354287714700676;-8.03063091486973;-11.0125634902207;28.6832513345526;-0.0299016947050925;7.62734780521561
14546259134.6126;13.2265433730973;-0.0354287714720986;-8.02741024074737;-11.0109634818105;28.692521257208;-0.0297999455816724;7.62734778619629
14546259134.8275;13.2265433751309;-0.0354287714742019;-8.02412598500325;-11.009484274375;28.7019741929479;-0.0296861228420093;7.62734776640273
14546259135.0454;13.2265433772074;-0.0354287714763398;-8.02083764913881;-11.0081770206093;28.711438882434;-0.0295607593804661;7.6273477461739
14546259135.2661;13.2265433793272;-0.0354287714785114;-8.01754611347937;-11.0070663071714;28.720912793154;-0.0294223965559361;7.62734772550619
14546259135.4904;13.2265433814978;-0.0354287714807227;-8.01424144293123;-11.0061786100104;28.730424522498;-0.0292687972427923;7.62734770432581
14546259135.7182;13.2265433837189;-0.0354287714829714;-8.0109262632905;-11.0055506253194;28.7399665145509;-0.0290979166663023;7.62734768263571
14546259135.9468;13.2265433859656;-0.0354287714852306;-8.00763831293224;-11.0052267707558;28.7494301497689;-0.0289095134837081;7.62734766067618
14546259136.1765;13.2265433882393;-0.0354287714874998;-8.00437556256942;-11.0052467935891;28.7588212708422;-0.0287011865017415;7.62734763843391
14546259136.4078;13.2265433905467;-0.0354287714897832;-8.00112897748681;-11.0056610727489;28.7681658844958;-0.0284695156803758;7.62734761584499
14546259136.6409;13.226543392889;-0.0354287714920794;-7.9978974124013;-11.0065319662515;28.7774672898558;-0.0282109697398049;7.62734759289632
14546259136.8751;13.2265433952592;-0.0354287714943785;-7.99469083890589;-11.0079291221231;28.7866967886185;-0.0279224518152428;7.6273475696548
14546259137.1094;13.2265433976486;-0.0354287714966687;-7.99152109298739;-11.0099302296458;28.7958203162853;-0.0276007140856964;7.62734754620669
14546259137.3445;13.2265434000634;-0.0354287714989523;-7.98837979218798;-11.0126433852711;28.8048620038271;-0.0272396928286161;7.62734752249097
14546259137.5806;13.226543402506;-0.0354287715012269;-7.9852640436802;-11.0162035692712;28.8138301821184;-0.0268325203054747;7.62734749848375
14546259137.8176;13.2265434049746;-0.0354287715034856;-7.98217652351708;-11.0207721562298;28.8227171534832;-0.0263717704715597;7.62734747420296
14546259138.0547;13.226543407463;-0.0354287715057166;-7.97912507203404;-11.0265402577016;28.8315003560334;-0.0258494946665934;7.62734744970954
14546259138.292;13.2265434099702;-0.0354287715079121;-7.97611070608794;-11.0337664703917;28.8401768690137;-0.0252546965840684;7.62734742501279
14546259138.5298;13.2265434125003;-0.0354287715100679;-7.97312866832571;-11.0426562587063;28.8487603859984;-0.0245810010943369;7.62734740007256
14546259138.7693;13.2265434150656;-0.0354287715121921;-7.97016712809406;-11.0521202562101;28.8572849003744;-0.0238947416359816;7.62734737476775
14546259139.0156;13.2265434177212;-0.0354287715143287;-7.9671702257105;-11.0615985964314;28.8659111651985;-0.0232250629624553;7.62734734855623
14546259139.271;13.2265434204959;-0.0354287715165068;-7.96411841109921;-11.0692681351027;28.8746953806324;-0.0226656243790834;7.62734732115256
14546259139.537;13.2265434234054;-0.0354287715187455;-7.96101112376004;-11.0748255127015;28.8836391597468;-0.0222247826189556;7.62734729239982
14546259139.8157;13.2265434264766;-0.0354287715210761;-7.95783838564544;-11.0776865847584;28.8927712102034;-0.0219250705490112;7.62734726203098
14546259140.1104;13.2265434297485;-0.0354287715235362;-7.95458308322074;-11.0784281484471;28.9021408178015;-0.0217312619806649;7.62734722965731
14546259140.428;13.2265434333026;-0.0354287715261841;-7.95119360864922;-11.0790264812722;28.9118965966939;-0.021539901319776;7.62734719447141
14546259140.7783;13.226543437254;-0.0354287715291076;-7.94760469031641;-11.0784447114639;28.9222263781852;-0.0213989123527326;7.62734715533273
14546259141.1887;13.2265434419276;-0.0354287715325458;-7.94360208492529;-11.0769212017642;28.933746816124;-0.0212855835033132;7.62734710902554
14546259141.7196;13.2265434480399;-0.0354287715370124;-7.9387544043233;-11.0749908988491;28.9476995680914;-0.0211532724058088;7.6273470484634
14546259142.6005;13.2265434583535;-0.0354287715444707;-7.93151824537482;-11.0722863917168;28.9685269022967;-0.0209487572767793;7.62734694641496
14546259144.4689;13.2265434808587;-0.0354287715605269;-7.91919596245302;-11.0658333287803;29.0039931355695;-0.0206928556094393;7.6273467244661
14546259152.2678;13.226543580754;-0.0354287716311351;-7.8924902734877;-11.0431809565231;29.0808569360631;-0.0205549543617554;7.62734574706746
14546259205.9555;13.2265443369523;-0.0354287721603964;-7.85123891859403;-11.0062044280382;29.1995769433548;-0.0204367131774511;7.6273383662111
14546259648.6965;13.2265513944936;-0.0354287770594211;-7.79749629441009;-10.956040100643;29.354157560035;-0.0203763229267472;7.62726943098093
14546263315.1164;13.2266216189261;-0.0354288248197869;-7.71775396782935;-10.8851745610561;29.5826671710438;-0.0201194791767267;7.62659627764309
14546288186.2829;13.2273268839659;-0.0354292842444956;-7.54734379902307;-10.7334818066712;30.0638031600691;-0.0195842034260633;7.62035284203076
14546391041.0777;13.2358378078726;-0.035434379348055;-7.08224783443089;-10.3050715264936;31.3191781895509;-0.0187493694011121;7.56470977238081
14546738686.221;13.3497024429708;-0.035494295356299;-6.48474730783942;-9.76359329468198;31.6197980575891;-0.0166384591621241;6.61652619572315
14547749706.9642;13.4696694045274;-0.0355680804940434;-6.9256984066569;-10.1367911737572;28.6171153335999;-0.0176008275056766;5.45828057008505
14550431587.1453;13.5801820205811;-0.0356392685169485;-7.38502751123851;-10.576032439381;27.9537730877666;-0.0180067571460756;5.89839773800695
14557540472.0851;13.6981785163889;-0.0357167127859845;-7.77993237498358;-10.9628122000546;27.4250369011794;-0.0179997882272335;6.30455776662162
14580219887.0585;13.8438554867907;-0.0358141365574911;-8.19224094653151;-11.3669669093897;26.8756577382237;-0.017973519982993;6.73039395997626
14652613963.4747;14.0309650141798;-0.0359414395908828;-8.58760713006497;-11.7548642796768;26.3541386006883;-0.0179304701000881;7.14226313541978
14783122096.0722;14.2198365177416;-0.0360713651871849;-8.83947113787305;-12.0019428567996;26.0246259762444;-0.0179024627047508;7.40645468987234
14965287473.8959;14.4020899325102;-0.0361976739329304;-8.99979016471765;-12.1590324163025;25.8169182635952;-0.0178921342518003;7.57598158557974
15192983476.537;14.5814494888928;-0.0363227845795138;-9.10363088525192;-12.260061137774;25.6855578603196;-0.0179167300397653;7.68790746308839
15444673589.5998;14.7540758480018;-0.0364439705294695;-9.16375904499249;-12.3174138842884;25.6126606256733;-0.0179804209787758;7.75483262917338
15710551342.009;14.9239245108179;-0.0365640083039602;-9.19461986671302;-12.3453640638449;25.5780372279598;-0.0180768609760044;7.79104694902642
15979034167.1036;15.0908709840495;-0.0366828281066382;-9.2063392600568;-12.3540276821946;25.5674122691773;-0.018196939545977;7.80648528273615
16244265588.0218;15.2556505127752;-0.0368009516271263;-9.20672171550306;-12.3512885899728;25.5703565466181;-0.0183303142009318;7.80918803936846
16493464617.5648;15.4125018611685;-0.036914141688264;-9.20105809019568;-12.342738052218;25.5801416192161;-0.0184596296011961;7.80483436065617
16731967027.3968;15.5656846176708;-0.0370253466118091;-9.1922828911896;-12.331368755663;25.5933820592355;-0.0185798333973393;7.79680556969436
16960680188.4951;15.7161208724361;-0.0371350983911983;-9.18193864365535;-12.3188795862981;25.6082696078974;-0.0186826849746386;7.78685987770499
17179612357.5714;15.8638118130136;-0.0372432453224913;-9.17095572353974;-12.3062953791756;25.6237330772942;-0.0187630201943814;7.77607075761348
17387972942.4726;16.008018945701;-0.0373490805845126;-9.15982882616593;-12.2941851785538;25.6392520917439;-0.018816939998674;7.76504185812803
17589923381.6674;16.1514374503755;-0.0374544093068469;-9.14863961189411;-12.2826979858873;25.6547353230028;-0.018841226238751;7.75386919629098
17784351572.9745;16.2930417426409;-0.0375583170242078;-9.13768281835936;-12.2721114317428;25.6698274466777;-0.0188362452321308;7.74288216710053
17968787853.1346;16.43068967815;-0.0376590801937483;-9.1270766524001;-12.2625445345561;25.6844684239073;-0.018801941611283;7.73226797672769
18143377572.5955;16.5640905535452;-0.0377563537149282;-9.11685998763967;-12.2540240300536;25.6985331486056;-0.0187389085799845;7.72201779348012
18308364119.9354;16.6929691272747;-0.0378498542281238;-9.10726781299112;-12.2466345396;25.7116384163997;-0.0186536157055968;7.71232748608936
18465160206.4206;16.8180459608646;-0.0379400424286903;-9.09815834058097;-12.2401854968379;25.7241621127165;-0.0185487258146644;7.70317686927257
18612637548.3188;16.9381595149903;-0.0380260244126603;-9.08913328355893;-12.2343178394513;25.7368131847333;-0.0184234183627104;7.69427368622459
18749293629.5629;17.0517971000418;-0.0381067162572131;-9.08010696689859;-12.2287993195031;25.7495160690976;-0.0182842318148191;7.68540269313983
18875980673.0121;17.1591979083305;-0.0381823547212224;-9.07172465110632;-12.2239894999013;25.7609121819816;-0.0181424689438406;7.67689704954481
18994396824.8411;17.2611381123987;-0.0382535644487781;-9.06506544505991;-12.2208716195152;25.7692682807993;-0.018000970180101;7.66967390836739
19107295422.2148;17.3593786838634;-0.0383215923845633;-9.06039766629112;-12.2200012532954;25.7747050898053;-0.0178480230376487;7.66432992101098
19213605827.6117;17.4527959848718;-0.0383856364322855;-9.05614845866796;-12.220097001799;25.7806838458717;-0.0176744492584425;7.66015296910847
19308929221.4742;17.5380394159158;-0.0384434452728478;-9.04853857470058;-12.2172052373511;25.7941246644957;-0.0174925905951086;7.65449891670233
19380261426.6877;17.604011874555;-0.0384877747283051;-9.03392298078918;-12.2065932538486;25.8218862637803;-0.017350727569729;7.6449407243092
19418773347.0909;17.6413478081297;-0.0385127212768527;-9.01346816011441;-12.1885847075488;25.8639140591734;-0.0172813513935159;7.63368517183821
19430173266.7901;17.6528347827836;-0.0385203813247527;-8.99669612939045;-12.1726703068045;25.9030835575504;-0.0172733784818039;7.62760217640007
19431856592.3608;17.6545687811023;-0.0385215371784928;-8.98711944861728;-12.1632652380394;25.9286923649175;-0.0172836246278065;7.62629588909958
19431949903.1066;17.6546660255561;-0.0385216019944978;-8.98206681910411;-12.1582494008849;25.9431014195636;-0.0172917644804282;7.62620663832043
19431957369.5613;17.6546739021421;-0.0385216072440749;-8.97677641878182;-12.1529901209187;25.9583162698085;-0.0173006658183827;7.62619852479993
19431958010.1729;17.654674586933;-0.03852160770044;-8.97103675828654;-12.1472823094542;25.9748351576487;-0.0173104057989192;7.62619773625967
19431958073.0521;17.6546746551382;-0.0385216077458904;-8.964689958168;-12.1409692339879;25.9931025828016;-0.0173212346432077;7.6261976488558
19431958081.8147;17.6546746648087;-0.0385216077523341;-8.95718782458927;-12.1335047422157;26.0146954343521;-0.0173341211734577;7.62619763499809
19431958085.089;17.6546746685057;-0.0385216077547972;-8.94725969925701;-12.1236227319006;26.0432708619304;-0.0173513190366258;7.62619762900464
19431958087.135;17.6546746708822;-0.0385216077563804;-8.93497453290968;-12.1113888859857;26.0786303999389;-0.0173728242529265;7.62619762461078
19431958088.6224;17.6546746726701;-0.0385216077575713;-8.92007054170769;-12.0965412899559;26.1215275211775;-0.017399141559372;7.62619762082929
19431958089.7695;17.6546746741062;-0.0385216077585277;-8.90242156159714;-12.0789532257178;26.1723253544213;-0.0174305321555381;7.62619761735123
19431958090.7314;17.6546746753714;-0.0385216077593702;-8.88097558233594;-12.0575746588065;26.234051827465;-0.0174689296443386;7.6261976138465
19431958091.5558;17.6546746765217;-0.038521607760136;-8.85531166334231;-12.0319829760567;26.3079185042168;-0.0175152030002431;7.62619761020466
19431958092.2791;17.6546746776048;-0.038521607760857;-8.82466815290516;-12.0014167556176;26.3961175938649;-0.0175707966152786;7.62619760629934
19431958092.9456;17.6546746786909;-0.0385216077615798;-8.78793783442751;-11.9647715745198;26.5018359210577;-0.0176377109383267;7.62619760185341
19431958093.5596;17.6546746797862;-0.0385216077623087;-8.74862872377994;-11.9255537256047;26.6149766063924;-0.0177092874363094;7.62619759679977
19431958094.1071;17.6546746808524;-0.0385216077630179;-8.71055574596544;-11.8875731470084;26.7245594155191;-0.0177784196414583;7.62619759134307
19431958094.6191;17.6546746819347;-0.0385216077637377;-8.6748962022727;-11.852010022967;26.8271958036009;-0.0178427363544033;7.62619758531737
19431958095.0952;17.6546746830188;-0.0385216077644586;-8.64258163392924;-11.8197945330535;26.9202045802217;-0.0179005121559275;7.62619757886208
19431958095.5419;17.654674684109;-0.0385216077651834;-8.61259338505853;-11.7899088536153;27.0065176721435;-0.01795366509185;7.62619757201266
19431958095.9641;17.6546746852072;-0.0385216077659133;-8.58479569093228;-11.7622173939075;27.0865258416333;-0.0180024495433686;7.62619756479707
19431958096.3707;17.6546746863303;-0.0385216077666595;-8.55871541586668;-11.7362475466467;27.1615908822588;-0.0180477502581076;7.62619755713606
19431958096.7584;17.6546746874629;-0.0385216077674119;-8.53446237263831;-11.7121075215856;27.2313967276584;-0.0180894252511519;7.6261975491573
19431958097.1347;17.6546746886219;-0.0385216077681816;-8.51140972890468;-11.6891737222996;27.2977475458886;-0.0181285396017711;7.62619754076525
19431958097.498;17.654674689799;-0.0385216077689631;-8.48948414932302;-11.6673727542955;27.3608544130949;-0.018165236239525;7.62619753203282
19431958097.8493;17.6546746909937;-0.038521607769756;-8.46847360226306;-11.6464908570569;27.4213276052148;-0.0181999930676076;7.62619752297908
19431958098.1901;17.6546746922079;-0.0385216077705617;-8.44814898666086;-11.6262990779891;27.4798265279677;-0.0182332419718276;7.62619751359928
19431958098.5232;17.6546746934504;-0.0385216077713858;-8.42823252262965;-11.6065228961636;27.5371506959597;-0.0182653764603126;7.62619750383436
19431958098.8464;17.6546746947113;-0.0385216077722219;-8.4088070060784;-11.5872463019515;27.5930618036157;-0.0182961873115951;7.62619749376589
19431958099.1628;17.6546746960014;-0.038521607773077;-8.38972610175687;-11.5683354913823;27.6479810377635;-0.0183254240634307;7.62619748331244
19431958099.4745;17.6546746973277;-0.0385216077739557;-8.37098380873624;-11.5497859907526;27.7019256704192;-0.0183530301316602;7.62619747241825
19431958099.7793;17.6546746986805;-0.0385216077748515;-8.35280026816181;-11.5318149031424;27.7542620846132;-0.0183787110589602;7.62619746116382
19431958100.0778;17.6546747000599;-0.0385216077757644;-8.33525478960908;-11.514500466983;27.8047620090615;-0.0184023592519942;7.62619744955085
19431958100.3718;17.6546747014724;-0.0385216077766988;-8.31833154004078;-11.4978260084561;27.8534710147997;-0.0184240394518938;7.62619743752764
19431958100.6614;17.6546747029168;-0.0385216077776536;-8.30211182578125;-11.4818696421731;27.9001550833996;-0.018443731911755;7.62619742510745
19431958100.9465;17.6546747043903;-0.0385216077786271;-8.28665720781262;-11.4666853041059;27.9446370279855;-0.0184616441931396;7.62619741231733
19431958101.2283;17.6546747058973;-0.038521607779622;-8.271928033627;-11.4522328633466;27.9870309775579;-0.0184778738907764;7.62619739912241
19431958101.506;17.6546747074304;-0.0385216077806336;-8.25798693054327;-11.4385739068415;28.0271566763156;-0.0184923483130836;7.62619738559123
19431958101.7804;17.6546747089922;-0.0385216077816633;-8.24478645589489;-11.4256620496562;28.0651506752004;-0.0185051148322869;7.62619737170634
19431958102.0528;17.6546747105876;-0.0385216077827146;-8.23226104475264;-11.4134335268233;28.1012016851919;-0.0185162233112912;7.6261973574265
19431958102.3203;17.6546747121973;-0.0385216077837745;-8.22052233966514;-11.4019977561724;28.1349883734788;-0.0185255590867857;7.62619734292939
19431958102.5881;17.6546747138514;-0.0385216077848628;-8.20932012592032;-11.3911112279533;28.1672309155178;-0.0185333126469856;7.62619732794901
19431958102.8525;17.6546747155244;-0.0385216077859628;-8.1987952120753;-11.3809102362047;28.1975240320143;-0.018539411807398;7.62619731271693
19431958103.1159;17.6546747172294;-0.038521607787083;-8.18882408148233;-11.3712742186833;28.2262232322874;-0.0185439665276715;7.62619729711875
19431958103.3759;17.6546747189497;-0.0385216077882123;-8.17945984878858;-11.3622538927523;28.2531756402919;-0.0185469809280237;7.62619728130948
19431958103.6349;17.6546747206979;-0.038521607789359;-8.17059004999073;-11.3537403000237;28.2787049533073;-0.0185485201714153;7.62619726517899
19431958103.8928;17.6546747224732;-0.0385216077905224;-8.16218115683238;-11.3457010774758;28.3029076734352;-0.0185485999252026;7.62619724873685
19431958104.1481;17.6546747242629;-0.0385216077916943;-8.15425016052107;-11.3381519554971;28.3257348962016;-0.0185472442494201;7.62619723210195
19431958104.4018;17.6546747260725;-0.0385216077928781;-8.14673075845963;-11.3310291243183;28.3473774557756;-0.0185444740544721;7.62619721522827
19431958104.6567;17.6546747279217;-0.0385216077940866;-8.13951116704921;-11.3242268821101;28.3681570910381;-0.0185402424093405;7.62619719793508
19431958104.913;17.6546747298103;-0.0385216077953197;-8.132569463201;-11.3177255594499;28.3881369017561;-0.0185344965864272;7.62619718022337
19431958105.1656;17.6546747317003;-0.0385216077965524;-8.12601206792275;-11.3116247760839;28.4070105840624;-0.0185273294834988;7.62619716245031
19431958105.4157;17.6546747335981;-0.0385216077977888;-8.11977843320402;-11.3058672848999;28.4249524091027;-0.0185187169838031;7.6261971445595
19431958105.6634;17.6546747355045;-0.0385216077990294;-8.11383388729241;-11.300420739822;28.4420621702317;-0.0185086280903759;7.62619712654592
19431958105.9114;17.6546747374377;-0.0385216078002859;-8.10809778263288;-11.2952119747709;28.4585719896625;-0.0184968984346851;7.62619710823964
19431958106.1586;17.6546747393901;-0.0385216078015532;-8.1025738558062;-11.2902457322125;28.4744711127865;-0.0184834820380083;7.62619708971534
19431958106.4039;17.6546747413503;-0.0385216078028239;-8.09727232865362;-11.2855324010945;28.4897301189443;-0.0184683570744262;7.62619707107976
19431958106.6497;17.6546747433383;-0.0385216078041108;-8.09212212437444;-11.2810109852779;28.5045535835495;-0.018451232566442;7.62619705214614
19431958106.893;17.6546747453288;-0.0385216078053973;-8.08717168137344;-11.276726513395;28.518802089958;-0.0184321691544989;7.62619703315532
19431958107.1323;17.6546747473083;-0.0385216078066746;-8.08243380595978;-11.2726918871592;28.5324387788462;-0.018411145615254;7.62619701423792
19431958107.3656;17.6546747492578;-0.0385216078079304;-8.07793085056956;-11.2689267943154;28.5453993149382;-0.0183882406535213;7.62619699557568
19431958107.5924;17.6546747511728;-0.0385216078091618;-8.07365111853966;-11.2654219142997;28.5577173640533;-0.0183633831282263;7.62619697721608
19431958107.8125;17.6546747530479;-0.0385216078103653;-8.06958570170024;-11.2621707056365;28.5694185660909;-0.0183364981060581;7.6261969592124
19431958108.0254;17.6546747548773;-0.0385216078115371;-8.06572822614567;-11.2591693575517;28.5805212667658;-0.0183074987862149;7.62619694162401
19431958108.2302;17.6546747566528;-0.0385216078126721;-8.06207769008149;-11.2564191150315;28.5910283496393;-0.018276303069819;7.62619692453126
19431958108.4261;17.6546747583644;-0.0385216078137638;-8.05863730104361;-11.2539247097094;28.6009305828551;-0.0182428528581948;7.6261969080328
19431958108.612;17.654674760001;-0.0385216078148053;-8.05541344525422;-11.2516897611557;28.6102095854709;-0.0182072654238123;7.62619689223869
19431958108.7869;17.6546747615509;-0.0385216078157893;-8.05241496446661;-11.2497143962543;28.6188399088172;-0.0181699023569556;7.62619687726487
19431958108.9512;17.654674763016;-0.0385216078167173;-8.04962594400486;-11.2479793982302;28.6268673588823;-0.0181309421205865;7.62619686309436
19431958109.107;17.6546747644148;-0.038521607817601;-8.04700303107097;-11.2464451028693;28.6344167148453;-0.0180903208314301;7.62619684955349
19431958109.2587;17.6546747657838;-0.0385216078184636;-8.04447322752235;-11.2450553826499;28.6416980820918;-0.0180474815836574;7.62619683629105
19431958109.4151;17.654674767204;-0.0385216078193559;-8.04188814746;-11.2437284759412;28.6491385499541;-0.0179999475340793;7.62619682252383
19431958109.5839;17.6546747687464;-0.0385216078203218;-8.03912650102533;-11.242411513456;28.6570872192548;-0.0179451475285588;7.62619680756349
19431958109.7696;17.6546747704551;-0.0385216078213877;-8.0361224064867;-11.2410957765222;28.6657337135022;-0.0178809130856838;7.62619679098199
19431958109.965;17.6546747722661;-0.0385216078225124;-8.03299931311591;-11.2398687801052;28.6747227171188;-0.0178085992083684;7.62619677339693
19431958110.1674;17.6546747741565;-0.0385216078236807;-8.02980286108748;-11.2387799684357;28.683922867444;-0.017728069214681;7.62619675502724
19431958110.3765;17.6546747761235;-0.0385216078248899;-8.02654267004144;-11.2378657981467;28.693306477473;-0.0176383302170906;7.62619673589785
19431958110.5924;17.6546747781704;-0.0385216078261405;-8.02321847740456;-11.237164551909;28.7028743036414;-0.0175379696678425;7.62619671597658
19431958110.8111;17.6546747802595;-0.0385216078274086;-8.01989431277419;-11.2367275979983;28.712442054015;-0.0174275704293404;7.62619669562701
19431958111.0326;17.6546747823914;-0.0385216078286931;-8.01657063339519;-11.2365923727304;28.7220084131492;-0.0173058552055005;7.62619667484356
19431958111.2574;17.6546747845721;-0.0385216078299963;-8.01323962301128;-11.2368048468335;28.7315958788761;-0.0171709579809676;7.62619665356685
19431958111.4856;17.654674786802;-0.038521607831317;-8.00990239874709;-11.2374214616069;28.741201236706;-0.0170210306058755;7.6261966317912
19431958111.7147;17.6546747890591;-0.0385216078326402;-8.00659302543341;-11.2384960972087;28.7507264404815;-0.01685565954305;7.62619660973241
19431958111.9449;17.6546747913427;-0.0385216078339641;-8.0033120486333;-11.2400935316938;28.7601699207938;-0.0166728546670672;7.62619658739458
19431958112.1766;17.6546747936598;-0.0385216078352905;-8.00004999060031;-11.2423000101283;28.7695589580186;-0.0164696050473382;7.62619656471141
19431958112.41;17.6546747960116;-0.0385216078366179;-7.9968057051279;-11.2452186837749;28.778896852436;-0.0162428099920442;7.62619654167019
19431958112.6446;17.6546747983919;-0.0385216078379399;-7.99358814195422;-11.2489629421294;28.7881578456688;-0.0159896543289104;7.62619651833079
19431958112.8793;17.6546748007915;-0.0385216078392488;-7.9904094981538;-11.2536599133961;28.7973068326502;-0.0157072971052992;7.62619649478241
19431958113.1148;17.6546748032166;-0.0385216078405445;-7.98726157144282;-11.2594988900109;28.8063674232393;-0.0153904449997753;7.62619647096567
19431958113.3513;17.6546748056693;-0.0385216078418241;-7.98414174679029;-11.2667165689074;28.8153471459544;-0.0150331168746974;7.62619644685917
19431958113.5886;17.6546748081481;-0.0385216078430821;-7.98105242855225;-11.2756023870099;28.8242390822485;-0.0146287727326965;7.62619642247923
19431958113.8261;17.6546748106465;-0.03852160784431;-7.9780014329291;-11.2865091590417;28.8330207367641;-0.0141704100685647;7.62619639788733
19431958114.0637;17.654674813164;-0.0385216078455013;-7.97498920973302;-11.2999345928491;28.8416908168184;-0.0136481986104019;7.62619637308868
19431958114.302;17.6546748157047;-0.0385216078466511;-7.97201115683237;-11.316334620572;28.850262567469;-0.0130564859669603;7.62619634804452
19431958114.5418;17.6546748182806;-0.0385216078477625;-7.96905571077959;-11.3341048526487;28.8587692434724;-0.0124517004311771;7.62619632263537
19431958114.7883;17.6546748209459;-0.0385216078488574;-7.96606841949114;-11.3524560698457;28.8673675593873;-0.0118582207724642;7.62619629632797
19431958115.0439;17.6546748237285;-0.0385216078499519;-7.96303084741566;-11.3682748284661;28.8761105466054;-0.0113578130186838;7.62619626884489
19431958115.3098;17.654674826645;-0.0385216078510582;-7.95994175359229;-11.3809260783234;28.8850017789865;-0.010956909483377;7.6261962400227
19431958115.5884;17.6546748297217;-0.0385216078521952;-7.95679173568717;-11.3891167127365;28.8940683143409;-0.0106778476030967;7.6261962095982
19431958115.8828;17.654674832998;-0.0385216078533841;-7.95356382343472;-11.3937736466121;28.903359010818;-0.0104891064795719;7.62619617718189
19431958116.1999;17.6546748365547;-0.0385216078546513;-7.95020744223916;-11.3984314798744;28.9130194651192;-0.0103007633775675;7.62619614197041
19431958116.5492;17.6546748405039;-0.038521607856038;-7.9466608587121;-11.4011909735375;28.9232273441439;-0.0101558583866066;7.62619610285272
19431958116.9579;17.6546748451669;-0.038521607857655;-7.94271536572469;-11.4026656531148;28.9345833580368;-0.0100338347851165;7.62619605664965
19431958117.484;17.6546748512356;-0.0385216078597287;-7.93796314063907;-11.4043087821565;28.9482613188505;-0.00989183452943981;7.62619599651734
19431958118.353;17.6546748614242;-0.0385216078631324;-7.93090535065225;-11.4070777154631;28.968575190881;-0.00967731260637388;7.62619589569392
19431958120.1861;17.6546748835172;-0.0385216078703017;-7.91893543219062;-11.4077102736813;29.0030271448658;-0.00941170893023504;7.62619567775903
19431958127.7277;17.6546749800132;-0.0385216079010317;-7.89295437623801;-11.3899009827334;29.07780527199;-0.00926008594200942;7.62619473335378
19431958179.1255;17.6546757022816;-0.0385216081267003;-7.85224569346434;-11.3574732904552;29.194963779141;-0.00912179575516093;7.62618768347378
19431958603.5884;17.6546824502113;-0.0385216102027343;-7.79866921053161;-11.3106052804157;29.3490707099508;-0.00902938736156284;7.62612178673369
19431962111.0145;17.6547492470068;-0.0385216299174679;-7.72023290694989;-11.2501976224361;29.5738695441508;-0.00872857679630541;7.6254809600538
19431986235.1718;17.655425038669;-0.0385218116543589;-7.55263932139801;-11.1230090564987;30.0472649345798;-0.00808044374652192;7.61948235126793
19432086255.9562;17.6633432582181;-0.0385235607269309;-7.10146271690599;-10.7572824267394;31.2673057701705;-0.00690670252112129;7.56699920568361
19432426494.1178;17.7750222644734;-0.03854068908806;-6.48381148224594;-10.2980672121777;31.6838521107699;-0.00485939550424573;6.65752046030988
19433416069.2969;17.8955345967058;-0.0385688021465624;-6.91441730232592;-10.546540697252;28.639211089417;-0.00668094129377348;5.45134529899907
19436051675.0485;18.0061086579814;-0.0385980555495712;-7.3772271855438;-10.9547040523882;27.9642033393992;-0.00739819177002895;5.89036204699158
19443020619.0566;18.1237940708909;-0.038630968109383;-7.7724443397624;-11.3258053138466;27.4350374282996;-0.00767263578358893;6.29683551210326
19465236652.9474;18.2689144010487;-0.0386740922667981;-8.18493827149809;-11.7119459065959;26.8853400911032;-0.00798928473349034;6.72281559114899
19536903175.918;18.4560147327472;-0.0387334250284007;-8.58324177697386;-12.0820217716623;26.3598742628861;-0.00835917350501558;7.13769654095134
19666450083.2855;18.6447884006053;-0.0387963421883482;-8.83648563545757;-12.3136579391359;26.0285193108943;-0.00867515332652032;7.40331075355392
19848223563.5052;18.8273856132573;-0.0388596585729191;-8.99803637852141;-12.4580144140138;25.8191880449107;-0.00895291672757129;7.57412160647917
20074998270.3459;19.0065331216148;-0.0389240397526891;-9.10238384195531;-12.5468356834216;25.6871239703659;-0.00923131647922074;7.68655187228605
20326306711.2606;19.1791911653137;-0.0389881993024716;-9.16302026003151;-12.5929457680878;25.6135502075502;-0.00951796866478051;7.75400246953984
20592437099.9526;19.3493402133482;-0.0390535127214537;-9.19426494465887;-12.6100920497614;25.57844346175;-0.00981854211953885;7.79063206582133
20860584594.0745;19.5161415412543;-0.0391195793847646;-9.20617423903598;-12.6083913694016;25.5675825783817;-0.0101268070889123;7.80627798306977
21123499867.8642;19.6794868439764;-0.039186237927277;-9.20670916662712;-12.5959600031372;25.5703173445083;-0.0104348276770717;7.8091339898353
21374552392.9648;19.8374892852722;-0.0392525071133494;-9.20110079660039;-12.5784529573336;25.5800615278597;-0.0107287573738214;7.80485927051862
21614828771.4184;19.9918050749756;-0.0393188599050642;-9.19230071179355;-12.5588518774476;25.5933524220179;-0.011004644345246;7.79681635348554
21843822874.0871;20.1424177515036;-0.0393850521907472;-9.18196277160052;-12.5390169200587;25.6082352384021;-0.0112544817728077;7.78687965213451
22063248230.7066;20.2904371403636;-0.0394513431018938;-9.17096820609423;-12.5198328245713;25.6237165864426;-0.0114756555378286;7.77608010921298
22271895876.3513;20.4348404188979;-0.0395170342686821;-9.15983643497358;-12.5019065127935;25.6392429764133;-0.0116636672226838;7.7650467954334
22473876352.8815;20.5782753497415;-0.0395831091932095;-9.14865446413527;-12.4852727167501;25.6547166495964;-0.0118181356272476;7.75388171224251
22668641422.9297;20.720123404463;-0.0396490835110451;-9.13768768706862;-12.4701361630288;25.6698222374581;-0.0119391768495075;7.74288451939842
22853000605.3113;20.857708030692;-0.0397134967542879;-9.12709486505469;-12.4566896067192;25.684444858823;-0.0120247329922768;7.73228376884111
23027591071.9819;20.9911016434048;-0.0397761784984328;-9.11688549106901;-12.4448794534377;25.6985001772342;-0.0120757417109969;7.72204136735895
23192841232.5379;21.1201809058135;-0.0398369173887589;-9.10728541504412;-12.4346750368377;25.7116156731117;-0.0120987289153466;7.71234274638124
23349773393.8722;21.2453606223109;-0.0398957850231632;-9.09817799242737;-12.42583537203;25.7241352253784;-0.0120971594295597;7.70319335154292
23497373992.4296;21.3655686578773;-0.0399521573827262;-9.08915461867121;-12.4180219053131;25.7367847128422;-0.012069436747645;7.6942923969143
23634131685.7168;21.4792861113722;-0.0400052457009395;-9.08012464101973;-12.4109527993461;25.7494958156776;-0.0120209992897657;7.6854199043796
23760894477.0155;21.5867481801478;-0.040055152419224;-9.07173659671586;-12.404832780819;25.7609007231828;-0.0119636819744292;7.67690916823938
23879375707.1593;21.6887402480382;-0.0401022579416901;-9.06508315744557;-12.4005777295547;25.7692413460161;-0.0119016468855662;7.66968682233928
23992402163.6213;21.787081877255;-0.0401473767125115;-9.06044271314211;-12.3988228524974;25.7746258802381;-0.0118253017298894;7.66436051984201
24098890184.961;21.880637483091;-0.0401899248297147;-9.05623094199134;-12.3984204105788;25.780547600429;-0.0117247251093423;7.66021750020789
24194344408.5746;21.9659814023661;-0.0402283322923072;-9.04862256639225;-12.3953795333735;25.7940119929898;-0.0116081211074761;7.65458214567824
24265673407.7508;22.0319503357252;-0.0402577430007213;-9.03392666833648;-12.3847606449771;25.8219622109392;-0.0115121188504278;7.64499558259411
24303976102.0361;22.0690906879857;-0.0402742026208043;-9.01338330563117;-12.3668095174447;25.8642316762033;-0.0114623422023837;7.63373124625252
24315206429.3899;22.0804088872513;-0.0402792077367526;-8.9966150799794;-12.350978272955;25.9034676738419;-0.0114549899792551;7.62770000369296
24316838706.1747;22.0820903338729;-0.040279950976383;-8.98711071889221;-12.3416649451462;25.9289179034058;-0.0114612019867879;7.62642683902873
24316929885.5959;22.0821853621397;-0.0402799929768029;-8.9820440231691;-12.3366431986575;25.9433700277794;-0.0114664033437773;7.62633931377631
24316937202.9671;22.0821930822325;-0.0402799963886077;-8.97673256709528;-12.3313709147543;25.9586456822671;-0.0114721200492567;7.62633133347167
24316937833.0484;22.0821937558985;-0.0402799966862989;-8.97095192348349;-12.325630598636;25.9752825457707;-0.0114784066111639;7.6263305550095
24316937894.4974;22.0821938225726;-0.0402799967157591;-8.96455781692567;-12.3192792016201;25.993686134127;-0.0114854095489776;7.62633046923918
24316937903.0843;22.0821938320532;-0.0402799967199477;-8.95699558431828;-12.3117644686736;26.0154519671512;-0.0114937697000177;7.62633045559489
24316937906.3289;22.082193835719;-0.040279996721567;-8.94700197529714;-12.3018287946927;26.0442158749855;-0.0115049428867333;7.62633044962503
24316937908.3649;22.0821938380857;-0.0402799967226124;-8.93463793290922;-12.2895288287602;26.0798024402739;-0.0115189634792606;7.62633044522906
24316937909.8365;22.0821938398559;-0.0402799967233941;-8.91976798716322;-12.2747284469566;26.1226015755293;-0.0115360191092173;7.62633044146897
24316937910.9891;22.0821938413005;-0.040279996724032;-8.90189835646377;-12.256934818835;26.1740344977247;-0.0115567098065515;7.6263304379565
24316937911.9444;22.0821938425586;-0.0402799967245873;-8.88043506456783;-12.2355543368225;26.2358108074184;-0.0115817775222361;7.62633043445643
24316937912.7685;22.0821938437104;-0.0402799967250957;-8.85460352010198;-12.2098115139503;26.3101599573212;-0.0116122264018298;7.62633043079582
24316937913.4935;22.0821938447986;-0.0402799967255759;-8.82365847261245;-12.1789614660691;26.3992269502816;-0.0116489884895137;7.62633042685653
24316937914.1568;22.0821938458819;-0.0402799967260538;-8.78697148492198;-12.1423781224266;26.5048205735453;-0.0116927921851628;7.62633042240405
24316937914.7706;22.0821938469792;-0.0402799967265378;-8.74766300272451;-12.1031805392464;26.6179594629569;-0.0117397060511213;7.62633041732515
24316937915.3155;22.082193848042;-0.0402799967270064;-8.70986216948343;-12.0654906199471;26.7267589895761;-0.0117846814299081;7.62633041187143
24316937915.834;22.0821938491405;-0.0402799967274906;-8.67392166456626;-12.0296673139421;26.8302040604173;-0.0118271015668122;7.62633040574547
24316937916.3172;22.0821938502445;-0.0402799967279771;-8.64126083231221;-11.9971266957881;26.9242094747277;-0.0118652555761411;7.62633039916016
24316937916.7628;22.0821938513344;-0.0402799967284573;-8.61148586895213;-11.9674736376196;27.0099086910552;-0.01189968177087;7.62633039229656
24316937917.1919;22.0821938524544;-0.0402799967289506;-8.58337074334344;-11.9394870206472;27.090830510084;-0.0119318021085115;7.62633038492605
24316937917.606;22.0821938536029;-0.0402799967294563;-8.55695344974418;-11.91320307385;27.1668655755857;-0.0119616174718769;7.62633037707797
24316937917.9974;22.082193854751;-0.0402799967299617;-8.53260121630322;-11.8889850299323;27.2369569203651;-0.011988773913879;7.62633036897226
24316937918.3757;22.0821938559214;-0.0402799967304766;-8.50953308309026;-11.8660565856375;27.3033523274375;-0.0120141339788758;7.62633036048003
24316937918.7411;22.0821938571105;-0.0402799967309997;-8.48757292667792;-11.8442432322372;27.3665587208074;-0.0120378765092203;7.62633035164196
24316937919.0935;22.0821938583141;-0.040279996731529;-8.46656528010406;-11.8233865674449;27.4270235703512;-0.0120602800443652;7.62633034250257
24316937919.4368;22.0821938595432;-0.0402799967320692;-8.44613775064584;-11.8031139747158;27.4858187082748;-0.0120818225712539;7.62633033299243
24316937919.769;22.0821938607879;-0.0402799967326161;-8.42631167063755;-11.7834491500832;27.5428827353398;-0.0121024114482151;7.62633032319311
24316937920.094;22.0821938620615;-0.0402799967331755;-8.40681402296363;-11.7641294764878;27.5990014578742;-0.0121221014942443;7.62633031300806
24316937920.4098;22.0821938633546;-0.0402799967337432;-8.38781167913365;-11.7453417524555;27.6536945814581;-0.0121401230500271;7.62633030251292
24316937920.7204;22.0821938646818;-0.0402799967343255;-8.36918543305438;-11.7269654182859;27.7073052085931;-0.0121566609244365;7.62633029159651
24316937921.0247;22.0821938660377;-0.0402799967349201;-8.35109001552559;-11.7091563392233;27.7593879883582;-0.0121714848624338;7.62633028030088
24316937921.3228;22.0821938674207;-0.040279996735526;-8.33363202598559;-11.6920158372754;27.8096361029003;-0.0121846061203902;7.62633026864365
24316937921.6159;22.0821938688338;-0.0402799967361446;-8.31683575058686;-11.6755673079217;27.8579796510158;-0.0121960180791203;7.62633025660202
24316937921.9057;22.082193870284;-0.040279996736779;-8.30068588093434;-11.6597894327309;27.9044626936483;-0.0122059085759786;7.62633024411974
24316937922.1915;22.0821938717654;-0.0402799967374264;-8.28528301758574;-11.6447689001515;27.9487956790594;-0.0122145428160027;7.62633023124949
24316937922.4713;22.0821938732653;-0.0402799967380813;-8.27074861935347;-11.6306216993186;27.9906290208234;-0.0122219239862428;7.62633021810478
24316937922.7487;22.0821938748011;-0.0402799967387513;-8.25690155385166;-11.6171713505044;28.0304840596414;-0.0122281512259799;7.62633020454045
24316937923.0218;22.0821938763585;-0.0402799967394301;-8.24384574940288;-11.6045191115531;28.0680616659422;-0.0122331713759288;7.62633019068392
24316937923.2948;22.0821938779611;-0.0402799967401279;-8.23136843999727;-11.5924595327338;28.1039742292529;-0.0122370474996438;7.62633017633297
24316937923.5658;22.0821938795955;-0.0402799967408388;-8.21955558809581;-11.581077541236;28.1379743299109;-0.0122397028958088;7.62633016160719
24316937923.8321;22.0821938812434;-0.040279996741555;-8.20849432968348;-11.5704569062051;28.1698111706236;-0.0122411257480792;7.62633014667336
24316937924.0957;22.0821938829142;-0.0402799967422802;-8.19807289794714;-11.5604883024895;28.199806442019;-0.0122413896751593;7.62633013145394
24316937924.3582;22.0821938846161;-0.0402799967430182;-8.18820157123566;-11.5510846199549;28.2282183836668;-0.0122405355602299;7.62633011587846
24316937924.6189;22.0821938863426;-0.040279996743766;-8.17887849043056;-11.5422434535394;28.2550523466215;-0.0122385834399833;7.62633010000687
24316937924.877;22.0821938880869;-0.0402799967445207;-8.17009615558768;-11.5339567448187;28.280329917548;-0.0122355608833968;7.62633008390637
24316937925.1343;22.08219388986;-0.040279996745287;-8.16175821580901;-11.5261329793324;28.3043284165055;-0.0122314541366077;7.62633006747906
24316937925.389;22.082193891647;-0.0402799967460582;-8.15389356258673;-11.5187986371785;28.326964687283;-0.0122262977078749;7.62633005086548
24316937925.6419;22.0821938934525;-0.0402799967468365;-8.14643865059701;-11.5118934388196;28.3484216279833;-0.0122200812981943;7.62633003402511
24316937925.8947;22.0821938952869;-0.0402799967476262;-8.13931753571302;-11.5053468401216;28.3689178232764;-0.0122127499397455;7.62633001686568
24316937926.1496;22.0821938971656;-0.0402799967484339;-8.13244714069806;-11.499083636667;28.3886923885228;-0.0122041881081506;7.62632999924387
24316937926.4022;22.0821938990556;-0.0402799967492452;-8.12592026696124;-11.4931890693285;28.4074782201931;-0.0121944966861176;7.62632998146871
24316937926.6515;22.0821939009485;-0.0402799967500565;-8.11972971374534;-11.4876556237201;28.4252960438476;-0.0121836969056474;7.62632996362251
24316937926.8988;22.0821939028511;-0.0402799967508707;-8.11382038349803;-11.4824334369062;28.4423044429385;-0.0121717136691141;7.62632994564272
24316937927.1459;22.0821939047775;-0.0402799967516938;-8.10812536881063;-11.4774644054717;28.4586959923552;-0.0121583869131989;7.62632992740039
24316937927.3923;22.0821939067228;-0.0402799967525234;-8.10263902518948;-11.4727453006077;28.4744869383465;-0.0121436609193304;7.62632990894124
24316937927.638;22.0821939086867;-0.0402799967533594;-8.09734385414358;-11.4682632660908;28.48972764567;-0.0121274330446028;7.62632989027083
24316937927.8828;22.0821939106661;-0.0402799967542003;-8.09223006465369;-11.4640131426805;28.5044462952315;-0.0121095925611602;7.62632987141773
24316937928.1264;22.0821939126585;-0.0402799967550449;-8.08728769479601;-11.4599899167405;28.5186715598395;-0.0120900214018703;7.62632985240861
24316937928.3659;22.0821939146388;-0.0402799967558826;-8.08255949962976;-11.4562318901133;28.5322803808536;-0.0120688000621594;7.62632983348322
24316937928.5995;22.0821939165908;-0.0402799967567063;-8.07806142938086;-11.4527527939716;28.5452268500382;-0.0120459798986802;7.62632981479726
24316937928.8268;22.0821939185084;-0.0402799967575135;-8.07378555631584;-11.4495477152664;28.557533785361;-0.0120214966657698;7.62632979641258
24316937929.0473;22.0821939203863;-0.040279996758302;-8.06972304094834;-11.4466115898415;28.5692266290196;-0.0119952674416459;7.62632977838231
24316937929.2605;22.0821939222185;-0.0402799967590692;-8.06586762989959;-11.4439422371288;28.580323379808;-0.0119671995047118;7.62632976076599
24316937929.4658;22.0821939239973;-0.0402799967598119;-8.06221782336528;-11.4415422703293;28.5908283546606;-0.0119371950807539;7.62632974364129
24316937929.6622;22.082193925713;-0.040279996760526;-8.05877629867793;-11.4394177442011;28.6007338477636;-0.0119051735563217;7.62632972710383
24316937929.8487;22.0821939273539;-0.0402799967612069;-8.05555038669493;-11.4375729273041;28.6100187593402;-0.0118712267915389;7.62632971126812
24316937930.0242;22.0821939289089;-0.04027999676185;-8.05254794767204;-11.4360051340664;28.6186604657972;-0.011835650052195;7.62632969624521
24316937930.189;22.0821939303784;-0.0402799967624556;-8.04975603647674;-11.4346968825983;28.6266962261546;-0.0117985974349672;7.62632968203298
24316937930.3452;22.0821939317797;-0.0402799967630312;-8.04713314107961;-11.433610448365;28.6342455214116;-0.0117600302040282;7.62632966846737
24316937930.4969;22.0821939331489;-0.0402799967635914;-8.04460719239903;-11.4326951732188;28.6415157827384;-0.0117194712349719;7.62632965520225
24316937930.6526;22.0821939345623;-0.0402799967641674;-8.04203855390574;-11.4319005957654;28.6489089161559;-0.0116747084761411;7.62632964150123
24316937930.8207;22.0821939360977;-0.0402799967647901;-8.03929324349768;-11.4311981921678;28.6568105530466;-0.011623124880618;7.62632962660923
24316937931.0054;22.0821939377967;-0.0402799967654754;-8.03630977371182;-11.4306033155868;28.6653976686524;-0.0115628376832268;7.62632961012266
24316937931.2003;22.0821939396022;-0.0402799967661992;-8.03319915605052;-11.4301871265599;28.674350746519;-0.0114949112561342;7.62632959259096
24316937931.4023;22.0821939414867;-0.0402799967669495;-8.03001516956228;-11.430004472188;28.6835149984124;-0.0114193942722006;7.62632957427821
24316937931.6106;22.0821939434457;-0.0402799967677234;-8.02677032271094;-11.4301055046492;28.6928544223981;-0.0113354449705774;7.62632955522683
24316937931.8258;22.0821939454846;-0.0402799967685219;-8.02346070250042;-11.4305481589376;28.7023802813573;-0.0112416603015973;7.62632953538398
24316937932.0443;22.0821939475701;-0.040279996769331;-8.02014318996279;-11.4313841331162;28.71192885877;-0.0111383645035686;7.6263295150692
24316937932.2654;22.0821939496976;-0.0402799967701476;-8.01682699513077;-11.4326699438307;28.721473646341;-0.0110246235868326;7.62632949432927
24316937932.4897;22.0821939518715;-0.0402799967709723;-8.01350631943989;-11.4344790575018;28.7310313340871;-0.0108987948466044;7.62632947311837
24316937932.7176;22.082193954098;-0.0402799967718057;-8.01017403475473;-11.4369053080556;28.7406224389239;-0.0107588263056351;7.62632945137787
24316937932.9467;22.0821939563526;-0.0402799967726374;-8.00686735525758;-11.4400206544701;28.750139850075;-0.0106044137062406;7.62632942934273
24316937933.1766;22.0821939586331;-0.0402799967734647;-8.00358984079697;-11.4439281439331;28.7595733218779;-0.0104338391052988;7.6263294070369
24316937933.4081;22.082193960946;-0.0402799967742883;-8.0003321049167;-11.4487728149015;28.7689498712968;-0.0102443238572283;7.62632938439519
24316937933.6413;22.0821939632941;-0.0402799967751069;-7.99709095724397;-11.454731351758;28.7782786815663;-0.0100328523136376;7.62632936139084
24316937933.8758;22.0821939656718;-0.0402799967759161;-7.99387454837846;-11.4619991751809;28.7875362938724;-0.00979670141350392;7.62632933807748
24316937934.1104;22.0821939680693;-0.0402799967767098;-7.9906962146672;-11.4707965164222;28.7966843235012;-0.00953327637886505;7.62632931455194
24316937934.3457;22.0821939704906;-0.0402799967774863;-7.987550257507;-11.4814571171983;28.8057391730127;-0.00923787676283997;7.62632929077372
24316937934.582;22.0821939729395;-0.0402799967782431;-7.98443187521;-11.4944256066778;28.8147146634816;-0.00890472663974515;7.62632926670536
24316937934.8192;22.0821939754155;-0.0402799967789756;-7.98134226387641;-11.5102686482809;28.8236073527955;-0.00852750433017787;7.62632924235345
24316937935.0567;22.0821939779127;-0.0402799967796771;-7.97828871553914;-11.5297113003384;28.8323962530227;-0.00809949894519784;7.62632921777438
24316937935.2942;22.0821939804267;-0.0402799967803406;-7.97527634542163;-11.5537770807707;28.8410666414093;-0.00761220687862947;7.62632919301103
24316937935.5322;22.0821939829638;-0.0402799967809614;-7.97229774701567;-11.5837037184451;28.8496398342144;-0.00705885765528255;7.62632916800246
24316937935.772;22.0821939855367;-0.04027999678154;-7.96934054748916;-11.6173812727983;28.8581514287052;-0.00648974724388291;7.62632914262336
24316937936.0181;22.0821939881965;-0.0402799967820864;-7.96635361477882;-11.6537004574802;28.8667485882379;-0.00592994993971888;7.62632911637103
24316937936.2732;22.0821939909715;-0.0402799967826106;-7.96331777381026;-11.6871317295223;28.875486489845;-0.00545400277001182;7.62632908896509
24316937936.5386;22.0821939938807;-0.0402799967831214;-7.96022879291655;-11.7156687222951;28.8843773151665;-0.00507251196536472;7.62632906021632
24316937936.8165;22.0821939969479;-0.0402799967836314;-7.9570797907826;-11.7363075925186;28.8934408705779;-0.00480365117175277;7.62632902988729
24316937937.1102;22.0821940002147;-0.040279996784154;-7.9538511780871;-11.7497682159357;28.9027335446754;-0.00462404318367367;7.62632899756548
24316937937.426;22.0821940037538;-0.040279996784698;-7.95049976115459;-11.7638011801148;28.9123796726877;-0.00444408563931861;7.6263289625292
24316937937.7736;22.0821940076808;-0.0402799967852824;-7.94695910961575;-11.7743524175957;28.922570449209;-0.00430371575107551;7.62632892363306
24316937938.1785;22.0821940122977;-0.0402799967859503;-7.94303412173663;-11.782638026685;28.9338674206017;-0.00418603236831907;7.62632887788729
24316937938.6957;22.0821940182592;-0.0402799967867844;-7.93833695833738;-11.7925085011401;28.947386873886;-0.00404983959922357;7.62632881881607
24316937939.5426;22.0821940281763;-0.0402799967880998;-7.93140214889897;-11.8086954076774;28.9673467402474;-0.00384251400535661;7.62632872067442
24316937941.2987;22.082194049302;-0.0402799967907083;-7.91973892556201;-11.8281730235975;29.0009159158524;-0.00358077980990807;7.62632851223975
24316937948.1764;22.0821941369454;-0.040279996801017;-7.8947290291073;-11.8242429840623;29.0728989192475;-0.00341959271640991;7.62632765413395
24316937994.626;22.0821947861169;-0.0402799968738622;-7.85462198835016;-11.8045803341114;29.1883267972794;-0.00327529825842257;7.6263213168117
24316938376.7382;22.0822008218909;-0.0402799975254119;-7.80145794104627;-11.7682433443738;29.3412570397964;-0.00316732998789122;7.62626238160227
24316941520.1116;22.0822599323793;-0.0402800032401739;-7.72573143404409;-11.7403978391502;29.5583650507213;-0.00285768268463977;7.62569415894794
24316963778.5918;22.0828667818795;-0.0402800471297235;-7.56441450832238;-11.7051343829902;30.0145599450462;-0.00217076147630292;7.62027371079749
24317057085.0343;22.0895909630161;-0.0402802375545949;-7.14227222728334;-11.6901879601579;31.1608883395508;-0.000882458106967047;7.57437537782631
24317377368.5644;22.1953976793792;-0.0402761728305763;-6.48102137000164;-10.8965035428128;31.8424805490312;0.00122327674412324;6.75814054064292
24318316733.2649;22.3176399386567;-0.0402802430921193;-6.88561286830664;-11.3632119196328;28.698508326383;-0.000955565084207437;5.43556977110998
24320826577.4999;22.4282121245176;-0.0402877715488991;-7.35600087420478;-11.5229408077872;27.9926544124466;-0.00190591772476198;5.86855037591061
24327418201.7346;22.545010428346;-0.0402976178182046;-7.75155590589792;-11.8257207318025;27.4629738856239;-0.00231516921002502;6.27532973250805
24348221252.8786;22.6881137712174;-0.0403124513834878;-8.16247725785199;-12.1468814894791;26.9151456731799;-0.00278992483640936;6.69953442204161
24416764729.9947;22.8739965891705;-0.0403361026099104;-8.56672688412328;-12.4621124660312;26.3815681813391;-0.00335671929934403;7.12043041278564
24542747802.6529;23.0623955277895;-0.0403638753127457;-8.8252337445639;-12.6566940490666;26.0431574123395;-0.00383913453550904;7.39145144022535
24721539522.2459;23.2451286354565;-0.0403939806446605;-8.99053016123003;-12.7737039816648;25.8288551643223;-0.00425531129869827;7.56614414828403
24947095475.4408;23.4250931912835;-0.0404266016199629;-9.09806731524917;-12.8397573526636;25.6924873750784;-0.00465710590771106;7.68183290523895
25197237057.3971;23.5979070468832;-0.0404606702004198;-9.16060733237859;-12.8658318540024;25.6163778173708;-0.0050500211667462;7.75124996879435
25461408338.7225;23.7672798167314;-0.0404967292885258;-9.19304201283309;-12.8648708629772;25.5797222842294;-0.00544586630071293;7.78913318188428
25730435212.6909;23.9347460694461;-0.0405350198474132;-9.20586836275722;-12.8467039599187;25.567753760532;-0.00584597532406741;7.80580258216432
25995486693.1678;24.0993576871454;-0.0405752027950771;-9.20686975146404;-12.8192884426477;25.5699645469855;-0.0062418227918545;7.80920551580428
26249015592.8083;24.2587984645334;-0.0406164568986939;-9.20142806832115;-12.7885603164603;25.5795476321703;-0.0066185158262228;7.80514369441846
26489482572.1637;24.4130814752195;-0.0406584743010729;-9.19273734287333;-12.7576262482653;25.5927145000222;-0.00696991443411218;7.7972282015246
26718927306.4912;24.5638231405569;-0.0407014012720336;-9.18244478636114;-12.7279478506389;25.6075531605705;-0.0072923082575717;7.78734926251396
26938661480.2626;24.7118786102744;-0.0407452184594735;-9.171473148591;-12.700253107658;25.6230119199463;-0.00758316000220219;7.77657871071506
27150139737.5827;24.8581139723775;-0.0407899407590989;-9.16021331812531;-12.6747415960363;25.638721371593;-0.00784093917301928;7.76542143665862
27352880416.1691;25.0019749100552;-0.0408351430374533;-9.14899800909135;-12.6517805704352;25.6542453945846;-0.00806077285479141;7.75422588144385
27547145611.5961;25.1433360543063;-0.0408805430736729;-9.13806494740374;-12.6313387999916;25.6693049219378;-0.00824404315175457;7.74326275266374
27732654112.9819;25.2816764007805;-0.0409257358839741;-9.12741495798882;-12.6132944683846;25.6840049859262;-0.00839041100218597;7.73260381298176
27906813835.8178;25.4146343332017;-0.0409697048023699;-9.11723347193914;-12.5978019424666;25.6980252754211;-0.00849828480100566;7.72239164554338
28072805154.3777;25.5442025945371;-0.0410129223248677;-9.10758674373763;-12.5844255080361;25.7112063517472;-0.00857597861930921;7.71264713608161
28229914169.1742;25.6694374628739;-0.0410549200338752;-9.09847584172127;-12.5729755051444;25.7237241245217;-0.0086264911259852;7.70348987275233
28378165205.1022;25.7900973114945;-0.0410954654104589;-9.08943496063336;-12.5630563982687;25.7363912094576;-0.00864820970207954;7.69456702116884
28515582646.0615;25.904296553854;-0.0411338089821203;-9.08037863403298;-12.5543492922027;25.7491433451078;-0.00864554004625861;7.68567128770609
28642974135.5228;26.0122416653186;-0.0411699736803684;-9.07193743629316;-12.546855569642;25.760636709343;-0.00863054973617935;7.67711744949967
28761596541.5259;26.1143194765299;-0.0412040741252353;-9.06523537934592;-12.5414066837859;25.7690597243677;-0.00860849571495006;7.66985667185687
28874859629.3046;26.2128431515507;-0.0412368373346468;-9.06054779414948;-12.5387019594915;25.7745029370189;-0.00857109153737294;7.66447893409442
28981619727.2834;26.3066120387115;-0.0412677824225511;-9.05635020181036;-12.5378172429768;25.7803635291548;-0.00850789254059257;7.66032235505606
29077217179.6316;26.3920312058018;-0.0412956814623201;-9.0488909862043;-12.5348570626193;25.7935219437102;-0.0084245084446939;7.65476942542002
29149255610.1967;26.4585801773629;-0.0413172038578737;-9.03442289434388;-12.5246736337785;25.8209884883841;-0.00835068543952871;7.64529780002138
29188203689.982;26.4962738761371;-0.0413293144172669;-9.0142172953805;-12.5073218470897;25.8623983123599;-0.00830929627490243;7.63410865080733
29200186070.339;26.5083342473619;-0.0413331792931226;-8.99718242546263;-12.4914075528505;25.901999564485;-0.00830057473911034;7.62780867528702
29202008843.6418;26.510210849239;-0.0413337803357625;-8.9873605126768;-12.4818273757485;25.9281677719041;-0.00830433700134977;7.62640454756181
29202112595.3626;26.5103189309075;-0.0413338149478633;-8.98224326784985;-12.4767673480681;25.9427483387684;-0.00830791228345164;7.62630563041263
29202120800.5232;26.5103275833366;-0.0413338177184039;-8.9769490379029;-12.4715225797417;25.9579730405671;-0.00831184115971084;7.62629673309462
29202121499.6823;26.510328330426;-0.0413338179575968;-8.97120348103;-12.465827765427;25.9745087963613;-0.00831616426170178;7.62629587406659
29202121567.7875;26.5103284042715;-0.0413338179812367;-8.96485631548869;-12.4595342714345;25.9927772652303;-0.00832098481273835;7.62629577955473
29202121577.0176;26.5103284144534;-0.0413338179844957;-8.95737837628683;-12.452115707032;26.0143004817858;-0.00832673649935063;7.62629576498553
29202121580.3634;26.5103284182293;-0.0413338179857041;-8.94747762405424;-12.4422875310705;26.0427971272105;-0.00833446487823001;7.62629575887357
29202121582.4331;26.5103284206318;-0.0413338179864729;-8.93522482209451;-12.4301148202734;26.0780635181695;-0.00834421221165189;7.62629575443821
29202121583.9302;26.5103284224301;-0.0413338179870482;-8.92039181338435;-12.4153691034488;26.1207563417604;-0.00835619291924147;7.62629575064125
29202121585.0885;26.5103284238792;-0.0413338179875117;-8.90272616877954;-12.3977978973604;26.1716021469076;-0.0083706383935233;7.62629574713758
29202121586.0547;26.510328425149;-0.0413338179879177;-8.88133207389693;-12.376507277624;26.2331792941218;-0.00838833417859947;7.62629574362538
29202121586.881;26.5103284263007;-0.0413338179882859;-8.85576790616628;-12.3510529652876;26.3067588750755;-0.00840973449808951;7.62629573998457
29202121587.6088;26.5103284273896;-0.0413338179886338;-8.82509309271548;-12.3204958391537;26.3950480757642;-0.00843567250461538;7.62629573606446
29202121588.2801;26.5103284284826;-0.0413338179889831;-8.78824242761913;-12.2837745061367;26.5011128049245;-0.00846704820271801;7.62629573159537
29202121588.8939;26.5103284295765;-0.0413338179893325;-8.74907451883412;-12.244743081062;26.613847096396;-0.00850039476552983;7.62629572655142
29202121589.441;26.5103284306405;-0.0413338179896722;-8.71115278402099;-12.2069578547601;26.7229946103008;-0.00853257380144388;7.62629572111047
29202121589.9631;26.5103284317441;-0.0413338179900244;-8.67490946253721;-12.1708590032757;26.8273112615385;-0.00856303279727508;7.62629571497281
29202121590.4423;26.5103284328356;-0.0413338179903727;-8.64248945983207;-12.1385846175734;26.9206235166854;-0.00858993656676607;7.62629570847272
29202121590.8872;26.5103284339208;-0.0413338179907189;-8.61272642890588;-12.1089702123618;27.0062883922261;-0.00861432231946061;7.62629570165249
29202121591.3179;26.5103284350421;-0.0413338179910764;-8.584460151363;-12.0808608852818;27.0876452646812;-0.00863715114252813;7.6262956942864
29202121591.7349;26.5103284361964;-0.0413338179914443;-8.55781560872164;-12.0543788895389;27.1643344083825;-0.00865836295735201;7.62629568641082
29202121592.1281;26.5103284373479;-0.0413338179918112;-8.53332029404126;-12.0300462190725;27.2348375766962;-0.00867758476234155;7.6262956782903
29202121592.5103;26.510328438529;-0.0413338179921874;-8.50999401354596;-12.0068902345526;27.3019759937087;-0.00869556607364088;7.62629566972842
29202121592.8788;26.5103284397275;-0.041333817992569;-8.48783201599394;-11.9849068025967;27.3657633347457;-0.00871229917003745;7.62629566082558
29202121593.232;26.5103284409332;-0.0413338179929526;-8.46677129238779;-11.9640279027496;27.4263809543787;-0.00872794284751957;7.62629565167424
29202121593.5773;26.5103284421692;-0.0413338179933458;-8.44621697382401;-11.9436600742051;27.4855410226265;-0.00874301431804492;7.62629564211284
29202121593.9102;26.5103284434166;-0.0413338179937424;-8.42634027379303;-11.9239767132518;27.5427507477153;-0.00875731300223666;7.6262956322933
29202121594.2355;26.5103284446912;-0.0413338179941475;-8.40682131888484;-11.9046732034707;27.5989307992028;-0.00877082352818384;7.62629562210053
29202121594.5525;26.5103284459895;-0.0413338179945598;-8.38774278877204;-11.8858638248438;27.6538432061135;-0.00878282966419327;7.62629561156491
29202121594.8639;26.5103284473208;-0.0413338179949823;-8.3690592178069;-11.8674999608375;27.7076188289664;-0.00879343305106848;7.62629560061411
29202121595.1674;26.5103284486732;-0.0413338179954112;-8.35101244195433;-11.8498234830093;27.7595616080859;-0.00880240936901859;7.62629558934733
29202121595.4658;26.5103284500574;-0.0413338179958497;-8.33353999938221;-11.8327676450152;27.8098513229133;-0.0088099008639607;7.62629557767932
29202121595.7579;26.5103284514663;-0.0413338179962955;-8.31679415300238;-11.8164803340883;27.8580497256494;-0.00881585682119866;7.62629556567323
29202121596.0473;26.5103284529142;-0.0413338179967532;-8.30066800598285;-11.800847836615;27.9044644898742;-0.00882051335424631;7.62629555321079
29202121596.3327;26.5103284543942;-0.0413338179972205;-8.28527565194723;-11.7859636108991;27.9487672277206;-0.0088241868926249;7.62629554035209
29202121596.6125;26.5103284558941;-0.0413338179976935;-8.27073837089073;-11.7719412491833;27.9906088674375;-0.00882692562546768;7.62629552720801
29202121596.8901;26.5103284574305;-0.0413338179981774;-8.25688284789503;-11.7586133114326;28.0304882492599;-0.00882876991814134;7.62629551363856
29202121597.1632;26.5103284589886;-0.0413338179986675;-8.24381981554373;-11.7460867086081;28.0680866593837;-0.00882969933986361;7.62629549977711
29202121597.4362;26.5103284605907;-0.0413338179991709;-8.23134322252723;-11.734164892966;28.1039971608888;-0.00882970964381611;7.62629548542975
29202121597.7074;26.5103284622267;-0.0413338179996842;-8.21951717070456;-11.7229117926659;28.1380352539406;-0.00882874854048337;7.62629547068988
29202121597.9732;26.5103284638718;-0.0413338180001997;-8.20847292506082;-11.7124520003581;28.1698231278541;-0.0088268357410202;7.62629545578182
29202121598.2365;26.5103284655404;-0.0413338180007218;-8.19806184616744;-11.7026417365406;28.1997886011175;-0.00882400940420584;7.6262954405821
29202121598.499;26.5103284672425;-0.0413338180012537;-8.18818560404836;-11.6933866322327;28.2282146900315;-0.00882028023524233;7.62629542500409
29202121598.7599;26.5103284689708;-0.0413338180017929;-8.17885107180098;-11.6846924060885;28.2550816123287;-0.00881566811326815;7.62629540911753
29202121599.018;26.5103284707151;-0.0413338180023363;-8.17006674039;-11.676565664867;28.2803649291783;-0.00881020643853539;7.62629539301724
29202121599.2753;26.5103284724885;-0.0413338180028879;-8.16172548747608;-11.6689064275558;28.3043729633107;-0.00880384926484711;7.6262953765871
29202121599.5302;26.5103284742768;-0.0413338180034432;-8.15385382891511;-11.6617382835281;28.3270293961436;-0.00879663513211543;7.62629535996182
29202121599.7831;26.5103284760821;-0.0413338180040029;-8.14639864523278;-11.655011496798;28.348487117799;-0.00878854610026957;7.62629534312351
29202121600.0351;26.5103284779106;-0.0413338180045688;-8.13929833440382;-11.6486698703748;28.3689234331001;-0.00877953105130924;7.62629532601856
29202121600.2888;26.5103284797807;-0.0413338180051465;-8.13245586122965;-11.6426278757042;28.3886176315973;-0.008769447467367;7.62629530847669
29202121600.5413;26.5103284816702;-0.041333818005729;-8.1259271036493;-11.6369360526644;28.4074088839403;-0.00875835760144963;7.62629529070691
29202121600.7908;26.5103284835639;-0.0413338180063117;-8.11973032710681;-11.6316095777721;28.4252446181513;-0.00874631189101519;7.62629527285266
29202121601.0376;26.5103284854634;-0.041333818006895;-8.11382759159583;-11.6266149090278;28.4422340343483;-0.008733259967526;7.62629525490288
29202121601.2846;26.5103284873889;-0.0413338180074849;-8.10813155621046;-11.6218794762695;28.4586285196546;-0.00871898733145922;7.62629523666775
29202121601.5309;26.5103284893331;-0.0413338180080791;-8.10264543409799;-11.6174083791879;28.4744188260049;-0.00870345971812942;7.62629521821979
29202121601.777;26.5103284913005;-0.041333818008679;-8.09733810757344;-11.6131795412596;28.4896945172761;-0.00868653069894143;7.62629519951599
29202121602.0215;26.510328493277;-0.0413338180092801;-8.09222948755335;-11.6092129989441;28.5043982854432;-0.00866818888511472;7.62629518069081
29202121602.265;26.5103284952694;-0.0413338180098842;-8.08728495933862;-11.6054859818976;28.5186297595845;-0.00864823799140082;7.62629516168241
29202121602.5044;26.5103284972487;-0.0413338180104827;-8.08255698873202;-11.6020431485621;28.5322379313489;-0.00862679895658;7.62629514276658
29202121602.738;26.5103284992003;-0.0413338180110709;-8.07805794422143;-11.5988950662827;28.5451872015632;-0.00860390830743763;7.62629512408489
29202121602.9652;26.5103285011175;-0.0413338180116469;-8.0737810934057;-11.5960390855562;28.5574969477505;-0.00857950332523332;7.62629510570388
29202121603.1857;26.5103285029951;-0.0413338180122091;-8.06971744993225;-11.5934717554973;28.5691930348137;-0.0085534962223831;7.626295087676
29202121603.3989;26.510328504827;-0.0413338180127556;-8.06586123147683;-11.5911930658074;28.5802921057353;-0.00852579387907671;7.62629507006292
29202121603.6041;26.5103285066055;-0.0413338180132841;-8.06221066169597;-11.5892075287862;28.5907992733822;-0.0084962919923511;7.6262950529411
29202121603.8005;26.5103285083211;-0.0413338180137918;-8.05876822589377;-11.5875230509997;28.6007073846356;-0.00846490229351859;7.62629503640527
29202121603.987;26.5103285099618;-0.0413338180142754;-8.05554168758789;-11.5861437836702;28.6099940944389;-0.00843171021481736;7.62629502057199
29202121604.1625;26.5103285115166;-0.0413338180147315;-8.05253877506041;-11.5850641813748;28.6186371590906;-0.00839698818620721;7.62629500555177
29202121604.3272;26.5103285129859;-0.0413338180151607;-8.04974624771867;-11.5842660950921;28.6266746880357;-0.00836086200207536;7.62629499134102
29202121604.4834;26.5103285143871;-0.041333818015568;-8.04712291645911;-11.5837128935607;28.6342252328104;-0.00832329829951052;7.62629497777744
29202121604.6351;26.510328515756;-0.0413338180159639;-8.04459673658509;-11.5833607620328;28.6414961543319;-0.00828383948731583;7.62629496451517
29202121604.7907;26.5103285171688;-0.0413338180163703;-8.04202832341088;-11.5831918462579;28.6488886334776;-0.00824032339960386;7.62629495081947
29202121604.9588;26.5103285187041;-0.0413338180168091;-8.03928230177137;-11.583215616079;28.6567923108471;-0.00819019537479627;7.62629493592797
29202121605.1434;26.5103285204024;-0.0413338180172908;-8.03629922401775;-11.5834761149694;28.6653782903908;-0.00813168948644209;7.62629491944822
29202121605.3383;26.5103285222078;-0.0413338180177987;-8.03318771759368;-11.5840334391546;28.6743339176637;-0.0080658031162715;7.62629490191629
29202121605.5402;26.5103285240922;-0.0413338180183238;-8.03000301022218;-11.584946139578;28.6835002348299;-0.00799261728015762;7.6262948836041
29202121605.7486;26.510328526051;-0.0413338180188638;-8.02675783483151;-11.5862820750665;28.6928405937972;-0.00791132644790673;7.62629486455545
29202121605.9637;26.5103285280895;-0.0413338180194193;-8.02344791428441;-11.5881274716272;28.702367305362;-0.00782056554922704;7.62629484471542
29202121606.1822;26.5103285301752;-0.0413338180199801;-8.02012949200296;-11.5905389940321;28.7119184882454;-0.00772062947266852;7.6262948243995
29202121606.4033;26.5103285323027;-0.0413338180205439;-8.01681261791986;-11.5935980151045;28.7214652166214;-0.00761064026295182;7.62629480365952
29202121606.6276;26.5103285344765;-0.0413338180211105;-8.01349156402311;-11.5974180438292;28.7310239772489;-0.00748901369497254;7.6262947824502
29202121606.8554;26.5103285367026;-0.0413338180216801;-8.01015908479694;-11.6021457203517;28.7406156246541;-0.00735375964391222;7.62629476071225
29202121607.0845;26.5103285389574;-0.0413338180222451;-8.00685166183048;-11.6078850974155;28.7501351566175;-0.00720454328744709;7.62629473867571
29202121607.3145;26.5103285412381;-0.0413338180228034;-8.00357344158129;-11.6148004711664;28.7595706388912;-0.00703971971999772;7.62629471636831
29202121607.5459;26.5103285435511;-0.0413338180233546;-8.00031522145288;-11.6231299655929;28.7689485589346;-0.00685660680758092;7.62629469372617
29202121607.7792;26.5103285458991;-0.0413338180238974;-7.99707377111628;-11.6331681655942;28.7782782146523;-0.00665227833959028;7.62629467072232
29202121608.0136;26.5103285482769;-0.041333818024428;-7.99385692232123;-11.6452516512674;28.787537064668;-0.00642406284952259;7.6262946474081
29202121608.2483;26.5103285506745;-0.0413338180249417;-7.99067799586859;-11.659775847706;28.796686768752;-0.00616942473885612;7.62629462388016
29202121608.4836;26.510328553096;-0.0413338180254363;-7.98753168157032;-11.6773508912622;28.8057426110121;-0.00588382661074878;7.62629460010087
29202121608.7198;26.5103285555451;-0.041333818025909;-7.98441292708019;-11.6988253894058;28.8147191333694;-0.00556162789124543;7.62629457603092
29202121608.957;26.5103285580213;-0.0413338180263554;-7.98132299845384;-11.7253461267263;28.8236126917187;-0.00519667174872006;7.62629455167741
29202121609.1946;26.5103285605187;-0.0413338180267697;-7.9782691266709;-11.7585040381285;28.8324024731961;-0.00478240024810427;7.62629452709625
29202121609.4321;26.5103285630329;-0.0413338180271454;-7.9752564557298;-11.8007386241431;28.8410736714008;-0.00431051594062842;7.62629450233056
29202121609.6701;26.5103285655703;-0.0413338180274774;-7.972277569996;-11.8555755994549;28.8496476282824;-0.00377435272208912;7.6262944773193
29202121609.9099;26.5103285681436;-0.0413338180277648;-7.96932005274549;-11.9213551013417;28.8581600732464;-0.00322280174018739;7.62629445193683
29202121610.1561;26.5103285708034;-0.0413338180280118;-7.96633314155003;-11.9985200738148;28.8667571085462;-0.00268047070841823;7.62629442568371
29202121610.4111;26.5103285735783;-0.0413338180282251;-7.96329762182947;-12.0774686282568;28.8754940330177;-0.00222002782062449;7.62629439827947
29202121610.6765;26.5103285764871;-0.0413338180284116;-7.96020919111301;-12.1532526648336;28.8843832330049;-0.00185190892531927;7.62629436953443
29202121610.9542;26.5103285795534;-0.0413338180285807;-7.95706120434415;-12.2154443881053;28.8934438366283;-0.00159373505450577;7.62629433921373
29202121611.2479;26.5103285828193;-0.0413338180287415;-7.95383357652878;-12.2616385070789;28.9027336564311;-0.00142276767735604;7.62629430690033
29202121611.5635;26.5103285863563;-0.0413338180288945;-7.9504843638301;-12.3143642185759;28.9123734206834;-0.00125084613130583;7.62629427188594
29202121611.9108;26.5103285902814;-0.0413338180290461;-7.94694548236937;-12.3600648646462;28.9225590873632;-0.0011171650350172;7.62629423300874
29202121612.3151;26.5103285948912;-0.0413338180292063;-7.94302634688185;-12.4020597317942;28.9338392016176;-0.00100547824550068;7.62629418733306
29202121612.831;26.5103286008362;-0.0413338180293861;-7.93834118966031;-12.4578295612597;28.9473240839775;-0.000875225679887988;7.62629412842475
29202121613.6736;26.5103286107042;-0.0413338180296159;-7.93143578738239;-12.5642599518056;28.9671992883883;-0.000674655931184201;7.62629403076541
29202121615.4142;26.5103286316372;-0.0413338180299182;-7.91985082073573;-12.7603206486642;29.0005431982623;-0.000418732147700866;7.62629382422044
29202121622.183;26.5103287178342;-0.0413338180306789;-7.89502283146919;-12.9492587554335;29.0720026345091;-0.000256589585602952;7.62629298021114
29202121667.8716;26.5103293558079;-0.0413338180330317;-7.85500435029851;-13.2882344310362;29.1871757653902;-0.000107637101087087;7.6262867521428
29202122043.8008;26.5103352880886;-0.041333818031213;-7.80188439799694;-14.3153422889852;29.3399805963191;8.99501581595423e-06;7.62622882990487
29202125133.3038;26.5103932728843;-0.041333817386457;-7.72657448813995;-12.6804932427404;29.555905457058;0.000328643853367813;7.62567126164446
29202147114.2878;26.5109900935478;-0.0413337966614433;-7.56620327966327;-12.0255523042302;30.0095048587439;0.00104210098233374;7.62033538295891
29202239518.6198;26.5175630611733;-0.0413332882513101;-7.14793083870051;-11.2594781339543;31.1459719479773;0.00240909869771279;7.57529035832452
29202557400.4903;26.6226063366265;-0.0413183422342365;-6.48089750437885;-10.3277402857788;31.8619414453297;0.00453345650909693;6.77090452889083
29203490273.0194;26.7450873666236;-0.0413094043177237;-6.88175347442281;-11.0185860106161;28.7069325787644;0.00209485637679334;5.43377574621068
29205980626.3218;26.8556034935581;-0.0413052218409572;-7.35283530756882;-11.7748274269682;27.9968971442674;0.00105954103792966;5.86529674710997
29212521382.8692;26.9722979355013;-0.0413027491386994;-7.74857781316158;-12.4224561592257;27.4669564253663;0.000582012339564978;6.27226275573358
29233103611.0004;27.1150338832201;-0.0413026016091941;-8.15895902461255;-14.1446135016113;26.9198151965756;2.78238739476345e-05;6.69588768352909
29301075710.6716;27.3006032996085;-0.0413070768888475;-8.56382428366601;-13.1815105066716;26.3853813827108;-0.000636322314025853;7.11739539740871
29426720362.0319;27.4891920832406;-0.041315779679558;-8.8236281461994;-13.1594854660938;26.0452474873266;-0.00120190784160168;7.38975932942052
29604748249.4506;27.6716887591114;-0.0413276934345459;-8.98923307997886;-13.1744393739037;25.830528398177;-0.00168626954477454;7.56476680366241
29829998939.0606;27.851732840554;-0.0413427551382293;-9.09728727979965;-13.1747920300038;25.6934592929496;-0.00214940289828508;7.68098127515794
30079941545.6926;28.0245834949654;-0.0413602710299066;-9.16016926661604;-13.1544080439922;25.6168946083796;-0.00259589848008904;7.75075186018914
30343990906.6895;28.1939596533264;-0.041380403977419;-9.1928328424652;-13.1177777595175;25.5799454091659;-0.00304056783006535;7.78887902431354
30613072043.8414;28.3614827743383;-0.0414032479518356;-9.20580849890525;-13.0711115892483;25.5677950380317;-0.00348650414468323;7.80571403190106
30878083376.6656;28.5260601642234;-0.0414285126627828;-9.20689427595579;-13.0207501124523;25.5699054671238;-0.00392530390126263;7.80921217849029
31131337312.0685;28.6852980901384;-0.0414555418060366;-9.20150969050795;-12.9717239227126;25.5794187916553;-0.00434186624131576;7.80521353281373
31370532152.3203;28.8387061167757;-0.0414838904258959;-9.19290372368553;-12.9262198868141;25.5924710513913;-0.0047292912176728;7.79738444689694
31600901654.4078;28.9900031672287;-0.0415139618402095;-9.18259452213762;-12.8842711293966;25.607341571685;-0.00508964963669882;7.78749477217271
31820596028.4335;29.137975557048;-0.0415452373962451;-9.171638247659;-12.8466138959865;25.6227818966534;-0.00541565052761906;7.7767414373113
32032410488.8964;29.2843906029592;-0.0415778351618967;-9.16036989783218;-12.8127677725973;25.6385048527623;-0.00570814268196343;7.76557679406136
32235843851.6968;29.4287023276457;-0.0416113730860341;-9.14912056111952;-12.7828860001231;25.6540777083879;-0.00596198620637487;7.75434842189926
32429973360.4112;29.5699214805813;-0.041645356863647;-9.13819795329982;-12.7568199023842;25.6691229312659;-0.00617716327480297;7.74339583478914
32615974130.1149;29.7085941415565;-0.0416796686661348;-9.12752389214384;-12.7340712081386;25.6838556299942;-0.00635496121085147;7.73271240569175
32790350709.045;29.8416876148606;-0.0417132934737291;-9.11733139417354;-12.7148283451222;25.6978923165966;-0.00649232951303372;7.72249001662105
32956588818.1721;29.9714237337446;-0.0417465881762173;-9.10766968869686;-12.6983554518494;25.7110944783544;-0.00659834168514651;7.71273079377755
33113725523.5957;30.0966562941021;-0.0417790884711979;-9.09856038360686;-12.6843903405927;25.7236076352066;-0.00667577851738057;7.70357351948902
33261990129.4255;30.2173013711513;-0.0418106050055039;-9.08952788220589;-12.6724990327741;25.7362604920704;-0.00672317310034869;7.69465727964966
33399456925.6039;30.3315162532707;-0.0418405214461923;-9.08047511518987;-12.6622878890195;25.7490101144962;-0.00674446901822578;7.68576671662429
33526954075.7305;30.4395306783517;-0.0418688317722046;-9.07201871893214;-12.6535556067488;25.7605330499028;-0.00675177494437535;7.67720341290421
33645641600.6625;30.541651590244;-0.0418955843701244;-9.06529038911357;-12.6470391109738;25.7689993773128;-0.00675070038411682;7.66992105409845
33758917137.499;30.6401770911719;-0.0419213249389758;-9.06058747746539;-12.6435179887431;25.7744567757267;-0.00673378133572879;7.66452332572334
33865938870.5629;30.734163129603;-0.041945715179757;-9.05640863526338;-12.6422558917693;25.7802624507528;-0.00669021504760947;7.66036611820271
33961683359.1788;30.8196842695205;-0.0419676791204921;-9.04904030288509;-12.6394035206766;25.7932427809895;-0.00662434172831313;7.65486898455358
34034129879.0162;30.8865708725085;-0.041984679109131;-9.03467838808427;-12.6295688966707;25.8204958328991;-0.00656257181858664;7.64545890716784
34073481854.1433;30.9246309703451;-0.0419942831253066;-9.01449663470753;-12.6125136522005;25.8618197007226;-0.00652592475729493;7.63425818672783
34085645989.491;30.936868031878;-0.041997361993708;-8.99740409994711;-12.5966901173452;25.9015039062307;-0.00651686858892934;7.62790274299657
34087509090.5188;30.9387854205328;-0.0419978441004073;-8.98752625211691;-12.5870932390179;25.9277950507785;-0.00651926444875606;7.62647318767643
34087615755.676;30.9388964987227;-0.0419978720253962;-8.98239378363038;-12.5820295687696;25.9424156824451;-0.00652190740695419;7.62637176323658
34087624158.83;30.9389053568547;-0.0419978742520179;-8.97710017400171;-12.5767958803281;25.9576383078017;-0.00652483404847987;7.62636267132167
34087624873.4918;30.9389061202395;-0.0419978744438787;-8.97135703856576;-12.5711142405876;25.9741670685239;-0.00652806436221044;7.62636179501086
34087624943.0207;30.9389061956013;-0.0419978744628165;-8.96501414676144;-12.5648363769941;25.9924232341864;-0.00653167458774652;7.62636169870589
34087624952.3811;30.9389062059229;-0.0419978744654098;-8.95754793733976;-12.5574419670479;26.0139126897906;-0.00653599405628394;7.62636168395916
34087624955.7469;30.9389062097198;-0.0419978744663636;-8.94766015736899;-12.5476419195258;26.0423719984598;-0.00654182279948003;7.62636167782215
34087624957.8211;30.9389062121264;-0.041997874466968;-8.93543949591383;-12.5355177984511;26.0775458821837;-0.00654920245062371;7.62636167338567
34087624959.3246;30.9389062139316;-0.0419978744674212;-8.9205980598388;-12.520781783103;26.1202629623743;-0.0065583383960316;7.62636166957941
34087624960.4864;30.9389062153844;-0.0419978744677859;-8.90292336790031;-12.5032210353224;26.1711348086899;-0.00656938761059903;7.62636166607062
34087624961.4522;30.9389062166529;-0.0419978744681042;-8.88158563690391;-12.4820075724278;26.2325497286641;-0.00658291987884493;7.62636166256538
34087624962.2792;30.9389062178049;-0.0419978744683932;-8.85605711489477;-12.4566109760537;26.3060267142679;-0.00659935355036813;7.62636165892762
34087624963.007;30.9389062188928;-0.0419978744686661;-8.82545412843822;-12.4261491005204;26.3941091818155;-0.00661929957551297;7.62636165501501
34087624963.6802;30.9389062199881;-0.0419978744689407;-8.78855321962239;-12.3894035653456;26.5003185258997;-0.00664355826729383;7.626361650541
34087624964.2936;30.9389062210804;-0.0419978744692144;-8.74944479164577;-12.3504582642033;26.6128816198595;-0.00666927199230571;7.62636164550819
34087624964.8396;30.938906222141;-0.0419978744694801;-8.71162243453718;-12.3127983703974;26.7217431036977;-0.00669404840776903;7.62636164008872
34087624965.3589;30.9389062232371;-0.0419978744697546;-8.67556450575632;-12.2769114807619;26.825526153732;-0.00671740098986508;7.62636163399762
34087624965.8475;30.93890622435;-0.0419978744700331;-8.64251102695465;-12.2440348125826;26.9206617010364;-0.00673848001805426;7.6263616273785
34087624966.2923;30.9389062254349;-0.0419978744703046;-8.61275727917454;-12.2144578593517;27.0062998589738;-0.00675716471040827;7.62636162055909
34087624966.7231;30.9389062265564;-0.0419978744705851;-8.58448997271921;-12.1863771100939;27.0876596942114;-0.00677461075620099;7.62636161319132
34087624967.1372;30.9389062277021;-0.0419978744708715;-8.55803464491155;-12.1601130393166;27.1638042351731;-0.00679066330070896;7.62636160537365
34087624967.5303;30.9389062288528;-0.041997874471159;-8.53354334416746;-12.1358138180695;27.2342958515679;-0.00680527495953392;7.62636159725997
34087624967.9135;30.9389062300366;-0.0419978744714547;-8.5101565688956;-12.1126286069711;27.3016083875422;-0.00681892941275909;7.62636158868057
34087624968.2836;30.9389062312398;-0.041997874471755;-8.48790538775105;-12.0905890083025;27.3656524204851;-0.00683159616403267;7.62636157974406
34087624968.6374;30.9389062324478;-0.0419978744720565;-8.46680308191931;-12.0697013207262;27.4263897242322;-0.00684337602815336;7.6263615705748
34087624968.9832;30.9389062336854;-0.0419978744723651;-8.44622426610939;-12.0493418144799;27.4856203020402;-0.006854692769834;7.62636156100144
34087624969.3168;30.9389062349352;-0.0419978744726767;-8.42631043527273;-12.0296553556486;27.5429368989334;-0.00686539179682593;7.6263615511624
34087624969.6423;30.9389062362113;-0.0419978744729945;-8.40677237741032;-12.0103724654899;27.5991719338585;-0.00687536824436307;7.62636154095769
34087624969.9601;30.9389062375127;-0.0419978744733185;-8.38765195634128;-11.9915776122971;27.6542049132352;-0.00688391533973971;7.62636153039573
34087624970.272;30.9389062388463;-0.0419978744736502;-8.36894328585366;-11.9732596080516;27.708052778846;-0.00689111795881123;7.62636151942547
34087624970.5754;30.9389062401988;-0.0419978744739862;-8.3509019312515;-11.9556744196236;27.7599799548047;-0.00689678455985528;7.62636150815625
34087624970.874;30.9389062415846;-0.0419978744743301;-8.33341770969281;-11.9387068805126;27.8103035726227;-0.00690107200416297;7.62636149647359
34087624971.1655;30.9389062429903;-0.0419978744746784;-8.316716155052;-11.9225748500871;27.8583744937915;-0.00690394109324528;7.62636148449246
34087624971.4542;30.9389062444353;-0.041997874475036;-8.3006281314111;-11.9071014579507;27.9046795303335;-0.00690563647709402;7.62636147205425
34087624971.7396;30.9389062459149;-0.0419978744754016;-8.28524442789118;-11.8923517811877;27.9489573701222;-0.00690650384557671;7.62636145919852
34087624972.0193;30.9389062474146;-0.0419978744757717;-8.27071249220332;-11.8784624669705;27.9907836246967;-0.00690661237247558;7.62636144605516
34087624972.2967;30.9389062489503;-0.04199787447615;-8.25686666316269;-11.8652747654272;28.0306351050876;-0.00690597235719684;7.62636143249132
34087624972.5701;30.93890625051;-0.0419978744765337;-8.24379315110417;-11.8528713698625;28.0682636781592;-0.00690458100189335;7.62636141861454
34087624972.8431;30.9389062521122;-0.0419978744769272;-8.23131995859838;-11.8410905056781;28.1041643920929;-0.00690240010561301;7.62636140426625
34087624973.1143;30.9389062537484;-0.0419978744773284;-8.21949557654714;-11.829981368411;28.1381976789752;-0.00689938665752504;7.62636138952351
34087624973.38;30.9389062553927;-0.0419978744777309;-8.20846017036095;-11.8196752240461;28.169960110657;-0.00689558598537998;7.62636137462275
34087624973.6432;30.9389062570611;-0.0419978744781386;-8.19805302353813;-11.8100180946335;28.1999142662161;-0.00689100740935847;7.62636135942464
34087624973.9054;30.9389062587607;-0.0419978744785532;-8.18819273043263;-11.8009321349982;28.2282944498509;-0.00688565461001555;7.62636134386868
34087624974.1661;30.9389062604879;-0.0419978744789737;-8.17886435946807;-11.7924026101556;28.2551436381449;-0.00687953791856581;7.62636132799081
34087624974.4242;30.9389062622325;-0.0419978744793977;-8.17007903310181;-11.7844382285355;28.2804298182275;-0.00687269087514023;7.62636131188727
34087624974.6814;30.9389062640042;-0.0419978744798274;-8.16174636548286;-11.7769559228837;28.304413141381;-0.00686506411064392;7.62636129547323
34087624974.9362;30.9389062657926;-0.0419978744802603;-8.1538738233429;-11.7699614657796;28.3270721167626;-0.00685668259361094;7.62636127884594
34087624975.1892;30.9389062675982;-0.0419978744806964;-8.14641731155393;-11.7634141456369;28.3485336603588;-0.00684752719393018;7.62636126200449
34087624975.4409;30.9389062694244;-0.0419978744811366;-8.13932589544131;-11.757268344097;28.3689443739202;-0.00683755333639744;7.6263612449216
34087624975.6941;30.9389062712908;-0.0419978744815854;-8.13249580618169;-11.7514353316765;28.3886029278988;-0.006826600604613;7.626361227414
34087624975.9465;30.9389062731791;-0.0419978744820384;-8.12596951728159;-11.7459530265264;28.4073870739598;-0.00681471628481558;7.6263612096549
34087624976.1959;30.9389062750724;-0.0419978744824914;-8.11977271822646;-11.740842364778;28.4252228720435;-0.00680196247935494;7.62636119180499
34087624976.4427;30.9389062769708;-0.0419978744829445;-8.11387155529842;-11.7360743423967;28.4422077609956;-0.00678829203205154;7.62636117386474
34087624976.6896;30.9389062788958;-0.0419978744834027;-8.10817571359136;-11.7315777472578;28.458601687772;-0.0067734748650014;7.62636115563541
34087624976.9359;30.9389062808398;-0.0419978744838641;-8.10268850870236;-11.7273583867306;28.4743951094306;-0.00675747782113913;7.62636113718914
34087624977.1822;30.9389062828086;-0.0419978744843298;-8.09737597904193;-11.7233945546304;28.4896857752391;-0.00674014258039256;7.6263611184721
34087624977.4266;30.9389062847841;-0.0419978744847957;-8.09226837108615;-11.7197141470472;28.5043866290872;-0.00672149568438535;7.62636109965561
34087624977.6701;30.938906286776;-0.0419978744852637;-8.08732372596979;-11.7162920190478;28.5186184382153;-0.00670131741992684;7.62636108065202
34087624977.9094;30.9389062887547;-0.041997874485727;-8.08259572140582;-11.7131720651503;28.5322267061297;-0.00667973636841188;7.62636106174142
34087624978.143;30.9389062907058;-0.041997874486182;-8.07809643465101;-11.7103644602543;28.5451766718893;-0.00665678774819181;7.62636104306415
34087624978.3702;30.9389062926225;-0.0419978744866271;-8.07381933777361;-11.7078680987271;28.5574871245041;-0.00663240791189981;7.62636102468751
34087624978.5906;30.9389062944997;-0.0419978744870612;-8.0697553424687;-11.7056813270233;28.5691842223135;-0.0066065063226423;7.62636100666347
34087624978.8037;30.9389062963312;-0.0419978744874828;-8.06589888208101;-11.703806241688;28.58028398755;-0.00657898930248569;7.62636098905462
34087624979.0089;30.9389062981092;-0.0419978744878901;-8.06224808835748;-11.7022495666273;28.5907917976111;-0.00654974971526457;7.626360971937
34087624979.2053;30.9389062998243;-0.041997874488281;-8.05880544723935;-11.70102135022;28.6007004975391;-0.00651869658553508;7.6263609554053
34087624979.3917;30.9389063014645;-0.0419978744886529;-8.05557891224096;-11.7001255151918;28.6099871954315;-0.00648591212779024;7.62636093957699
34087624979.5672;30.9389063030187;-0.0419978744890032;-8.05257596445734;-11.6995537111253;28.6186303590677;-0.00645165445088456;7.62636092456132
34087624979.7319;30.9389063044876;-0.0419978744893325;-8.04978328550136;-11.6992873158981;28.6266683218135;-0.00641603575881331;7.6263609103543
34087624979.8881;30.9389063058885;-0.0419978744896445;-8.04715968438773;-11.6992907630056;28.6342196406164;-0.00637902454623549;7.62636089679359
34087624980.0397;30.9389063072573;-0.0419978744899475;-8.0446330024868;-11.6995278532698;28.6414920042849;-0.00634016830714937;7.6263608835328
34087624980.1954;30.9389063086701;-0.0419978744902581;-8.04206370633874;-11.7000152465281;28.6488870217508;-0.00629732655287017;7.62636086983658
34087624980.3635;30.9389063102058;-0.0419978744905929;-8.03931631472148;-11.7008034875884;28.6567946386888;-0.00624799162280492;7.62636085494207
34087624980.5482;30.9389063119042;-0.0419978744909597;-8.03633214168481;-11.7019675807816;28.6653837665843;-0.00619045144156293;7.62636083846104
34087624980.7431;30.9389063137098;-0.0419978744913454;-8.0332194016772;-11.703558288005;28.6743429397602;-0.00612568398854617;7.62636082092711
34087624980.945;30.9389063155945;-0.0419978744917432;-8.03003359310895;-11.7056394514383;28.6835124212908;-0.00605377775487487;7.62636080261364
34087624981.1534;30.9389063175532;-0.041997874492151;-8.02678751650064;-11.7083000058242;28.6928553684855;-0.00597394582508811;7.62636078356484
34087624981.3686;30.9389063195917;-0.0419978744925689;-8.02347676540513;-11.7116596275508;28.7023844642341;-0.00588484617605012;7.62636076372508
34087624981.587;30.9389063216775;-0.0419978744929893;-8.02015733433024;-11.7157842979351;28.7119385437158;-0.00578676108360865;7.62636074340826
34087624981.8082;30.938906323805;-0.04199787449341;-8.01683957808113;-11.7207870342877;28.7214878035571;-0.00567883796213128;7.62636072266803
34087624982.0325;30.9389063259787;-0.0419978744938306;-8.01351781798963;-11.7268316605236;28.7310485883918;-0.00555952431590879;7.62636070145948
34087624982.2603;30.9389063282047;-0.0419978744942509;-8.01018477141121;-11.7341322379581;28.7406418594832;-0.00542686472857651;7.62636067972316
34087624982.4894;30.9389063304595;-0.041997874494665;-8.00687652375673;-11.7428411238898;28.7501637548915;-0.00528050821439076;7.62636065768643
34087624982.7194;30.9389063327401;-0.041997874495071;-8.00359752339328;-11.7532082157322;28.7596014713035;-0.00511884726414194;7.62636063537898
34087624982.9508;30.9389063350529;-0.0419978744954681;-8.00033864423687;-11.7656021804782;28.76898127579;-0.00493924930411371;7.62636061273748
34087624983.1841;30.9389063374008;-0.0419978744958547;-7.99709665905442;-11.7804902716321;28.7783124571649;-0.00473883634871059;7.62636058973504
34087624983.4185;30.9389063397785;-0.0419978744962276;-7.9938791700684;-11.7984303735389;28.787573134527;-0.00451495941533898;7.62636056642137
34087624983.6532;30.9389063421762;-0.0419978744965827;-7.99069951236657;-11.8201120945831;28.7967249263825;-0.00426511274311604;7.62636054289313
34087624983.8885;30.9389063445975;-0.0419978744969177;-7.98755261627167;-11.846620874978;28.8057824243237;-0.00398484485504416;7.62636051911449
34087624984.1248;30.9389063470466;-0.0419978744972295;-7.98443326941226;-11.8795500293613;28.8147606305297;-0.00366858221428489;7.62636049504494
34087624984.3619;30.9389063495226;-0.0419978744975138;-7.98134280355575;-11.9212305213542;28.8236557114101;-0.00331025418923905;7.62636047069213
34087624984.5995;30.9389063520199;-0.0419978744977653;-7.97828835851413;-11.9752671091539;28.832447116141;-0.00290337246324239;7.6263604461112
34087624984.837;30.9389063545342;-0.041997874497978;-7.97527512995439;-12.0479421678444;28.8411198891538;-0.00243974862529808;7.62636042134566
34087624985.0751;30.9389063570716;-0.0419978744981462;-7.97229568900488;-12.1507756893719;28.8496954101732;-0.00191276330671431;7.6263603963344
34087624985.3149;30.9389063596448;-0.0419978744982684;-7.96933767839993;-12.2926732573065;28.8582092406097;-0.00137067281417811;7.62636037095235
34087624985.561;30.9389063623044;-0.0419978744983456;-7.96635051001555;-12.5035479203057;28.8668069825681;-0.000837917649004516;7.62636034470176
34087624985.816;30.9389063650789;-0.0419978744983827;-7.96331476834716;-12.8370059095754;28.8755445176106;-0.000386223807931442;7.62636031730058
34087624986.0813;30.9389063679873;-0.0419978744983854;-7.96022621564421;-14.0058762743504;28.8844340463209;-2.60024220909885e-05;7.62636028855985
34087624986.3591;30.9389063710529;-0.0419978744983614;-7.95707839393909;-13.0647080201206;28.8934941592881;0.000225512406318865;7.62636025824671
34087624986.6526;30.9389063743172;-0.0419978744983173;-7.95385166764831;-12.8229874808948;28.9027813740855;0.000390664388678766;7.62636022594918
34087624986.968;30.9389063778518;-0.0419978744982492;-7.95050385284257;-12.6656232492626;28.9124171046868;0.000557140852246501;7.62636019095767
34087624987.3152;30.9389063817753;-0.0419978744981561;-7.9469654723281;-12.5718001563728;28.9226013216554;0.000686124088948732;7.62636015209618
34087624987.7191;30.9389063863799;-0.0419978744980299;-7.94304956975444;-12.5049579967566;28.9338721243641;0.000793410841805419;7.62636010647231
34087624988.2339;30.9389063923129;-0.0419978744978414;-7.93837178927275;-12.4365580852511;28.9473357673245;0.000919226006210208;7.62636004768214
34087624989.0736;30.9389064021454;-0.0419978744974631;-7.93148572918757;-12.3462127570498;28.9671552892504;0.00111475343607468;7.62635995037209
34087624990.8041;30.9389064229524;-0.0419978744964827;-7.91994814331843;-12.2467683087299;29.0003628132286;0.00136641702913476;7.62635974506209
34087624997.5065;30.938906508263;-0.0419978744919963;-7.89522537403494;-12.1743312015416;29.0715194054615;0.00152883952857065;7.6263589096877
34087625042.6737;30.9389071385556;-0.0419978744557121;-7.85528154651586;-12.0951059419652;29.1864777691105;0.00168018573024871;7.62635275644335
34087625414.4076;30.9389130004964;-0.0419978740957448;-7.80219073978848;-12.0139691438949;29.3391997349499;0.00180164765026201;7.62629552205719
34087628467.1258;30.9389702176272;-0.0419978699789111;-7.72716064060729;-11.8701233917697;29.5543300925982;0.002126465634268;7.6257452202361
34087650263.3176;30.9395604063194;-0.0419978138382657;-7.56738973648907;-11.5891032197664;30.0062855582371;0.00285429432925713;7.62046541244068
34087741966.2526;30.9460214890627;-0.0419969293020881;-7.15207793277714;-11.0156676353325;31.1351775143867;0.00426247302516574;7.57605268627644
34088057997.1192;31.0504791863025;-0.0419759499266856;-6.48078905440632;-10.1779369477865;31.8767302004966;0.00640215041258469;6.78057647911224
34088985771.2149;31.173143817235;-0.0419596373278808;-6.87872288598714;-10.7549190872818;28.713603099287;0.00381848854098226;5.43240387537371
34091460919.7839;31.283617276299;-0.0419488518448423;-7.35034331973042;-11.3607616720833;28.0002399324213;0.00273365309118071;5.86273722823692
34097965175.347;31.4002569629356;-0.0419394275115965;-7.74635125287633;-11.8389469626478;27.469935970288;0.00221953469089518;6.26997095728536
34118388692.1222;31.5427351911365;-0.041930833682057;-8.15638202063023;-12.3759437913079;26.9232372084816;0.00162392327686585;6.69321756440392
34185976683.2371;31.7281178249545;-0.0419244485890197;-8.56180049021896;-13.0247023085528;26.3880410554694;0.000908877459237727;7.11527976587871
34311230218.3667;31.9166953005717;-0.0419222761271284;-8.8223001743698;-13.7608378252391;26.0469768021098;0.000300067992212534;7.38836018052514
34488797055.7134;32.0991230929295;-0.0419238301469895;-8.98827085694826;-14.05790529452;25.8317700962221;-0.000220049167174177;7.56374520111141
34713848523.4765;32.2792439466844;-0.0419288453416961;-9.09671785290041;-13.6519940512694;25.6941691152063;-0.000715415557105141;7.68035966300213
34963630047.8084;32.4521115891296;-0.041936875277801;-9.15984660246649;-13.4928482220693;25.6172755216492;-0.00118995714125594;7.75038501755124
35227839268.3919;32.6216425789128;-0.0419478813186317;-9.19269887230401;-13.3803168502509;25.5800887159596;-0.00166067278450301;7.78871628450951
35496778902.6503;32.7890938957908;-0.041961834144536;-9.20576624263903;-13.2849926345498;25.5678242274971;-0.00213043054452323;7.8056514039327
35761754628.3432;32.9536424379973;-0.0419785133539815;-9.20691205115746;-13.2010306279629;25.5698631607073;-0.00259184978142102;7.80921721268059
36014962232.3489;33.1128314515342;-0.0419973678277232;-9.20156365220386;-13.1280623286539;25.5793339304525;-0.00302963671427623;7.8052597114633
36254637295.1764;33.2665278300174;-0.0420180146887946;-9.19295921546086;-13.0647688143799;25.5923905476968;-0.00343796345325178;7.79743646866887
36485205305.8618;33.4179359039561;-0.0420405900495682;-9.1826500177094;-13.0091643531013;25.6072638591816;-0.00381811355898929;7.78754865656088
36704970755.6172;33.5659367790148;-0.0420646360172583;-9.17169513302501;-12.9609171569803;25.6227034075644;-0.00416296659075967;7.77679746724951
36916948029.9097;33.7124469758566;-0.042090202536208;-9.16042145163945;-12.9186177034926;25.6384343426753;-0.00447399247008907;7.76562789519026
37120576546.7356;33.8568830322849;-0.0421169226151505;-9.14916297571947;-12.8820008610945;25.6540204150663;-0.00474588871805897;7.75439077279659
37314741759.0238;33.9981146519724;-0.0421443132798891;-9.13823948217918;-12.8505688497559;25.6690669133893;-0.00497829599017484;7.74343733029083
37500840262.6818;34.1368482109788;-0.0421722551353244;-9.12756135355213;-12.823487639777;25.6838050390326;-0.00517288803494775;7.73274970206319
37675348517.514;34.2700327896202;-0.0421998593613985;-9.11736203432216;-12.8008403998331;25.6978514380934;-0.00532621199805705;7.72252068268923
37841682880.0773;34.3998364634728;-0.0422273616321577;-9.10769499366414;-12.7816134248281;25.7110610507697;-0.00544755430673256;7.71275617726665
37998860898.9907;34.525095008008;-0.0422543362066083;-9.09858444955355;-12.7654372085816;25.7235753443868;-0.00553960211524957;7.70359727964488
38147086544.583;34.6457002980467;-0.0422805832773642;-9.08955699315298;-12.7518425085693;25.7362204994694;-0.0056009185021965;7.69468559649363
38284598205.3167;34.7599449331363;-0.0423055862457538;-9.08050371227521;-12.7403479552751;25.7489712685083;-0.00563528181594894;7.685794812683
38412026143.4849;34.8678927457072;-0.0423292822310318;-9.07205080979781;-12.7305898847598;25.760491589338;-0.00565477164305203;7.67723648242418
38530762084.8261;34.9700497285958;-0.0423517409590432;-9.0653141417301;-12.7231970440822;25.7689715103771;-0.00566518612748289;7.66994717272945
38644066239.0431;35.0685960644211;-0.0423733794705423;-9.06060535238806;-12.7190184506646;25.7744359245914;-0.00565947402779798;7.66454283072062
38751199088.997;35.1626757772084;-0.0423939130362488;-9.05642667529989;-12.7174582859187;25.7802354789119;-0.0056267195493176;7.66038185389371
38846982161.8483;35.2482243643718;-0.042412388880907;-9.04907592413325;-12.7146844635743;25.7931799636058;-0.00557052783743585;7.65489458336652
38919537233.2126;35.3152025148467;-0.0424266961431148;-9.03473462278797;-12.7051112371104;25.8203888193923;-0.00551551618742423;7.64549462048646
38958994652.7905;35.3533593939619;-0.0424347837239622;-9.01455583385573;-12.6883100448932;25.8616940559051;-0.00548154215906064;7.63428715401744
38971210328.3523;35.3656471418131;-0.0424373797959615;-8.99744519879206;-12.6726007567172;25.9014037846701;-0.0054722728624262;7.62791395568397
38973085936.5155;35.3675772978429;-0.0424377872902973;-8.98754969635282;-12.6630205378127;25.9277332198941;-0.00547386028123695;7.62647603290808
38973193544.9102;35.3676893533182;-0.0424378109431361;-8.98241307076165;-12.6579628812143;25.9423645554923;-0.00547595344863339;7.6263737657588
38973202011.8607;35.3676982782848;-0.0424378128267314;-8.97712041543619;-12.6527394138294;25.9575843368985;-0.00547829324049535;7.62636460880199
38973202731.4741;35.3676990469194;-0.0424378129889236;-8.9713793607618;-12.6470693841303;25.9741071002792;-0.00548088391193443;7.62636372678425
38973202801.4784;35.3676991227921;-0.042437813004931;-8.96503941528857;-12.6408045288759;25.9923547849217;-0.00548378617991407;7.62636362986164
38973202810.8847;35.3676991331636;-0.0424378130071187;-8.95757816288848;-12.6334261161816;26.0138299731253;-0.0054872701765691;7.6263636150495
38973202814.2577;35.3676991369682;-0.042437813007921;-8.94769596591056;-12.6236451083759;26.0422732128407;-0.00549199013375084;7.6263636089026
38973202816.3333;35.3676991393763;-0.0424378130084287;-8.93548823852823;-12.6115485634459;26.0774098695719;-0.00549799231075606;7.62636360446527
38973202817.8401;35.3676991411852;-0.04243781300881;-8.92063271632234;-12.5968145863976;26.1201674932223;-0.00550546603160521;7.6263636006525
38973202819.0034;35.3676991426397;-0.0424378130091165;-8.90294755212928;-12.5792606577846;26.1710694815002;-0.00551452823631441;7.62636359714055
38973202819.9685;35.3676991439072;-0.0424378130093835;-8.88163532603329;-12.558091189565;26.2324109929618;-0.00552563691560013;7.62636359363867
38973202820.7952;35.3676991450586;-0.0424378130096259;-8.85613527025256;-12.532742560898;26.3058060467715;-0.0055391652682331;7.62636359000396
38973202821.5232;35.3676991461465;-0.0424378130098549;-8.82554906060425;-12.5023183396895;26.3938402275068;-0.0055556298710643;7.62636358609254
38973202822.1963;35.3676991472415;-0.0424378130100853;-8.78867121568633;-12.4656186948514;26.4999831892394;-0.00557568357599649;7.62636358162158
38973202822.8094;35.3676991483327;-0.0424378130103148;-8.74960360113646;-12.4267378327736;26.6124288136543;-0.00559693522999784;7.62636357659562
38973202823.3538;35.3676991493896;-0.042437813010537;-8.71189453861462;-12.3892140128393;26.7209642103863;-0.00561736509237845;7.62636357119684
38973202823.8732;35.3676991504853;-0.0424378130107672;-8.67582124099311;-12.3533361240021;26.8247914963478;-0.00563665523331872;7.62636356511143
38973202824.3568;35.3676991515852;-0.0424378130109982;-8.64310128054038;-12.3208158003165;26.9189671015601;-0.00565384465872499;7.62636355857171
38973202824.8018;35.3676991526694;-0.0424378130112259;-8.61332090709204;-12.2912372432078;27.0046818950107;-0.0056692124175041;7.62636355176319
38973202825.2348;35.3676991537954;-0.0424378130114621;-8.58490303263066;-12.2630328139049;27.0864751003832;-0.00568358959482143;7.62636354437277
38973202825.6486;35.3676991549393;-0.042437813011702;-8.55845014441792;-12.2367971264315;27.1626126202115;-0.00569671585541882;7.62636353657077
38973202826.0417;35.3676991560888;-0.042437813011943;-8.53395262837873;-12.212517540545;27.23312212619;-0.00570863822835715;7.62636352846986
38973202826.4267;35.3676991572773;-0.042437813012192;-8.51044841424388;-12.1892432860875;27.3007726788047;-0.00571978977409291;7.62636351986
38973202826.7983;35.367699158485;-0.0424378130124449;-8.48810113551416;-12.1671370971876;27.3650933032158;-0.00573008377601717;7.62636351089341
38973202827.1531;35.3676991596956;-0.0424378130126982;-8.46694501370874;-12.1462246903768;27.4259855021554;-0.00573961240328298;7.62636350170629
38973202827.4992;35.3676991609343;-0.0424378130129573;-8.44634130972684;-12.1258693132835;27.4852877142468;-0.00574873492777665;7.62636349212538
38973202827.8336;35.367699162187;-0.0424378130132192;-8.42638058483977;-12.1061663763497;27.542739283389;-0.00575733286973843;7.626363482266
38973202828.1592;35.3676991634632;-0.0424378130134858;-8.40683704200176;-12.086912674924;27.5989901056663;-0.00576524221281747;7.62636347206048
38973202828.477;35.3676991647644;-0.0424378130137573;-8.38771735474354;-12.0681672948547;27.6540209732411;-0.00577176111249547;7.62636346150104
38973202828.7894;35.3676991661001;-0.0424378130140358;-8.36897678400991;-12.0498804001363;27.7079606553382;-0.00577698109264388;7.62636345051391
38973202829.093;35.3676991674534;-0.0424378130143176;-8.35092350091244;-12.0323594299181;27.7599221644236;-0.00578072507200546;7.62636343923836
38973202829.392;35.3676991688412;-0.0424378130146062;-8.33341505919833;-12.0154569044834;27.8103154935462;-0.00578314485359872;7.62636342753997
38973202829.6835;35.3676991702468;-0.0424378130148981;-8.31671389313357;-11.9994247756749;27.8583852963681;-0.00578422340018156;7.62636341555898
38973202829.9723;35.367699171692;-0.0424378130151977;-8.30062280209889;-11.9840571533041;27.9046991615964;-0.00578419590389358;7.62636340311822
38973202830.2578;35.3676991731724;-0.042437813015504;-8.28523233548742;-11.9694134731637;27.9489964671078;-0.0057834246421005;7.62636339025633
38973202830.5375;35.3676991746725;-0.0424378130158139;-8.27069740527031;-11.9556353405998;27.9908313405857;-0.00578199700098814;7.62636337710938
38973202830.8149;35.3676991762077;-0.0424378130161304;-8.25685608471818;-11.9425686657429;28.0306698444395;-0.00577990759282756;7.6263633635491
38973202831.0883;35.3676991777672;-0.0424378130164514;-8.24378472551075;-11.93028616666;28.0682922210118;-0.00577716202983739;7.62636334967396
38973202831.3612;35.3676991793693;-0.0424378130167805;-8.23131291165752;-11.918629443693;28.1041889667368;-0.00577370412879322;7.62636333532675
38973202831.6325;35.3676991810061;-0.0424378130171161;-8.2194854005706;-11.9076444786047;28.1382312595396;-0.00576949387476349;7.62636332057949
38973202831.8982;35.3676991826502;-0.0424378130174526;-8.20845193134247;-11.8974698658634;28.1699881160186;-0.00576459405145105;7.62636330568065
38973202832.1614;35.3676991843185;-0.0424378130177933;-8.19804554742822;-11.8879469582408;28.1999400755286;-0.00575899597021826;7.62636329048309
38973202832.4236;35.3676991860186;-0.0424378130181397;-8.1881830358446;-11.8789968769297;28.2283266441976;-0.00575269426098108;7.62636327492296
38973202832.6844;35.3676991877463;-0.0424378130184911;-8.17885235053471;-11.8706075662023;28.2551824934224;-0.00574569939844843;7.62636325904018
38973202832.9426;35.3676991894913;-0.0424378130188451;-8.17006581356297;-11.8627883750972;28.2804721575898;-0.00573804691048388;7.62636324293318
38973202833.1996;35.3676991912622;-0.0424378130192036;-8.16173696987316;-11.855460964189;28.3044444742549;-0.00572968361067258;7.62636322652559
38973202833.4545;35.3676991930507;-0.0424378130195648;-8.15386509214959;-11.8486235888261;28.3271015369183;-0.00572062714546173;7.62636320989891
38973202833.7074;35.3676991948565;-0.0424378130199286;-8.14640811775028;-11.8422380067297;28.3485644116051;-0.00571085563657662;7.62636319305564
38973202833.9589;35.3676991966813;-0.0424378130202952;-8.13932124339149;-11.8362647602229;28.3689620525227;-0.00570032909730337;7.62636317598324
38973202834.2118;35.3676991985451;-0.0424378130206687;-8.13250077911676;-11.8306176975572;28.3885929031218;-0.00568888230037907;7.62636315850097
38973202834.4641;35.367699200433;-0.042437813021046;-8.12597570162343;-11.825322865707;28.4073735619617;-0.00567654282062971;7.62636314074671
38973202834.7136;35.3676992023263;-0.0424378130214232;-8.11977819077266;-11.8204059186492;28.4252114082032;-0.00566338355628022;7.62636312289636
38973202834.9603;35.3676992042242;-0.0424378130218002;-8.11387821907254;-11.8158418198891;28.4421928679409;-0.00564936293514347;7.62636310496141
38973202835.2072;35.3676992061487;-0.0424378130221812;-8.10818301629984;-11.8115609448842;28.4585849550821;-0.00563424039883773;7.62636308673596
38973202835.4535;35.3676992080937;-0.0424378130225649;-8.10269278427265;-11.8075674631959;28.4743870888455;-0.00561797375145157;7.62636306828119
38973202835.7001;35.3676992100638;-0.0424378130229522;-8.09737631132014;-11.8038441979132;28.4896891036009;-0.00560041001277342;7.62636304955138
38973202835.9443;35.3676992120388;-0.0424378130233389;-8.09227006497213;-11.8004229981523;28.5043860376369;-0.00558160061591663;7.62636303074083
38973202836.1878;35.3676992140302;-0.0424378130237273;-8.08732611981283;-11.7972777149967;28.5186158312708;-0.00556130671473409;7.62636301174102
38973202836.4271;35.3676992160086;-0.0424378130241114;-8.08259834425706;-11.7944509433644;28.5322234391309;-0.00553965881126302;7.62636299283249
38973202836.6607;35.3676992179598;-0.0424378130244885;-8.0780989105493;-11.7919528645214;28.5451738268817;-0.00551669200381174;7.62636297415575
38973202836.8878;35.3676992198764;-0.0424378130248571;-8.07382165705303;-11.7897839495961;28.5574847292506;-0.0054923431180778;7.62636295577952
38973202837.1083;35.3676992217537;-0.0424378130252163;-8.06975739810844;-11.7879442932493;28.5691825847826;-0.00546651972449483;7.62636293775533
38973202837.3214;35.3676992235851;-0.0424378130255648;-8.06590075144031;-11.7864379741937;28.5802828850196;-0.00543912826378693;7.62636292014657
38973202837.5266;35.3676992253632;-0.0424378130259013;-8.0622497687603;-11.7852738780506;28.590791237715;-0.00541005979433793;7.62636290302895
38973202837.723;35.3676992270783;-0.0424378130262239;-8.05880690361587;-11.7844641658247;28.6007005811449;-0.00537922127237281;7.62636288649698
38973202837.9094;35.3676992287184;-0.0424378130265304;-8.05558025682753;-11.7840127092197;28.6099875994303;-0.00534669261798229;7.62636287066887
38973202838.0848;35.3676992302726;-0.0424378130268189;-8.0525771266085;-11.7839088330602;28.6186312867374;-0.0053127227565232;7.62636285565297
38973202838.2496;35.3676992317417;-0.0424378130270897;-8.04978420171676;-11.7841336923374;28.626669955872;-0.00527741613249096;7.62636284144532
38973202838.4058;35.3676992331426;-0.0424378130273461;-8.04716045975229;-11.78465291726;28.6342216785533;-0.00524074375296855;7.62636282788447
38973202838.5574;35.3676992345113;-0.0424378130275947;-8.04463379604235;-11.7854374864719;28.64149398827;-0.00520225908520749;7.62636281462435
38973202838.7131;35.3676992359239;-0.0424378130278491;-8.04206485469904;-11.7865363152698;28.6488879827751;-0.00515984087723614;7.62636280093064
38973202838.8812;35.3676992374594;-0.042437813028123;-8.03931752255466;-11.7880392187891;28.6567954265235;-0.00511100054361479;7.62636278603716
38973202839.0658;35.3676992391573;-0.0424378130284224;-8.03633393683636;-11.7900507493169;28.6653828616403;-0.00505406629356846;7.62636276956018
38973202839.2607;35.367699240963;-0.0424378130287366;-8.03322114775919;-11.7926151370126;28.6743421734176;-0.0049899876889591;7.62636275202687
38973202839.4626;35.3676992428476;-0.0424378130290598;-8.03003534523426;-11.795802551312;28.6835116346394;-0.0049188673803216;7.62636273371434
38973202839.671;35.3676992448061;-0.0424378130293901;-8.02678944388545;-11.7997239835682;28.6928540741705;-0.00483993144255409;7.62636271466752
38973202839.8861;35.3676992468444;-0.0424378130297276;-8.02347886997972;-11.804534129191;28.7023826563361;-0.00475184964900082;7.62636269482983
38973202840.1046;35.3676992489302;-0.0424378130300657;-8.02015929926018;-11.8103122441483;28.7119371338071;-0.00465489136048058;7.62636267451318
38973202840.3258;35.3676992510576;-0.0424378130304026;-8.01684148460787;-11.8172064931787;28.7214865574266;-0.00454822462953504;7.62636265377359
38973202840.55;35.3676992532312;-0.0424378130307378;-8.01351976771679;-11.8254365494915;28.7310472131633;-0.00443031569289764;7.62636263256634
38973202840.7779;35.367699255457;-0.0424378130310708;-8.01018682068052;-11.8352926980972;28.7406401924816;-0.0042992288191592;7.62636261083171
38973202841.0069;35.3676992577119;-0.0424378130313966;-8.00687837930959;-11.846989688481;28.7501626396633;-0.00415459789439469;7.62636258879473
38973202841.2369;35.3676992599927;-0.0424378130317134;-8.00359923915654;-11.8608822932556;28.7596007520597;-0.00399484376115011;7.62636256648733
38973202841.4684;35.3676992623056;-0.0424378130320203;-8.00034029067062;-11.8775014522143;28.7689807490599;-0.00381736171944585;7.62636254384635
38973202841.7016;35.3676992646533;-0.0424378130323156;-7.99709833243858;-11.8975386522032;28.7783118450598;-0.00361930343153025;7.62636252084509
38973202841.936;35.367699267031;-0.0424378130325962;-7.99388072519696;-11.921859103529;28.7875728541195;-0.00339802579798971;7.62636249753154
38973202842.1707;35.3676992694287;-0.0424378130328586;-7.99070086308745;-11.951589741498;28.7967252246926;-0.00315104223305311;7.62636247400273
38973202842.406;35.36769927185;-0.0424378130331002;-7.98755387318417;-11.9885535558952;28.8057829819226;-0.00287395525161966;7.62636245022429
38973202842.6423;35.3676992742991;-0.0424378130333179;-7.98443441265701;-12.035601315072;28.8147615032888;-0.00256122732717022;7.62636242615475
38973202842.8795;35.3676992767751;-0.0424378130335074;-7.98134388282124;-12.0973219597533;28.8236567548254;-0.00220684077894069;7.62636240180229
38973202843.1171;35.3676992792725;-0.0424378130336637;-7.97828930249767;-12.181852547483;28.8324485337411;-0.00180433959904044;7.62636237722111
38973202843.3546;35.3676992817867;-0.042437813033781;-7.97527593802621;-12.3063709226604;28.841121680795;-0.00134560366767671;7.62636235245525
38973202843.5926;35.3676992843241;-0.0424378130338535;-7.97229634978336;-12.5164928175037;28.8496976064707;-0.000824033367045035;7.62636232744351
38973202843.8324;35.3676992868973;-0.0424378130338791;-7.96933830616778;-12.9709370935664;28.8582115122881;-0.000287521698153352;7.62636230206194
38973202844.0785;35.3676992895567;-0.0424378130338571;-7.96635117522583;-13.0472753715391;28.8668091273925;0.000239593253121091;7.62636227581253
38973202844.3335;35.3676992923312;-0.0424378130337911;-7.96331546430535;-12.587436044199;28.8755465579261;0.000686135094825559;7.62636224841264
38973202844.5989;35.3676992952393;-0.0424378130336863;-7.96022698992236;-12.4031638776717;28.8844358485855;0.00104166243304208;7.62636221967382
38973202844.8765;35.3676992983045;-0.0424378130335495;-7.95707953598948;-12.3075633224421;28.8934948943107;0.00128918810543728;7.6263621893657
38973202845.17;35.3676993015678;-0.0424378130333857;-7.95385355197496;-12.2531851351518;28.9027799670426;0.00145080162550264;7.62636215707757
38973202845.4852;35.3676993051009;-0.0424378130331885;-7.95050676141649;-12.2036995318287;28.9124127439911;0.00161395553164021;7.62636212209953
38973202845.8324;35.3676993090235;-0.0424378130329525;-7.94696881568269;-12.1676437437965;28.922595705243;0.00174005244760326;7.62636208324665
38973202846.236;35.3676993136248;-0.0424378130326591;-7.94305509547434;-12.138557449166;28.9338602230898;0.00184460773486402;7.62636203765421
38973202846.7501;35.3676993195503;-0.0424378130322563;-7.93838215585339;-12.1060423110832;28.9473099288719;0.00196765093270301;7.62636197893745
38973202847.5881;35.367699329361;-0.0424378130315248;-7.93150824705194;-12.0589540518948;28.9670944703987;0.00216002675659713;7.62636188184167
38973202849.3126;35.3676993500939;-0.0424378130298025;-7.91999844830899;-12.0005576509409;29.0002220092774;0.00240902950980177;7.62636167725681
38973202855.9773;35.3676994349039;-0.0424378130223006;-7.8953332616293;-11.948607228906;29.0712128673298;0.00257151572189049;7.62636084676489
38973202900.7885;35.3677000599744;-0.0424378129639589;-7.85545815578349;-11.885407914882;29.1859735051445;0.00272410864708565;7.62635474436111
38973203269.7312;35.3677058752719;-0.0424378123993799;-7.80238693243881;-11.8152341831081;29.3386397845587;0.00284834587293494;7.62629796639474
38973206298.0655;35.3677625850953;-0.0424378063050406;-7.72754552150399;-11.6962771848525;29.5532342334223;0.00317594777702985;7.62575246889698
38973227973.7562;35.3683484582902;-0.0424377299199064;-7.56816931824408;-11.4529641007587;30.004108282654;0.00391188376170029;7.62050917403195
38973319216.0109;35.3747365659025;-0.0424366334114295;-7.15482378478932;-10.9201840148518;31.1279591745056;0.00534306451528424;7.57650960587686
38973634100.9608;35.4788239829362;-0.0424121722714277;-6.4807536723713;-10.1096752105744;31.8860004794367;0.00749339299649875;6.78670170676186
38974558790.2192;35.6016090553126;-0.0423915451812881;-6.87685024210295;-10.6515578462253;28.7177722898063;0.00482439816312179;5.43158753100204
38977024621.0554;35.7120559184059;-0.0423769089152962;-7.34880989374624;-11.2265329857897;28.00229633824;0.00371082569581859;5.86116157255367
38983507841.6811;35.8286718775592;-0.0423634258880981;-7.74503281235267;-11.6820033904231;27.4716999407042;0.00317625203418589;6.26861333489181
39003830248.2911;35.9709732870571;-0.0423499059773776;-8.15476593466444;-12.1770013127365;26.9253830357806;0.00255815297996263;6.69154266842216
39071203401.9917;36.1562708362629;-0.0423371598295658;-8.56061720165286;-12.7231079264118;26.3895961167472;0.00181527329550866;7.11404243924198
39196227945.0841;36.3448403381135;-0.0423285957695874;-8.82152382229141;-13.1643155758615;26.0479879388011;0.0011829936911022;7.38754198966806
39373595001.4449;36.527279540018;-0.0423240524140371;-8.98775479468138;-13.5914962335811;25.832436543409;0.000643315376969451;7.56319725337849
39598510571.9457;36.7074223069573;-0.0423231375926243;-9.09640269281014;-14.3906832005133;25.6945624459436;0.000130485038715818;7.68001557348831
39848205808.0138;36.8803010614221;-0.0423255624888846;-9.15966863159587;-14.0127170927845;25.6174861173195;-0.000359325508080958;7.75018265002604
40112437901.4409;37.0498775352344;-0.0423311584964456;-9.19261996529023;-13.6741072729462;25.5801735003193;-0.000844143300660711;7.78862035471514
40381070660.2911;37.2171492229098;-0.0423398368046826;-9.20573653358582;-13.4907239009131;25.5678446667816;-0.00132649846521167;7.80560708460583
40646153089.1028;37.381759496926;-0.042351428061045;-9.2069240032918;-13.3592504299762;25.5698356225374;-0.00180053475772925;7.80922094645476
40899406354.9411;37.5409650967716;-0.0423654327624964;-9.20159671512953;-13.257281199452;25.5792824856526;-0.00225011064245817;7.80528806187508
41136613297.1106;37.6930271959954;-0.0423812691376588;-9.19310641342466;-13.1754716134694;25.5921751651954;-0.00266527483972749;7.79757476789664
41367172399.8876;37.8443695407186;-0.0423993329711676;-9.1828218152722;-13.1059723516276;25.6070207654222;-0.00305638822109352;7.78771574113373
41587603819.3557;37.9927669324369;-0.0424190996969448;-9.17184722959263;-13.0473387599365;25.6224914815836;-0.00341294922356606;7.77694748441111
41797414984.2989;38.1376869698136;-0.0424401909872947;-9.1607001577538;-12.9977254447522;25.6380478051563;-0.0037312956858878;7.76590472129498
42000807338.3394;38.2818561526604;-0.0424627459859852;-9.14946218594738;-12.9550918166023;25.6536089382281;-0.004013459080392;7.75469036285882
42195375700.1197;38.4232894226311;-0.0424861999199284;-9.13852063977508;-12.9188565246075;25.6686807507419;-0.00425664727161508;7.74371911427667
42380885872.6971;38.5614816193071;-0.0425102015168446;-9.12788420909466;-12.8881275915258;25.6833601431783;-0.00446075590691253;7.73307242970764
42556428488.435;38.6953738892338;-0.0425342978211406;-9.11762706105267;-12.8624321264689;25.6974893070341;-0.0046247219673124;7.72278749855259
42722167018.0653;38.8246245758356;-0.0425582009779038;-9.10799062280901;-12.840968221922;25.7106589563284;-0.00475483672602681;7.71305514154683
42879914367.9286;38.9502590086427;-0.0425819191183727;-9.09885338846248;-12.8228814350709;25.7232030439497;-0.00485620485941095;7.70386482285616
43028226643.2555;39.0708551068477;-0.0426050030194065;-9.08984384090058;-12.8078678939479;25.7358159017746;-0.00492622096521753;7.69496600058032
43165949769.1717;39.1851987701918;-0.0426270675715187;-9.08079476933693;-12.7953117552325;25.7485666542938;-0.00496862330750726;7.68608330102116
43293029623.9134;39.2927796512029;-0.0426479289544251;-9.07234161321178;-12.7847336151979;25.7601125790846;-0.00499523304861359;7.677541590739
43411951842.1413;39.3950477302501;-0.042667822203972;-9.06552290294723;-12.7765572708156;25.7687296370656;-0.00501254911553132;7.67018613570887
43525211453.4849;39.4935202640084;-0.0426869787329823;-9.06075995426366;-12.7717582453475;25.7742530522449;-0.00501404003198017;7.66471706333976
43632763277.0978;39.587921795848;-0.042705246131125;-9.05663873695128;-12.7699410840988;25.7798848874857;-0.00498859935995378;7.66055452679783
43729544820.2209;39.6742758644709;-0.0427217800255567;-9.0495097379639;-12.7674173820439;25.7923770247556;-0.00493837112333362;7.65519147059213
43803304970.0463;39.7422492147803;-0.0427346457757896;-9.03548311400281;-12.7583866741658;25.8189437532382;-0.00488691641788844;7.6459676235233
43844020678.6756;39.7815454394339;-0.042742021512676;-9.01541116983418;-12.7419565819985;25.8598929039085;-0.00485379365704895;7.63472771140331
43856907754.6255;39.7944895923402;-0.0427444423300994;-8.9980807535164;-12.7261923515946;25.8999115067259;-0.00484380534539301;7.62813822974878
43858950030.754;39.7965894142305;-0.0427448347112712;-8.98793200219851;-12.716406301224;25.9268064982979;-0.00484478743749979;7.62659116372323
43859069583.9666;39.7967138150909;-0.0427448579525483;-8.98273786681373;-12.7113012616251;25.9415875588079;-0.00484655511015036;7.62647833878928
43859078871.9048;39.79672359775;-0.0427448597798779;-8.97746239733206;-12.7061024247953;25.9567566322875;-0.00484853346809717;7.62646835123175
43859079659.4325;39.7967244382395;-0.0427448599368468;-8.97173350372433;-12.7004522202883;25.9732442767113;-0.00485073426406491;7.62646739127472
43859079735.67;39.7967245207971;-0.0427448599522622;-8.96541193547022;-12.6942138373758;25.9914390554494;-0.00485320262283477;7.62646728627938
43859079745.6467;39.7967245317869;-0.0427448599543138;-8.95799781508017;-12.686891144063;26.0127785856862;-0.00485616478577414;7.62646727065614
43859079749.0825;39.7967245356574;-0.0427448599550362;-8.94826131184054;-12.6772654259206;26.0408024851084;-0.00486015644854998;7.6264672644336
43859079751.1879;39.7967245380962;-0.0427448599554912;-8.93616657142732;-12.6652932049641;26.0756139392886;-0.00486528078095187;7.62646725996486
43859079752.7096;39.7967245399195;-0.0427448599558313;-8.92146234136989;-12.6507226876399;26.1179361092929;-0.00487167725492588;7.62646725614438
43859079753.8813;39.7967245413811;-0.0427448599561039;-8.90397070954033;-12.6333756224624;26.1682810668646;-0.0048794433795359;7.62646725263716
43859079754.8541;39.7967245426552;-0.0427448599563413;-8.88284175985448;-12.6124038170037;26.2290950666698;-0.00488901365277102;7.62646724913941
43859079755.6896;39.7967245438153;-0.0427448599565575;-8.85744206611316;-12.5871719119155;26.3022012556082;-0.00490074663871083;7.62646724549951
43859079756.4223;39.7967245449065;-0.0427448599567607;-8.82704703560911;-12.5569558661799;26.3896851789251;-0.004915021010532;7.62646724159794
43859079757.0916;39.7967245459902;-0.0427448599569625;-8.79072722972206;-12.520830376327;26.4942219757653;-0.00493228341834813;7.62646723719699
43859079757.7052;39.7967245470766;-0.0427448599571646;-8.75188969171533;-12.4821972417251;26.6060053872008;-0.00495076286470851;7.62646723222184
43859079758.2528;39.7967245481343;-0.0427448599573614;-8.7140763292763;-12.4445874769162;26.7148409837198;-0.00496868478472955;7.6264672268475
43859079758.782;39.7967245492468;-0.0427448599575682;-8.67730760525392;-12.4080372367558;26.8206698680809;-0.00498585895988884;7.62646722069509
43859079759.2606;39.7967245503308;-0.0427448599577696;-8.64492228321815;-12.3758691668255;26.91388230705;-0.00500068461678635;7.62646721426445
43859079759.7065;39.7967245514126;-0.0427448599579705;-8.61508673752347;-12.3462560226276;26.9997558993768;-0.00501407184676086;7.62646720748933
43859079760.1394;39.7967245525339;-0.0427448599581786;-8.58665186886128;-12.31805472557;27.0815980183723;-0.00502656647905423;7.62646720014665
43859079760.5519;39.7967245536696;-0.0427448599583893;-8.56025261478805;-12.2918914646387;27.1575811671267;-0.00503793124700849;7.62646719241642
43859079760.9498;39.796724554829;-0.0427448599586042;-8.53543861614975;-12.2673187363445;27.2290015834169;-0.00504837487892353;7.62646718426298
43859079761.3356;39.7967245560161;-0.0427448599588242;-8.51187457244542;-12.2440077587902;27.2968243396469;-0.00505800132346737;7.62646717567656
43859079761.7043;39.7967245572102;-0.0427448599590453;-8.48969225832359;-12.2220874498266;27.3606701581349;-0.00506677406704726;7.62646716682148
43859079762.0612;39.796724558424;-0.04274485995927;-8.46841097029674;-12.2010728762702;27.4219226145954;-0.00507499939650449;7.62646715762364
43859079762.4072;39.7967245596578;-0.0427448599594982;-8.44782635749816;-12.1807589192599;27.4811698781032;-0.00508279571367959;7.62646714809105
43859079762.7423;39.7967245609091;-0.0427448599597295;-8.42783327824969;-12.1610490263952;27.5387145707918;-0.00509011877669404;7.62646713825337
43859079763.0685;39.7967245621831;-0.0427448599599648;-8.4082720494275;-12.1418010253997;27.5950162976142;-0.0050968479627375;7.62646712807637
43859079763.3863;39.7967245634801;-0.0427448599602041;-8.38915564083815;-12.1230893949135;27.6500377285953;-0.00510225281737792;7.6264671175606
43859079763.6995;39.7967245648153;-0.0427448599604502;-8.3703591577822;-12.1047938719578;27.7041383394029;-0.0051063424050914;7.6264671065878
43859079764.0043;39.7967245661698;-0.0427448599606995;-8.35222450706588;-12.0872472382727;27.7563340433704;-0.00510904084010119;7.62646709531198
43859079764.3045;39.7967245675592;-0.0427448599609549;-8.33462933121351;-12.0703269963871;27.8069770134307;-0.00511041433518664;7.62646708360965
43859079764.5949;39.7967245689556;-0.0427448599612111;-8.31796597774112;-12.0544042815357;27.854937982982;-0.00511050587724652;7.62646707171515
43859079764.8829;39.7967245703927;-0.0427448599614742;-8.30188531529725;-12.0391296379782;27.9012218323986;-0.0051095058339004;7.62646705935144
43859079765.1671;39.7967245718617;-0.0427448599617427;-8.28652815874297;-12.0246040176115;27.9454232639692;-0.00510781116394453;7.62646704659541
43859079765.4475;39.7967245733613;-0.0427448599620163;-8.27191551497709;-12.0108401659337;27.987481814985;-0.00510551049700928;7.62646703346231
43859079765.7254;39.7967245748951;-0.0427448599622955;-8.25800601392161;-11.9977993373887;28.0275165580598;-0.00510259729341098;7.62646701992177
43859079766.0007;39.7967245764618;-0.0427448599625802;-8.24480233028186;-11.9854846364889;28.0655197947997;-0.00509906776788114;7.62646700599166
43859079766.2722;39.7967245780519;-0.0427448599628685;-8.23235292814667;-11.9739427082359;28.1013520344699;-0.00509492077776343;7.62646699175747
43859079766.542;39.7967245796757;-0.0427448599631622;-8.22054604205036;-11.9630734687541;28.1353349638274;-0.00509008064647971;7.62646697713257
43859079766.8084;39.7967245813205;-0.0427448599634591;-8.20943786292291;-11.9529292417124;28.1673068525434;-0.00508456666896023;7.62646696223352
43859079767.0726;39.7967245829918;-0.0427448599637601;-8.19894986935367;-11.9434341431447;28.1974937033385;-0.00507839215934551;7.62646694701536
43859079767.334;39.796724584683;-0.042744859964064;-8.18907949010169;-11.9345820579248;28.225902916926;-0.00507160329839174;7.62646693154185
43859079767.5941;39.7967245864022;-0.0427448599643722;-8.17973724017809;-11.9262903882233;28.252792051712;-0.00506416940244057;7.62646691574307
43859079767.8522;39.7967245881435;-0.0427448599646835;-8.17091504722958;-11.9185505190877;28.2781843418803;-0.00505610459316287;7.6264668996765
43859079768.1094;39.796724589913;-0.0427448599649991;-8.16254208856633;-11.9112995160963;28.3022836314475;-0.00504735732423529;7.62646688328728
43859079768.3649;39.7967245917023;-0.0427448599653173;-8.15462010550134;-11.9045379708009;28.3250849086305;-0.00503794422474903;7.62646686665705
43859079768.6183;39.7967245935086;-0.0427448599656377;-8.14711972853404;-11.8982389585125;28.3466727056915;-0.00502785633032004;7.62646684981407
43859079768.87;39.7967245953313;-0.0427448599659601;-8.14000383707734;-11.892369842866;28.3671538642872;-0.00501706535618999;7.62646683276698
43859079769.1234;39.7967245971963;-0.0427448599662889;-8.1331438212881;-11.8868261411283;28.3868985529837;-0.00500536354079543;7.62646681527648
43859079769.3753;39.7967245990783;-0.0427448599666197;-8.12660687967894;-11.8816640810096;28.4057133592497;-0.00499284977235472;7.62646679758059
43859079769.6245;39.7967246009672;-0.0427448599669506;-8.12039398184561;-11.8768831783635;28.4235954925029;-0.00497954678819677;7.62646677977509
43859079769.8717;39.7967246028664;-0.0427448599672822;-8.11446303566464;-11.8724502511051;28.4406661035844;-0.00496538065916724;7.62646676183197
43859079770.1189;39.7967246047908;-0.042744859967617;-8.10874344792305;-11.8683154342466;28.4571283759179;-0.00495015829299506;7.62646674361102
43859079770.365;39.7967246067315;-0.0427448599679533;-8.10324208672291;-11.8644877485409;28.4729625416472;-0.00493386196403235;7.62646672519888
43859079770.6106;39.7967246086914;-0.0427448599682915;-8.09793164238964;-11.8609531094917;28.4882472043162;-0.0049163666289902;7.6264667065702
43859079770.8549;39.7967246106648;-0.0427448599686306;-8.09280881400745;-11.8577170880292;28.5029918648147;-0.0048975871731944;7.62646668777741
43859079771.099;39.7967246126586;-0.0427448599689716;-8.08784040454152;-11.8547667429347;28.5172920718281;-0.00487732780251817;7.62646666875896
43859079771.3389;39.7967246146399;-0.0427448599693088;-8.08308876970261;-11.8521491667734;28.5309683516268;-0.00485574772039141;7.62646664982504
43859079771.5731;39.7967246165938;-0.0427448599696396;-8.07856816476966;-11.8498756141197;28.5439796744322;-0.00483289182159737;7.62646663112484
43859079771.8009;39.7967246185136;-0.0427448599699629;-8.07427088218279;-11.8479466106613;28.556348224488;-0.00480869177464941;7.62646661272159
43859079772.0219;39.7967246203944;-0.0427448599702778;-8.07018735501969;-11.8463638519064;28.5681015376984;-0.00478304959312742;7.62646659466571
43859079772.2358;39.7967246222303;-0.0427448599705833;-8.06631118524414;-11.8451318909303;28.5792580291916;-0.00475587294571888;7.62646657701633
43859079772.4418;39.7967246240136;-0.0427448599708781;-8.06264059623192;-11.8442602013152;28.5898228126285;-0.00472706809726342;7.62646655984998
43859079772.639;39.7967246257348;-0.0427448599711608;-8.05917818291012;-11.8437627993187;28.5997884193611;-0.00469654192812827;7.62646654326199
43859079772.8263;39.7967246273815;-0.0427448599714293;-8.05593230375214;-11.8436463595085;28.6091307919354;-0.00466434437429465;7.62646652737242
43859079773.0028;39.7967246289434;-0.042744859971682;-8.05290903169749;-11.8439018612912;28.617832451145;-0.00463067079490388;7.6264665122843
43859079773.1684;39.7967246304191;-0.0427448599719189;-8.05009869091208;-11.8445098899165;28.6259212462756;-0.00459566404518907;7.62646649801303
43859079773.3254;39.7967246318263;-0.042744859972143;-8.04745899574124;-11.8454323325567;28.6335188849716;-0.00455933377377415;7.62646648439228
43859079773.4775;39.7967246331979;-0.0427448599723595;-8.04492331972481;-11.8466497490957;28.6408171331893;-0.0045212547186468;7.62646647110626
43859079773.6318;39.7967246345973;-0.0427448599725783;-8.04237391444284;-11.8482232944102;28.6481548974617;-0.00447968293323435;7.62646645753981
43859079773.7991;39.7967246361253;-0.0427448599728146;-8.03963534752018;-11.8502892214543;28.6560371117341;-0.00443161738091039;7.62646644272134
43859079773.9816;39.7967246378019;-0.0427448599730706;-8.03668333444879;-11.8529473576892;28.6645336722585;-0.00437603571292202;7.62646642645143
43859079774.1763;39.7967246396046;-0.0427448599733417;-8.03356923876303;-11.8562881167669;28.6734967431964;-0.00431282444639152;7.62646640894767
43859079774.378;39.796724641485;-0.0427448599736199;-8.03038392236323;-11.8603568629764;28.682664803515;-0.0042427413528918;7.62646639067637
43859079774.5856;39.7967246434351;-0.042744859973903;-8.02714522877526;-11.8652730638812;28.691986495566;-0.00416517048875977;7.62646637171221
43859079774.7996;39.7967246454612;-0.0427448599741909;-8.02384761363204;-11.8712171911954;28.701477777348;-0.00407882131944566;7.62646635199556
43859079775.0184;39.7967246475481;-0.0427448599744804;-8.02051919242791;-11.8783399963963;28.7110577261704;-0.00398316583689436;7.62646633166992
43859079775.2396;39.7967246496741;-0.0427448599747675;-8.01719658274273;-11.8867751714072;28.7206209484082;-0.00387806636263564;7.62646631094566
43859079775.4633;39.7967246518409;-0.0427448599750512;-8.01387830213938;-11.8967721890463;28.7301717108973;-0.0037622212727423;7.62646628980659
43859079775.6904;39.7967246540567;-0.0427448599753314;-8.01055316190409;-11.9086903151868;28.7397422173346;-0.00363367193928884;7.62646626817127
43859079775.9198;39.7967246563132;-0.0427448599756054;-8.00723490956644;-11.9228965620302;28.7492928992532;-0.00349112593248583;7.62646624611856
43859079776.1499;39.7967246585936;-0.0427448599758698;-8.00394920179664;-11.9397749434185;28.758749910953;-0.0033338362347465;7.62646622381588
43859079776.3811;39.7967246609016;-0.0427448599761232;-8.00068983547791;-11.9599870911936;28.7681311063905;-0.00315947114648889;7.62646620122191
