t;slip_2;slip_3;slip_rate_2;slip_rate_3;shear_stress_2;shear_stress_3;state
0;0;0;-9;-19.9999946455258;25.8553468326107;-2.58556656085691e-10;7.60205999132796
2.75290596933567;2.77553440808252e-09;1.34851577689057e-15;-8.99644476188855;-15.30993534568;25.8655796304482;1.25670004697134e-05;7.60205999122858
4.14266986779145;4.20572982803225e-09;3.9099938889226e-15;-8.98754564300766;-14.7344503767738;25.8911933531755;4.63710931691273e-05;7.60205999099597
4.53699849954151;4.6207732909913e-09;5.25365206062265e-15;-8.97776473384167;-14.4675695141266;25.9193450723868;8.39110669599022e-05;7.60205999082831
4.76767445190194;4.8697976983986e-09;6.46222928045183e-15;-8.96676040699963;-14.2807279182184;25.9510180707319;0.000125946727865771;7.60205999066576
4.9873801291553;5.11536459277412e-09;8.18258714651093e-15;-8.9516714615036;-14.1062224818104;25.9944475464359;0.000182108229303846;7.60205999043272
5.21288402987488;5.37853514163334e-09;1.06991516064944e-14;-8.9329167723945;-13.9523459995991;26.0484278800376;0.000249087704249204;7.60205999008595
5.45239842829069;5.67254754181128e-09;1.43476119298588e-14;-8.91096597869123;-13.8172219984562;26.1116073416433;0.000324024304102821;7.60205998957441
5.71815584936622;6.01840020485835e-09;1.97225095495936e-14;-8.88559427663855;-13.694115204422;26.1846329683027;0.000406935485692081;7.60205998881266
5.99956377975508;6.40795092573637e-09;2.70271709591564e-14;-8.85877231980958;-13.585736242138;26.2618327629539;0.000492448828988327;7.60205998776626
6.28986890825026;6.83584931794802e-09;3.64303268591651e-14;-8.83151405342713;-13.4895810715217;26.3402883566901;0.000578833298692622;7.60205998641462
6.58844947401121;7.30423880041943e-09;4.8225666176881e-14;-8.80445440204623;-13.4033510978248;26.4181722896833;0.000665282458236499;7.6020599847251
6.8952149944288;7.81598803525994e-09;6.27470124425288e-14;-8.777749342556;-13.3247996631189;26.4950356243439;0.000751820541054008;7.60205998266565
7.21020731237747;8.37414467169226e-09;8.03537934212751e-14;-8.75154386948885;-13.2526200005005;26.5704610328325;0.000838152334620005;7.60205998020336
7.53296554631792;8.98087740571118e-09;1.01393025167172e-13;-8.72587990411309;-13.1858474530676;26.6443278560105;0.000923926066693451;7.60205997730969
7.86281226116904;9.63797514677742e-09;1.26213248245857e-13;-8.7006821888289;-13.1235064825056;26.716852702631;0.00100916226399386;7.60205997395842
8.19826470711623;1.03454092088328e-08;1.55111212395587e-13;-8.67594499616385;-13.0647637149182;26.7880520576506;0.00109426476547366;7.60205997013312
8.53853328912094;1.1104327126403e-08;1.884479276082e-13;-8.65162704490031;-13.0088990462742;26.8580447379198;0.00117978369974742;7.60205996581299
8.88323296844904;1.19167321679559e-08;2.26650063525984e-13;-8.62766826953855;-12.9553532339783;26.9270036257805;0.00126620220180379;7.60205996097282
9.2314899213424;1.27833664191727e-08;2.7010661801646e-13;-8.60406394652805;-12.9038445060553;26.9949423166616;0.00135363583899923;7.60205995559482
9.58239275141097;1.37046067924562e-08;3.19200596238261e-13;-8.58081390823146;-12.8541586452433;27.0618612930291;0.00144215827648329;7.60205994966452
9.93497649042743;1.46803501362399e-08;3.74299770200456e-13;-8.55792668164143;-12.8061171909548;27.1277360122007;0.00153187398639135;7.60205994317199
10.2884272035517;1.57105219688858e-08;4.35783860450759e-13;-8.53541919117308;-12.7595661108545;27.192517761762;0.00162294013796029;7.60205993610861
10.641922016781;1.67946174410644e-08;5.04016715458185e-13;-8.51331551529358;-12.7143895023862;27.256137238284;0.00171549841132058;7.60205992846996
10.9948143887179;1.7932317791346e-08;5.79382200910311e-13;-8.49161437902436;-12.6704697699072;27.3185981114215;0.00180968513196749;7.60205992025174
11.3465004242221;1.91231345823873e-08;6.62260144824895e-13;-8.47031017424538;-12.6277161557082;27.3799165226218;0.00190557540254668;7.60205991145221
11.6964339709822;2.0366452231569e-08;7.53025305069398e-13;-8.44940347998797;-12.5860663998626;27.4400908052837;0.00200319221777682;7.60205990207148
12.0440274567524;2.16611749754233e-08;8.5201610065681e-13;-8.42889485162602;-12.5454768140806;27.4991193609047;0.00210250396574126;7.60205989211426
12.3891532250271;2.30077158492843e-08;9.59690606087554e-13;-8.40875784558735;-12.5058645007761;27.5570783001747;0.00220356829464795;7.60205988157474
12.7312497621132;2.44045656575544e-08;1.07635256897884e-12;-8.38899896548489;-12.4672193986482;27.6139489041976;0.00230625902890244;7.60205987046224
13.0700857559222;2.58512945774212e-08;1.20238527719717e-12;-8.36960237524229;-12.4295062696928;27.6697767528626;0.00241047016622893;7.60205985877853
13.4054949524442;2.73476192777316e-08;1.3381797960027e-12;-8.35054912123875;-12.3926927257871;27.7246163990762;0.00251606549180101;7.60205984652479
13.737501181957;2.88940349016757e-08;1.48419736295277e-12;-8.33182000369017;-12.3567411249149;27.7785231042472;0.00262293803447458;7.60205983369605
14.0658476329766;3.04896137901668e-08;1.64075778032499e-12;-8.31341404509853;-12.3216503560829;27.8314996818587;0.00273086541675609;7.60205982029892
14.3907561939399;3.21357311441454e-08;1.80840169479419e-12;-8.29530036121783;-12.2873733616366;27.8836350239003;0.00283972568161;7.60205980632133
14.7120175492776;3.38315618729928e-08;1.98743774360281e-12;-8.27747598671204;-12.2539180024928;27.9349376653284;0.00294920995252581;7.60205979176954
15.0298463585213;3.55784819863743e-08;2.17839537217207e-12;-8.25992021564252;-12.2212562481095;27.9854672026224;0.00305912011114864;7.60205977663135
15.3440628682033;3.73756719779487e-08;2.38155080889715e-12;-8.24263500879534;-12.1894005510186;28.0352179922282;0.00316911789048226;7.60205976091315
15.6549323663574;3.92248501473496e-08;2.597451403988e-12;-8.22559935439073;-12.158324272704;28.0842505109124;0.00327897359936428;7.60205974459963
15.962276978039;4.11250794504849e-08;2.82631365411463e-12;-8.20881959254609;-12.1280514400209;28.1325465104126;0.00338826366141285;7.60205972769836
16.2664304205474;4.30786033156321e-08;3.06871221018458e-12;-8.19227401517952;-12.0985627078361;28.1801684716267;0.00349667197273557;7.60205971018923
16.5671900402388;4.50842182310916e-08;3.32476455227805e-12;-8.17597197624574;-12.0698907743404;28.2270894717961;0.00360368898038416;7.60205969208236
16.8648816932089;4.714422925922e-08;3.59500083756935e-12;-8.15989711221499;-12.0420229951657;28.2733566089746;0.00370895434946618;7.60205967335685
17.1593642955297;4.92577200522848e-08;3.87949127501363e-12;-8.14405928201811;-12.0149919692149;28.3189415069773;0.00381192484193229;7.60205965402035
17.4508815844679;5.1426515014999e-08;4.17862249431702e-12;-8.12844582057335;-11.988802575218;28.3638806189057;0.00391209051089428;7.60205963405601
17.7392885003858;5.36495199949063e-08;4.49231828970492e-12;-8.11306523484023;-11.9634969727496;28.4081494598958;0.00400877061494109;7.60205961347343
18.0248828973342;5.59290532118007e-08;4.82091682304885e-12;-8.09790375776717;-11.9390840621147;28.4517876547897;0.00410137287102764;7.60205959225122
18.3074862385881;5.82636086846345e-08;5.16413292259505e-12;-8.08297309432727;-11.9156096407635;28.4947615141237;0.00418917477788832;7.60205957040285
18.5874116984771;6.06556424970381e-08;5.52225737531248e-12;-8.06827508608794;-11.8930084247557;28.5370657374077;0.00427244004511005;7.60205954790494
18.8644962561884;6.31032566304448e-08;5.89506092709006e-12;-8.0538693703462;-11.8711322813348;28.5785286745107;0.00435288260883108;7.60205952477376
19.1391803058109;6.56096548022115e-08;6.28322054917998e-12;-8.03978337641483;-11.8498230851427;28.6190713772529;0.0044321640733277;7.60205950097865
19.411254974371;6.81717666239594e-08;6.68665729603497e-12;-8.02609002845945;-11.828912655593;28.6584839527055;0.00451263892447442;7.60205947654735
19.6812620111902;7.07933204565044e-08;7.1065731914342e-12;-8.01281630251922;-11.8082127680896;28.6966887571751;0.00459658527887784;7.60205945144447
19.949030758449;7.3470900232152e-08;7.54322597572715e-12;-8.0000174677322;-11.7876236530133;28.733526713035;0.0046857892175287;7.60205942570238
20.2150223527025;7.62072600106467e-08;7.99798203599724e-12;-7.9876947143253;-11.7670894171047;28.7689943943159;0.00478112368538348;7.60205939929598
20.4790030645242;7.89978860320853e-08;8.4710852224545e-12;-7.97587055606797;-11.746616322469;28.8030270011132;0.0048830634234594;7.60205937226966
20.7414503082691;8.18457016899546e-08;8.96413364900338e-12;-7.96453014257925;-11.7261524389229;28.8356672760279;0.00499238085851736;7.60205934459712
21.0022114888079;8.47467698927218e-08;9.47768362105483e-12;-7.95368499956077;-11.705660228625;28.866882045241;0.00511004410492852;7.60205931631784
21.2616746032362;8.7703117769764e-08;1.00134968073015e-11;-7.94332009008615;-11.6850622294776;28.8967145881718;0.00523728646272836;7.60205928741419
21.5198604133942;9.07126896214253e-08;1.05727520698745e-11;-7.93342765355003;-11.6643222903618;28.9251872413879;0.00537503803962206;7.60205925790815
21.7768803029196;9.37744819744826e-08;1.11569377509822e-11;-7.9239909985296;-11.6434158247423;28.9523480464048;0.00552406734776375;7.60205922781173
22.0329066909942;9.6888325180696e-08;1.17678504248958e-11;-7.91498798897982;-11.6223055943507;28.9782607155487;0.00568531732868801;7.60205919712889
22.2879399270934;1.00052027146088e-07;1.2407027791259e-11;-7.90640121735831;-11.6009753937032;29.0029753514417;0.00585960548895568;7.60205916588333
22.5419994380216;1.03263644844506e-07;1.30762055978826e-11;-7.8982116151864;-11.5793939286329;29.0265468371732;0.00604801778117053;7.60205913409641
22.7952402880056;1.06523050157998e-07;1.37776750150031e-11;-7.89039539332865;-11.5575250212563;29.0490436428793;0.00625175875725909;7.60205910177167
23.0476810744923;1.09828465868033e-07;1.45135978494422e-11;-7.88293343767802;-11.5353272460046;29.0705207827953;0.00647230543140035;7.60205906892878
23.2993642408661;1.13178489103398e-07;1.52864429657108e-11;-7.87580634982021;-11.5127617021884;29.0910340893581;0.00671125602527808;7.6020590355837
23.5504045481388;1.16572784996769e-07;1.6099234272326e-11;-7.86899375912475;-11.4897644079442;29.1106421930413;0.00697077616323827;7.60205900174176
23.8008264715661;1.2000989449759e-07;1.69550668070174e-11;-7.86247897864288;-11.4662835546525;29.1293931217062;0.00725315336721551;7.6020589674193
24.0506639720227;1.23488551192313e-07;1.78574654211281e-11;-7.85624605550971;-11.4422592066107;29.1473327901083;0.00756111195299188;7.60205893263071
24.2998040203313;1.27005453038453e-07;1.88098134292219e-11;-7.85028329664104;-11.4176478665507;29.1644948521971;0.00789750462044634;7.60205889741059
24.5482753630679;1.30559313146568e-07;1.9816473576001e-11;-7.84457597840179;-11.3923934314871;29.1809216841711;0.0082657364139517;7.60205886177351
24.7962021578331;1.34150312998176e-07;2.08828497704813e-11;-7.8391080786356;-11.3664130243842;29.1966593991214;0.00867018207411967;7.60205882571933
25.0435623206035;1.37776599435988e-07;2.20144385111964e-11;-7.83386765228746;-11.339641140432;29.2117423748739;0.00911557300697285;7.60205878926812
25.2904531751762;1.41438141642275e-07;2.32181533957467e-11;-7.82884095834692;-11.3119813720906;29.2262101575566;0.00960797997227657;7.6020587524217
25.5368471139178;1.45133124664655e-07;2.4501283549517e-11;-7.82401757278728;-11.2833593089484;29.240092745517;0.0101539965064962;7.60205871519964
25.7828711343805;1.48862128120051e-07;2.5873091749883e-11;-7.8193847255613;-11.2536841167052;29.2534268882397;0.0107616126866356;7.60205867759748
26.0284225636384;1.52622300813654e-07;2.73429240128003e-11;-7.81493467508576;-11.2228746903903;29.2662348607568;0.0114400214345564;7.6020586396451
26.2735848767138;1.56413678013325e-07;2.89228306903517e-11;-7.81065671618827;-11.1908222755505;29.278547465792;0.0122006780687037;7.60205860134338
26.5183863336878;1.60235515339868e-07;3.06266449286914e-11;-7.80654180053828;-11.1573917550411;29.2903907343271;0.0130579562958079;7.60205856270096
26.7628378086674;1.6408684730765e-07;3.2470609457723e-11;-7.80258170756867;-11.1224400994691;29.3017883110225;0.0140292913554851;7.60205852372866
27.0068656426605;1.67965397202896e-07;3.44732050838819e-11;-7.7987699823529;-11.0858461018162;29.3127587538952;0.0151349354930722;7.60205848445049
27.2506094366068;1.71872332932517e-07;3.66584368393654e-11;-7.79509729977761;-11.0474360637786;29.3233288742482;0.0164011578042287;7.60205844485569
27.4939779805158;1.75805171522146e-07;3.9053030451949e-11;-7.79155832110553;-11.0070326239803;29.3335139995787;0.0178603427669896;7.60205840497027
27.7369663251082;1.79762833931636e-07;4.16905708858722e-11;-7.78814669639842;-10.9643863161584;29.3433323516337;0.0195555399970228;7.60205836480606
27.9797090329979;1.83746578687448e-07;4.46057797572896e-11;-7.78485468757787;-10.9204765154382;29.3528061683582;0.0214796795949714;7.60205832435123
28.2223220200001;1.87757434200197e-07;4.77572534727528e-11;-7.78167702759108;-10.8864003555203;29.3619509945846;0.0230707430123133;7.60205828359605
28.4661122607581;1.91816444758335e-07;5.10838423931444e-11;-7.77859613526614;-10.8650171795384;29.3708176876418;0.0240710476859098;7.60205824232782
28.7125954810014;1.95948741924836e-07;5.445408723766e-11;-7.77559581384331;-10.8641259062722;29.3794533323643;0.0239614788429929;7.60205820029175
28.9632527549996;2.00179480212842e-07;5.77384338199904e-11;-7.77266415136931;-10.8826313322164;29.3878921477344;0.0228139905063242;7.6020581572322
29.2192618886685;2.0452919915528e-07;6.08197767117415e-11;-7.76979426408902;-10.9195154306812;29.3961536973809;0.0208242487477754;7.60205811293987
29.4828542717176;2.09036972464957e-07;6.35919982798023e-11;-7.7669707886315;-10.9781049183848;29.4042819824812;0.0180832484477846;7.60205806701677
29.7565378201642;2.13747508036591e-07;6.60454777331163e-11;-7.76417840434306;-11.0474662667336;29.412320542777;0.0153193884280455;7.60205801900696
30.0447205090615;2.187395669662e-07;6.81707174895282e-11;-7.7613881858317;-11.1322599576705;29.4203526282175;0.012524952917181;7.60205796810744
30.3531434396233;2.24117035549341e-07;6.99245561014833e-11;-7.75856877762991;-11.2451570322761;29.428468509371;0.0095979704138589;7.60205791325819
30.691214850714;2.30050906955296e-07;7.12726352591821e-11;-7.75567031592827;-11.3992930520998;29.4368116334317;0.00668756525332037;7.60205785271467
31.081404035316;2.36948715651683e-07;7.21718503745067e-11;-7.75256408181289;-11.6374116287576;29.4457524763501;0.00383861989717211;7.60205778232272
31.5752592665588;2.45751531490765e-07;7.24677408659246e-11;-7.74897804225051;-12.2224686493402;29.4560740171076;0.000990111843243263;7.60205769249606
32.3706433474928;2.6009459926455e-07;7.14168161054063e-11;-7.74393484408498;-11.8790052701932;29.4705892295964;-0.00215932688995961;7.60205754627947
34.0004431007116;2.90036709331218e-07;6.62927362281759e-11;-7.73585184522067;-11.5025183565397;29.4938531768171;-0.00504736837947691;7.6020572417284
40.1669032023999;4.07973963002183e-07;4.10684625886727e-11;-7.71838491544419;-11.3882172567619;29.5441250254976;-0.00631886084241007;7.60205605044689
81.1510112979723;1.25852079185874e-06;-1.48359186307652e-10;-7.68291725861013;-11.3351721193208;29.6461963634394;-0.00660258681276229;7.6020475454697
417.22499053121;9.29277180290543e-06;-1.96510383871877e-09;-7.62148949210731;-11.267140997691;29.8228812558664;-0.00674369769709604;7.60196842494486
2764.99801101639;8.06072992227466e-05;-1.87766514644669e-08;-7.51747809899076;-11.1450484123441;30.1212336422568;-0.0071007208803602;7.60128930124856
13854.9753814861;0.000599087758647859;-1.49937891433569e-07;-7.33019826668202;-10.9271251462154;30.6534304442859;-0.00775447150088764;7.59672063156621
56600.43056785;0.00665986987684063;-1.89043861505239e-06;-6.84836127450116;-10.3902157379627;31.9814252073496;-0.0091842426654254;7.5574044861499
197974.395439087;0.116451467732893;-3.9088575162433e-05;-6.109800332428;-9.57984825377099;32.8639170315463;-0.0111345175504598;6.72672650560957
613491.683734786;0.248466205820336;-7.80859366144569e-05;-6.4979666796248;-10.0275538742423;29.2800610604262;-0.0086493761306745;5.0786608458582
1722963.8247116;0.363979107012278;-0.000106007632526398;-6.98248590988251;-10.5991746085086;28.5117527592551;-0.00689184049786375;5.4970895466024
4529312.76952404;0.481388469741751;-0.000132097859847665;-7.37843893994004;-11.031663807673;27.9782111394666;-0.00621720339589122;5.902054446624
11884061.0966082;0.610921178217152;-0.000158177431615446;-7.75418836960981;-11.4502673602398;27.4731210982302;-0.00553132287434793;6.28717596030664
35977685.158929;0.775251277276214;-0.000186586732075566;-8.16618501262957;-11.9284415897228;26.9220990490619;-0.00465427821976189;6.71131443894457
101074609.114596;0.969091587136993;-0.000213897277590851;-8.52611637184104;-12.3772300921524;26.4443975410769;-0.00372580359156758;7.08431605938106
210515600.146679;1.15782139993529;-0.000235407278302372;-8.76333950797782;-12.7065395923513;26.1308639731309;-0.00297819880346842;7.33102832989032
365828190.093246;1.34100407716527;-0.000252032879110826;-8.92832225994909;-12.970429313331;25.9143558831925;-0.00235197859665115;7.50364393137601
563122879.790071;1.51997464730485;-0.000264252354380118;-9.04233377450452;-13.2080628393547;25.7672059292092;-0.00175929335960186;7.62457925315783
792388247.915318;1.69558898188516;-0.000272330151616267;-9.11577849450973;-13.4530455093824;25.6754504756722;-0.00118100315321602;7.70451309725677
1038418987.28447;1.86662362542339;-0.000276370457046303;-9.15790528490922;-13.7845751745741;25.6253951400413;-0.000605341824260267;7.7520819026695
1296299540.3926;2.03746067695801;-0.000276432974051978;-9.17883652566511;-15.6154204242218;25.6026621758426;-9.36917233211988e-06;7.77714535965168
1554920839.32718;2.20607814611628;-0.000272559436233081;-9.18576172210891;-13.8245564881234;25.5972230798541;0.000588028109741766;7.78682894266577
1806223424.63935;2.37044402564018;-0.000265050842633319;-9.18438528848915;-13.5246383575703;25.6016646287631;0.00116954014867067;7.78714956790346
2045295193.38954;2.52894118271489;-0.000254360564846829;-9.17850681785581;-13.3495393041619;25.6112739836145;0.00172742299233608;7.78226528256971
2272378126.78771;2.68233807979725;-0.000240908094665744;-9.17036792091427;-13.2273824576356;25.6233466550597;0.00224709438960628;7.77467988266723
2490401677.4947;2.83279615353928;-0.000224877007720369;-9.16108791082578;-13.133540438697;25.6366235609728;0.0027315446161863;7.76570464234352
2699826073.0295;2.98062274365224;-0.000206554742234772;-9.1512747113721;-13.0580480989222;25.6504273432985;0.00317922465264072;7.7560560707559
2901309320.26668;3.12614537295384;-0.000186268130679217;-9.14130840866376;-12.9970294281301;25.6642956290667;0.00357773632027188;7.7461561680509
3093321737.08522;3.26799291479739;-0.00016456718394705;-9.13150749996155;-12.9468506330971;25.6778650697287;0.00392840069578748;7.73637465798853
3276172227.3601;3.40608387375647;-0.000141807436235984;-9.12193088360492;-12.9049286854942;25.6911058957727;0.00423433288474279;7.72680491532905
3450742107.79049;3.54077111242494;-0.000118307275086766;-9.11264286526134;-12.8708984740498;25.7038985321358;0.0044848031902651;7.71749070909161
3617293053.43824;3.67192772944834;-9.43842306073789e-05;-9.10375689667842;-12.8427306551402;25.7160998616086;0.00469063181704242;7.7085545928469
3774891368.19999;3.7984951080133;-7.04323734413729e-05;-9.09522978397346;-12.8182123760144;25.7278796319129;0.00486879403772639;7.7000269189499
3922941824.88142;3.91970576466986;-4.68794455195891e-05;-9.08686894734773;-12.798364848342;25.739540671933;0.00500155318771699;7.69173967278725
4061077425.10922;4.0349292650122;-2.41766790972595e-05;-9.07876455472814;-12.7842268382025;25.7507851569701;0.00507373980892199;7.68366726168944
4190362570.43935;4.14461053651436;-2.35735466075738e-06;-9.07141615150373;-12.7727073279977;25.7606739808955;0.00512467165628206;7.67614289511674
4312268888.91857;4.24951515406859;1.87724739719302e-05;-9.06523161113032;-12.7611302411031;25.7687357806608;0.00519032416132629;7.66963601058706
4426180248.66783;4.34882092346839;3.90026572257344e-05;-9.05959255544596;-12.750567219206;25.7765328992428;0.00525109454718559;7.66400128904226
4527212958.3772;4.4383228755027;5.74284742105511e-05;-9.05262949360942;-12.7390352477751;25.78757758151;0.00530890303729362;7.65799024607478
4610714916.72695;4.51398377531001;7.31353359130015e-05;-9.04282515910649;-12.7256072411695;25.8041222531266;0.00535681944855535;7.65019000825535
4678219569.37325;4.577016777879;8.59365229746361e-05;-9.0297657117097;-12.722083462991;25.8264675519425;0.00524502131898004;7.64000557911664
4723733015.55801;4.62089652884289;9.41159616016689e-05;-9.01587556653327;-12.7454162225354;25.8508900362082;0.00481875498061314;7.62961147788121
4748845530.51427;4.64576972794579;9.82121758378088e-05;-9.00415856212667;-12.7875075458076;25.8725741956094;0.00426079517585292;7.62156688504474
4759492609.11398;4.65648802606864;9.98541136448242e-05;-8.9971046276532;-12.8118737571847;25.8863992324506;0.00396554164663734;7.61723873067379
4762718279.15602;4.65975554258626;0.000100355825327828;-8.9944021491211;-12.8081657265282;25.8919521291653;0.00397558659885134;7.61575179967058
4764201784.41987;4.66126323345625;0.000100594548205742;-8.99297678672602;-12.7933950501986;25.8949736848722;0.00410012607000319;7.61502956888478
4765044803.86759;4.66212177505726;0.000100737028751247;-8.99207624959807;-12.7720820243233;25.896931472558;0.00429776369459803;7.61460587382999
4765563606.43491;4.66265087627899;0.000100830163913285;-8.9914633521992;-12.7458884420538;25.898296751553;0.00455875353410021;7.6143394581732
4765897480.91429;4.66299172282078;0.000100894482214435;-8.99102433179796;-12.715248659016;25.8992996543388;0.00488724029893051;7.61416531109317
4766110820.37497;4.66320967746818;0.000100938965944497;-8.99070505903416;-12.6808699961878;25.9000499964345;0.00528610353730782;7.61405271240144
4766245937.55103;4.66334779370525;0.000100969712577479;-8.990465822298;-12.6429129961476;25.9006307558306;0.00576584770019961;7.61398073852897
4766328645.99688;4.66343237378435;0.00010099040122083;-8.99028177323055;-12.6018178472997;25.9010939323075;0.00633551659488628;7.61393635184496
4766377171.78253;4.66348201460322;0.000101003836107849;-8.99013363857447;-12.5577385569168;25.9014809109764;0.00701002678083896;7.61391014599945
4766403719.51509;4.6635091801858;0.000101012016320854;-8.99000841069033;-12.5112628214119;25.9018195547705;0.00779966343599313;7.61389572996629
4766417069.31285;4.66352284423946;0.000101016617035734;-8.98989512787011;-12.4626493670768;25.9021344242831;0.00872130176422138;7.61388844388792
4766423048.6195;4.66352896586319;0.000101018934003494;-8.98978419498454;-12.4117308361334;25.9024484380501;0.00980379398983834;7.613885164398
4766425207.39498;4.6635311765815;0.000101019872907954;-8.98967406754699;-12.3615860748498;25.9027631717896;0.0110010487071042;7.61388397448648
4766425869.14579;4.66353185444793;0.000101020197495846;-8.98955035635984;-12.3093621626052;25.9031180895335;0.0124033854237459;7.61388360784529
4766426013.85774;4.66353200273532;0.000101020278172331;-8.98940015740653;-12.2537574412642;25.903549453788;0.0140929526845095;7.61388352719246
4766426036.4471;4.66353202589267;0.000101020292594173;-8.98921519387862;-12.1948831241169;25.9040806702595;0.0161324472472934;7.61388351450941
4766426041.48471;4.66353203105967;0.000101020296316695;-8.98898539075268;-12.1313873489336;25.9047404752683;0.0186628208653429;7.61388351165322
4766426044.08332;4.66353203372673;0.000101020298557784;-8.98870917667529;-12.0642818158189;25.9055331749816;0.0217680685296229;7.6138835101624
4766426045.85561;4.66353203554695;0.000101020300333198;-8.98841034618426;-11.999236227917;25.9063902524972;0.0252685907534408;7.61388350913239
4766426047.1746;4.66353203690258;0.000101020301853834;-8.9881016781413;-11.9382160421306;25.9072748853588;0.0290607868554941;7.61388350835547
4766426048.26731;4.66353203802649;0.000101020303299083;-8.98777300592279;-11.8785625470886;25.9082160047719;0.0333156252337809;7.61388350770285
4766426049.2064;4.66353203899316;0.000101020304718708;-8.98742829855009;-11.8205304716916;25.9092019468504;0.0380497548445945;7.61388350713384
4766426050.03292;4.66353203984466;0.000101020306141311;-8.98707045570816;-11.7641742660323;25.9102240762818;0.0432879838139197;7.61388350662553
4766426050.7675;4.66353204060208;0.000101020307574387;-8.98670394965041;-11.7097697511046;25.9112692385779;0.0490255963947405;7.61388350616691
4766426051.43777;4.66353204129378;0.000101020309052864;-8.98632515156698;-11.6564309709665;25.9123473117979;0.0553861192778227;7.61388350574199
4766426052.05147;4.66353204192768;0.000101020310579099;-8.98593709436621;-11.6043339784598;25.9134490790391;0.0623919181099716;7.61388350534686
4766426052.63351;4.66353204252945;0.000101020312212507;-8.98552853956631;-11.5518630484275;25.914605620751;0.0703412521713078;7.61388350496611
4766426053.1792;4.66353204309418;0.000101020313938987;-8.98510579271154;-11.4997833491559;25.9157979757245;0.0792295208229602;7.61388350460328
4766426053.70066;4.66353204363438;0.000101020315800988;-8.9846622404327;-11.4472407099599;25.9170433585628;0.0893319852944884;7.61388350425071
4766426054.19611;4.66353204414818;0.000101020317791229;-8.98420235642114;-11.3960916224999;25.9183284741628;0.100396303663777;7.61388350390992
4766426054.67427;4.66353204464461;0.00010102031993426;-8.98372230263368;-11.3485500174231;25.9196653801916;0.11189267994026;7.61388350357517
4766426055.12761;4.66353204511579;0.000101020322169769;-8.98323390409746;-11.3070462137181;25.921023299505;0.122981513310256;7.6138835032521
4766426055.56548;4.66353204557142;0.000101020324509741;-8.98273151240052;-11.2721278720261;25.9224215927601;0.133131004825952;7.61388350293441
4766426055.98646;4.66353204601;0.000101020326908188;-8.98221962545315;-11.2443407304441;25.9238513529602;0.141768066915092;7.6138835026234
4766426056.39556;4.66353204643671;0.00010102032935813;-8.98169354465635;-11.2226681220821;25.9253277739577;0.148850287721113;7.61388350231563
4766426056.79167;4.66353204685039;0.000101020331819823;-8.98115557640355;-11.2065866645613;25.9268459645634;0.154283186251021;7.61388350201213
4766426057.18187;4.66353204725841;0.000101020334308235;-8.98059645059325;-11.1953561768927;25.9284332205402;0.158130829141684;7.61388350170758
4766426057.55579;4.66353204764993;0.000101020336729819;-8.98003151015608;-11.1886851982135;25.9300461301501;0.160379775543725;7.61388350141022
4766426057.92484;4.66353204803687;0.000101020339135845;-8.97944374583762;-11.1857848568249;25.9317327645379;0.16124654817552;7.61388350111118
4766426058.2881;4.66353204841827;0.000101020341501578;-8.97883345819605;-11.1862522040887;25.9334916413719;0.160857845477937;7.61388350081112
4766426058.64572;4.6635320487943;0.000101020343812253;-8.97819931396636;-11.1896855252801;25.9353256314025;0.159369604121598;7.61388350050988
4766426058.98683;4.66353204915349;0.000101020345986958;-8.9775610352244;-11.1954871401501;25.9371763294367;0.157035047271697;7.61388350021685
4766426059.32869;4.66353204951404;0.000101020348126321;-8.97688575197393;-11.2035672235027;25.9391377962362;0.15391256104535;7.61388349991726
4766426059.66335;4.66353204986757;0.000101020350173378;-8.97618715416219;-11.2134757076679;25.9411692075736;0.150210742543076;7.61388349961793
4766426059.99395;4.66353205021739;0.000101020352142565;-8.97545744931847;-11.2250145128959;25.9432921709777;0.146038721781478;7.613883499316
4766426060.31515;4.66353205055784;0.000101020354000547;-8.97470763800001;-11.2377267792453;25.9454737861404;0.141593222019046;7.61388349901638
4766426060.63318;4.66353205089556;0.000101020355782217;-8.97392208912786;-11.2516426546764;25.9477588182655;0.13689238404691;7.61388349871324
4766426060.94621;4.66353205122858;0.000101020357476752;-8.97310333974685;-11.2665331029951;25.9501393235978;0.132041342303689;7.61388349840821
4766426061.25669;4.66353205155957;0.000101020359097231;-8.97224280367697;-11.2824035166445;25.9526398259437;0.127063503712419;7.61388349809873
4766426061.55838;4.66353205188182;0.000101020360613292;-8.9713565870364;-11.2988418254779;25.9552132366226;0.122106663000502;7.613883497791
4766426061.85435;4.66353205219864;0.00010102036204314;-8.97043510580422;-11.3159520432733;25.9578872301931;0.117152727446006;7.61388349748197
4766426062.14771;4.66353205251337;0.000101020363403004;-8.96946643614207;-11.3339064952234;25.9606962589649;0.112169885579447;7.61388349716824
4766426062.43624;4.66353205282363;0.000101020364684205;-8.96845552325743;-11.3525728471524;25.9636258573301;0.107213140674699;7.61388349685203
4766426062.71963;4.66353205312911;0.000101020365887731;-8.96740173761266;-11.3719321260385;25.9666777767383;0.102302441935426;7.61388349653358
4766426062.99858;4.66353205343057;0.000101020367018752;-8.96630041684145;-11.3920491104356;25.9698654667518;0.0974363498810976;7.61388349621204
4766426063.27406;4.66353205372907;0.000101020368083083;-8.9651450036093;-11.4130170483163;25.9732078446158;0.0926090749521149;7.6138834958861
4766426063.54705;4.66353205402571;0.000101020369085878;-8.96392812731748;-11.4349425722425;25.9767261626574;0.0878152559107304;7.61388349555433
4766426063.81628;4.66353205431911;0.00010102037002419;-8.96265168795709;-11.4577682764547;25.9804148742982;0.0830863141637424;7.61388349521803
4766426064.08132;4.66353205460885;0.000101020370898793;-8.96131423831096;-11.4815042673047;25.9842781366426;0.0784369372486531;7.61388349487752
4766426064.34241;4.66353205489518;0.000101020371712691;-8.95991189029379;-11.5062140488403;25.9883271698775;0.0738713723046012;7.61388349453232
4766426064.59885;4.66353205517737;0.000101020372466209;-8.95844487962056;-11.531889450309;25.9925612931178;0.0694071970373082;7.61388349418318
4766426064.85209;4.66353205545703;0.000101020373165678;-8.95690102299458;-11.5587649095844;25.9970156763849;0.065021893058931;7.61388349382792
4766426065.10064;4.66353205573253;0.000101020373809311;-8.95528550301797;-11.586773973386;26.0016753746916;0.060745325220723;7.6138834934684
4766426065.34404;4.66353205600338;0.000101020374398708;-8.95359896157295;-11.6159173632816;26.0065385593701;0.0565931868258359;7.61388349310518
4766426065.58226;4.66353205626954;0.000101020374936818;-8.95184115060233;-11.6461039970947;26.0116059539536;0.0525901391378923;7.6138834927383
4766426065.81527;4.66353205653097;0.000101020375426836;-8.95001212105172;-11.6771647027806;26.0168774273766;0.0487643667807277;7.61388349236777
4766426066.04304;4.66353205678765;0.000101020375872049;-8.9481111349168;-11.7089344229215;26.0223551453116;0.0451360252421778;7.61388349199365
4766426066.26552;4.66353205703951;0.00010102037627585;-8.94613867366443;-11.7411280359678;26.0280377624505;0.041730353710537;7.61388349161608
4766426066.48262;4.66353205728643;0.0001010203766416;-8.94409442899617;-11.773469030272;26.0339262283876;0.038562489985282;7.61388349123532
4766426066.69424;4.6635320575283;0.000101020376972683;-8.94197812287874;-11.8056206510272;26.0400214099842;0.0356450155758013;7.61388349085165
4766426066.90026;4.66353205776496;0.000101020377272328;-8.93978888505399;-11.8373104430556;26.0463258923824;0.0329780454461112;7.61388349046545
4766426067.10043;4.66353205799609;0.000101020377543406;-8.93752667950723;-11.8682876539165;26.0528398592471;0.0305558307345049;7.61388349007745
4766426067.29448;4.66353205822138;0.000101020377788643;-8.93519063423368;-11.8983418297624;26.0595658973159;0.0283671680434462;7.61388348968841
4766426067.48149;4.66353205843969;0.000101020378009799;-8.93278954270434;-11.9271663794959;26.0664787588985;0.0264061770486408;7.61388348930065
4766426067.6607;4.66353205865008;0.000101020378208791;-8.93033552866795;-11.9545268577786;26.0735436089749;0.0246608891046705;7.61388348891635
4766426067.83141;4.66353205885164;0.000101020378387456;-8.92784660226297;-11.9802042083093;26.0807086623574;0.0231186133579528;7.61388348853792
4766426067.99312;4.66353205904368;0.000101020378547671;-8.92534406014725;-12.0040541522648;26.0879126693813;0.0217635250611579;7.61388348816749
4766426068.14823;4.66353205922896;0.000101020378693638;-8.9228070834697;-12.0263815073089;26.0952156075194;0.0205582652724869;7.6138834878006
4766426068.30062;4.6635320594121;0.000101020378830178;-8.92018422160006;-12.0476953594231;26.1027656129096;0.019461458562114;7.61388348742839
4766426068.45949;4.66353205960428;0.000101020378965653;-8.91731620853692;-12.0691684528919;26.1110211478936;0.0184065168255747;7.61388348702726
4766426068.63342;4.66353205981629;0.000101020379106474;-8.91402464584004;-12.0917123085323;26.1204957170138;0.017349771206319;7.61388348657188
4766426068.82166;4.66353206004773;0.000101020379250971;-8.91028081758813;-12.11486520565;26.1312719572043;0.0163145899134781;7.61388348605888
4766426069.01856;4.66353206029212;0.000101020379394404;-8.90614969786725;-12.1375811026806;26.1431628366329;0.0153435807463843;7.61388348549848
4766426069.22181;4.66353206054704;0.000101020379535241;-8.90163595687618;-12.1593195165684;26.1561549128585;0.0144507484501548;7.61388348489273
4766426069.43085;4.66353206081221;0.000101020379673422;-8.89670711956385;-12.1797839725003;26.1703416636037;0.0136374301638944;7.61388348423881
4766426069.64316;4.66353206108484;0.000101020379807826;-8.89137739620766;-12.1985464468578;26.1856821929563;0.0129090666186939;7.61388348354015
4766426069.85989;4.66353206136691;0.00010102037993976;-8.88556841214176;-12.2155670358925;26.2024020925393;0.0122558230826131;7.61388348278817
4766426070.07866;4.66353206165579;0.000101020380068418;-8.87929102894083;-12.2305590242469;26.2204701054547;0.0116781077644451;7.61388348198612
4766426070.3007;4.66353206195361;0.000101020380195145;-8.87245221953686;-12.2435491434063;26.2401539942581;0.0111652758067341;7.61388348112407
4766426070.52458;4.6635320622591;0.00010102038031977;-8.86502901556158;-12.254421184865;26.2615198724191;0.0107134090666355;7.61388348020132
4766426070.75055;4.66353206257323;0.000101020380443044;-8.85694095613646;-12.2631813240682;26.2847993308569;0.0103148828015051;7.6138834792102
4766426070.9783;4.66353206289633;0.000101020380565401;-8.84811523257319;-12.2698134403932;26.3102019342925;0.00996382230107533;7.6138834781444
4766426071.20754;4.66353206322885;0.000101020380687296;-8.83846697900615;-12.2743048953907;26.3379719500539;0.0096548251802273;7.61388347699652
4766426071.43833;4.66353206357189;0.000101020380809358;-8.82788302701761;-12.2766397698504;26.3684351062348;0.00938269531223252;7.61388347575624
4766426071.67028;4.663532063926;0.000101020380931994;-8.81625262720246;-12.2767826106768;26.401910167708;0.00914335044295813;7.61388347441401
4766426071.90356;4.66353206429283;0.00010102038105593;-8.80341588526106;-12.2746806719456;26.4388573494855;0.00893260016715836;7.61388347295521
4766426072.13798;4.66353206467372;0.00010102038118175;-8.78920260473036;-12.2702510963176;26.4797665180798;0.00874713158703537;7.61388347136466
4766426072.3733;4.66353206507022;0.000101020381310063;-8.77341428999706;-12.2633793674394;26.5252089911993;0.00858407961492242;7.61388346962471
4766426072.60969;4.66353206548502;0.000101020381441808;-8.75578064845756;-12.2538899509923;26.575962734725;0.00844072407627944;7.61388346771047
4766426072.84674;4.66353206592037;0.000101020381577729;-8.73601812962049;-12.2415671420868;26.6328438734695;0.00831512018330513;7.61388346559637
4766426073.08488;4.66353206638076;0.00010102038171923;-8.71370418487338;-12.2260746335185;26.6970686009332;0.00820527476928117;7.61388346324259
4766426073.32355;4.66353206686985;0.0001010203818674;-8.6884080090251;-12.2070316533655;26.7698768746532;0.00811003501649357;7.61388346060898
4766426073.56303;4.66353206739439;0.000101020382024221;-8.65949243192663;-12.1838674731753;26.85310261822;0.00802822305288019;7.61388345763373
4766426073.80312;4.66353206796213;0.000101020382191901;-8.62621142897341;-12.1558827783529;26.9488930633428;0.00795920300248694;7.61388345424184
4766426074.04381;4.66353206858345;0.000101020382373351;-8.58814020941223;-12.122701287467;27.058470856359;0.00790209364051734;7.61388345033164
4766426074.2851;4.66353206926959;0.000101020382571647;-8.54613756802972;-12.0852325524199;27.1793641874982;0.00785496598255819;7.61388344578502
4766426074.52691;4.66353207003207;0.000101020382789874;-8.50125029191553;-12.0445689980099;27.3085601615791;0.00781591983901186;7.61388344047758
4766426074.76965;4.66353207088212;0.000101020383030955;-8.45568403328965;-12.0029687309306;27.4397104015;0.00778206449706733;7.61388343427956
4766426075.01357;4.66353207182923;0.000101020383297254;-8.41084635595538;-11.9618785827182;27.5687636131793;0.00775148771026588;7.61388342708411
4766426075.2598;4.66353207288481;0.00010102038359162;-8.36785791237403;-11.9224603774293;27.6924942997485;0.00772253010377877;7.61388341876729
4766426075.50917;4.66353207405673;0.000101020383915866;-8.32794980992324;-11.8859727759527;27.8073590494913;0.00769372711573024;7.61388340923639
4766426075.76378;4.66353207536053;0.00010102038427387;-8.29066393724422;-11.8519885235425;27.9146764128216;0.00766492679772334;7.61388339835326
4766426076.02555;4.66353207681411;0.000101020384670069;-8.25547835741734;-11.8200031869151;28.0159486447478;0.00763625641800216;7.61388338594979
4766426076.29613;4.66353207843432;0.000101020385108541;-8.22271896297488;-11.7903472650274;28.1102377509598;0.00760739937857759;7.61388337185241
4766426076.58107;4.66353208026474;0.000101020385600446;-8.19221024154007;-11.7628799959059;28.1980488962322;0.00757790759027833;7.6138833556568
4766426076.88252;4.66353208233084;0.000101020386151918;-8.16405597874774;-11.7376831813497;28.2790833610203;0.00754810834758466;7.61388333710443
4766426077.21257;4.66353208473551;0.000101020386789457;-8.13752169523372;-11.7140713843172;28.3554551455951;0.00751773363016505;7.61388331524456
4766426077.58669;4.66353208762552;0.000101020387550557;-8.11211010283106;-11.6915676277098;28.4285955583219;0.00748682841786899;7.61388328869302
4766426078.05412;4.66353209145793;0.000101020388552801;-8.08625144496195;-11.668749656101;28.5030227159266;0.00745405697216141;7.61388325319002
4766426078.77077;4.66353209774499;0.000101020390183757;-8.0568588282996;-11.6428640921751;28.5876213915894;0.00741605185565382;7.61388319462035
4766426080.18104;4.66353211110636;0.000101020393618669;-8.02345199586675;-11.6133874475504;28.6837738102833;0.00737396101915468;7.61388306922292
4766426084.97888;4.66353216027496;0.000101020406155568;-7.98935739730493;-11.5828551361302;28.7819052658225;0.00733874505194666;7.61388260117845
4766426115.38655;4.6635324957135;0.000101020490407406;-7.95737024499634;-11.5574038173372;28.8739668878518;0.00725225192120133;7.61387937422724
4766426367.70991;4.66353554730499;0.000101021247290441;-7.91743105299252;-11.5229286770822;28.9888770703925;0.00719008076076715;7.61384992515965
4766428432.75783;4.66356377824101;0.000101028087159462;-7.86420485785029;-11.4798823503405;29.1416690741848;0.00706052393562007;7.61357909615208
4766444871.61578;4.66385234351725;0.000101092346244832;-7.75562757235862;-11.4079371028067;29.450198976841;0.00655811009173547;7.61091933419445
4766517083.54174;4.66597820037653;0.000101472638466047;-7.53107490944892;-11.2784914860747;30.0702213249769;0.00537922918477387;7.59335210486722
4766775269.33767;4.70413096070186;0.000106662852900779;-6.83040638159342;-10.6967470447396;31.7755439057844;0.00432267246838649;7.38531493956768
4767548001.06148;4.84878606887358;0.000141732537967691;-6.7276949677883;-10.3430968763377;29.589035090025;0.00717346352407532;5.72689057182943
4769631988.18818;4.96531381762119;0.00017467161602558;-7.25246567568853;-10.8011835924913;28.1360934519939;0.0079532728334655;5.76528602723239
4775086970.66777;5.0845139921535;0.000211052996674495;-7.6605164687553;-11.1759141838282;27.5892156259969;0.00842057286772167;6.18460553373011
4791601877.00515;5.22621708369701;0.000257831565662714;-8.06649678960179;-11.5478291828831;27.0471126838334;0.0089287058795351;6.6031336401042
4849480124.19639;5.41401066627047;0.000325304169257882;-8.48883462315347;-11.9333879015008;26.4878227534707;0.00951684471989291;7.04163513456155
4965704769.87883;5.61062491912309;0.000400577958903502;-8.77168323361054;-12.1886544498218;26.1159284102401;0.00999848623907278;7.33709540954882
5136364145.8381;5.80116358239153;0.000476950027402638;-8.95214703915674;-12.3491955998289;25.880762874404;0.01037357647602;7.52701652321999
5354557050.37105;5.98666598815899;0.000554144710658106;-9.07049107723449;-12.4512532340019;25.7288386249871;0.0107067589768981;7.6530938208343
5602579341.7549;6.16549275982954;0.000631028433848186;-9.14205817908796;-12.508656309042;25.6401689901506;0.0110235824131376;7.73147874705379
5866802284.80505;6.33951587873506;0.000708091676539004;-9.1813635776729;-12.5351232462077;25.5941188072215;0.0113339296612043;7.77629792461746
6136180218.95761;6.50975808320713;0.000785575129153188;-9.1992947836628;-12.5411530536394;25.5753114127138;0.0116402594532024;7.79821502824622
6400407314.29184;6.67491989323482;0.00086266789563227;-9.20406771685078;-12.5349637199265;25.5725603229215;0.0119365331544665;7.80555570499671
6656320928.32667;6.83586758879876;0.000939540740285434;-9.20140862712884;-12.5223204377173;25.5785687998435;0.0122169959558034;7.80445669063474
6900465969.63362;6.99178148494725;0.00101553388311517;-9.19476308369011;-12.5068735021062;25.5891202696245;0.0124722537219184;7.79872679249283
7133650743.49134;7.14372894702813;0.00109088528377835;-9.18600673849131;-12.4906088595445;25.6020100167335;0.0126961469980121;7.79049996082652
7355034153.14425;7.29124456170111;0.00116507711137886;-9.17630707873445;-12.474789002597;25.6158362442999;0.0128832850047298;7.78108475711297
7565898190.74657;7.43505703934821;0.0012381867086039;-9.16620594957651;-12.4600281267881;25.6300361672637;0.0130294787469691;7.77114716723301
7766838253.40648;7.57536341883679;0.00131004592855842;-9.15598911525447;-12.4465840348061;25.6442813266206;0.0131339576941708;7.76101727878477
7959740069.60408;7.71323798545256;0.00138096613965413;-9.14585215628371;-12.4345662969877;25.6583135413555;0.0131981775709513;7.7508987058909
8145300798.5083;7.84896462392841;0.0014508528576832;-9.13582097669879;-12.4240914238891;25.6722048678167;0.0132188210282738;7.74088940685432
8322438516.04782;7.98151609049086;0.00151897729085552;-9.12592650722044;-12.4150081426298;25.6859088144605;0.0132011966663282;7.73101780241347
8490284730.75227;8.10988694278602;0.00158468295121398;-9.11644512678039;-12.40730876699;25.6989345853043;0.0131538074044543;7.721487470329
8648310920.12498;8.23326240519791;0.00164740525328133;-9.1075002742794;-12.4013070780218;25.7112296433131;0.0130712175718307;7.71250068908985
8797730116.31541;8.35231783831895;0.00170736093228113;-9.09865717644813;-12.3965760700249;25.7235975698804;0.0129542660774818;7.70375826586941
8937569090.47307;8.46605346960353;0.00176406510194012;-9.08973168687881;-12.3920132340857;25.7361689994047;0.012831054585377;7.69499336492743
9067677337.93075;8.57396821163332;0.00181735255746574;-9.08122405012644;-12.3876798438261;25.7478696833623;0.0127140966546802;7.68645024492418
9189144051.83853;8.67642893665269;0.00186733851547436;-9.0738998578383;-12.3856092624694;25.7574983155389;0.0125659195654143;7.67879853870679
9304208428.03393;8.77486734459002;0.00191455635795029;-9.06777630618221;-12.3868347483587;25.7654551644311;0.0123588874380144;7.67233874524316
9411500979.11847;8.86794748478169;0.00195845756820292;-9.0617125428683;-12.3880930787117;25.7741557824758;0.0121563700888337;7.66649087766445
9506827741.7757;8.95217754414043;0.00199786777352674;-9.05374773767448;-12.383606146914;25.7870338427871;0.0120654349073669;7.6597783327893
9582723518.32017;9.020938328636;0.00203007217779973;-9.04287678597358;-12.3723023390535;25.8056454619382;0.0120861832086191;7.65130792830979
9632296290.28078;9.06710931702989;0.00205164047806848;-9.03087403232674;-12.3614272829861;25.8270454032393;0.0120648374593884;7.64252397341756
9656105038.45331;9.08975616057355;0.00206205473810259;-9.02172888170129;-12.3591081440744;25.8442953162159;0.0118846236254818;7.63646254032616
9662986677.23206;9.09635947934276;0.00206501876846948;-9.01792960956133;-12.3658092237771;25.8519823724768;0.0116041741242991;7.63429223719694
9663859240.63416;9.09719817456064;0.00206538831286118;-9.0171928266906;-12.3731303777305;25.8536564742661;0.0113915920244925;7.63399383018282
9663916925.66392;9.09725364605887;0.00206541245927438;-9.016993225092;-12.3782104927838;25.8542008416483;0.0112541798313778;7.63397365919672
9663921211.19699;9.09725776867536;0.00206541423302174;-9.01683191463851;-12.383113088702;25.8546629146078;0.0111239161322131;7.63397214281725
9663921664.1549;9.09725820457841;0.00206541441818669;-9.01666793930289;-12.3884990594926;25.8551346884537;0.0109828659856555;7.63397198076984
9663921719.54663;9.0972582579063;0.00206541444050935;-9.01649053785778;-12.3946990087483;25.8556453250651;0.0108229813682052;7.63397196072863
9663921728.28726;9.09725826632515;0.00206541444397085;-9.01629043074902;-12.4022790522686;25.8562213506484;0.0106310567263162;7.63397195752551
9663921731.60546;9.09725826952299;0.00206541444525393;-9.0160449773085;-12.4126491047966;25.8569279197673;0.010374634306266;7.63397195629095
9663921733.69734;9.0972582715403;0.0020654144460378;-9.01576279906623;-12.426290449349;25.8577402158056;0.0100476134275539;7.63397195549915
9663921735.2102;9.0972582730003;0.00206541444658255;-9.01544818819586;-12.4436012949491;25.8586458825769;0.00964834161724823;7.63397195491558
9663921736.38072;9.09725827413082;0.00206541444698334;-9.0151015499975;-12.465460960353;25.8596437532759;0.00916775771612801;7.6339719544547
9663921737.35868;9.0972582750762;0.00206541444729707;-9.0147149972579;-12.4937697006863;25.8607565322855;0.00858196071534649;7.63397195406096
9663921738.18253;9.09725827587335;0.00206541444754037;-9.01430109847513;-12.5296973189091;25.8619480370138;0.00789341641210155;7.63397195372129
9663921738.90309;9.09725827657129;0.00206541444773145;-9.0138566294509;-12.5764648569939;25.8632275452055;0.00708067226597224;7.63397195341671
9663921739.56108;9.09725827720933;0.00206541444788183;-9.01336875699885;-12.6410183173202;25.8646319932805;0.00609616542189311;7.63397195313116
9663921740.15344;9.09725827778442;0.00206541444799196;-9.01285000254784;-12.7306815499697;25.8661253205514;0.00495335928380077;7.63397195286685
9663921740.68475;9.09725827830088;0.00206541444806919;-9.01231176647454;-12.8375628464647;25.8676746642566;0.00386817674992735;7.63397195262296
9663921741.18676;9.09725827878951;0.00206541444812417;-9.0117340854712;-12.9605586232332;25.8693374829165;0.00291045419534527;7.63397195238571
9663921741.65232;9.09725827924328;0.00206541444816302;-9.01113415205687;-13.0785247025809;25.8710642952986;0.00221525509840893;7.63397195215901
9663921742.0929;9.09725827967334;0.00206541444819331;-9.01050606373308;-13.1627328436844;25.8728721076682;0.00182229155191822;7.63397195193788
9663921742.51015;9.09725828008122;0.0020654144482185;-9.00985278912085;-13.2191597418023;25.8747523969386;0.00159797231152918;7.63397195172193
9663921742.91041;9.09725828047313;0.00206541444824103;-9.00916827892594;-13.2495213497145;25.8767225815852;0.00148783989283992;7.63397195150824
9663921743.29061;9.09725828084599;0.0020654144482625;-9.00846152852831;-13.2483331251714;25.8787567723405;0.00148960736924533;7.63397195129878
9663921743.66072;9.09725828120958;0.00206541444828459;-9.00771580306569;-13.2240982101426;25.8809031377777;0.00157252305089292;7.63397195108828
9663921744.02036;9.09725828156353;0.00206541444830789;-9.00693183998251;-13.1885165263127;25.8831595566904;0.00170385488297432;7.63397195087699
9663921744.36572;9.09725828190406;0.00206541444833231;-9.0061195736889;-13.1504744720845;25.8854974367126;0.00185652848370729;7.6339719506673
9663921744.70284;9.09725828223711;0.00206541444835825;-9.00526582348411;-13.113791417029;25.8879547156403;0.00201637891160725;7.6339719504557
9663921745.03077;9.09725828256176;0.00206541444838549;-9.00437261329295;-13.0805795898164;25.8905255689081;0.00217237046714738;7.63397195024279
9663921745.35003;9.0972582828785;0.00206541444841387;-9.00343909037638;-13.0511854516564;25.893212451369;0.00231974140040529;7.6339719500283
9663921745.66218;9.09725828318889;0.00206541444844343;-9.00246429996426;-13.0236709373736;25.8960181105145;0.00246618897946419;7.63397194981119
9663921745.96857;9.09725828349425;0.00206541444847429;-9.00145106737836;-12.9969074855806;25.8989344139081;0.00261713109591372;7.63397194959051
9663921746.26914;9.09725828379454;0.00206541444850642;-9.00040491694542;-12.9710445958717;25.9019454613083;0.00277135847690727;7.6339719493663
9663921746.56323;9.09725828408908;0.0020654144485397;-8.99933547610116;-12.9462666127419;25.9050235428525;0.00292720308830751;7.63397194913917
9663921746.85052;9.09725828437753;0.00206541444857398;-8.99824939951085;-12.9232033297588;25.9081495054305;0.00307951599586325;7.63397194890952
9663921747.1358;9.0972582846647;0.00206541444860974;-8.99713321040395;-12.9019448780622;25.91136213862;0.00322610558063917;7.6339719486736
9663921747.41673;9.09725828494823;0.0020654144486465;-8.99599790758285;-12.8832488397578;25.9146297863227;0.00335965031511848;7.63397194843331
9663921747.69118;9.09725828522595;0.00206541444868375;-8.994852868766;-12.8673024390545;25.9179254579472;0.00347656750192345;7.63397194819068
9663921747.96435;9.09725828550313;0.002065414448722;-8.99367556073269;-12.8537906431349;25.9213140094801;0.00357718936328564;7.63397194794114
9663921748.23439;9.0972582857779;0.00206541444876079;-8.99247228666802;-12.8427109543734;25.9247772992876;0.00365996023332194;7.63397194768632
9663921748.50162;9.09725828605056;0.00206541444879997;-8.99124035814399;-12.8338317552901;25.9283230653662;0.0037254868277441;7.63397194742588
9663921748.76636;9.09725828632149;0.0020654144488394;-8.98997695122215;-12.8269662306288;25.9319594357023;0.00377438375360654;7.63397194715943
9663921749.02726;9.09725828658927;0.00206541444887872;-8.98868742136723;-12.8218962851564;25.9356709959414;0.00380792709137772;7.63397194688833
9663921749.2866;9.09725828685627;0.00206541444891812;-8.98735862801848;-12.8183659368907;25.9394955674678;0.00382784388740345;7.63397194661014
9663921749.54426;9.09725828712238;0.00206541444895746;-8.98598851630924;-12.8161783033146;25.9434390644806;0.00383563929035404;7.6339719463248
9663921749.80121;9.09725828738862;0.00206541444899679;-8.98456879920564;-12.8151167496019;25.9475253387399;0.00383308097833891;7.63397194603101
9663921750.05424;9.09725828765169;0.00206541444903553;-8.98311421081391;-12.8149934332208;25.9517119818287;0.00382196574455003;7.63397194573227
9663921750.30576;9.09725828791408;0.00206541444907399;-8.98160794206924;-12.8156322604282;25.9560473739035;0.00380376992045168;7.63397194542563
9663921750.55519;9.09725828817524;0.00206541444911201;-8.98004953948234;-12.8168855177344;25.9605328200058;0.00377987661466016;7.63397194511159
9663921750.80366;9.09725828843636;0.00206541444914974;-8.97842737965047;-12.8186338880655;25.9652017748169;0.00375132933681873;7.6339719447884
9663921751.05079;9.0972582886971;0.00206541444918708;-8.97673877653408;-12.8207708751065;25.9700619692293;0.00371912595995044;7.63397194445621
9663921751.30124;9.09725828896242;0.0020654144492247;-8.97494402802942;-12.8232553555029;25.9752276750437;0.00368339280474159;7.63397194410807
9663921751.54982;9.0972582892269;0.00206541444926181;-8.97307171773855;-12.8259619309291;25.9806166218493;0.00364551795167304;7.63397194375046
9663921751.79598;9.09725828948999;0.00206541444929832;-8.9711196242369;-12.8288087854421;25.9862352033145;0.0036062364920468;7.6339719433838
9663921752.04066;9.09725828975273;0.00206541444933437;-8.96907294084193;-12.8317404545134;25.9921260364373;0.00356594212704004;7.63397194300629
9663921752.28364;9.09725829001493;0.00206541444936992;-8.96692476484496;-12.8346978251356;25.9983089887449;0.00352510486333248;7.63397194261774
9663921752.52479;9.09725829027652;0.00206541444940497;-8.96466639224877;-12.8376294028355;26.0048091123042;0.00348410038549532;7.63397194221777
9663921752.76281;9.09725829053613;0.00206541444943933;-8.96230009085847;-12.8404775941067;26.0116198797872;0.00344341919113463;7.63397194180806
9663921752.99535;9.09725829079119;0.0020654144494727;-8.95984150134367;-12.8431796425405;26.0186962736591;0.00340366955689924;7.63397194139251
9663921753.22166;9.09725829104089;0.00206541444950499;-8.95729248742564;-12.8457015175442;26.0260329296735;0.00336510751779281;7.63397194097254
9663921753.44142;9.09725829128483;0.00206541444953617;-8.95465153196985;-12.8480198571708;26.0336342144841;0.0033278709244446;7.63397194054903
9663921753.65414;9.09725829152246;0.00206541444956621;-8.9519186356179;-12.8501155175579;26.0415001262383;0.00329207041818655;7.6339719401232
9663921753.85928;9.09725829175311;0.00206541444959506;-8.94909586822962;-12.8519722585083;26.049624707397;0.00325780496311988;7.63397193969665
9663921754.05607;9.09725829197586;0.00206541444962263;-8.94618779946566;-12.8535747771834;26.0579948054159;0.00322518042675645;7.63397193927161
9663921754.24345;9.09725829218942;0.0020654144496488;-8.94320761419284;-12.854909485355;26.066572471191;0.0031943467519677;7.6339719388513
9663921754.42013;9.09725829239219;0.00206541444967341;-8.94018441011174;-12.855973453211;26.075273954799;0.00316548191643022;7.63397193843986
9663921754.58578;9.09725829258364;0.00206541444969645;-8.93714349626209;-12.8567817415053;26.0840264109755;0.00313860300363896;7.6339719380397
9663921754.74194;9.09725829276539;0.00206541444971814;-8.93408156900597;-12.8573646226405;26.0928393483902;0.0031134241279668;7.63397193764869
9663921754.89184;9.09725829294112;0.00206541444973894;-8.93095905470478;-12.8577528712097;26.1018266691853;0.00308942093305299;7.63397193725986
9663921755.04086;9.09725829311714;0.0020654144497596;-8.92767959600206;-12.8579722642239;26.1112657122063;0.00306573954597657;7.63397193685933
9663921755.20083;9.09725829330771;0.00206541444978178;-8.92397477352529;-12.8580312549493;26.1219290506704;0.00304052629848232;7.63397193641289
9663921755.37726;9.09725829351999;0.00206541444980626;-8.91967638575687;-12.8578886494313;26.1343008075145;0.00301299646319055;7.63397193589948
9663921755.56794;9.09725829375201;0.00206541444983273;-8.91477218286619;-12.8574788504414;26.1484162405289;0.00298358710889932;7.63397193531823
9663921755.76645;9.0972582939966;0.00206541444986034;-8.90935818042915;-12.8567459247944;26.1639989945682;0.00295335993785143;7.63397193468197
9663921755.97231;9.09725829425374;0.00206541444988904;-8.9033809743312;-12.8556242999013;26.1812027790075;0.00292244447702545;7.63397193398607
9663921756.18587;9.09725829452463;0.00206541444991893;-8.89675267995376;-12.854033317011;26.2002805460977;0.00289084831564343;7.63397193322208
9663921756.40273;9.09725829480428;0.00206541444994943;-8.88953315046034;-12.8519266506294;26.2210600245209;0.00285928038211025;7.63397193239875
9663921756.62276;9.09725829509324;0.00206541444998056;-8.88165000705464;-12.8492275892206;26.2437495371854;0.00282779747372648;7.63397193150981
9663921756.84687;9.0972582953935;0.00206541445001252;-8.87297851664667;-12.8458308474911;26.2687080947775;0.00279631687594524;7.63397193054347
9663921757.07419;9.09725829570481;0.00206541445004526;-8.86344544596148;-12.8416403541627;26.2961464795794;0.00276501315622815;7.63397192949403
9663921757.30251;9.09725829602507;0.00206541445007852;-8.85303346047144;-12.8365842420892;26.326114584338;0.00273423592772877;7.63397192836211
9663921757.53248;9.09725829635627;0.0020654144501125;-8.84158814955581;-12.8305215483385;26.3590568385353;0.0027039363723497;7.63397192713382
9663921757.76461;9.09725829670046;0.00206541445014737;-8.82893088988179;-12.8232824590537;26.3954873614348;0.00267410290608973;7.63397192579331
9663921757.99838;9.09725829705846;0.00206541445018318;-8.81490843935637;-12.8146985134219;26.4358472192049;0.00264486286650525;7.63397192432782
9663921758.23264;9.09725829743025;0.00206541445021992;-8.79938486989421;-12.8046041526651;26.4805276442922;0.00261641934628487;7.63397192272681
9663921758.46786;9.09725829781875;0.00206541445025783;-8.78208492030441;-12.79273200086;26.5303209020653;0.00258878165595184;7.63397192096608
9663921758.7043;9.09725829822711;0.00206541445029718;-8.76268327053139;-12.7787593422462;26.5861633388787;0.00256200278147869;7.63397191901706
9663921758.94181;9.0972582986585;0.00206541445033823;-8.74081585006572;-12.7623150465369;26.6491028338383;0.00253619940438639;7.63397191684758
9663921759.17952;9.09725829911551;0.00206541445038119;-8.71611139794776;-12.7430041219336;26.7202079618223;0.00251158054278232;7.63397191442501
9663921759.41766;9.097258299604;0.00206541445042654;-8.68797951768908;-12.7202384052165;26.8011780204609;0.00248825563306299;7.63397191169551
9663921759.65654;9.09725830013187;0.00206541445047495;-8.65564668343617;-12.6932476762822;26.8942393960515;0.00246637025203147;7.63397190858697
9663921759.89613;9.09725830070906;0.00206541445052724;-8.61816115871122;-12.661076039746;27.0021314062452;0.00244615045383918;7.63397190500656
9663921760.13617;9.09725830134759;0.00206541445058439;-8.57509780112671;-12.6232880591326;27.1260777090434;0.00242770964404652;7.63397190083419
9663921760.37932;9.09725830206935;0.0020654144506482;-8.52748022455076;-12.5809594538025;27.2631321066383;0.00241044107190077;7.63397189586996
9663921760.6305;9.09725830290915;0.00206541445072153;-8.47581608465069;-12.5346938860948;27.4118334482011;0.00239364798767982;7.63397188980841
9663921760.89098;9.09725830389178;0.00206541445080625;-8.42338838768285;-12.4877844260355;27.5627324814583;0.00237643659546523;7.633971882382
9663921761.16222;9.09725830504437;0.00206541445090435;-8.3716655222064;-12.4417086229064;27.7116028440087;0.00235840586105291;7.63397187331129
9663921761.44692;9.09725830639696;0.00206541445101793;-8.32322795743729;-12.3990738822719;27.8510173478928;0.00233881106033176;7.63397186226966
9663921761.74974;9.09725830799458;0.00206541445115025;-8.27770506896628;-12.3595655434757;27.9820427354945;0.00231749572142795;7.63397184884123
9663921762.07789;9.09725830990886;0.0020654144513065;-8.23407886402487;-12.3222531380249;28.1076090245618;0.00229429696117986;7.63397183235321
9663921762.44739;9.09725831227998;0.00206541445149703;-8.19264983198628;-12.2876503149055;28.2268513352566;0.00226809871745026;7.63397181148925
9663921762.89067;9.09725831540085;0.00206541445174336;-8.15240195530103;-12.2551554504219;28.342693997264;0.00223711151278597;7.63397178354171
9663921763.51427;9.09725832024858;0.00206541445211726;-8.10936754528986;-12.2221458556748;28.4665569237383;0.00219561723550122;7.63397173958959
9663921764.65569;9.09725833020138;0.00206541445285796;-8.05950387540919;-12.187811581712;28.6100759714246;0.00212917473786022;7.63397164841299
9663921767.60657;9.09725835889122;0.0020654144548718;-8.0122228920358;-12.1659253202717;28.7461611879946;0.00201779679661017;7.63397137925425
9663921783.25706;9.09725852397634;0.0020654144657318;-7.97681990347388;-12.1586980382444;28.8480568179194;0.00189774750872633;7.63396979232169
9663921904.41608;9.09725991984517;0.00206541454750982;-7.93851115554961;-12.1707191563635;28.9582981056324;0.00169654363341433;7.63395631690433
9663922894.28593;9.09727259267994;0.00206541520497493;-7.89270432289985;-12.1777053885905;29.0899575949014;0.00150918340996349;7.63383391926369
9663931373.07868;9.09740491271896;0.00206541954637369;-7.8067083996936;-12.2907043420872;29.3356107841402;0.000962496574435499;7.63258914538869
9663976390.00284;9.0984503084537;0.00206541437677876;-7.63409509413665;-12.9399193033696;29.818800745213;-0.000147457193456741;7.62348153797066
9664144519.69536;9.11033499917531;0.00206455806169015;-7.15065653426414;-11.2930108221885;31.09741037232;-0.00224062891851806;7.54808885435092
9664682191.96132;9.2406268095828;0.00205949834369033;-6.61560051676358;-11.0263913230328;30.9324593236541;-0.00120122301416266;6.40892370321253
9666171085.20323;9.36183647084131;0.00206116737628981;-7.08932632113548;-11.9503987392706;28.3695303434222;0.000390642713489175;5.60752490895668
9670080848.77618;9.47881841953072;0.00206442436031867;-7.52403164441787;-12.0793348670609;27.7720437167657;0.000773222739470063;6.04428882380266
9681000485.14421;9.60980291333296;0.00206993229420261;-7.92098829020404;-12.2972194578433;27.2412246703129;0.00114550096768187;6.45300287435829
9719506134.90678;9.78155338803002;0.00208029604630621;-8.35062651021029;-12.5700074399754;26.6702634167246;0.00160933469951671;6.89774533278923
9816194323.28031;9.98022718738253;0.00209600091112877;-8.68723282590247;-12.7893392204014;26.2267563713005;0.0020731856182749;7.24873804499405
9967276576.53825;10.1720478665805;0.00211413591167143;-8.89631802891487;-12.9206958804093;25.9533471835894;0.00245366645153203;7.468147903652
10168421338.2639;10.3582359540089;0.00213445189869416;-9.0335568362507;-12.995670800281;25.7757222672098;0.0028125281607151;7.61338944266102
10408545898.7223;10.540157981128;0.0021569342644281;-9.12055129628287;-13.0285945744459;25.6664808331324;0.00317192600770624;7.70769734958787
10666648787.1966;10.7147089299254;0.00218104307223278;-9.16987065100799;-13.029617130056;25.6072606782919;0.00353685001628938;7.7629746213487
10933807543.3841;10.8854421359475;0.00220713976392364;-9.19445141727893;-13.0101839580586;25.5800400595624;0.00390992727441436;7.79205803027704
11202133603.9382;11.0534644736131;0.00223528569876784;-9.20329583189888;-12.9792471766056;25.5724181541525;0.0042837138512365;7.8039740173064
11459255810.8123;11.2146244664377;0.00226450866930735;-9.20288234759506;-12.9444152267338;25.575803850803;0.00463763338131874;7.80544103188024
11703385138.5623;11.3695199768156;0.00229455676102771;-9.19758112524191;-12.9098030589748;25.5847760749884;0.00496317611963503;7.80124116217608
11938388153.9989;11.5213949537461;0.00232575823087842;-9.18958720997456;-12.8768983815386;25.596801940842;0.00525865326976867;7.79390331200414
12163711691.5953;11.6701933370392;0.00235781039986287;-9.18020834848324;-12.8469491373238;25.6103064431779;0.00551663164406585;7.78489004477351
12378429891.0884;11.8152781136059;0.00239027337767557;-9.17024701150999;-12.8204805018205;25.6243699760393;0.00573349853569097;7.7751301417764
12585631182.8927;11.9586514816761;0.00242331735356824;-9.15992397107318;-12.7973001620573;25.638813131126;0.0059091052573068;7.76492829308738
12784376372.4081;12.0994856480385;0.00245649125281475;-9.14958859825987;-12.7775001043545;25.6531503270137;0.00604267448933356;7.7546319265665
12974346947.5349;12.2372883140632;0.00248943834168876;-9.13942871772183;-12.76086929013;25.667209106324;0.00613674498446773;7.74448701684988
13153977169.8578;12.3706055592136;0.00252158296524217;-9.12949307653017;-12.7472710633161;25.6809856376793;0.00619203925848348;7.73458474823066
13324830380.761;12.5002586597293;0.00255294073453741;-9.11984023813807;-12.7362779844514;25.6942910629654;0.00621439555361357;7.72491155881337
13486874587.0079;12.6258495198922;0.00258328196714069;-9.11067547291414;-12.7276002879255;25.706863429524;0.00621046724104266;7.71568717783276
13640351734.2626;12.7472678145391;0.00261246650704052;-9.10175958938899;-12.7208908672244;25.7192525075445;0.00618197243819731;7.70681894835999
13783808867.6676;12.8631213055808;0.00264006708736756;-9.09281302338399;-12.7158039348158;25.7318522913954;0.00613027755785793;7.69803249273956
13916251819.1018;12.9722376759193;0.00266576865714277;-9.08413893913007;-12.7120692007007;25.7439132011052;0.00606379207237263;7.68940999209525
14039210347.4902;13.0753623988865;0.00268976787379193;-9.07639586185442;-12.7095615904573;25.7542875710338;0.00599354557547388;7.68145103534894
14155657292.1543;13.1745223265226;0.00271256389059355;-9.06979189683689;-12.7082691296026;25.7629224744973;0.00592267489083795;7.67452046272211
14266712650.4645;13.2704636338973;0.00273432344334676;-9.06353388544361;-12.707889553055;25.7715997680363;0.00584501608360781;7.66828350740866
14370923859.384;13.3620986697908;0.00275476870367867;-9.05585287973027;-12.7073217891832;25.7834701053452;0.00575270968602291;7.66144343995416
14458517840.3944;13.4409102528548;0.00277199914439751;-9.045884213668;-12.7061778788611;25.7997505675757;0.00564055504829083;7.65315062755875
14516605209.5457;13.4943874811177;0.00278337812795759;-9.03591281759797;-12.7079782372168;25.816476769909;0.00549327768634397;7.64515037988188
14540316933.4572;13.5165063085299;0.00278792931201676;-9.03020102966069;-12.7168387299863;25.8265385346807;0.0053140850684421;7.64088886974861
14545742881.3638;13.5215886057643;0.00278893760261695;-9.02841555901677;-12.7308899013824;25.8300035588152;0.00512448378946231;7.63977038773984
14546226854.5619;13.5220422845614;0.00278902506638841;-9.02807282886154;-12.7429931112827;25.8308326221226;0.00497987134466969;7.63966520809325
14546256388.8709;13.5220699807031;0.00278903026952001;-9.02790754109019;-12.7540620032633;25.8312985632597;0.00485279311646678;7.63965864801868
14546258861.5942;13.5220723004249;0.00278903069224302;-9.02773961682001;-12.767119640458;25.8317810777723;0.0047073265625994;7.63965808944108
14546259080.468;13.5220725058392;0.00278903072840236;-9.02756312493593;-12.7819731415586;25.8322890142221;0.00454729232918114;7.63965803912032
14546259102.9522;13.5220725269501;0.00278903073196907;-9.02737079148475;-12.7996110370212;25.8328426165269;0.00436447442081399;7.63965803385329
14546259107.7359;13.5220725314439;0.00278903073268793;-9.02714489030589;-12.8231139460375;25.8334928469817;0.00413251152749586;7.63965803270795
14546259110.2234;13.5220725337821;0.00278903073303523;-9.02688386518644;-12.8550662883756;25.8342441801114;0.00383719029104399;7.63965803209763
14546259111.9763;13.5220725354309;0.00278903073325639;-9.02658619860325;-12.8990444946147;25.83510098276;0.00346538800190416;7.639658031656
14546259113.293;13.5220725366705;0.00278903073340102;-9.02625687363631;-12.9592456411198;25.8360489094967;0.00301465300289521;7.6396580313145
14546259114.3437;13.5220725376603;0.00278903073349592;-9.02589790585214;-13.044209282585;25.8370821557896;0.00247703469377988;7.63965803103349
14546259115.2441;13.5220725385093;0.00278903073355575;-9.02550012860213;-13.1774942851388;25.8382271023154;0.00182082645452534;7.63965803078463
14546259116.0261;13.5220725392475;0.0027890307335853;-9.02506982823551;-13.4226145763767;25.8394656473385;0.00103451973570948;7.63965803056083
14546259116.7166;13.5220725399;0.00278903073358893;-9.02461006942137;-14.279206245728;25.8407889585984;0.000143783679383492;7.63965803035597
14546259117.3405;13.5220725404901;0.00278903073357381;-9.02412091670052;-13.6154813347101;25.8421968453224;-0.000662169254975507;7.63965803016389
14546259117.9364;13.5220725410546;0.00278903073354424;-9.02358162102678;-13.3042981247404;25.8437490370772;-0.00135406343729606;7.63965802997315
14546259118.4777;13.5220725415679;0.00278903073350879;-9.02302619395214;-13.1838554169511;25.8453476595561;-0.00178465040745024;7.63965802979287
14546259118.9632;13.5220725420289;0.002789030733473;-9.02247094457541;-13.1323572454687;25.8469457799684;-0.00200688705154494;7.63965802962479
14546259119.433;13.5220725424756;0.00278903073343595;-9.02187706391657;-13.1031664627436;25.8486550952131;-0.00214362371423399;7.63965802945571
14546259119.8708;13.5220725428925;0.00278903073340049;-9.02126921588573;-13.0916132528792;25.850404617857;-0.00219848399446227;7.63965802929191
14546259120.2895;13.5220725432917;0.00278903073336675;-9.02063439769467;-13.0935744190794;25.8522317722934;-0.00218553627626719;7.63965802912909
14546259120.6918;13.5220725436759;0.00278903073333513;-9.01997009126479;-13.1046511000802;25.854143804274;-0.00212739998218535;7.63965802896639
14546259121.0903;13.5220725440572;0.00278903073330504;-9.01925477355078;-13.1220615354843;25.8562026605684;-0.00204060046447268;7.63965802879866
14546259121.4677;13.5220725444189;0.00278903073327787;-9.01851988733826;-13.1427361674941;25.8583178400572;-0.00194260270513468;7.63965802863324
14546259121.833;13.5220725447695;0.0027890307332529;-9.01775096427076;-13.1651781991034;25.8605309853331;-0.00184166316980845;7.6396580284666
14546259122.1876;13.5220725451105;0.0027890307332299;-9.01694528170449;-13.1879728019605;25.8628499323362;-0.00174441117266988;7.63965802829811
14546259122.5322;13.5220725454426;0.00278903073320867;-9.01610192216702;-13.2103346525211;25.8652773216241;-0.00165380541207089;7.63965802812755
14546259122.864;13.5220725457629;0.00278903073318923;-9.01522886911701;-13.2321716654282;25.8677901750328;-0.00156969954803315;7.63965802795646
14546259123.1898;13.5220725460782;0.00278903073317107;-9.01431191726978;-13.2539606830509;25.8704293788345;-0.00148989228438125;7.63965802778142
14546259123.5137;13.5220725463923;0.0027890307331539;-9.01334566746825;-13.2756820828532;25.8732104730959;-0.00141421000710812;7.63965802760002
14546259123.8321;13.5220725467018;0.00278903073313782;-9.01234511249278;-13.2966845460933;25.8760903050723;-0.00134449510228077;7.63965802741408
14546259124.1407;13.5220725470024;0.0027890307331229;-9.01133176660025;-13.3156185303493;25.8790069516382;-0.00128428332423798;7.63965802722636
14546259124.4448;13.5220725472994;0.00278903073310874;-9.01029369339869;-13.3317807712371;25.8819947685054;-0.00123455563825849;7.63965802703378
14546259124.7434;13.5220725475917;0.00278903073309522;-9.00923952421555;-13.3440239383176;25.8850289126805;-0.00119746889264084;7.63965802683704
14546259125.033;13.522072547876;0.00278903073308233;-9.00818445055526;-13.3517992307269;25.8880656595338;-0.00117350466737849;7.6396580266387
14546259125.3257;13.5220725481639;0.00278903073306941;-9.00708410333717;-13.3552112278271;25.8912327136165;-0.00116151708880365;7.63965802643052
14546259125.6191;13.5220725484533;0.00278903073305643;-9.00594512090463;-13.3541217147954;25.8945109682577;-0.00116153184118478;7.63965802621386
14546259125.903;13.522072548734;0.00278903073304373;-9.00480570927328;-13.3491059021729;25.8977904577784;-0.0011720942076474;7.63965802599617
14546259126.1783;13.5220725490071;0.00278903073303117;-9.00366344239462;-13.3410168424875;25.9010781649856;-0.00119114447984832;7.63965802577728
14546259126.4536;13.5220725492808;0.00278903073301831;-9.00248240262643;-13.330350661597;25.9044774691843;-0.00121760543334689;7.63965802555053
14546259126.7303;13.5220725495567;0.00278903073300499;-9.00125293461148;-13.3176278544851;25.9080161607507;-0.00125042958191008;7.63965802531426
14546259127.0082;13.5220725498346;0.00278903073299117;-8.99997323064835;-13.3034448226037;25.911699442706;-0.00128832165142145;7.63965802506832
14546259127.2786;13.5220725501058;0.00278903073297726;-8.9986816624402;-13.2888044428862;25.9154168725258;-0.00132872595595384;7.63965802482034
14546259127.548;13.5220725503769;0.00278903073296292;-8.99734536557858;-13.2737874994;25.919263041571;-0.00137145169420602;7.63965802456436
14546259127.8104;13.5220725506417;0.00278903073294847;-8.99599287829861;-13.2590417547226;25.9231558102935;-0.00141461739376922;7.6396580243062
14546259128.0713;13.5220725509059;0.00278903073293361;-8.9945940424073;-13.2444641617092;25.9271819809296;-0.001458428681812;7.63965802404046
14546259128.3314;13.5220725511701;0.0027890307329183;-8.99314151137206;-13.2301452576315;25.931362698515;-0.00150252460754212;7.63965802376616
14546259128.5917;13.5220725514355;0.00278903073290248;-8.9916251739487;-13.2161084040246;25.9357270655565;-0.00154673245057009;7.63965802348182
14546259128.8503;13.5220725517001;0.00278903073288625;-8.99005119125765;-13.2024965085104;25.9402573489591;-0.00159048274950936;7.63965802318911
14546259129.1093;13.5220725519661;0.0027890307328695;-8.9884018913762;-13.1892239451408;25.9450044125945;-0.00163392340987518;7.63965802288532
14546259129.3652;13.52207255223;0.00278903073285245;-8.98669425442564;-13.1764730642388;25.9499193837972;-0.0016763210677342;7.63965802257413
14546259129.6212;13.522072552495;0.00278903073283491;-8.98490146742624;-13.1640794529988;25.9550794364993;-0.0017180839344135;7.6396580222513
14546259129.8737;13.5220725527576;0.00278903073281712;-8.98304204171347;-13.1521983591777;25.9604312908459;-0.00175855350223018;7.63965802192084
14546259130.1263;13.5220725530214;0.00278903073279885;-8.98108420082638;-13.1406477466446;25.9660664068101;-0.00179821914704505;7.63965802157785
14546259130.3795;13.5220725532872;0.00278903073278005;-8.97901307156992;-13.1293784621057;25.972027592886;-0.00183713243608355;7.63965802122064
14546259130.6289;13.5220725535502;0.00278903073276107;-8.97685692447731;-13.1185599637036;25.9782334799983;-0.00187459121090361;7.63965802085505
14546259130.876;13.5220725538122;0.0027890307327418;-8.97459416213368;-13.1080819763021;25.9847462304868;-0.00191086790317407;7.63965802047836
14546259131.1203;13.5220725540726;0.00278903073272231;-8.97222139278863;-13.0979319941505;25.9915756066037;-0.00194590666604869;7.63965802009109
14546259131.3606;13.5220725543303;0.00278903073270269;-8.96973912476483;-13.088108219115;25.9987201452911;-0.00197962474993969;7.63965801969445
14546259131.5952;13.5220725545833;0.00278903073268312;-8.96715868406119;-13.0786401491634;26.0061472477262;-0.00201184515793091;7.63965801929138
14546259131.8234;13.522072554831;0.00278903073266367;-8.96448097321182;-13.0695077177801;26.0138543162134;-0.00204257475127975;7.63965801888309
14546259132.0448;13.5220725550728;0.00278903073264441;-8.96170503119268;-13.0606838745652;26.0218441168058;-0.00207185437866297;7.63965801847057
14546259132.259;13.5220725553082;0.00278903073262542;-8.9588312024002;-13.052146996048;26.0301156582548;-0.00209971477457936;7.63965801805509
14546259132.4652;13.5220725555365;0.00278903073260678;-8.95586293762113;-13.0438855129269;26.0386590084047;-0.00212616046799241;7.63965801763849
14546259132.6626;13.5220725557566;0.00278903073258861;-8.9528065520457;-13.0358962073648;26.0474559906857;-0.00215117458165118;7.63965801722322
14546259132.8501;13.5220725559672;0.00278903073257103;-8.94967831174248;-13.0281925502792;26.0564597876014;-0.00217470909400621;7.63965801681247
14546259133.0266;13.5220725561668;0.00278903073255421;-8.94651229251337;-13.0208137250848;26.0655723211268;-0.00219667512729618;7.6396580164104
14546259133.1924;13.5220725563556;0.00278903073253815;-8.94332548350394;-13.0137471516306;26.0747446925674;-0.0022171669523406;7.63965801601793
14546259133.3492;13.5220725565356;0.00278903073252272;-8.94010879848205;-13.0069243774189;26.0840030541792;-0.00223644727221856;7.63965801563228
14546259133.5012;13.5220725567114;0.00278903073250753;-8.93680068742215;-13.0001793984197;26.0935245611228;-0.00225503887954617;7.6396580152442
14546259133.657;13.5220725568931;0.0027890307324917;-8.93322204380909;-12.9931381397552;26.1038247232706;-0.00227398737259431;7.63965801483095
14546259133.8242;13.52207255709;0.00278903073247441;-8.92917868733424;-12.9854449189854;26.1154624363675;-0.0022942011271984;7.63965801436879
14546259134.0086;13.5220725573094;0.00278903073245496;-8.92448025375312;-12.9768008516865;26.1289856126641;-0.00231633810607224;7.63965801383547
14546259134.2028;13.5220725575433;0.00278903073243402;-8.91924426638575;-12.9674955756114;26.1440559929474;-0.00233949249192466;7.63965801324506
14546259134.4043;13.5220725577892;0.00278903073241181;-8.91347422045852;-12.957593944945;26.1606635171746;-0.00236335537221473;7.63965801259926
14546259134.6126;13.5220725580471;0.00278903073238828;-8.90711241701722;-12.9470523176942;26.178974256282;-0.00238788124972592;7.63965801189305
14546259134.8275;13.5220725583177;0.00278903073236336;-8.90008341095024;-12.9358029640371;26.1992053587465;-0.00241306247430801;7.63965801111965
14546259135.0454;13.5220725585968;0.00278903073233741;-8.892431507058;-12.9239669203192;26.2212293051466;-0.00243847122550891;7.63965801028556
14546259135.2661;13.522072558885;0.00278903073231034;-8.88407770048514;-12.9114654927651;26.2452734897251;-0.00246412826535994;7.63965800938395
14546259135.4904;13.5220725591842;0.00278903073228199;-8.87489778111172;-12.8981613920245;26.2716954179217;-0.00249014415680838;7.63965800840355
14546259135.7182;13.5220725594952;0.00278903073225223;-8.86477975896328;-12.8839455568524;26.3008174227793;-0.00251653774444015;7.63965800733474
14546259135.9468;13.5220725598154;0.00278903073222131;-8.85371631694712;-12.8688563543817;26.3326605646072;-0.00254304885494466;7.6396580061791
14546259136.1765;13.5220725601462;0.00278903073218907;-8.84157171531991;-12.8527541159799;26.3676155337733;-0.00256973569389204;7.63965800492501
14546259136.4078;13.5220725604898;0.00278903073215528;-8.82815119992964;-12.8354320173756;26.4062428777564;-0.00259672402484893;7.63965800355543
14546259136.6409;13.5220725608482;0.00278903073211973;-8.81325051645604;-12.8166836100412;26.4491304877214;-0.00262408745876342;7.63965800205293
14546259136.8751;13.5220725612221;0.0027890307320823;-8.79668290000753;-12.796333154683;26.4968159162155;-0.00265181628832366;7.63965800040209
14546259137.1094;13.5220725616125;0.00278903073204289;-8.77824519410852;-12.7741903785326;26.5498838945597;-0.00267989292267292;7.63965799858628
14546259137.3445;13.5220725620234;0.00278903073200107;-8.75756488681823;-12.7498719553405;26.6094065982558;-0.00270849551749147;7.63965799657284
14546259137.5806;13.5220725624588;0.00278903073195638;-8.7342066084249;-12.7229384329782;26.6766371220118;-0.0027377844762705;7.6396579943236
14546259137.8176;13.5220725629233;0.00278903073190833;-8.7076694063044;-12.6928912912008;26.7530173233135;-0.00276790312419938;7.63965799179398
14546259138.0547;13.5220725634218;0.00278903073185634;-8.67737695883556;-12.6591623936431;26.8402059890455;-0.0027989839604824;7.63965798893156
14546259138.292;13.5220725639623;0.00278903073179954;-8.64252166858531;-12.6209444858175;26.9405275713684;-0.0028312829846387;7.63965798566092
14546259138.5298;13.5220725645568;0.00278903073173659;-8.60211528664447;-12.5772433109097;27.0568264791805;-0.0028651596882976;7.63965798187213
14546259138.7693;13.5220725652215;0.00278903073166567;-8.55665070502423;-12.5285379677076;27.187684055005;-0.00290058069191808;7.6396579774092
14546259139.0156;13.5220725659885;0.00278903073158322;-8.50652148636867;-12.4751608836011;27.3319675340852;-0.00293786272450106;7.63965797199976
14546259139.271;13.5220725668868;0.00278903073148594;-8.45391745345737;-12.4192817426468;27.483374099149;-0.00297649913211491;7.63965796535532
14546259139.537;13.5220725679424;0.00278903073137074;-8.40133731497476;-12.3634001026398;27.6347118879453;-0.00301572789687746;7.63965795720411
14546259139.8157;13.5220725691855;0.00278903073123404;-8.35063534766679;-12.309361862597;27.7806438626097;-0.00305503220016718;7.63965794722528
14546259140.1104;13.5220725706504;0.00278903073107169;-8.30358828442704;-12.2589291891601;27.9160561742782;-0.00309394905862928;7.63965793506932
14546259140.428;13.5220725724023;0.00278903073087596;-8.25841236097434;-12.2102709505547;28.0460829084826;-0.00313338401806333;7.63965792014742
14546259140.7783;13.5220725745345;0.00278903073063574;-8.21552730371838;-12.163750397792;28.1695159940553;-0.00317362998642923;7.63965790155924
14546259141.1887;13.5220725772828;0.00278903073032326;-8.17418665953321;-12.118425865294;28.2885038924109;-0.0032164053332398;7.63965787713448
14546259141.7196;13.5220725811972;0.00278903072987334;-8.13229860977552;-12.0718306830348;28.4090673336741;-0.00326531364286031;7.63965784181603
14546259142.6005;13.5220725884585;0.00278903072902572;-8.08391239725577;-12.0167277089875;28.548333942837;-0.00333246392338628;7.63965777565911
14546259144.4689;13.5220726057482;0.00278903072695971;-8.0336905660923;-11.9563452292176;28.6928837432132;-0.00342862143202923;7.63965761526749
14546259152.2678;13.5220726850446;0.00278903071719665;-7.99278239426692;-11.9024492970134;28.8106257853312;-0.0035472009231295;7.63965685807268
14546259205.9555;13.5220732771058;0.0027890306413764;-7.95750798738076;-11.8500893874388;28.9121451275747;-0.00370253280522535;7.6396511469724
14546259648.6965;13.5220786509122;0.00278902992527573;-7.91586770527762;-11.7911756454802;29.0319175726119;-0.0038687243053003;7.63959909357292
14546263315.1164;13.5221302714245;0.00278902239953124;-7.85141989564536;-11.6876927368268;29.2166753069941;-0.00425949343249915;7.6391060441274
14546288186.2829;13.5226030372438;0.00278894003289776;-7.72105008559345;-11.479944839616;29.5854975707503;-0.00515447127412681;7.63482180516769
14546391041.0777;13.5265090538506;0.00278804215386134;-7.42049045668264;-11.0590067102646;30.4058078315728;-0.00698940639161648;7.60490909650223
14546738686.221;13.6045387841197;0.00276797804011972;-6.64887606087866;-10.2387161854071;31.9303058303415;-0.00821037424806161;7.13962050649847
14547749706.9642;13.7398218548271;0.00274302278712588;-6.8735166136419;-10.6075980890695;28.8452912791155;-0.00532100238253675;5.51038142782335
14550431587.1453;13.8558911605394;0.00272385588757048;-7.3637219842418;-11.1458875039593;27.9865982286717;-0.00462151741026154;5.87935399529393
14557540472.0851;13.9787508281723;0.00270546208151389;-7.76239214894653;-11.5871298820604;27.4531687846658;-0.00411012232079855;6.28961912816009
14580219887.0585;14.1302431562834;0.00268575776752092;-8.17524120771342;-12.061070528053;26.9026387890623;-0.00349917417303531;6.71572568880045
14652613963.4747;14.324695319532;0.00266527182284443;-8.57089025290822;-12.5482470363293;26.3798018317755;-0.0027791676465515;7.12725822246595
14783122096.0722;14.5204781306138;0.0026489565286931;-8.82386301563464;-12.9030426673559;26.0477539400998;-0.00217065413028815;7.39188799705684
14965287473.8959;14.708770663174;0.00263699472669639;-8.98563274209156;-13.1826692296145;25.837385064742;-0.00164139108468603;7.56242660554251
15192983476.537;14.8932050878618;0.00262885473970684;-9.09151342099127;-13.4467316956054;25.7025241145691;-0.00113437723052662;7.67593655823662
15444673589.5998;15.0698354281527;0.00262444392968347;-9.1538008502125;-13.7563478030289;25.6261211934147;-0.000639935087222408;7.74467180745625
15710551342.009;15.2426723061563;0.00262346485845355;-9.18704558588175;-14.4338677098431;25.5878821246206;-0.000144947996700878;7.78305473019247
15979034167.1036;15.4116215711682;0.00262574470619195;-9.20116020222765;-14.0710106657733;25.5738156600817;0.000345100085465437;7.8007997813822
16244265588.0218;15.5775315109674;0.00263109660917434;-9.20375256619253;-13.6951167398542;25.573702622745;0.000824953438612076;7.80570957829861
16493464617.5648;15.7347770037333;0.00263889183737873;-9.19996814089662;-13.5047175130842;25.5809476283089;0.00126814016058444;7.80327256569902
16731967027.3968;15.8877709233189;0.00264893036957392;-9.19281860045621;-13.3758225553339;25.5920244631301;0.00167919327911262;7.79692440026844
16960680188.4951;16.0375414892707;0.00266093540287845;-9.18386468551905;-13.2799277872004;25.6050850315152;0.00205240526811938;7.78843170848856
17179612357.5714;16.1841802852881;0.00267458033632563;-9.17406069368817;-13.2053381581173;25.6190052197715;0.00238388223785824;7.77887860542469
17387972942.4726;16.3270318409823;0.00268945717291709;-9.16393059356059;-13.1463049751896;25.6332230920158;0.00266949330302407;7.76889726683786
17589923381.6674;16.4688314779464;0.00270556152319966;-9.15356968302925;-13.098301593758;25.6476411766444;0.00291283254508546;7.75860583199465
17784351572.9745;16.608620672419;0.00272252608460395;-9.14328563381738;-13.0592166000802;25.6618707800062;0.00311427778261856;7.74833627269426
17968787853.1346;16.7443351404549;0.00273982151131687;-9.13322020576567;-13.0279150730809;25.6758209091895;0.00327212186921419;7.7383004067604
18143377572.5955;16.875740302573;0.00275716083288226;-9.12340624075537;-13.002986566273;25.6893898062961;0.00338979522181744;7.72849340237116
18308364119.9354;17.0026135577855;0.00277431520011924;-9.1140784513982;-12.9830738310648;25.702189869304;0.00347515954464998;7.71910765577229
18465160206.4206;17.1257019297458;0.00279122272349567;-9.10511819132484;-12.9672552222579;25.7145586920242;0.0035321736348917;7.7101405627508
18612637548.3188;17.2438808868798;0.00280757622834043;-9.09618514812456;-12.9551144574234;25.7271008029244;0.00356009460419698;7.70134158906722
18749293629.5629;17.3556444199524;0.00282305460548309;-9.08732884046193;-12.9459035383427;25.7395198259353;0.00356472262806768;7.69260794108208
18875980673.0121;17.4612256022916;0.00283764527985602;-9.07914567985239;-12.9386568357342;25.750650499213;0.00355858258073121;7.68430800082701
18994396824.8411;17.5615107950858;0.0028514574540421;-9.07217412994919;-12.933148897079;25.759788382495;0.00354786857583093;7.67700660738841
19107295422.2148;17.6584966062254;0.0028647286626353;-9.06598034401954;-12.9297780710354;25.7680888513604;0.00352601765326746;7.67064139838179
19213605827.6117;17.7512802359913;0.00287727366487308;-9.05910441581823;-12.9281050311427;25.7783476900506;0.00348541472535183;7.66427285140556
19308929221.4742;17.8362753289235;0.00288856465817263;-9.04980564334726;-12.926467346748;25.7933864354386;0.00342646785088472;7.65643865945847
19380261426.6877;17.9014940050829;0.00289702243605005;-9.03891367127307;-12.926029375018;25.8115379113412;0.00334732728697796;7.647620376965
19418773347.0909;17.9374116998894;0.00290151565125253;-9.03028671940768;-12.9330379557089;25.8264274773327;0.00323082250105179;7.64097846979046
19430173266.7901;17.9481296638307;0.00290279874241407;-9.02678950058374;-12.9486442787951;25.8328898665696;0.00309256056902773;7.63857085354788
19431856592.3608;17.9497151672367;0.00290298070421066;-9.02600094132389;-12.9661879045134;25.834580684221;0.00296493006406171;7.63818409587452
19431949903.1066;17.9498030940442;0.00290299049345827;-9.02581035598257;-12.979182346692;25.8350961564164;0.00287632589782628;7.63816198958585
19431957369.5613;17.9498101323773;0.0029029912506058;-9.02564461447033;-12.9939339252774;25.835570518246;0.00277925723925067;7.63816019180527
19431958010.1729;17.9498107364938;0.00290299131311123;-9.02547411264868;-13.0106770465619;25.8360610379524;0.00267315023837919;7.63816003503034
19431958073.0521;17.9498107958156;0.00290299131897834;-9.02529286209152;-13.030082527826;25.8365827069199;0.00255532065323763;7.63816001938279
19431958081.8147;17.9498108040864;0.00290299131975159;-9.02508944067609;-13.0543200334023;25.8371682102916;0.00241554048036753;7.63816001716122
19431958085.089;17.9498108071786;0.00290299132001834;-9.02483967820225;-13.0890007130805;25.8378870991717;0.00222892759680046;7.63816001631277
19431958087.135;17.9498108091122;0.00290299132016777;-9.0245590481925;-13.1364851881037;25.8386948345176;0.00199684535717955;7.63816001576955
19431958088.6224;17.9498108105188;0.00290299132026105;-9.02424794134552;-13.202614149579;25.8395902907487;0.00171363930579065;7.63816001536422
19431958089.7695;17.9498108116044;0.00290299132031901;-9.02390956270381;-13.2964800287;25.8405642413192;0.00137953119799046;7.63816001504278
19431958090.7314;17.9498108125156;0.00290299132035327;-9.02353404064747;-13.4483387664732;25.8416450979236;0.000971662477257257;7.6381600147651
19431958091.5558;17.9498108132972;0.002902991320368;-9.02312740409107;-13.748115256717;25.8428155046681;0.000486801574778331;7.63816001451947
19431958092.2791;17.9498108139837;0.00290299132036558;-9.02269076985663;-14.4765049736818;25.8440722428949;-9.08964124414749e-05;7.63816001429672
19431958092.9456;17.949810814617;0.00290299132034748;-9.02220872094773;-13.5659946412144;25.8454596809666;-0.000738921563608831;7.63816001408419
19431958093.5596;17.9498108152011;0.00290299132031772;-9.02168863796586;-13.3146257166439;25.8469565779525;-0.00131665603634673;7.63816001388108
19431958094.1071;17.9498108157225;0.00290299132028225;-9.02115779734764;-13.1884456032076;25.8484844347778;-0.00175851986427122;7.63816001369313
19431958094.6191;17.9498108162108;0.00290299132024404;-9.02059986882982;-13.1271334305108;25.8500902634822;-0.0020226861570217;7.63816001351073
19431958095.0952;17.9498108166654;0.00290299132020604;-9.02002386553269;-13.0978843004786;25.8517481233394;-0.00216087418369458;7.63816001333469
19431958095.5419;17.9498108170926;0.00290299132016905;-9.01942861052592;-13.0820066259716;25.8534613984413;-0.00223841538184676;7.63816001316322
19431958095.9641;17.9498108174969;0.00290299132013373;-9.01881278433381;-13.0774828901583;25.8552338867706;-0.00225880304715786;7.6381600129951
19431958096.3707;17.9498108178868;0.00290299132010009;-9.01816621395543;-13.0821778503914;25.8570948679373;-0.00223135203047218;7.63816001282704
19431958096.7584;17.9498108182592;0.00290299132006879;-9.01749661410096;-13.0930138436293;25.8590221357138;-0.00217317584107372;7.63816001266065
19431958097.1347;17.9498108186212;0.00290299132003941;-9.01679273324657;-13.1074501123543;25.861048073262;-0.00209888547691618;7.63816001249297
19431958097.498;17.9498108189714;0.00290299132001208;-9.01605784267583;-13.1237176905914;25.8631632641999;-0.00201846765036916;7.63816001232477
19431958097.8493;17.9498108193105;0.00290299131998669;-9.01529150099363;-13.1410109793241;25.8653689785897;-0.00193641839613699;7.63816001215578
19431958098.1901;17.9498108196401;0.00290299131996302;-9.01449142722215;-13.1583617812204;25.8676717812849;-0.00185732107981457;7.63816001198543
19431958098.5232;17.9498108199629;0.00290299131994076;-9.01365078171374;-13.1748702283996;25.8700913581629;-0.00178475462356207;7.63816001181231
19431958098.8464;17.9498108202767;0.00290299131991989;-9.01277565854981;-13.1900853358062;25.8726101690201;-0.00172000839910527;7.63816001163761
19431958099.1628;17.9498108205847;0.00290299131989998;-9.01186181001969;-13.2011476796401;25.8752404391713;-0.00167339522128113;7.63816001145966
19431958099.4745;17.9498108208886;0.00290299131988061;-9.01091014392779;-13.2066392537671;25.8779795555945;-0.00164892634033783;7.63816001127737
19431958099.7793;17.9498108211865;0.00290299131986165;-9.00993203607909;-13.2062011648106;25.8807947761251;-0.0016470564354066;7.6381600110919
19431958100.0778;17.9498108214789;0.0029029913198428;-9.00893277724002;-13.1995831673583;25.8836708726627;-0.00166868929067691;7.63816001090305
19431958100.3718;17.9498108217676;0.0029029913198237;-9.00791088890928;-13.1872790784817;25.8866121006833;-0.00171280146786875;7.63816001070978
19431958100.6614;17.9498108220527;0.00290299131980412;-9.00687036377727;-13.1700422744118;25.8896069682766;-0.00177808921109219;7.63816001051206
19431958100.9465;17.949810822334;0.00290299131978395;-9.00581382016603;-13.1501312599854;25.892647939657;-0.00185720150308863;7.63816001031005
19431958101.2283;17.9498108226128;0.00290299131976299;-9.00473652051987;-13.128788989407;25.8957486507701;-0.00194614861801286;7.63816001010291
19431958101.506;17.9498108228881;0.00290299131974128;-9.00364128895158;-13.1068737930981;25.8989009732933;-0.00204196752519866;7.63816000989139
19431958101.7804;17.949810823161;0.00290299131971872;-9.00252379999799;-13.0850718341797;25.9021173570593;-0.00214184102370291;7.63816000967484
19431958102.0528;17.9498108234325;0.0029029913196952;-9.00137787831183;-13.0637155020918;25.9054155762333;-0.00224415546645697;7.63816000945225
19431958102.3203;17.9498108236998;0.002902991319671;-9.00021465002705;-13.0433247636968;25.908763607451;-0.00234604627853705;7.63816000922597
19431958102.5881;17.9498108239682;0.00290299131964563;-8.99900945184019;-13.0236676946628;25.9122324373428;-0.00244819827669181;7.63816000899144
19431958102.8525;17.949810824234;0.00290299131961951;-8.99777757080937;-13.0052412691381;25.915778066519;-0.0025474199979406;7.63816000875184
19431958103.1159;17.9498108244995;0.00290299131959243;-8.99650625169131;-12.987973787909;25.9194372075831;-0.00264337045264714;7.63816000850491
19431958103.3759;17.9498108247625;0.00290299131956469;-8.99520422038843;-12.9720076358269;25.9231847455579;-0.00273454414948046;7.63816000825264
19431958103.6349;17.9498108250251;0.00290299131953612;-8.99385809174536;-12.9571665932493;25.9270592060279;-0.00282127069577649;7.63816000799281
19431958103.8928;17.9498108252875;0.00290299131950674;-8.99246390774021;-12.9433835477318;25.9310719811583;-0.00290335960910687;7.63816000772505
19431958104.1481;17.9498108255481;0.00290299131947679;-8.99102708816786;-12.9306481281158;25.935207471619;-0.00298035972941422;7.63816000745081
19431958104.4018;17.949810825808;0.0029029913194462;-8.98953892400664;-12.9188046285016;25.9394907439733;-0.00305278163974702;7.63816000716882
19431958104.6567;17.9498108260701;0.00290299131941466;-8.9879776135737;-12.9076322844959;25.9439845484247;-0.00312163417101897;7.63816000687547
19431958104.913;17.9498108263346;0.00290299131938218;-8.9863361463479;-12.8970578439933;25.9487090628813;-0.00318708802927787;7.63816000657005
19431958105.1656;17.9498108265963;0.00290299131934943;-8.98464122468196;-12.8872028155664;25.9535874319447;-0.00324814797277884;7.63816000625812
19431958105.4157;17.9498108268564;0.00290299131931631;-8.98288172229649;-12.8779373322046;25.9586516795756;-0.00330541901471262;7.63816000593818
19431958105.6634;17.9498108271152;0.00290299131928282;-8.98105059857382;-12.869176673269;25.9639220702786;-0.00335926466869474;7.6381600056096
19431958105.9114;17.9498108273754;0.00290299131924865;-8.97912264043033;-12.860773236621;25.9694711730607;-0.00341045646300564;7.63816000526859
19431958106.1586;17.949810827636;0.00290299131921394;-8.97709630965164;-12.8527060296736;25.9753034152737;-0.00345900276515613;7.63816000491576
19431958106.4039;17.9498108278958;0.0029029913191789;-8.97497355729652;-12.8449639695646;25.9814131813388;-0.0035048735766184;7.63816000455239
19431958106.6497;17.9498108281575;0.00290299131914316;-8.97272175562589;-12.8374179859027;25.9878943813578;-0.003548745565024;7.63816000417399
19431958106.893;17.949810828418;0.00290299131910719;-8.97035676566974;-12.830114009522;25.994701363677;-0.00359027395531045;7.63816000378445
19431958107.1323;17.9498108286757;0.00290299131907122;-8.96788371721005;-12.8230477566746;26.0018193636131;-0.00362944063645034;7.6381600033858
19431958107.3656;17.9498108289283;0.0029029913190356;-8.96531663622811;-12.816232411209;26.0092080111731;-0.00366615947929852;7.6381600029814
19431958107.5924;17.9498108291756;0.00290299131900043;-8.96265356343386;-12.8096334450107;26.0168729456316;-0.00370062615939572;7.638160002572
19431958107.8125;17.949810829417;0.00290299131896581;-8.95989356062459;-12.8032226706211;26.0248168673406;-0.00373300500438971;7.6381600021586
19431958108.0254;17.949810829652;0.00290299131893184;-8.95703686886105;-12.7969777080394;26.033039082462;-0.00376343163469323;7.63816000174248
19431958108.2302;17.9498108298796;0.00290299131889869;-8.95408747993571;-12.7908865943757;26.041528101691;-0.00379199145794689;7.63816000132559
19431958108.4261;17.9498108300989;0.00290299131886654;-8.95105328453842;-12.7849465453799;26.0502612137997;-0.00381872884437678;7.63816000091058
19431958108.612;17.9498108303085;0.00290299131883563;-8.94795226169845;-12.7791689274461;26.0591866709906;-0.00384365315861494;7.63816000050073
19431958108.7869;17.9498108305071;0.00290299131880618;-8.94481691048478;-12.7735825938421;26.0682109334361;-0.00386674509340381;7.6381600000999
19431958108.9512;17.9498108306949;0.00290299131877816;-8.94166219950354;-12.7681795802168;26.0772909180064;-0.00388816862345858;7.63815999970873
19431958109.107;17.9498108308745;0.00290299131875126;-8.93847098844627;-12.7629005886203;26.0864759584223;-0.00390828129138953;7.63815999932338
19431958109.2587;17.9498108310506;0.00290299131872476;-8.9351797845623;-12.7576198319134;26.0959488014192;-0.00392765238950431;7.63815999893429
19431958109.4151;17.9498108312337;0.00290299131869707;-8.931599526778;-12.7520295569971;26.1062536083154;-0.0039474307729251;7.63815999851744
19431958109.5839;17.9498108314331;0.00290299131866677;-8.92753362255113;-12.7458412689397;26.117956217767;-0.00396854713759324;7.63815999804869
19431958109.7696;17.9498108316549;0.00290299131863289;-8.92281942665361;-12.7388469160097;26.1315247602713;-0.00399151037042208;7.6381599975089
19431958109.965;17.9498108318912;0.00290299131859661;-8.91756970282837;-12.731256929774;26.1466346758349;-0.00401539775612512;7.63815999691187
19431958110.1674;17.9498108321392;0.00290299131855831;-8.91178939546097;-12.7231120114372;26.1632717334208;-0.00403988903040937;7.63815999625951
19431958110.3765;17.9498108323992;0.00290299131851795;-8.90542162859044;-12.7143631785546;26.181599635204;-0.00406494456591353;7.63815999554687
19431958110.5924;17.949810832672;0.00290299131847535;-8.89838049434636;-12.7049249551497;26.2018656438958;-0.00409060697517259;7.63815999476599
19431958110.8111;17.9498108329533;0.0029029913184312;-8.89071799439201;-12.6948952767467;26.2239200867525;-0.00411642616890297;7.6381599939243
19431958111.0326;17.9498108332437;0.00290299131838537;-8.88235460255244;-12.6841939088987;26.2479918584926;-0.00414244524228766;7.63815999301489
19431958111.2574;17.9498108335448;0.0029029913183376;-8.87317281844873;-12.6726969928294;26.2744191523649;-0.00416877973973651;7.63815999202715
19431958111.4856;17.9498108338575;0.00290299131828772;-8.86305814541647;-12.6602901047937;26.3035315162421;-0.00419548431181652;7.63815999095115
19431958111.7147;17.9498108341797;0.00290299131823606;-8.85199112399549;-12.6469761479371;26.3353849589829;-0.00422235405441779;7.63815998978722
19431958111.9449;17.9498108345124;0.00290299131818244;-8.83984395611948;-12.6326263824;26.3703473129705;-0.00424945684799908;7.63815998852455
19431958112.1766;17.949810834858;0.00290299131812647;-8.82642076020213;-12.6170374735249;26.4089823706907;-0.00427695768350107;7.63815998714593
19431958112.41;17.9498108352184;0.00290299131806783;-8.81151747428208;-12.6000037166678;26.4518774696489;-0.00430497129434115;7.63815998563383
19431958112.6446;17.9498108355944;0.00290299131800633;-8.79494184564195;-12.5813378575027;26.4995859576204;-0.00433354266324272;7.63815998397229
19431958112.8793;17.9498108359871;0.00290299131794181;-8.77649099520531;-12.5608439404054;26.5526917675055;-0.00436270260180791;7.63815998214467
19431958113.1148;17.9498108364004;0.0029029913178736;-8.75579236320899;-12.5381431875118;26.612267212437;-0.00439269501494211;7.63815998011818
19431958113.3513;17.9498108368383;0.00290299131780099;-8.73241164060209;-12.5127988694697;26.6795623342831;-0.00442375913071627;7.63815997785462
19431958113.5886;17.9498108373054;0.00290299131772319;-8.70584494342935;-12.4843079354215;26.7560274275643;-0.00445613808877407;7.63815997530893
19431958113.8261;17.9498108378068;0.00290299131763933;-8.67551393816402;-12.452096202106;26.8433270698815;-0.00449008000180508;7.63815997242834
19431958114.0637;17.9498108383505;0.00290299131754799;-8.64060149198563;-12.4153460589713;26.9438131584241;-0.00452599939154402;7.63815996913623
19431958114.302;17.9498108389487;0.0029029913174471;-8.60012349742858;-12.3730699018201;27.0603181820302;-0.0045644294041863;7.63815996532176
19431958114.5418;17.9498108396176;0.0029029913173338;-8.55460454329227;-12.3257845905279;27.1913322525341;-0.00460522060709129;7.63815996082815
19431958114.7883;17.9498108403891;0.0029029913172026;-8.50445380180058;-12.2738664339906;27.3356776771914;-0.00464854685451346;7.63815995538373
19431958115.0439;17.9498108412919;0.00290299131704845;-8.45191483096283;-12.2195484395507;27.4868969763617;-0.00469344903227229;7.63815994870232
19431958115.3098;17.949810842352;0.00290299131686668;-8.39943069095485;-12.1652736672253;27.6379584571449;-0.00473874111812564;7.638159940512
19431958115.5884;17.9498108435994;0.00290299131665191;-8.34887562450362;-12.1129121633589;27.7834676150093;-0.00478354550413857;7.63815993049473
19431958115.8828;17.9498108450683;0.00290299131639795;-8.30197069759327;-12.0641773509111;27.918470823388;-0.00482708530383275;7.63815991830296
19431958116.1999;17.9498108468234;0.00290299131609317;-8.25693730506109;-12.0172658889838;28.0480873186213;-0.00487051255135713;7.63815990335081
19431958116.5492;17.9498108489563;0.00290299131572114;-8.21422285451032;-11.9725969432971;28.1710293566945;-0.00491392617385762;7.63815988475487
19431958116.9579;17.9498108516998;0.00290299131524023;-8.17307539726624;-11.9293165598328;28.2894612164667;-0.00495887902654013;7.63815986037071
19431958117.484;17.9498108555862;0.00290299131455504;-8.1315016588471;-11.8852426968198;28.4091199952997;-0.00500860454415533;7.63815982529962
19431958118.353;17.9498108627565;0.00290299131328057;-8.08348606290375;-11.8336920697738;28.5473198829109;-0.00507410365232864;7.63815975996947
19431958120.1861;17.9498108797333;0.00290299131022602;-8.03333519777182;-11.7782436577534;28.6916654280011;-0.00516234824279393;7.63815960254573
19431958127.7277;17.9498109565143;0.00290299129618971;-7.9922095717058;-11.7302104664489;28.8100333868139;-0.00526675197546081;7.6381588697401
19431958179.1255;17.949811523809;0.00290299118991909;-7.95713561712164;-11.6845311172025;28.9109761322724;-0.00541585782737645;7.63815339798051
19431958603.5884;17.9498166788823;0.00290299019960902;-7.91560490940643;-11.6320685604423;29.0304363645759;-0.00557686219109595;7.63810346604951
19431962111.0145;17.9498659884714;0.00290298015903904;-7.8520571514389;-11.5432301679894;29.2126361831584;-0.00594836669645341;7.63763223705556
19431986235.1718;17.950322320099;0.00290287494178627;-7.72317158059781;-11.3603651924608;29.5774013117956;-0.00681971777146633;7.63349157549215
19432086255.9562;17.9540452195672;0.00290181942857503;-7.42920894735988;-10.976626582723;30.3805297254995;-0.00861346129906763;7.60478548355395
19432426494.1178;18.0292426268133;0.00287836869554831;-6.65558015641272;-10.1616266005842;31.9451153327333;-0.00996226330948113;7.1624074487524
19433416069.2969;18.1653909596489;0.00284585899901856;-6.8614364659223;-10.4834358781256;28.8848754122974;-0.00689717247648722;5.51359799578193
19436051675.0485;18.2815623092096;0.00282053000295264;-7.35578141205631;-11.0172624700962;27.9972420469564;-0.00610427645323556;5.87119478042684
19443020619.0566;18.404116371444;0.002795829616094;-7.75483926404614;-11.4504632199474;27.4632720965922;-0.00553513635388532;6.28184430933582
19465236652.9474;18.5550467334474;0.00276859647430453;-8.16788991556927;-11.9115687820421;26.912404567541;-0.00485594362694847;6.70811300225564
19536903175.918;18.7495083932027;0.00273874112818424;-8.56648234621698;-12.3802942239795;26.3856077709981;-0.00405093453171403;7.12266012240799
19666450083.2855;18.9452048903822;0.00271339707000749;-8.8208439974881;-12.7085508928459;26.0516966759972;-0.0033738760053219;7.38871592278113
19848223563.5052;19.1338588976329;0.00269305411511909;-8.98386448766013;-12.9511164862351;25.839675190285;-0.00278634604367803;7.56055564286806
20074998270.3459;19.3180751386318;0.00267707169252193;-9.09026669807138;-13.1519520043651;25.7040836523257;-0.00223006139511184;7.67458038513481
20326306711.2606;19.4947344725009;0.00266541080988977;-9.15307048735715;-13.3334756517036;25.6269943710448;-0.00169157987314241;7.74385003095605
20592437099.9526;19.667867169431;0.00265759610872881;-9.18671537407507;-13.5321820932859;25.5882481885824;-0.00115497832802107;7.7826636351934
20860584594.0745;19.8366555955301;0.00265345824970449;-9.20103107923595;-13.8115980524788;25.5739289518245;-0.000626946498326221;7.8006264941573
21123499867.8642;20.0011104985053;0.00265272302374012;-9.20376899087852;-14.5533949810477;25.5736148207148;-0.000114331560073947;7.8056818188855
21374552392.9648;20.1594917798198;0.0026549988993066;-9.20006074177765;-14.0426160805731;25.5807916461773;0.000367585728538667;7.80334573474638
21614828771.4184;20.3135943992136;0.0026599133020338;-9.19290105665723;-13.6892403341375;25.5919006195451;0.000816137368031479;7.79699952509485
21843822874.0871;20.4635179000122;0.00266707618290388;-9.1839545833263;-13.5047365697886;25.6049562439279;0.00122332556458418;7.78851783381955
22063248230.7066;20.6104607223956;0.00267618671189677;-9.17413843562524;-13.3817432183245;25.6188961704915;0.00158838446506912;7.77895453664985
22271895876.3513;20.7534860956486;0.00268682296264366;-9.1640003987313;-13.2926249213864;25.6331261654858;0.00190623769140899;7.76896603070827
22473876352.8815;20.8952834620372;0.00269888106117569;-9.15364122774806;-13.2240305641362;25.6475428913662;0.00218100383078293;7.75867703041548
22668641422.9297;21.0352967944131;0.0027120494368667;-9.14334167928719;-13.1699788630295;25.6617940324616;0.00241351404891593;7.74839205342177
22853000605.3113;21.1709348210133;0.00272578797477054;-9.13328331080031;-13.1277242571258;25.6757341990127;0.00260065010044528;7.73836310624936
23027591071.9819;21.3023210221882;0.00273983419861441;-9.12347076994595;-13.0944609406692;25.6893019823681;0.00274638952044067;7.72855809644067
23192841232.5379;21.4293823442574;0.00275396643321534;-9.11412852027175;-13.0679310518252;25.7021219465973;0.00285868595710862;7.71915783900834
23349773393.8722;21.5525646415764;0.00276805578986032;-9.10516365675781;-13.0468207934733;25.7144955423964;0.0029411750432336;7.71018508332438
23497373992.4296;21.6708306495507;0.00278181396150513;-9.09622818105601;-13.0305273953257;25.7270404768665;0.00299288903765688;7.70138331967509
23634131685.7168;21.78266747074;0.00279493495744765;-9.08736695253253;-13.0179849656827;25.7394683180448;0.00301982348722135;7.69264610192736
23760894477.0155;21.8883045750975;0.00280738496587351;-9.07917530557226;-13.0078221483747;25.7506132498389;0.00303487447787775;7.6843393702114
23879375707.1593;21.9886397602802;0.00281924008245706;-9.07219629808453;-12.9997437254455;25.759760687384;0.00304364780468032;7.67703002051256
23992402163.6213;22.0857307067719;0.0028306906117236;-9.06600137724208;-12.9943545509671;25.7680562302661;0.00303898450543424;7.6706593392778
24098890184.961;22.1786623090383;0.00284155514931378;-9.05913733242047;-12.9912895105857;25.7782878179005;0.00301371299082035;7.66429543892777
24194344408.5746;22.263761628971;0.00285135471637857;-9.04986906015871;-12.9885882601979;25.7932702290544;0.00297021035691081;7.6564822636064
24265673407.7508;22.3289596888105;0.00285869825963058;-9.03903145822549;-12.987360473315;25.8113292084762;0.00290724314343888;7.64770674005085
24303976102.0361;22.3646651060718;0.00286257830225936;-9.03049521145307;-12.9943928270785;25.8260669235697;0.00280647163045478;7.64113780964023
24315206429.3899;22.3752168705493;0.0028636737145419;-9.02706732683583;-13.0108148094985;25.8324074304022;0.00268174450322299;7.6387820955909
24316838706.1747;22.3767532278696;0.00286382637439333;-9.02630156982432;-13.0290689684714;25.8340544839009;0.00256699588523887;7.6384099496837
24316929885.5959;22.3768390866019;0.00286383464191446;-9.02611235931943;-13.0425215178958;25.8345670104885;0.00248766575964841;7.63838852065191
24316937202.9671;22.3768459795992;0.00286383528263323;-9.02594698017415;-13.0576876377878;25.8350404015761;0.00240142201348827;7.6383867727013
24316937833.0484;22.3768465733722;0.00286383533565844;-9.0257761371588;-13.0749141669306;25.8355319064952;0.00230716883956775;7.63838661970824
24316937894.4974;22.3768466313044;0.00286383534059749;-9.02559434853115;-13.0948719239483;25.8360551221952;0.00220266589293872;7.63838660453365
24316937903.0843;22.3768466394037;0.00286383534124915;-9.02539043786541;-13.1198136760084;25.8366420308037;0.00207880058284385;7.63838660237287
24316937906.3289;22.3768466424658;0.0028638353414759;-9.02514069872189;-13.1556177757818;25.8373608487637;0.00191324714360585;7.63838660153823
24316937908.3649;22.3768466443886;0.00286383534160299;-9.02486014291867;-13.2046813409506;25.8381683661739;0.0017078138285599;7.63838660100152
24316937909.8365;22.3768466457792;0.00286383534168149;-9.02455167787645;-13.2728722255108;25.8390562138671;0.0014586668027656;7.63838660060334
24316937910.9891;22.3768466468693;0.00286383534173047;-9.02421129596118;-13.3716918675559;25.8400359256547;0.00116094739541837;7.63838660028262
24316937911.9444;22.3768466477736;0.00286383534175849;-9.02383812198189;-13.5325655689483;25.8411100193039;0.000800910003521159;7.6383866000087
24316937912.7685;22.3768466485544;0.00286383534176971;-9.02343177589324;-13.866234022384;25.8422795862718;0.000371132147230784;7.63838659976479
24316937913.4935;22.3768466492421;0.00286383534176589;-9.02299418612343;-14.2781453396156;25.8435390726972;-0.000143615340809303;7.63838659954295
24316937914.1568;22.3768466498718;0.00286383534174858;-9.02251483607332;-13.583467180652;25.8449187438243;-0.00071026894504166;7.63838659933279
24316937914.7706;22.3768466504553;0.00286383534172116;-9.02199583906978;-13.3498867086164;25.8464125190966;-0.00121481291958871;7.63838659913104
24316937915.3155;22.3768466509739;0.00286383534168919;-9.02146880015025;-13.2315571824641;25.8479294391956;-0.00159344609836166;7.63838659894515
24316937915.834;22.376846651468;0.00286383534165444;-9.02090505566987;-13.1738800926764;25.8495520119011;-0.00181751491679136;7.63838659876154
24316937916.3172;22.3768466519292;0.00286383534161998;-9.02032088585354;-13.1468914605333;25.8512333796568;-0.00193157107698245;7.63838659858377
24316937916.7628;22.376846652355;0.0028638353415872;-9.01972759410119;-13.1332869534721;25.8529410060875;-0.00199044689808747;7.63838659841364
24316937917.1919;22.3768466527656;0.00286383534155545;-9.01910161240832;-13.1307790814919;25.8547427253359;-0.00199922996035028;7.63838659824351
24316937917.606;22.3768466531625;0.00286383534152528;-9.01844221917598;-13.1375391023707;25.8566406138302;-0.00196550981083198;7.638386598073
24316937917.9974;22.3768466535382;0.0028638353414976;-9.01776459266735;-13.1503686712477;25.8585909837335;-0.00190546413235441;7.63838659790555
24316937918.3757;22.3768466539019;0.00286383534147183;-9.01705466616145;-13.166730718665;25.8606343212652;-0.00183215883317905;7.6383865977374
24316937918.7411;22.3768466542539;0.00286383534144794;-9.01631301980094;-13.1847097740933;25.862768955927;-0.00175500462692219;7.63838659756861
24316937919.0935;22.3768466545939;0.00286383534142589;-9.01554134390414;-13.2035067417163;25.8649900223232;-0.00167782598977736;7.63838659739939
24316937919.4368;22.3768466549258;0.00286383534140532;-9.01473186630427;-13.2225867096508;25.8673198904134;-0.00160286368872731;7.638386597228
24316937919.769;22.3768466552475;0.00286383534138624;-9.01388982537959;-13.2406370642625;25.8697434826901;-0.00153477559074442;7.63838659705555
24316937920.094;22.3768466555629;0.00286383534136823;-9.01300629543758;-13.2564944419529;25.8722864892303;-0.00147688495072215;7.63838659688005
24316937920.4098;22.3768466558701;0.00286383534135109;-9.0120912044709;-13.26548659993;25.874920334273;-0.00144372217085024;7.63838659670258
24316937920.7204;22.3768466561727;0.00286383534133429;-9.01114053134626;-13.2667362617455;25.87765659159;-0.00143657801188301;7.63838659652106
24316937921.0247;22.37684665647;0.00286383534131754;-9.01016231153187;-13.2591987695648;25.8804721330977;-0.00145859841332128;7.638386596336
24316937921.3228;22.3768466567619;0.00286383534130053;-9.00916308452689;-13.2437032366496;25.8833481366179;-0.00150827419784923;7.6383865961475
24316937921.6159;22.3768466570496;0.00286383534128292;-9.00814382995617;-13.221270448161;25.8862817824655;-0.00158468539787712;7.63838659595495
24316937921.9057;22.3768466573347;0.00286383534126437;-9.00710239751992;-13.1938090165963;25.8892792596946;-0.00168427631343739;7.63838659575722
24316937922.1915;22.3768466576165;0.0028638353412448;-9.0060433738557;-13.1644662640056;25.8923273672588;-0.00179782824504737;7.63838659555491
24316937922.4713;22.3768466578931;0.00286383534122431;-9.00497404870514;-13.1351032919397;25.8954051238651;-0.00191908171077872;7.63838659534946
24316937922.7487;22.3768466581681;0.00286383534120258;-9.00387975684175;-13.1062341958474;25.8985547394697;-0.00204607283808616;7.63838659513829
24316937923.0218;22.3768466584394;0.0028638353411798;-9.0027678655042;-13.0787339359165;25.9017550097204;-0.00217451857041479;7.63838659492301
24316937923.2948;22.3768466587114;0.00286383534115561;-9.00161933381975;-13.0525218637453;25.9050607386644;-0.00230399793216896;7.63838659470011
24316937923.5658;22.3768466589821;0.0028638353411302;-9.00044064878859;-13.0279334197217;25.908453255434;-0.00243191681330625;7.63838659447103
24316937923.8321;22.3768466592489;0.00286383534110389;-8.99924186779899;-13.0052476302301;25.9119036128151;-0.00255560398747132;7.63838659423795
24316937924.0957;22.3768466595138;0.00286383534107656;-8.99801343537243;-12.9843799520827;25.9154393138267;-0.00267418875715186;7.63838659399924
24316937924.3582;22.3768466597782;0.00286383534104812;-8.99674615743548;-12.9651908841601;25.9190868212476;-0.00278724387472209;7.63838659375333
24316937924.6189;22.3768466600416;0.00286383534101871;-8.99544095818716;-12.9476396854731;25.9228434751811;-0.00289390260180052;7.6383865935007
24316937924.877;22.3768466603032;0.00286383534098851;-8.99409909279934;-12.9316525029973;25.92670566309;-0.00299360108194057;7.63838659324195
24316937925.1343;22.3768466605649;0.00286383534095735;-8.99270777400351;-12.9169780347927;25.9307101896844;-0.0030870534611021;7.63838659297502
24316937925.389;22.3768466608248;0.00286383534092555;-8.99127423857039;-12.903577445482;25.9348362259835;-0.00317380545996836;7.63838659270169
24316937925.6419;22.3768466610837;0.00286383534089306;-8.98979034361094;-12.891250633685;25.9391072090822;-0.00325457837216066;7.63838659242082
24316937925.8947;22.3768466613435;0.00286383534085972;-8.98824251219136;-12.8797939433892;25.9435622164789;-0.00333026026826696;7.63838659213029
24316937926.1496;22.3768466616063;0.00286383534082526;-8.98661099177977;-12.8690104705492;25.9482581004504;-0.00340179963586204;7.638386591827
24316937926.4022;22.3768466618678;0.00286383534079031;-8.98491755106296;-12.8589866167469;25.9531322058285;-0.00346833240324033;7.63838659151561
24316937926.6515;22.3768466621271;0.00286383534075506;-8.98316416203185;-12.8496532246823;25.9581788567757;-0.00353008495976539;7.63838659119706
24316937926.8988;22.3768466623852;0.00286383534071939;-8.98133834415522;-12.840877568833;25.9634339750868;-0.00358775607013349;7.63838659086968
24316937927.1459;22.3768466626443;0.00286383534068305;-8.979419223653;-12.8325191953055;25.9689576402485;-0.00364212247862716;7.63838659053047
24316937927.3923;22.3768466629038;0.00286383534064615;-8.97740249874668;-12.8245336019619;25.9747622337722;-0.00369335010317647;7.63838659017952
24316937927.638;22.376846663164;0.00286383534060868;-8.97527849599641;-12.8168612383762;25.9808755980346;-0.00374171789553084;7.63838658981612
24316937927.8828;22.3768466634244;0.00286383534057073;-8.97303930825685;-12.8094558706886;25.9873204916157;-0.00378743283551947;7.63838658944
24316937928.1264;22.376846663685;0.00286383534053232;-8.970675548095;-12.8022723827455;25.9941239337036;-0.0038307018424345;7.63838658905079
24316937928.3659;22.3768466639427;0.00286383534049395;-8.96820517085673;-12.7953441903806;26.0012342447103;-0.00387128321295347;7.63838658865267
24316937928.5995;22.3768466641956;0.00286383534045595;-8.96563878095132;-12.7886698114505;26.0086209027069;-0.00390918563318025;7.63838658824844
24316937928.8268;22.3768466644431;0.00286383534041842;-8.96297622382889;-12.7822165390552;26.0162843525062;-0.00394461803004762;7.63838658783917
24316937929.0473;22.3768466646847;0.00286383534038149;-8.9602165299563;-12.7759533669149;26.0242273846306;-0.00397778227256065;7.63838658742582
24316937929.2605;22.3768466649199;0.00286383534034526;-8.95735998023541;-12.7698557808646;26.0324491905651;-0.00400884466765423;7.63838658700969
24316937929.4658;22.3768466651479;0.00286383534030991;-8.95441013618379;-12.7639089789465;26.0409395194308;-0.00403792089034938;7.63838658659265
24316937929.6622;22.3768466653676;0.00286383534027562;-8.95137421973899;-12.7581073071953;26.0496775848199;-0.00406508157373757;7.63838658617726
24316937929.8487;22.3768466655777;0.00286383534024265;-8.94827042425801;-12.7524615100294;26.0586110220486;-0.00409034723518621;7.6383865857669
24316937930.0242;22.3768466657768;0.00286383534021122;-8.94512968191606;-12.7469966155326;26.0676508011688;-0.00411372220556408;7.63838658536529
24316937930.189;22.3768466659652;0.00286383534018136;-8.94196972540196;-12.7417094361894;26.0767458833812;-0.00413536344134027;7.63838658497344
24316937930.3452;22.376846666145;0.0028638353401527;-8.93877578775363;-12.7365456572186;26.0859387713644;-0.00415562739994561;7.63838658458783
24316937930.4969;22.3768466663211;0.00286383534012454;-8.93548604567809;-12.7313847469714;26.0954074067633;-0.00417508556326375;7.6383865841991
24316937930.6526;22.3768466665032;0.00286383534009528;-8.93192442764191;-12.7259447663086;26.1056585639953;-0.00419482951355167;7.63838658378473
24316937930.8207;22.3768466667016;0.00286383534006324;-8.92787824136468;-12.7199174641972;26.1173044204631;-0.00421588861666483;7.63838658331872
24316937931.0054;22.3768466669221;0.00286383534002748;-8.92319278112593;-12.7131093429896;26.1307902549274;-0.00423873223020303;7.63838658278281
24316937931.2003;22.3768466671575;0.0028638353399891;-8.91796194075016;-12.7056975351919;26.1458458193775;-0.00426252659219986;7.63838658218854
24316937931.4023;22.3768466674047;0.0028638353399486;-8.91220373191711;-12.6977394993582;26.1624192720949;-0.00428688796669447;7.6383865815393
24316937931.6106;22.3768466676635;0.00286383533990598;-8.90586777486494;-12.6891942422919;26.1806556176954;-0.00431175475080343;7.63838658083087
24316937931.8258;22.3768466679351;0.00286383533986102;-8.89886234770722;-12.6799679672572;26.2008188529686;-0.0043371979613566;7.63838658005462
24316937932.0443;22.3768466682157;0.00286383533981433;-8.89122299714613;-12.6701342130276;26.2228066663485;-0.00436282664822753;7.63838657921616
24316937932.2654;22.3768466685053;0.0028638353397659;-8.88288938801538;-12.6596376898665;26.2467927164028;-0.00438861961212673;7.63838657831068
24316937932.4897;22.3768466688053;0.00286383533971551;-8.87375140492812;-12.6483634887208;26.2730939406669;-0.00441467904287032;7.63838657732833
24316937932.7176;22.3768466691172;0.00286383533966283;-8.86367187665559;-12.6361690885004;26.3021051496429;-0.00444112807588872;7.63838657625677
24316937932.9467;22.3768466694388;0.00286383533960827;-8.85263863745726;-12.6230648824701;26.3338613591824;-0.00446774420086258;7.63838657509713
24316937933.1766;22.3768466697708;0.00286383533955169;-8.84053481423455;-12.6089347923331;26.3686989570873;-0.00449457595362719;7.63838657383971
24316937933.4081;22.3768466701154;0.00286383533949268;-8.82716760965366;-12.5935789816554;26.4071728586504;-0.00452179153297238;7.63838657246755
24316937933.6413;22.3768466704747;0.00286383533943088;-8.81232615294803;-12.5767836374604;26.4498899986897;-0.00454952845527997;7.63838657096249
24316937933.8758;22.3768466708499;0.00286383533936606;-8.79581422342861;-12.5583564852185;26.4974151457193;-0.00457784673230693;7.63838656930816
24316937934.1104;22.3768466712416;0.00286383533929809;-8.77743523552065;-12.5381077767463;26.5503141184857;-0.00460677628395023;7.63838656748852
24316937934.3457;22.3768466716535;0.00286383533922632;-8.7568361059931;-12.5156799916361;26.6096031721588;-0.00463654535397987;7.63838656547266
24316937934.582;22.3768466720898;0.00286383533914998;-8.73357415178141;-12.4906267639189;26.6765564509503;-0.00466742293278351;7.63838656322158
24316937934.8192;22.3768466725554;0.0028638353390682;-8.70713854353214;-12.4624371731752;26.7526442398422;-0.00469967779997483;7.63838656068965
24316937935.0567;22.3768466730552;0.00286383533898005;-8.67694663231901;-12.4305319152973;26.8395435371477;-0.00473358132068433;7.63838655782375
24316937935.2942;22.3768466735964;0.00286383533888422;-8.64223887047292;-12.394153440025;26.9394404966726;-0.00476951261825402;7.63838655455276
24316937935.5322;22.3768466741916;0.00286383533877845;-8.6019934480447;-12.3522750037045;27.0552761237128;-0.0048080659383893;7.63838655076482
24316937935.772;22.3768466748571;0.00286383533865975;-8.55663088662929;-12.3053095019874;27.1858400596078;-0.00484913351622149;7.63838654630309
24316937936.0181;22.3768466756237;0.00286383533852251;-8.50663615527214;-12.2537137504323;27.3297364508386;-0.00489280433500731;7.63838654090341
24316937936.2732;22.3768466765199;0.00286383533836145;-8.45414103135146;-12.1996094915185;27.4808295482907;-0.00493811703023082;7.63838653428167
24316937936.5386;22.3768466775728;0.00286383533817156;-8.40163645768591;-12.1454861066655;27.6319498417337;-0.00498381465608442;7.63838652616039
24316937936.8165;22.3768466788112;0.00286383533794735;-8.35095390411139;-12.0931726987024;27.7778259369474;-0.00502897477912333;7.6383865162292
24316937937.1102;22.3768466802702;0.0028638353376822;-8.30390827195821;-12.0444760333385;27.9132341275055;-0.00507273758841018;7.63838650413231
24316937937.426;22.3768466820103;0.00286383533736474;-8.25883360391218;-11.9977119062135;28.0429694232489;-0.00511617859230341;7.63838648932225
24316937937.7736;22.3768466841238;0.00286383533697759;-8.21601705096202;-11.9531400131194;28.1662053357642;-0.00515947341320686;7.63838647090996
24316937938.1785;22.376846686831;0.00286383533647951;-8.17487071129657;-11.9100880608011;28.2846339792692;-0.00520395117904794;7.63838644686375
24316937938.6957;22.3768466906346;0.00286383533577611;-8.13348920833813;-11.8664916366973;28.4037394610486;-0.00525258503476392;7.63838641255395
24316937939.5426;22.3768466975858;0.00286383533448145;-8.08572892287632;-11.8156257748493;28.5412045090887;-0.00531588338829956;7.63838634924957
24316937941.2987;22.37684671377;0.00286383533143492;-8.03545816356033;-11.7607453274875;28.6858951488273;-0.00539984436540095;7.63838619933059
24316937948.1764;22.3768467835166;0.00286383531812089;-7.99392523212774;-11.7131387946016;28.8054355283299;-0.00549871085808093;7.6383855343762
24316937994.626;22.3768472939319;0.00286383521856629;-7.95905776584702;-11.6689201145039;28.9057847756192;-0.00563796552682138;7.63838061182557
24316938376.7382;22.3768519107636;0.00286383429634393;-7.91784687454413;-11.6173552653877;29.0243323009843;-0.00579767473765135;7.63833589119812
24316941520.1116;22.3768956566527;0.00286382509659805;-7.85645873352933;-11.5336201500691;29.2003949166407;-0.00614083330544876;7.63791722684206
24316963778.5918;22.377308479882;0.00286372771165967;-7.73173138014634;-11.3590037131262;29.5537616061189;-0.00697172796652085;7.63415732182947
24317057085.0343;22.380588870586;0.00286278902123462;-7.4539860587506;-10.9973892433309;30.3146721665628;-0.00867460466410348;7.60843070960627
24317377368.5644;22.4473112025191;0.00284146381551802;-6.68126339016798;-10.1766413772319;31.9705476600578;-0.0102181456488412;7.22879018998147
24318316733.2649;22.5862302778391;0.00280735149136012;-6.83007235235314;-10.4399229262451;29.003404442255;-0.0071219415457388;5.5324770658923
24320826577.4999;22.702527522714;0.00278139402268419;-7.33407734303816;-10.9853844306873;28.026356572664;-0.00625546438024128;5.84890836248725
24327418201.7346;22.824180519063;0.00275625575909169;-7.7338696315977;-11.4186571659901;27.4913219740929;-0.00568078155928549;6.26025893234226
24348221252.8786;22.9730172092784;0.00272862861462942;-8.14541703303092;-11.8767910381602;26.942262529651;-0.00500103689466624;6.68484481925327
24416764729.9947;23.166225735486;0.00269800680898803;-8.54993984408547;-12.3499353361442;26.4073876479262;-0.00418533233457066;7.1053991860745
24542747802.6529;23.361573404973;0.00267180428349846;-8.80950396192333;-12.6819690442141;26.0665060183058;-0.00349637285237356;7.37680239681091
24721539522.2459;23.5504097784558;0.00265062039701024;-8.97626174997178;-12.9263417607405;25.8495189389523;-0.00289982943899152;7.55251148724264
24947095475.4408;23.7355139254426;0.00263381842118871;-9.08583814551288;-13.1278939386931;25.7096215818934;-0.00233367240675809;7.6697635163529
25197237057.3971;23.9123902655055;0.00262147297870801;-9.15051614888968;-13.3066792317366;25.6300451384365;-0.00178890092321987;7.74097563249775
25461408338.7225;24.084797383946;0.00261305735394634;-9.18533040943129;-13.4967992398886;25.589771885657;-0.00124910108047992;7.78101772621189
25730435212.6909;24.2543154599887;0.0026083338387583;-9.20057965058106;-13.7555303491264;25.5743058427616;-0.000712612040508836;7.80000961211053
25995486693.1678;24.4200904700998;0.00260710931135968;-9.2038111713004;-14.3353617275307;25.5734209667433;-0.000188902746132265;7.8056328433565
26249015592.8083;24.579947977433;0.00260901531010085;-9.20029443480647;-14.1239048620478;25.5804016504155;0.000304997958228451;7.80353400066187
26489482572.1637;24.7340484297294;0.00261360081217926;-9.19325153458624;-13.7196685533644;25.5913759832212;0.00076151176723868;7.79732241734329
26718927306.4912;24.8841267844871;0.00262050296654699;-9.18436003516197;-13.5216934271194;25.604374246254;0.00117755384393811;7.78890811910608
26938661480.2626;25.0311288099472;0.00262940543370197;-9.17457428636544;-13.3923872250096;25.6182819353558;0.00155144742245872;7.77938174198331
27150139737.5827;25.1759857052639;0.00264004138083042;-9.1643265501236;-13.2984895531813;25.6326703870072;0.00188204866879978;7.76928814814093
27352880416.1691;25.3182183403937;0.00265205376469357;-9.15394163952976;-13.2273116938757;25.6471270273637;0.00216605095278427;7.75897631759988
27547145611.5961;25.4577642722196;0.00266513800839858;-9.14367781927498;-13.1716463746963;25.6613295079658;0.00240608296267401;7.7487275367738
27732654112.9819;25.5941582666399;0.00267896257108824;-9.13356856875471;-13.1277124148048;25.6753391361985;0.00260238976778333;7.7386471505934
27906813835.8178;25.725125058147;0.00269300967898598;-9.12378653681017;-13.0933608065722;25.6888678463416;0.00275531143624968;7.728874705675
28072805154.3777;25.8526756150162;0.00270727901156618;-9.11440301576277;-13.0656817144618;25.7017458733114;0.00287530504577869;7.71943387513927
28229914169.1742;25.9759187959784;0.002721488744709;-9.10543820611772;-13.0436151832411;25.7141132876739;0.00296479435997589;7.71045709349709
28378165205.1022;26.094635746868;0.00273543985512813;-9.0964850030331;-13.0263889607021;25.7266785301349;0.00302328968358599;7.70163480795231
28515582646.0615;26.2069536986947;0.00274877655395041;-9.08759268139693;-13.012993512909;25.7391557715543;0.00305628230289081;7.69287080277477
28642974135.5228;26.313071824135;0.00276145599924694;-9.0793508457778;-13.002040161073;25.7503798262733;0.00307676498258455;7.68452042044658
28761596541.5259;26.4134913947174;0.00277350364098843;-9.07234836862877;-12.9932646840128;25.7595609199613;0.00309045298224142;7.67718842436176
28874859629.3046;26.5107526752971;0.00278516808428624;-9.06614841383034;-12.9872243808889;25.7678472606052;0.003090310876911;7.67080191434772
28981619727.2834;26.6038825715245;0.00279625605321015;-9.0593198446576;-12.9835569636094;25.7780020838134;0.0030691077473973;7.66445494687905
29077217179.6316;26.6890583939908;0.00280626158904362;-9.05012998272362;-12.9802059669028;25.7928483783333;0.00302986529773791;7.65670161520929
29149255610.1967;26.7548684311687;0.002813839414567;-9.03927210653207;-12.9780196410923;25.810939798883;0.00297205117604797;7.64790877836571
29188203689.982;26.791162525057;0.00281788510576563;-9.03065009263149;-12.9834933203171;25.8258075946149;0.00287879462715871;7.64126182431276
29200186070.339;26.802422102925;0.00281908781027459;-9.02702099257148;-12.9983841621446;25.8324953794511;0.00275932712881306;7.63875118980696
29202008843.6418;26.8041382072926;0.00281926367004982;-9.0261889624591;-13.0155661453201;25.834266456382;0.00264739626459892;7.63833446127296
29202112595.3626;26.8042359313266;0.00281927339578039;-9.02599392242885;-13.0280730744705;25.834791192727;0.00257114046679892;7.6383099795455
29202120800.5232;26.8042436627377;0.00281927414071679;-9.0258283231097;-13.0419678897578;25.8352648879404;0.00248927772019466;7.63830801147478
29202121499.6823;26.804244321787;0.00281927420194324;-9.02565810413393;-13.0576369517126;25.8357545704509;0.00240017165541838;7.63830784102381
29202121567.7875;26.8042443860119;0.00281927420766459;-9.02547717264739;-13.0756814462348;25.8362753164001;0.00230157764284118;7.63830782414005
29202121577.0176;26.8042443947201;0.00281927420840113;-9.02527483097323;-13.0980092036057;25.8368577086768;0.00218527109251554;7.63830782180892
29202121580.3634;26.8042443978786;0.00281927420864925;-9.02502621662772;-13.1298550529488;25.8375732890725;0.00202965809491852;7.63830782094526
29202121582.4331;26.8042443998336;0.00281927420878816;-9.02474687320054;-13.1731597077003;25.8383773170611;0.00183591428667868;7.63830782039788
29202121583.9302;26.8042444012487;0.00281927420887577;-9.02443792262498;-13.2326920093479;25.8392665626387;0.00159965414431305;7.63830781999151
29202121585.0885;26.8042444023446;0.00281927420893173;-9.02409995446557;-13.315919341029;25.8402393277626;0.00131970586000828;7.63830781966818
29202121586.0547;26.8042444032594;0.00281927420896636;-9.02372627934069;-13.4455909576363;25.841314865261;0.000978250164239953;7.63830781939036
29202121586.881;26.8042444040424;0.00281927420898374;-9.02332221075156;-13.6772128125634;25.8424778793488;0.000573381334894385;7.63830781914514
29202121587.6088;26.804244404733;0.00281927420898608;-9.02288616779785;-14.492920021555;25.8437329174332;8.75631528038721e-05;7.63830781892187
29202121588.2801;26.8042444053704;0.00281927420897479;-9.0224039056175;-13.7743385663758;25.8451209755352;-0.000457555635360547;7.63830781870868
29202121588.8939;26.8042444059541;0.0028192742089536;-9.02188717182306;-13.4620031887426;25.8466082422983;-0.000938182965723763;7.63830781850641
29202121589.441;26.804244406475;0.00281927420892735;-9.0213600542455;-13.3187925411974;25.8481253933062;-0.00130315647093202;7.63830781831933
29202121589.9631;26.8042444069726;0.00281927420889808;-9.02079414326592;-13.2514014561703;25.849754204493;-0.001520019309439;7.63830781813403
29202121590.4423;26.80424440743;0.00281927420886929;-9.02021666496348;-13.2213235862522;25.8514163142002;-0.0016269620407151;7.63830781795741
29202121590.8872;26.8042444078552;0.00281927420884162;-9.0196263350016;-13.2061615315575;25.853115416773;-0.00168258761725324;7.63830781778725
29202121591.3179;26.8042444082675;0.00281927420881467;-9.01900009087007;-13.2035672902986;25.8549178915411;-0.00169034737484902;7.63830781761623
29202121591.7349;26.8042444086673;0.00281927420878906;-9.01833798816739;-13.2117718765566;25.8568235781503;-0.00165630870300664;7.63830781744424
29202121592.1281;26.8042444090448;0.00281927420876575;-9.01765889128201;-13.2270588526467;25.8587781794294;-0.00159664380169893;7.63830781727575
29202121592.5103;26.8042444094124;0.00281927420874409;-9.01694297755437;-13.2466435916663;25.8608387487043;-0.00152384920288303;7.63830781710557
29202121592.8788;26.8042444097674;0.00281927420872422;-9.01619578907856;-13.2682901266338;25.8629893339399;-0.00144738605199866;7.63830781693499
29202121593.232;26.8042444101083;0.00281927420870615;-9.015423030435;-13.2909878309557;25.8652135157976;-0.00137135933548669;7.63830781676506
29202121593.5773;26.8042444104422;0.0028192742086894;-9.01460910531722;-13.3143323141282;25.8675561839826;-0.00129727542841651;7.63830781659229
29202121593.9102;26.8042444107647;0.00281927420867407;-9.01376521793628;-13.3365414545152;25.8699850899682;-0.00123032526330829;7.63830781641905
29202121594.2355;26.8042444110804;0.00281927420865974;-9.01288093739072;-13.3560167103269;25.8725302561967;-0.0011740947080029;7.63830781624301
29202121594.5525;26.8042444113889;0.0028192742086461;-9.01196225434568;-13.3663097743482;25.8751744395586;-0.00114428911381724;7.63830781606446
29202121594.8639;26.8042444116925;0.00281927420863269;-9.01100851246188;-13.3660619588526;25.8779195291663;-0.00114255183367003;7.63830781588199
29202121595.1674;26.804244411989;0.00281927420861927;-9.01003275087601;-13.3541334717922;25.8807279952473;-0.00117186009998853;7.63830781569704
29202121595.4658;26.8042444122813;0.00281927420860537;-9.0090325448435;-13.3319528109293;25.8836068167498;-0.00123056491319255;7.63830781550799
29202121595.7579;26.8042444125681;0.00281927420859078;-9.00801624617827;-13.3014735948537;25.8865319551083;-0.00131709324621546;7.63830781531565
29202121596.0473;26.8042444128528;0.00281927420857508;-9.00697635465156;-13.2654277292604;25.8895249976393;-0.00142781752368762;7.63830781511787
29202121596.3327;26.8042444131344;0.00281927420855819;-9.00591813848431;-13.2279955578708;25.8925707814625;-0.0015527364667909;7.63830781491538
29202121596.6125;26.8042444134111;0.00281927420854018;-9.00484871744179;-13.1914404655599;25.8956488144701;-0.00168513635682898;7.63830781470959
29202121596.8901;26.8042444136863;0.00281927420852081;-9.00375386186391;-13.156265112452;25.8988000529439;-0.0018229232839796;7.63830781449798
29202121597.1632;26.8042444139578;0.00281927420850026;-9.00264142603461;-13.123393848509;25.9020018906926;-0.00196146655906663;7.63830781428228
29202121597.4362;26.8042444142298;0.0028192742084782;-9.00149302587747;-13.0925926202678;25.9053072413587;-0.00210033782217196;7.63830781405908
29202121597.7074;26.8042444145008;0.0028192742084548;-9.00031305052022;-13.0640788016191;25.9087034722166;-0.00223707183173501;7.63830781382943
29202121597.9732;26.8042444147672;0.00281927420843045;-8.99911617454889;-13.0381647254407;25.912148346734;-0.0023683990076816;7.63830781359641
29202121598.2365;26.8042444150317;0.00281927420840499;-8.99788917201784;-13.0145715426868;25.9156799323554;-0.00249390690083424;7.63830781335766
29202121598.499;26.8042444152963;0.00281927420837832;-8.99662153039042;-12.9930523782024;25.9193284866978;-0.00261332183974591;7.63830781311137
29202121598.7599;26.80424441556;0.00281927420835059;-8.99531492853457;-12.9735252921075;25.9230891777675;-0.0027256895572839;7.63830781285816
29202121599.018;26.8042444158217;0.00281927420832203;-8.99397289647264;-12.9558938123495;25.9269518455073;-0.0028302874470779;7.63830781259908
29202121599.2753;26.8042444160835;0.00281927420829246;-8.99258114178653;-12.9398213431514;25.9309576267891;-0.00292804909375421;7.63830781233176
29202121599.5302;26.8042444163436;0.00281927420826219;-8.99114637428699;-12.9252319138485;25.9350872093454;-0.00301857640578181;7.6383078120579
29202121599.7831;26.8042444166026;0.00281927420823121;-8.98966240944074;-12.9119028278644;25.9393583936872;-0.00310255015735027;7.63830781177671
29202121600.0351;26.8042444168616;0.00281927420819946;-8.98811928228544;-12.8996190339503;25.9437998612456;-0.00318078147756874;7.63830781148677
29202121600.2888;26.8042444171233;0.00281927420816664;-8.98649510587224;-12.8881294041425;25.9484746076272;-0.00325444948191129;7.63830781118454
29202121600.5413;26.8042444173848;0.00281927420813316;-8.98480223369644;-12.8774546501273;25.9533470767131;-0.00332308123632981;7.63830781087294
29202121600.7908;26.8042444176442;0.00281927420809931;-8.9830481134705;-12.8675538247675;25.9583958323059;-0.00338666421851016;7.63830781055393
29202121601.0376;26.8042444179019;0.0028192742080651;-8.98122544715992;-12.8583041102853;25.963641879799;-0.00344577524860571;7.63830781022681
29202121601.2846;26.804244418161;0.00281927420803017;-8.97930727082939;-12.8495181886469;25.9691628275282;-0.00350144276417028;7.63830780988745
29202121601.5309;26.8042444184205;0.00281927420799467;-8.97729200755211;-12.8411577836873;25.9749632142624;-0.00355376875790315;7.63830780953642
29202121601.777;26.8042444186811;0.00281927420795853;-8.97516441215723;-12.8331353818054;25.981086919091;-0.00360318321875891;7.63830780917209
29202121602.0215;26.8042444189413;0.00281927420792199;-8.97292874092021;-12.8254436846456;25.9875216914931;-0.00364963910329565;7.63830780879623
29202121602.265;26.8042444192019;0.00281927420788495;-8.97056536278877;-12.8179952856902;25.9943240341302;-0.00369358931727089;7.63830780840676
29202121602.5044;26.8042444194595;0.00281927420784795;-8.96809656976655;-12.8108363036608;26.0014297855208;-0.00373471525870047;7.63830780800857
29202121602.738;26.8042444197124;0.00281927420781126;-8.96553116111001;-12.8039566333415;26.0088136193776;-0.00377307180468707;7.63830780760418
29202121602.9652;26.8042444199599;0.00281927420777503;-8.96286957031879;-12.7973215034548;26.0164742879716;-0.00380887314058634;7.63830780719474
29202121603.1857;26.8042444202016;0.00281927420773935;-8.96011071254196;-12.790896362117;26.0244149137358;-0.00384233586701393;7.63830780678121
29202121603.3989;26.8042444204368;0.00281927420770435;-8.95725519434694;-12.7846547496019;26.0326337508146;-0.0038736337243551;7.63830780636492
29202121603.6041;26.8042444206648;0.00281927420767017;-8.95430639538492;-12.7785793061334;26.0411210717819;-0.00390289408681364;7.63830780594773
29202121603.8005;26.8042444208846;0.00281927420763702;-8.95127135644325;-12.7726623716773;26.0498566116211;-0.00393019701880001;7.63830780553218
29202121603.987;26.8042444210947;0.00281927420760513;-8.94816864545145;-12.7669141695243;26.0587869275418;-0.00395556632335969;7.63830780512169
29202121604.1625;26.8042444212938;0.00281927420757473;-8.94502908885495;-12.7613584296332;26.0678232939101;-0.00397901363722424;7.63830780471997
29202121604.3272;26.8042444214822;0.00281927420754583;-8.94187008539725;-12.7559898526785;26.0769156330982;-0.00400070431515654;7.638307804328
29202121604.4834;26.804244421662;0.00281927420751811;-8.93867725326206;-12.7507527744886;26.0861053392473;-0.00402099675350946;7.6383078039423
29202121604.6351;26.8042444218381;0.00281927420749085;-8.93538888362207;-12.7455242818525;26.0955700245462;-0.00404046537750303;7.6383078035535
29202121604.7907;26.8042444220202;0.00281927420746253;-8.93182938467519;-12.7400190566227;26.1058150826394;-0.00406020148274967;7.63830780313915
29202121604.9588;26.8042444222186;0.00281927420743152;-8.92778419372097;-12.7339227015099;26.1174580744346;-0.00408124248028428;7.638307802673
29202121605.1434;26.804244422439;0.00281927420739691;-8.923101744966;-12.7270453798877;26.1309352412612;-0.00410403748407063;7.63830780213714
29202121605.3383;26.8042444226745;0.00281927420735973;-8.91787212190122;-12.7195617798268;26.1459873021233;-0.00412776902736157;7.6383078015427
29202121605.5402;26.8042444229217;0.0028192742073205;-8.91211556554363;-12.7115340773024;26.1625559987543;-0.0041520412465366;7.63830780089331
29202121605.7486;26.8042444231805;0.00281927420727922;-8.9057822192999;-12.7029222966474;26.1807848299701;-0.00417678945783845;7.63830780018482
29202121605.9637;26.8042444234521;0.00281927420723565;-8.89877977179307;-12.6936317540763;26.2009394892506;-0.00420208547176619;7.63830779940852
29202121606.1822;26.8042444237328;0.0028192742071904;-8.89114224025741;-12.6837351511576;26.2229220671893;-0.00422754435978821;7.63830779856987
29202121606.4033;26.8042444240225;0.00281927420714346;-8.8828111362015;-12.6731796860671;26.2469009071973;-0.00425313807259596;7.63830779766423
29202121606.6276;26.8042444243224;0.00281927420709461;-8.87367672270828;-12.6618506500191;26.2731918574872;-0.00427896673162146;7.63830779668183
29202121606.8554;26.8042444246344;0.00281927420704355;-8.86360172139726;-12.6496051183305;26.3021900369691;-0.00430515224636345;7.63830779561028
29202121607.0845;26.804244424956;0.00281927420699064;-8.85257156259789;-12.6364511113132;26.3339373805588;-0.00433147936528195;7.63830779445047
29202121607.3145;26.8042444252881;0.00281927420693577;-8.84047111470916;-12.6222745760601;26.3687652636265;-0.00435799103762048;7.63830779319288
29202121607.5459;26.8042444256327;0.00281927420687854;-8.82710844379211;-12.6068763727782;26.4072261164159;-0.00438485114987472;7.63830779182065
29202121607.7792;26.804244425992;0.0028192742068186;-8.8122728029498;-12.5900426200935;26.4499265172203;-0.00441219453817687;7.63830779031559
29202121608.0136;26.8042444263672;0.00281927420675573;-8.79576656207066;-12.5715794314989;26.4974352911976;-0.00444008179577338;7.63830778866123
29202121608.2483;26.804244426759;0.00281927420668979;-8.77739283705972;-12.5512967946295;26.5503191163045;-0.00446854141922658;7.63830778684146
29202121608.4836;26.804244427171;0.00281927420662016;-8.75680097835433;-12.5288396543394;26.6095872430518;-0.00449779297732815;7.63830778482563
29202121608.7198;26.8042444276074;0.00281927420654609;-8.73354700773729;-12.5037600283404;26.6765175434014;-0.00452810108916988;7.63830778257457
29202121608.957;26.8042444280729;0.00281927420646673;-8.70712076281355;-12.4755476112069;26.7525783826763;-0.00455972653196449;7.63830778004276
29202121609.1946;26.8042444285727;0.0028192742063812;-8.67693932074858;-12.4436227574052;26.8394475475621;-0.00459293326916099;7.63830777717702
29202121609.4321;26.804244429114;0.00281927420628821;-8.64224375446021;-12.4072284893492;26.9393094056737;-0.00462808922807842;7.63830777390626
29202121609.6701;26.8042444297092;0.00281927420618557;-8.60201130358373;-12.3653369274304;27.0551076978255;-0.00466577340409273;7.63830777011868
29202121609.9099;26.8042444303747;0.00281927420607037;-8.5566560863712;-12.3183543235504;27.1856504956596;-0.00470588697356761;7.63830776565732
29202121610.1561;26.8042444311412;0.00281927420593719;-8.50667027043928;-12.2667444075931;27.3295212265059;-0.00474851578909796;7.63830776025871
29202121610.4111;26.8042444320373;0.0028192742057809;-8.45417967560435;-12.2126227863418;27.4806012884867;-0.00479273172996608;7.63830775363892
29202121610.6765;26.8042444330899;0.00281927420559664;-8.40167871184148;-12.1584822779658;27.6317111920868;-0.00483731328275304;7.63830774552053
29202121610.9542;26.8042444343278;0.0028192742053791;-8.35099703922707;-12.106150332726;27.7775847519905;-0.00488136393181142;7.63830773559425
29202121611.2479;26.8042444357862;0.00281927420512182;-8.30394771443859;-12.057431606677;27.9130035711018;-0.00492405254754698;7.63830772350292
29202121611.5635;26.8042444375249;0.00281927420481389;-8.25888322315541;-12.0106609549288;28.0427095760766;-0.00496640625782891;7.63830770870507
29202121611.9108;26.8042444396372;0.00281927420443829;-8.21606066980318;-11.9660671630014;28.1659627594529;-0.00500862027875529;7.63830769030529
29202121612.3151;26.8042444423397;0.00281927420395558;-8.17493982330208;-11.9230275516151;28.2843180281149;-0.00505193766792388;7.63830766630089
29202121612.831;26.8042444461318;0.00281927420327479;-8.1336107307511;-11.8794737999212;28.4032726611415;-0.00509923836605877;7.63830763209556
29202121613.6736;26.8042444530457;0.00281927420202462;-8.0859409368193;-11.8286964000802;28.540477254648;-0.00516066618495544;7.6383075691299
29202121615.4142;26.8042444690767;0.00281927419909511;-8.03572114613034;-11.7738890661384;28.6850211978071;-0.00524188217899269;7.63830742064845
29202121622.183;26.8042445376929;0.00281927418638082;-7.99408881922106;-11.7262227141087;28.804847677779;-0.00533742380305383;7.63830676660664
29202121667.8716;26.8042450395496;0.00281927409135212;-7.95922737685026;-11.6819523169334;28.90517971189;-0.00547331865998792;7.63830192672847
29202122043.8008;26.8042495796266;0.00281927321054963;-7.91804286712146;-11.6302275516698;29.0236524191726;-0.00563076470712762;7.63825794976915
29202125133.3038;26.8042925246752;0.00281926443519585;-7.85697552091546;-11.5466239858381;29.1988030537001;-0.00596645794561763;7.63784686058055
29202147114.2878;26.8046991627298;0.00281917105695218;-7.73283911185396;-11.3718014296667;29.55055019586;-0.00678583434548489;7.63414128954494
29202239518.6198;26.8079247297753;0.00281826982740555;-7.45708625848832;-11.0108569103702;30.3062896925282;-0.00846763478601273;7.60879131602936
29202557400.4903;26.8736348833437;0.0027976926940235;-6.68463327765368;-10.1888808871095;31.9721403826529;-0.0100120751731165;7.23633430062721
29203490273.0194;27.0128871754798;0.00276447868246291;-6.82601995177573;-10.4485009718113;29.0196836702938;-0.00692168217933665;5.53556031739405
29205980626.3218;27.1291442462032;0.00273937761556633;-7.33084158808258;-10.9965687829799;28.0307028929685;-0.00605210972628093;5.84558905083416
29212521382.8692;27.2506935056454;0.00271514295235749;-7.7308756674432;-11.43119099595;27.495328313672;-0.00548205743544989;6.25717745052276
29233103611.0004;27.3991502563136;0.00268864217195056;-8.14189243681979;-11.89023372414;26.9469472341421;-0.00481025704843274;6.6811961400659
29301075710.6716;27.5920365221764;0.00265940574984359;-8.54702938002153;-12.3664064620945;26.4112202479613;-0.00400323776332942;7.10236220531196
29426720362.0319;27.7875874225825;0.00263450707342742;-8.80788418560551;-12.7029677444547;26.068622611479;-0.00331920843969874;7.37510096901186
29604748249.4506;27.9761868029341;0.00261459996858157;-8.97494777676557;-12.9514799345037;25.8512224275183;-0.00272865687203374;7.55112213135178
29829998939.0606;28.161381364628;0.00259899480862126;-9.08503789993885;-13.1593979045062;25.7106246890976;-0.00216646972396633;7.66889414418602
30079941545.6926;28.338305523862;0.00258777715033395;-9.1500531542737;-13.3479380883519;25.6306012021245;-0.00162507668386584;7.74045613217216
30343990906.6895;28.5107264988291;0.00258044592012072;-9.18509502431307;-13.5565082635141;25.5900344104022;-0.00108807199044537;7.78073981203713
30613072043.8414;28.6803116540714;0.00257677533469429;-9.20049542106062;-13.8651479184003;25.5743812068695;-0.00055354462372555;7.79989733343728
30878083376.6656;28.846061035408;0.0025765713888203;-9.20381253024011;-15.1137495227428;25.5733926841955;-3.14667112463142e-05;7.80561590891503
31131337312.0685;29.0057239873734;0.00257944789688674;-9.20035204817776;-13.9446906065086;25.5803044127578;0.000460858020470737;7.80357917769675
31370532152.3203;29.1589613961897;0.00258492344468497;-9.19338700748681;-13.6403242326696;25.5911730734284;0.000914435270465335;7.79744672159453
31600901654.4078;29.3096007450035;0.00259276050834028;-9.18448655400347;-13.4682716093705;25.6041929525654;0.00133206689747521;7.78902964834328
31820596028.4335;29.4565277560539;0.00260254536593811;-9.17471729177494;-13.351264425956;25.618080856019;0.00170608025926476;7.77952175790575
32032410488.8964;29.6015690972209;0.00261407553193059;-9.16446379890523;-13.2641200462402;25.6324790530018;0.00203767240361793;7.76942360623758
32235843851.6968;29.7442524647394;0.00262700041708308;-9.15404882742532;-13.1969954853998;25.6469792161697;0.00232321584948881;7.75908304704492
32429973360.4112;29.8836631047723;0.00264092850970794;-9.14379563442487;-13.1441999091978;25.6611672460651;0.00256372909686594;7.74884504903413
32615974130.1149;30.0203889912203;0.00265563304077012;-9.13366399364937;-13.1020635622999;25.6752074640504;0.00276130508634013;7.73874204391973
32790350709.045;30.1514930548396;0.00267051055956075;-9.12387200002995;-13.0689576455874;25.6887509803547;0.00291512608280277;7.72896033526315
32956588818.1721;30.2792121468045;0.00268559721636152;-9.11447476815826;-13.0421375794722;25.701648248414;0.00303597481294571;7.71950599413554
33113725523.5957;30.4024561899754;0.00270058061816019;-9.10551170591503;-13.0206672175284;25.7140112797308;0.00312618243403022;7.71052964477543
33261990129.4255;30.5211620944445;0.00271527852114609;-9.09656516588756;-13.0037821108486;25.7265656460844;0.00318540655343078;7.70171290626641
33399456925.6039;30.6334993362059;0.00272932803647516;-9.08767405470208;-12.9905364685599;25.7390435645386;0.00321906681564919;7.69295168141579
33526954075.7305;30.739688380052;0.00274268964865685;-9.07942076701573;-12.9796416150495;25.7502881392986;0.00324012112005235;7.68459298637427
33645641600.6625;30.8401495734961;0.0027553814177627;-9.07240674018924;-12.9708829106836;25.7594859213957;0.00325432573904105;7.67724992974658
33758917137.499;30.9374079454438;0.00276766601945795;-9.06620913362946;-12.9647750491939;25.7677615208211;0.00325469859840447;7.67086075891768
33865938870.5629;31.0307514134457;0.00277937641693532;-9.05938804722477;-12.9609003432136;25.7778936320315;0.00323396362939995;7.66451300641845
33961683359.1788;31.1160395938204;0.00278994263003416;-9.05022493504146;-12.957194418599;25.7926912234703;0.00319541430785462;7.65677857572768
34034129879.0162;31.1822110080388;0.0027979895929642;-9.03934711130567;-12.9543855271437;25.8108107995105;0.00313879701908892;7.64796619003061
34073481854.1433;31.2188804293767;0.00280231631636481;-9.03066247842298;-12.9588074026034;25.8257757195641;0.00304725256270353;7.6412637077611
34085645989.491;31.2303116506878;0.0028036126742471;-9.02698861092517;-12.972356331116;25.8325380185973;0.00292953949264625;7.63871676797137
34087509090.5188;31.2320659058103;0.0028038041132459;-9.02614365205155;-12.9882059911228;25.8343324685021;0.00281925854385321;7.63829079262362
34087615755.676;31.2321663848102;0.00280381478704763;-9.02594727396904;-12.9997034463026;25.834860016519;0.00274441598589592;7.63826561609698
34087624158.83;31.2321743036344;0.00280381560371723;-9.02578162337739;-13.0123959278832;25.8353337875884;0.00266440213148208;7.63826359988003
34087624873.4918;31.2321749773694;0.00280381567092935;-9.02561147311819;-13.0266530038871;25.8358232669525;0.00257739376910439;7.63826342559377
34087624943.0207;31.2321750429438;0.00280381567722676;-9.02543064008384;-13.0430032055735;25.8363437294237;0.0024811812370142;7.63826340835177
34087624952.3811;31.2321750517759;0.00280381567803618;-9.0252285786748;-13.0631201750257;25.8369253154951;0.00236782299286906;7.63826340598708
34087624955.7469;31.2321750549536;0.00280381567830874;-9.02498020548936;-13.091640835004;25.8376402024964;0.00221611460921476;7.63826340511804
34087624957.8211;31.2321750569131;0.00280381567846248;-9.0247014828842;-13.1300366192586;25.8384424445723;0.00202736149687789;7.63826340456936
34087624959.3246;31.2321750583345;0.0028038156785613;-9.02439226466303;-13.1822537257976;25.8393324618048;0.00179646941902807;7.63826340416115
34087624960.4864;31.2321750594338;0.00280381567862609;-9.02405405060526;-13.2536904334018;25.840305936354;0.00152286451955486;7.63826340383678
34087624961.4522;31.2321750603482;0.0028038156786682;-9.02368127040179;-13.3604078736627;25.8413789002364;0.00119011541572631;7.63826340355903
34087624962.2792;31.2321750611321;0.00280381567869232;-9.02327761683786;-13.535223975769;25.8425407226593;0.000795039763799749;7.63826340331357
34087624963.007;31.2321750618227;0.0028038156787009;-9.02284237769168;-13.9282426811264;25.8437934510245;0.000321333465621249;7.63826340309028
34087624963.6802;31.232175062462;0.00280381567869565;-9.02235947900503;-14.1071741851374;25.8451833459201;-0.000212600808255623;7.63826340287646
34087624964.2936;31.2321750630454;0.00280381567868026;-9.02184375410997;-13.6006651403554;25.8466677134643;-0.000681684113997871;7.63826340267431
34087624964.8396;31.2321750635652;0.00280381567865939;-9.02131852557437;-13.4176344435105;25.848179431159;-0.00103780089725903;7.63826340248763
34087624965.3589;31.2321750640603;0.00280381567863547;-9.02075663629392;-13.3366366637863;25.8497966693437;-0.00124904217759131;7.63826340230336
34087624965.8475;31.2321750645267;0.00280381567861102;-9.0201685032715;-13.3007519501368;25.8514894469159;-0.00135488402876789;7.63826340212328
34087624966.2923;31.2321750649519;0.00280381567858787;-9.01957832151101;-13.2835177706286;25.8531881236218;-0.00140790923380743;7.63826340195308
34087624966.7231;31.2321750653643;0.00280381567856531;-9.01895200665354;-13.2810121904973;25.8549908021139;-0.00141411328975701;7.63826340178197
34087624967.1372;31.2321750657613;0.00280381567854413;-9.01829482275838;-13.291063519924;25.8568823309269;-0.00137977242705245;7.63826340161115
34087624967.5303;31.2321750661388;0.00280381567852485;-9.01761634381195;-13.3095677198196;25.8588351530193;-0.00132025427247116;7.63826340144268
34087624967.9135;31.2321750665074;0.00280381567850707;-9.01689901142399;-13.3334035735961;25.8608998047698;-0.0012477830145159;7.63826340127205
34087624968.2836;31.2321750668639;0.00280381567849092;-9.01614904917354;-13.3600333548677;25.8630583727776;-0.00117164373420895;7.63826340110075
34087624968.6374;31.2321750672055;0.00280381567847644;-9.01537481940903;-13.3882214912615;25.8652867880672;-0.0010961516104943;7.63826340093042
34087624968.9832;31.2321750675399;0.00280381567846322;-9.01455989857203;-13.4175850425225;25.8676323213886;-0.00102266062624616;7.63826340075738
34087624969.3168;31.2321750678631;0.00280381567845128;-9.01371433650925;-13.4459491962146;25.8700660467997;-0.00095623068914572;7.63826340058375
34087624969.6423;31.2321750681791;0.00280381567844027;-9.01282902964467;-13.4709958409518;25.8726141664139;-0.000900893597971213;7.63826340040746
34087624969.9601;31.2321750684883;0.00280381567842984;-9.01190809272498;-13.4838222826102;25.8752648365889;-0.000872912301175408;7.63826340022843
34087624970.272;31.2321750687924;0.00280381567841957;-9.01095272013442;-13.4824310399792;25.8780146196422;-0.000873881678221855;7.6382634000456
34087624970.5754;31.2321750690889;0.00280381567840918;-9.00997685475174;-13.465407572232;25.8808233846401;-0.00090687487847459;7.63826339986057
34087624970.874;31.2321750693814;0.00280381567839822;-9.00897552659004;-13.4352019163788;25.883705436301;-0.000970063265566598;7.63826339967125
34087624971.1655;31.2321750696676;0.00280381567838648;-9.00796149105369;-13.3951352138674;25.8866240614898;-0.00106145526094073;7.63826339947927
34087624971.4542;31.2321750699518;0.00280381567837356;-9.00692373085809;-13.3491553042168;25.8896109703745;-0.00117731845330539;7.63826339928183
34087624971.7396;31.2321750702333;0.00280381567835934;-9.00586583112169;-13.3025665616533;25.8926558443281;-0.00130760287972637;7.63826339907933
34087624972.0193;31.2321750705099;0.0028038156783439;-9.00479651845363;-13.2580895670367;25.8957335663234;-0.00144522401487948;7.6382633988735
34087624972.2967;31.232175070785;0.00280381567832704;-9.00370214411507;-13.2161438152607;25.898883420604;-0.00158795930908988;7.63826339866193
34087624972.5701;31.2321750710568;0.00280381567830887;-9.0025884848195;-13.1775419037996;25.9020887806587;-0.00173133603642644;7.63826339844593
34087624972.8431;31.2321750713288;0.00280381567828919;-9.00143999388134;-13.1419266382703;25.9053943934851;-0.00187457820846491;7.63826339822266
34087624973.1143;31.2321750715999;0.0028038156782681;-9.00025975080758;-13.1093546406647;25.9087913957255;-0.00201535828220299;7.6382633979929
34087624973.38;31.2321750718662;0.002803815678246;-8.99906340364815;-13.0800819569798;25.9122347489871;-0.00215023692801879;7.63826339775993
34087624973.6432;31.2321750721308;0.00280381567822274;-8.99783645004235;-13.0536603460789;25.9157661945231;-0.00227897812803521;7.63826339752114
34087624973.9054;31.232175072395;0.00280381567819826;-8.9965705047942;-13.0297802612473;25.9194098669928;-0.00240112822490038;7.63826339727513
34087624974.1661;31.2321750726586;0.00280381567817268;-8.99526451331534;-13.0082398548559;25.9231688018968;-0.00251601222107551;7.638263397022
34087624974.4242;31.2321750729203;0.0028038156781462;-8.99392208975426;-12.9888953960862;25.9270325970448;-0.00262288655781436;7.63826339676279
34087624974.6814;31.2321750731819;0.00280381567811874;-8.99253156603771;-12.9713789116974;25.931034835865;-0.00272252892759502;7.63826339649567
34087624974.9362;31.2321750734421;0.0028038156780905;-8.99109648303704;-12.9555403605629;25.9351653270075;-0.00281478445086258;7.6382633962217
34087624975.1892;31.2321750737011;0.00280381567806153;-8.98961207291269;-12.9411358201706;25.9394377934274;-0.00290025919110727;7.63826339594039
34087624975.4409;31.2321750739598;0.00280381567803182;-8.98807076565097;-12.9279361956382;25.9438740233586;-0.00297967842842545;7.63826339565074
34087624975.6941;31.2321750742211;0.00280381567800107;-8.98644964061051;-12.9156457342913;25.9485399876129;-0.00305433615681144;7.63826339534903
34087624975.9465;31.2321750744825;0.00280381567796961;-8.98475770879407;-12.9042536573284;25.9534097505188;-0.00312390972325351;7.63826339503756
34087624976.1959;31.2321750747419;0.00280381567793775;-8.98300394786004;-12.8937213295675;25.9584574723501;-0.00318831703906361;7.63826339471857
34087624976.4427;31.2321750749996;0.00280381567790551;-8.98118219638407;-12.8839176012819;25.9637008870814;-0.00324811346850924;7.63826339439156
34087624976.6896;31.2321750752586;0.00280381567787255;-8.97926459524367;-12.8746333825237;25.9692201796061;-0.00330438103760642;7.63826339405225
34087624976.9359;31.2321750755181;0.00280381567783901;-8.97724949035648;-12.8658242796499;25.9750201107653;-0.00335723006102868;7.6382633937012
34087624977.1822;31.232175075779;0.0028038156778048;-8.97512032122432;-12.8573901518218;25.9811483454633;-0.00340712848989427;7.63826339333655
34087624977.4266;31.232175076039;0.00280381567777024;-8.97288558767992;-12.8493366310085;25.9875804192519;-0.0034539401112098;7.6382633929608
34087624977.6701;31.2321750762997;0.00280381567773516;-8.97052272873218;-12.8415579240637;25.9943812678276;-0.00349819721140936;7.63826339257137
34087624977.9094;31.2321750765573;0.00280381567770009;-8.96805455328339;-12.8341016845404;26.0014852419541;-0.0035395742332457;7.63826339217323
34087624978.143;31.2321750768101;0.00280381567766531;-8.96548969756066;-12.8269543635451;26.0088674845796;-0.00357813544364067;7.63826339176888
34087624978.3702;31.2321750770576;0.00280381567763093;-8.962828696723;-12.8200778058266;26.0165264553772;-0.00361410031597473;7.63826339135947
34087624978.5906;31.2321750772993;0.00280381567759706;-8.96007039147378;-12.8134339977482;26.0244654910526;-0.00364769243213368;7.63826339094598
34087624978.8037;31.2321750775345;0.00280381567756381;-8.9572155320363;-12.8069941769477;26.0326824322764;-0.00367908884532914;7.63826339052975
34087624979.0089;31.2321750777625;0.00280381567753134;-8.95426743542999;-12.8007387474716;26.0411677318915;-0.00370842194861918;7.63826339011261
34087624979.2053;31.2321750779822;0.00280381567749984;-8.95123314133677;-12.7946584646324;26.0499011280631;-0.00373577538305341;7.63826338969712
34087624979.3917;31.2321750781923;0.00280381567746952;-8.94813142596104;-12.7887628207843;26.0588285785378;-0.00376117459658025;7.63826338928672
34087624979.5672;31.2321750783914;0.00280381567744061;-8.9449929013736;-12.7830741604697;26.0678619747008;-0.00378463632756033;7.63826338888509
34087624979.7319;31.2321750785797;0.00280381567741312;-8.94183486435462;-12.7775852981605;26.0769515323991;-0.00380632954502502;7.63826338849319
34087624979.8881;31.2321750787596;0.00280381567738674;-8.93864292543417;-12.7722379994728;26.0861386678054;-0.00382661460304056;7.63826338810754
34087624980.0397;31.2321750789356;0.00280381567736079;-8.93535523894047;-12.7669055870868;26.0956013869818;-0.00384606802868529;7.63826338771876
34087624980.1954;31.2321750791177;0.00280381567733382;-8.93179601617632;-12.761296450813;26.1058456502899;-0.00386578174847734;7.63826338730437
34087624980.3635;31.2321750793163;0.00280381567730428;-8.92775053293314;-12.7550907958164;26.1174894835018;-0.00388679079582223;7.6382633868381
34087624980.5482;31.2321750795367;0.00280381567727129;-8.92306835215421;-12.7480987317937;26.1309658791863;-0.00390953479947183;7.63826338630217
34087624980.7431;31.2321750797722;0.00280381567723586;-8.91783884766993;-12.7404985000399;26.1460175989084;-0.00393319878921275;7.63826338570763
34087624980.945;31.2321750800195;0.00280381567719846;-8.91208267913875;-12.732355132422;26.1625851794523;-0.00395738407723983;7.63826338505816
34087624981.1534;31.2321750802783;0.00280381567715909;-8.90575017366413;-12.7236294095658;26.1808115909119;-0.00398202396502014;7.63826338434962
34087624981.3686;31.23217508055;0.00280381567711755;-8.89874884135534;-12.7142262687465;26.2009630405714;-0.00400718900554027;7.6382633835733
34087624981.587;31.2321750808307;0.00280381567707437;-8.89111211029388;-12.7042195400615;26.2229433147392;-0.00403249656753486;7.63826338273457
34087624981.8082;31.2321750811204;0.00280381567702959;-8.88278218524407;-12.6935575540117;26.2469187614763;-0.00405791511701574;7.63826338182889
34087624982.0325;31.2321750814204;0.00280381567698296;-8.87364957263734;-12.682125579338;26.2732045285828;-0.00408354212441266;7.63826338084649
34087624982.2603;31.2321750817324;0.00280381567693422;-8.86357703977279;-12.6697803932636;26.3021956034933;-0.00410949682929862;7.63826337977501
34087624982.4894;31.2321750820541;0.0028038156768837;-8.85254874638994;-12.6565294763856;26.3339375781731;-0.00413556710089256;7.63826337861518
34087624982.7194;31.2321750823861;0.00280381567683129;-8.84045049347965;-12.6422598839153;26.3687591437781;-0.00416179134687678;7.63826337735758
34087624982.9508;31.2321750827308;0.00280381567677663;-8.82709077108125;-12.6267725464367;26.4072115102457;-0.00418832880456176;7.6382633759854
34087624983.1841;31.2321750830901;0.00280381567671936;-8.81225905197855;-12.6098535970099;26.4499006235781;-0.00421530981413157;7.63826337448047
34087624983.4185;31.2321750834653;0.00280381567665928;-8.79575670908162;-12.5913081072924;26.4973981784678;-0.00424279290327599;7.6382633728262
34087624983.6532;31.2321750838572;0.00280381567659625;-8.77738681218828;-12.5709462594965;26.5502709855786;-0.00427080272114303;7.63826337100651
34087624983.8885;31.2321750842691;0.00280381567652969;-8.75680028133569;-12.5484144542063;26.6095237777522;-0.00429954926284327;7.63826336899086
34087624984.1248;31.2321750847055;0.00280381567645887;-8.73355238079787;-12.523263614631;26.6764366072374;-0.00432928905016191;7.63826336674002
34087624984.3619;31.232175085171;0.00280381567638299;-8.70713364406848;-12.4949841032165;26.7524758364309;-0.00436027139049157;7.63826336420854
34087624984.5995;31.2321750856708;0.00280381567630119;-8.67696060845559;-12.462995752805;26.8393208058544;-0.00439274888372728;7.63826336134317
34087624984.837;31.2321750862121;0.00280381567621224;-8.64227514972812;-12.4265424329638;26.9391535723341;-0.0044270727912995;7.63826335807291
34087624985.0751;31.2321750868072;0.00280381567611405;-8.60205371867953;-12.3845951945737;27.0549201471581;-0.00446380054163135;7.63826335428598
34087624985.3149;31.2321750874727;0.00280381567600383;-8.55670663713571;-12.3375561524698;27.1854395289612;-0.0045028434034093;7.63826334982554
34087624985.561;31.2321750882391;0.00280381567587639;-8.50673026233928;-12.2858921661839;27.329283086362;-0.00454429310476386;7.63826334442856
34087624985.816;31.232175089135;0.00280381567572684;-8.45424191636985;-12.2317098310566;27.4803566759283;-0.00458727156068309;7.63826333781087
34087624986.0813;31.2321750901872;0.0028038156755505;-8.40174150845904;-12.1775074622434;27.6314649800033;-0.00463060735669673;7.6382633296953
34087624986.3591;31.2321750914247;0.0028038156753423;-8.35105711876245;-12.1251109892713;27.7773463606444;-0.00467344228422079;7.63826331977331
34087624986.6526;31.2321750928823;0.00280381567509609;-8.304013240312;-12.0763364798457;27.912749504279;-0.00471497482912712;7.63826330769002
34087624986.968;31.2321750946196;0.00280381567480142;-8.25895855048115;-12.0295142928755;28.0424272987573;-0.0047561972801617;7.63826329290462
34087624987.3152;31.2321750967308;0.00280381567444184;-8.21612625756397;-11.9848477205966;28.1657085152039;-0.00479732584221274;7.63826327451553
34087624987.7191;31.2321750994299;0.00280381567398001;-8.17501760390565;-11.9417547771449;28.2840286904392;-0.0048395401349105;7.6382632505425
34087624988.2339;31.2321751032137;0.00280381567332915;-8.1337200473789;-11.8981602707819;28.402892555996;-0.00488564995416932;7.63826321641316
34087624989.0736;31.2321751101008;0.00280381567213571;-8.08610961756645;-11.8473488942532;28.5399262867247;-0.00494553830968023;7.63826315369229
34087624990.8041;31.2321751260322;0.00280381566934492;-8.03590393398484;-11.7924313680467;28.684429628498;-0.00502480004835066;7.63826300614937
34087624997.5065;31.2321751939591;0.00280381565727484;-7.99418640287206;-11.7445178096288;28.8045013567222;-0.005118337913267;7.63826235876936
34087625042.6737;31.2321756899564;0.00280381556715107;-7.95934451242259;-11.699984425411;28.904777201769;-0.00525206041511614;7.6382575754408
34087625414.4076;31.2321801779694;0.00280381473085661;-7.91817805473598;-11.647872944967;29.0231987072591;-0.00540817062614507;7.63821410288875
34087628467.1258;31.2322225768438;0.00280380639699654;-7.85733238957036;-11.5638405126871;29.1977190287835;-0.00573906048522639;7.63780818069392
34087650263.3176;31.2326251082569;0.00280371715349861;-7.7335808429436;-11.3878040365153;29.5484125102054;-0.00655105068850176;7.63413872652626
34087741966.2526;31.2358090048736;0.00280285367839498;-7.45942427815586;-11.0261334154383;30.2999853117593;-0.00821737829667299;7.60907457210932
34088057997.1192;31.3007353587706;0.00278303101541347;-6.68730848737419;-10.2025675047332;31.9730684516215;-0.00976169648161884;7.24209831980704
34088985771.2149;31.4402413445521;0.00275090569772249;-6.82284940020121;-10.4605948113292;29.0326809790987;-0.00668562065383715;5.53814652881523
34091460919.7839;31.5564673581729;0.00272678817366791;-7.32829792985743;-11.0112685519048;28.0341210840549;-0.00581723117339212;5.84298048986441
34097965175.347;31.6779616979639;0.00270357913077211;-7.72864155169425;-11.447540365871;27.4983188265934;-0.00525299912988771;6.25487841702013
34118388692.1222;31.8261508371123;0.00267834071929666;-8.13931415125312;-11.9080685098044;26.9503752944444;-0.00458997646526462;6.67852759016796
34185976683.2371;32.0188444622617;0.00265067185497181;-8.54500219110855;-12.3878782045249;26.4138905700922;-0.00379276872241382;7.10024718285009
34311230218.3667;32.2143883052715;0.002627298868733;-8.80654584605669;-12.7290757887775;26.0703722461346;-0.00311614235647081;7.37369550773671
34488797055.7134;32.4029217649701;0.00260883275205913;-8.97397342235913;-12.9829862842939;25.8524863087028;-0.0025321501512211;7.55009209079909
34713848523.4765;32.58820175767;0.00259459969588051;-9.08445332477273;-13.1989836861672;25.7113582200986;-0.00197512532595901;7.66825933097211
34963630047.8084;32.765151116994;0.00258467009144904;-9.14971131709283;-13.4006283639052;25.6310125533444;-0.00143829746999494;7.74007286254629
35227839268.3919;32.9377369286029;0.00257856824248791;-9.18494288068071;-13.6364865165351;25.5902051583605;-0.000904753208302891;7.78056058230171
35496778902.6503;33.1072567587524;0.00257609016293799;-9.20043430136473;-14.035539566185;25.5744370200288;-0.000373852954690056;7.79981635904732
35761754628.3432;33.2729840706538;0.00257703148548476;-9.20381200408279;-14.4494676291041;25.5733750300956;0.000145255445446397;7.80560237607276
36014962232.3489;33.4326045755526;0.00258099408683094;-9.20038806351543;-13.8054963609756;25.5802434833248;0.000635033120130471;7.80360700486842
36254637295.1764;33.5861349763218;0.0025875180719727;-9.19342846630209;-13.5651098866147;25.5911112327142;0.00108744606023949;7.79748441005364
36485205305.8618;33.7368891349082;0.00259637130060877;-9.18452975145438;-13.4156973724505;25.6041315521788;0.00150363500937342;7.78907097627279
36704970755.6172;33.8838483493453;0.00260713422929464;-9.17476259439876;-13.3100289535123;25.6180177656369;0.00187620013716752;7.77956600660348
36916948029.9097;34.0289874816499;0.00261962908613449;-9.16450478110303;-13.2295580189328;25.6324225755618;0.00220666504928524;7.76946396616341
37120576546.7356;34.1717969189247;0.00263350096250086;-9.15408169012459;-13.1667033885083;25.6469345777224;0.00249122965840164;7.75911570384923
37314741759.0238;34.3112228605295;0.00264833754801623;-9.14382783578818;-13.1168374578237;25.6611235960608;0.00273065005171499;7.7488770953839
37500840262.6818;34.4480116433108;0.0026639332468906;-9.13369239617327;-13.0767380400293;25.6751689422556;0.00292730292082549;7.73877021194234
37675348517.514;34.5792080957025;0.00267966482542912;-9.12389388369338;-13.0450436725831;25.6887217630506;0.00308029780228547;7.72898218433096
37841682880.0773;34.7069961918029;0.00269557679717732;-9.11449157851779;-13.0192579791788;25.7016260562058;0.00320032585326035;7.71952278105775
37998860898.9907;34.8302681873192;0.00271134770782448;-9.1055273842239;-12.9985350394092;25.7139901193855;0.00328974183354853;7.71054494440784
38147086544.583;34.9489373588713;0.00272679205884357;-9.09658544007896;-12.9821536868719;25.7265376995311;0.00334821313354083;7.70173251013224
38284598205.3167;35.0613064063548;0.00274155343366251;-9.08769282758989;-12.9692127191684;25.7390183581187;0.00338120955872137;7.69297022904057
38412026143.4849;35.1674323485063;0.00275557271306523;-9.0794430973225;-12.9585389648436;25.750259331147;0.00340161955632829;7.68461596873369
38530762084.8261;35.2679303469561;0.00276889695705397;-9.07242478739596;-12.9499396229562;25.7594628138218;0.00341524580433509;7.67726848419302
38644066239.0431;35.3652090315074;0.00278178957898498;-9.06622814402533;-12.9439045858507;25.7677344561481;0.00341507145058941;7.67087852168499
38751199088.997;35.4586450998821;0.00279409087078037;-9.05940810238633;-12.9399719377967;25.777862189993;0.00339377512535082;7.66452985350016
38846982161.8483;35.5439625747319;0.00280518779753321;-9.05025077257905;-12.9360860462782;25.7926507227026;0.00335475418529622;7.65680049001752
38919537233.2126;35.6102310375157;0.00281365524419688;-9.03936087714507;-12.9329153039011;25.8107919226029;0.00329797153533894;7.64797933715367
38958994652.7905;35.6469996740616;0.00281822080832581;-9.0306511543463;-12.9366342326543;25.8257996991636;0.00320679132500324;7.64125723908467
38971210328.3523;35.6584800835837;0.00281959398878026;-9.02696010947686;-12.9491898765551;25.8325922282428;0.00308985586858512;7.63869746354654
38973085936.5155;35.6602462508865;0.00281979775465765;-9.02611027386465;-12.9640106554078;25.8343957469054;0.00298056039627047;7.63826816874013
38973193544.9102;35.6603476263233;0.00281980916007643;-9.02591341437376;-12.9747349163963;25.8349243045212;0.00290660282549845;7.63824274075295
38973202011.8607;35.6603556058893;0.00281981003344065;-9.02574774420927;-12.9865316228875;25.8353981059423;0.00282768663681623;7.63824070693201
38973202731.4741;35.6603562843452;0.00281981010544414;-9.02557763370863;-12.9997457070586;25.8358874691701;0.00274192335578729;7.63824053124285
38973202801.4784;35.6603563503732;0.00281981011220916;-9.02539685700699;-13.0148553911483;25.836407769744;0.00264711979787665;7.63824051386402
38973202810.8847;35.6603563592494;0.00281981011308021;-9.02519489499465;-13.033379230766;25.8369890702416;0.00253546468399077;7.6382405114852
38973202814.2577;35.660356362434;0.0028198101133743;-9.02494660344183;-13.0595272489792;25.83770372302;0.00238601554285373;7.63824051061342
38973202816.3333;35.6603563643951;0.00281981011354128;-9.02466810292141;-13.0944922646214;25.8385053268345;0.00220010407705447;7.63824051006379
38973202817.8401;35.6603563658197;0.00281981011365002;-9.02435853066735;-13.141682805852;25.8393963643038;0.00197223239785247;7.63824050965429
38973202819.0034;35.6603563669203;0.00281981011372252;-9.02402007714589;-13.2052831883239;25.8403705296254;0.00170229814390282;7.63824050932921
38973202819.9685;35.6603563678343;0.00281981011377114;-9.02364769615309;-13.2978073923746;25.841442346434;0.00137453896004061;7.63824050905138
38973202820.7952;35.6603563686179;0.00281981011380102;-9.02324440500581;-13.4419906729516;25.8426031282082;0.000985348795665369;7.63824050880579
38973202821.5232;35.6603563693087;0.00281981011381487;-9.02280928470743;-13.7205249025679;25.8438555176938;0.000518372180935144;7.63824050858226
38973202822.1963;35.6603563699481;0.00281981011381467;-9.02232666063115;-15.5233670010021;25.845244626074;-8.15342924487845e-06;7.63824050836828
38973202822.8094;35.6603563705311;0.00281981011380406;-9.02181154771899;-13.7617244278351;25.8467272358396;-0.000470427476165363;7.6382405081661
38973202823.3538;35.6603563710495;0.00281981011378759;-9.02128817726997;-13.5193731589963;25.8482336084694;-0.000821005163143233;7.63824050797984
38973202823.8732;35.6603563715447;0.00281981011376787;-9.02072664567225;-13.4204359017276;25.849849818939;-0.00102979023247211;7.63824050779542
38973202824.3568;35.6603563720063;0.00281981011374763;-9.02014535666554;-13.3783563177213;25.8515228988118;-0.0011331180851683;7.63824050761715
38973202824.8018;35.6603563724318;0.00281981011372812;-9.01955588674448;-13.3580528424174;25.8532195271255;-0.00118581701666226;7.63824050744684
38973202825.2348;35.6603563728463;0.00281981011370901;-9.01892749911125;-13.3551480294789;25.8550281715896;-0.0011921323820815;7.63824050727487
38973202825.6486;35.6603563732431;0.00281981011369123;-9.01827158129899;-13.3671163897265;25.8569160560303;-0.00115806228245819;7.63824050710413
38973202826.0417;35.6603563736205;0.00281981011367519;-9.01759417609356;-13.3891977774104;25.8588657871421;-0.00109902069582868;7.63824050693568
38973202826.4267;35.6603563739909;0.00281981011366049;-9.0168743380023;-13.4180153459929;25.8609376502834;-0.00102684113771926;7.63824050676423
38973202826.7983;35.6603563743489;0.00281981011364732;-9.01612192553488;-13.4506521193233;25.8631032699537;-0.000950934141363824;7.63824050659217
38973202827.1531;35.6603563746914;0.00281981011363573;-9.01534627271094;-13.4856953018957;25.8653357805139;-0.000875727709134648;7.63824050642137
38973202827.4992;35.6603563750262;0.00281981011362534;-9.01453079182155;-13.5227711590903;25.8676829251869;-0.000802633277223067;7.63824050624806
38973202827.8336;35.6603563753501;0.00281981011361612;-9.01368355975968;-13.5592853871112;25.8701214566935;-0.000736540513613714;7.63824050607396
38973202828.1592;35.6603563756663;0.00281981011360778;-9.01279826319962;-13.5920319595321;25.8726695461879;-0.000681722370192971;7.63824050589755
38973202828.477;35.6603563759755;0.00281981011359996;-9.0118776152828;-13.608725680502;25.8753193842965;-0.000654692934285765;7.63824050571845
38973202828.7894;35.6603563762801;0.00281981011359223;-9.01092082295779;-13.6061503761892;25.8780732536434;-0.000657207308936106;7.63824050553524
38973202829.093;35.6603563765769;0.00281981011358429;-9.00994446555532;-13.5826442046917;25.8808834349973;-0.000692276130652627;7.63824050535002
38973202829.392;35.6603563768698;0.00281981011357571;-9.00894184605127;-13.5422335086793;25.8837692038638;-0.000758116337943557;7.63824050516036
38973202829.6835;35.660356377156;0.00281981011356628;-9.00792788894045;-13.4903319214844;25.8866876039449;-0.000852456938870251;7.63824050496829
38973202829.9723;35.6603563774402;0.00281981011355562;-9.00688997838794;-13.4325440978153;25.8896749463651;-0.000971566380499971;7.63824050477073
38973202830.2578;35.6603563777219;0.00281981011354359;-9.00583163796784;-13.3755724883393;25.892721089557;-0.00110518973582981;7.63824050456805
38973202830.5375;35.6603563779987;0.00281981011353028;-9.00476210096354;-13.322462225298;25.8957994581192;-0.00124603200862356;7.63824050436208
38973202830.8149;35.6603563782737;0.0028198101135155;-9.00366807780302;-13.2733769950842;25.8989483025174;-0.00139178839661016;7.63824050415048
38973202831.0883;35.6603563785455;0.00281981011349936;-9.00255461250665;-13.2289305361509;25.9021531050689;-0.00153801277382983;7.63824050393443
38973202831.3612;35.6603563788175;0.00281981011348168;-9.00140626959954;-13.1884743287941;25.9054582926784;-0.00168392684543267;7.63824050371109
38973202831.6325;35.6603563790887;0.00281981011346255;-9.00022572445612;-13.1518816314373;25.9088561651604;-0.00182722628077765;7.63824050348119
38973202831.8982;35.6603563793549;0.00281981011344237;-8.99902958937453;-13.1193231362553;25.9122989087834;-0.00196432072102734;7.63824050324817
38973202832.1614;35.6603563796195;0.00281981011342098;-8.99780273752586;-13.0901695538697;25.9158300621617;-0.00209506888586719;7.63824050300931
38973202832.4236;35.6603563798838;0.00281981011339835;-8.99653650824255;-13.0639952880984;25.9194745528237;-0.00221905166239328;7.63824050276315
38973202832.6844;35.6603563801475;0.0028198101133746;-8.9952301616101;-13.0405274244329;25.923234510568;-0.00233556482464455;7.63824050250986
38973202832.9426;35.6603563804093;0.00281981011334992;-8.99388749161812;-13.0195657756518;25.9270990155795;-0.00244385616854201;7.63824050225052
38973202833.1996;35.6603563806708;0.00281981011332426;-8.99249755468519;-13.0006849894142;25.9310995660426;-0.00254468188385686;7.63824050198341
38973202833.4545;35.660356380931;0.00281981011329779;-8.99106256852975;-12.9836781207636;25.9352297789389;-0.0026379985217239;7.63824050170938
38973202833.7074;35.6603563811901;0.00281981011327058;-8.98957803818852;-12.9682678649148;25.9395025918291;-0.00272440593184328;7.63824050142795
38973202833.9589;35.6603563814486;0.00281981011324263;-8.98803772429935;-12.9542059761903;25.9439359630363;-0.00280457857374225;7.63824050113841
38973202834.2118;35.6603563817095;0.00281981011321368;-8.98641903724247;-12.9411651977987;25.9485949106234;-0.00287983553101233;7.63824050083707
38973202834.4641;35.6603563819709;0.00281981011318397;-8.98472770380202;-12.9291000518268;25.953462951642;-0.00295000645058331;7.63824050052561
38973202834.7136;35.6603563822303;0.00281981011315384;-8.98297405044914;-12.9179747250667;25.9585103641784;-0.00301494290467507;7.63824050020654
38973202834.9603;35.6603563824879;0.00281981011312332;-8.98115300419611;-12.9076509274815;25.9637517494424;-0.00307517280043029;7.63824049987956
38973202835.2072;35.6603563827469;0.00281981011309209;-8.9792360105682;-12.8978991734454;25.9692692937149;-0.00313181836891446;7.63824049954026
38973202835.4535;35.6603563830066;0.00281981011306025;-8.97722017976894;-12.888664028782;25.9750713145048;-0.00318502539609488;7.63824049918899
38973202835.7001;35.6603563832676;0.00281981011302774;-8.97508972637297;-12.8798423205541;25.9812032458833;-0.00323524121163454;7.63824049882402
38973202835.9443;35.6603563835276;0.0028198101129949;-8.97285585815783;-12.8714474653183;25.9876328293171;-0.00328227613429439;7.63824049844833
38973202836.1878;35.6603563837883;0.00281981011296155;-8.97049366812914;-12.8633570047401;25.9944317528385;-0.00332672568597065;7.63824049805891
38973202836.4271;35.6603563840458;0.00281981011292819;-8.9680259905537;-12.8556187780516;26.0015342942045;-0.0033682644996752;7.63824049766075
38973202836.6607;35.6603563842987;0.00281981011289506;-8.96546145606817;-12.8482166849248;26.0089156124542;-0.00340695985898509;7.63824049725635
38973202836.8878;35.6603563845462;0.00281981011286231;-8.9628007807365;-12.8411097856958;26.0165736465758;-0.00344303228400878;7.6382404968469
38973202837.1083;35.6603563847879;0.00281981011283002;-8.96004273412783;-12.8342568731204;26.0245119380167;-0.0034767099023076;7.63824049643335
38973202837.3214;35.6603563850231;0.00281981011279832;-8.95718818891948;-12.8276270740698;26.0327279749976;-0.00350817133099815;7.63824049601707
38973202837.5266;35.6603563852511;0.00281981011276734;-8.95424040960608;-12.821198748436;26.0412123615403;-0.00353755222702166;7.63824049559988
38973202837.723;35.6603563854709;0.00281981011273727;-8.95120640411922;-12.8149611487396;26.0499449271953;-0.00356493868696893;7.63824049518434
38973202837.9094;35.6603563856809;0.00281981011270833;-8.94810507581455;-12.8089230454575;26.0588712637384;-0.00359035697359076;7.63824049477391
38973202838.0848;35.6603563858801;0.00281981011268073;-8.94496685147038;-12.8031055662434;26.0679037958695;-0.00361382730345907;7.63824049437223
38973202838.2496;35.6603563860684;0.00281981011265447;-8.94180900568129;-12.7974999058678;26.0769928032915;-0.00363552057589718;7.63824049398028
38973202838.4058;35.6603563862483;0.00281981011262926;-8.93861734469623;-12.7920457175892;26.0861791388552;-0.00365579723001547;7.63824049359459
38973202838.5574;35.6603563864243;0.00281981011260447;-8.93533012755077;-12.7866130725824;26.0956405072542;-0.00367523417180659;7.6382404932058
38973202838.7131;35.6603563866064;0.00281981011257869;-8.93177187124316;-12.7809050343407;26.1058819889944;-0.00369492142586809;7.63824049279145
38973202838.8812;35.660356386805;0.00281981011255044;-8.92772701629651;-12.7745954068494;26.117524013949;-0.00371589652726836;7.63824049232519
38973202839.0658;35.6603563870254;0.00281981011251891;-8.92304642146017;-12.7674945358443;26.1309958450608;-0.00373859005608374;7.63824049178936
38973202839.2607;35.6603563872609;0.00281981011248502;-8.91781763087544;-12.7597822998799;26.1460455101571;-0.00376219536271664;7.63824049119481
38973202839.4626;35.6603563875082;0.00281981011244923;-8.91206237746912;-12.7515275332654;26.1626104569061;-0.00378630782607626;7.63824049054535
38973202839.671;35.660356387767;0.00281981011241156;-8.90573125397924;-12.7426918774082;26.1808328908437;-0.00381085860372198;7.63824048983686
38973202839.8861;35.6603563880387;0.00281981011237179;-8.89873150666293;-12.7331797657056;26.2009797786818;-0.00383591763058333;7.63824048906061
38973202840.1046;35.6603563883194;0.00281981011233045;-8.89109581742199;-12.7230658932713;26.2229570544039;-0.00386110478436015;7.63824048822188
38973202840.3258;35.6603563886091;0.00281981011228756;-8.8827672676421;-12.7123000012711;26.2469285429523;-0.0038863844094801;7.63824048731623
38973202840.55;35.6603563889091;0.0028198101122429;-8.87363650445691;-12.7007672282489;26.2732089871543;-0.00391185183018791;7.6382404863339
38973202840.7779;35.660356389221;0.00281981011219619;-8.86356626307679;-12.68832397905;26.3021934668038;-0.00393762407731331;7.63824048526252
38973202841.0069;35.6603563895427;0.00281981011214777;-8.85253955595988;-12.6749773238481;26.3339308760057;-0.00396349142888338;7.63824048410271
38973202841.2369;35.6603563898748;0.00281981011209753;-8.84044326945006;-12.6606156407394;26.3687467820195;-0.00398948758976308;7.63824048284517
38973202841.4684;35.6603563902195;0.00281981011204511;-8.82708607487531;-12.6450396650802;26.4071918729928;-0.00401576814906999;7.63824048147309
38973202841.7016;35.6603563905788;0.0028198101119902;-8.81225771157713;-12.6280356179089;26.4498713277142;-0.00404245931152531;7.63824047996833
38973202841.936;35.660356390954;0.00281981011193257;-8.79575846261925;-12.609407425823;26.4973599777061;-0.00406961797309092;7.63824047831419
38973202842.1707;35.6603563913459;0.0028198101118721;-8.77739157063043;-12.5889657271728;26.550224136185;-0.00409726482394958;7.6382404764946
38973202842.406;35.6603563917578;0.00281981011180824;-8.75680923063672;-12.5663580797364;26.6094648662813;-0.00412560164527551;7.63824047447915
38973202842.6423;35.6603563921942;0.00281981011174027;-8.73356607788178;-12.5411344620418;26.67636403074;-0.00415487776089146;7.63824047222855
38973202842.8795;35.6603563926597;0.00281981011166744;-8.70715335216997;-12.5127859307488;26.7523859590343;-0.00418533227828281;7.63824046969741
38973202843.1171;35.6603563931595;0.00281981011158891;-8.67698672820014;-12.480731463505;26.839212474476;-0.00421720811128398;7.63824046683241
38973202843.3546;35.6603563937007;0.00281981011150351;-8.64230894913189;-12.4442158690442;26.9390231373425;-0.00425084161286571;7.63824046356261
38973202843.5926;35.6603563942958;0.00281981011140922;-8.60209583024266;-12.4022092921025;27.0547657880875;-0.00428677132284943;7.63824045977627
38973202843.8324;35.6603563949611;0.00281981011130336;-8.55675599235867;-12.3551118548751;27.1852643212165;-0.00432491620517242;7.63824045531677
38973202844.0785;35.6603563957274;0.00281981011118097;-8.5067862183097;-12.3033896464532;27.3290888804109;-0.00436537668830789;7.63824044992111
38973202844.3335;35.6603563966231;0.00281981011103731;-8.4542983790246;-12.2491433543756;27.4801610119056;-0.00440731709167414;7.63824044330506
38973202844.5989;35.6603563976752;0.00281981011086789;-8.40179690412318;-12.194875801527;27.631272387313;-0.00444961040131477;7.63824043519154
38973202844.8765;35.6603563989124;0.00281981011066784;-8.35111046962154;-12.1424135961228;27.7771596536627;-0.00449143075508618;7.63824042527292
38973202845.17;35.6603564003693;0.0028198101104313;-8.30406835005285;-12.0935773499139;27.9125577351111;-0.00453200765258702;7.63824041319514
38973202845.4852;35.6603564021057;0.00281981011014817;-8.25901802694582;-12.046695558021;28.0422229614338;-0.00457230199138061;7.6382403984179
38973202845.8324;35.6603564042161;0.00281981010980256;-8.21617741514788;-12.0019547632007;28.1655281218282;-0.00461254430679132;7.63824038003572
38973202846.236;35.660356406913;0.00281981010935881;-8.17507468448415;-11.9587983510153;28.2838312496294;-0.00465387346401705;7.63824035608269
38973202846.7501;35.6603564106914;0.0028198101087337;-8.13379569476063;-11.9151445905434;28.4026416760195;-0.00469904754296162;7.63824032200172
38973202847.5881;35.6603564175619;0.00281981010758833;-8.08621979778293;-11.8642642315139;28.5395760139086;-0.00475776605207038;7.6382402594329
38973202849.3126;35.6603564334343;0.00281981010491252;-8.03601594517309;-11.8092041211472;28.6840740871245;-0.0048356255052797;7.63824011244486
38973202855.9773;35.660356500971;0.00281981009335834;-7.9942407490052;-11.7610410761356;28.8043117950464;-0.00492784655559119;7.63823946883949
38973202900.7885;35.6603569929616;0.00281981000722907;-7.95943029501653;-11.7162363660664;28.9044972174696;-0.00506010289759858;7.63823472413268
38973203269.7312;35.6603614462796;0.00281980920696578;-7.91827516548359;-11.6637259775892;29.0228866220285;-0.00521542606534217;7.6381915877416
38973206298.0655;35.6604034828409;0.00281980122617607;-7.85757663352728;-11.579157948575;29.1969885938058;-0.00554315145765512;7.63778909399288
38973227973.7562;35.6608033361502;0.00281971528918705;-7.73407225197889;-11.4017928135113;29.547005965351;-0.0063502806353994;7.63414321380473
38973319216.0109;35.6639600357163;0.00281888107092242;-7.46096275776111;-11.0389163141313;30.2958449063409;-0.00800625673569503;7.60926603329421
38973634100.9608;35.728395273346;0.00279963708848745;-6.68902846938412;-10.2138569520425;31.9735414744308;-0.00954909600945313;7.24572125768806
38974558790.2192;35.8680637216898;0.00276844162401063;-6.82089750431633;-10.4719043563351;29.04077767621;-0.00648636509619791;5.53980190875957
38977024621.0554;35.9842710317351;0.00274514459184491;-7.32672983101766;-11.0246626800141;28.0362289524242;-0.00562065267198251;5.84137247744153
38983507841.6811;36.1057425487135;0.00272278870107799;-7.72731634586623;-11.4623988220647;27.500092990548;-0.00506117886949684;6.25351454721752
39003830248.2911;36.2537486606663;0.00269859835673259;-8.13769548638968;-11.924333085951;26.9525277019166;-0.00440516217530256;6.67685210031465
39071203401.9917;36.4463552975826;0.00267223524013553;-8.54381562877787;-12.4074901264992;26.4154538169068;-0.00361562664760198;7.09900901898749
39196227945.0841;36.6418940674521;0.00265014657269662;-8.80576239735487;-12.7528257594508;26.0713968448213;-0.00294510605215178;7.37287267038765
39373595001.4449;36.8304425295584;0.00263288961520731;-8.97344996395945;-13.0119087291312;25.8531659536187;-0.00236621917167382;7.54953875816812
39598510571.9457;37.0157490239779;0.00261981898449552;-9.08412888163922;-13.2357229773188;25.7117659981524;-0.00181358456627521;7.66790707583805
39848205808.0138;37.1927144478494;0.00261097776767743;-9.14952183586903;-13.4508982153857;25.6312413273897;-0.00128054032779336;7.73986055109306
40112437901.4409;37.3653511823568;0.00260591690828527;-9.18485235299271;-13.7177612942541;25.5903074446487;-0.000750181866848211;7.78045405604281
40381070660.2911;37.5346946223471;0.00260444174332612;-9.20039059464643;-14.2603183846303;25.5744772398275;-0.000222781423803196;7.7997584057347
40646153089.1028;37.7004889082413;0.00260634752997498;-9.20381138265268;-14.1433066610132;25.5733644988564;0.000293962945498458;7.80559337194444
40899406354.9411;37.8601304059898;0.00261122520692417;-9.20040926087144;-13.7153420211261;25.5802079574534;0.000781576172044334;7.80362326166377
41136613297.1106;38.0120378911252;0.00261851145269089;-9.19354822112276;-13.5126235790665;25.5909321897946;0.00122746960867677;7.797594311631
41367172399.8876;38.1627353286544;0.00262817661626978;-9.18467640581151;-13.3775730647312;25.6039215759579;0.00164213867435388;7.78921194116875
41587603819.3557;38.3100949891075;0.0026397646320564;-9.17489488514878;-13.2792644191179;25.617832064297;0.00201452583065887;7.7796955695959
41797414984.2989;38.4536681005796;0.00265287545956195;-9.16475548274588;-13.2041984915557;25.6320727019926;0.00234067284855714;7.76971155237686
42000807338.3394;38.5962220352797;0.00266746239412507;-9.15435541383964;-13.1443705881051;25.6465560638829;0.00262430241480433;7.75938842829505
42195375700.1197;38.7358539223121;0.00268304515457849;-9.14408761499465;-13.0964278277458;25.6607652017543;0.00286371233454298;7.74913644702403
42380885872.6971;38.872115445337;0.00269928228872238;-9.13399449060439;-13.0578583507982;25.674750936318;0.00305944309009241;7.73907111035294
42556428488.435;39.004013612803;0.00271577969506112;-9.12414380373974;-13.0269668940279;25.6883787056948;0.00321302130145853;7.72923282447511
42722167018.0653;39.1312609475883;0.00273227758073838;-9.11477478688743;-13.0019951918103;25.7012389433336;0.00333221990516496;7.71980800204019
42879914367.9286;39.2549056558163;0.00274873105437406;-9.10578653781278;-12.9817044722372;25.713630229233;0.00342172781284111;7.71080209522484
43028226643.2555;39.3735688480435;0.0027647830947226;-9.0968610702986;-12.9656468549547;25.7261493845842;0.00348007819597084;7.70200235505856
43165949769.1717;39.4860391842305;0.00278013291142983;-9.08796887807132;-12.9529036774553;25.7386357823292;0.0035127781684203;7.69324471683073
43293029623.9134;39.5918062366595;0.0027946426130474;-9.07972630835797;-12.9424182281857;25.7498838102511;0.00353250962557392;7.68490894051673
43411951842.1413;39.6924064349729;0.00280848991044695;-9.07266416455417;-12.9338979817182;25.7591541385787;0.00354566565571264;7.67752182266965
43525211453.4849;39.7895929071184;0.00282186246533817;-9.06646924940173;-12.92786067774;25.7674000039169;0.00354551372582454;7.67111796088122
43632763277.0978;39.883329634997;0.00283467877037179;-9.05970798925483;-12.9238549432781;25.7773916743129;0.00352445537780151;7.66479142381454
43729544820.2209;39.9694622756592;0.0028463186245662;-9.05062478033036;-12.9198450021932;25.7920289842442;0.00348550159900056;7.65710356156884
43803304970.0463;40.0367726196609;0.00285526220012847;-9.03973998010548;-12.9163106096093;25.810139603195;0.00342941248091784;7.64827177453308
43844020678.6756;40.0746932233336;0.00286016599819355;-9.03088675537264;-12.9192294198558;25.8253600363327;0.00333967126865526;7.64141579652687
43856907754.6255;40.0868022017717;0.0028616770043738;-9.0270468821705;-12.9308881473606;25.8324001575968;0.00322346897292663;7.63873523989711
43858950030.754;40.0887251560724;0.00286190875681352;-9.02614549776378;-12.945090146266;25.8342979773757;0.00311352255363889;7.63826981923608
43859069583.9666;40.0888377766578;0.00286192200668519;-9.02594347046415;-12.955349579157;25.8348373220602;0.00303948232686226;7.63824166023657
43859078871.9048;40.0888465293432;0.00286192300996272;-9.0257779991641;-12.9664982312113;25.8353102664708;0.0029613752982512;7.63823943604044
43859079659.4325;40.0888472717768;0.00286192309262088;-9.02560817854671;-12.9789800966237;25.8357987717486;0.00287640460389378;7.63823924435743
43859079735.67;40.0888473436788;0.00286192310036468;-9.02542779129101;-12.9932145866398;25.8363179495492;0.00278255543411421;7.63823922548877
43859079745.6467;40.0888473530925;0.00286192310133838;-9.02522685465044;-13.0105613732155;25.8368962989925;0.00267242683183981;7.6382392229735
43859079749.0825;40.0888473563363;0.00286192310165556;-9.02498164109977;-13.0347170663022;25.8376020929765;0.00252648532779834;7.63823922208831
43859079751.1879;40.0888473583252;0.00286192310183595;-9.02470493617602;-13.0671275776876;25.8383985293595;0.00234338125142181;7.63823922153266
43859079752.7096;40.0888473597638;0.00286192310195396;-9.02439772929758;-13.1104067737759;25.8392827596036;0.00211968540727008;7.63823922112052
43859079753.8813;40.0888473608723;0.00286192310203351;-9.02406193471709;-13.1681781368632;25.840249273032;0.00185430212797967;7.63823922079424
43859079754.8541;40.0888473617935;0.00286192310208812;-9.02369146391862;-13.2507848526031;25.8413155933929;0.00153186760240765;7.63823922051519
43859079755.6896;40.0888473625854;0.00286192310212325;-9.02328830525651;-13.3762495273995;25.8424759959358;0.00114649693859551;7.63823922026789
43859079756.4223;40.0888473632806;0.0028619231021417;-9.02285431094452;-13.5989800859435;25.8437251471832;0.000685850308926153;7.63823922004371
43859079757.0916;40.0888473639163;0.00286192310214581;-9.02237861498406;-14.2119572039294;25.845094318047;0.000167031942762325;7.63823921983172
43859079757.7052;40.0888473644997;0.0028619231021392;-9.02186758945998;-13.9676831249773;25.8465651663731;-0.000292810941451398;7.63823921963019
43859079758.2528;40.088847365021;0.00286192310212612;-9.0213453690866;-13.6220691595541;25.8480682309966;-0.000648192946690977;7.6382392194436
43859079758.782;40.0888473655255;0.00286192310210924;-9.02077682342967;-13.4961391084381;25.8497046306161;-0.000865153760867835;7.6382392192564
43859079759.2606;40.0888473659823;0.00286192310209212;-9.02020476115957;-13.4464807461176;25.8513511544265;-0.000968740065978192;7.63823921908059
43859079759.7065;40.0888473664085;0.00286192310207525;-9.01961777578637;-13.4220921779589;25.8530406318825;-0.00102338071000424;7.63823921891062
43859079760.1394;40.0888473668229;0.00286192310205871;-9.01899319126979;-13.4179386293227;25.8548383300555;-0.00103180205481177;7.63823921873935
43859079760.5519;40.0888473672184;0.00286192310204343;-9.01834329800461;-13.4311728364324;25.8567088741944;-0.000999410038169261;7.63823921856982
43859079760.9498;40.0888473676004;0.00286192310202952;-9.01766169309064;-13.4566420147574;25.8586706926673;-0.00094107854821098;7.63823921840001
43859079761.3356;40.0888473679714;0.00286192310201704;-9.01694412856914;-13.490075665378;25.8607360114947;-0.00086998015116319;7.63823921822886
43859079761.7043;40.0888473683266;0.00286192310200612;-9.01620157065173;-13.5283311546671;25.8628732670176;-0.000795329676304973;7.63823921805879
43859079762.0612;40.0888473686711;0.00286192310199653;-9.01542565899499;-13.5710278289895;25.86510652214;-0.000719634708212512;7.63823921788766
43859079762.4072;40.0888473690057;0.00286192310198817;-9.01461497896183;-13.6166268913687;25.8674398484139;-0.000646757592068457;7.63823921771512
43859079762.7423;40.0888473693303;0.00286192310198088;-9.01377039930415;-13.6623526034473;25.8698707453005;-0.000581048058916973;7.63823921754133
43859079763.0685;40.0888473696469;0.00286192310197445;-9.01288834043673;-13.7054786945941;25.872409515675;-0.000525105446127867;7.63823921736535
43859079763.3863;40.0888473699561;0.00286192310196853;-9.01197182160263;-13.7293979887779;25.8750474692117;-0.000495969520518537;7.63823921718696
43859079763.6995;40.0888473702615;0.00286192310196265;-9.01101621367397;-13.7269078490376;25.8777979296194;-0.000497777981076777;7.63823921700396
43859079764.0043;40.0888473705593;0.00286192310195653;-9.01003952338337;-13.6974139963636;25.8806090693317;-0.000531618419238179;7.63823921681874
43859079764.3045;40.0888473708533;0.00286192310194975;-9.00903601073021;-13.6459327130728;25.8834974092819;-0.000597208879054295;7.63823921662903
43859079764.5949;40.0888473711384;0.00286192310194214;-9.00802856098394;-13.5818771325268;25.8863970802462;-0.000690594375803791;7.63823921643838
43859079764.8829;40.0888473714218;0.00286192310193328;-9.00699616042207;-13.5117634916961;25.889368564347;-0.000809755911042052;7.63823921624209
43859079765.1671;40.0888473717021;0.00286192310192307;-9.0059457136097;-13.4443382681681;25.8923919886993;-0.000943581937208423;7.63823921604114
43859079765.4475;40.0888473719794;0.00286192310191144;-9.00487661774961;-13.3823453799634;25.8954690883272;-0.00108581295833981;7.63823921583547
43859079765.7254;40.0888473722549;0.00286192310189832;-9.00378370214081;-13.3260163368106;25.898614745718;-0.00123322948796889;7.63823921562429
43859079766.0007;40.0888473725285;0.00286192310188372;-9.00266567145212;-13.2755151490964;25.90183268925;-0.00138191399834274;7.63823921540753
43859079766.2722;40.088847372799;0.00286192310186776;-9.00152649484473;-13.230604166766;25.9051114949205;-0.00152864906109032;7.63823921518612
43859079766.542;40.0888473730686;0.00286192310185035;-9.00035606337699;-13.1903833562819;25.9084802586779;-0.00167268686265675;7.63823921495833
43859079766.8084;40.0888473733355;0.00286192310183169;-8.99916042553764;-13.1545649390125;25.9119215717698;-0.00181173680514031;7.63823921472554
43859079767.0726;40.088847373601;0.00286192310181177;-8.99793273848529;-13.1226688590324;25.91545512964;-0.00194456614242102;7.63823921448663
43859079767.334;40.0888473738644;0.00286192310179074;-8.99667473978537;-13.0943931683459;25.9190759313796;-0.00206966990865717;7.63823921424215
43859079767.5941;40.0888473741273;0.00286192310176856;-8.99537685074656;-13.0691499940983;25.9228115467624;-0.00218730305376291;7.63823921399054
43859079767.8522;40.0888473743889;0.00286192310174538;-8.99403943083857;-13.046633720129;25.9266609412919;-0.00229695400540624;7.63823921373224
43859079768.1094;40.0888473746506;0.00286192310172117;-8.99265330721491;-13.0264064752897;25.9306505165893;-0.00239916570020408;7.63823921346587
43859079768.3649;40.0888473749112;0.0028619231016961;-8.99122069184739;-13.0082335792653;25.9347739061815;-0.00249384569811497;7.63823921319224
43859079768.6183;40.0888473751708;0.00286192310167027;-8.98973927725249;-12.9918307096047;25.9390377515757;-0.00258144233962095;7.63823921291133
43859079768.87;40.0888473754293;0.00286192310164374;-8.98820474709477;-12.9769341038663;25.9434544761935;-0.00266255413680846;7.63823921262276
43859079769.1234;40.0888473756907;0.00286192310161616;-8.98658923591218;-12.9631351143548;25.9481042831707;-0.00273879644964161;7.63823921232186
43859079769.3753;40.0888473759515;0.00286192310158792;-8.98490788771061;-12.9504528497611;25.9529435846609;-0.00280958166860591;7.63823921201206
43859079769.6245;40.0888473762105;0.00286192310155923;-8.9831636881785;-12.9387797287444;25.957963787185;-0.00287511077107701;7.63823921169449
43859079769.8717;40.0888473764686;0.00286192310153005;-8.98134747388981;-12.9279440018021;25.9631912651691;-0.0029360371387821;7.6382392113681
43859079770.1189;40.0888473767278;0.00286192310150017;-8.97943725122075;-12.9177426770132;25.9686893212789;-0.0029932611221223;7.63823921102967
43859079770.365;40.088847376987;0.00286192310146976;-8.97743315873918;-12.9081253544095;25.9744575566985;-0.00304687256970006;7.63823921068005
43859079770.6106;40.088847377247;0.00286192310143877;-8.9753224208793;-12.8989877320537;25.9805327424335;-0.00309729620964198;7.63823921031799
43859079770.8549;40.0888473775069;0.00286192310140731;-8.97310006109706;-12.8902732620107;25.9869292021258;-0.003144718404115;7.63823920994368
43859079771.099;40.088847377768;0.00286192310137528;-8.97074607915953;-12.8818791655586;25.993704501033;-0.00318959168971626;7.63823920955498
43859079771.3389;40.0888473780261;0.0028619231013432;-8.96828651839784;-12.8738672050677;26.0007836804908;-0.00323151183950905;7.63823920915744
43859079771.5731;40.0888473782794;0.00286192310131134;-8.96573115595938;-12.8662220908593;26.008138599618;-0.0032705314970496;7.63823920875372
43859079771.8009;40.0888473785274;0.00286192310127981;-8.96307998268983;-12.8588970213931;26.0157692847479;-0.00330688912394247;7.63823920834489
43859079772.0219;40.0888473787697;0.00286192310124872;-8.96033158535042;-12.8518471808091;26.0236798034917;-0.00334082026422372;7.63823920793188
43859079772.2358;40.0888473790055;0.00286192310121816;-8.9574861507969;-12.8450376759925;26.0318696180229;-0.00337251457482228;7.63823920751592
43859079772.4418;40.0888473792343;0.00286192310118828;-8.9545469903504;-12.8384453561092;26.0403291975864;-0.00340210806476742;7.63823920709886
43859079772.639;40.0888473794548;0.00286192310115924;-8.95152112315886;-12.8320581865121;26.0490383394499;-0.00342968813965196;7.63823920668322
43859079772.8263;40.0888473796657;0.00286192310113128;-8.94842688061392;-12.8258835207985;26.0579442816342;-0.00345528210493156;7.6382392062725
43859079773.0028;40.0888473798658;0.00286192310110457;-8.94529249220876;-12.819938083851;26.0669657731324;-0.00347892358930667;7.63823920587017
43859079773.1684;40.088847380055;0.00286192310107917;-8.94213843551466;-12.8142181428733;26.0760438747446;-0.00350075724065183;7.63823920547769
43859079773.3254;40.0888473802357;0.00286192310105478;-8.93894933221679;-12.8086590137293;26.0852228487705;-0.00352115278499261;7.6382392050915
43859079773.4775;40.0888473804121;0.00286192310103085;-8.93567120262404;-12.8031398686976;26.0946580611722;-0.00354064956147168;7.63823920470315
43859079773.6318;40.0888473805925;0.00286192310100625;-8.93216136708852;-12.7974098568281;26.1047601768451;-0.00356017394898162;7.638239204294
43859079773.7991;40.08884738079;0.00286192310097916;-8.92815367048986;-12.7910534966021;26.116295251589;-0.00358106120440381;7.63823920383173
43859079773.9816;40.0888473810075;0.00286192310094916;-8.92355237463365;-12.7839613968283;26.129538842038;-0.00360348503473044;7.63823920330472
43859079774.1763;40.0888473812426;0.00286192310091655;-8.9183577645224;-12.7761831623285;26.1444901279379;-0.00362706032500081;7.63823920271372
43859079774.378;40.0888473814891;0.00286192310088214;-8.9126448726854;-12.767872338896;26.1609331484096;-0.0036511171233101;7.6382392020686
43859079774.5856;40.0888473817467;0.00286192310084598;-8.90637556795622;-12.7590061631374;26.1789776537831;-0.00367554790286405;7.6382392013665
43859079774.7996;40.0888473820165;0.00286192310080787;-8.89945920818574;-12.7494900386933;26.1988845331153;-0.00370042810080215;7.63823920059889
43859079775.0184;40.0888473822971;0.002861923100768;-8.89186691307121;-12.7393172734916;26.2207369106201;-0.00372558548212373;7.63823919976425
43859079775.2396;40.0888473825863;0.00286192310072667;-8.88359726275734;-12.7285136987425;26.2445388730031;-0.00375078793584125;7.6382391988642
43859079775.4633;40.0888473828849;0.00286192310068374;-8.87455694835476;-12.7169832050839;26.2705589848205;-0.00377609626258384;7.63823919789064
43859079775.6904;40.088847383195;0.00286192310063892;-8.86460470784012;-12.7045748152096;26.2992038308267;-0.00380165317562349;7.63823919683071
43859079775.9198;40.0888473835164;0.0028619231005922;-8.85365268625114;-12.6912095806536;26.3307262779276;-0.00382741843171025;7.63823919567758
43859079776.1499;40.0888473838478;0.00286192310054378;-8.8416522726164;-12.6768557816565;26.3652662397599;-0.00385326299927594;7.6382391944287
43859079776.3811;40.0888473841909;0.00286192310049336;-8.8284312936835;-12.661334889421;26.4033192707477;-0.00387931398011967;7.63823919306908
