t;slip_2;slip_3;slip_rate_2;slip_rate_3;shear_stress_2;shear_stress_3;state
0;0;0;-9;-19.9999946455258;32.2450204656692;-3.22454180212452e-10;7.60205999132796
2.75290596933567;2.77929794755886e-09;3.58289104482709e-14;-8.99585627079739;-13.8855577759668;32.2481213818559;0.000415721910682632;7.60205999121364
4.14266986779145;4.2181098032045e-09;1.03733945899135e-13;-8.98493701823415;-13.3110390456513;32.2562926636965;0.00152234268034917;7.60205999093628
4.53699849954151;4.63788277697869e-09;1.39477868467274e-13;-8.97284383785973;-13.0426561012159;32.2653423956364;0.00274741341695929;7.60205999073146
4.76767445190194;4.89122507053264e-09;1.71800401020644e-13;-8.95929462432171;-12.8534969407766;32.2754816716807;0.00411784898752596;7.60205999053114
4.9873801291553;5.1428792264558e-09;2.18178825108427e-13;-8.94103717243574;-12.6755252918753;32.2891441729124;0.0059507049124201;7.60205999024308
5.21288402987488;5.41462701926648e-09;2.86663463784965e-13;-8.9189880332676;-12.5175608898398;32.3056439558174;0.00814152096929207;7.60205998981593
5.45239842829069;5.72035251735913e-09;3.86887332142336e-13;-8.89399996493319;-12.3783604648956;32.3243428260064;0.0105966649832735;7.60205998919121
5.71815584936622;6.08220442618334e-09;5.35844206539395e-13;-8.86595453277249;-12.2514248498978;32.3453293541733;0.01331500275236;7.60205998827196
5.99956377975508;6.49231800450091e-09;7.40104103325904e-13;-8.83643218373253;-12.1391532240526;32.3674208504135;0.0161208172362231;7.60205998702252
6.28986890825026;6.94638661134244e-09;1.00603706887378e-12;-8.80573323117952;-12.038082531468;32.3903925819002;0.0189699816829017;7.6020599854151
6.58844947401121;7.44922802266031e-09;1.34537921613863e-12;-8.77363049997156;-11.9444237330078;32.4144145339823;0.0218748432064624;7.60205998339501
6.8952149944288;8.00783771769229e-09;1.77355485290269e-12;-8.73969807564911;-11.8551845922781;32.4398053989422;0.0248651866530874;7.60205998089272
7.21020731237747;8.63126582142859e-09;2.3105957666009e-12;-8.70351358622228;-11.7682925892518;32.4668812092997;0.0279680101764363;7.60205997782015
7.53296554631792;9.32986578367184e-09;2.98148668219093e-12;-8.6646487726109;-11.6822254192262;32.4959623953397;0.0312070528809985;7.60205997407179
7.86281226116904;1.01164347588408e-08;3.81841273481943e-12;-8.62257535059988;-11.595625075829;32.5274442256997;0.0346098897328864;7.60205996951786
8.19826470711623;1.10055288412756e-08;4.861556573126e-12;-8.57668324316531;-11.5072867657862;32.5617831654088;0.0382036323762902;7.60205996400545
8.53853328912094;1.20186250030133e-08;6.16753558182107e-12;-8.52617118129447;-11.4158856547861;32.599578731135;0.0420240122538201;7.60205995732462
8.88323296844904;1.3186464390433e-08;7.81730007771689e-12;-8.47005776088581;-11.3200189263442;32.6415652155812;0.0461115594860309;7.60205994918484
9.2314899213424;1.45498194685993e-08;9.92362610192901e-12;-8.40729081567803;-11.2183742021911;32.6885298480287;0.0505023982488424;7.60205993920107
9.58239275141097;1.61663207085184e-08;1.26507042410851e-11;-8.33661082879224;-11.1094892888713;32.7414149969647;0.0552355883672127;7.60205992683917
9.93497649042743;1.81196627709727e-08;1.62447588921114e-11;-8.2564839768998;-10.9916776022989;32.8013682713137;0.0603529266386737;7.60205991133803
10.2884272035517;2.05371315094605e-08;2.10916189743973e-11;-8.16496799552386;-10.8628683794135;32.8698428879861;0.0659017950753102;7.60205989156558
10.641922016781;2.36186844033371e-08;2.78192489801549e-11;-8.05961341919136;-10.7205209469586;32.9486715734717;0.0719333657935965;7.60205986578244
10.9948143887179;2.76964581170832e-08;3.75086142660824e-11;-7.93721914884171;-10.5613469418481;33.0402494617308;0.0785082912015674;7.60205983117339
11.3465004242221;3.33534770144435e-08;5.21335970600955e-11;-7.79356749449638;-10.3810597601906;33.1477323597942;0.0856961986902248;7.60205978293965
11.6964339709822;4.16909272117268e-08;7.55805480396866e-11;-7.62295232586308;-10.1738992031325;33.2753898282238;0.0935785420803322;7.60205971233014
12.0440274567524;5.49838201092695e-08;1.16239451576244e-10;-7.41745212316286;-9.93191596608204;33.4291491619791;0.102249567611979;7.60205960202756
12.3891532250271;7.85751164355918e-08;1.9472228229069e-10;-7.1652255806797;-9.64320272765506;33.617870755119;0.111838943606938;7.6020594135605
12.7312497621132;1.27064262895991e-07;3.70177528921821e-10;-6.84850413857846;-9.28998231857256;33.8548503148682;0.122501869908277;7.60205904912564
13.0700857559222;2.50701665926577e-07;8.56835309622185e-10;-6.43783966401357;-8.84276586698416;34.1621231524097;0.134467908819239;7.60205820396206
13.4054949524442;6.93192772801853e-07;2.7518771454295e-09;-5.879670419541;-8.24795616417961;34.5797677146163;0.148093612444437;7.60205560015409
13.737501181957;3.59773650697323e-06;1.62906384370057e-08;-5.05806831245064;-7.38956730150033;35.1945211468878;0.164049938368368;7.60204238223839
14.0658476329766;8.57186426802563e-05;4.3307214118867e-07;-3.60187859351281;-5.89642389028949;36.2838453830718;0.184148425888724;7.60182988952958
14.3907561939399;0.0292381776685734;0.000161622377184402;-1.0470859610333;-3.30442493178984;38.0945940717267;0.210632013542015;7.53433724749813
14.7120175492776;0.134251063491516;0.000794612638113347;-0.485615893888473;-2.70546145913502;37.401001806485;0.225443474931327;6.79024607495741
15.0298463585213;0.305483046765931;0.0019208225192356;-0.268608373929233;-2.45057392737472;35.318538335023;0.232293559293493;5.29040932367668
15.3440628682033;0.528365229268564;0.00352197695106401;-0.14915364837659;-2.29279577839401;32.1969211554827;0.231298179246438;3.1450283123878
15.6549323663574;0.774924050642701;0.00545921523497719;-0.100657566773798;-2.20539506905992;28.3972945868697;0.22312049484438;0.582099930366545
15.962276978039;0.979184241556064;0.00721726746600644;-0.177441870051161;-2.2425938298948;25.7205192193628;0.221374590881542;-1.167920086166
16.2664304205474;1.14235151011458;0.00875880614680382;-0.270459692865054;-2.29513830965441;25.6864087158033;0.242674851126655;-1.14407425170201
16.5671900402388;1.28297548776509;0.0102207150007191;-0.330160148885975;-2.31329923061816;25.7329598652498;0.267516553670187;-1.08295998854598
16.8648816932089;1.40766497224634;0.0116516571506498;-0.377936828170156;-2.3181445810807;25.7699039950696;0.295736580992566;-1.03418545143732
17.1593642955297;1.51992587505904;0.0130795859625229;-0.418831111748896;-2.31435308567064;25.8008695110596;0.32818019473518;-0.992791393275981
17.4508815844679;1.62215439209371;0.0145286065317052;-0.455092255644955;-2.30358976602041;25.8278751438145;0.366092783376379;-0.956282408726137
17.7392885003858;1.71593554769917;0.0160206457557345;-0.487890090463302;-2.28622543003436;25.8519218758239;0.41129885003276;-0.923369975359608
18.0248828973342;1.80258903411291;0.0175842687491191;-0.517963642009643;-2.2616176346089;25.8735666730359;0.466876815292362;-0.893250929997578
18.3074862385881;1.88302170417649;0.0192567539579953;-0.545744806366713;-2.22781500661617;25.8930057666839;0.538408946562361;-0.865458294601562
18.5874116984771;1.95809091556753;0.0211082144323178;-0.571580546795859;-2.179527955381;25.910071071725;0.639029924349395;-0.839632705283453
18.8644962561884;2.02838158334015;0.0232767410684204;-0.595714653447519;-2.10644756167635;25.9236627707102;0.799766953494792;-0.815545306746042
19.1391803058109;2.09452509912697;0.0256836877726428;-0.618346165859496;-2.05736696747958;25.935750655877;0.943795757151761;-0.792964491383503
19.411254974371;2.15692081341001;0.0279330304406419;-0.639533348067624;-2.08263248728664;25.9519596251208;0.935558648117586;-0.771744585323727
19.6812620111902;2.21606459254211;0.0296724906508338;-0.659466011368476;-2.19096058392471;25.9726017712141;0.763872515404812;-0.751698961472759
19.949030758449;2.27222465530253;0.0306511014540058;-0.678332302313995;-2.43714988101733;25.994099010405;0.452957223691652;-0.732708667459767
20.2150223527025;2.32574080711277;0.0310157522308339;-0.696383035431242;-2.8629907693769;26.0109623946625;0.177234672569342;-0.714621369387801
20.4790030645242;2.37677666094565;0.0311993861243696;-0.713696810658892;-3.15761935306399;26.0242925271559;0.0936389186104785;-0.697345261327245
20.7414503082691;2.42560605714325;0.0313455770501287;-0.730360662084372;-3.25412159981639;26.0367065053698;0.0779516136619002;-0.680753152683756
21.0022114888079;2.47235807160556;0.0314814319860199;-0.746442609945887;-3.28316751668679;26.048597941177;0.0756936496545063;-0.664771399612175
21.2616746032362;2.51723689456803;0.0316230302744537;-0.762034168624698;-3.26301762291388;26.0600581223542;0.0822227363159364;-0.649305532455902
21.5198604133942;2.56036328482456;0.0317773675885944;-0.777189261277575;-3.22346143168801;26.0711427760886;0.093301343532443;-0.634297255483932
21.7768803029196;2.60185953024419;0.0319451719060539;-0.791957929055752;-3.18516360192318;26.0819018614696;0.10547112625855;-0.619693735590751
22.0329066909942;2.64184416397177;0.0321234311865182;-0.806391607301241;-3.1572325802118;26.0923807401924;0.11632491241602;-0.605445100177337
22.2879399270934;2.68039742369128;0.0323073096648589;-0.820535677660628;-3.14206588051188;26.1026123020614;0.124495533341136;-0.591512091585854
22.5419994380216;2.71759297794325;0.0324917244257713;-0.834444423197781;-3.13913977784908;26.1126265422078;0.129465842825097;-0.577850877266557
22.7952402880056;2.7535138418237;0.032672362724925;-0.848186989823186;-3.14672392714009;26.1224574240627;0.131364220373477;-0.564404961055549
23.0476810744923;2.78821378118009;0.032845996301867;-0.861830808768441;-3.16252581253144;26.1321338897237;0.130761493090749;-0.551119840264366
23.2993642408661;2.82174181048812;0.033010621598667;-0.875446141624604;-3.18435759813041;26.1416886321564;0.128357775232874;-0.537936155482972
23.5504045481388;2.85414882490691;0.0331651249200474;-0.889104435461832;-3.21080563786555;26.1511604131781;0.12467798142634;-0.52479030320457
23.8008264715661;2.88546781502969;0.0333087516302247;-0.902864597093008;-3.24143713401531;26.1605869177802;0.119970631893853;-0.511626540632819
24.0506639720227;2.91572881564322;0.0334409286778665;-0.916774341915005;-3.27650157919686;26.1700055092539;0.114307987008015;-0.498395469237126
24.2998040203313;2.94494245593247;0.0335611631514585;-0.930857866875736;-3.31641453801823;26.1794442507585;0.107746643939507;-0.485065675413228
24.5482753630679;2.97313578292965;0.0336692626240235;-0.945129978428122;-3.36145273195151;26.1889302170323;0.100414170480347;-0.471610896170084
24.7962021578331;3.00034581493077;0.0337653581422687;-0.959594413270842;-3.41162033253539;26.1984860837365;0.0925231215219664;-0.458013189591705
25.0435623206035;3.02659393209504;0.0338498315548988;-0.974231602065591;-3.46660971847543;26.2081203813102;0.084344692359264;-0.444275732805691
25.2904531751762;3.05191529734362;0.0339233784769851;-0.989017885151671;-3.52594050055702;26.2178375999669;0.0761507620267041;-0.430406658818945
25.5368471139178;3.07633358003808;0.0339868488156735;-1.00391490271081;-3.58905920424815;26.227629773121;0.0681733668794203;-0.416430065135675
25.7828711343805;3.09988880553513;0.0340412184589851;-1.01889024520348;-3.65562102750126;26.2374889904447;0.0605607837623426;-0.40236734869116
26.0284225636384;3.12260025855374;0.034087404624041;-1.03389754621249;-3.7256305630625;26.2473938178653;0.0533768782723126;-0.388256139858445
26.2735848767138;3.14450558797088;0.034126281103071;-1.04890392163408;-3.79976678541702;26.2573279199117;0.0466001875079127;-0.374124054683938
26.5183863336878;3.16563739876991;0.03415858926547;-1.06387728462017;-3.87950174102986;26.267271713655;0.040159704644948;-0.360000502457888
26.7628378086674;3.18602673295227;0.0341849438434597;-1.07878961802883;-3.96733659572789;26.2772051287744;0.0339650449457332;-0.345913143627027
27.0068656426605;3.20569771546678;0.0342058459167282;-1.09361331276727;-4.06724999936102;26.2871058468277;0.0279322607309275;-0.331890869735071
27.2506094366068;3.22469073793589;0.0342217282801239;-1.10833948475378;-4.18601843812152;26.2969619289205;0.0219900706291347;-0.317946213872886
27.4939779805158;3.24302712412009;0.0342329471158406;-1.12295069660147;-4.33631665523064;26.3067543455761;0.016095382824;-0.304100668211483
27.7369663251082;3.26073413820695;0.0342398263675166;-1.13744010952801;-4.54804424400483;26.3164699730431;0.0102240625822546;-0.290366448994043
27.9797090329979;3.27784728195203;0.0342426645100622;-1.15181639405283;-4.9321119882648;26.326102277108;0.00436607277103907;-0.276743599159916
28.2223220200001;3.29439699801055;0.0342417421807584;-1.16612349777141;-5.4200280377386;26.3356296713315;-0.00146770632771564;-0.263224575011634
28.4661122607581;3.31048426363404;0.0342372988756883;-1.18053408356309;-4.73931018404581;26.3450664588683;-0.00727651113036728;-0.249713500199817
28.7125954810014;3.32620577658133;0.0342295130309025;-1.19529302159943;-4.50048161767696;26.354433826528;-0.013051640251149;-0.236073798407372
28.9632527549996;3.34163571051142;0.0342185259709644;-1.21071624577813;-4.35819881847919;26.3637580713318;-0.0187726137673361;-0.222129957556195
29.2192618886685;3.35681001498405;0.0342044802281649;-1.22714666602472;-4.26071074845436;26.3730838081575;-0.0244116330120063;-0.207680754555643
29.4828542717176;3.37180187508866;0.0341874580688609;-1.24507733544741;-4.18991820582741;26.3825043383967;-0.0299554017014887;-0.192417369447804
29.7565378201642;3.3866663218516;0.0341675247081973;-1.26509994214606;-4.13766816733946;26.3921526887301;-0.0353921209867076;-0.175955127959106
30.0447205090615;3.40151154051945;0.0341446219551794;-1.28808129016726;-4.09978019953764;26.4022430911761;-0.040732579705477;-0.15771752360262
30.3531434396233;3.41643607261473;0.0341186414458452;-1.31524593512983;-4.07449899847626;26.4130389001337;-0.0459796125808066;-0.136916356059426
30.691214850714;3.43158768696315;0.0340893134448573;-1.34854953856067;-4.06172598408735;26.4249412466437;-0.0511490515244005;-0.112305798896767
31.081404035316;3.44740484744586;0.0340556060814131;-1.39214670625475;-4.06355044352629;26.4388075011386;-0.0563427610440178;-0.0812355908706777
31.5752592665588;3.46468781318468;0.0340152761534634;-1.45598138944876;-4.08797221233211;26.4564515181548;-0.0617363246365566;-0.037521564239891
32.3706433474928;3.48562105924627;0.0339616758973282;-1.57974031620509;-4.17141002960568;26.4840421023985;-0.067813249603377;0.0428021797396048
34.0004431007116;3.50635521084892;0.0339048520551574;-1.89544797805017;-4.45760365230328;26.5285676288106;-0.0727039701861868;0.230413989716347
40.1669032023999;3.51393284106581;0.033884235603506;-2.91050251768165;-5.4758220059879;26.5811165247657;-0.0723192195961156;0.773050906523675
81.1510112979723;3.51501737153936;0.033881319176736;-4.577373728825;-7.14776441232891;26.6412267662613;-0.0716413128278721;1.64664790474656
417.22499053121;3.51517277727129;0.0338809036980833;-6.33496785510091;-8.90788617351246;26.7177653280849;-0.0714301911890486;2.57658368721629
2764.99801101639;3.51519879984478;0.0338808345007631;-7.95530586381537;-10.5305668318284;26.7896549377411;-0.0712370869316133;3.43478514835246
13854.9753814861;3.5152047835151;0.033880818688998;-9.26796300289791;-11.8459503066075;26.8630004118961;-0.0709851027050163;4.14011861026339
56600.43056785;3.5152065801042;0.0338808139780027;-10.3764411850817;-12.9577772776027;26.9499088100597;-0.0706677408088668;4.75242444457214
197974.395439087;3.51520723909108;0.03388081226459;-11.331492668954;-13.916507460467;27.049491756552;-0.0703305992587663;5.29648530619552
613491.683734786;3.51520752429883;0.0338808115297977;-12.1634277785299;-14.7524244744618;27.1622102955923;-0.0699791094473771;5.78776441700679
1722963.8247116;3.5152076673201;0.0338808111649704;-12.8897157850021;-15.4830290411014;27.289953157902;-0.0696128691818584;6.23625835443294
4529312.76952404;3.51520775028996;0.0338808109556303;-13.5292213230335;-16.127289241903;27.4396424826557;-0.0692325821493854;6.65602442278605
11884061.0966082;3.51520780724725;0.0338808108137634;-14.111018462745;-16.7146867239375;27.6312762399255;-0.0688228548179519;7.07496115026483
35977685.158929;3.51520785789919;0.0338808106898598;-14.6773060343384;-17.2888182515738;27.9275109387193;-0.0683156198766622;7.55603140424852
101074609.114596;3.51520791752379;0.0338808105469057;-15.038134995353;-17.6583639137591;28.328915124951;-0.0679205235376482;8.00464085430816
210515600.146679;3.51520800221621;0.033880810346947;-15.1113354947025;-17.7382398028391;28.7510429348943;-0.0678811662264866;8.32328299905263
365828190.093246;3.51520815264456;0.033880809996821;-15.0138769569672;-17.646982206427;29.1831678741229;-0.0679246147562639;8.56327529327823
563122879.790071;3.51520850788272;0.0338808091775364;-14.7445957843812;-17.3816806451813;29.6650465007587;-0.0684163928033712;8.75059958107952
792388247.915318;3.51520953956756;0.0338808068202726;-14.3467914096613;-16.9879302575321;30.1847415041382;-0.0689681557942229;8.89892914051805
1038418987.28447;3.51521382930633;0.0338807970589133;-13.7585585250543;-16.4014790764003;30.80067058219;-0.0700873469239536;9.01634348661912
1296299540.3926;3.51524569430403;0.0338807246828526;-12.9081047016197;-15.551823651042;31.581089900501;-0.0717312112742552;9.11255126759536
1554920839.32718;3.5164895737335;0.033877879178104;-11.3178860028591;-13.9585049739372;32.8847259356639;-0.0752272620557866;9.18846228759912
1806223424.63935;3.55172091830607;0.0337964197560331;-9.85326773852797;-12.4892556319062;33.8871873425889;-0.078351556831716;9.12594552029195
2045295193.38954;3.61086268932554;0.03365447409335;-9.60663396917041;-12.2264061679589;33.4325812520673;-0.0802412545182012;8.69888946589299
2272378126.78771;3.67655266672641;0.0334948095068521;-9.53868538323387;-12.1529758951087;32.9849473802972;-0.0801724736787444;8.3658314217829
2490401677.4947;3.74574264844136;0.0333256015594977;-9.49846019240491;-12.1100826511222;32.7100720640817;-0.07999429996356;8.16206240524303
2699826073.0295;3.82057659736636;0.0331502765610842;-9.44692860741979;-12.0771834269638;32.6471787414488;-0.0764875653800704;8.09426929358715
2901309320.26668;3.89575904582302;0.0329770152402495;-9.42812247640104;-12.065537320757;32.5828610772981;-0.0750886631482849;8.04189064157504
3093321737.08522;3.9772348364394;0.0327970228184582;-9.37230073060377;-12.0280750936062;32.5631373926063;-0.0719369264916476;8.00079681025092
3276172227.3601;4.05816427793363;0.0326218235575593;-9.35398958587041;-12.0185638594368;32.5327864209883;-0.0704282648032905;7.9713602421041
3450742107.79049;4.14222420395387;0.0324449791319252;-9.31738031099409;-11.9943779396075;32.5024374116969;-0.0683783004329213;7.9327752069588
3617293053.43824;4.2287562685195;0.0322708580740847;-9.28437003722776;-11.9806958059142;32.4853232538099;-0.0653674320338672;7.90483125028961
3774891368.19999;4.31498352663328;0.0321024944609225;-9.26190699269491;-11.9713033318193;32.4584509110211;-0.0633769667802074;7.8756425216689
3922941824.88142;4.40180293441665;0.031940313778951;-9.23179293228396;-11.9604106290675;32.4372185671518;-0.0605934820657483;7.84639570815563
4061077425.10922;4.48754758723857;0.0317883399461171;-9.20709857289059;-11.9585368024616;32.4199863442761;-0.0574611876427536;7.82253114637966
4190362570.43935;4.57311930882014;0.0316442411677257;-9.17921835849466;-11.952888328896;32.4000255778776;-0.0545601282682112;7.79525104931942
4312268888.91857;4.66031255241708;0.0315055447962615;-9.14554338219096;-11.9439611166202;32.3764496126527;-0.0515005050497519;7.76265809693068
4426180248.66783;4.74343691406471;0.031380727291162;-9.13683871285748;-11.9602915385373;32.3523683182701;-0.0485795237100824;7.74221298893949
4527212958.3772;4.81420529654286;0.031282058007583;-9.1546227317351;-12.0102800261006;32.3488283319827;-0.0451025670555895;7.74873644545187
4610714916.72695;4.87429725051021;0.031207748886008;-9.14288033511094;-12.0506545335569;32.36400784581;-0.0400210150426066;7.7530029389684
4678219569.37325;4.93450080713581;0.0311422619788516;-9.04971155820278;-12.0131792270214;32.3749757762617;-0.0352161425617793;7.71374302411037
4723733015.55801;5.00472205703362;0.0310691604498756;-8.81167116524872;-11.7942132599748;32.3674718896132;-0.0336950949699985;7.58970807338972
4748845530.51427;5.19039946346322;0.0308795437293886;-8.13113114721069;-11.1220135774374;32.2615313791781;-0.0329459889366085;7.17865409807058
4759492609.11398;5.42534240555111;0.0306432520742667;-7.65626805723138;-10.6537820758066;31.3452476634564;-0.0315251881362357;6.32901428600981
4762718279.15602;5.49305156674466;0.0305751568141292;-7.67797250715284;-10.6755030574692;31.2597420358011;-0.0314379949217928;6.28273629801851
4764201784.41987;5.52460285734771;0.0305431949671642;-7.67227196291708;-10.6666572238934;31.261098205797;-0.0316678784833876;6.28079229764391
4765044803.86759;5.54351526358888;0.0305238247043414;-7.64909080552473;-10.6387020801081;31.2692013277645;-0.0320262075726314;6.27461602092287
4765563606.43491;5.55604465874332;0.0305108196152897;-7.61707201023464;-10.6008887861999;31.2786326032961;-0.0324661643603028;6.26490838292873
4765897480.91429;5.56481715830859;0.0305015778931623;-7.58045986845378;-10.557830317451;31.2891489768283;-0.0329627397866937;6.25362911779122
4766110820.37497;5.57092981755196;0.0304950355713397;-7.54284100660477;-10.5133392892243;31.300716906062;-0.033500863555965;6.24254911864675
4766245937.55103;5.57513910216527;0.0304904548811741;-7.50650226808896;-10.4697796424901;31.3132629762793;-0.0340761837094987;6.2327627537359
4766328645.99688;5.57791967950982;0.030487376387697;-7.47341488031148;-10.4292116225141;31.326353661664;-0.0346827163779504;6.22496597557369
4766377171.78253;5.57966329496746;0.0304854112243841;-7.44452186499031;-10.3925739276756;31.3395332603606;-0.0353216076043684;6.21932582212417
4766403719.51509;5.58067217191967;0.0304842530868616;-7.42018923317374;-10.3602673013126;31.3522890748558;-0.0359907740132599;6.215682742353
4766417069.31285;5.58120393138481;0.0304836309159452;-7.39975945771575;-10.3315649806938;31.364447964805;-0.0366971320874924;6.21359229646168
4766423048.6195;5.5814521007794;0.0304833346252292;-7.38190260551232;-10.3049327832686;31.37624908838;-0.0374602650879044;6.21254932731214
4766425207.39498;5.58154505183357;0.0304832213291994;-7.36595315748427;-10.2799927856541;31.3875659156333;-0.0382576253249976;6.21213651954736
4766425869.14579;5.58157467183886;0.0304831843788959;-7.34910934697624;-10.2530764693456;31.3999637400706;-0.0391707623704084;6.21199890153977
4766426013.85774;5.5815814584397;0.0304831756770204;-7.32885209901386;-10.2208915386571;31.4150724497522;-0.040280849962316;6.21196601228844
4766426036.4471;5.58158258244522;0.0304831741879866;-7.30313543220974;-10.1809993185208;31.4343069742826;-0.0416428077229925;6.21196030042483
4766426041.48471;5.58158285380639;0.0304831738142059;-7.26867684110445;-10.129607720284;31.4600892892093;-0.0433340292080242;6.21195883451179
4766426044.08332;5.58158300960677;0.0304831735898483;-7.22217241725308;-10.0638000097315;31.4948862854588;-0.0453536717140342;6.21195793281388
4766426045.85561;5.58158313057866;0.0304831734075756;-7.16585153881689;-9.98781450781291;31.537029222326;-0.0475179626160711;6.21195717985932
4766426047.1746;5.58158323502585;0.0304831732430311;-7.10134435910984;-9.90395774710371;31.5852981298147;-0.0497589941219895;6.21195648261608
4766426048.26731;5.58158333816823;0.0304831730729958;-7.02506832785658;-9.80796631985901;31.6423736888354;-0.0521640212482852;6.21195575182801
4766426049.2064;5.58158344711459;0.0304831728850189;-6.93549131854044;-9.69859945531471;31.7094023847513;-0.0547116635890469;6.21195493876076
4766426050.03292;5.58158356922934;0.0304831726645613;-6.83048971709013;-9.57393286095678;31.7879733203151;-0.0573878158409979;6.21195398793602
4766426050.7675;5.58158371310992;0.0304831723930055;-6.70803695257504;-9.43218001606358;31.8796029806805;-0.0601685908873235;6.21195283098104
4766426051.43777;5.58158389672639;0.0304831720308425;-6.56233380072084;-9.26734134296171;31.9886308618647;-0.0630940070679868;6.21195132847759
4766426052.05147;5.58158414779099;0.0304831715137134;-6.38816991229271;-9.07435640996286;32.1189557540289;-0.0661568653809357;6.21194926641369
4766426052.63351;5.58158454108306;0.0304831706673429;-6.1702425000291;-8.83739720277851;32.2820282985821;-0.0694714096282585;6.21194610374123
4766426053.1792;5.58158523550441;0.0304831691064204;-5.89532183845049;-8.54356354621991;32.4877472061739;-0.0730260633220271;6.21194075258332
4766426053.70066;5.58158677218304;0.0304831654973649;-5.5306375980661;-8.15982709290929;32.760630579694;-0.0769418736225718;6.21192987303154
4766426054.19611;5.58159146425415;0.0304831539852087;-5.02363275694518;-7.63384066805365;33.1399903157387;-0.0813100945476928;6.21190112256409
4766426054.67427;5.58161966810658;0.0304830816783776;-4.22926991949673;-6.82039902457258;33.734239643221;-0.0864852053012635;6.21177199039426
4766426055.12761;5.58262204049202;0.0304803986459638;-2.65539362749365;-5.22779680175605;34.9084729791333;-0.0934388914520901;6.20940030514226
4766426055.56548;5.62213132907252;0.0303700129229293;-1.04463938567196;-3.59842568869817;35.8723842155829;-0.10022450949836;6.04806452257834
4766426055.98646;5.70108590361568;0.0301398935161796;-0.726893488412593;-3.26231754030207;35.1500912916692;-0.102447745454148;5.40660105497627
4766426056.39556;5.81358642694387;0.0297978993207741;-0.560669427655877;-3.07780523542121;33.7306978520041;-0.102539104095622;4.37513216041312
4766426056.79167;5.95025190668642;0.0293647213035484;-0.462161744923261;-2.96115416606142;31.798876857496;-0.100790444324953;3.03514329112049
4766426057.18187;6.10195743706138;0.028863161598838;-0.41027698325301;-2.8909557583698;29.4965778357611;-0.097519812446562;1.47093059617597
4766426057.55579;6.24760206183337;0.0283612658153563;-0.409490284136748;-2.87217119801291;27.1857521307547;-0.0936829243548296;-0.0734306165173133
4766426057.92484;6.36469388787551;0.0279404544285102;-0.498558661331065;-2.94299775719566;25.9708422713419;-0.0933355172873707;-0.840628283082668
4766426058.2881;6.46239803298817;0.0275740594912361;-0.570304911289597;-2.99626843630861;25.9087757033269;-0.0971590738317542;-0.846215110134381
4766426058.64572;6.54829138003851;0.0272377425697664;-0.619464879232791;-3.02667568669783;25.9431238676517;-0.101580760933245;-0.798674542552561
4766426058.98683;6.62341266178193;0.0269308224955164;-0.657124468935758;-3.0458621637359;25.9734770685711;-0.106118816471243;-0.759552577537894
4766426059.32869;6.69331712300487;0.0266323314634911;-0.6893467982365;-3.05892040348699;25.9993751422849;-0.11101695346003;-0.726124380880334
4766426059.66335;6.75749716605921;0.0263457151865343;-0.717205728122914;-3.06730488185013;26.0215512963945;-0.116207465721024;-0.697363200758799
4766426059.99395;6.81737200142074;0.0260657097804753;-0.742056981561564;-3.07213489746332;26.0411489312507;-0.121781754166162;-0.67182682635561
4766426060.31515;6.87265976214169;0.0257947871332655;-0.76413930072344;-3.07392299062609;26.0584592306876;-0.127692398189528;-0.64920132584672
4766426060.63318;6.92492242116549;0.0255259871391189;-0.784278377522158;-3.07304062462069;26.0742232196995;-0.134106285056088;-0.628578029176217
4766426060.94621;6.9742393096771;0.0252593360554209;-0.802587983611309;-3.06964029896345;26.0886013831916;-0.141058246798191;-0.60979245656433
4766426061.25669;7.02130130349407;0.0249912446785335;-0.819376811696315;-3.06376428893926;26.1018741457348;-0.148690839710051;-0.592502082028382
4766426061.55838;7.06546846232936;0.0247258089159933;-0.834458852544682;-3.0555988800179;26.1138985276632;-0.156939290445134;-0.576895305012317
4766426061.85435;7.1074555430382;0.024459052867227;-0.848126360819075;-3.04512776478711;26.1249005300043;-0.165979037412042;-0.562673880500736
4766426062.14771;7.14789524206476;0.0241866532416464;-0.860594033575231;-3.03219544196536;26.1350608664383;-0.176044356558351;-0.549608139316186
4766426062.43624;7.18665355711269;0.0239090874972859;-0.871825178122205;-3.0168241998441;26.1443518273903;-0.187231474505992;-0.537733708723839
4766426062.71963;7.22384989983599;0.0236250332186865;-0.881887272816885;-2.99898617814798;26.1528077241563;-0.199719015030552;-0.526992079006419
4766426062.99858;7.25971229548945;0.0233319884558476;-0.89088072041137;-2.97858605375226;26.1604856232382;-0.213766904455854;-0.517292295579303
4766426063.27406;7.29448183093353;0.0230267579370201;-0.898894619388513;-2.95546555260864;26.1674431633771;-0.229715529734103;-0.508547675664891
4766426063.54705;7.32837762234319;0.0227055886451555;-0.906008906679934;-2.9294206709331;26.1737261760908;-0.248001204628588;-0.500682617541915
4766426063.81628;7.36132854868965;0.022367015543571;-0.912247951703188;-2.90046312807855;26.1793252155136;-0.268994420442366;-0.493685512986436
4766426064.08132;7.3933653673866;0.0220083000301535;-0.917665816343146;-2.86856504074467;26.1842533357457;-0.293184475263711;-0.487512707725912
4766426064.34241;7.42458679219197;0.0216253424568244;-0.922331637910966;-2.83363369382862;26.1885316104685;-0.321224818441767;-0.482104433118879
4766426064.59885;7.45497410427124;0.021214846401117;-0.92629052737572;-2.79567382496504;26.1921666232292;-0.353824683842383;-0.477419269087183
4766426064.85209;7.48475342553108;0.0207689422687316;-0.92961851371113;-2.75429181149436;26.1951801580634;-0.392236578501563;-0.473381069594896
4766426065.10064;7.51379814518927;0.0202836414690347;-0.932345637320426;-2.70940181934726;26.1975377600041;-0.437727964829516;-0.469967021271103
4766426065.34404;7.54209956592895;0.0197517292273367;-0.934516763035999;-2.66048501530983;26.1991924393382;-0.492401823543317;-0.467135736741882
4766426065.58226;7.56969181031619;0.0191619567001373;-0.936188106757048;-2.60629059635358;26.200038706746;-0.560014720946194;-0.464838855401152
4766426065.81527;7.59660448824485;0.0184958944833351;-0.93741996760453;-2.54386208324344;26.1998147125935;-0.648419555777122;-0.463027602109776
4766426066.04304;7.62286045070022;0.0177174659612987;-0.938273751457379;-2.46628295381537;26.1977855480567;-0.776703711374842;-0.461654531409019
4766426066.26552;7.64847574359241;0.0168140920753862;-0.938796883753804;-2.39142867770328;26.1941476675213;-0.923788342618864;-0.460673873927062
4766426066.48262;7.67346017985573;0.015853116598079;-0.938982924585784;-2.35394017401719;26.1919101981364;-1.00741850402254;-0.460041838102343
4766426066.69424;7.69782251423322;0.0149327967530941;-0.938838489281738;-2.36161860207251;26.1931800195366;-0.989482493825069;-0.4597170599384
4766426066.90026;7.72156417923543;0.0141353261947604;-0.938407000284378;-2.41220351464062;26.1974456695406;-0.879958992895529;-0.459661661020776
4766426067.10043;7.74466584492688;0.0135291721242298;-0.937738193573672;-2.51879846243719;26.2033599168775;-0.68753801077949;-0.459842677067436
4766426067.29448;7.76710661774373;0.0131483040160221;-0.936890409533105;-2.70715360987598;26.2085907117309;-0.444816069599442;-0.460231923552897
4766426067.48149;7.78878096927268;0.0129476195024841;-0.935918279471821;-2.96935053217685;26.2110799873973;-0.242690436645877;-0.46080404728926
4766426067.6607;7.80960306697024;0.0128320154183196;-0.934839366288088;-3.19039066865023;26.2115057655913;-0.14552602540896;-0.461533821384078
4766426067.83141;7.82948998732067;0.0127445476202791;-0.933675878349649;-3.29039521917755;26.2112434427026;-0.115283799977031;-0.462390113748334
4766426067.99312;7.8483819477507;0.0126721439283423;-0.932479763016682;-3.34899607840234;26.2107848326145;-0.100453184701068;-0.463334860503335
4766426068.14823;7.86655126573744;0.0126091895149898;-0.931296837415619;-3.3916092818532;26.2101990704493;-0.0908150601765183;-0.464340899921375
4766426068.30062;7.88444830277669;0.0125512681337774;-0.930173982351666;-3.42011620961026;26.2094905461473;-0.0848235319609783;-0.465388968936208
4766426068.45949;7.9031502405347;0.0124932529361743;-0.929141551397346;-3.43748638286828;26.2086291625873;-0.0813016714871522;-0.46648807607441
4766426068.63342;7.92366554341811;0.0124307929534934;-0.928301746169561;-3.44477781987621;26.2075860371338;-0.0797904558996862;-0.467607999583902
4766426068.82166;7.94589087648749;0.0123630008052973;-0.927874755534027;-3.44354363753162;26.20643238862;-0.0799353756649121;-0.46859200489905
4766426069.01856;7.96912547831553;0.0122911342629277;-0.92809656828465;-3.43770505198724;26.2053301058871;-0.081055250281669;-0.469215310410289
4766426069.22181;7.99305173713979;0.0122159312834131;-0.929161724357163;-3.43180147327644;26.20444834433;-0.0823635908356432;-0.469269182567005
4766426069.43085;8.01754194988782;0.0121381746785721;-0.931238172182599;-3.42949344073928;26.2039547978086;-0.0831977484004768;-0.468558979045169
4766426069.64316;8.04223252072869;0.0120598920138134;-0.934427281750104;-3.43329281188164;26.2040075916425;-0.0830810901396605;-0.46692939471202
4766426069.85989;8.06718382664122;0.0119820529183547;-0.938831719209015;-3.44472721955731;26.2047372185232;-0.0817493500730926;-0.464242445291274
4766426070.07866;8.09204680235846;0.0119069408640256;-0.944444180808698;-3.46428764644028;26.2062333962666;-0.0791700900570871;-0.460441780407745
4766426070.3007;8.11688519851231;0.0118354066324352;-0.951294956773573;-3.49190458985795;26.2085657928273;-0.0754803008802152;-0.455465202813777
4766426070.52458;8.1414727586694;0.0117688341801827;-0.959308752067842;-3.52672963271132;26.211749443786;-0.0709700526263543;-0.449339486269953
4766426070.75055;8.16577373882848;0.0117077479420426;-0.968429343189555;-3.5681097531371;26.2157837568981;-0.0658995480478866;-0.442092426848646
4766426070.9783;8.1897004437918;0.0116526093649646;-0.978560607948437;-3.61598794796494;26.2206363047062;-0.0604248925264252;-0.433793299268537
4766426071.20754;8.21318052358346;0.0116037556353276;-0.989591622272373;-3.67139346606578;26.2262540345423;-0.0545675455689668;-0.424532815131256
4766426071.43833;8.23618434695945;0.0115614305044593;-1.00141901748355;-3.73662073228468;26.2325775434602;-0.0482657712761097;-0.41440225377098
4766426071.67028;8.25864819314209;0.0115259158007437;-1.0139152541568;-3.8149911749748;26.2395260915566;-0.0414839465691468;-0.403519156292542
4766426071.90356;8.28057090303274;0.011497313143857;-1.02698538393263;-3.91147324428557;26.2470301943676;-0.0342446167781971;-0.39197715745922
4766426072.13798;8.30192486741353;0.0114756213265956;-1.04052288634041;-4.03370546316233;26.2550090380474;-0.026670404056743;-0.379883181356261
4766426072.3733;8.32268468639306;0.0114606382946084;-1.05442664551739;-4.19605050107738;26.2633812891033;-0.0189551306942989;-0.367341846144902
4766426072.60969;8.34286798160629;0.0114519520986269;-1.0686319809828;-4.4347944296273;26.2720854881408;-0.0113066018695901;-0.354426416495513
4766426072.84674;8.36244755665183;0.0114490231943506;-1.08305077886379;-4.9081488624074;26.2810455713808;-0.0039313757617323;-0.341231790982935
4766426073.08488;8.38146611021694;0.0114512302935925;-1.0976550588944;-5.03301068137672;26.2902231536445;0.00305097500677464;-0.327797769205481
4766426073.32355;8.39989190396385;0.0114579393848039;-1.11236705683443;-4.55112956608794;26.2995502299399;0.0095760369259587;-0.314208893896166
4766426073.56303;8.41776097892782;0.0114685918134857;-1.12716894192814;-4.35182237743447;26.3089981423708;0.0156837848051242;-0.300493438073493
4766426073.80312;8.4350728171314;0.0114827037335378;-1.14201948095258;-4.23077655808715;26.3185252338777;0.0214538121036172;-0.286700001284346
4766426074.04381;8.45184344164143;0.0114998946755928;-1.15690922900745;-4.1461587878542;26.3280961713519;0.0269879499974416;-0.272856992221861
4766426074.2851;8.46808644907887;0.0115198579772341;-1.17188162912502;-4.08231570337591;26.3376621981182;0.0323700335059153;-0.258975296851984
4766426074.52691;8.48380674833825;0.011542325156682;-1.18701659500483;-4.03192885015142;26.3471775319513;0.0376549298324373;-0.245045557946993
4766426074.76965;8.49903486376232;0.0115670964756476;-1.20248437287539;-3.99118140133496;26.3566168803216;0.0428738649145884;-0.230999557178075
4766426075.01357;8.51378418412823;0.0115939659594467;-1.21847598329272;-3.95798866910825;26.3659745181696;0.0480320521615278;-0.216745629632934
4766426075.2598;8.52810889027018;0.0116228243114548;-1.23526219294625;-3.93107638798584;26.3752961960701;0.0531353016532193;-0.202117840372189
4766426075.50917;8.54203136755448;0.0116535181150608;-1.25313201037971;-3.90979781839351;26.3846268987245;0.0581681362955746;-0.18694167302315
4766426075.76378;8.55562664330592;0.0116860377139789;-1.27248754128767;-3.89373038148063;26.3940786266521;0.0631340523315266;-0.170941263961065
4766426076.02555;8.56893568188378;0.0117203251709639;-1.29377043678192;-3.88278184492806;26.403760828837;0.068022780786437;-0.153822703069908
4766426076.29613;8.5819618291524;0.011756230722453;-1.31747252334662;-3.87712690554502;26.4137686235177;0.0728074778962836;-0.135276602383293
4766426076.58107;8.59485077802472;0.0117940401928211;-1.34454428350501;-3.87716119060082;26.4243406572708;0.0775152679225525;-0.114668256256727
4766426076.88252;8.60753963813968;0.0118334445380255;-1.37578411165708;-3.88366260622014;26.4355789585531;0.0820937948342979;-0.0915304334670469
4766426077.21257;8.62028264875024;0.0118751723956054;-1.41330579898458;-3.89815175626811;26.4479333566843;0.0866055620701119;-0.0645055989341562
4766426077.58669;8.63324624563181;0.0119197853290137;-1.46028402071681;-3.92354875829136;26.46191740489;0.0910660652151649;-0.0316632778587813
4766426078.05412;8.64717428203188;0.0119701024731615;-1.52583299822891;-3.9680069074749;26.4791019210644;0.095659772131186;0.0126035883663208
4766426078.77077;8.66356594425769;0.0120323756649901;-1.64068353661001;-4.06100540665378;26.5038408007685;0.100690139879894;0.08657021711633
4766426080.18104;8.68115890725761;0.0121019760842385;-1.9039640782822;-4.30669121195066;26.5420353096151;0.105004301166485;0.243740825327677
4766426084.97888;8.69035605853901;0.0121383194460394;-2.71739192350523;-5.12062015609139;26.5922725032868;0.105081731410746;0.684020520499358
4766426115.38655;8.69185205911116;0.0121441834031456;-4.30805143858791;-6.71479241335717;26.6436241945692;0.104436503794622;1.51365902072571
4766426367.70991;8.69205985513276;0.0121449951511501;-6.08432022003133;-8.49253621877523;26.7155763717175;0.104363479348199;2.44986780151196
4766428432.75783;8.69209037291375;0.0121451140696618;-7.8303771837706;-10.2396806705609;26.7857162056222;0.104375790190734;3.36975992537876
4766444871.61578;8.69209529927922;0.0121451331983268;-9.52334501454005;-11.9341869803799;26.871598975017;0.1043401709042;4.27362590824826
4766517083.54174;8.69209652461586;0.0121451379379347;-10.7703535084428;-13.1828665121084;26.9641476075953;0.104297450449355;4.95896563073922
4766775269.33767;8.69209693584112;0.0121451395222961;-11.7978525638985;-14.212078097785;27.0693870487126;0.104292454345027;5.54302993875674
4767548001.06148;8.69209710684762;0.0121451401784996;-12.6550161300824;-15.0709901962345;27.1866351019549;0.104323318161378;6.0499500190097
4769631988.18818;8.69209719201869;0.0121451405039567;-13.3886029121935;-15.8064013210649;27.3201428485215;0.104396167839321;6.50594556760637
4775086970.66777;8.69209724233644;0.0121451406953423;-14.035072191689;-16.4548841462059;27.4823531241748;0.10453024326613;6.93755984428453
4791601877.00515;8.69209727952648;0.0121451408359286;-14.6474494343728;-17.0699328481001;27.717681879077;0.104778817360813;7.40098183706402
4849480124.19639;8.69209731859102;0.0121451409821896;-15.170732650481;-17.5973870811419;28.1019353021224;0.105216002844037;7.9193599541326
4965704769.87883;8.69209737050164;0.0121451411747235;-15.3500419807177;-17.780790866352;28.5366399258504;0.105841003719252;8.29946006914377
5136364145.8381;8.69209745988083;0.012145141503156;-15.2808937722263;-17.715684067323;28.9904967032717;0.106528389459345;8.56812791949392
5354557050.37105;8.69209765571551;0.0121451422170884;-15.0469510069684;-17.4851835425783;29.4669131069699;0.107424194731449;8.7694720259672
5602579341.7549;8.69209820997744;0.0121451442233056;-14.6507756672456;-17.0921127600823;29.9920926130319;0.10855996025289;8.92228106650263
5866802284.80505;8.69210024199424;0.0121451515383691;-14.1140432317453;-16.5577524247227;30.5722216826753;0.110057034639384;9.04152649283714
6136180218.95761;8.69211209837545;0.012145194065353;-13.3564098637527;-15.801697435388;31.2814451484919;0.11220164827183;9.13657626654144
6400407314.29184;8.69233465384296;0.012145992400241;-12.0745390825218;-14.5197922418027;32.3544400027105;0.116059508779023;9.21256161953202
6656320928.32667;8.70516012594493;0.0121921241873942;-10.3000200296675;-12.744093110426;33.7263815880609;0.121310018414792;9.24196363676697
6900465969.63362;8.76346414657585;0.012405168843719;-9.62194940336567;-12.0591772624809;33.7389026414009;0.123282971572638;8.91129896365897
7133650743.49134;8.82499081274902;0.0126315605775688;-9.57863680566887;-12.0128396235305;33.1392653136567;0.12193827814025;8.48899713468879
7355034153.14425;8.89749549621345;0.012896845454891;-9.4847790111048;-11.9214325784346;32.7916825847108;0.119980352661548;8.20982922921505
7565898190.74657;8.96805358853882;0.0131487115235938;-9.47545568779612;-11.9228328546286;32.6570323679751;0.116573423216871;8.11519408000341
7766838253.40648;9.043917070938;0.0134160836879513;-9.42303375889117;-11.8759503417013;32.5945665004036;0.114875820564756;8.04724310701281
7959740069.60408;9.12310812744627;0.0136897604313581;-9.38666017956784;-11.848098423249;32.5757791977739;0.11257878803344;8.01649844150781
8145300798.5083;9.20329951406671;0.0139634721125955;-9.36435834671369;-11.8311927375486;32.5313380223903;0.11103695294801;7.97565102928097
8322438516.04782;9.2886506925041;0.0142509358704552;-9.3171015226291;-11.789727945815;32.514177612218;0.109508126908655;7.94055360553291
8490284730.75227;9.37357896712616;0.0145315520689272;-9.29585925023861;-11.7767988145005;32.4892133921797;0.107349402705166;7.91324806880204
8648310920.12498;9.45896238307651;0.0148099167969333;-9.26735554198182;-11.7541148633501;32.460623591003;0.105827256455438;7.87989086846378
8797730116.31541;9.54590164658675;0.0150886753977306;-9.23519043894041;-11.7291781198132;32.4446544062859;0.104029251002162;7.85313478997728
8937569090.47307;9.6320246410595;0.0153595218358923;-9.2105091076553;-11.7129051007132;32.4232690959865;0.10196727368767;7.82650136802845
9067677337.93075;9.71809009081904;0.0156256087343847;-9.17947598438926;-11.6892813355986;32.3996581940981;0.100169401137938;7.79520565921872
9189144051.83853;9.80308155569595;0.0158836408756682;-9.15508196786768;-11.6727834760882;32.3777681643085;0.0982981627804482;7.76837920452319
9304208428.03393;9.8838425214074;0.0161242198213153;-9.15373938389982;-11.6796832701153;32.3616990485277;0.0964023073257701;7.75696768375225
9411500979.11847;9.95914951781928;0.0163445787605962;-9.15373424529893;-11.6874388984037;32.3621912583813;0.094696355960073;7.75729064921547
9506827741.7757;10.0338929570061;0.0165592822986167;-9.10564176715887;-11.6473756433488;32.3663575493026;0.0929736650370386;7.73602478312849
9582723518.32017;10.1151300829468;0.0167874585385958;-8.97046305865162;-11.5219471896096;32.3427119806528;0.0908431745340252;7.65263281195138
9632296290.28078;10.2069206150431;0.0170358379715629;-8.73244531662185;-11.3001275727436;32.2691914028803;0.0873184116042379;7.48449526496956
9656105038.45331;10.2994693999159;0.0172674243630689;-8.41036584044747;-11.0120235257017;32.1591067290443;0.0804722773148063;7.24989141896564
9662986677.23206;10.3483222452094;0.0173763414047627;-8.1488020094867;-10.8005960355975;32.0886440720234;0.0715413844023108;7.07201636066793
9663859240.63416;10.3556267463833;0.0173915414318246;-8.07720643022073;-10.7589526322732;32.0838637423287;0.0667637098721966;7.03301781290078
9663916925.66392;10.3561249174739;0.0173925395259161;-8.06368459965899;-10.7618916363762;32.0895350926401;0.0642919189359883;7.03004283763644
9663921211.19699;10.3561626713998;0.017392612523935;-8.05504273177329;-10.7686937762021;32.0956611773775;0.0620576437915325;7.02981210211363
9663921664.1549;10.3561667411995;0.0173926201008954;-8.04648480777873;-10.7765628322676;32.1020319514784;0.0597660423438702;7.02978685965048
9663921719.54663;10.3561672495784;0.0173926210080164;-8.0372574077982;-10.7857796969653;32.1089368758602;0.0572932735581414;7.02978366383576
9663921728.28726;10.3561673317601;0.01739262114747;-8.02676765084855;-10.7971130336296;32.1167908238151;0.0544987774957552;7.02978313938887
9663921731.60546;10.3561673639224;0.0173926211985329;-8.01355534847746;-10.8127975860352;32.1266834985318;0.0510062807737491;7.02978293069353
9663921733.69734;10.3561673849406;0.017392621229232;-7.99794278205519;-10.8334103002246;32.1383729468794;0.0469414356654751;7.02978279171356
9663921735.2102;10.3561674007777;0.0173926212501033;-7.98012150236016;-10.8602509160173;32.1517154631066;0.0423715875459003;7.02978268483039
9663921736.38072;10.3561674136122;0.0173926212649762;-7.96000073212345;-10.8959824550346;32.1667787688985;0.0372757035561385;7.02978259630374
9663921737.35868;10.3561674249202;0.017392621276046;-7.93693646032679;-10.9461808406196;32.1840446844795;0.0315062157195834;7.02978251654222
9663921738.18253;10.3561674350214;0.0173926212839568;-7.91147318084863;-11.0176259401953;32.203105259486;0.0252199947729541;7.02978244356141
9663921738.90309;10.3561674444502;0.0173926212893213;-7.8832183523171;-11.128145855044;32.2242539908336;0.0183339215739448;7.02978237378884
9663921739.56108;10.3561674537214;0.0173926212923686;-7.85107863284918;-11.3343004555212;32.2483087669664;0.0105994936916479;7.02978230357119
9663921740.15344;10.3561674627795;0.0173926212929743;-7.81555168687045;-11.9903142640975;32.2748965550336;0.00215825264461895;7.02978223328818
9663921740.68475;10.3561674716569;0.0173926212910839;-7.77706028300677;-11.448788786437;32.3037004589681;-0.00687897563378626;7.02978216271897
9663921741.18676;10.3561674809269;0.0173926212862207;-7.73363189542165;-11.0137887981973;32.3361958725859;-0.0169641468819934;7.02978208743565
9663921741.65232;10.3561674905225;0.0173926212779418;-7.68590202693922;-10.7500030876443;32.3719064081417;-0.027929760744584;7.02978200780207
9663921742.0929;10.3561675007868;0.0173926212652667;-7.63269841252669;-10.5410765780436;32.4117081422803;-0.0400243008225699;7.02978192095331
9663921742.51015;10.356167511927;0.0173926212469556;-7.57349791730289;-10.3576757052827;32.4559911663223;-0.0533478705301464;7.02978182500664
9663921742.91041;10.3561675243877;0.0173926212208084;-7.50680306763579;-10.1849211430231;32.5058739938135;-0.0682093281979961;7.02978171608475
9663921743.29061;10.3561675384365;0.0173926211842935;-7.43237078739778;-10.0175382724937;32.561536431753;-0.0846325456201476;7.02978159164771
9663921743.66072;10.3561675550833;0.017392621131591;-7.34700133392244;-9.84650165495867;32.6253686146753;-0.103289245771412;7.02978144301374
9663921744.02036;10.3561675753665;0.0173926210543307;-7.24873631973561;-9.66791615701986;32.6988310155127;-0.124552482950745;7.02978126114652
9663921744.36572;10.3561676005934;0.0173926209399654;-7.13640949127068;-9.47998020544806;32.7827906718;-0.148619298287944;7.02978103472442
9663921744.70284;10.3561676339176;0.0173926207610914;-7.00502293484257;-9.27523469029874;32.8809766001548;-0.176495221901443;7.02978073763875
9663921745.03077;10.3561676801947;0.0173926204680277;-6.85041809485401;-9.04882228253616;32.996486874718;-0.20896017122586;7.02978033062098
9663921745.35003;10.3561677490357;0.0173926199544715;-6.66628934926176;-8.79354830466701;33.1340191178324;-0.24718104450279;7.02977973880499
9663921745.66218;10.3561678615891;0.0173926189642063;-6.44301380526428;-8.49862108692398;33.3007404430314;-0.292985824543228;7.02977880500687
9663921745.96857;10.3561680704666;0.0173926167880489;-6.16637327629507;-8.14857455488489;33.5072346853436;-0.349089920144104;7.02977716152745
9663921746.26914;10.3561685309159;0.0173926110688373;-5.81477140151067;-7.72061706260819;33.7695684444385;-0.419449662744116;7.02977380897317
9663921746.56323;10.3561698391487;0.0173925914889957;-5.3517899991463;-7.17666585023858;34.1148188836188;-0.510584020585274;7.02976532596957
9663921746.85052;10.356175515674;0.0173924872057687;-4.70424168073144;-6.44010979737525;34.5973610589022;-0.635586782652967;7.02973482366907
9663921747.1358;10.3562387927187;0.0173909969777746;-3.65401677351593;-5.28201024398635;35.3790035135851;-0.833205495877929;7.02950356268416
9663921747.41673;10.3631180099607;0.0171863274469696;-1.61106726866106;-3.13755309914582;36.8804725262729;-1.09726277602959;7.0155373023385
9663921747.69118;10.4258864909798;0.0151038399677178;-0.640719076010091;-2.11987829604027;37.0575810965961;-1.22946974965848;6.6513938804255
9663921747.96435;10.5454299864063;0.0112331970189866;-0.358910833761217;-1.84865367287871;35.7910628991784;-1.15886209236239;5.66318584277066
9663921748.23439;10.71658342917;0.00647998678885544;-0.19804635095104;-1.75444496721082;33.5564003573089;-0.931915963180325;4.0858161457976
9663921748.50162;10.926119681686;0.00235306961798731;-0.105612145111939;-1.81124556507406;30.5295506322245;-0.601294168480021;2.01257340726727
9663921748.76636;11.1466000653765;-6.36006923210716e-05;-0.0794558502954718;-2.03960839966104;27.0860848074194;-0.296888711280878;-0.304082609319212
9663921749.02726;11.3184689702991;-0.00118118091488544;-0.181271247314752;-2.36818984953558;25.6419360570598;-0.166737087308094;-1.21878636589063
9663921749.2866;11.463069861712;-0.00202921803663831;-0.253699015637944;-2.48545512251067;25.6740196903146;-0.150569761702394;-1.16120230454103
9663921749.54426;11.59003761592;-0.00278879108817641;-0.307366275821828;-2.53049016547475;25.7162936024581;-0.153845389545643;-1.10611123969951
9663921749.80121;11.7040090558037;-0.00350350107771132;-0.35304033125012;-2.55570651401779;25.7513024473542;-0.161485308261817;-1.05985276405637
9663921750.05424;11.8062832934786;-0.00418097110811883;-0.393410371713106;-2.57228653491784;25.7815987746439;-0.170778691710571;-1.01938627435651
9663921750.30576;11.8996364261381;-0.0048324440629157;-0.430440605627459;-2.58667311066441;25.8090489000771;-0.180110692254529;-0.982489024896349
9663921750.55519;11.9851654458618;-0.00545613493439376;-0.464831353717322;-2.6019754605461;25.8343705556137;-0.188388235220837;-0.948336558689821
9663921750.80366;12.0642539206189;-0.00605250090456354;-0.497164629185534;-2.61976497553959;25.8581108904189;-0.19498286489005;-0.916276085786572
9663921751.05079;12.1375888947595;-0.00661785436617705;-0.527623397972949;-2.64061448548811;25.8804778953555;-0.199517596314911;-0.886079903022593
9663921751.30124;12.2070646170408;-0.00715933775177452;-0.556881583450987;-2.6651295182683;25.9020125613578;-0.201876410852323;-0.857050881635762
9663921751.54982;12.2717892434899;-0.00766364084711488;-0.584398260423328;-2.69277617925093;25.9223423956333;-0.201974398706972;-0.829709157062658
9663921751.79598;12.3321863246039;-0.00812920438364542;-0.610209157770704;-2.72324614966867;25.9415042460458;-0.199966922853699;-0.804011446135048
9663921752.04066;12.3889545139638;-0.00855797613528923;-0.634494147600623;-2.75637302465916;25.9596329241131;-0.196073847103587;-0.779776302289547
9663921752.28364;12.4424415648178;-0.00895036172275072;-0.65730653974582;-2.79184214523346;25.9767623826657;-0.190567754346434;-0.75695249120336
9663921752.52479;12.4929744705268;-0.00930758188304794;-0.678712818922036;-2.82935112936638;25.9929333040905;-0.183745614292616;-0.73547751786332
9663921752.76281;12.5406107393196;-0.00962982117522758;-0.698686050537595;-2.86844529276902;26.0081124220818;-0.17593392493151;-0.715384930422169
9663921752.99535;12.5852124532268;-0.00991686908253023;-0.71713567774282;-2.90853284035165;26.0222196153185;-0.16747391590145;-0.696771502017535
9663921753.22166;12.6269570881718;-0.0101711637754063;-0.734119118656219;-2.94938248962152;26.035291778869;-0.158598500994523;-0.679582522995704
9663921753.44142;12.6660609444347;-0.0103955416827147;-0.749711979773875;-2.99095147443501;26.047387604059;-0.149459896798066;-0.663740124861936
9663921753.65414;12.7026923226783;-0.0105925712445559;-0.763968525424919;-3.03329039303577;26.0585551070356;-0.140161411913193;-0.649184550347671
9663921753.85928;12.7369783765565;-0.0107645735017216;-0.776922993840121;-3.07650635096666;26.0688299253125;-0.13077905100283;-0.63587451081707
9663921754.05607;12.7689984274769;-0.0109136101306608;-0.788590960224271;-3.12071995976285;26.0782352018598;-0.121380577215011;-0.623786493714934
9663921754.24345;12.7987658491437;-0.0110414723678379;-0.798972795957583;-3.16597171649056;26.0867739582735;-0.11205247523193;-0.612918043312106
9663921754.42013;12.8262518776303;-0.0111498770929819;-0.808088507711994;-3.21215228733795;26.0944372182123;-0.102916297849508;-0.603264892478177
9663921754.58578;12.85155339058;-0.0112410618082595;-0.81603841199516;-3.25926285700516;26.1012603273487;-0.0940669435880359;-0.59475317931727
9663921754.74194;12.8750251198166;-0.0113179359450522;-0.823025699908642;-3.30779053434642;26.1073530422736;-0.0855062790150635;-0.58720816798766
9663921754.89184;12.8972323396689;-0.0113835364716398;-0.829314231052096;-3.35890109762112;26.1128776989832;-0.0771379100652539;-0.580389843866873
9663921755.04086;12.9190097975664;-0.0114408489150359;-0.835229606537386;-3.41498786523546;26.1180485134889;-0.0687357167257236;-0.573992797220195
9663921755.20083;12.9420619775692;-0.0114935340656394;-0.841314366798479;-3.4823381430614;26.1232491790052;-0.0597039983673864;-0.567490278560221
9663921755.37726;12.9671075614217;-0.0115412858954408;-0.847845349931628;-3.56758649221378;26.1286088954919;-0.0498167218727184;-0.560657399333861
9663921755.56794;12.9937437372194;-0.0115813379170519;-0.854840934485902;-3.6776883652125;26.1340507653421;-0.0392969912044594;-0.553535487875816
9663921755.76645;13.0210072458283;-0.0116111688370795;-0.862203102125493;-3.82311819983989;26.1394474029354;-0.0286010056968643;-0.546257835859409
9663921755.97231;13.0487717821722;-0.0116301302183266;-0.870069762384109;-4.03569021725923;26.1448807557038;-0.0178552613135785;-0.538700537871921
9663921756.18587;13.077015136164;-0.0116378483062126;-0.87861936989457;-4.44202591966197;26.1504698738267;-0.00714616347637436;-0.530694769550146
9663921756.40273;13.1050911128851;-0.0116343962944063;-0.887825115127316;-4.79808771638251;26.1562159067469;0.00321597239579548;-0.522253225544401
9663921756.62276;13.1329318315784;-0.0116203828882206;-0.897801122891099;-4.19593785462119;26.1622275764385;0.0131685509195326;-0.513246496103607
9663921756.84687;13.1605874690745;-0.0115963789214996;-0.908687971162955;-3.97018862910793;26.1686307372507;0.0227133054315554;-0.503520512434472
9663921757.07419;13.1878852479127;-0.0115632177296864;-0.920517084533591;-3.83601426469835;26.1754865913613;0.0317978373553545;-0.493019008569011
9663921757.30251;13.2145125020515;-0.0115221768965832;-0.933201477624093;-3.74531169286749;26.1827893977821;0.0403557754866381;-0.481789698475216
9663921757.53248;13.2405090301878;-0.0114740742797027;-0.946768399743592;-3.67951504757901;26.1905981971384;0.0484617139774937;-0.469779761122317
9663921757.76461;13.2658907479949;-0.0114196354033212;-0.961213923310697;-3.62982578185899;26.1989501405596;0.0561916817003195;-0.456966508969253
9663921757.99838;13.2905703757244;-0.0113597508483837;-0.976447317206013;-3.59147109544323;26.2078270548889;0.0635926958161974;-0.443407595797006
9663921758.23264;13.3144143741494;-0.0112954547852106;-0.992309482758517;-3.56150418519876;26.2171640314997;0.0706953760332669;-0.429226070177356
9663921758.46786;13.3374678730848;-0.0112272667340273;-1.00873379216075;-3.53776236328501;26.2269426654432;0.0775745197666021;-0.414467558673458
9663921758.7043;13.3597567348796;-0.0111556645596655;-1.02563777242354;-3.51879945290443;26.2371276341203;0.0842858376935309;-0.399196897806997
9663921758.94181;13.3812735715071;-0.0110811799970624;-1.04291169800859;-3.50362384858825;26.2476592509333;0.0908611917498768;-0.383508843190876
9663921759.17952;13.4019579511168;-0.0110045329050328;-1.06039623894531;-3.49154305601498;26.2584400683118;0.0973020757908205;-0.367548233791197
9663921759.41766;13.4218559508189;-0.0109260358748018;-1.07802312294227;-3.48197931652566;26.2694230162709;0.103632109937404;-0.351380660228996
9663921759.65654;13.4410177808815;-0.0108459282844919;-1.09573962472157;-3.47450294094988;26.2805676293105;0.10986805215763;-0.335059529659104
9663921759.89613;13.4594678712814;-0.0107645177849958;-1.11348000129154;-3.4687980803292;26.2918229784298;0.116011921618986;-0.318651780755156
9663921760.13617;13.4772138635259;-0.0106821725710596;-1.13117956398299;-3.464641489165;26.3031252714593;0.122052148329352;-0.302232458946918
9663921760.37932;13.4944650800676;-0.0105982367918567;-1.14905241060306;-3.4619250107067;26.3145329777528;0.128033337504123;-0.285655354541434
9663921760.6305;13.5115437591717;-0.0105112827074651;-1.16753849497073;-3.46070278708246;26.3262086992789;0.134036792833643;-0.268591604861315
9663921760.89098;13.5284820276454;-0.0104212277735835;-1.18690683944019;-3.46126833994588;26.3381334152201;0.140030775103028;-0.250919510391788
9663921761.16222;13.5453017930449;-0.0103280464320532;-1.20752196104268;-3.46401293635911;26.3503238236869;0.145980545229791;-0.232445789016098
9663921761.44692;13.5620681784141;-0.0102314627654541;-1.22995444270959;-3.46949019827801;26.3628686821874;0.151864725957453;-0.212825949951637
9663921761.74974;13.5788993840881;-0.0101308405128898;-1.2550641521474;-3.47848534380087;26.3759701799822;0.157683863204834;-0.191494998433127
9663921762.07789;13.5959574987469;-0.0100251867251113;-1.28415120583893;-3.49219716360446;26.3899595101398;0.163452951123143;-0.1675815646174
9663921762.44739;13.6136506473133;-0.00991177722312255;-1.31979941853573;-3.51295509941548;26.4055271665537;0.169254085810207;-0.139332077800393
9663921762.89067;13.632673216423;-0.00978563012581415;-1.36740824779644;-3.54580015668889;26.4240256980197;0.175229440449613;-0.103142499350382
9663921763.51427;13.6550690953256;-0.00963164878377453;-1.44473800022437;-3.60743801032156;26.4496688560638;0.18185289912813;-0.0473151283093791
9663921764.65569;13.6824381204306;-0.0094362663597893;-1.62018991727343;-3.76656375191047;26.4934282416826;0.189131699418513;0.0696814193811788
9663921767.60657;13.7016865032587;-0.00929688566844305;-2.18555674724323;-4.32574838059414;26.5623476161382;0.192342307797138;0.398427132040423
9663921783.25706;13.7048889000339;-0.00927387694874542;-3.6890526884107;-5.83263537481873;26.623512835907;0.19128577350094;1.19103676410293
9663921904.41608;13.7052988088145;-0.00927094252183189;-5.47066854225072;-7.61583246643545;26.6895901717252;0.191063610773482;2.12599225083084
9663922894.28593;13.7053581644011;-0.00927051855105452;-7.22211649422674;-9.36824217229021;26.760633730413;0.191148421455816;3.04918320823519
9663931373.07868;13.7053670518956;-0.00927045527475316;-8.97955467456192;-11.1270929341941;26.8416110943607;0.191104238768257;3.9820058545861
9663976390.00284;13.705368972745;-0.00927044165211775;-10.3698824981104;-12.5191146843038;26.9315235002119;0.19099796308187;4.73724250280653
9664144519.69536;13.7053695599014;-0.00927043750499219;-11.4568906187033;-13.6078972340073;27.0318542545814;0.190927823550758;5.34778019706563
9664682191.96132;13.7053697882906;-0.00927043589883233;-12.3718422528604;-14.5247288684955;27.1452818584526;0.190900796231272;5.88104022662019
9666171085.20323;13.7053698951726;-0.00927043515063084;-13.1439588301786;-15.298844989562;27.2724208275341;0.190913891539758;6.35204388066429
9670080848.77618;13.7053699546233;-0.00927043473659768;-13.8179937594858;-15.9751153760965;27.4227673112849;0.190980779661144;6.78951259556322
9681000485.14421;13.7053699947246;-0.00927043445911668;-14.4350490457661;-16.5949749153933;27.6239446296659;0.191143628144084;7.23245354439691
9719506134.90678;13.7053700316803;-0.00927043420596875;-15.017843094804;-17.1821500816714;27.9548675796682;0.191491919501407;7.74495172592275
9816194323.28031;13.705370077774;-0.00927043389404067;-15.3217321719969;-17.4913189422204;28.3825117230022;0.192071998707036;8.18262087270848
9967276576.53825;13.7053701497422;-0.00927043341254904;-15.3220727411653;-17.4966247135193;28.8302612809084;0.192884178606982;8.48194993689394
10168421338.2639;13.7053702919299;-0.00927043247166011;-15.150646653632;-17.3299703682704;29.289180694179;0.193813269869791;8.70285921680662
10408545898.7223;13.7053706703985;-0.00927042999196686;-14.8024067803103;-16.9860386234403;29.8028343915819;0.195265593772668;8.87193365543661
10666648787.1966;13.705371872;-0.00927042219384037;-14.3320324070257;-16.5198025891473;30.3482651373781;0.196953493002475;9.00117318515574
10933807543.3841;13.7053777966349;-0.00927038402935526;-13.6541078158996;-15.8451100053759;31.0090710863424;0.19974989842722;9.10372822646864
11202133603.9382;13.7054386908618;-0.00926999430699935;-12.6440867333466;-14.8379075353391;31.889191418575;0.204090460419596;9.18677248595021
11459255810.8123;13.7085877861936;-0.00924990415116898;-10.911953778855;-13.1071562815851;33.2743930533814;0.212279296490071;9.24623667158346
11703385138.5623;13.7549736437662;-0.00895310051424003;-9.72123436506697;-11.9151507368923;33.9300986679017;0.217104462717294;9.08899506443662
11938388153.9989;13.8145577954544;-0.00856954998358237;-9.59594267436359;-11.7872508470022;33.3388675300917;0.214606400702239;8.63131823708277
12163711691.5953;13.8855195835532;-0.00811593198903409;-9.50178201073598;-11.6961162868412;32.9185190108259;0.210429203903189;8.30337193183393
12378429891.0884;13.9541126766285;-0.00768647728635697;-9.49558846976855;-11.6989514939757;32.6760676185197;0.204581690001562;8.13826109049606
12585631182.8927;14.0317836862821;-0.00720954828521361;-9.42613350807639;-11.6379387268506;32.6248465700013;0.200328739853989;8.06929370058668
12784376372.4081;14.1084382073898;-0.00674802502358822;-9.41375885089899;-11.6341030305115;32.5770829736048;0.196140832542583;8.03117708070956
12974346947.5349;14.1905093231098;-0.0062602138223904;-9.36449600003088;-11.5904345691026;32.5433360411462;0.193429852950486;7.98398746923067
13153977169.8578;14.2740137208913;-0.00577261536193613;-9.33267005908726;-11.5663170817034;32.5268112080075;0.189930392768236;7.95702005883489
13324830380.761;14.3577678090247;-0.00529132652177654;-9.30961713041814;-11.5502173534263;32.4913296193571;0.18670986331854;7.92177478574428
13486874587.0079;14.4446159367868;-0.00479955734767727;-9.27087304728094;-11.5178722057346;32.4715243279433;0.18386688477884;7.88915941513264
13640351734.2626;14.5314273061615;-0.00431692470291776;-9.24746711128711;-11.5024270244006;32.4518448265767;0.180417839377326;7.86429508183898
13783808867.6676;14.6176301704188;-0.00384574926357291;-9.22120045206887;-11.4835395042258;32.4275947014314;0.177245690291056;7.8349478185153
13916251819.1018;14.7037264849184;-0.00338269737747478;-9.18704428912161;-11.4563991927482;32.4082305854899;0.174301215852535;7.8049213196107
14039210347.4902;14.7886525431269;-0.00293401052448853;-9.16071768969424;-11.4378153123135;32.3852815871374;0.171100017885493;7.77641367950869
14155657292.1543;14.8708773527852;-0.00250715501447798;-9.1511252211874;-11.4358472061683;32.3636499775424;0.168010146504094;7.75715387646086
14266712650.4645;14.9483751811156;-0.00211105619991599;-9.15624998493128;-11.4477359750085;32.3586840666402;0.165388329914768;7.75638941820885
14370923859.384;15.0244533089325;-0.00172774418927241;-9.13665461738881;-11.4343620064429;32.3658610262464;0.16307214204891;7.75137915178391
14458517840.3944;15.1041608989309;-0.00133242738702461;-9.04097458659857;-11.3455289911399;32.3579150624595;0.160481925374509;7.69822157841961
14516605209.5457;15.1848736294552;-0.000942798318488276;-8.85713966737964;-11.1734303569432;32.3141781354056;0.155992035526714;7.57706730558396
14540316933.4572;15.2362730274654;-0.000706168988428069;-8.66400509703588;-11.0008945554407;32.2711886481296;0.148568077558795;7.45175395264852
14545742881.3638;15.2510874716675;-0.000641090508146883;-8.56379025730109;-10.9210382171704;32.2662696359021;0.141742731863639;7.39833964311858
14546226854.5619;15.2524756356543;-0.000635128614818506;-8.54238053832505;-10.9094371103497;32.273053004028;0.138606462364225;7.39215800682019
14546256388.8709;15.2525620546265;-0.000634763094648284;-8.53371771669451;-10.9074154663919;32.2789375272248;0.136527922458514;7.39175241827808
14546258861.5942;15.2525694320776;-0.000634732394143698;-8.52526919092594;-10.9060300124907;32.2852159189192;0.134351609544087;7.39171695826998
14546259080.468;15.2525700985592;-0.000634729668625392;-8.51640552863069;-10.9047445957551;32.291853481719;0.132054713145638;7.39171367958559
14546259102.9522;15.2525701685699;-0.000634729387817519;-8.50671401333999;-10.903469218654;32.2991156069659;0.129549405875538;7.39171332688958
14546259107.7359;15.2525701838684;-0.000634729327885569;-8.49511131514602;-10.9021011078398;32.3078100273494;0.126566196128096;7.39171324769615
14546259110.2234;15.25257019208;-0.000634729296616547;-8.48133666769584;-10.9006523327171;32.3181315513135;0.123063873154704;7.39171320390577
14546259111.9763;15.2525701980845;-0.000634729274508825;-8.46527492890555;-10.8992044257542;32.3301661607154;0.119036031546391;7.39171317088126
14546259113.293;15.2525702027876;-0.00063472925785262;-8.44713103611643;-10.8979390815846;32.3437600623231;0.114546668110056;7.39171314413975
14546259114.3437;15.252570206719;-0.000634729244536717;-8.42689822300766;-10.8970762387862;32.3589181030582;0.109601368558525;7.39171312099726
14546259115.2441;15.2525702102716;-0.000634729233120351;-8.4038879149861;-10.8969067890595;32.3761558650402;0.104041452843947;7.39171309933948
14546259116.0261;15.2525702135447;-0.000634729223226188;-8.37827443020026;-10.8978528786623;32.3953423981124;0.0979273779115354;7.3917130786514
14546259116.7166;15.2525702166288;-0.000634729214542626;-8.35004613492125;-10.9004767156067;32.4164860579673;0.0912715350820499;7.39171305843745
14546259117.3405;15.2525702196224;-0.000634729206790689;-8.31888410740209;-10.9056672401682;32.4398253537728;0.0840031118701324;7.3917130381034
14546259117.9364;15.2525702227286;-0.000634729199546989;-8.28297300019371;-10.9152515310343;32.4667193241675;0.075711155723361;7.39171301627762
14546259118.4777;15.2525702258145;-0.00063472919320202;-8.24405970079075;-10.9310144609699;32.4958590669196;0.0668148907110357;7.39171299380955
14546259118.9632;15.2525702288566;-0.000634729187823044;-8.20299410103615;-10.9554541480869;32.5266077304928;0.0575146822890163;7.3917129708882
14546259119.433;15.2525702321333;-0.000634729183084966;-8.15650384764364;-10.9963415901476;32.5614148567131;0.0470831515558904;7.39171294547617
14546259119.8708;15.2525702355635;-0.000634729179312771;-8.10596237206788;-11.0646848838795;32.5992512167631;0.0358496659236928;7.39171291808663
14546259120.2895;15.2525702392969;-0.000634729176629313;-8.04971601376701;-11.1931282003574;32.6413537474112;0.0234615108285044;7.39171288750676
14546259120.6918;15.2525702434444;-0.000634729175396799;-7.98675257860405;-11.5137539611885;32.6884786810842;0.00971389324817073;7.39171285275376
14546259121.0903;15.2525702483041;-0.000634729176298147;-7.91382180128582;-11.6455359467941;32.7430565197934;-0.00607302504658816;7.39171281131342
14546259121.4677;15.2525702538517;-0.000634729180267551;-7.83277919953777;-10.9781616390499;32.8036961247802;-0.0234714727395563;7.3917127631547
14546259121.833;15.2525702604888;-0.000634729188972597;-7.74059006183102;-10.6227914630868;32.8726651898155;-0.0431155087674769;7.39171270485256
14546259122.1876;15.2525702687095;-0.000634729205311711;-7.63485362353421;-10.3365347064591;32.9517554555128;-0.0654933903778743;7.39171263215357
14546259122.5322;15.2525702792913;-0.000634729234508669;-7.51274635341872;-10.0719689106482;33.0430729921363;-0.091171242292616;7.39171253848575
14546259122.864;15.2525702933764;-0.00063472928574126;-7.37210862755722;-9.81132317418;33.1482250747231;-0.120571796644184;7.39171241433494
14546259123.1898;15.2525703136684;-0.000634729380415692;-7.20564019679414;-9.5367310046119;33.2726583531978;-0.155237518855187;7.39171223817716
14546259123.5137;15.2525703457733;-0.000634729569865089;-7.00385179851379;-9.23293080655917;33.42344665376;-0.197229659355687;7.3917119672829
14546259123.8321;15.2525704013675;-0.000634729980829184;-6.75802394436447;-8.88924904248161;33.6070757561194;-0.248430908089696;7.39171151678441
14546259124.1407;15.2525705089975;-0.000634730970777208;-6.4574001157872;-8.49372104442473;33.831535482733;-0.311172192972371;7.39171069055471
14546259124.4448;15.2525707659093;-0.000634733919178926;-6.07318880327454;-8.01338623152498;34.1182454762789;-0.391551832921393;7.39170888151013
14546259124.7434;15.2525715828584;-0.000634745734486114;-5.56288535980715;-7.40263536277088;34.4987699101485;-0.498946071091144;7.39170383139211
14546259125.033;15.2525756936265;-0.000634822525321452;-4.84797051622913;-6.57658410439194;35.0312573097013;-0.654398261246907;7.39168311878401
14546259125.3257;15.2526434663396;-0.000636513242803388;-3.63540719315886;-5.23839102165328;35.9333204480563;-0.896424095978877;7.39146707671738
14546259125.6191;15.2669393805946;-0.00106906973152645;-1.31211800428768;-2.83128710775546;37.6221424653546;-1.13834635216584;7.36219469572841
14546259125.903;15.3448850144838;-0.00349643163841246;-0.561360868307498;-2.06801812940424;37.4281950521414;-1.16557875508793;6.85784460810047
14546259126.1783;15.4777846855132;-0.00721544314114849;-0.316362074994848;-1.86945845930223;35.9182303621811;-1.00512146373405;5.72376085535382
14546259126.4536;15.6627091012514;-0.0111160062052312;-0.172735263278637;-1.8486022145748;33.4367862730299;-0.705273519440745;3.9895922160063
14546259126.7303;15.8861214985015;-0.0137617522358245;-0.0929782537403449;-2.01953736914831;30.1463543947196;-0.357006139580505;1.74769856746755
14546259127.0082;16.1139887266954;-0.0149883550729905;-0.0862077646034581;-2.35518566926665;26.5627114250885;-0.142986323461612;-0.651221719845225
14546259127.2786;16.2838024309848;-0.0156670096872289;-0.201989605555493;-2.60031353502041;25.6410459119418;-0.102473555917394;-1.20925103219333
14546259127.548;16.4285031804449;-0.0162627690365576;-0.269972354888317;-2.65537226887732;25.6869702872157;-0.105757936718671;-1.14456695908091
14546259127.8104;16.553429873344;-0.0168138531029937;-0.322285948547219;-2.67772333749203;25.7278144067074;-0.113492066865203;-1.09109883872888
14546259128.0713;16.6654332095926;-0.0173495015512199;-0.367221722568547;-2.68757283068237;25.7620824323237;-0.123205432446423;-1.04570570871849
14546259128.3314;16.7671816504682;-0.0178745117444682;-0.407589311828313;-2.69494933948094;25.7923405738323;-0.133085495880459;-1.00527291846634
14546259128.5917;16.8606408601869;-0.0183885636628778;-0.444841987223274;-2.70445710732993;25.8199839380199;-0.142017167880995;-0.968145643774543
14546259128.8503;16.9463952924145;-0.0188836401829861;-0.479426790489987;-2.71801103671953;25.8455063710447;-0.149210985627506;-0.933774059174154
14546259129.1093;17.0260614445252;-0.0193588601510316;-0.512020831239842;-2.73639999163813;25.8695077073657;-0.154315305814766;-0.901421162114965
14546259129.3652;17.0994491477785;-0.0198041775637132;-0.542442784141147;-2.75939640321364;25.8919162789256;-0.157112440580226;-0.871227163845379
14546259129.6212;17.1681509990143;-0.0202221707164924;-0.571240047144248;-2.78703931925608;25.9131736407487;-0.157659931337703;-0.842623585608763
14546259129.8737;17.2318646066003;-0.0206056588464703;-0.598141630434738;-2.81862190092174;25.9331001289129;-0.156089671418171;-0.815865510416362
14546259130.1263;17.2919503740935;-0.0209589670431973;-0.623612053014711;-2.8542299527744;25.9520479891176;-0.152599719683187;-0.79048429169394
14546259130.3795;17.3489331413483;-0.0212824088225251;-0.647773417264568;-2.89372083584172;25.9701098369991;-0.147409803694895;-0.766355651195727
14546259130.6289;17.4022138098471;-0.0215713043808239;-0.670275541422091;-2.93610434187931;25.9870201453517;-0.140905414758094;-0.743830028435745
14546259130.876;17.4525127657398;-0.0218292533664762;-0.69136551554294;-2.98139066118297;26.0029547688989;-0.133351392440488;-0.7226648327815
14546259131.1203;17.5000159396417;-0.0220575182004125;-0.711076862494373;-3.02936048023911;26.0179294563351;-0.125022769193916;-0.702831304761772
14546259131.3606;17.5448273828545;-0.0222574664365747;-0.729422036547596;-3.0798933903539;26.0319458606569;-0.116154296437012;-0.684320933189275
14546259131.5952;17.5868952968821;-0.0224302243294739;-0.746359499475379;-3.13287257878796;26.044968469171;-0.106957380164064;-0.667177281799684
14546259131.8234;17.6263780139711;-0.0225780352244944;-0.76193938308142;-3.1886399682953;26.057036939163;-0.0975493642669175;-0.651348273518633
14546259132.0448;17.6634474530562;-0.0227031758163488;-0.776216360978967;-3.24783417089717;26.0681992144494;-0.0880021375772685;-0.636774232315974
14546259132.259;17.6982404338157;-0.0228077375549899;-0.789229245404002;-3.31134808627985;26.0784933935632;-0.0783724921190466;-0.6234100881577
14546259132.4652;17.7308448808079;-0.0228936254246543;-0.800999025012529;-3.38034403272808;26.0879434191771;-0.068721849038976;-0.611229187177755
14546259132.6626;17.7613104209493;-0.0229626456041249;-0.811536372565336;-3.45636917071886;26.0965641324629;-0.059122192865365;-0.600216158261019
14546259132.8501;17.7896444159347;-0.023016558938298;-0.820856889865257;-3.54146851175152;26.1043580296993;-0.0496708275184906;-0.590361451548678
14546259133.0266;17.8158078023419;-0.0230571405068508;-0.828999914577353;-3.63836504062505;26.1113185573237;-0.0405008070264239;-0.581649750684277
14546259133.1924;17.8399785020083;-0.0230864556535927;-0.836105659308784;-3.75230280890732;26.1175060469009;-0.0316763077969642;-0.573970786369004
14546259133.3492;17.8625201174876;-0.0231064581850855;-0.842380258747333;-3.89428033309885;26.123033929229;-0.0231805395373975;-0.567145946297146
14546259133.5012;17.8840862654252;-0.0231187280798072;-0.848104925395176;-4.09303666900744;26.1280796976088;-0.0148653708626912;-0.560916302181589
14546259133.657;17.9059060095478;-0.0231240154721617;-0.853696158096416;-4.46930427275349;26.1329287356963;-0.00633256956724331;-0.554883107570389
14546259133.8242;17.929015926359;-0.0231215776687857;-0.859507474786568;-4.83630718280137;26.1377919234792;0.00275720583122987;-0.548728543196641
14546259134.0086;17.9541304123002;-0.0231094587245239;-0.865833446684695;-4.18229295181768;26.1428086719833;0.0126151593102744;-0.542211727626193
14546259134.2028;17.9801759222648;-0.0230868070515289;-0.872551635911832;-3.93318421772282;26.1478049701518;0.0227406385409271;-0.535509862969331
14546259134.4043;18.006750851146;-0.0230533733361219;-0.879724693387909;-3.78001216298461;26.1527987166112;0.0329026366654553;-0.528579653765022
14546259134.6126;18.0337388155211;-0.0230090208641075;-0.887494523553522;-3.67174682122293;26.1578859201384;0.04298830719886;-0.521286095986476
14546259134.8275;18.0610515952367;-0.0229537897802844;-0.896011217050113;-3.59019355342997;26.1631797459588;0.0529063972497782;-0.513478715312405
14546259135.0454;18.0881486445078;-0.0228891504978743;-0.905254039438805;-3.52767951396539;26.1687024976519;0.0624247361447767;-0.505153470511658
14546259135.2661;18.1149730007966;-0.0228158555578719;-0.915312951438548;-3.47876826664714;26.1745560319889;0.0715194241122192;-0.496197658721518
14546259135.4904;18.1415519971257;-0.0227344186951768;-0.926287747869191;-3.44000529065426;26.1808471016375;0.0802169511690808;-0.486490295917089
14546259135.7182;18.1678102763311;-0.022645650934533;-0.938215429710117;-3.40922642758421;26.1876435464554;0.0885289723660877;-0.47596779182511
14546259135.9468;18.1934094446593;-0.0225514395183395;-0.950961828673451;-3.38508415255972;26.1949124832316;0.0964039054111734;-0.464719570464893
14546259136.1765;18.2183339523952;-0.0224526021213671;-0.964494902535112;-3.36620019310037;26.202674388201;0.103905928962873;-0.452748065638791
14546259136.4078;18.242625209316;-0.0223496239164486;-0.978794349005611;-3.35149901933644;26.2109507013572;0.111116384847315;-0.440049088968658
14546259136.6409;18.266269988017;-0.0222431270653928;-0.993794465407482;-3.34019295251721;26.2197302062937;0.118094516248742;-0.426662970288027
14546259136.8751;18.2891851434891;-0.0221340337234959;-1.00936415400175;-3.33168871628226;26.2289555701304;0.124869517952518;-0.412693597134091
14546259137.1094;18.3112885523598;-0.0220232922384781;-1.02534952097036;-3.32549843534279;26.2385472845778;0.131459165778419;-0.398271085560268
14546259137.3445;18.3326466546525;-0.02191107348474;-1.04169663033211;-3.3211938512523;26.2484784687462;0.13791354217365;-0.383440283611603
14546259137.5806;18.3532903102862;-0.0217976604877937;-1.05833254783017;-3.31845632676891;26.258705504795;0.144261197728905;-0.368266764887722
14546259137.8176;18.3732183964884;-0.0216834810723432;-1.07516300643655;-3.31704078430599;26.2691666772815;0.15051109600528;-0.352838915780078
14546259138.0547;18.3924038284428;-0.0215691155075798;-1.09207285654293;-3.31674915923704;26.2797832629989;0.156655438453475;-0.337266986771133
14546259138.292;18.410866869328;-0.0214548592969028;-1.1089926134309;-3.3174160283126;26.2905028264773;0.162695476244738;-0.321620798876184
14546259138.5298;18.4286647206671;-0.0213407420362166;-1.12589761540387;-3.31891385216084;26.3012984544261;0.168640139471135;-0.305930675096052
14546259138.7693;18.4459013564834;-0.0212264272988491;-1.14285655366643;-3.32120683649895;26.3121662377997;0.174504375744113;-0.290164859636069
14546259139.0156;18.4629249592178;-0.0211097735392494;-1.16027793572107;-3.32443067158364;26.3232691666426;0.180379462628594;-0.274009823862439
14546259139.271;18.4798630178199;-0.020989965045241;-1.17846701840869;-3.32884304038554;26.3346486927752;0.186273685446431;-0.257285202524567
14546259139.537;18.4967321708147;-0.0208669350077986;-1.19773975193456;-3.33482187283745;26.3462953599904;0.192148693275034;-0.239839516619177
14546259139.8157;18.5135811545116;-0.020740380458341;-1.21856900802546;-3.34286495604169;26.3582710835705;0.197979841483123;-0.221395095465677
14546259140.1104;18.5304754129166;-0.0206098523142256;-1.24164473149839;-3.3536797009765;26.3706984913145;0.203744861159241;-0.201525170466807
14546259140.428;18.5476075787614;-0.02047383445245;-1.26811551036082;-3.36833183683626;26.3838917263785;0.209470336117411;-0.179445452245814
14546259140.7783;18.5651718278464;-0.0203306698146753;-1.29972757356047;-3.3885214021415;26.3982783355664;0.215170027337771;-0.153997118520988
14546259141.1887;18.5839020316071;-0.0201739570496259;-1.34070764777406;-3.41814577634659;26.4150188176127;0.221010443379741;-0.122290547584373
14546259141.7196;18.6049811371689;-0.0199927787980401;-1.40111139633529;-3.46685751079226;26.436544423065;0.227226287305421;-0.0776721564355025
14546259142.6005;18.6314499866287;-0.019758400567684;-1.52219220505435;-3.5750099981331;26.47136688618;0.234400521840348;0.00617515880919563
14546259144.4689;18.6574435906001;-0.0195233077451371;-1.85661147425217;-3.90023860196997;26.5311343651479;0.239954385322867;0.213349403176428
14546259152.2678;18.664677705498;-0.0194582222607723;-3.03265010734547;-5.07855136842632;26.6017694233004;0.239336680755988;0.848558035616948
14546259205.9555;18.6655637029902;-0.0194502816624174;-4.78244210805378;-6.83002137121675;26.6602560131537;0.238937905487116;1.76252812412006
14546259648.6965;18.6656880751914;-0.0194491697770904;-6.55142640496138;-8.60008972681935;26.7344170401811;0.239005225701823;2.69656948187144
14546263315.1164;18.6657065297734;-0.0194490052134698;-8.29813799427898;-10.3479083718554;26.8079355307646;0.239052336491657;3.61904506730947
14546288186.2829;18.6657098897738;-0.0194489753507433;-9.86935682216537;-11.9205666978048;26.8949422697459;0.239034584372533;4.4627855880193
14546391041.0777;18.6657107952357;-0.0194489673326651;-11.0553543751854;-13.1081542544281;26.9913029720828;0.23901434716478;5.12016481514516
14546738686.221;18.665711118238;-0.0194489644836551;-12.0319304714378;-14.0864421974124;27.0995907496193;0.239029226640324;5.68080222602999
14547749706.9642;18.6657112594603;-0.0194489632432977;-12.8548568175895;-14.911213201889;27.2209379995344;0.239081901942312;6.17334028021034
14550431587.1453;18.6657113329052;-0.0194489626012578;-13.5624777803363;-15.6208773739818;27.3604853994863;0.239179638000039;6.62038580940777
14557540472.0851;18.6657113784936;-0.0194489622049665;-14.1929468147532;-16.2537869566974;27.5352091675173;0.239358160147428;7.05235792465861
14580219887.0585;18.665711414881;-0.0194489618912315;-14.7946813938965;-16.8590689349412;27.8012519480102;0.239704845141798;7.5309759836307
14652613963.4747;18.6657114562883;-0.0194489615384869;-15.2426256101773;-17.3122425962623;28.2080715319454;0.240301460403607;8.02675638021162
14783122096.0722;18.665711515195;-0.0194489610425573;-15.3454731955051;-17.4202175372886;28.6515699296132;0.241214872722547;8.37449629740644
14965287473.8959;18.6657116209936;-0.0194489601620358;-15.2359859443987;-17.3157258985443;29.1043070899586;0.242224077168249;8.62224212520294
15192983476.537;18.6657118729981;-0.0194489580867267;-14.9559470454461;-17.0402726193478;29.5959618307406;0.243728819308069;8.81071673072674
15444673589.5998;18.6657126095585;-0.019448952082938;-14.533657789186;-16.6224407522418;30.125637153011;0.24555754222315;8.95347049357127
15710551342.009;18.665715643952;-0.0194489275637229;-13.9426101014176;-16.0351754350843;30.7364217644325;0.248363615443703;9.06604144852941
15979034167.1036;18.6657358903717;-0.0194487652789529;-13.1225682727916;-15.218638744842;31.4848335535979;0.252366049663554;9.15607383655629
16244265588.0218;18.6663926467201;-0.0194435277743033;-11.6062206924364;-13.7045005504069;32.7274918525974;0.260995407456315;9.22819510279512
16493464617.5648;18.6919284457892;-0.019240396954291;-9.9893968943203;-12.0887705250053;33.9065300057084;0.269717866482612;9.20757259984388
16731967027.3968;18.751539270689;-0.0187635349494782;-9.60216763984041;-11.699100051216;33.5826669324758;0.268647479837827;8.7975714973736
16960680188.4951;18.8159157585184;-0.0182500094301103;-9.55056387711138;-11.6487291259261;33.0515609186866;0.263649362662814;8.41689827830103
17179612357.5714;18.8870171079065;-0.0176923075479974;-9.48843173685595;-11.593907469732;32.7344903285996;0.256761468289481;8.17395341497787
17387972942.4726;18.9602451683328;-0.0171309925672482;-9.45413803665846;-11.5696089347803;32.6494765134855;0.250268000735708;8.09997334315653
17589923381.6674;19.0361156761177;-0.0165593622267167;-9.42517181128262;-11.5481295301346;32.581356984875;0.245477363101914;8.03995368636839
17784351572.9745;19.1188461229167;-0.0159459361364878;-9.3710938663017;-11.5009969926667;32.5653845809463;0.241464386005655;8.00222328015909
17968787853.1346;19.200147656005;-0.0153533343506462;-9.35574761939684;-11.493083398562;32.5291715395901;0.237103095280624;7.97033401324742
18143377572.5955;19.284920485273;-0.0147438046144945;-9.31376198928244;-11.4570237694299;32.5014038959692;0.233690114065265;7.93077250999887
18308364119.9354;19.3709706277802;-0.0141353622756194;-9.28269694029141;-11.4332291070781;32.4842935277127;0.229689561862866;7.90378918900293
18465160206.4206;19.4567798498732;-0.013538584546136;-9.26180125393805;-11.4195226110228;32.4556036249156;0.2257191123267;7.87415436547398
18612637548.3188;19.5438246125543;-0.0129422296399575;-9.22898265580781;-11.3932205048477;32.4359820452434;0.222223100317647;7.84461934334997
18749293629.5629;19.6301441345702;-0.0123604481845465;-9.19951993589;-11.3708690889499;32.417756756066;0.218491127687674;7.81769434232551
18875980673.0121;19.7154644856526;-0.0117948266151492;-9.17167956709507;-11.3502062384647;32.3929587228855;0.2147454378446;7.78718926891604
18994396824.8411;19.7989908084326;-0.0112497838538064;-9.15158758155356;-11.3369803675053;32.3705433302138;0.211230780137998;7.76215156288195
19107295422.2148;19.8783659752282;-0.0107396738925597;-9.15300389547445;-11.3450247420206;32.3587911205385;0.207955993679891;7.75499366974821
19213605827.6117;19.9537803573036;-0.010261682961971;-9.14912159735354;-11.3471561178864;32.3619195083724;0.20511610114328;7.7551307083238
19308929221.4742;20.0318132513136;-0.00977373476835991;-9.08692178250992;-11.2908257818482;32.3628944828625;0.202368707495455;7.72467077276915
19380261426.6877;20.1145267616122;-0.00926540170228841;-8.93570919796616;-11.1471372896825;32.3318912654876;0.198702356598822;7.62833518192009
19418773347.0909;20.1882617978091;-0.00882662819412295;-8.71792127754552;-10.9433547770381;32.2738581775251;0.192051359909466;7.48064077306085
19430173266.7901;20.2199341932541;-0.00864601971388766;-8.55622088103171;-10.8001636539984;32.247845659263;0.183889924129167;7.38237926900301
19431856592.3608;20.2251983878636;-0.00861681440791677;-8.50483618453675;-10.7607063601538;32.2527612964746;0.178935588812908;7.35995279725711
19431949903.1066;20.2254976103657;-0.0086151754414065;-8.49393741046047;-10.7553615811651;32.2587966841649;0.176694891094482;7.35852769661983
19431957369.5613;20.2255220280682;-0.00861504334905713;-8.48540963657285;-10.7522367697778;32.2650111695488;0.174543904416924;7.35840818453818
19431958010.1729;20.2255241653388;-0.00861503193721414;-8.47673527050825;-10.7492389920286;32.2714984956629;0.172311955221417;7.3583974828999
19431958073.0521;20.2255243796234;-0.00861503080902807;-8.46751593608984;-10.7461261673353;32.2784085840352;0.169942453273764;7.35839638596394
19431958081.8147;20.2255244102129;-0.00861503065055219;-8.45706330864861;-10.7426734183723;32.2862444076883;0.167265903340457;7.35839622557049
19431958085.089;20.2255244219954;-0.0086150305907521;-8.44387877071924;-10.7384125002587;32.2961279733484;0.163914256359986;7.35839616211427
19431958087.135;20.2255244296203;-0.0086150305529649;-8.42868104428761;-10.7335701323944;32.3075200148208;0.160108553511309;7.35839611980711
19431958088.6224;20.2255244353873;-0.00861503052515385;-8.41147195312158;-10.7282049003837;32.3204189166203;0.155863359886982;7.35839608680006
19431958089.7695;20.2255244400352;-0.00861503050341959;-8.39233742343669;-10.7224529282504;32.3347600916901;0.151200817133464;7.3583960593165
19431958090.7314;20.2255244441331;-0.00861503048493113;-8.37057142350543;-10.7162322467053;32.351072437372;0.145957984914828;7.35839603427385
19431958091.5558;20.2255244478466;-0.00861503046884709;-8.34634201099471;-10.709727559307;32.3692296229545;0.140199613103164;7.35839601078994
19431958092.2791;20.2255244513121;-0.00861503045451908;-8.31954378806731;-10.7031285436599;32.3893103019218;0.133911213198775;7.3583959881041
19431958092.9456;20.2255244547387;-0.00861503044111209;-8.28896287351921;-10.6964840243073;32.4122236208646;0.126819978660711;7.35839596490598
19431958093.5596;20.2255244581552;-0.00861503042858398;-8.25459582383553;-10.6902976694197;32.4379715488683;0.118946548071786;7.35839594096878
19431958094.1071;20.2255244614706;-0.00861503041728737;-8.21784007551079;-10.6854273509091;32.4655066394953;0.110620319689385;7.35839591691235
19431958094.6191;20.2255244648754;-0.00861503040665266;-8.17715764349206;-10.6825225440874;32.4959805419727;0.101499696914807;7.35839589141052
19431958095.0952;20.2255244683825;-0.00861503039677233;-8.132725896732;-10.6829000014016;32.529259689837;0.0916431640085025;7.35839586432389
19431958095.5419;20.2255244720644;-0.0086150303876199;-8.08401803508852;-10.6885581329193;32.5657378878702;0.0809507403845639;7.35839583506359
19431958095.9641;20.2255244760005;-0.00861503037925411;-8.0304085039918;-10.7029635737994;32.6058826997046;0.069301221897718;7.35839580295546
19431958096.3707;20.225524480354;-0.00861503037173774;-7.97029125434641;-10.7331277516708;32.6508955324818;0.0563713713504972;7.35839576662615
19431958096.7584;20.225524485196;-0.00861503036549614;-7.9035081673746;-10.7932329073491;32.7008932149659;0.0421536199293804;7.35839572537143
19431958097.1347;20.2255244907887;-0.00861503036102155;-7.82787406284187;-10.9247426552189;32.7575096991013;0.0262085072640812;7.35839567692962
19431958097.498;20.2255244973648;-0.00861503035934909;-7.74234985438396;-11.3369593931999;32.8215201417071;0.00834736017274371;7.35839561920488
19431958097.8493;20.2255245053179;-0.00861503036219325;-7.64516016119588;-11.0917463984394;32.8942499549138;-0.0117634239990732;7.3583955487547
19431958098.1901;20.2255245152863;-0.00861503037265144;-7.53382407807698;-10.5129912074209;32.9775511966181;-0.0345980222708423;7.35839546011174
19431958098.5232;20.2255245284118;-0.0086150303968228;-7.40441757460487;-10.1392329514838;33.0743535441097;-0.0609082311931836;7.35839534375043
19431958098.8464;20.2255245464236;-0.00861503044634341;-7.2539198995058;-9.81469078156782;33.1869080934374;-0.0912422340911093;7.35839518550337
19431958099.1628;20.2255245729986;-0.00861503054753905;-7.07587590977304;-9.49518796239704;33.3200302001635;-0.12688004784499;7.35839495637412
19431958099.4745;20.2255246158554;-0.008615030764584;-6.86161972579181;-9.15708992643059;33.4801802029632;-0.169557727081728;7.35839459811495
19431958099.7793;20.2255246921834;-0.00861503126582969;-6.60135015913713;-8.78398338203245;33.6746555418576;-0.221141341152183;7.35839398747926
19431958100.0778;20.2255248495229;-0.00861503258722563;-6.27810129616679;-8.35390590458094;33.9160883673721;-0.284840113218577;7.35839280682441
19431958100.3718;20.2255252538596;-0.00861503691462781;-5.8615909798429;-7.83210690763688;34.2270186957814;-0.366313685539708;7.35839005294446
19431958100.6614;20.2255267101959;-0.00861505690698452;-5.29853171206577;-7.1609294032241;34.6470734371794;-0.47562959021241;7.35838151683056
19431958100.9465;20.2255363629422;-0.0086152315831747;-4.47034484674077;-6.21276202793441;35.2642873193391;-0.638142883087636;7.35833788884809
19431958101.2283;20.2258371289544;-0.00862252584684643;-2.97182286458057;-4.58707016408806;36.3796787162859;-0.882290412214609;7.35758084707514
19431958101.506;20.2575865756941;-0.00954997724476093;-0.941825466665415;-2.47627046826763;37.7439894378219;-1.10256144159015;7.25771639091664
19431958101.7804;20.347690075916;-0.0122608793450626;-0.483652626422725;-2.00528045458461;37.0887982244521;-1.11587342063987;6.59131722910104
19431958102.0528;20.4925499529713;-0.0161730097744615;-0.27420409495363;-1.84273888160548;35.3405917647607;-0.954418899466457;5.31595192634041
19431958102.3203;20.6816529895381;-0.0200227573672735;-0.150547736901108;-1.84181398349389;32.7316530360937;-0.666348911007102;3.50692821467341
19431958102.5881;20.9017878349446;-0.0225125246658014;-0.0851949999931588;-2.03172503451188;29.4289963898139;-0.332847590323845;1.26434975850486
19431958102.8525;21.1126078942073;-0.0234812861233813;-0.0983816400182374;-2.43607671913433;26.179712025659;-0.120301151938246;-0.901108474723267
19431958103.1159;21.2742953827297;-0.0239305010020478;-0.211871864389255;-2.76809414731238;25.6457547695164;-0.0712513672046278;-1.20123988517069
19431958103.3759;21.4122206048957;-0.0243214190052438;-0.275435162146354;-2.82299318259237;25.6916144377891;-0.0728170994193824;-1.13881453182546
19431958103.6349;21.5343661500724;-0.0246994419902651;-0.326292288389878;-2.83565171349468;25.7311119587287;-0.0796341097539409;-1.08698266449931
19431958103.8928;21.6443109761542;-0.0250792059119933;-0.370276946367433;-2.8319380393986;25.7645802390453;-0.0889942563188839;-1.0426085561386
19431958104.1481;21.7437111347728;-0.0254599713107649;-0.409648401743864;-2.82637800323278;25.794068603146;-0.0988075769104297;-1.00319686113152
19431958104.4018;21.8345962236238;-0.0258396771582077;-0.445821739717681;-2.82486709054916;25.8209068932896;-0.107876324462203;-0.967154496106918
19431958104.6567;21.9190533609697;-0.0262171056871434;-0.479847166994989;-2.82964879965882;25.8460192652718;-0.115502671966924;-0.933341467991579
19431958104.913;21.9978783919393;-0.0265863333765268;-0.512061785292131;-2.84143167284891;25.869744330907;-0.121177572742385;-0.901365393851996
19431958105.1656;22.070387059828;-0.0269352192852774;-0.542079002643496;-2.85978550013093;25.8918564935408;-0.124582400215305;-0.871572143369294
19431958105.4157;22.1376559045142;-0.0272616796297483;-0.570218805150695;-2.88420233953054;25.912628130779;-0.125755772158465;-0.843620186203337
19431958105.6634;22.2003742843193;-0.0275635799028106;-0.596644402702747;-2.91417572762398;25.9321993025532;-0.12482685418328;-0.817334110952155
19431958105.9114;22.2596225496604;-0.0278420334062189;-0.621704476412353;-2.94962742968621;25.9508364277216;-0.121963086650257;-0.792360890137643
19431958106.1586;22.315567461099;-0.0280949378775961;-0.645368312147628;-2.99017239505565;25.9685185181606;-0.117393240589888;-0.768728788004327
19431958106.4039;22.368289278447;-0.0283209903322953;-0.667586109805536;-3.0353672546117;25.9852056630278;-0.111415346083589;-0.746487926427
19431958106.6497;22.4186271726462;-0.0285227932326063;-0.688653165779341;-3.08562080576924;26.0011124459743;-0.104237572635736;-0.725346089838815
19431958106.893;22.46624424497;-0.0286988592651565;-0.70837509380717;-3.14046220563727;26.0160850130489;-0.0961955165908622;-0.705501792607645
19431958107.1323;22.5111451268216;-0.0288498947061356;-0.726722032390448;-3.1998980350779;26.0300924853995;-0.0875587813676636;-0.686989471800913
19431958107.3656;22.5532397475647;-0.0289768868186129;-0.743637040439083;-3.26408689386247;26.0430874112821;-0.078567442286126;-0.669868437732089
19431958107.5924;22.5927420126201;-0.0290820193244762;-0.759194435873924;-3.33407941854;26.0551272788583;-0.0693438924976974;-0.654062668127356
19431958107.8125;22.629824048011;-0.0291673319390723;-0.77344974625518;-3.41160005822817;26.0662604785147;-0.0599692225822165;-0.639511785963512
19431958108.0254;22.6646242443708;-0.0292347313167392;-0.786442529383254;-3.4993683373491;26.0765258991037;-0.050503784494383;-0.626169848395385
19431958108.2302;22.6972237565929;-0.0292859827072575;-0.798190910978746;-3.60169635998772;26.085945970571;-0.0410110738733943;-0.614012678879521
19431958108.4261;22.7276565739888;-0.0293227966589318;-0.808700651461542;-3.72603037372156;26.0945321292454;-0.0315660174433244;-0.603029680164939
19431958108.612;22.7559291445389;-0.0293469151007532;-0.817989216777207;-3.88700526657814;26.1022862926817;-0.0222670404957313;-0.593210820010833
19431958108.7869;22.7820272088074;-0.0293601487268245;-0.826105864764513;-4.12103530196451;26.1092086291623;-0.0132392770767048;-0.584531421034193
19431958108.9512;22.8061433170896;-0.0293643419368555;-0.833196619890827;-4.59295722904328;26.1153645254448;-0.00454083250951432;-0.576874964277811
19431958109.107;22.8287005899147;-0.0293610043304677;-0.839482476786257;-4.66933395112308;26.120881103358;0.00386488297147792;-0.570046231729775
19431958109.2587;22.8503579655552;-0.0293509510233601;-0.845246006538806;-4.17854288628909;26.1259349551437;0.0121276027132003;-0.563786090610068
19431958109.4151;22.8724037888655;-0.0293335171129709;-0.850917612398216;-3.95284912539932;26.1308219070296;0.0206643408645375;-0.557681559445508
19431958109.5839;22.8958721448299;-0.0293067472009605;-0.856851426143198;-3.79968714933605;26.1357508495256;0.0298125591595744;-0.551415574445901
19431958109.7696;22.9213105659998;-0.0292680967693204;-0.863302650990721;-3.68163845601706;26.1408286255007;0.0397176500482545;-0.544788579728544
19431958109.965;22.9476591022683;-0.0292178212766352;-0.870151637098812;-3.58955179585089;26.1458891485832;0.0498888228644886;-0.537971425021421
19431958110.1674;22.9745058786351;-0.0291561305078013;-0.87745793573484;-3.51612989812424;26.1509509260655;0.0600918429208012;-0.530922121739532
19431958110.3765;23.0017322412055;-0.0290830452323956;-0.885361949837043;-3.4565216856631;26.1561106784389;0.0702123373085759;-0.523506024980587
19431958110.5924;23.0292923826234;-0.02899858652285;-0.894025758627272;-3.40766275883761;26.1614896687956;0.0801725079603169;-0.515561296358531
19431958110.8111;23.0566098985772;-0.0289049171323901;-0.903415964864905;-3.3682594761168;26.1671017663124;0.0897247200916971;-0.507096051627133
19431958111.0326;23.0836317250827;-0.0288028680761093;-0.913622408289854;-3.33652811669885;26.1730479408643;0.0988436085847148;-0.497998268323433
19431958111.2574;23.1103677471661;-0.0286930335486803;-0.924736574649297;-3.31109448013055;26.1794291817497;0.10754798240273;-0.488154978037611
19431958111.4856;23.1367553081554;-0.0285762903580644;-0.936798322667988;-3.29096601427066;26.1863139187286;0.115852838334469;-0.477500761600348
19431958111.7147;23.1624856758424;-0.0284547627089448;-0.949686177044839;-3.27545707255325;26.1936753640408;0.123715907503487;-0.466114638985794
19431958111.9449;23.1875228053264;-0.0283293974480646;-0.963358474527088;-3.26376580114133;26.201527834342;0.131195605890464;-0.454007947379081
19431958112.1766;23.2119119083457;-0.0282006347017295;-0.977796234167023;-3.25520183129688;26.2098932102484;0.138375643754975;-0.441175484632151
19431958112.41;23.2356404654386;-0.0280691194920916;-0.992933073764008;-3.24922842225102;26.2187597890948;0.145317124703808;-0.427658201569173
19431958112.6446;23.2586322836144;-0.0279358277020008;-1.00864181203687;-3.24541172783116;26.2280726457176;0.152053514291381;-0.413556385003381
19431958112.8793;23.280803436581;-0.0278018060178245;-1.0247657730158;-3.24337898016262;26.2377508801493;0.158603730138035;-0.399002455370837
19431958113.1148;23.3022196244184;-0.0276671632670976;-1.04124936321673;-3.24280855491371;26.2477668694628;0.165018702607923;-0.384042547370859
19431958113.3513;23.3229104798039;-0.0275321606044199;-1.05801728062702;-3.24345339169875;26.2580756986704;0.171327384492867;-0.368744263440926
19431958113.5886;23.3428770122852;-0.0273972141064798;-1.07497574174908;-3.24511677228784;26.2686160124602;0.177539977957177;-0.353195495239272
19431958113.8261;23.3620929026853;-0.0272629266386667;-1.09200868137347;-3.24763370974958;26.2793085586142;0.183649142908923;-0.337507306287022
19431958114.0637;23.3805821774771;-0.0271295446529874;-1.10904916018088;-3.25087185871774;26.2901025205758;0.189657307677247;-0.321747155285976
19431958114.302;23.39840129252;-0.0269970424751647;-1.12607161627753;-3.25473473153988;26.300970256495;0.195572890654188;-0.305946296673481
19431958114.5418;23.4156531113536;-0.0268649848689194;-1.14314462889893;-3.25921609701525;26.3119068740752;0.201409919212124;-0.290073680618146
19431958114.7883;23.4326802288323;-0.026730920650038;-1.16067245757468;-3.26450070790098;26.3230720242301;0.207256577273798;-0.273820087762074
19431958115.0439;23.4496053884395;-0.0265939491622764;-1.17895673147907;-3.2708593313073;26.3345040027518;0.213119183300496;-0.257009081074792
19431958115.3098;23.4664507595909;-0.0264539484941857;-1.19831818455097;-3.27866866055435;26.3461969126706;0.218961347677149;-0.239484428142526
19431958115.5884;23.4832642125436;-0.0263105791280973;-1.21922715048446;-3.28842769846564;26.3582115608336;0.224758120377812;-0.220970486979407
19431958115.8828;23.5001128159289;-0.0261633169023488;-1.24237280904698;-3.30084535600505;26.3706714077826;0.230488170275859;-0.201040325894269
19431958116.1999;23.5171876309219;-0.0260104699572549;-1.26889842021502;-3.3169976639428;26.3838889301448;0.236178068361251;-0.17891341718836
19431958116.5492;23.5346723836986;-0.0258502894343802;-1.30052059561021;-3.33857038466006;26.3982799234818;0.241838722865959;-0.153453609327486
19431958116.9579;23.5532917120363;-0.0256757369772653;-1.34141528023349;-3.36945332408129;26.4149902043243;0.247635218692516;-0.121806387373897
19431958117.484;23.5741715624776;-0.0254752908469418;-1.4013284529522;-3.41905816004424;26.436361557906;0.253788521570909;-0.0775327329635087
19431958118.353;23.6003806043373;-0.025216967365486;-1.52057027915291;-3.52685753852913;26.4707607191943;0.260903054082299;0.00511643229668887
19431958120.1861;23.6264289969777;-0.024955276625828;-1.84740959626209;-3.84540217114505;26.5298211718455;0.266527329394132;0.208032091447975
19431958127.7277;23.6339324175581;-0.0248802464422123;-3.00220416212043;-5.00222744297982;26.6005040867959;0.265990781741426;0.832650343598567
19431958179.1255;23.6348560078644;-0.0248710445603716;-4.74546497442695;-6.74706768819616;26.6586184070793;0.265604191539972;1.74310556767752
19431958603.5884;23.6349853357018;-0.0248697590822148;-6.51614773893754;-8.51877505326039;26.7328047686175;0.265715697938748;2.67801296801353
19431962111.0145;23.6350045192517;-0.0248695688536514;-8.26205955974551;-10.2657128071767;26.8059775729695;0.265814337652649;3.59985762523483
19431986235.1718;23.6350079780248;-0.024869534661588;-9.84353008166941;-11.8485268399371;26.8929374943328;0.265852950260298;4.4486925449463
19432086255.9562;23.6350089049233;-0.024869525530027;-11.0330580482889;-13.0395452333005;26.9889434993548;0.265887976633924;5.10759976062173
19432426494.1178;23.6350092340252;-0.0248695222998675;-12.0144526450716;-14.0225590517722;27.0971143241164;0.265960191476478;5.67056801058509
19433416069.2969;23.6350093773275;-0.0248695208990113;-12.8391956390499;-14.8490552474795;27.2180397960233;0.266070812792782;6.16373227095784
19436051675.0485;23.6350094516423;-0.0248695201758152;-13.5498051300045;-15.5616243729399;27.3573242139449;0.266228395261722;6.61209597676415
19443020619.0566;23.6350094975558;-0.0248695197314184;-14.1812272654469;-16.1953960855498;27.5310103984812;0.26647307303837;7.04385092095665
19465236652.9474;23.6350095340147;-0.0248695193813131;-14.7848626793231;-16.8024677697202;27.7951737568179;0.266909666660464;7.52216296284199
19536903175.918;23.6350095753457;-0.0248695189890897;-15.2390404477363;-17.2617828671808;28.2018470056996;0.267630208715095;8.02096118795298
19666450083.2855;23.6350096337463;-0.0248695184413022;-15.3460092833926;-17.3738148959301;28.644397172493;0.268679217210482;8.370127126271
19848223563.5052;23.6350097386791;-0.0248695174682181;-15.2386193606771;-17.2713801696805;29.0978055411485;0.26983571286245;8.61936910808743
20074998270.3459;23.6350099863177;-0.024869515195814;-14.9617762542686;-16.9991090564874;29.5876563432585;0.271504957275745;8.8082356509748
20326306711.2606;23.6350107088142;-0.0248695086335081;-14.5413713442657;-16.5831506044159;30.1166873412373;0.273544470439256;8.95150069806886
20592437099.9526;23.635013673901;-0.0248694819393516;-13.9530570587344;-15.9986782646766;30.7262425744171;0.276622975758069;9.06461715551958
20860584594.0745;23.6350331452542;-0.0248693080712781;-13.1389776071548;-15.1881539009295;31.4704425977278;0.281013094281053;9.15481767475362
21123499867.8642;23.6356171796237;-0.0248641210580062;-11.6533774113204;-13.7048984575104;32.6897289001426;0.29032890274316;9.22670048680977
21374552392.9648;23.6601540071427;-0.0246468692442239;-10.0099461838314;-12.0628011829365;33.8967864024083;0.300125936069363;9.21150008870105
21614828771.4184;23.7201231848347;-0.0241132862744372;-9.60278298370048;-11.6535091175778;33.5910276643329;0.298880207952465;8.80362781970877
21843822874.0871;23.7843254777543;-0.023543769790748;-9.55227375927917;-11.6043179994958;33.0556806267972;0.293225586508535;8.42066416720138
22063248230.7066;23.8556332288901;-0.022922000409221;-9.48815007273723;-11.5476574810701;32.7365146741996;0.285446703312189;8.17531589636908
22271895876.3513;23.9288118714901;-0.0222983036883332;-9.45502913910625;-11.5244400278126;32.6496236357883;0.278270578359284;8.10066077500339
22473876352.8815;24.0046982049404;-0.021662545618554;-9.4251458226767;-11.5020175110389;32.5814884492556;0.27296014005738;8.04016681505675
22668641422.9297;24.0875046464933;-0.0209797552968625;-9.37144694932981;-11.4552237148879;32.5655927448907;0.268523452153805;8.00267270694012
22853000605.3113;24.16869206017;-0.0203213988221104;-9.35617606674565;-11.4472036623085;32.5289680779547;0.263780502189791;7.9705418118098
23027591071.9819;24.2534574438016;-0.0196432742891014;-9.31380199393192;-11.4107110693706;32.5016003103474;0.260013363807699;7.93104964071543
23192841232.5379;24.3395705356797;-0.0189655403585974;-9.28307270732405;-11.3870826611351;32.4842996503601;0.255660453033994;7.90410315161816
23349773393.8722;24.4254101735276;-0.0183007160949487;-9.26202407937039;-11.3730050948488;32.455503462289;0.251366463461721;7.87431719781271
23497373992.4296;24.5125002373087;-0.0176360036342444;-9.22911951005298;-11.3464542985258;32.4360232039562;0.247567034208988;7.84483032418039
23634131685.7168;24.598834745913;-0.0169873999030083;-9.19976734542622;-11.3239723241561;32.4177405996594;0.243544184719491;7.81791899863913
23760894477.0155;24.6841778796795;-0.0163563341295304;-9.17182320778691;-11.3029171673352;32.3929110772728;0.239527851650195;7.78733785102819
23879375707.1593;24.7677377265188;-0.0157477485083079;-9.15165191937389;-11.2893278673809;32.3704858220759;0.235761708146445;7.76225099111536
23992402163.6213;24.8471564955414;-0.0151777143394249;-9.15325696078351;-11.2972792232205;32.3586850385025;0.232256887875248;7.75515231381178
24098890184.961;24.9225933627229;-0.0146434029167044;-9.14971711317529;-11.2995062986577;32.3619485965041;0.229216289629328;7.75554852714512
24194344408.5746;25.0005984805621;-0.0140980071577238;-9.08767205235314;-11.2430833930853;32.3631951604001;0.22627681204128;7.72534518042566
24265673407.7508;25.0831928696648;-0.0135298597943569;-8.93631558510849;-11.0988051348735;32.3324850719091;0.222407555092588;7.62913087923469
24303976102.0361;25.1563326132201;-0.0130413136977559;-8.71907589088476;-10.894323776457;32.2752599500536;0.21558664959578;7.48224661079619
24315206429.3899;25.187300883457;-0.0128421305758389;-8.55947546764401;-10.7511398806867;32.2503714763719;0.207429398688076;7.38578226166736
24316838706.1747;25.1923505725373;-0.0128104177529601;-8.50952916533319;-10.7115589019265;32.2555330364921;0.202569700783234;7.36423728501124
24316929885.5959;25.1926397546144;-0.0128086219183782;-8.49872545832175;-10.7056305007466;32.2615726740762;0.200345915113388;7.36286152480177
24316937202.9671;25.1926634217015;-0.0128084765425432;-8.49021027984497;-10.7018628660569;32.2677849624421;0.198205895374981;7.36274582759568
24316937833.0484;25.1926655008618;-0.0128084639174705;-8.48150860947236;-10.698162693765;32.2742948107175;0.195975904463554;7.3627354299105
24316937894.4974;25.1926657080024;-0.0128084626751518;-8.47224953856253;-10.6942818095101;32.2812364440616;0.193605588788341;7.36273437074355
24316937903.0843;25.192665737656;-0.0128084624998055;-8.46175551689655;-10.6899368462157;32.2891052180112;0.190930223475513;7.36273421539916
24316937906.3289;25.1926657492068;-0.0128084624327201;-8.44855013456227;-10.6845333473875;32.2990067968507;0.187588389571308;7.36273415323779
24316937908.3649;25.1926657567137;-0.0128084623900175;-8.43333158888576;-10.678337902262;32.3104171471993;0.183796083030822;7.36273411161459
24316937909.8365;25.1926657623571;-0.0128084623586605;-8.41624208386573;-10.6714473632521;32.3232294074859;0.179601295568089;7.36273407933273
24316937910.9891;25.1926657669776;-0.0128084623336662;-8.39696375642104;-10.6638157074064;32.3376816965262;0.174927033381861;7.36273405203419
24316937911.9444;25.1926657710034;-0.0128084623125463;-8.37529820570771;-10.6554504639207;32.3539224642229;0.169736280926241;7.36273402744317
24316937912.7685;25.1926657746758;-0.012808462293941;-8.35104651202297;-10.6463592679259;32.3721004351834;0.164005390738722;7.36273400423309
24316937913.4935;25.1926657781131;-0.0128084622772032;-8.32414372999387;-10.6366725743075;32.3922639422888;0.157729329889159;7.36273398174459
24316937914.1568;25.1926657814861;-0.0128084622615212;-8.29367925432238;-10.6262916354877;32.4150950353864;0.15070751818876;7.36273395891456
24316937914.7706;25.1926657848644;-0.0128084622466417;-8.25931659094346;-10.6154212277135;32.4408452743724;0.142885291394101;7.36273393525563
24316937915.3155;25.1926657881269;-0.0128084622331109;-8.22275009536496;-10.6049761122273;32.4682444871265;0.134658195603223;7.36273391158851
24316937915.834;25.1926657915403;-0.012808462219931;-8.18154554825357;-10.5948193154238;32.4991160660362;0.125486724033173;7.36273388604555
24316937916.3172;25.1926657950711;-0.0128084622073919;-8.13633457747947;-10.5859409135854;32.5329859489405;0.115536069662103;7.3627338587934
24316937916.7628;25.1926657987125;-0.0128084621956602;-8.0876023090125;-10.5795205362189;32.5694899880663;0.104928322718299;7.36273382984106
24316937917.1919;25.192665802691;-0.0128084621842969;-8.03286622717052;-10.577083034309;32.6104867960332;0.0931409095603507;7.36273379740569
24316937917.606;25.1926658071158;-0.0128084621734567;-7.97119380213533;-10.5820412509605;32.6566733507636;0.0800063565667819;7.36273376050255
24316937917.9974;25.1926658120078;-0.012808462163635;-7.90311609113101;-10.600418260913;32.7076503379492;0.0656670000769249;7.36273371881444
24316937918.3757;25.1926658176528;-0.0128084621550836;-7.82619169039011;-10.6458159141044;32.7652439249702;0.0496351320647994;7.36273366990348
24316937918.7411;25.1926658243165;-0.0128084621486574;-7.7390628916967;-10.7548273105952;32.8304679241847;0.0316601270818678;7.36273361140895
24316937919.0935;25.1926658323873;-0.0128084621458465;-7.64015395022154;-11.0982242836046;32.9044984887116;0.0114600085735373;7.36273353992734
24316937919.4368;25.1926658426099;-0.0128084621494395;-7.52614159020872;-10.9802478159981;32.9898183386245;-0.0115950786354756;7.36273344914213
24316937919.769;25.1926658559942;-0.0128084621647713;-7.39477289337663;-10.3357762153232;33.0881071545602;-0.0379025650332075;7.36273333056305
24316937920.094;25.1926658746713;-0.0128084622032989;-7.24053971202881;-9.92607665193687;33.2034773353927;-0.0684930694283146;7.36273316694432
24316937920.4098;25.1926659022336;-0.0128084622894305;-7.05915872776617;-9.56431200238123;33.3391204094095;-0.104183960520136;7.36273292991121
24316937920.7204;25.1926659470185;-0.0128084624857336;-6.84096857195762;-9.19917325426329;33.5022427936326;-0.146848393364852;7.36273255685516
24316937921.0247;25.1926660279966;-0.0128084629627233;-6.57496525353413;-8.80482333432737;33.7010424992631;-0.19851130968185;7.36273191270138
24316937921.3228;25.192666198153;-0.0128084642776891;-6.24359071755944;-8.35552461490152;33.948596471937;-0.262354142947975;7.36273064656526
24316937921.6159;25.1926666459398;-0.0128084687712342;-5.81593095053285;-7.81441311201208;34.2679219447294;-0.34387896229194;7.36272763145224
24316937921.9057;25.1926683452148;-0.0128084909917732;-5.23185567533812;-7.11536476541725;34.7037641805191;-0.453803136765241;7.36271787919659
24316937922.1915;25.1926808604216;-0.0128087098048094;-4.35852705652321;-6.11589189600522;35.3548156069175;-0.618135572395721;7.36266372037443
24316937922.4713;25.1931819382811;-0.0128205408698214;-2.74690169177989;-4.37378306446851;36.5543815674668;-0.863093941639088;7.36150324273136
24316937922.7487;25.2313504878456;-0.0139102683276014;-0.861527718043088;-2.40591548084696;37.7553111355197;-1.07792933425158;7.22465179473009
24316937923.0218;25.326307548703;-0.0167024439268937;-0.458736642726353;-1.99032117896132;36.9729408677165;-1.08717500723828;6.50091206386647
24316937923.2948;25.47644004725;-0.0206514877082252;-0.259704246567267;-1.83968701027957;35.1286457342258;-0.924014196299021;5.16659809240844
24316937923.5658;25.6721986488091;-0.0244738526208816;-0.141187153032757;-1.8505758610934;32.4049708062772;-0.632736556243785;3.28356931950701
24316937923.8321;25.8924886078766;-0.0267899253510973;-0.0824514404533017;-2.06069394953006;29.0711006157736;-0.305646174971263;1.02366262411736
24316937924.0957;26.097297020543;-0.0275808284836803;-0.109646895209823;-2.5228713911833;25.9960710705625;-0.100388327690629;-1.01823450389417
24316937924.3582;26.2557792326091;-0.0279100088834344;-0.21913742297467;-2.90168397904937;25.6503732657856;-0.0532779042859041;-1.19455639080764
24316937924.6189;26.392129199706;-0.0282014381174713;-0.281397393358706;-2.95151931598857;25.6964733053335;-0.0549226647594163;-1.1326226591066
24316937924.877;26.5124627741338;-0.0284901893930858;-0.331341061663845;-2.95120396749784;25.7350690664448;-0.0617536215997668;-1.08185308846565
24316937925.1343;26.621040515396;-0.0287898234440403;-0.374752736290875;-2.93390237325499;25.7680177021833;-0.0711101137251681;-1.03811692147312
24316937925.389;26.7192837648084;-0.0290979621800034;-0.413693203146768;-2.91724962486021;25.7971532627397;-0.0809124519533572;-0.999160916194462
24316937925.6419;26.8091394547903;-0.0294110201700658;-0.449500071980658;-2.90742086276898;25.8237104517515;-0.0899700274029088;-0.963493733240882
24316937925.8947;26.8922745678216;-0.0297247967776825;-0.483025322860632;-2.90618925111612;25.8484538693317;-0.0975597418650526;-0.930180842267588
24316937926.1496;26.9701538978346;-0.0300355989891507;-0.514879343123789;-2.91381744950259;25.8719181861516;-0.103250109956461;-0.898561797073515
24316937926.4022;27.0422088550585;-0.0303325440532743;-0.54472636053821;-2.92971411447999;25.8939114010722;-0.106711175436748;-0.868934480210657
24316937926.6515;27.1089212804321;-0.0306104240322802;-0.572638476601591;-2.95298794920839;25.9145212221724;-0.10794280934683;-0.84120481443575
24316937926.8988;27.1711958353307;-0.0308675564623624;-0.598871872411186;-2.98302565032306;25.9339554378212;-0.107081632204836;-0.815105700755571
24316937927.1459;27.2299654096245;-0.0311037380460216;-0.623714954857264;-3.01962146937119;25.952435357567;-0.104296948824538;-0.790344471591968
24316937927.3923;27.285485746205;-0.0313171260098766;-0.647179996130348;-3.06246216699974;25.9699715422799;-0.0998135042057111;-0.766906947235557
24316937927.638;27.3381021373031;-0.0315072296051192;-0.669332774279198;-3.11146350092873;25.9866111460263;-0.0938899096637638;-0.744727530347626
24316937927.8828;27.3880548358382;-0.0316739845363039;-0.690212858673438;-3.16669312774758;26.0023768067072;-0.0868026089119633;-0.723770049562125
24316937928.1264;27.4355667551956;-0.0318179015223921;-0.709866014452919;-3.22855653415817;26.017295976379;-0.0788082416733719;-0.703992139512366
24316937928.3659;27.480353411343;-0.0319387108508086;-0.728139668631987;-3.29718783700292;26.0312456667526;-0.0702177295060887;-0.685551157648004
24316937928.5995;27.5223811564365;-0.0320375686516267;-0.74500171855841;-3.37352686311425;26.0441976516312;-0.0612612477350488;-0.668481271370404
24316937928.8268;27.5618293639353;-0.0321163998507309;-0.760511434646616;-3.45984057589645;26.0561982585734;-0.0520693203330226;-0.652721474731248
24316937929.0473;27.5988694131062;-0.0321771082339097;-0.774723875609581;-3.56014676350691;26.0672956586256;-0.0427241164280236;-0.638211803831291
24316937929.2605;27.6336366704011;-0.0322214868577151;-0.787678146322926;-3.68167474741181;26.0775283218262;-0.0332866296973895;-0.624906846274168
24316937929.4658;27.6662162176234;-0.0322512339734469;-0.799394167210731;-3.83889434848174;26.0869198611765;-0.0238189505489841;-0.612780764871018
24316937929.6622;27.6966481106996;-0.0322680197618818;-0.809879303411297;-4.06826652771774;26.095482954344;-0.0143938878492078;-0.601821361454838
24316937929.8487;27.7249292959259;-0.0322735572240094;-0.819146975280209;-4.52733381251209;26.1032173251527;-0.00511101554586452;-0.592022130742264
24316937930.0242;27.7510519477783;-0.0322696466722438;-0.827247850652138;-4.65202707388665;26.1101253296208;0.00390867654957348;-0.583356279060471
24316937930.189;27.7751851339418;-0.0322580046684028;-0.834319108577974;-4.15090603340161;26.1162651957643;0.0125986538893207;-0.575716514966995
24316937930.3452;27.7977329723219;-0.0322398871752856;-0.840577253338202;-3.93558406153066;26.1217600189101;0.0209891874942888;-0.568912543064368
24316937930.4969;27.8193485989653;-0.032215707323264;-0.846302435991044;-3.79761662767548;26.1267848136281;0.0292261612868065;-0.562687436502095
24316937930.6526;27.8412456446302;-0.032184119275522;-0.851904995249004;-3.69276773358168;26.1316187917343;0.0376967210372408;-0.556649201902028
24316937930.8207;27.8645667530807;-0.0321423785665207;-0.857765239078083;-3.60495460598734;26.1364943226944;0.0467797577526561;-0.550451834336488
24316937931.0054;27.8898239212311;-0.0320876871611277;-0.864127114702395;-3.52859268679311;26.1415083474106;0.0566063393210975;-0.543907982860486
24316937931.2003;27.9160593671684;-0.0320207328098665;-0.870899029547611;-3.46400867366947;26.1465147178188;0.0667273937273407;-0.537161299181064
24316937931.4023;27.9427948070099;-0.0319421338072797;-0.878123866337821;-3.40979416476146;26.1515179374264;0.0768823418727825;-0.530187615348739
24316937931.6106;27.9698890486391;-0.0318520686011775;-0.885934774284721;-3.36425472667124;26.1566102424361;0.0869483827842949;-0.52285897489435
24316937931.8258;27.9973266032958;-0.0317504861827409;-0.894501569528829;-3.32602842411108;26.1619185306753;0.0968596140775686;-0.515005914488077
24316937932.0443;28.024588219588;-0.0316396495797033;-0.903812909924227;-3.29468130383212;26.1674699396015;0.106388170353357;-0.506616703475618
24316937932.2654;28.0515505127436;-0.0315206870358958;-0.913936517845601;-3.26928310198227;26.1733521214254;0.115481592398548;-0.49759934692954
24316937932.4897;28.0782063773615;-0.0313942755776802;-0.924955989552963;-3.2489623224044;26.1796622195578;0.124153139438953;-0.487847400841518
24316937932.7176;28.1045606739369;-0.0312609887382313;-0.936939290162357;-3.23300344916328;26.1864852587046;0.132438133813068;-0.477270234987055
24316937932.9467;28.1302756953278;-0.0311232682737252;-0.949757270044174;-3.22094568113444;26.193790485428;0.140284580673676;-0.465953399472793
24316937933.1766;28.1552938061818;-0.0309821983360369;-0.963357194767616;-3.21217723278154;26.2015859680479;0.147743213762744;-0.453917943625153
24316937933.4081;28.1796591461269;-0.0308382017536272;-0.977718860638817;-3.20613915092626;26.2098927892051;0.154897694654567;-0.441159777136741
24316937933.6413;28.2033736896548;-0.0306918428880179;-0.992784949261996;-3.20238068404371;26.218704498758;0.161813776582374;-0.427711767084351
24316937933.8758;28.2263671994011;-0.0305440989861569;-1.00843323379104;-3.20052893675823;26.2279691805969;0.168526795056541;-0.413669690200365
24316937934.1104;28.2485467432899;-0.0303961201224006;-1.02450261525806;-3.20025553781235;26.2376033226273;0.175053677696297;-0.399169923058588
24316937934.3457;28.2699595163804;-0.0302481007818174;-1.04092448710434;-3.20127893682002;26.2475712808482;0.181440683860781;-0.384270465889582
24316937934.582;28.2906502402093;-0.0301001793168003;-1.05763455998791;-3.20337904452111;26.2578347246516;0.187721677248562;-0.369028982293279
24316937934.8192;28.3106275502787;-0.0299527092488735;-1.07454584658646;-3.20637897667659;26.268336612255;0.193909659062844;-0.35352706551821
24316937935.0567;28.3298670244823;-0.0298062855304025;-1.09154574475756;-3.21012751208328;26.2789999873959;0.199998651477213;-0.337872507930168
24316937935.2942;28.3483642711373;-0.0296613583621056;-1.10854117961643;-3.21449846070221;26.2897575311629;0.205982013715462;-0.322156905236023
24316937935.5322;28.3661928284175;-0.0295177339562151;-1.12552150714296;-3.2194094626083;26.3005912907399;0.211873946912206;-0.306397546997852
24316937935.772;28.3834595011252;-0.0293748766701175;-1.14255670310075;-3.22486296462503;26.3114997084043;0.217690432032939;-0.290560440105377
24316937936.0181;28.4004878793282;-0.0292302838381912;-1.16002826497136;-3.23105478864217;26.3226290729501;0.223512975576906;-0.274356674259718
24316937936.2732;28.4174057203568;-0.0290829419753976;-1.17823603914325;-3.2382548226715;26.3340198299963;0.229349804743354;-0.257609255645831
24316937936.5386;28.4342510483838;-0.0289325748399305;-1.19751496048071;-3.24684150646181;26.3456758139266;0.235170475619471;-0.240148330196398
24316937936.8165;28.4510588421226;-0.028778928168099;-1.21831334295019;-3.25730089546015;26.357647184114;0.24094564879186;-0.221716414550698
24316937937.1102;28.4679104783992;-0.028621302188175;-1.24133128658527;-3.2703455638899;26.3700652586797;0.246658977730746;-0.201875845401297
24316937937.426;28.4849617986629;-0.028458226078873;-1.26764322739452;-3.28701089750606;26.3832110142091;0.25232482508972;-0.179901618092304
24316937937.7736;28.5024218978449;-0.0282876009898759;-1.29896988478707;-3.30897370026141;26.3975146284774;0.257964072015202;-0.154645854088332
24316937938.1785;28.520961820493;-0.0281024934090572;-1.33927625000092;-3.33995996282696;26.4140547834795;0.263725036688482;-0.12340441623741
24316937938.6957;28.5416594502372;-0.0278912356190953;-1.39777353105844;-3.38888141255174;26.4350540265366;0.269818871058633;-0.0800853290630928
24316937939.5426;28.5676600646799;-0.0276192436149893;-1.51280009601031;-3.49322757025055;26.4686380615582;0.276887991558165;-8.59909682614037e-05
24316937941.2987;28.5940973124859;-0.027337505001508;-1.82233481387432;-3.79470468274824;26.5263965953137;0.282688661553044;0.193310788192884
24316937948.1764;28.6023895784547;-0.0272494815127436;-2.91877487341631;-4.89284951915806;26.5973238107514;0.282334073997306;0.788915740584578
24316937994.626;28.6034116838588;-0.027238671298776;-4.65748576093378;-6.63314715540911;26.6550938591169;0.281915413773332;1.69686538305529
24316938376.7382;28.6035540666692;-0.0272371688697034;-6.42873335369942;-8.40539693581557;26.7291815837129;0.282047386125051;2.63198918516611
24316941520.1116;28.6035751794445;-0.0272369465777386;-8.17285065527434;-10.1504722167822;26.8015627642075;0.282188009679983;3.55240771618246
24316963778.5918;28.6035789056465;-0.0272369074600989;-9.77622911300311;-11.7551228648239;26.8882013614556;0.282272129742318;4.41198191834946
24317057085.0343;28.6035798895777;-0.0272368971644961;-10.9769469016427;-12.9572598516209;26.9834767134275;0.282348156225427;5.07599579872411
24317377368.5644;28.6035802350696;-0.0272368935622094;-11.9670967203011;-13.9489563325891;27.0909280723151;0.282464758373308;5.64286087500609
24318316733.2649;28.6035803840764;-0.0272368920145948;-12.7996282360502;-14.783171402407;27.2112082838058;0.282621150646252;6.13948816475791
24320826577.4999;28.6035804606383;-0.0272368912228504;-13.5156341264831;-15.5010617957392;27.3493590329664;0.282826098944831;6.58979248504762
24327418201.7346;28.6035805074413;-0.0272368907413504;-14.1487187032192;-16.1363961634439;27.5200386353401;0.28312067108466;7.02036966719506
24348221252.8786;28.6035805440467;-0.0272368903675921;-14.7545820250196;-16.7455361976255;27.7774909002364;0.283621298742499;7.49531147227776
24416764729.9947;28.6035805848752;-0.0272368899554876;-15.2250027740125;-17.2209587912054;28.1796975179809;0.284433214763067;7.99924629831346
24542747802.6529;28.6035806415043;-0.0272368893904148;-15.3472722855926;-17.3482077909708;28.6187754899305;0.285571946857181;8.35374207902713
24721539522.2459;28.6035807422803;-0.0272368883960965;-15.2489902973554;-17.2548219507625;29.0714188202097;0.286836605607587;8.60702636207345
24947095475.4408;28.6035809777098;-0.0272368860975264;-14.9813934822632;-16.9917965370488;29.5596700156157;0.288600132927598;8.7994467959436
25197237057.3971;28.6035816554342;-0.0272368795475072;-14.5671327423528;-16.5819433233819;30.0869658993752;0.290782196492795;8.94462447207669
25461408338.7225;28.6035843262904;-0.0272368539625329;-13.99523509406;-16.0139006172979;30.6855009030638;0.293946094115233;9.05858603527174
25730435212.6909;28.603601468723;-0.0272366910944554;-13.1957232146991;-15.2179596952047;31.4209204311247;0.298526179138576;9.15020423228493
25995486693.1678;28.604076469493;-0.0272322037112455;-11.7466359207981;-13.7713370757271;32.6151836848598;0.308119137738434;9.22362629975778
26249015592.8083;28.6262258370345;-0.0270236856717698;-10.0586661417308;-12.0848838385568;33.8720825776613;0.318877739457378;9.21946194357163
26489482572.1637;28.685889459756;-0.0264594617074503;-9.60534582819619;-11.6296039199658;33.6210552030725;0.31794591387482;8.82508056473289
26718927306.4912;28.7492908409349;-0.0258613760894259;-9.55857937629434;-11.5839147360502;33.0719474298937;0.311978315773213;8.43479227649922
26938661480.2626;28.820883742165;-0.0251972548179865;-9.48702764293996;-11.5196502143846;32.7467864197795;0.30377086357734;8.1817201134959
27150139737.5827;28.8944901865077;-0.0245299609999235;-9.45834988389249;-11.5009486214752;32.6507500142383;0.296001849215391;8.10317046863594
27352880416.1691;28.9706830401477;-0.023850879506769;-9.4250266563269;-11.4750190008687;32.5826069514643;0.29039790902205;8.04094786239957
27547145611.5961;29.0529528844558;-0.0231292181308148;-9.3731543238988;-11.4300615372831;32.5672219104759;0.285675831437074;8.00470503010135
27732654112.9819;29.1343742272883;-0.0224265528618176;-9.35762555636923;-11.421615329058;32.5288503645415;0.280723611235113;7.971275325838
27906813835.8178;29.2188883390085;-0.0217068685157683;-9.31401849367763;-11.3838056684889;32.5030036513941;0.276781030426648;7.93218069986857
28072805154.3777;29.3050786247123;-0.0209847227589927;-9.28462705447139;-11.3614605110468;32.4849241329197;0.272175105700047;7.90537992207453
28229914169.1742;29.3908349939193;-0.0202773038478494;-9.26293471986768;-11.3465244397915;32.455768328985;0.267733166689904;7.87502967312433
28378165205.1022;29.4781897719195;-0.0195670099770834;-9.22971107239516;-11.3195596696547;32.4368163602077;0.263748273137107;7.84573400901555
28515582646.0615;29.5647221415035;-0.0188742745318597;-9.20086326017469;-11.2974744469112;32.4182253052538;0.259524312672146;7.81886643049576
28642974135.5228;29.6503437778004;-0.018199337019229;-9.17255689212602;-11.2758768487686;32.3933255839523;0.255349833769323;7.78805519333999
28761596541.5259;29.7339641890294;-0.0175498201695367;-9.15185442953057;-11.2615763065531;32.370979931008;0.251439769276737;7.76275402860507
28874859629.3046;29.8135596008236;-0.0169403333414909;-9.15320036324475;-11.2691240729101;32.3587330996531;0.247780885253655;7.75522590608196
28981619727.2834;29.8890883124196;-0.0163694436802062;-9.15029688732541;-11.2718567856098;32.3617156085879;0.244608553118116;7.75575089787352
29077217179.6316;29.9667453221373;-0.0157897827590213;-9.09026565510585;-11.2172722959092;32.3634040274068;0.24157253362441;7.72684827637886
29149255610.1967;30.0492119525434;-0.0151836538441392;-8.94128599306277;-11.0749992405113;32.3336841263408;0.237652257369134;7.63248255956645
29188203689.982;30.1222488732164;-0.0146610341683362;-8.72694359647081;-10.8723002947912;32.2768514819218;0.230958774028274;7.48730776446319
29200186070.339;30.1550948501049;-0.0144341978550411;-8.56206091832833;-10.7228305210835;32.2497063392727;0.222718432631044;7.3866916447237
29202008843.6418;30.1607535865049;-0.0143960121357913;-8.50801319533834;-10.6788316838742;32.2543386929889;0.217655503783883;7.36273993675985
29202112595.3626;30.1610841389497;-0.0143938051255711;-8.4967549348325;-10.6721909641818;32.260425600777;0.215394229028947;7.361167616763
29202120800.5232;30.1611108001292;-0.0143936289184668;-8.48820772869167;-10.668063672385;32.2666408150868;0.213254306886657;7.36103718844581
29202121499.6823;30.1611131177679;-0.0143936137634764;-8.47953030542493;-10.6640203813575;32.2731317094843;0.211033321495664;7.36102558888456
29202121567.7875;30.1611133483746;-0.0143936122727167;-8.47030842253997;-10.6597726192477;32.2800463718675;0.208674774675739;7.36102440892172
29202121577.0176;30.1611133803863;-0.0143936120684554;-8.45989676316369;-10.6550200538193;32.2878546004242;0.206023090762425;7.36102424115131
29202121580.3634;30.1611133923467;-0.0143936119933924;-8.44675639990258;-10.6490749798238;32.2977089784589;0.202699714523062;7.36102417677132
29202121582.4331;30.1611134000079;-0.0143936119462225;-8.43160525122472;-10.6422357040764;32.3090705587801;0.198927127697696;7.36102413428562
29202121583.9302;30.1611134057722;-0.0143936119114943;-8.41448832258834;-10.6345540930449;32.3219053387508;0.194729246586622;7.36102410131191
29202121585.0885;30.1611134104334;-0.0143936118840928;-8.39534621968456;-10.6260721114758;32.336257672078;0.190092010969236;7.36102407376949
29202121586.0547;30.1611134145203;-0.0143936118607354;-8.37365154664013;-10.6166221167695;32.3525226904147;0.184900284902988;7.36102404880943
29202121586.881;30.1611134182151;-0.0143936118402807;-8.34953703319315;-10.6063285379294;32.3706004909895;0.179208766724204;7.36102402545911
29202121587.6088;30.1611134216771;-0.0143936118217936;-8.322733109773;-10.5951991438238;32.3906928215244;0.172963395875897;7.36102400281436
29202121588.2801;30.1611134251031;-0.0143936118042579;-8.2920875059223;-10.5829435225811;32.413662944608;0.165909821133113;7.36102397963778
29202121588.8939;30.161113428493;-0.0143936117877327;-8.25788214985814;-10.5699224503967;32.4392989167205;0.158136149217663;7.36102395589794
29202121589.441;30.1611134317796;-0.0143936117725554;-8.22132359814545;-10.5568848925687;32.4666959932276;0.14992594676091;7.36102393206208
29202121589.9631;30.1611134352291;-0.0143936117576167;-8.1799740404397;-10.5434075870458;32.4976804800306;0.140740411902954;7.36102390625888
29202121590.4423;30.1611134387384;-0.0143936117434926;-8.13530472900931;-10.5305659193088;32.531149141594;0.130929712554975;7.36102387916382
29202121590.8872;30.1611134423804;-0.0143936117300272;-8.08686355320385;-10.5189894416432;32.5674400556036;0.120408662979657;7.36102385021266
29202121591.3179;30.1611134463802;-0.014393611716699;-8.03216316939568;-10.5094340388833;32.6084156383535;0.108657279833312;7.36102381762043
29202121591.7349;30.1611134508453;-0.0143936117036386;-7.97028927668349;-10.5041641409567;32.6547592296299;0.0955150091647926;7.36102378040618
29202121592.1281;30.1611134557714;-0.0143936116914092;-7.90210242222245;-10.5071976458477;32.7058246427249;0.0811951110738187;7.36102373844714
29202121592.5103;30.1611134614959;-0.0143936116800379;-7.82453863450876;-10.5264649823289;32.7639044505335;0.0650832606630617;7.36102368889125
29202121592.8788;30.1611134682532;-0.014393611670358;-7.73670475780774;-10.5806039376816;32.8296646277444;0.047029164825657;7.36102362962001
29202121593.232;30.1611134763896;-0.0143936116637163;-7.6375469981167;-10.7256994377288;32.9038907507385;0.0268593077252714;7.36102355756706
29202121593.5773;30.1611134867533;-0.0143936116625404;-7.52272830370199;-11.4678968085163;32.9898246970212;0.00374292825834229;7.36102346559514
29202121593.9102;30.1611135002913;-0.0143936116717669;-7.39079466609561;-10.5573140843832;33.0885483581303;-0.0225506101047278;7.36102334570403
29202121594.2355;30.1611135191779;-0.01439361170196;-7.23604796518402;-10.0322926180533;33.2043168752582;-0.0530823201398164;7.36102318030639
29202121594.5525;30.1611135472138;-0.0143936117766442;-7.05340297577482;-9.62788961262349;33.3409219662787;-0.0888159505572297;7.36102293949931
29202121594.8639;30.1611135928897;-0.0143936119559265;-6.83365997906401;-9.23980989609789;33.5052254584009;-0.131511165796189;7.36102255961652
29202121595.1674;30.161113675103;-0.0143936124020763;-6.56716374401718;-8.83262502114739;33.7044184080922;-0.182904992672357;7.36102190591525
29202121595.4658;30.1611138492391;-0.0143936136668519;-6.23386128657875;-8.37273664482885;33.9534445934204;-0.246608750067985;7.36102061280756
29202121595.7579;30.161114306881;-0.0143936180409696;-5.80512906114046;-7.82476436140999;34.2736138801138;-0.327585446632383;7.36101753467334
29202121596.0473;30.1611160568613;-0.0143936400609855;-5.21836532425442;-7.11858085630707;34.7115262635573;-0.436775407868086;7.36100751830326
29202121596.3327;30.1611291496159;-0.0143938620878238;-4.3385280087288;-6.10915356316905;35.3675434751294;-0.599762546255677;7.36095121478815
29202121596.6125;30.161680212562;-0.0144065771154018;-2.70558793053087;-4.34247183372501;36.5830466465564;-0.844104018137949;7.35969371487975
29202121596.8901;30.200982398527;-0.0155097304273194;-0.848971873885672;-2.40075270696487;37.7516619910307;-1.05963243349668;7.21558736875949
29202121597.1632;30.2969529833996;-0.0182918994487606;-0.454265285595819;-1.99201991654751;36.946608439111;-1.07107515894659;6.48077233899311
29202121597.4362;30.4479052707997;-0.0222083116744868;-0.257217878035029;-1.84316917874695;35.0862500853209;-0.910302329005163;5.13679454533776
29202121597.7074;30.6444843068624;-0.0259842667627741;-0.139749717981749;-1.85626009902889;32.3467125140473;-0.621326343607789;3.2437802055161
29202121597.9732;30.864526162006;-0.0282311389389509;-0.0821626340159872;-2.07308956553713;29.01166467943;-0.296241376942875;0.983737677730447
29202121598.2365;31.068103989124;-0.0289406702727722;-0.111685681072167;-2.56944457647341;25.9719587092882;-0.0905202632615955;-1.03335580504492
29202121598.499;31.2261588605616;-0.0291997359347738;-0.220366860483178;-3.00576489332995;25.6512231276096;-0.0420445826203537;-1.19339402714663
29202121598.7599;31.3623060196102;-0.0294302026635644;-0.282450448550085;-3.05385079444405;25.6973401115433;-0.0434998567396463;-1.13153782732872
29202121599.018;31.4823723102043;-0.0296647149929238;-0.332261845107592;-3.04151725812308;25.7358101681296;-0.0502669380441247;-1.08092044277117
29202121599.2753;31.5907517746329;-0.0299154413130038;-0.375591602187161;-3.01133867618434;25.7686872250239;-0.0596135822896666;-1.03727580565885
29202121599.5302;31.6888808250856;-0.030179580902943;-0.414490952317157;-2.98445504943561;25.7977906999529;-0.0694413919770397;-0.998364612205393
29202121599.7831;31.7785653044876;-0.0304523212505065;-0.450236663172061;-2.96720456507167;25.8243041300941;-0.0785345438919995;-0.962759806425945
29202121600.0351;31.8613179246858;-0.0307281252329012;-0.483610319369349;-2.9607915403519;25.8489384094472;-0.0861512316701416;-0.929597765599139
29202121600.2888;31.9387724614831;-0.0310031957221275;-0.515287105094941;-2.96488996629792;25.8722751080298;-0.0918822791488932;-0.898154141115951
29202121600.5413;32.0107449581327;-0.0312684042993908;-0.545099013435918;-2.97867801587198;25.8942449602665;-0.095416668656847;-0.868560789015845
29202121600.7908;32.0774317044207;-0.0315172976784695;-0.57299829809221;-3.00102448246717;25.9148470642594;-0.0967213758829148;-0.840842846538854
29202121601.0376;32.1395606531897;-0.0317471141716982;-0.599164317279334;-3.03107712916684;25.9342322659444;-0.0959313561878804;-0.81480972830899
29202121601.2846;32.1982713114217;-0.0319579855419792;-0.623976194020352;-3.06867552332823;25.9526890429204;-0.093214405454794;-0.790078594517363
29202121601.5309;32.2537291379188;-0.0321476010676841;-0.647406935799167;-3.11349588604945;25.9701989307688;-0.0887945531579711;-0.766674365552526
29202121601.777;32.3064104248661;-0.0323156860395878;-0.669578827414928;-3.16570631729196;25.9868516809835;-0.0829136774702654;-0.744474844322165
29202121602.0215;32.3562675340449;-0.0324611838886461;-0.690408043295769;-3.22527856382222;26.0025772426886;-0.075883241549684;-0.723567491407941
29202121602.265;32.4037579444506;-0.0325851795706932;-0.710042263254598;-3.29324162415843;26.0174799109634;-0.0679306651414842;-0.703807775986877
29202121602.5044;32.4485070196364;-0.0326872586411794;-0.72828974387614;-3.37013710141445;26.0314072280603;-0.0593813803359407;-0.685392388166986
29202121602.738;32.4905132077185;-0.0327686450647609;-0.745132342890637;-3.45789365107211;26.0443417233255;-0.0504605612691032;-0.668341399737284
29202121602.9652;32.5299425440075;-0.0328311445209236;-0.760624466315224;-3.56056769464583;26.0563260886576;-0.0413018925350506;-0.652598695399329
29202121603.1857;32.566968501751;-0.0328765799231692;-0.774821501192937;-3.68593342507339;26.0674087956363;-0.0319879154061462;-0.638103967000992
29202121603.3989;32.6017229227887;-0.0329066743718074;-0.787760817333171;-3.85028448446752;26.0776269618295;-0.0225810639848844;-0.62481358770159
29202121603.6041;32.6342918391904;-0.0329230828238177;-0.799463260783262;-4.09719895899394;26.0870049186706;-0.0131428188466667;-0.612700793992463
29202121603.8005;32.6647173453149;-0.0329274495128567;-0.809936723855589;-4.65302226923583;26.0955558007105;-0.00374525166539537;-0.601752837474828
29202121603.987;32.6929908876417;-0.0329214801337372;-0.819193281445221;-4.49464434297766;26.1032782823351;0.00551117233659977;-0.591964611895989
29202121604.1625;32.7191073901729;-0.0329069705573893;-0.827284010286251;-4.08254429490015;26.1101751049133;0.0145060610122621;-0.583308892541075
29202121604.3272;32.7432362492303;-0.0328855602709126;-0.83434671538674;-3.88626102366071;26.1163050992478;0.0231738091119418;-0.575677687572056
29202121604.4834;32.7657792155693;-0.0328583384861921;-0.840596853826778;-3.75869132126597;26.1217904647722;0.031543397876456;-0.568881814249431
29202121604.6351;32.7873899053165;-0.0328254511241789;-0.846314278881621;-3.66395386842856;26.126805923556;0.0397600324055864;-0.56266465046741
29202121604.7907;32.8092765891017;-0.0327850734790723;-0.851908343192361;-3.58594731999726;26.1316297673063;0.0482089330279372;-0.556635209571758
29202121604.9588;32.8325968130494;-0.032733972090599;-0.857761997159651;-3.51706201337484;26.136496437492;0.0572726600215149;-0.550444676708355
29202121605.1434;32.8578421812034;-0.0326691961241279;-0.864114758166582;-3.45488256510169;26.1414991277443;0.0670753090498729;-0.543910396154998
29202121605.3383;32.8840782301105;-0.0325917551088503;-0.87088054743644;-3.40080794116014;26.1464961925197;0.0771766822919738;-0.537170360239007
29202121605.5402;32.910812651329;-0.0325024969724176;-0.878099390667208;-3.35452236181044;26.1514900166011;0.087311905679153;-0.530203320427926
29202121605.7486;32.9379038589011;-0.0324016605620452;-0.885903890739636;-3.31511487754803;26.156572672092;0.09735759799123;-0.522881736896906
29202121605.9637;32.9653393713175;-0.0322891904294208;-0.894464605629655;-3.2817404743488;26.1618717000462;0.107248923772386;-0.515035360482513
29202121606.1822;32.9926045012859;-0.0321675324226393;-0.903772105575939;-3.25423898101649;26.1674155268757;0.116759964808863;-0.506650696485498
29202121606.4033;33.0195681708561;-0.0320378969071279;-0.913891873684659;-3.23194687101867;26.1732904884966;0.12583554312865;-0.497637769284374
29202121606.6276;33.0462247728381;-0.0319009579399558;-0.924907037196114;-3.21418477665424;26.1795934951344;0.134488502946711;-0.487890522899156
29202121606.8554;33.0725774691889;-0.0317572971556868;-0.936885698694509;-3.2003725235935;26.1864096459539;0.142754278228698;-0.477318199066005
29202121607.0845;33.0982970754939;-0.0316094400049762;-0.949701541038574;-3.1901235246661;26.1937097998776;0.150582682005984;-0.466003860825677
29202121607.3145;33.1233197386965;-0.0314585267064066;-0.963299791208744;-3.18290580994132;26.2015008001563;0.158022944289135;-0.45397038688968
29202121607.5459;33.147688013749;-0.0313049725665312;-0.977659390210555;-3.17822264857631;26.2098031573643;0.165158336873066;-0.441214476511046
29202121607.7792;33.1714047725536;-0.0311493356695807;-0.992723072193389;-3.17566584573804;26.2186103798779;0.172054840861332;-0.427768980229925
29202121608.0136;33.1944008755246;-0.0309926121987495;-1.00837012322607;-3.17489032679851;26.2278713968251;0.178748679418301;-0.413728340353629
29202121608.2483;33.2165839956484;-0.0308359822303006;-1.02443965484626;-3.1755874253586;26.2375028081611;0.185257042926164;-0.399228747155094
29202121608.4836;33.2380009365213;-0.0306796230581718;-1.04086108734955;-3.17749516272701;26.2474677518379;0.191625515171224;-0.38432999202107
29202121608.7198;33.2586953384586;-0.0305236619047988;-1.05757138755362;-3.18040782922977;26.257728633692;0.197888571753333;-0.369088606486717
29202121608.957;33.2786761739002;-0.0303684450088971;-1.07448318353257;-3.18415783261859;26.2682281735454;0.204059177097514;-0.353586531734972
29202121609.1946;33.2979189929787;-0.0302145753423554;-1.09148419567202;-3.1885998796946;26.2788896155806;0.210131580291798;-0.337931264742849
29202121609.4321;33.3164193898106;-0.0300625033074278;-1.10848117475916;-3.19361286141709;26.2896455325201;0.216099142628099;-0.322214561833538
29202121609.6701;33.334251472342;-0.0299120005167248;-1.12546348126973;-3.1991209938469;26.300477989261;0.221976055081565;-0.306453694407266
29202121609.9099;33.3515222769467;-0.0297624867201536;-1.14250115672522;-3.20513245791408;26.3113856031827;0.227778337177481;-0.290614514753558
29202121610.1561;33.3685522784699;-0.0296113621241709;-1.15997340445678;-3.211852938439;26.3225132399921;0.233586542738621;-0.274410195302633
29202121610.4111;33.3854707863895;-0.0294575511706904;-1.17817994054928;-3.21955473517601;26.3339014728933;0.239408966421649;-0.257663719849751
29202121610.6765;33.4023155058212;-0.0293007663011053;-1.19745575341471;-3.2286153860314;26.3455543450797;0.245215381525873;-0.240205074457281
29202121610.9542;33.419120330663;-0.0291407508719374;-1.21824694175666;-3.23951907124487;26.3575210695475;0.250976138426468;-0.221778525062003
29202121611.2479;33.4359696331292;-0.0289767455356297;-1.24125605831495;-3.25298000571484;26.3699347283519;0.256675908229009;-0.201944001400865
29202121611.5635;33.4530134189387;-0.0288072790565306;-1.26754653541534;-3.2700287966878;26.383071211265;0.262327057847575;-0.179985409018486
29202121611.9108;33.4704695506629;-0.0286300859269617;-1.29884925211313;-3.29235038388125;26.3973669030387;0.26795352646547;-0.154745618438856
29202121612.3151;33.4889891445494;-0.0284381882255306;-1.33907712100708;-3.32363880713039;26.4138808977661;0.273697310060935;-0.12355962699819
29202121612.831;33.5096486144784;-0.0282195409892339;-1.39737219985178;-3.37274738202605;26.4348223700637;0.279770046039891;-0.0803789208653271
29202121613.6736;33.5355892502325;-0.0279384431642011;-1.51168500833897;-3.47680813861462;26.4682535795951;0.286815195439499;-0.0008370676856426
29202121615.4142;33.5620636562252;-0.0276463762120595;-1.81785671989201;-3.77520052588236;26.5256988673979;0.292632817664672;0.190670333162834
29202121622.183;33.5705027283275;-0.0275536241369352;-2.90422033596485;-4.86319139863726;26.5966856130948;0.292318604715849;0.781276848342759
29202121667.8716;33.5715423420731;-0.027542238840282;-4.64293509924054;-6.60346276130513;26.6544444645533;0.291905295233623;1.68922073519449
29202122043.8008;33.5716868986793;-0.0275406592804237;-6.41506814245417;-8.37656999766342;26.7285330591597;0.292060798898523;2.62478785408457
29202125133.3038;33.5717083320532;-0.0275404255773492;-8.15879808029417;-10.121224194158;26.8007897597729;0.29222776602035;3.54492957067107
29202147114.2878;33.5717121018538;-0.0275403845888897;-9.76572875616045;-11.7293855341738;26.8873875356457;0.292342414013669;4.40625262541836
29202239518.6198;33.5717130945368;-0.0275403738297417;-10.9688817279257;-12.9339144503753;26.9826110609623;0.292449747580887;5.07144946730651
29202557400.4903;33.5717134423428;-0.0275403700730808;-11.9609287070496;-13.9274637651058;27.090036847817;0.292600145469595;5.63924603042052
29203490273.0194;33.5717135921074;-0.0275403684615581;-12.7944130195278;-14.7625858882035;27.2102189754059;0.292791974291381;6.13628416788203
29205980626.3218;33.5717136689674;-0.027540367638004;-13.5105605889118;-15.4805688369025;27.348088120021;0.293034478543543;6.58647114670531
29212521382.8692;33.5717137159059;-0.0275403671375965;-14.1440992243317;-16.1163041307503;27.5183874138185;0.293371603156244;7.01702120726129
29233103611.0004;33.5717137525197;-0.0275403667501251;-14.7498467219097;-16.7252528022462;27.7746470057482;0.293929020750067;7.4911081332259
29301075710.6716;33.5717137932383;-0.0275403663240631;-15.222537978277;-17.2028578156684;28.1757385678872;0.294819001917177;7.99543296868093
29426720362.0319;33.5717138496852;-0.0275403657400851;-15.3475042137189;-17.3327475029766;28.6150105639642;0.296040153904827;8.35140650486388
29604748249.4506;33.5717139496058;-0.0275403647177821;-15.2508328823895;-17.2409084272825;29.0667639364032;0.297386424008979;8.60490129352269
29829998939.0606;33.5717141827751;-0.0275403623569669;-14.9849947983595;-16.9796041338891;29.5545235054907;0.299236541251235;8.79787247950486
30079941545.6926;33.5717148526619;-0.0275403556422808;-14.5718388940084;-16.5708145813664;30.081515737002;0.301525487430504;8.9433997024342
30343990906.6895;33.5717174792211;-0.0275403295461841;-14.002297922535;-16.0051095681438;30.6786413441161;0.304806677232956;9.05759811858239
30613072043.8414;33.5717342464384;-0.0275401643116013;-13.2054222622711;-15.2117823059395;31.4123960678435;0.309557279317046;9.14942267784805
30878083376.6656;33.5721886839862;-0.0275357114442066;-11.7657902386122;-13.7746246841697;32.5998226937034;0.319433744502184;9.22300618232467
31131337312.0685;33.5935989232592;-0.0273266664558111;-10.072934681904;-12.0833164424224;33.8643659285797;0.330644412344429;9.22150885646435
31370532152.3203;33.6527812270367;-0.0267463061898937;-9.60655994026562;-11.6150541360891;33.633184185364;0.329817571665185;8.83386042769435
31600901654.4078;33.7161392619048;-0.0261263912832374;-9.5606232850593;-11.5700929039908;33.0774012814345;0.323639679963453;8.43952575579076
31820596028.4335;33.7877765445152;-0.0254370136986747;-9.48667983200566;-11.5033617775575;32.7504655071368;0.315163222024905;8.18406907427091
32032410488.8964;33.861249854175;-0.024745936016608;-9.45982600243971;-11.4864287379225;32.6511802976867;0.307111549777262;8.10425747511228
32235843851.6968;33.937715195633;-0.0240387990956447;-9.42495754592154;-11.4589186649671;32.583040774702;0.30132175819415;8.0412623592177
32429973360.4112;34.0197969530502;-0.0232916512873031;-9.37384490910997;-11.4146850286247;32.5677660961238;0.296447539952315;8.0054711770095
32615974130.1149;34.1013402163434;-0.0225612426863997;-9.3581266538422;-11.4059488628308;32.5287779335628;0.29137047280193;7.97153300592284
32790350709.045;34.185944706399;-0.0218133961213502;-9.31409474089997;-11.3676756498193;32.5033991740736;0.287308101600772;7.93253709793899
32956588818.1721;34.2721688909001;-0.0210633715466925;-9.28510149481592;-11.3456550970222;32.4850550320496;0.282572572000784;7.90575691680461
33113725523.5957;34.3578883403026;-0.0203290553339996;-9.26319827055629;-11.3303945264138;32.4558150627185;0.278032947747981;7.87524354790028
33261990129.4255;34.4452076858915;-0.0195916007943136;-9.22992701507575;-11.3033022338898;32.4370601978477;0.273946822844842;7.84605439993135
33399456925.6039;34.5316833056407;-0.0188723984508398;-9.2013041278764;-11.2813467172068;32.4183869683876;0.269617956447287;7.81924295711338
33526954075.7305;34.6173163869363;-0.0181709289681868;-9.17285890601303;-11.2594916954882;32.3934913338202;0.265353590732432;7.78836371767304
33645641600.6625;34.700974200132;-0.0174955005198031;-9.15189856531871;-11.2448257245687;32.3711608524277;0.261355181443433;7.76294251578735
33758917137.499;34.7805887432076;-0.0168616868330392;-9.15314372212796;-11.2521745158272;32.358695823989;0.257608516067327;7.75521703773652
33865938870.5629;34.8562441281331;-0.016267048620103;-9.15063213422295;-11.2552191648595;32.3615702558347;0.254356333309181;7.75586470753455
33961683359.1788;34.9337867359664;-0.0156650250774617;-9.09157338120452;-11.2015003088232;32.3635183379343;0.251263150757288;7.72762091232785
34034129879.0162;35.0162986413129;-0.0150339462473967;-8.94350091194724;-11.0599339160712;32.3342488283997;0.247303220498377;7.63400877706747
34073481854.1433;35.0897149117802;-0.0144867021550347;-8.72917421639975;-10.8567854531031;32.2773630245752;0.240595117673587;7.48880500349461
34085645989.491;35.1229647835356;-0.0142471664818077;-8.56329126922784;-10.705711043243;32.2497452970233;0.232330654022853;7.38737129788898
34087509090.5188;35.1287420232423;-0.0142064651800646;-8.50851601796344;-10.6606281060112;32.2542552920614;0.227234846364414;7.36297291695334
34087615755.676;35.1290815412276;-0.0142040975725889;-8.49715979248837;-10.6537128750649;32.2603544040405;0.224965567530073;7.36135927926467
34087624158.83;35.1291088207568;-0.0142039091858253;-8.48860545119573;-10.6493919369389;32.2665711843967;0.2228262398461;7.36122590433121
34087624873.4918;35.1291111876091;-0.0142038930068807;-8.47992940000891;-10.6451503811255;32.2730613464027;0.220606945966809;7.36121406492356
34087624943.0207;35.1291114228187;-0.0142038914165887;-8.47071048475274;-10.640688604927;32.2799744461064;0.218250406904595;7.36121286204764
34087624952.3811;35.1291114552512;-0.0142038912000186;-8.46031268303109;-10.6356943307544;32.2877730608691;0.215603816559706;7.36121269216258
34087624955.7469;35.1291114672713;-0.014203891121013;-8.44718500910569;-10.6294354087936;32.2976189047637;0.212285390051519;7.36121262749561
34087624957.8211;35.1291114749409;-0.0142038910715131;-8.43206674314441;-10.6222353602559;32.3089569401099;0.20852317090686;7.36121258498453
34087624959.3246;35.1291114807242;-0.0142038910349537;-8.41493371382543;-10.6141102381036;32.3218050352903;0.204323858821948;7.36121255192059
34087624960.4864;35.1291114853949;-0.014203891006111;-8.39577565976985;-10.605117482253;32.3361706997685;0.199685608612613;7.36121252433581
34087624961.4522;35.1291114894755;-0.0142038909815776;-8.37413083936825;-10.5950964607599;32.3523998702351;0.194509528166292;7.36121249942393
34087624962.2792;35.1291114931692;-0.0142038909600309;-8.35003984673554;-10.584122923464;32.3704617162055;0.188827749565238;7.36121247609017
34087624963.007;35.1291114966267;-0.0142038909405394;-8.32328490113599;-10.5722059868405;32.3905191744853;0.18259833934525;7.36121245348444
34087624963.6802;35.1291115000584;-0.0142038909219545;-8.29259849074078;-10.558946134579;32.4135219678227;0.175541004441723;7.36121243028003
34087624964.2936;35.1291115034417;-0.0142038909044548;-8.25846040948682;-10.5447648628128;32.4391098062873;0.167789382003792;7.36121240659438
34087624964.8396;35.129111506716;-0.014203890888357;-8.22203811402677;-10.5303920481282;32.466407186552;0.159617423796453;7.36121238285538
34087624965.3589;35.129111510139;-0.0142038908725031;-8.18100067436338;-10.5152814620499;32.4971604992547;0.15050974766923;7.36121235725515
34087624965.8475;35.1291115137153;-0.0142038908570541;-8.13551244510622;-10.5000446237898;32.5312456805318;0.140529828042546;7.36121232967957
34087624966.2923;35.1291115173553;-0.0142038908425222;-8.08706227829305;-10.4858366787836;32.5675463920075;0.130020143185514;7.36121230074569
34087624966.7231;35.1291115213546;-0.0142038908280161;-8.03233078407799;-10.4727582886851;32.6085486974787;0.118277998167826;7.36121226815901
34087624967.1372;35.1291115257822;-0.0142038908137452;-7.97090270332068;-10.462629124764;32.654562187432;0.105248870529969;7.36121223124105
34087624967.5303;35.1291115306997;-0.0142038908000682;-7.90278112753848;-10.4585335996847;32.7055829189658;0.0909639732732799;7.36121218935862
34087624967.9135;35.1291115364324;-0.0142038907869724;-7.82506357093697;-10.4662865074284;32.7637826124838;0.0748464315333485;7.3612121397486
34087624968.2836;35.1291115432146;-0.0142038907752479;-7.73688074138813;-10.4991596848984;32.8298093494224;0.056753077573128;7.36121208028531
34087624968.6374;35.1291115513691;-0.0142038907661841;-7.63748109619174;-10.5915643976568;32.9042224311529;0.036573652220301;7.36121200809083
34087624968.9832;35.1291115617527;-0.0142038907619469;-7.52243956446324;-10.9117167767029;32.9903298970529;0.0134619956594118;7.36121191596038
34087624969.3168;35.1291115753376;-0.014203890767221;-7.39012140163233;-10.8010291541704;33.0893489623321;-0.0128463712876343;7.36121179569909
34087624969.6423;35.1291115942878;-0.0142038907919731;-7.2350125089705;-10.1190158944365;33.2053973486369;-0.0433715852487862;7.36121162979449
34087624969.9601;35.1291116225009;-0.014203890858945;-7.05163929454849;-9.67619701986755;33.3425575496679;-0.0791482258062589;7.36121138764354
34087624970.272;35.1291116685142;-0.014203891026301;-6.83108034497407;-9.27032228613876;33.5074836424175;-0.121870859236338;7.36121100527124
34087624970.5754;35.1291117513296;-0.0142038914518825;-6.56391833235113;-8.85304654368944;33.7071894163794;-0.173218522630692;7.3612103472123
34087624970.874;35.1291119274608;-0.014203892680811;-6.22929107622247;-8.38560094147758;33.9572246055421;-0.236931237066529;7.36120904110661
34087624971.1655;35.1291123892714;-0.0142038969600834;-5.80015212098666;-7.83324602546241;34.2777228967156;-0.317627472776965;7.36120593615027
34087624971.4542;35.1291141584926;-0.0142039186886204;-5.2126877516634;-7.1234394081593;34.7161949956032;-0.426363935809663;7.36119581657065
34087624971.7396;35.1291275202126;-0.0142041410776788;-4.32953414534333;-6.10828309500913;35.3747478830098;-0.588768279162708;7.36113853911482
34087624972.0193;35.1297033153434;-0.0142172430180431;-2.68645008453476;-4.3293824541924;36.5978485899804;-0.832766385118993;7.35983363057575
34087624972.2967;35.1694682752228;-0.0153216113568051;-0.843667145643058;-2.40005374693649;37.7514103416022;-1.04844723724885;7.21255374862468
34087624972.5701;35.2660176394959;-0.0180950170656806;-0.452090479411274;-1.99382649274998;36.9353793836022;-1.06097842086511;6.47198607965931
34087624972.8431;35.4173977029427;-0.0219859512435484;-0.2559706831393;-1.84598548206771;35.066848295356;-0.90132607581065;5.12305217590267
34087624973.1143;35.6143216989966;-0.0257246795268857;-0.139043254994449;-1.86061799163035;32.3203292356331;-0.613622166223724;3.22569853537176
34087624973.38;35.8343278849691;-0.0279231352385733;-0.0819899521343136;-2.0823071232036;28.9834897480805;-0.289623304452336;0.964776728845643
34087624973.6432;36.0373978520703;-0.0285799133342203;-0.112701233423187;-2.60292827178066;25.9600801605109;-0.0839612683945861;-1.0408054924923
34087624973.9054;36.1950469939038;-0.0287949227302231;-0.220851617872553;-3.0860857896862;25.6515670485256;-0.034984826897778;-1.19293527129042
34087624974.1661;36.331002207455;-0.0289871966009924;-0.282815438346873;-3.13229103531593;25.697650178002;-0.0363427524428202;-1.13116191724379
34087624974.4242;36.4510058023076;-0.0291880647147249;-0.332591396617121;-3.10887465136307;25.736085840305;-0.0430783679768044;-1.08058649770292
34087624974.6814;36.5592195287224;-0.0294081605490244;-0.375850508941584;-3.06752103862447;25.7689072863623;-0.0524113653238105;-1.03701606674835
34087624974.9362;36.6573052241807;-0.0296448497800176;-0.414734874985174;-3.03216205207071;25.7980009367238;-0.062252798171477;-0.998120706587779
34087624975.1892;36.7469604135282;-0.029892629115055;-0.450470223268165;-3.00898057226822;25.8245088489381;-0.0713709900880016;-0.962526380984603
34087624975.4409;36.8295779546597;-0.0301451537319522;-0.483786959296878;-2.9985555037139;25.849103374659;-0.0790090680189874;-0.929420697990904
34087624975.6941;36.9068670203002;-0.0303983822954006;-0.515392353948101;-2.99999771975646;25.8723895015043;-0.084767851340309;-0.898047528630976
34087624975.9465;36.9787892091604;-0.030643758649845;-0.545179549656913;-3.01220973592076;25.894342666634;-0.0883435210324981;-0.868478216574457
34087624976.1959;37.0454574213282;-0.0308744970312461;-0.57306588954882;-3.03386485662873;25.9149361263594;-0.0896914769644083;-0.840772645296658
34087624976.4427;37.1075516622236;-0.0310874548423043;-0.599212338349012;-3.06397008638764;25.9343071411136;-0.0889440502120594;-0.814758541181094
34087624976.6896;37.1662448976352;-0.0312825539702974;-0.624011180121549;-3.10234390209167;25.9527539735219;-0.0862681982641779;-0.790039984973357
34087624976.9359;37.2217017467602;-0.0314574126119028;-0.647434772744434;-3.1487028632733;25.9702577970977;-0.081885719657604;-0.766642514113737
34087624977.1822;37.27441924435;-0.0316116554037478;-0.669616781482165;-3.20336669083271;25.9869170689263;-0.0760334769936413;-0.744432480633565
34087624977.4266;37.3242535314861;-0.0317439618560339;-0.690430619796304;-3.26637784572849;26.0026296567097;-0.0690351137278697;-0.723540193093432
34087624977.6701;37.3717344121278;-0.031855486000784;-0.710054599143854;-3.33920446305274;26.0175229484251;-0.0611105345167764;-0.703790431250879
34087624977.9094;37.4164739700421;-0.0319458658907134;-0.728292137140023;-3.42291201743812;26.0314409198608;-0.0525869917969757;-0.685384740903924
34087624978.143;37.4584732050815;-0.032016320025414;-0.745126210702573;-3.52046110569207;26.0443670266598;-0.0436896848470846;-0.668342053624722
34087624978.3702;37.4978978587781;-0.0320686009377765;-0.760610419822709;-3.63803514911182;26.0563433673908;-0.0345532370318369;-0.652607074623379
34087624978.5906;37.534920481699;-0.032104477298821;-0.774800496177299;-3.7884592939799;26.0674186876801;-0.0252603422057816;-0.638119153646406
34087624978.8037;37.5696715261787;-0.0321256311248078;-0.787733069080744;-4.00331200389768;26.0776295234609;-0.015874102357159;-0.624835432336976
34087624979.0089;37.6022375387318;-0.0321336902828427;-0.799429330738579;-4.40590424459583;26.0870004841503;-0.0064557875857365;-0.612728798460155
34087624979.2053;37.6326599050736;-0.0321302830328085;-0.809897188277751;-4.76068617545174;26.0955447344519;0.00292265383601594;-0.601786487605458
34087624979.3917;37.6609294359841;-0.0321171135100947;-0.819148266604541;-4.15089683303828;26.1032605330309;0.0121603532644756;-0.59200391248878
34087624979.5672;37.6870421050014;-0.0320959737095229;-0.827234449011702;-3.91898482707662;26.1101512743759;0.021137762305193;-0.583353027802697
34087624979.7319;37.711168882752;-0.0320684534766253;-0.834293678356304;-3.7771408970665;26.1162759558582;0.0297895559925411;-0.575725670881149
34087624979.8881;37.7337119797298;-0.0320355346839239;-0.840541293450978;-3.67611097371601;26.1217567038155;0.0381445679258541;-0.568932760729454
34087624980.0397;37.755324417845;-0.0319971949399789;-0.846257302107292;-3.59731185675533;26.1267682935473;0.0463480150247811;-0.562717536945488
34087624980.1954;37.7772172019166;-0.0319512967229187;-0.851851179742671;-3.53035635790904;26.1315890216866;0.0547848707192218;-0.556688883554317
34087624980.3635;37.8005467841582;-0.03189431505089;-0.857706021063338;-3.46987779438616;26.1364532836663;0.0638373543761256;-0.550497881010587
34087624980.5482;37.8258000422295;-0.031823189806479;-0.864059801018033;-3.41435344618052;26.1414529861572;0.0736268257999348;-0.543963489313494
34087624980.7431;37.8520439222006;-0.0317391626906458;-0.870827437892634;-3.36543602372275;26.1464475654343;0.0837151587581803;-0.537222549873974
34087624980.945;37.8787870397764;-0.031643202672132;-0.878048388042133;-3.32317009866337;26.1514391626073;0.0938369499774186;-0.530254306719546
34087624981.1534;37.9058832821013;-0.0315356022796969;-0.885854996437942;-3.28695020876674;26.1565198238985;0.103868712275427;-0.522931387206846
34087624981.3686;37.9333222271434;-0.0314163036005312;-0.894417971281736;-3.25614974577833;26.1618172861377;0.11374600014776;-0.515083346133489
34087624981.587;37.9605934311721;-0.031287860861692;-0.903728445916179;-3.2307232008229;26.1673603851269;0.123243822770903;-0.506696167727367
34087624981.8082;37.9875615017672;-0.0311515369023667;-0.913850958977833;-3.21012864431958;26.1732348751706;0.132306054077712;-0.497680748465111
34087624982.0325;38.0142213901837;-0.0310080054683234;-0.924868273215888;-3.19377957660915;26.1795374275939;0.140945321708312;-0.487931372641925
34087624982.2603;38.0405759088018;-0.0308578502536664;-0.9368483985769;-3.18116306736956;26.186353040344;0.149197089077272;-0.477357389951485
34087624982.4894;38.0662988785263;-0.0307036594307222;-0.949666447403094;-3.17192902762301;26.1936533316002;0.157012234838515;-0.466040645099304
34087624982.7194;38.0913242868044;-0.0305466009489161;-0.963266559165944;-3.16558633562958;26.2014444513663;0.164439238749837;-0.454005018015765
34087624982.9508;38.1156943625728;-0.0303870816853983;-0.977627298808738;-3.16167104236629;26.2097466228693;0.171561201450284;-0.441247574921061
34087624983.1841;38.1394120796603;-0.030225658282918;-0.992691317723833;-3.15979770495575;26.2185532463975;0.178444158749682;-0.427801268880433
34087624983.4185;38.162410953088;-0.0300633243309067;-1.00833900447326;-3.1596362059597;26.2278138590092;0.185124923172127;-0.413759575996736
34087624983.6532;38.1845974156622;-0.029901289230689;-1.02440951901266;-3.16088848046323;26.2374450734962;0.191620769995354;-0.399258650078707
34087624983.8885;38.2060147941181;-0.0297397439646957;-1.04083109099557;-3.16330316619525;26.2474092926065;0.197976831037044;-0.384359363528652
34087624984.1248;38.2267109534245;-0.0295787725595816;-1.05754152041414;-3.16668254405646;26.2576694146939;0.204227938050352;-0.369117494687758
34087624984.3619;38.2466931726582;-0.0294187310028015;-1.07445310708968;-3.17086405932497;26.2681679595581;0.210386966774932;-0.353615280538035
34087624984.5995;38.2659379431686;-0.0292602193794775;-1.091454103785;-3.17570572676073;26.2788285063062;0.21644839897263;-0.337959727396132
34087624984.837;38.2844405166679;-0.0291036906735828;-1.10845100709805;-3.18108915045008;26.2895834756953;0.222405519973913;-0.322242821237149
34087624985.0751;38.3022744125352;-0.0289489026853255;-1.12543323911968;-3.18694220971793;26.3004149950411;0.228272518674524;-0.306481758364249
34087624985.3149;38.319546717268;-0.0287952484283708;-1.1424703450882;-3.19327603989275;26.3113214916333;0.234065263196532;-0.290642764260512
34087624985.561;38.3365772250572;-0.0286400575977622;-1.15994030160489;-3.2003018413226;26.3224471239878;0.239863806962616;-0.274440087515049
34087624985.816;38.3534956274947;-0.0284822203653379;-1.1781436654498;-3.20829355951191;26.3338331936529;0.245676822369616;-0.257695801457636
34087624986.0813;38.3703399998921;-0.0283214367641046;-1.19741476183036;-3.21762784434959;26.345483441479;0.251473999981862;-0.240240430941527
34087624986.3591;38.3871432583969;-0.0281574517857142;-1.21819794864431;-3.22878739041693;26.3574463133246;0.257225422251924;-0.221819631210636
34087624986.6526;38.4039876236027;-0.0279895085809131;-1.24119147734944;-3.24248368979984;26.3698529953979;0.26291507979587;-0.2019967563738
34087624986.968;38.4210243690859;-0.0278160892164956;-1.26745815216862;-3.25974719737266;26.3829799575255;0.268555964528091;-0.180055633075337
34087624987.3152;38.438478639021;-0.027634800966706;-1.29873816169425;-3.2822701936784;26.3972688327883;0.274174438904207;-0.154830951027047
34087624987.7191;38.4569855279792;-0.0274386830614115;-1.33890367406217;-3.31371984729175;26.4137629593671;0.279907221263258;-0.123688622171547
34087624988.2339;38.47762043472;-0.0272154577003204;-1.39704654715404;-3.36290552342773;26.4346618239823;0.285966251512857;-0.0806116753856539
34087624989.0736;38.5035212446617;-0.0269287405565311;-1.51083583094952;-3.46669551436279;26.467981634133;0.292995628827048;-0.0014050923511679
34087624990.8041;38.530028751656;-0.0266301126652208;-1.81478913197099;-3.76302764903211;26.5252275422882;0.29882752720604;0.188860802213297
34087624997.5065;38.5385631647903;-0.0265343144924149;-2.89505446945087;-4.84487090613655;26.5962786398493;0.298541312334841;0.776461207850549
34087625042.6737;38.53961478613;-0.0265225518143624;-4.63296438443194;-6.58431756429165;26.654002906223;0.29813245811371;1.68397943681143
34087625414.4076;38.5397608543906;-0.0265209215891119;-6.40567630819186;-8.35798455029431;26.728090733333;0.29830442442074;2.61983550539518
34087628467.1258;38.5397825121986;-0.0265206803738151;-8.1490722160243;-10.1022818711685;26.800260835205;0.298489711135667;3.53975238787491
34087650263.3176;38.5397863119361;-0.0265206381710243;-9.75862703548128;-11.7130394497311;26.8868440625739;0.298625860456646;4.40237782704545
34087741966.2526;38.5397873109999;-0.0265206271089837;-10.9627899789812;-12.918547987399;26.9819753088951;0.298755378137129;5.0680180224706
34088057997.1192;38.5397876605818;-0.0265206232513636;-11.9561805993798;-13.9134100418971;27.0893731502922;0.298930007505684;5.6364677567282
34088985771.2149;38.5397878109377;-0.0265206215983143;-12.7903216571102;-14.7491564321906;27.2094700610373;0.299147452187153;6.13377734912232
34091460919.7839;38.5397878880344;-0.0265206207542002;-13.5065654734474;-15.4672001286447;27.347119504779;0.299417329983418;6.58386567534331
34097965175.347;38.5397879350844;-0.0265206202416142;-14.1406380904013;-16.1034309070688;27.5171840065928;0.299785878405586;7.01452585881995
34118388692.1222;38.5397879717088;-0.0265206198454893;-14.7463604946206;-16.7122983566026;27.7726010999952;0.300385312931441;7.48803732683968
34185976683.2371;38.5397880123605;-0.0265206194106853;-15.2207904272743;-17.1915760064995;28.173018561695;0.301333767971943;7.99278103294376
34311230218.3667;38.539788068614;-0.0265206188157207;-15.3476404610593;-17.3232988505593;28.6119683899817;0.302614230577739;8.34948113027808
34488797055.7134;38.5397881679748;-0.0265206177763466;-15.2521469683204;-17.232589954939;29.0633696158596;0.304020576702061;8.60332948165545
34713848523.4765;38.5397883995674;-0.0265206153787254;-14.9875570888916;-16.9725012931668;29.550833355879;0.305932438634924;8.7967270778019
34963630047.8084;38.539789063817;-0.0265206085701446;-14.5752289972793;-16.5645037117549;30.0775751174126;0.308296153072938;8.94250092104161
35227839268.3919;38.5397916651599;-0.0265205821396629;-14.0067503731206;-15.9998428919771;30.6743081004195;0.311660854141793;9.05696835802962
35496778902.6503;38.5398081659624;-0.0265204158400568;-13.2121497426446;-15.2087635893257;31.4064757933016;0.316523062508458;9.14887049168807
35761754628.3432;38.5402487367015;-0.0265160008217499;-11.7791904406069;-13.7782735815205;32.5890730289131;0.326579459970577;9.22256473264363
36014962232.3489;38.5611941282023;-0.0263068541685537;-10.0823882613251;-12.0830258244045;33.8591525576911;0.338094823255312;9.22279478936849
36254637295.1764;38.6204339211333;-0.025712778718046;-9.60700931808557;-11.6057812438657;33.6373535714987;0.337326060544684;8.83691359656056
36485205305.8618;38.6837329871213;-0.0250793411444376;-9.56140175072539;-11.5610952317001;33.0794833604685;0.331028386422377;8.44134801186989
36704970755.6172;38.7554124637703;-0.0243737933100442;-9.48656459043835;-11.4934329530265;32.7517807934715;0.322378860612022;8.18493026028135
36916948029.9097;38.8288551980009;-0.0236671241751337;-9.46034046645652;-11.4770731803741;32.6513008992641;0.314172215970968;8.10463330531016
37120576546.7356;38.9053983602236;-0.0229429342155882;-9.42493219775267;-11.4489860986982;32.5831837711346;0.308275930231862;8.04138184140401
37314741759.0238;38.9874502526458;-0.0221787530990862;-9.3740828199908;-11.4049751202065;32.5679198171557;0.303317676086562;8.00572826796451
37500840262.6818;39.06900225435;-0.0214312223266574;-9.35830825584037;-11.3961138058749;32.5287329230013;0.298168387531088;7.97162806897373
37675348517.514;39.1536649804601;-0.0206653437225378;-9.31412372688911;-11.3576560383077;32.503512002614;0.294034288113389;7.93266034851226
37841682880.0773;39.2399072193123;-0.0198974961101829;-9.28526195591122;-11.3357069400471;32.4850754483264;0.289227041785378;7.90588311394195
37998860898.9907;39.3256326197278;-0.0191457178842162;-9.26328228824176;-11.3203020676565;32.4558089211232;0.284624747563428;7.87531283490025
38147086544.583;39.412914204996;-0.0183910067475875;-9.2300007249706;-11.2931425920255;32.4371242326976;0.280479081852232;7.84616455124896
38284598205.3167;39.4993903795451;-0.0176545402166269;-9.20144305763056;-11.2711865121671;32.4184157384732;0.276088509958119;7.8193612537915
38412026143.4849;39.5849523920416;-0.0169367008752042;-9.17298366509493;-11.2492373998137;32.3935381655034;0.271771963101641;7.78848617084772
38530762084.8261;39.6686352908377;-0.0162446194091212;-9.1519454838402;-11.2344249806858;32.3712189023632;0.267719222913286;7.76303274636699
38644066239.0431;39.7482670470994;-0.0155951359347806;-9.1531595391513;-11.2416777280309;32.3586904605989;0.263920271159202;7.7552485933521
38751199088.997;39.8239842513938;-0.0149853551062981;-9.15072808805465;-11.2447488921719;32.3615327906347;0.260620323477752;7.75591420664132
38846982161.8483;39.9015027853767;-0.0143686106052552;-9.09188321486946;-11.1911834797228;32.3635345182616;0.25748722173787;7.72781258522656
38919537233.2126;39.9840473779533;-0.0137214886939385;-8.94397914532868;-11.0496816684841;32.3343505516796;0.253490459847667;7.63434113710349
38958994652.7905;40.0575970067407;-0.0131592147647028;-8.72954819487187;-10.8461807328199;32.2773953302417;0.246754989753957;7.48903792292244
38971210328.3523;40.0909922428777;-0.0129122739407573;-8.56323297100148;-10.6943245968174;32.2495912403915;0.238469361322338;7.38726244380621
38973085936.5155;40.096812891414;-0.0128701614005796;-8.50817073783884;-10.6487306759226;32.2540554462041;0.233358911363333;7.36268926314132
38973193544.9102;40.0971557135166;-0.012867705688266;-8.49677733834579;-10.6416686646481;32.2601589377294;0.231086820078402;7.36105966083468
38973202011.8607;40.0971832245849;-0.0128675104820666;-8.48821956435961;-10.6372334122948;32.2663769552976;0.228947737046868;7.36092512338536
38973202731.4741;40.097185609952;-0.0128674937239459;-8.47954401967496;-10.6328739398039;32.2728670149285;0.226729290124055;7.36091318865519
38973202801.4784;40.0971858469794;-0.0128674920763905;-8.47032644251527;-10.6282848596281;32.2797795431693;0.224373799833746;7.3609119762225
38973202810.8847;40.0971858795996;-0.012867491852377;-8.45993262175066;-10.6231453972456;32.2875756713916;0.221729083321775;7.36091180532127
38973202814.2577;40.0971858916555;-0.0128674917708483;-8.44680803484437;-10.616698431946;32.2974198281561;0.218412470749441;7.36091174045052
38973202816.3333;40.0971858993372;-0.0128674917198123;-8.43170006095751;-10.6092810499455;32.3087508564372;0.214654095166889;7.36091169786548
38973202817.8401;40.0971859051384;-0.0128674916820403;-8.41454500685001;-10.6008872673693;32.3216162631093;0.210450910630526;7.36091166469518
38973202819.0034;40.097185909819;-0.0128674916522495;-8.39537012844499;-10.5915890839169;32.3359954197087;0.205810382208391;7.36091163704736
38973202819.9685;40.0971859139004;-0.012867491626937;-8.37374470539289;-10.5812286704846;32.3522110211239;0.200641146855812;7.36091161212505
38973202820.7952;40.097185917596;-0.0128674916046789;-8.34967150697639;-10.5698586231508;32.3702605967134;0.194966088846581;7.36091158877668
38973202821.5232;40.0971859210573;-0.0128674915845094;-8.32291981601814;-10.5574705065903;32.3903167897464;0.18874024089907;7.36091156614377
38973202822.1963;40.0971859244916;-0.0128674915652591;-8.29224649606711;-10.5436405387367;32.4133110998594;0.18168930133148;7.36091154291983
38973202822.8094;40.0971859278751;-0.0128674915471154;-8.25814524734636;-10.5287865211013;32.4388727900522;0.173950019136272;7.3609115192304
38973202823.3538;40.0971859311416;-0.0128674915304327;-8.22185179044388;-10.513667254639;32.466075147816;0.165811376770566;7.36091149554538
38973202823.8732;40.0971859345666;-0.0128674915139155;-8.18084502700431;-10.4975735817377;32.496807195105;0.156715567247275;7.36091146993272
38973202824.3568;40.0971859381028;-0.0128674914979509;-8.13590736097582;-10.4812894620817;32.5304817166188;0.146861646652505;7.36091144265658
38973202824.8018;40.0971859417409;-0.0128674914827158;-8.08755683601203;-10.4655835126984;32.5667098042879;0.136378907652859;7.36091141374876
38973202825.2348;40.0971859457564;-0.0128674914673702;-8.03268636066506;-10.4504412933907;32.6078185018014;0.124613992989784;7.36091138104919
38973202825.6486;40.0971859501764;-0.0128674914522603;-7.97142063384508;-10.4375797504045;32.6537128854576;0.111628079561858;7.36091134420126
38973202826.0417;40.0971859550855;-0.0128674914376419;-7.90346426294018;-10.4295668236927;32.7046126464791;0.097388224667271;7.36091130239849
38973202826.4267;40.0971859608388;-0.0128674914233758;-7.82553591784774;-10.4311476624628;32.7629733187439;0.0812403084283261;7.36091125263551
38973202826.7983;40.0971859676458;-0.0128674914102893;-7.73710843062372;-10.4532424128315;32.8291867254498;0.0631140634232473;7.36091119298373
38973202827.1531;40.0971859758193;-0.0128674913996266;-7.63755182265216;-10.5220933824506;32.903721170793;0.0429243232221238;7.36091112064168
38973202827.4992;40.0971859862152;-0.0128674913933786;-7.52244674917441;-10.7435671323214;32.9898806039266;0.0198271531230588;7.36091102841466
38973202827.8336;40.0971859998402;-0.0128674913960548;-7.38986441928973;-11.0966907735859;33.0891023726051;-0.00649918099361276;7.36091090783841
38973202828.1592;40.0971860188082;-0.0128674914171818;-7.23473341827575;-10.1879175980653;33.2051731183805;-0.0369846547575842;7.36091074178476
38973202828.477;40.0971860470363;-0.0128674914787293;-7.05139223880146;-9.71286349169741;33.3423162369118;-0.0726983432014703;7.36091049949838
38973202828.7894;40.0971860931934;-0.0128674916377214;-6.83045290818014;-9.2933153805954;33.5075350606561;-0.115419717838143;7.36091011609277
38973202829.093;40.0971861762303;-0.0128674920484199;-6.56303630019815;-8.86878452486438;33.7074412096794;-0.166716107216147;7.36090945645525
38973202829.392;40.0971863532375;-0.0128674932494661;-6.22774088399572;-8.39617211798563;33.9579883548891;-0.230414985601817;7.3609081448283
38973202829.6835;40.0971868170966;-0.0128674974575909;-5.79821285873957;-7.84051029702634;34.2787937997643;-0.310976873764647;7.36090502729469
38973202829.9723;40.0971885979603;-0.0128675189771831;-5.20992525899706;-7.12772192103577;34.7179040906454;-0.419524025280129;7.36089484965719
38973202830.2578;40.0972021165409;-0.0128677412188585;-4.32467437038796;-6.10877996023995;35.3780607918054;-0.581605405190251;7.36083701865453
38973202830.5375;40.0977924475281;-0.0128810525682329;-2.67570540318134;-4.32257890144087;36.6055731423459;-0.825417577070455;7.35950445600535
38973202830.8149;40.1378053706925;-0.0139846735664574;-0.840818103265506;-2.40019842834684;37.750631740127;-1.04122334960292;7.21047039389042
38973202831.0883;40.2345592100233;-0.0167475795932968;-0.451117155607212;-1.99541924931142;36.9296452038476;-1.05456424270605;6.46754165761116
38973202831.3612;40.3861129664865;-0.0206201787817875;-0.255442308452756;-1.84800646374702;35.0576641816966;-0.895816012936453;5.11655377100304
38973202831.6325;40.5832350112202;-0.0243358543669102;-0.138741055919789;-1.86343846252077;32.3074728280916;-0.608983577491333;3.21689452335777
38973202831.8982;40.8032378886153;-0.0265048339118473;-0.0819403669091979;-2.08811327154264;28.9696439945947;-0.285607924734243;0.955468634015276
38973202832.1614;41.0060475501892;-0.02712894838383;-0.113233116501996;-2.62505750371953;25.9544523312371;-0.0798706984006912;-1.04431468124319
38973202832.4236;41.1636179149215;-0.0273163325378611;-0.221182429517652;-3.14592410741607;25.6518053525529;-0.0305053672594128;-1.19262085868488
38973202832.6844;41.2995188994375;-0.0274845564625919;-0.28310305501762;-3.19043789692839;25.6978920912718;-0.0318099260303091;-1.13086688371916
38973202832.9426;41.4194696243765;-0.0276641424343345;-0.33285337750079;-3.15758384554534;25.7363027430357;-0.0385314798182573;-1.08032178345362
38973202833.1996;41.5275801479786;-0.0278649315595254;-0.376071547291876;-3.10719933045573;25.7690913406879;-0.0478598487442589;-1.03679485742973
38973202833.4545;41.6256201632823;-0.0280842401287813;-0.41493718032667;-3.06528494908094;25.7981715359736;-0.0577086822298802;-0.997918981853588
38973202833.7074;41.7152425432358;-0.0283162080621685;-0.450661928352231;-3.03765044756495;25.8246728204752;-0.0668415186884771;-0.96233541117137
38973202833.9589;41.7977697369384;-0.0285540367459984;-0.483946076405529;-3.02427892134865;25.8492446560965;-0.0744929223778818;-0.92926203262175
38973202834.2118;41.874930800653;-0.0287934193255241;-0.515496787962425;-3.02380245148757;25.8724917443044;-0.0802661797848827;-0.897942913936322
38973202834.4641;41.9468229543;-0.0290262634603599;-0.545269039188076;-3.03488523013207;25.8944348749578;-0.0838668335786627;-0.86838812741197
38973202834.7136;42.0134823892688;-0.0292455228570059;-0.573149635114752;-3.05605304851599;25.9150247088298;-0.0852409367763723;-0.840687939897636
38973202834.9603;42.0755503066589;-0.0294477998334728;-0.599282334260378;-3.08620305429551;25.9343857827065;-0.0845191745307327;-0.814687205413436
38973202835.2072;42.1342237587725;-0.029632886077354;-0.624070366028533;-3.12513786517288;25.9528244694357;-0.0818685559842629;-0.789979136297924
38973202835.4535;42.189699012756;-0.0297984483562351;-0.647499167048489;-3.17263707068207;25.970331793094;-0.0775067621366189;-0.766576185838226
38973202835.7001;42.242443534367;-0.029943914682692;-0.669689996658917;-3.22910488283213;25.9869970897893;-0.0716706282820007;-0.744357030861728
38973202835.9443;42.2922561145778;-0.030067844097251;-0.690490976252757;-3.29465561621757;26.0026991846031;-0.0646924787526503;-0.723477370660933
38973202836.1878;42.3397217768008;-0.0301714430206472;-0.710105378114405;-3.37112968024947;26.0175842454685;-0.0567861816515283;-0.703736993719482
38973202836.4271;42.3844504237982;-0.0302543983780888;-0.728335757554706;-3.46007707992606;26.031495683226;-0.0482789481485372;-0.685338290464398
38973202836.6607;42.4264486919628;-0.0303179272363015;-0.745164582950613;-3.56542491525861;26.0444166293615;-0.0393961971191932;-0.668300687046787
38973202836.8878;42.465868312375;-0.0303637267341094;-0.76064399153699;-3.69549571351382;26.0563880913833;-0.0302734901248691;-0.652570362071645
38973202837.1083;42.5028909809542;-0.0303935430460818;-0.774830022844625;-3.86884381830859;26.0674590645306;-0.0209935026733861;-0.638086353116795
38973202837.3214;42.5376387348169;-0.0304090261664817;-0.787758650219817;-4.13882689576227;26.077665571455;-0.0116198485054908;-0.624806478869542
38973202837.5266;42.570203096078;-0.0304117894179257;-0.799451352630381;-4.87077351102811;26.0870324422863;-0.00221361719610629;-0.612703342592539
38973202837.723;42.6006247259932;-0.0304034501417083;-0.80991613752269;-4.37197025730119;26.0955729316143;0.00715340339536134;-0.601764076896274
38973202837.9094;42.6288920639114;-0.0303857121292913;-0.819164182773966;-4.02154413884539;26.1032849673873;0.016380049448551;-0.591984549249511
38973202838.0848;42.6550039257802;-0.0303603630858099;-0.827247873358373;-3.84012413668241;26.110172400682;0.0253474033684557;-0.583336170262952
38973202838.2496;42.6791317485545;-0.0303289609063289;-0.834305036563289;-3.71986337924554;26.1162941786119;0.0339901600258457;-0.575710874566203
38973202838.4058;42.7016760187082;-0.0302924225785089;-0.840550519655776;-3.63083803176807;26.1217720130753;0.0423365166647176;-0.568920100493542
38973202838.5574;42.7232864848034;-0.030250626222948;-0.846264165160513;-3.55978988396526;26.1267805104647;0.0505312658719814;-0.56270726785002
38973202838.7131;42.7451753228454;-0.0302012404350589;-0.851854953286215;-3.49847567436979;26.1315975252967;0.0589583389540035;-0.556681764566276
38973202838.8812;42.7685032519403;-0.0301405460131009;-0.857707232204038;-3.44243463916989;26.1364584760559;0.0680016315541037;-0.55049331869209
38973202839.0658;42.793749358479;-0.0300654302881133;-0.86405718758986;-3.39052073495453;26.1414537573057;0.0777796864718211;-0.543962788056735
38973202839.2607;42.8199940605;-0.0299772415097173;-0.87082233381384;-3.34445065328967;26.1464448758746;0.0878586097548524;-0.537224371275591
38973202839.4626;42.8467366397914;-0.029877055960414;-0.878040722858127;-3.30443893131099;26.1514329008436;0.0979709414597423;-0.530258762310063
38973202839.671;42.8738305656968;-0.0297651927186707;-0.88584441019148;-3.27002894816174;26.1565097584575;0.10799291267309;-0.522938827143927
38973202839.8861;42.9012684198738;-0.0296415834288267;-0.89440443863202;-3.240703470934;26.1618034644815;0.117860599681926;-0.515093772277579
38973202840.1046;42.9285396487703;-0.0295088610809838;-0.903712884658001;-3.21647353752175;26.1673434639683;0.12735000958439;-0.506708723164966
38973202840.3258;42.9555092843954;-0.0293683066956065;-0.913833247427527;-3.19686392596731;26.1732148929468;0.136403775852185;-0.49769551813356
38973202840.55;42.9821681411894;-0.0292206167385959;-0.924848138064371;-3.18133869570628;26.1795143528998;0.145034401858145;-0.487948562919521
38973202840.7779;43.0085227180068;-0.0290663545143059;-0.936825628641617;-3.16942208654834;26.186326879938;0.153277400675845;-0.477377146712062
38973202841.0069;43.034247980217;-0.0289081503252914;-0.949642207587079;-3.16078403888836;26.1936248772288;0.161084507018798;-0.466061903078821
38973202841.2369;43.0592765344592;-0.0287471897483604;-0.963240783656767;-3.15495702723805;26.2014137705996;0.168503327683362;-0.454027809210063
38973202841.4684;43.0836493576783;-0.0285838808172831;-0.977599811687103;-3.15149571397806;26.2097136885688;0.175616927421875;-0.441272041185873
38973202841.7016;43.1073675239376;-0.0284187929349408;-0.992661781621981;-3.15002769399986;26.2185179108579;0.18249132554021;-0.427827706604778
38973202841.936;43.1303676522277;-0.0282529079568306;-1.0083082427183;-3.15023144134061;26.2277766422389;0.18916390810137;-0.413787248553259
38973202842.1707;43.152555356116;-0.0280874546206344;-1.02437816216095;-3.15181499473318;26.2374063830704;0.195651899856911;-0.399286990476609
38973202842.406;43.1739746756388;-0.027922611278731;-1.04079877361774;-3.15453303260688;26.2473689268495;0.202000068465435;-0.384388706817034
38973202842.6423;43.1946730753173;-0.0277584567662715;-1.05750853315307;-3.15819247631981;26.2576275616959;0.208243541417083;-0.369147582312499
38973202842.8795;43.2146568473653;-0.0275953532813613;-1.07441935946273;-3.16263358620167;26.2681245745077;0.214395092671577;-0.353646199144017
38973202843.1171;43.2339031217151;-0.0274338986544039;-1.09142016814674;-3.16771634486573;26.2787839592589;0.220449484608691;-0.337990953842931
38973202843.3546;43.2524071412991;-0.0272745459893474;-1.10841706576111;-3.17332381403862;26.2895378969775;0.226399886141969;-0.322274188599198
38973202843.5926;43.2702427082071;-0.0271170387807183;-1.12539950675321;-3.17938598988118;26.3003685491507;0.232260497098253;-0.306513059004506
38973202843.8324;43.2875158221302;-0.0269607631206995;-1.14243618080833;-3.18591547639541;26.3112738895698;0.238046927226772;-0.290674521069405
38973202844.0785;43.3045466516096;-0.0268029969384526;-1.15990517362721;-3.19312705798263;26.3223981973653;0.243839225576411;-0.274472680352074
38973202844.3335;43.3214662186635;-0.0266425981920761;-1.17810727336383;-3.20129554961038;26.333783054145;0.249646209964424;-0.257729305632232
38973202844.5989;43.3383106296438;-0.026479279779758;-1.1973763090394;-3.21079698877665;26.3454319514466;0.255437493371653;-0.240275339863987
38973202844.8765;43.3551137149003;-0.0263127733117826;-1.21815469912735;-3.22211262164878;26.3573923753298;0.26118276747791;-0.221858054768454
38973202845.17;43.3719544128626;-0.0261423431264269;-1.24113926675534;-3.23595283728952;26.3697950648691;0.266865961895927;-0.202041819564447
38973202845.4852;43.3889869482929;-0.0259664197466038;-1.26739210606947;-3.25334784702456;26.382916642228;0.272500349949935;-0.180110711341153
38973202845.8324;43.4064403602707;-0.0257825353026279;-1.29865930834603;-3.27599465753031;26.3972020475897;0.278113805324025;-0.154894246323178
38973202846.236;43.4249394547297;-0.0255837452920678;-1.33878706597937;-3.30754297916091;26.4136845505946;0.283839657254196;-0.123778062313707
38973202846.7501;43.445558539288;-0.0253576296416194;-1.39683548347382;-3.35677424033999;26.4345575454922;0.289890036427048;-0.0807651164222057
38973202847.5881;43.4714349923664;-0.025067353588179;-1.51030235632895;-3.46039589322051;26.4678099895971;0.296909758216255;-0.00176416516348379
38973202849.3126;43.4979638597242;-0.0247645575634581;-1.81294129322729;-3.75550983233108;26.5249422238779;0.302751223902906;0.187769180253336
38973202855.9773;43.5065544262313;-0.0246668550503759;-2.88975852312385;-4.8338745928708;26.5960442058167;0.302483003281821;0.773679556392728
38973202900.7885;43.5076140585214;-0.024654845774396;-4.62623193669393;-6.57187029547064;26.6537137245106;0.302078189765544;1.68044288363974
38973203269.7312;43.5077611530784;-0.0246531822994547;-6.39936226906301;-8.34594260861517;26.727800331542;0.302261531650006;2.61650736389287
38973206298.0655;43.5077829627051;-0.0246529361595496;-8.14255558366332;-10.0900217875497;26.7999128716452;0.302459464021562;3.53628452595895
38973227973.7562;43.5077867823785;-0.0246528931686824;-9.75394671487452;-11.7025967410617;26.8864904374049;0.302610567611997;4.39982437098536
38973319216.0109;43.5077877856716;-0.0246528819108961;-10.95876819064;-12.908743004662;26.9815585123931;0.302755622921952;5.06575165281155
38973634100.9608;43.5077881364083;-0.0246528779884569;-11.9531707173811;-13.9045956939292;27.0889516093437;0.30294739390222;5.63470419883182
38974558790.2192;43.507788287136;-0.024652876308936;-12.7878027182108;-14.7408103803281;27.2090047260987;0.303183103298852;6.13223003082577
38977024621.0554;43.5077883643776;-0.024652875451762;-13.5041118499719;-15.458894323195;27.3465176793446;0.303472650424237;6.58225984830819
38983507841.6811;43.5077884114964;-0.0246528749314296;-14.1385966117551;-16.0955098958271;27.5164611098332;0.303864030785542;7.01304523770982
39003830248.2911;43.5077884481224;-0.0246528745298496;-14.7441854657269;-16.7042030133447;27.7713078038829;0.304494031559049;7.48610885370329
39071203401.9917;43.5077884887385;-0.0246528740894155;-15.2197882734296;-17.1846059432628;28.1714090548027;0.305485710172565;7.99122771965539
39196227945.0841;43.5077885448748;-0.0246528734874221;-15.3477519728521;-17.3174035701259;28.610161734055;0.306809438332011;8.34835291308201
39373595001.4449;43.5077886439528;-0.0246528724364866;-15.2528954010307;-17.22729688244;29.0615100419154;0.308259660075262;8.60248435688581
39598510571.9457;43.5077888746208;-0.0246528700148327;-14.9890323269381;-16.9679074584545;29.5487434787407;0.310215780458866;8.79609149364268
39848205808.0138;43.5077895356838;-0.0246528631431078;-14.5771673671336;-16.5603444894881;30.0753458613239;0.31263205691361;8.94200385328892
40112437901.4409;43.5077921210216;-0.0246528365026745;-14.0094682736994;-15.9964442818356;30.6716808968481;0.316054202264667;9.05659531779483
40381070660.2911;43.5078084187572;-0.0246526699099701;-13.2170317049645;-15.2075029937418;31.4021947199629;0.32098793842454;9.14847475932259
40646153089.1028;43.5082403076857;-0.0246482801630228;-11.7880088701416;-13.7809414556628;32.5820114892948;0.331165667924564;9.22228023329125
40899406354.9411;43.528906021781;-0.0244389817566358;-10.0883046377849;-12.0827891329294;33.8558627018229;0.342885712908265;9.22358042101657
41136613297.1106;43.5873793433694;-0.023844262067355;-9.60816963035023;-11.6008150782219;33.6477916530224;0.342224516297016;8.84449384071552
41367172399.8876;43.6503578463402;-0.0232049057794805;-9.56358994037712;-11.5570393327242;33.0856236708352;0.335884476993983;8.44657045005546
41587603819.3557;43.7223014183584;-0.0224863785006632;-9.48628150044062;-11.4868302365687;32.7551958103893;0.327138353747889;8.18709509647895
41797414984.2989;43.7945767557119;-0.0217805641256646;-9.46283846765869;-11.4731380959351;32.6520864128453;0.318868272466736;8.10643077783731
42000807338.3394;43.8710701991734;-0.0210459292824102;-9.4247104110748;-11.442263100019;32.5844389734034;0.312937464108676;8.04213250777171
42195375700.1197;43.953015435413;-0.0202713340195723;-9.37554851065828;-11.3999973855963;32.5690724336744;0.307862303897236;8.00725294809904
42380885872.6971;44.0340721717955;-0.0195169948105101;-9.35957861584212;-11.3908010473674;32.5287526433788;0.302722693213432;7.97229779507233
42556428488.435;44.1191957494363;-0.0187352138223431;-9.3143326972294;-11.3512974606519;32.5047070887296;0.298525540539585;7.93358391771212
42722167018.0653;44.2048163492575;-0.0179612298688114;-9.28684521563824;-11.3306915247756;32.4856734089972;0.293660520841339;7.90709410837195
42879914367.9286;44.2907098284093;-0.0171962757567191;-9.26400187750257;-11.3143266883138;32.4561678677856;0.289049638207792;7.87593186180909
43028226643.2555;44.3779149686477;-0.01643044988446;-9.23063501283062;-11.287047063428;32.4380349140189;0.284867225882459;7.84710897997709
43165949769.1717;44.4642700546421;-0.015683499597751;-9.20271895037991;-11.2657151730723;32.4190277971624;0.280416628957702;7.82042624755982
43293029623.9134;44.5494008139368;-0.0149579128688665;-9.17399020278505;-11.2433873789378;32.3943091185023;0.276103267285432;7.78952230344598
43411951842.1413;44.6331781220301;-0.0142539428226147;-9.15213659976815;-11.2277088209862;32.3720692693247;0.272018373703562;7.76371370601357
43525211453.4849;44.7128253123212;-0.0135938797771858;-9.15290460716011;-11.2344896481522;32.3587960784401;0.268168222983036;7.75520834026495
43632763277.0978;44.7886656965871;-0.012973250253799;-9.15171725373217;-11.2387853473822;32.3611519308518;0.264823108341399;7.75617044235979
43729544820.2209;44.86626831571;-0.0123458156616577;-9.09591616325212;-11.1882240835559;32.3639406172213;0.26166972340289;7.73011611913603
43803304970.0463;44.948751976467;-0.0116884302692768;-8.95145386282041;-11.0500017407194;32.3363251460668;0.257716832633556;7.63941341526755
43844020678.6756;45.0231396355419;-0.0111097914815041;-8.7382611058011;-10.8473544555366;32.2796675587662;0.251093634860995;7.49492818957458
43856907754.6255;45.0579274373862;-0.0108478974463347;-8.56872740042221;-10.6920287808764;32.2503446887699;0.242791221588185;7.39052793295125
43858950030.754;45.0642286481576;-0.0108014913157204;-8.51069045432621;-10.6435391029968;32.2543626159467;0.237541675518204;7.36416809181496
43859069583.9666;45.0646076543571;-0.0107987276803405;-8.49891493708651;-10.6360805070779;32.2605037310404;0.235236968709492;7.36237221217286
43859078871.9048;45.0646376848537;-0.0107985107319218;-8.49035680229828;-10.6315628285635;32.2667043127042;0.23310338653935;7.36222568554925
43859079659.4325;45.0646402824368;-0.0107984921482134;-8.48169637027703;-10.6271334273133;32.2731817703064;0.230889789073763;7.36221271758583
43859079735.67;45.0646405392805;-0.0107984903297835;-8.47249985706506;-10.6224722734288;32.2800786544929;0.228539970981612;7.3622114066261
43859079745.6467;45.0646405737013;-0.0107984900889481;-8.46216697409871;-10.6172679566873;32.2878293996217;0.225911254517073;7.36221122668686
43859079749.0825;45.0646405859138;-0.0107984900047628;-8.44922028852794;-10.6107885895066;32.2975405527775;0.222638953125873;7.362211161115
43859079751.1879;45.0646405936604;-0.0107984899522761;-8.4342260216142;-10.6032852032033;32.3087868004059;0.218907917209324;7.36221111827172
43859079752.7096;45.0646405994828;-0.0107984899135927;-8.41722075786883;-10.5947994739776;32.3215404359487;0.214740190896071;7.36221108505938
43859079753.8813;45.0646406041665;-0.0107984898831548;-8.39822034455059;-10.585395684956;32.3357893947867;0.210139709324847;7.36221105746179
43859079754.8541;45.0646406082526;-0.0107984898572627;-8.3767357932582;-10.5748742834458;32.3519000656041;0.205003512472081;7.36221103257634
43859079755.6896;45.0646406119613;-0.010798489834424;-8.35270824202001;-10.5632603650037;32.369916196894;0.199337704173841;7.36221100920563
43859079756.4223;45.0646406154198;-0.0107984898138016;-8.32606869980232;-10.550615420633;32.3898891703234;0.193135781451695;7.36221098664532
43859079757.0916;45.0646406188062;-0.0107984897943482;-8.29589582326038;-10.5366335658037;32.4125092950567;0.186197957115746;7.3622109637924
43859079757.7052;45.0646406221614;-0.010798489775881;-8.26215441761474;-10.5214746368591;32.4378023489691;0.178538221384753;7.36221094035796
43859079758.2528;45.0646406254152;-0.0107984897587984;-8.22605081336709;-10.5058919966037;32.4648635793765;0.17044034280711;7.36221091682648
43859079758.782;45.0646406288742;-0.0107984897416336;-8.1846546108536;-10.4889656089431;32.4958888016621;0.161256571459506;7.36221089103388
43859079759.2606;45.0646406323368;-0.0107984897254976;-8.14057087166953;-10.4721759594826;32.5289248208956;0.151587929458054;7.36221086435905
43859079759.7065;45.0646406359394;-0.0107984897098781;-8.09260786518989;-10.4555641645178;32.5648640941229;0.141186434482038;7.36221083578841
43859079760.1394;45.0646406399028;-0.0107984896941319;-8.0382968198083;-10.439186995429;32.6055554275973;0.129539264560876;7.36221080356701
43859079760.5519;45.0646406442443;-0.0107984896786105;-7.97788190799312;-10.424588785757;32.6508144490861;0.116731251341287;7.36221076742218
43859079760.9498;45.0646406491402;-0.010798489663269;-7.9098448228368;-10.4138103922109;32.7017769034672;0.102472134343412;7.36221072582409
43859079761.3356;45.0646406548131;-0.0107984896482979;-7.83255466199842;-10.4111026665501;32.7596621661432;0.0864552577502397;7.36221067681176
43859079761.7043;45.0646406614342;-0.0107984896344463;-7.74579537170149;-10.4252251634053;32.8246293698411;0.0686704730884437;7.36221061877876
43859079762.0612;45.0646406694824;-0.0107984896225555;-7.64686143915662;-10.477348778394;32.8987010655831;0.0486061711601074;7.36221054761382
43859079762.4072;45.0646406796177;-0.0107984896146247;-7.53325693559963;-10.6397767815453;32.9837412965449;0.0258095284287496;7.36221045767298
43859079762.7423;45.0646406928929;-0.0107984896147144;-7.40214284375007;-12.5719663827442;33.0818690584877;-0.000223751780214584;7.3622103401419
43859079763.0685;45.0646407112789;-0.0107984896315092;-7.24893787291648;-10.2882525865305;33.1965045363251;-0.0303233824165475;7.3622101790005
43859079763.3863;45.0646407384318;-0.0107984896848636;-7.06829975117724;-9.77494556113008;33.3316329407973;-0.0654953972521598;7.36220994542537
43859079763.6995;45.0646407826523;-0.0107984898269636;-6.85028528241687;-9.34331486932144;33.4946738344137;-0.107633178649244;7.36220957713446
43859079764.0043;45.0646408616482;-0.0107984901979595;-6.58640210803391;-8.91463768153982;33.691950556423;-0.158230638720942;7.36220894742804
43859079764.3045;45.0646410281685;-0.0107984912821871;-6.2559677024984;-8.44231436744827;33.9388814974566;-0.220978927020801;7.36220770733085
43859079764.5949;45.0646414505639;-0.0107984949753643;-5.83726251672696;-7.89558153237637;34.2516268420864;-0.299476113427193;7.36220483643283
43859079764.8829;45.0646430082478;-0.0107985131528154;-5.2668931657421;-7.19983953125875;34.6774013991211;-0.404669227210717;7.36219577184958
43859079765.1671;45.0646537640071;-0.0107986834606529;-4.42190531853501;-6.22231175711477;35.3076219877732;-0.55906464649114;7.36214793781511
43859079765.4475;45.0650253968121;-0.0108068052574916;-2.8777751610744;-4.53823708272493;36.4575636960391;-0.796756695232537;7.36124437398531
43859079765.7254;45.0995963021042;-0.011745992854506;-0.905083487495347;-2.47104189123825;37.756312589346;-1.02572553982395;7.24610997075129
43859079766.0007;45.1924914140965;-0.0143959692231174;-0.471787813247112;-2.01653867479224;37.0375808360605;-1.05655412713466;6.54999599214094
43859079766.2722;45.3388422278445;-0.0181808655807922;-0.268386310475251;-1.85572746038559;35.2541989491398;-0.911737255011606;5.25456146642467
43859079766.542;45.5312619293019;-0.0219382016026453;-0.146826479807595;-1.85619598016814;32.5894424442245;-0.636366677114577;3.40964136215095
43859079766.8084;45.7505005854399;-0.0242579324158115;-0.08462230302807;-2.06010184305548;29.2867330608113;-0.309878459824908;1.16881834036649
43859079767.0726;45.9588436201037;-0.0249568166703759;-0.103226280007076;-2.5776000094907;26.1029763197124;-0.0875621264543541;-0.950073678594437
43859079767.334;46.1181717950351;-0.025134570513072;-0.21499752716527;-3.16747111047205;25.647884845001;-0.0286139604008403;-1.19834053811854
43859079767.5941;46.2552636351449;-0.0252868846988746;-0.278054507604638;-3.2323257600772;25.6937867912089;-0.0285467626093312;-1.13614294436891
43859079767.8522;46.3764003577302;-0.0254507206751956;-0.328490576199982;-3.19735712212607;25.7329112482001;-0.0348034563586558;-1.08477902107161
43859079768.1094;46.4855919172476;-0.0256370722723085;-0.372201450105271;-3.14005739971173;25.7661702442052;-0.0439737924590002;-1.04069251192002
43859079768.3649;46.584638250513;-0.0258438223854817;-0.411463063357838;-3.09185570982237;25.7955914638905;-0.0538459252220408;-1.00139173306087
43859079768.6183;46.6750928978222;-0.0260648586752416;-0.447484962991698;-3.05945226555796;25.82233538598;-0.063099833744808;-0.965498169181575
43859079768.87;46.758223752317;-0.0262929540764433;-0.480965311801422;-3.04261102716544;25.8470625717167;-0.0709194695881276;-0.932223313702726
43859079769.1234;46.8360415208883;-0.0265242850164467;-0.512745557261454;-3.03959060790477;25.8704826626869;-0.0769058684485292;-0.900673939419303
43859079769.3753;46.9082521338894;-0.0267493875845132;-0.542613497814056;-3.04883407993535;25.8924955644718;-0.0807148285131453;-0.871024565426084
43859079769.6245;46.9752397731186;-0.0269621485701306;-0.570604653535313;-3.06870733271212;25.9131632348686;-0.0823033952794568;-0.843216748216737
43859079769.8717;47.0377740346957;-0.0271593634747119;-0.59691705798304;-3.09809535012512;25.9326516559301;-0.0817840539390572;-0.817040595962679
43859079770.1189;47.0968204034619;-0.0273398268025436;-0.62185529333558;-3.13665952615531;25.9511950343336;-0.0793145982549684;-0.792186923228643
43859079770.365;47.152517261924;-0.0275009382222371;-0.645377582889258;-3.18408195809603;25.9687643524447;-0.0751185005408296;-0.768695205526351
43859079770.6106;47.2053088587576;-0.0276420235366246;-0.667592281975186;-3.24067527039503;25.9854391289087;-0.0694459737703449;-0.746457137660807
43859079770.8549;47.2553708434631;-0.0277625156933362;-0.688511830345643;-3.30706111558058;26.0012222232274;-0.0625812852056087;-0.725463498181797
43859079771.099;47.3031505189777;-0.0278630654851577;-0.708274693523014;-3.38513671375962;26.016211422546;-0.0547497364590213;-0.705578782832384
43859079771.3389;47.3481708028358;-0.0279431318486967;-0.726647254848184;-3.47660537966791;26.0302230109261;-0.0462934730745082;-0.687041573726126
43859079771.5731;47.390423469656;-0.0280038889651991;-0.743604534112682;-3.58586150488781;26.0432337191355;-0.0374488027443803;-0.669879285700486
43859079771.8009;47.4300814640679;-0.0280470464320537;-0.759205494599906;-3.72248029617543;26.0552892540911;-0.0283544414952521;-0.654031541140232
43859079772.0219;47.467322354216;-0.0280743288206887;-0.773508453551432;-3.90864611556706;26.0664399483991;-0.0190960726817638;-0.63943534147334
43859079772.2358;47.5022851546738;-0.0280873837004534;-0.786553439168154;-4.21438677440395;26.0767248173762;-0.00973687755819008;-0.626044477049269
43859079772.4418;47.535057588633;-0.0280878092050708;-0.798361225577995;-5.68496564535148;26.0861684443559;-0.000338692729885564;-0.613832066320221
43859079772.639;47.5656815940525;-0.0280772157138658;-0.808939026945641;-4.26996190953836;26.0947838419484;0.00902673766342491;-0.602785799024743
43859079772.8263;47.5941423666391;-0.0280573068600285;-0.818294885049831;-3.97349531197394;26.1025684644612;0.0182592450277562;-0.592903426870232
43859079773.0028;47.620449380919;-0.0280298557961868;-0.826481473876768;-3.8079938546046;26.1095283625355;0.0272449895808003;-0.584154743347898
43859079773.1684;47.6447426281985;-0.0279964535823977;-0.833624315770396;-3.69533463524179;26.1157139432684;0.0359080303407173;-0.576443546169985
43859079773.3254;47.6674343644956;-0.027957987830638;-0.839941081268608;-3.61073458467201;26.1212499278538;0.0442792698726782;-0.569577846217234
43859079773.4775;47.6891338579764;-0.0279143964153779;-0.845700286107113;-3.54274891331652;26.1262998528451;0.0524842843499657;-0.563314138832382
43859079773.6318;47.7108643759057;-0.027863806937804;-0.851265578068528;-3.48427546100026;26.1311044922789;0.0608342115448161;-0.557309355422064
43859079773.7991;47.734125991533;-0.0278016465181381;-0.857106615934185;-3.43023255327224;26.135975292162;0.0698413738139187;-0.551119585148113
43859079773.9816;47.7591144291559;-0.0277256369809375;-0.863385034415766;-3.38025604931107;26.1409405278176;0.0795152070527579;-0.544644653225391
43859079774.1763;47.7853780800772;-0.0276356286545537;-0.870134754677849;-3.33520716559086;26.1459496188192;0.0896049514957573;-0.537901475629123
43859079774.378;47.8121266110703;-0.0275336204757815;-0.87732016342789;-3.29598510550011;26.1509426175613;0.0997292161679147;-0.530948558319957
43859079774.5856;47.8391760169617;-0.027420122572504;-0.885060884716669;-3.26223077690075;26.1560033622969;0.109749232632479;-0.523670433072299
43859079774.7996;47.8665270260522;-0.027295077708372;-0.893526992888892;-3.23343448774983;26.1612604784728;0.119605505275216;-0.515896383182201
43859079775.0184;47.8938945493846;-0.0271599994262427;-0.902788293020841;-3.20943826122101;26.1667890133967;0.129151800323244;-0.507541964659966
43859079775.2396;47.920928406937;-0.0270171993007275;-0.912845248579575;-3.19002468047992;26.172634350706;0.138250912327069;-0.498577327405976
43859079775.4633;47.9475928656539;-0.0268675703082605;-0.923765702068911;-3.1746827224812;26.1788853542695;0.146904172368674;-0.488909481425164
43859079775.6904;47.9739229337588;-0.026711556741447;-0.935627236248725;-3.16291685280061;26.1856333002063;0.155157747187317;-0.478438763567621
43859079775.9198;47.9997626508772;-0.0265507410346943;-0.948393514213566;-3.15435280539316;26.1929005722844;0.163013774420678;-0.467168629482222
43859079776.1499;48.0248823474962;-0.0263873066976661;-0.961935819381027;-3.14860690366835;26.2006521798867;0.170467274492453;-0.455187075028661
43859079776.3811;48.0493005747025;-0.0262218445699443;-0.976218571781831;-3.14523409747854;26.2089004233009;0.177596038920125;-0.442503552385116
