t;slip_2;slip_3;slip_rate_2;slip_rate_3;shear_stress_2;shear_stress_3;state
0;0;0;-9;-19.9999946455258;32.2450204656692;-3.22454180212452e-10;7.60205999132796
2.75290596933567;2.76197135419019e-09;-3.14906899169374e-14;-8.99857220752746;-13.9416092019795;32.2460889379829;-0.000367654641399326;7.60205999128872
4.14266986779145;4.16848363902435e-09;-9.07208828282935e-14;-8.99479749617671;-13.3703978788021;32.2489136796879;-0.00135804670817703;7.60205999119363
4.53699849954151;4.57141427940037e-09;-1.21478132149751e-13;-8.99062801779697;-13.1079108187474;32.2520338029709;-0.00246192209129669;7.60205999112403
4.76767445190194;4.80966654639406e-09;-1.48796430165052e-13;-8.98596528061486;-12.9265486838635;32.2555229994591;-0.00369845794567797;7.60205999105668
4.9873801291553;5.03987415227077e-09;-1.87049001931192e-13;-8.97972161107483;-12.7591806407423;32.2601951569738;-0.00536053283614233;7.60205999096121
5.21288402987488;5.28026276998352e-09;-2.41848125934152e-13;-8.97224015843519;-12.6143804425339;32.2657934391668;-0.00735532835352309;7.60205999082231
5.45239842829069;5.54057344905309e-09;-3.19305536504295e-13;-8.96383964105006;-12.4902686518945;32.2720792989738;-0.00960280118029565;7.60205999062377
5.71815584936622;5.83566399081082e-09;-4.30094262674134e-13;-8.95453011099451;-12.3799898317561;32.2790451559861;-0.012118837403289;7.60205999033927
5.99956377975508;6.1551144763254e-09;-5.76335988064129e-13;-8.94493277964524;-12.2842650298576;32.2862261267961;-0.0147803607420051;7.60205998996411
6.28986890825026;6.49212977892451e-09;-7.59836689034056e-13;-8.93520508709275;-12.1992169805034;32.2935043593619;-0.017583417254401;7.60205998949756
6.58844947401121;6.84674109833432e-09;-9.85923609022786e-13;-8.92530894218807;-12.120786099179;32.3009082810555;-0.0205938515393602;7.60205998893271
6.8952149944288;7.219704285431e-09;-1.26164388725911e-12;-8.91514057715498;-12.0463378364607;32.3085154349991;-0.0238846973999911;7.60205998826103
7.21020731237747;7.612074250828e-09;-1.59601794554314e-12;-8.9046042061229;-11.9740673860795;32.31639734662;-0.0275397351552515;7.60205998747229
7.53296554631792;8.02442158828737e-09;-1.99973702047506e-12;-8.8936141357864;-11.9027980609857;32.3246179355082;-0.0316482335762316;7.60205998655598
7.86281226116904;8.45717585299594e-09;-2.48565503940807e-12;-8.88207080657314;-11.831749159051;32.3332514300769;-0.0363053833591827;7.60205998550091
8.19826470711623;8.90981604977443e-09;-3.06790186706446e-12;-8.86987784396011;-11.7605238318953;32.3423696008033;-0.0416031148647048;7.60205998429738
8.53853328912094;9.38287244496361e-09;-3.76482363964075e-12;-8.85690893323418;-11.6886378187121;32.3520664883587;-0.0476620964283896;7.60205998293221
8.88323296844904;9.87766043958411e-09;-4.60017281016224e-12;-8.84302172588587;-11.6155728336835;32.3624479380162;-0.054637429232294;7.60205998138847
9.2314899213424;1.03950436391598e-08;-5.60237347221452e-12;-8.82808747356601;-11.5409451105003;32.3736093688522;-0.0627095212389801;7.60205997964875
9.58239275141097;1.09360748106637e-08;-6.80676745794719e-12;-8.81196458316232;-11.4644182927094;32.3856554592903;-0.0720939766756118;7.60205997769342
9.93497649042743;1.15020035350395e-08;-8.2574076554884e-12;-8.79450054136324;-11.3857025713007;32.3986985695567;-0.0830473034300524;7.60205997550049
10.2884272035517;1.20946593768945e-08;-1.00106723266125e-11;-8.7755262926005;-11.3044813805194;32.4128627169822;-0.0958875675869701;7.60205997304376
10.641922016781;1.27162726802517e-08;-1.21385886142332e-11;-8.75486274547297;-11.2204285070658;32.4282783864362;-0.111008984822737;7.60205997029303
10.9948143887179;1.33699175084855e-08;-1.4735703011426e-11;-8.73230044151767;-11.1331511910538;32.4450972206034;-0.128913479416091;7.60205996721157
11.3465004242221;1.40594469933685e-08;-1.79268508993009e-11;-8.70760228228647;-11.0422081927685;32.463489201536;-0.150241283759045;7.60205996375559
11.6964339709822;1.47897161393436e-08;-2.18795797548937e-11;-8.6805026265957;-10.9470885544229;32.4836420550507;-0.17582425602043;7.6020599598723
12.0440274567524;1.55665977230345e-08;-2.68211873542077e-11;-8.65071680233033;-10.8472033725668;32.5057520432246;-0.20676339186091;7.60205995549878
12.3891532250271;1.63985414483591e-08;-3.30772336171309e-11;-8.61788343585861;-10.7416774347851;32.5300630318161;-0.244619405216936;7.60205995055188
12.7312497621132;1.72949698615091e-08;-4.11055318008559e-11;-8.58163306455117;-10.6295251835077;32.5568085811375;-0.291574612501814;7.60205994493524
13.0700857559222;1.82688076383769e-08;-5.1594606943715e-11;-8.54150292068736;-10.5092523415932;32.5862608773978;-0.350982213965005;7.60205993852282
13.4054949524442;1.9336923085761e-08;-6.56232855266148e-11;-8.49695677027264;-10.3785582012443;32.6186825622597;-0.428415312768174;7.60205993115258
13.737501181957;2.05221570380817e-08;-8.50338682797017e-11;-8.44734214872654;-10.2331076583876;32.6542612579254;-0.534779010630626;7.6020599226092
14.0658476329766;2.185379552606e-08;-1.13537662209693e-10;-8.39194598755481;-10.0614296569195;32.6926373809;-0.69978767311531;7.60205991261566
14.3907561939399;2.33741825817061e-08;-1.5576434093422e-10;-8.32980699122409;-9.8861742306576;32.7340552908609;-0.909143780845134;7.60205990078121
14.7120175492776;2.51404823561362e-08;-2.11137912866315e-10;-8.25979407375647;-9.76355594817883;32.78299973757;-1.02774841530163;7.60205988658148
15.0298463585213;2.72382216780752e-08;-2.7506700428415e-10;-8.18044174171004;-9.69649472866676;32.8432316220584;-1.00090508618723;7.60205986924952
15.3440628682033;2.97916355607171e-08;-3.40651339309427e-10;-8.09010778490127;-9.68042888067738;32.9151807383877;-0.845425121105081;7.60205984768343
15.6549323663574;3.29978765314112e-08;-3.96786763108636e-10;-7.98658195268152;-9.74334110635618;32.9983942237402;-0.577741617481118;7.6020598201706
15.962276978039;3.71705276558959e-08;-4.39982739888249e-10;-7.86721352868785;-9.8521823044975;33.0909740893376;-0.342563254327745;7.60205978403539
16.2664304205474;4.28573207987498e-08;-4.86750460441079e-10;-7.72822530523992;-9.81314653329578;33.1956286120685;-0.272998128032078;7.60205973473196
16.5671900402388;5.10493143653245e-08;-5.54815411609869e-10;-7.56482992442427;-9.6452959897091;33.3178765730382;-0.276828786981068;7.60205966428134
16.8648816932089;6.3744447684388e-08;-6.63183118871772e-10;-7.37012939154071;-9.43886677246973;33.4635101364961;-0.285649924210094;7.60205955722247
17.1593642955297;8.53407334122176e-08;-8.53148298223402e-10;-7.13468057754994;-9.19038564028505;33.6396241904854;-0.295900754565041;7.60205938111141
17.4508815844679;1.27085234320469e-07;-1.22978240967868e-09;-6.84406504339283;-8.88874466527439;33.8570270124144;-0.305470445397451;7.60205905804816
17.7392885003858;2.23438824506347e-07;-2.11469414743089e-09;-6.47613776909774;-8.51310571467205;34.1322997963668;-0.313471170799295;7.60205836838741
18.0248828973342;5.13984822982183e-07;-4.80779532269028e-09;-5.99253478427609;-8.02549701337445;34.4941544925941;-0.319729917090254;7.60205652117035
18.3074862385881;1.86407111809271e-06;-1.733135867752e-08;-5.32081576354801;-7.35344937511409;34.9967943479024;-0.324634486565187;7.60204940728812
18.5874116984771;1.63906726490306e-05;-1.51113512983671e-07;-4.28487837651789;-6.32064421522648;35.7719350446342;-0.329440201397325;7.60199494681242
18.8644962561884;0.00167493842594338;-1.52054882345163e-05;-2.22288434230732;-4.26494960070509;37.3106285495859;-0.338662653617121;7.59907473426034
19.1391803058109;0.072867836507888;-0.000647996070452386;-0.586396769181248;-2.63757343454223;38.0565783059142;-0.338261891174884;7.27920730236556
19.411254974371;0.234552677876011;-0.00204756985550659;-0.226018803903228;-2.28869230952619;36.4466070154523;-0.315488547357764;6.02323186328279
19.6812620111902;0.483354918295805;-0.00413552514755675;-0.0355207959408844;-2.11165388754071;33.2498180718247;-0.279033394094984;3.79193083609995
19.949030758449;0.791670834910414;-0.00663496747902364;0.0612360587117601;-2.02991676585329;28.7581109533813;-0.233135028120365;0.742289059453307
20.2150223527025;1.0566323872569;-0.00870367536522206;-0.00168505292941392;-2.10916874242643;25.5278965581642;-0.199311033847183;-1.38453602277227
20.4790030645242;1.2717045050113;-0.01031644037457;-0.0889880840973588;-2.21400110321225;25.5574413379335;-0.191648027408873;-1.32118364823962
20.7414503082691;1.45926793757059;-0.011663219502768;-0.145893844038713;-2.28974563885139;25.6019908988258;-0.183832352140151;-1.26300380757012
21.0022114888079;1.62626745717644;-0.0128074585242202;-0.193527716695969;-2.35772618431986;25.6381300392787;-0.175666067167425;-1.21507904662117
21.2616746032362;1.77664501763888;-0.0137865775619233;-0.236892591678632;-2.42324013183063;25.6701992726326;-0.167140501097204;-1.1720077421769
21.5198604133942;1.91271103330175;-0.0146244962413532;-0.278182702049644;-2.48873049774147;25.7001913869371;-0.158266340960511;-1.13136107015591
21.7768803029196;2.03618505198686;-0.0153399508449137;-0.318391149306;-2.55538465010761;25.7290600147453;-0.14908378806216;-1.09200494441825
22.0329066909942;2.14848910620791;-0.0159489140268007;-0.357889294644068;-2.62369369355186;25.7572285837075;-0.139667298600383;-1.05347030117186
22.2879399270934;2.25079570801822;-0.0164652140650527;-0.39669312217291;-2.69369462444141;25.7848170927288;-0.130125542396369;-1.01566844929676
22.5419994380216;2.34417329111649;-0.0169014322681953;-0.434692828873433;-2.76523167323667;25.8118054860448;-0.120581182714266;-0.978667229147292
22.7952402880056;2.42963359213692;-0.0172690648749124;-0.471769344311291;-2.8381197388973;25.8381413159667;-0.111150360240874;-0.942560896471524
23.0476810744923;2.50803940954585;-0.0175780921417543;-0.507811237708273;-2.91216272372437;25.8637531011291;-0.101938927432261;-0.90745274335095
23.2993642408661;2.58016675056906;-0.0178372640190384;-0.542754246877821;-2.9872662945807;25.8885920530042;-0.0930242943582282;-0.873407480135295
23.5504045481388;2.64671694001913;-0.0180541451906048;-0.576594161689251;-3.06352160723248;25.912640596572;-0.0844470000371579;-0.840439079693974
23.8008264715661;2.70828144245479;-0.018235056620041;-0.609341973075666;-3.14120634179272;25.9359008777962;-0.076214388420043;-0.808540828744542
24.0506639720227;2.76538287859401;-0.0183853009369505;-0.641010595088845;-3.22085957275808;25.9583917118853;-0.068301273917406;-0.777693967461134
24.2998040203313;2.81845501967772;-0.0185092240216181;-0.671576935644019;-3.30329132906953;25.9801212792384;-0.0606634046265654;-0.747904844213735
24.5482753630679;2.86791435712993;-0.018610496271483;-0.701028012577535;-3.38978584854088;26.0011011932977;-0.0532394923275058;-0.719172439652798
24.7962021578331;2.91414606738973;-0.0186921601113576;-0.729383506128785;-3.48229366900433;26.0213407462211;-0.0459641789602798;-0.691480907401592
25.0435623206035;2.95746096236709;-0.01875666992676;-0.756692492284839;-3.58370395887346;26.040839509203;-0.038783188797782;-0.664806135946071
25.2904531751762;2.99814524778493;-0.0188060831252977;-0.783078310509953;-3.69866203605505;26.0596206639106;-0.0316507761279139;-0.639071058836077
25.5368471139178;3.03642133802698;-0.0188420999249299;-0.808702450206306;-3.835124900222;26.0777225318389;-0.0245384547207526;-0.61416937445993
25.7828711343805;3.07249625977443;-0.0188661907582375;-0.83377211364276;-4.00912568874442;26.0952211868308;-0.0174263891170451;-0.589946675972569
26.0284225636384;3.10651116904019;-0.0188796244972735;-0.85847314950738;-4.26194555890002;26.1121967848592;-0.0103126671461016;-0.566256486640259
26.2735848767138;3.13860866136484;-0.0188835537461335;-0.882982606534106;-4.79514417436794;26.1287548244258;-0.00319857947376509;-0.542939795381225
26.5183863336878;3.16890490617478;-0.0188790268956904;-0.90742519679265;-4.73301785162315;26.1449952219297;0.00390657271054301;-0.519867490665164
26.7628378086674;3.19750225335461;-0.0188670148273905;-0.931866914205025;-4.30857486916129;26.161004383695;0.0109887035841266;-0.496948854609911
27.0068656426605;3.22448771504486;-0.0188484291842632;-0.956309512365749;-4.11826177133279;26.1768427398012;0.0180287246127485;-0.474142657620139
27.2506094366068;3.24996783502469;-0.018824097278577;-0.980732098116267;-4.00075744236619;26.1925593522019;0.0250122403010755;-0.45142659943043
27.4939779805158;3.27402275290057;-0.01879480184498;-1.00506056515005;-3.91946451338353;26.208164610366;0.0319177787263986;-0.428830840688424
27.7369663251082;3.29674081628354;-0.0187612522714424;-1.02921413543676;-3.85989843827524;26.2236548973517;0.0387265597235342;-0.406398247988455
27.9797090329979;3.31822018611435;-0.0187240683246831;-1.05312465662377;-3.81479070781322;26.2390201849197;0.0454236012162753;-0.38416966648516
28.2223220200001;3.33855135051565;-0.0186838103270784;-1.07675179265528;-3.78006187512297;26.254228873135;0.0519863330119367;-0.362186465127332
28.4661122607581;3.35790633600952;-0.0186407713338792;-1.10022346609362;-3.75315421282306;26.2693109863597;0.0584141330020326;-0.340364690859333
28.7125954810014;3.37644364679957;-0.0185951396617628;-1.12374062807349;-3.73252097604781;26.2843035541044;0.0647017647366166;-0.31857920228256
28.9632527549996;3.39428863879726;-0.0185470773847781;-1.14756395468721;-3.71727597025922;26.2992415617952;0.0708322779071987;-0.296676383807649
29.2192618886685;3.41151883415093;-0.018496803410688;-1.17196525851587;-3.70691224298518;26.3141593533519;0.0767790114028038;-0.274497507433837
29.4828542717176;3.42825084449834;-0.0184443569242735;-1.19738473193952;-3.70121645792503;26.3291523270402;0.0825287279386105;-0.251758847869427
29.7565378201642;3.444577661283;-0.0183897785063147;-1.22434717282599;-3.70022774925439;26.3443441518726;0.0880657047197217;-0.228115498450438
30.0447205090615;3.46064732773379;-0.0183328438238085;-1.25366102679354;-3.70429098607128;26.359957520027;0.0933930904461835;-0.203014528491741
30.3531434396233;3.47659490327912;-0.0182732882621244;-1.28645199128659;-3.71422433446816;26.3762596607801;0.0985010514455544;-0.175714651557937
30.691214850714;3.49260789554137;-0.0182105638930903;-1.324535952543;-3.73157214504171;26.3936728620998;0.103386453303345;-0.145025870290511
31.081404035316;3.50918072255185;-0.0181427278068369;-1.37187863014784;-3.75981444358895;26.4131857600695;0.108114755938469;-0.108304684048523
31.5752592665588;3.52719767449159;-0.018065863204631;-1.43791833839869;-3.80787327452687;26.4368972966933;0.112786091735444;-0.0594293268314744
32.3706433474928;3.54908313666028;-0.0179685889371842;-1.56042117232309;-3.91257892572864;26.4720362136466;0.117660203410825;0.0253137869416175
34.0004431007116;3.57125716218638;-0.0178674856150279;-1.86628970456782;-4.20736882139066;26.5261082455134;0.120946810688109;0.214385440174345
40.1669032023999;3.57932271944103;-0.0178312475304181;-2.88340154741417;-5.23087069120516;26.5853324810513;0.119446368974894;0.762507079566981
81.1510112979723;3.58038431786344;-0.0178264885534515;-4.58665522384963;-6.935101885498;26.6315275164479;0.119384904273761;1.64499876193256
417.22499053121;3.58052797892662;-0.0178258476555253;-6.36909581206915;-8.71964602191551;26.6919554230867;0.119077629652904;2.57659273604664
2764.99801101639;3.58055083046569;-0.0178257456766474;-8.01174065206808;-10.3621458783835;26.7472239826692;0.119364034140822;3.43484327472558
13854.9753814861;3.5805558107155;-0.0178257234122287;-9.34767953252397;-11.6973192996798;26.8030996998539;0.119824397694974;4.14014684566228
56600.43056785;3.58055721220217;-0.0178257171318533;-10.4843009752652;-12.832904344176;26.8689216286546;0.120405650312881;4.75243749928811
197974.395439087;3.58055769161992;-0.0178257149807441;-11.4696553264636;-13.8177069738387;26.9458151000236;0.120903724016047;5.29649168944127
613491.683734786;3.58055788402363;-0.0178257141167584;-12.3343756518807;-14.6820825461451;27.0339920569864;0.121395695493343;5.78776777943152
1722963.8247116;3.58055797291851;-0.0178257137175063;-13.096239682859;-15.4438692663097;27.1351073468612;0.121871445016074;6.23626027377331
4529312.76952404;3.58055801989609;-0.0178257135065659;-13.776250993421;-16.123981823209;27.2544809813133;0.122379052438219;6.6560256079277
11884061.0966082;3.58055804866637;-0.0178257133775937;-14.4076237899173;-16.7560718374438;27.4090124313958;0.122869853460688;7.0749619376607
35977685.158929;3.58055807049631;-0.0178257132803031;-15.0428494728126;-17.3938309376494;27.6536562614573;0.123245506896465;7.55603197703608
101074609.114596;3.58055809128738;-0.0178257131881898;-15.4956836122672;-17.8492382661795;27.9862070867165;0.123990779267843;8.00464141006217
210515600.146679;3.580558114917;-0.0178257130843988;-15.6657232457662;-18.0230202482611;28.3358665834855;0.124462779819134;8.32328375267452
365828190.093246;3.58055814858146;-0.0178257129378288;-15.6640349906459;-18.0251614688158;28.6963238220297;0.124939506531183;8.56327658202371
563122879.790071;3.58055820697716;-0.0178257126843152;-15.5287345801664;-17.8911142627198;29.0779392889892;0.126236208752193;8.75060234767645
792388247.915318;3.58055832888918;-0.0178257121592559;-15.2742919331738;-17.6401300942141;29.4903583168666;0.127011161718116;8.89893657807247
1038418987.28447;3.58055862012725;-0.0178257108981487;-14.9267412231557;-17.2902373640603;29.9261971441349;0.129585196524589;9.0163696015821
1296299540.3926;3.58055951962568;-0.0178257069830082;-14.4574181852876;-16.8186712394615;30.4215749936292;0.132412394885888;9.11269755314677
1554920839.32718;3.58056319282407;-0.0178256905866071;-13.8476199029197;-16.1979157550369;30.99610634526;0.138360234732504;9.19168254618442
1806223424.63935;3.58058640435647;-0.0178255871822178;-13.0344931433955;-15.3856579825809;31.7018259287544;0.141227554132476;9.25664628778551
2045295193.38954;3.58119841822692;-0.0178228808214444;-11.5917670297004;-13.9461426045699;32.8598714903588;0.145308254463103;9.30902979654274
2272378126.78771;3.60554427308622;-0.0177200225508907;-9.96975946710197;-12.3439452778201;34.0287608928118;0.143767368808707;9.27900156868674
2490401677.4947;3.66579196789149;-0.0174702128507629;-9.55856297362828;-11.940894110186;33.6935506832811;0.139706188255625;8.84942489056568
2699826073.0295;3.73227951101088;-0.0172048103472787;-9.49828698562145;-11.8971222554514;33.0951791025969;0.132108105894551;8.41947048716409
2901309320.26668;3.80346894488028;-0.0169268594799155;-9.45182340237457;-11.8602709079991;32.715560373326;0.127734101646605;8.14258871067522
3093321737.08522;3.87828382018448;-0.0166430037282035;-9.40934135759952;-11.830231615351;32.6226226973121;0.123773768931808;8.05924217489986
3276172227.3601;3.95209621733151;-0.0163728926572888;-9.39396681934852;-11.8305537443696;32.5555048525137;0.119134489865748;8.00669929648272
3450742107.79049;4.03217481623545;-0.0160871886753517;-9.33845284854857;-11.7860530211384;32.5367964402065;0.116084602249294;7.96643516458129
3617293053.43824;4.11247107076844;-0.0158115672509212;-9.31685181505963;-11.7812341300317;32.5085561577256;0.111587453318777;7.93675573546988
3774891368.19999;4.19416315766091;-0.0155415435604585;-9.28537157854272;-11.7661497006076;32.4759223289396;0.107345383525112;7.89920214482435
3922941824.88142;4.27747748778826;-0.0152757856704284;-9.24969004455809;-11.7459235843026;32.4599660084459;0.103541516371395;7.87069212065735
4061077425.10922;4.36053582558693;-0.0150216592265854;-9.22092238356752;-11.7352557599916;32.4348506209906;0.099238119415188;7.83951874661729
4190362570.43935;4.44401922649096;-0.0147767165443895;-9.18994849514039;-11.7224841587726;32.4064967034697;0.0950815867246024;7.80507910864309
4312268888.91857;4.52487408460601;-0.0145498261468733;-9.17832009660437;-11.7302100999425;32.3875766806215;0.090884213007917;7.78661566679427
4426180248.66783;4.60179362956851;-0.0143436878946077;-9.17053032963052;-11.7424084464447;32.3818217555148;0.0867807024224101;7.77886822582671
4527212958.3772;4.67855096941045;-0.0141458783666036;-9.11934208587586;-11.708214794301;32.377480093602;0.0834392394064959;7.75036744335843
4610714916.72695;4.75893935613889;-0.0139469060002696;-9.01650334787283;-11.6229038960565;32.3431366306162;0.0800537327835064;7.67599606456579
4678219569.37325;4.83970035899599;-0.0137592480261004;-8.9221320036936;-11.5559666832293;32.26449546941;0.0749704640010098;7.57625874731915
4723733015.55801;4.89892395542038;-0.0136414533246354;-8.88564494372771;-11.5870139647908;32.2072239631997;0.0640596073324247;7.51973405217811
4748845530.51427;4.93365556271429;-0.0136103281932882;-8.85916532654603;-11.9067790155912;32.1896840630773;0.0288471574611748;7.4947414541685
4759492609.11398;4.94930566679826;-0.013580725300168;-8.83271322991251;-11.5558963029967;32.1884917149725;0.0608860155067922;7.48074828109746
4762718279.15602;4.95419679775308;-0.013570767721669;-8.81921065003209;-11.5104662019962;32.1901442050329;0.0655341046426819;7.47510712950415
4764201784.41987;4.95648981439886;-0.0135659356791618;-8.81088188421086;-11.4871583455434;32.191881815644;0.0678375107342178;7.47210687658098
4765044803.86759;4.95781086779994;-0.0135630204739439;-8.80491722003433;-11.4611684609029;32.1935403866843;0.07104237939278;7.47023728070626
4765563606.43491;4.9586325041512;-0.0135611178885376;-8.80032247125373;-11.4356579553656;32.1951287074951;0.0745512074027303;7.46900638040159
4765897480.91429;4.95916583546968;-0.0135598243711589;-8.79658613658232;-11.4118109558688;32.1966659329636;0.078088320483759;7.46817084590107
4766110820.37497;4.95950908595931;-0.0135589554833288;-8.79346002746063;-11.3901074784628;32.1981617262599;0.0815048826458749;7.46761279604225
4766245937.55103;4.95972785188425;-0.0135583795942135;-8.79073088284779;-11.3703716897898;32.1996461703759;0.0847637754835427;7.46724561004039
4766328645.99688;4.95986252589064;-0.0135580124297398;-8.78826608017987;-11.352689207335;32.2011345577126;0.0877906059259236;7.46701302827085
4766377171.78253;4.95994196385229;-0.0135577890785378;-8.7859444837239;-11.3369842814203;32.2026535589506;0.0905423708193235;7.46687217944683
4766403719.51509;4.95998564961386;-0.0135576629465268;-8.78368752271218;-11.3232021141122;32.2042167868928;0.0929818429945723;7.46679275576964
4766417069.31285;4.96000773299362;-0.0135575977071163;-8.781409145749;-11.3109646579812;32.2058539683612;0.0951435402155232;7.46675161383657
4766423048.6195;4.96001767892822;-0.0135575677138679;-8.77900522755244;-11.2996273234311;32.2076186461354;0.0971262272534227;7.46673262514004
4766425207.39498;4.96002129041268;-0.0135575566183344;-8.77652172599846;-11.2890592863609;32.2094610608709;0.0989568580678052;7.46672555519268
4766425869.14579;4.96002240470208;-0.0135575531273117;-8.77369647941098;-11.2777418083991;32.2115659456759;0.100917506036842;7.46672331767975
4766426013.85774;4.96002265029818;-0.013557552339994;-8.77028294104441;-11.2643543780179;32.214112305964;0.103270131831561;7.46672281052989
4766426036.4471;4.96002268900552;-0.0135575522123568;-8.76611051338175;-11.2479268148086;32.2172250469063;0.106236029131654;7.46672272786827
4766426041.48471;4.96002269774142;-0.0135575521824755;-8.76091699550775;-11.2268241749101;32.2210983329835;0.110213085481759;7.46672270838767
4766426044.08332;4.96002270231297;-0.0135575521660821;-8.75467798869767;-11.2000733227811;32.2257487015887;0.115560039609983;7.4667226976705
4766426045.85561;4.96002270547956;-0.0135575521540927;-8.74794372075789;-11.1697363355613;32.2307646264724;0.122033198359816;7.46672268984963
4766426047.1746;4.96002270787466;-0.0135575521444589;-8.7409170569226;-11.1364433625689;32.2359935042029;0.129662608387858;7.4667226836213
4766426048.26731;4.96002270989389;-0.0135575521357516;-8.7333203907635;-11.0986221680428;32.2416397828983;0.139032183775618;7.4667226780978
4766426049.2064;4.96002271166191;-0.0135575521275031;-8.72521729190984;-11.0563304253024;32.2476529848624;0.150447501016786;7.46672267300951
4766426050.03292;4.960022713249;-0.01355755211942;-8.71665474269123;-11.0096801721502;32.2539939890029;0.164269929675104;7.46672266820629
4766426050.7675;4.96002271468886;-0.0135575521113483;-8.7077198892525;-10.9590744603467;32.2605925862059;0.180849690337506;7.46672266362855
4766426051.43777;4.96002271603144;-0.0135575521029835;-8.69830619299909;-10.9037905334794;32.2675190647329;0.201039425646816;7.46672265915014
4766426052.05147;4.96002271728886;-0.0135575520941949;-8.68847185993788;-10.844036694254;32.2747180754728;0.225578457694973;7.46672265475365
4766426052.63351;4.96002271851081;-0.0135575520844845;-8.67790741774193;-10.7777179393277;32.2823951858775;0.256540081310395;7.46672265027964
4766426053.1792;4.96002271968623;-0.0135575520737277;-8.66675047503832;-10.7052625585166;32.2904149230455;0.295502760399965;7.46672264577388
4766426053.70066;4.96002272084078;-0.0135575520613482;-8.6548061701408;-10.624516726045;32.298853874606;0.346319188971879;7.46672264114374
4766426054.19611;4.96002272197016;-0.0135575520468613;-8.64216006945655;-10.5340237451757;32.3075242911396;0.41441932957481;7.4667226364069
4766426054.67427;4.96002272309456;-0.0135575520289853;-8.62865528157894;-10.4273065596564;32.3162188650702;0.513770616699646;7.46672263147835
4766426055.12761;4.96002272419569;-0.013557552006482;-8.61458304030873;-10.3041773143114;32.3241108686992;0.660590484642757;7.4667226264373
4766426055.56548;4.96002272529626;-0.013557551979459;-8.59972405755606;-10.2096038882214;32.3322649011604;0.793882626200306;7.46672262118255
4766426055.98646;4.96002272639308;-0.0135575519507765;-8.58413474008554;-10.1666551170968;32.3426323098714;0.845775277777862;7.4667226157265
4766426056.39556;4.96002272750024;-0.0135575519230811;-8.56761387910168;-10.169416276222;32.3559212687215;0.809377957812442;7.46672260999643
4766426056.79167;4.96002272861615;-0.0135575518987052;-8.55018874895917;-10.2108594511403;32.3713365603102;0.707114802824247;7.46672260399371
4766426057.18187;4.96002272976372;-0.0135575518793775;-8.53150127955188;-10.3050989228149;32.388418446514;0.545496663134111;7.4667225975854
4766426057.55579;4.96002273091391;-0.0135575518662259;-8.5120147063753;-10.4538055089189;32.4054512473353;0.370533322644471;7.46672259092039
4766426057.92484;4.96002273210519;-0.0135575518570546;-8.49107122845967;-10.6046516119412;32.4222699632041;0.249610605695923;7.46672258376894
4766426058.2881;4.96002273334017;-0.013557551848873;-8.46855836829054;-10.6473798088019;32.4393636987486;0.214907160686027;7.46672257609277
4766426058.64572;4.96002273462585;-0.013557551839984;-8.4442913945945;-10.6045732503713;32.4574603940181;0.22440507790779;7.46672256782463
4766426058.98683;4.96002273592592;-0.0135575518304333;-8.41892110132336;-10.552853644997;32.4763464043257;0.238580322566412;7.46672255917715
4766426059.32869;4.96002273731542;-0.0135575518195748;-8.39099117645848;-10.4980820233618;32.497132692427;0.253953496576884;7.46672254964162
4766426059.66335;4.96002273877341;-0.0135575518075136;-8.36085276866819;-10.4432141219235;32.5195672007779;0.269019278583781;7.46672253931878
4766426059.99395;4.96002274032706;-0.013557551793995;-8.32794885110744;-10.3883683283122;32.5440724510462;0.283173377548335;7.46672252798532
4766426060.31515;4.96002274196475;-0.0135575517791203;-8.29253669347169;-10.3343208053048;32.5704623939821;0.295828364380346;7.46672251568388
4766426060.63318;4.96002274373848;-0.0135575517624099;-8.25358202754899;-10.2794824070096;32.5995114927171;0.307121848262055;7.46672250199369
4766426060.94621;4.96002274566492;-0.013557551743699;-8.2108267220047;-10.2234887224545;32.6314154454275;0.316937707363507;7.4667224867327
4766426061.25669;4.96002274779644;-0.01355755172247;-8.16335901310105;-10.1651189392757;32.6668572002675;0.325347465509077;7.46672246943588
4766426061.55838;4.96002275012987;-0.0135575516987649;-8.11156380320983;-10.1047161398721;32.7055507531745;0.332253167761416;7.46672245005353
4766426061.85435;4.96002275274155;-0.0135575516718211;-8.05432087027122;-10.0407827574973;32.7483333487606;0.337852638729768;7.46672242790909
4766426062.14771;4.9600227557427;-0.013557551640497;-7.99011502479198;-9.97152370941982;32.7963378862783;0.342307699249211;7.46672240201421
4766426062.43624;4.96002275922505;-0.0135575516038511;-7.91831676736527;-9.89616500578155;32.8500351489586;0.345690623701314;7.46672237150431
4766426062.71963;4.96002276334251;-0.0135575515602955;-7.83775884378432;-9.81334369103085;32.9102975834193;0.348134418419679;7.46672233498612
4766426062.99858;4.96002276834088;-0.0135575515072789;-7.74669126594484;-9.72110759764475;32.9784333727954;0.349795073914507;7.46672229028306
4766426063.27406;4.9600227746116;-0.0135575514407274;-7.64277618904512;-9.61693566613173;33.0561905607509;0.350827255783429;7.46672223399275
4766426063.54705;4.96002278280055;-0.0135575513539155;-7.5229264101109;-9.49757558265351;33.1458779661475;0.351382682952344;7.4667221606174
4766426063.81628;4.9600227939156;-0.0135575512363786;-7.38420425109397;-9.35994135820972;33.2496925929583;0.351601344656606;7.46672206174934
4766426064.08132;4.96002280979574;-0.0135575510690558;-7.22246071317113;-9.19976007741267;33.3707380462344;0.351614233850339;7.46672192249481
4766426064.34241;4.96002283406201;-0.0135575508145147;-7.03178147951134;-9.01102649502266;33.5134391746914;0.351539379840445;7.46672171455775
4766426064.59885;4.96002287426259;-0.0135575503950374;-6.80475044048308;-8.7862743337992;33.6833449313707;0.351472474788472;7.4667213813494
4766426064.85209;4.96002294927219;-0.0135575496170443;-6.52841645800135;-8.51255755778203;33.8901464954882;0.351505679324589;7.46672078944103
4766426065.10064;4.96002311090404;-0.0135575479520229;-6.18688587535741;-8.17399301058818;34.1457366936527;0.351746149361384;7.46671959699019
4766426065.34404;4.96002354013238;-0.0135575435644488;-5.7536366178641;-7.74410053466686;34.4699607923485;0.35235210682037;7.46671671773937
4766426065.58226;4.96002510987585;-0.0135575276590159;-5.18114644865542;-7.17542964099239;34.8983736125155;0.353607929603168;7.46670757853266
4766426065.81527;4.96003508476823;-0.0135574275978352;-4.36846866329578;-6.36711125834742;35.5064689573367;0.356176194727254;7.46666162061913
4766426066.04304;4.96025626006567;-0.0135552341499381;-3.0127650741504;-5.01637437146302;36.5200406081862;0.362177906845608;7.46602907132607
4766426066.26552;4.98013146420855;-0.0133606679065509;-1.04898461174343;-3.05822871605277;37.9047510916502;0.371064617671886;7.40933777849758
4766426066.48262;5.05120547855858;-0.012674990751104;-0.484941633629671;-2.50053279885142;37.5915576251989;0.36265958152193;6.91801314373603
4766426066.69424;5.17108207566825;-0.0115372174900197;-0.246822982652296;-2.26950166579588;36.2351394636939;0.343915107597967;5.89259127889541
4766426066.90026;5.33525886561877;-0.010006840475455;-0.0986064131135121;-2.12911973882918;34.0598189384259;0.317489238517291;4.36495067577652
4766426067.10043;5.53329296743414;-0.00819692389260226;-0.00464150541687661;-2.0437229292248;31.2116635811348;0.285256463286213;2.4148666824524
4766426067.29448;5.74694382989413;-0.0062855490569525;0.0417764316674735;-2.00658235466397;27.9368324051817;0.249929992475591;0.203466759650332
4766426067.48149;5.93294901188047;-0.00465904604114891;-0.00233934868027727;-2.06060951936352;25.6346179260242;0.224159256857235;-1.31277527684124
4766426067.6607;6.08272484639428;-0.00338045340958991;-0.0779220980993735;-2.14663164885373;25.5473994742653;0.218090700875227;-1.33329097430975
4766426067.83141;6.2121187618749;-0.00230304014509542;-0.120329557802141;-2.19986109465966;25.5812613397672;0.213005303901589;-1.28949166385692
4766426067.99312;6.32575413084259;-0.00138058863296711;-0.153243263858014;-2.2438132431605;25.6073805569459;0.207871608382027;-1.25561179529496
4766426068.14823;6.42802766102271;-0.000571646184109808;-0.180872216349367;-2.28271783771545;25.6289967451227;0.202715046134067;-1.22738227365314
4766426068.30062;6.52294931762602;0.000159231350967322;-0.205589810194041;-2.31911050603739;25.6479903064149;0.197484331875636;-1.20236032346553
4766426068.45949;6.61657013951172;0.000859296849089057;-0.229655709256974;-2.35588948418005;25.6661988850705;0.191923334419192;-1.17818957640277
4766426068.63342;6.71332839116642;0.00155916038831156;-0.254691666945943;-2.3953663106765;25.6848764309279;0.185781659093974;-1.15322241118052
4766426068.82166;6.81193874187375;0.00224639595662223;-0.280800530201989;-2.43761740498275;25.7041127371254;0.179137183856564;-1.12734677251785
4766426069.01856;6.90894693506211;0.00289595834935355;-0.307423386873981;-2.48161092973671;25.7235272293752;0.172243553327083;-1.10109500835644
4766426069.22181;7.00304667657677;0.00349995630693175;-0.334448090344862;-2.52700105074266;25.7430754094626;0.165237063554243;-1.07455221326939
4766426069.43085;7.09389300567481;0.00405777903463832;-0.361923346961402;-2.57373452505594;25.7628291748913;0.15819122012368;-1.04764563983924
4766426069.64316;7.18046433207292;0.00456558783877817;-0.389584341007631;-2.62125818640878;25.78262476704;0.151235338480658;-1.02061658905739
4766426069.85989;7.26331961081006;0.0050291526235605;-0.417604817379228;-2.66981456318247;25.8026049154104;0.144362304692531;-0.99328290377039
4766426070.07866;7.34172249795211;0.00544712327099965;-0.44566523099233;-2.71885150269889;25.8225586019966;0.137661659293962;-0.965945077162898
4766426070.3007;7.41628456784693;0.00582535305824705;-0.473900550418695;-2.76866277780543;25.8425873424209;0.131091268338376;-0.938468032409392
4766426070.52458;7.48674127134182;0.0061649949215827;-0.502101867868947;-2.81900297272984;25.8625476956162;0.12467236549866;-0.911052063282097
4766426070.75055;7.55338807073799;0.00646978145708743;-0.530273836068122;-2.87005735668583;25.8824414855992;0.118364568775585;-0.883693824796421
4766426070.9783;7.61635115525327;0.00674236373380225;-0.558357506710557;-2.92194588773812;25.9022240056982;0.112136933026785;-0.856452806708885
4766426071.20754;7.67577896223875;0.00698527623063854;-0.586301486551621;-2.97484133267824;25.9218594706535;0.105956183242547;-0.829378746177873
4766426071.43833;7.73190095084926;0.00720115137207851;-0.614085990601017;-3.02901640677408;25.9413427087095;0.0997842586307909;-0.802485112725562
4766426071.67028;7.78483992205267;0.00739202556164156;-0.641623873732001;-3.0846521647715;25.960627850306;0.0936023819283439;-0.775846177629051
4766426071.90356;7.83484238886993;0.00756021432811549;-0.668888190378984;-3.14208263529907;25.9797088041016;0.0873855922565209;-0.749479536738634
4766426072.13798;7.88206824187251;0.00770758072839066;-0.695821589332645;-3.20160292518824;25.9985430320029;0.0811274218554826;-0.723442286269858
4766426072.3733;7.9266600863661;0.00783583663156843;-0.722394770925879;-3.26357284444616;26.0170854922815;0.0748308314168427;-0.697779147377802
4766426072.60969;7.96882469547643;0.00794676346428947;-0.748675974965335;-3.32858744067877;26.0353358199648;0.0684938720475342;-0.672456231401122
4766426072.84674;8.00864782328705;0.00804173823220267;-0.774718672886149;-3.39724579956337;26.0532691662413;0.0621348278872296;-0.647463359349606
4766426073.08488;8.04632928382527;0.00812232119438377;-0.800704815212584;-3.47058931522014;26.0709460084749;0.0557535198004218;-0.622669140385048
4766426073.32355;8.08189793759566;0.00818964224032261;-0.826725834332361;-3.54964240751216;26.0883767561303;0.0493776576815912;-0.598020860211521
4766426073.56303;8.11549613951431;0.00824500095052612;-0.852954976916323;-3.63608504972066;26.1056489649357;0.0430134642092822;-0.5733733937983
4766426073.80312;8.14718353778244;0.00828949514779484;-0.879476083098035;-3.73205928952379;26.1228188177755;0.0366806338550809;-0.548647272358264
4766426074.04381;8.17704469140618;0.00832421817792968;-0.906351882535561;-3.8408408470788;26.1399473093278;0.0303959515289161;-0.523770382083276
4766426074.2851;8.2051591986201;0.00835021294837353;-0.933617596615794;-3.96766208569828;26.1570726539491;0.024184919691065;-0.498699588970322
4766426074.52691;8.23159557624751;0.008368473213873;-0.961275457358577;-4.12197031645902;26.1742087081321;0.0180791788869568;-0.473424541080874
4766426074.76965;8.25646930520109;0.00837996852549625;-0.989389635282012;-4.3246097839035;26.1913818424312;0.0121042605507291;-0.447895576589898
4766426075.01357;8.27987026053392;0.00838558334369555;-1.01801440457086;-4.63791229328773;26.2086010497529;0.00628848386996929;-0.422079606300865
4766426075.2598;8.30195166775274;0.00838612181086975;-1.04732116757818;-5.66018868135578;26.2259261414437;0.000639533531549602;-0.395851037897567
4766426075.50917;8.32281418510286;0.00838228630609208;-1.07748181748931;-4.81302600029506;26.243388146514;-0.00482476006749611;-0.369103267819239
4766426075.76378;8.34263053994251;0.00837465485734422;-1.10885179174679;-4.5232685701632;26.2611055074779;-0.010113377680408;-0.341579515857431
4766426076.02555;8.36151486289965;0.00836371513366032;-1.14181570163225;-4.37891076799658;26.2791745517879;-0.0152235750728358;-0.313023188116453
4766426076.29613;8.37952404992054;0.00834992506427886;-1.17679439904101;-4.29272205594811;26.2976571262575;-0.020136751088233;-0.283182615391403
4766426076.58107;8.39689984908164;0.0083334923866267;-1.21481699631811;-4.23905344835001;26.3168625763898;-0.024888439117196;-0.25133660574853
4766426076.88252;8.41359546572249;0.00831483519198925;-1.25660425725205;-4.20836037905251;26.3368314068473;-0.029431161499545;-0.217097808328407
4766426077.21257;8.42996643206563;0.00829382437872633;-1.30450352806652;-4.1961349807964;26.3581954256832;-0.0338286152709939;-0.178870429321068
4766426077.58669;8.4462258231396;0.008270347829703;-1.3619052614668;-4.20237528099963;26.3816287852226;-0.0380918079080801;-0.134508850013602
4766426078.05412;8.46324419528717;0.0082430360164001;-1.43880487502558;-4.23337235629546;26.4094166075441;-0.0423829641031037;-0.0774884430514177
4766426078.77077;8.48260004198031;0.00820867209430773;-1.56849435917592;-4.3192038070612;26.4477673132424;-0.0469547537691344;0.0129852085473534
4766426080.18104;8.50221240498278;0.00817104017549645;-1.85677314466187;-4.57374670451061;26.5037319017945;-0.0508549779033941;0.194521774574462
4766426084.97888;8.51128604705337;0.0081535175347178;-2.72326361005479;-5.43744569580371;26.5674753003023;-0.0513060050706547;0.670357469078293
4766426115.38655;8.5126497249624;0.00815091851989804;-4.3482713930305;-7.06817444232725;26.6141599063369;-0.050723558366689;1.51405294580009
4766426367.70991;8.51283132496473;0.00815057397204456;-6.14284159870901;-8.86470789984167;26.6726845991791;-0.0506058155691586;2.45044121197364
4766428432.75783;8.51285700587862;0.00815052538849038;-7.9053196609769;-10.6284408528701;26.7299328357656;-0.0505681045949217;3.36993058418829
4766444871.61578;8.5128609626909;0.00815051793821273;-9.61852619598764;-12.3436991841533;26.8004757794077;-0.0504625875396412;4.27366694174805
4766517083.54174;8.51286189972013;0.0081505161827835;-10.8868557888544;-13.6142256039062;26.8770271536858;-0.0503513843003912;4.95897903784155
4766775269.33767;8.51286219764919;0.00815051562705376;-11.937819484417;-14.6670687042214;26.9646943420846;-0.0502974864036396;5.54303519485629
4767548001.06148;8.51286231454916;0.00815051540983027;-12.8202143282207;-15.551121964016;27.0630560253176;-0.0502885601069899;6.04995243300893
4769631988.18818;8.51286236918737;0.00815051530863979;-13.5813985804925;-16.3137553852479;27.1759091815613;-0.0503300402546653;6.50594682358339
4775086970.66777;8.51286239915791;0.00815051525329536;-14.2600988327417;-16.9937193790202;27.3139983149397;-0.0504387984168062;6.9375605661105
4791601877.00515;8.51286241913636;0.00815051521651876;-14.9173142437105;-17.6523045622819;27.5157716860398;-0.0506513912425598;7.40098228524541
4849480124.19639;8.51286243707613;0.00815051518365702;-15.50869857707;-18.2458247670404;27.8490610076545;-0.0510134113629347;7.91936029775345
4965704769.87883;8.5128624570372;0.0081505151472093;-15.7651144919733;-18.5036278722759;28.2260627818893;-0.051539110971284;8.29946047176094
5136364145.8381;8.51286248533195;0.00815051509574932;-15.7804243109534;-18.5206605161785;28.6167158194518;-0.0520455479785816;8.56812858048584
5354557050.37105;8.51286253494341;0.00815051500557567;-15.6432585665321;-18.3837610198397;29.0207106720075;-0.0527479505189924;8.76947340044026
5602579341.7549;8.51286264035387;0.00815051481388502;-15.3716070181504;-18.1118897842573;29.452707341579;-0.0535602327888677;8.92228470448723
5866802284.80505;8.51286290229033;0.00815051433507945;-15.0037745725024;-17.7418113330305;29.9064548372585;-0.0546673690780775;9.04153860534817
6136180218.95761;8.51286372391726;0.0081505128191044;-14.5156873526989;-17.2496699631211;30.4140382600393;-0.0561166164687753;9.13663570169398
6400407314.29184;8.51286706367942;0.00815050650233799;-13.8982618100647;-16.6214825330468;30.9907069720603;-0.0586152687642255;9.21322387746567
6656320928.32667;8.51288856694969;0.00815046496663328;-13.0755888765116;-15.789671806736;31.7007811101918;-0.0612332108927834;9.27632260151927
6900465969.63362;8.5134863802009;0.00814930066273826;-11.6110823705562;-14.3215815576633;32.8734016529876;-0.0640243914124076;9.32755169627594
7133650743.49134;8.53967689096692;0.0080989749563248;-9.94955622101993;-12.6659103093948;34.0635449595519;-0.0654539339973636;9.29197659801118
7355034153.14425;8.60120832777906;0.0079820040010552;-9.55604801562278;-12.2770670352945;33.688683472319;-0.0640420196843949;8.84475923453618
7565898190.74657;8.66897010405105;0.00785562226508733;-9.49301773624473;-12.2223182015886;33.0869411500928;-0.0617100862827293;8.41119054592051
7766838253.40648;8.7397012289771;0.00772442503459565;-9.45345596808245;-12.1851418659555;32.7099910015657;-0.0606728683207017;8.13955131350675
7959740069.60408;8.81503113487158;0.00758768061925349;-9.40836889171383;-12.149426717876;32.6218001451748;-0.0592175037960288;8.05808179073385
8145300798.5083;8.88969431735343;0.00745388950283645;-9.3953795722336;-12.1420587920963;32.5555840127613;-0.0583372927042717;8.00734414879785
8322438516.04782;8.97088657241773;0.00731085738876017;-9.33879644056132;-12.0928774866461;32.5356322548646;-0.0573163075780555;7.96572073195974
8490284730.75227;9.05188080450102;0.00717170138834414;-9.31645745924597;-12.0814096135327;32.5099797773114;-0.0558553201018662;7.93741000148736
8648310920.12498;9.13346137610788;0.00703413039746011;-9.28714232375517;-12.0602022023103;32.4758874185231;-0.0547647549411013;7.89997258753172
8797730116.31541;9.21756157560881;0.00689564796237598;-9.2496093697416;-12.0330117041692;32.4598351363363;-0.0534495404146922;7.87047941801973
8937569090.47307;9.30108958035705;0.00676190348166306;-9.22379612192633;-12.0193523605099;32.4361159936452;-0.0519364912760717;7.84172335435134
9067677337.93075;9.38479597656813;0.00663140398977608;-9.19154618224579;-11.9986960063059;32.4093047129921;-0.0505265784802185;7.80768310063544
9189144051.83853;9.46759893952155;0.0065060307984195;-9.16641140498711;-11.9862526015805;32.3874705835116;-0.0490383484140133;7.7805258443168
9304208428.03393;9.54688123862796;0.00638947683556552;-9.16176465158426;-11.9944138431527;32.3712290314286;-0.0475893745336888;7.76734933181715
9411500979.11847;9.62223454605011;0.00628172583335964;-9.15346725238392;-11.9981482533114;32.3680980755549;-0.0462845643602604;7.76110744933419
9506827741.7757;9.69779097919189;0.00617708657016296;-9.10094339680626;-11.9595201714581;32.3660460565924;-0.0448242336373472;7.7334731167251
9582723518.32017;9.77814358885298;0.00607102562576838;-8.97521762272922;-11.8546621190343;32.3379603656357;-0.0426842965105917;7.65184300877098
9632296290.28078;9.86222636222217;0.00597024533481163;-8.77053617609016;-11.6918675961807;32.271617467872;-0.0386802536088673;7.50517228721823
9656105038.45331;9.93472400823998;0.00590116235375868;-8.51641265611125;-11.5373654915918;32.1929290070262;-0.030676630577566;7.3255295337063
9662986677.23206;9.96701964044401;0.00588125850934277;-8.32854808200547;-11.5387549042746;32.1593987354789;-0.0198198835339698;7.20918852406712
9663859240.63416;9.97162697870307;0.00587921986932899;-8.27734689521133;-11.6314564492759;32.1635224516913;-0.0142316105671994;7.18634121532075
9663916925.66392;9.97194036610068;0.00587910551586493;-8.26498159304153;-11.7028137959783;32.1702231093656;-0.01173875044254;7.18463491156898
9663921211.19699;9.97196413909082;0.00587909844950495;-8.25592103983491;-11.7828090923782;32.1768054099909;-0.00956433703219056;7.18450209219996
9663921664.1549;9.97196670512845;0.00587909786397569;-8.24679483161168;-11.8885092521138;32.1836136311403;-0.00734379229737092;7.18448748344549
9663921719.54663;9.97196702613419;0.00587909781462152;-8.23693209747248;-12.0501210529451;32.1909919803293;-0.00494931852106167;7.18448562361415
9663921728.28726;9.97196707811282;0.00587909781100068;-8.22571810064491;-12.3827333758393;32.1993837041302;-0.0022430155489267;7.18448531653491
9663921731.60546;9.97196709849844;0.00587909781172056;-8.21157861414579;-12.6636392991697;32.209964722905;0.00113744279521992;7.18448519346494
9663921733.69734;9.97196711185404;0.00587909781382471;-8.19487302663913;-11.9974616084173;32.2224656852242;0.00507656776865716;7.18448511085066
9663921735.2102;9.97196712194631;0.00587909781680246;-8.175810957429;-11.705911107557;32.2367295079682;0.00951153970229648;7.1844850467715
9663921736.38072;9.97196713015151;0.00587909782048157;-8.15428920484562;-11.5026354856128;32.2528331989859;0.0144617746471659;7.18448499321855
9663921737.35868;9.97196713740761;0.00587909782499478;-8.12961961459828;-11.3358371656177;32.271291401143;0.0200723764726881;7.18448494451072
9663921738.18253;9.97196714391573;0.00587909783027395;-8.10238822462413;-11.193277772158;32.2916653390276;0.0261939440424378;7.18448489950593
9663921738.90309;9.97196715001813;0.00587909783648854;-8.07217387987003;-11.0642621826629;32.3142698102272;0.0329083451804473;7.18448485604881
9663921739.56108;9.97196715604945;0.00587909784403415;-8.03780262332987;-10.9405209188959;32.339982669178;0.0404595909096149;7.18448481186239
9663921740.15344;9.97196716197582;0.00587909785295278;-7.99979957546038;-10.8222903824571;32.368410578628;0.0487113950214369;7.18448476716338
9663921740.68475;9.97196716782017;0.00587909786333524;-7.95860999485461;-10.7090452784911;32.3992200006986;0.0575571486675291;7.18448472179983
9663921741.18676;9.97196717396621;0.00587909787611484;-7.91211692545185;-10.5941953426737;32.4339937577231;0.0674406910200003;7.18448467287284
9663921741.65232;9.97196718037801;0.00587909789155587;-7.86099493057424;-10.4792986416694;32.4722265145738;0.0782002887566558;7.18448462052817
9663921742.0929;9.9719671872971;0.00587909791072518;-7.80398005365483;-10.3614222113104;32.5148626302799;0.0900823621699778;7.18448456276453
9663921742.51015;9.97196719488135;0.00587909793475794;-7.74047698604343;-10.2395865428309;32.5623461194528;0.103182520279883;7.18448449815457
9663921742.91041;9.97196720346145;0.00587909796574887;-7.668852946554;-10.1111106809761;32.6158963655023;0.117807132220651;7.18448442383245
9663921743.29061;9.9719672132606;0.00587909800592806;-7.58882116028835;-9.97600808029876;32.6757259290737;0.133979491360666;7.18448433770655
9663921743.66072;9.97196722504851;0.00587909806077518;-7.49689554313039;-9.82917872005424;32.7444384278281;0.152354178467441;7.18448423320886
9663921744.02036;9.97196723966912;0.0058790981379672;-7.39090718578425;-9.66830032479363;32.8236515503724;0.173298081385096;7.18448410306223
9663921744.36572;9.971967258238;0.00587909824910329;-7.26948863710957;-9.49241906698256;32.9143829354962;0.196995038260371;7.18448393772068
9663921744.70284;9.97196728339816;0.00587909842009113;-7.12706871231313;-9.29481690436754;33.020789817406;0.224408480351681;7.18448371558268
9663921745.03077;9.97196731944693;0.00587909869879642;-6.95889378790037;-9.07063905727402;33.1464155091781;0.256266183318108;7.18448340244515
9663921745.35003;9.97196737521486;0.00587909919065293;-6.75775168356361;-8.812297814465;33.296636070565;0.293666379112407;7.18448293081424
9663921745.66218;9.97196747111665;0.00587910015973038;-6.5125459513207;-8.50801414472886;33.4797219088376;0.338309075665121;7.18448215250797
9663921745.96857;9.97196766162211;0.00587910237905645;-6.20635742993393;-8.14004373789825;33.708280326082;0.392690404231801;7.18448069862683
9663921746.26914;9.97196812429715;0.00587910864358306;-5.81267715150613;-7.68106496781486;34.0020606886874;0.460381031745273;7.1844774743381
9663921746.56323;9.97196964893652;0.00587913289788105;-5.28530789256442;-7.0836863150798;34.3954743752235;0.547170759667838;7.18446821923136
9663921746.85052;9.97197822055067;0.00587929576812856;-4.52526164630919;-6.24648250264138;34.9622443704848;0.664321713490025;7.18442692191293
9663921747.1358;9.97216078607851;0.00588359363829961;-3.19384418426793;-4.82200966910592;35.9541942541929;0.846416411876943;7.18390269758644
9663921747.41673;9.99582258375806;0.00658834671149238;-1.07455855651182;-2.60056931475096;37.4386083587671;1.11508747789284;7.12046061997543
9663921747.69118;10.0782344811849;0.00943303526515558;-0.522470781653325;-1.98442596970215;36.9783745188822;1.27641714377858;6.54050241193496
9663921747.96435;10.2173419684838;0.0143138824969482;-0.293086278106234;-1.74794156946575;35.3502491122209;1.24032982604183;5.33780088110792
9663921748.23439;10.4054965121103;0.0202620340499855;-0.156917280088581;-1.65704996499107;32.7970265096308;1.03681622781059;3.56022936981254
9663921748.50162;10.6261826392199;0.0256505448031717;-0.0830962843827188;-1.69540256368639;29.5244933770271;0.720901907737507;1.33176270012331
9663921748.76636;10.8421391932183;0.0289548360364258;-0.0884594174517818;-1.90374748816951;26.2082146758358;0.401004611294403;-0.885097880833709
9663921749.02726;11.0071196968452;0.0304690347537229;-0.199035932131819;-2.23628568319823;25.6362511248968;0.235290702333008;-1.21327438014297
9663921749.2866;11.1494761634272;0.0315728646446827;-0.260492785996691;-2.37096783558881;25.6812955458049;0.199132377633779;-1.1526527100113
9663921749.54426;11.2760325433554;0.0325717816640338;-0.308775670135703;-2.41153030110958;25.7191699619241;0.203002935238301;-1.10318643184454
9663921749.80121;11.3907588194959;0.0335144793335819;-0.350173469112447;-2.43546393285641;25.7508656131687;0.211593035344768;-1.06126525379454
9663921750.05424;11.4945868417401;0.0344081100411983;-0.386862041294151;-2.4520185388589;25.778462123939;0.221870982911655;-1.02442608761306
9663921750.30576;11.5900905811654;0.0352658068202447;-0.420549125206159;-2.46723572266431;25.8035210541747;0.231735396219891;-0.990782942335992
9663921750.55519;11.678207767468;0.0360844340793677;-0.451884227075699;-2.48385864624434;25.8266747877899;0.239935259861827;-0.959596542407375
9663921750.80366;11.7602142134608;0.0368644678980509;-0.481429838532228;-2.50316439720693;25.8484329014546;0.245866670345245;-0.930249993706086
9663921751.05079;11.8366947818455;0.0376014009765674;-0.509383434302283;-2.52550649013185;25.8690018764913;0.2492623105925;-0.902509297882352
9663921751.30124;11.9095277649385;0.0383050187321702;-0.536386555771535;-2.55137786369517;25.8888941594841;0.25010489519911;-0.875712040511462
9663921751.54982;11.977686116448;0.0389586570150247;-0.561948735097039;-2.58013033265015;25.907774710699;0.248455442355191;-0.850327042126825
9663921751.79598;12.0415313911548;0.0395609802154513;-0.586096348257512;-2.6113955164515;25.9256758467692;0.244585619232921;-0.826317486944468
9663921752.04066;12.1017341954916;0.0401151971085778;-0.608982468264912;-2.64491943067091;25.9427169741898;0.238824289982558;-0.803524384010512
9663921752.28364;12.1586090964255;0.0406225527479554;-0.630634539157652;-2.68024270033603;25.9589194693504;0.231567949458406;-0.781916548921042
9663921752.52479;12.2124606861221;0.0410853455391661;-0.65108856220844;-2.71690050493272;25.9743075676254;0.223219451212471;-0.761456669759856
9663921752.76281;12.2633162430277;0.0415044526827069;-0.670285373169029;-2.75429872438569;25.9888336222454;0.214177299121578;-0.742203299553534
9663921752.99535;12.3110014001987;0.0418800247441835;-0.688104006967995;-2.7917939474258;26.0024008868091;0.20479696164982;-0.724279238329902
9663921753.22166;12.3556851585809;0.0422154154399795;-0.704570091383709;-2.82916877567197;26.0150245406006;0.19526551699587;-0.707660369213347
9663921753.44142;12.397583293765;0.0425142967175033;-0.719736873956112;-2.86643285675105;26.0267430339349;0.185662349256643;-0.692293903024635
9663921753.65414;12.4368636675812;0.0427798371223418;-0.733646172436716;-2.90369117154655;26.037588822884;0.176017466366239;-0.678137067286899
9663921753.85928;12.4736523082554;0.0430147821480131;-0.746326755990921;-2.9410742426684;26.0475873382813;0.166348931727925;-0.665158386685232
9663921754.05607;12.5080255633547;0.0432214798097292;-0.757792317285167;-2.97867741478751;26.0567558194705;0.156687822675875;-0.653339362694811
9663921754.24345;12.5399903528583;0.0434018795741435;-0.768042166571272;-3.01647804935185;26.0650937316907;0.147103636271585;-0.642680450464696
9663921754.42013;12.5695097132605;0.043557799747638;-0.777093556607372;-3.05429819062065;26.0725896995897;0.137714457698757;-0.633180274525494
9663921754.58578;12.5966832163629;0.0436918138590427;-0.785039273788561;-3.09203437230165;26.0792779238912;0.128617618563152;-0.624769419073733
9663921754.74194;12.6218888288471;0.0438075899715503;-0.792073531486042;-3.12995182365677;26.0852675098959;0.119816603064475;-0.617278076451635
9663921754.89184;12.6457312403091;0.0439092195696587;-0.79845824460226;-3.16878821499757;26.0907172706886;0.111213126021563;-0.610469658230076
9663921755.04086;12.6691043185164;0.0440010919833717;-0.804520877086878;-3.21005166282095;26.0958405779866;0.102574758896206;-0.604038605699465
9663921755.20083;12.6938333195078;0.0440894780754281;-0.810819796930185;-3.25764243667981;26.1010279163837;0.0932899738642558;-0.597446261995655
9663921755.37726;12.7206820019655;0.0441749711163148;-0.817653531698152;-3.31464574547428;26.1064251329263;0.0831295045786188;-0.590445944121492
9663921755.56794;12.7492098068859;0.0442539937960823;-0.825044451004275;-3.3825610539245;26.1119767427252;0.072330779812707;-0.583062431039909
9663921755.76645;12.7783780864457;0.0443225366197871;-0.832874033888726;-3.4618228559109;26.1175664933543;0.0613739234116812;-0.575431393159358
9663921755.97231;12.8080469253465;0.0443797778523007;-0.841259637316409;-3.55585121133568;26.1232792188623;0.0504006477901136;-0.567437160810296
9663921756.18587;12.8381895974927;0.0444253567591161;-0.85035388937664;-3.67077173458437;26.129229136701;0.0395101567042197;-0.558926995399052
9663921756.40273;12.8681172065602;0.044458592015669;-0.860087966567076;-3.81456095320566;26.1353949076495;0.0290239207852231;-0.54994940216922
9663921756.62276;12.8977610971979;0.0444801411248991;-0.870546362657363;-4.00905224250427;26.1418633061593;0.0190033715462094;-0.540404449955154
9663921756.84687;12.9271799116594;0.0444907589175496;-0.881846477837607;-4.32443740513077;26.1487385194383;0.00943756193963041;-0.530164184324596
9663921757.07419;12.9561963611688;0.044491161032563;-0.894000124886295;-5.75229410710445;26.156056767239;0.000362475192386134;-0.519198829625493
9663921757.30251;12.9844853438342;0.0444823193557988;-0.906910531422717;-4.41199322713495;26.1637879473277;-0.00817745051817696;-0.507577232701025
9663921757.53248;13.0120957999425;0.0444651456372623;-0.920610170115709;-4.12681941021912;26.1719779445719;-0.0162789843456358;-0.495252807295742
9663921757.76461;13.0390500047732;0.0444403986274483;-0.935108410304857;-3.9722122040895;26.1806560244423;-0.0240368044854836;-0.482201528124182
9663921757.99838;13.0652590570691;0.0444088650471183;-0.950334604271292;-3.87001263822301;26.1898008202955;-0.0315104178002477;-0.46847315104141
9663921758.23264;13.0905831524917;0.0443714239238301;-0.96615462592959;-3.79633969750034;26.1993499794566;-0.0387351680792783;-0.454176527327225
9663921758.46786;13.1150705782165;0.0443286471178034;-0.982527510053379;-3.7402622873454;26.2092940577002;-0.0457847182715121;-0.439338502202353
9663921758.7043;13.1387478307534;0.0442810487254781;-0.99939435747162;-3.69613337942938;26.2196090266839;-0.0527092928168709;-0.424004607882104
9663921758.94181;13.1616051206697;0.0442291716502248;-1.01666538356995;-3.66071463711137;26.2302474083141;-0.0595323646720113;-0.408251490643985
9663921759.17952;13.1835757455124;0.0441737072734821;-1.03419633010735;-3.63202460134654;26.2411235131217;-0.0662451601222101;-0.392208600924128
9663921759.41766;13.2047059339479;0.0441150607840566;-1.05192917293281;-3.60859052257552;26.2522011609021;-0.0728625512485769;-0.375929154416407
9663921759.65654;13.2250463065719;0.0440535723014882;-1.06981770432643;-3.58938283348862;26.2634487891661;-0.0793938067364107;-0.359457373765786
9663921759.89613;13.2446202774424;0.043989628157463;-1.08779956202829;-3.57367772155391;26.2748221266273;-0.085834449301145;-0.342854073045987
9663921760.13617;13.2634337614092;0.0439236624913981;-1.10581062373382;-3.56096189943487;26.2862620648127;-0.0921674469503956;-0.326190890886593
9663921760.37932;13.2817065208525;0.043855264959894;-1.12406800031401;-3.55083170905449;26.2978331932626;-0.0984365213095283;-0.309316061406983
9663921760.6305;13.2997770880693;0.0437833356381441;-1.1430209886643;-3.54308680831808;26.3097071116017;-0.104724957732133;-0.291890096341516
9663921760.89098;13.3176762122992;0.0437078556622294;-1.16294406935046;-3.53794409873523;26.3218733259254;-0.110998411942072;-0.27378285514148
9663921761.16222;13.3354235121251;0.0436288588469488;-1.18420960863734;-3.53573231178123;26.3343580576057;-0.117219545475577;-0.254790753750498
9663921761.44692;13.3530835562431;0.0435461697749952;-1.20740210255871;-3.53694576901879;26.3472616837815;-0.123364958920698;-0.234554576894663
9663921761.74974;13.3707754269856;0.0434593011567586;-1.23340562142596;-3.54231646564032;26.360801922699;-0.129433821439984;-0.212486863239622
9663921762.07789;13.3886617460443;0.0433674533963104;-1.26356126160903;-3.55301366386315;26.3753307107809;-0.135439552929891;-0.187681914729339
9663921762.44739;13.4071571522496;0.0432683143987673;-1.30054066881195;-3.57136001959291;26.3915769632181;-0.141464018398642;-0.158316636283734
9663921762.89067;13.4269606213611;0.0431576052614011;-1.34993614306733;-3.60249395157555;26.4109663227433;-0.147647630934619;-0.120641835273331
9663921763.51427;13.4501209933129;0.0430222932144654;-1.43016058095783;-3.66356964687648;26.4379273653808;-0.154460821095416;-0.0624903060934664
9663921764.65569;13.4780055369914;0.0428518891850857;-1.61208570342802;-3.82596938533129;26.4838468454002;-0.161844291517175;0.0591817304521944
9663921767.60657;13.4968532654247;0.0427348617653085;-2.19469197930208;-4.40166336513642;26.5539499030693;-0.164876115073875;0.397335429051434
9663921783.25706;13.4998721639167;0.0427163093161437;-3.71467931770325;-5.92612657791843;26.6083823659884;-0.163520125802431;1.19369212181066
9663921904.41608;13.5002469040144;0.0427140176366294;-5.50962559795467;-7.72320188110239;26.6619522370936;-0.163048070189626;2.12695554764976
9663922894.28593;13.5002991480225;0.0427136990729414;-7.27754160797194;-9.49238182515238;26.7196186382167;-0.162925866008157;3.04944219835879
9663931373.07868;13.500306630776;0.0427136536419795;-9.05427257980847;-11.2709820882844;26.7858597813645;-0.162628285157802;3.98206480940159
9663976390.00284;13.5003081716275;0.0427136443344592;-10.4656150213732;-12.6845418244219;26.8599841931902;-0.16224784969217;4.73725963618426
9664144519.69536;13.5003086185686;0.04271364164883;-11.5753941348651;-13.7965983607009;26.9432590869259;-0.161899646866865;5.34778661615833
9664682191.96132;13.5003087827318;0.0427136406677388;-12.5152418977158;-14.7388082713186;27.0380511120261;-0.161587964815093;5.88104304782847
9666171085.20323;13.5003088549549;0.0427136402385443;-13.3141871693075;-15.5402094635017;27.1451115227683;-0.16131298812873;6.3520453086497
9670080848.77618;13.5003088924063;0.0427136400173537;-14.0186829629458;-16.2473838196626;27.2726624533073;-0.161074458737568;6.78951339999278
9681000485.14421;13.5003089154881;0.0427136398820531;-14.6749391340101;-16.9069082992617;27.4445041647944;-0.160874134570374;7.23245403804796
9719506134.90678;13.5003089339925;0.0427136397748139;-15.3182493254682;-17.5551708414452;27.7301406501123;-0.160705431927803;7.74495207135933
9816194323.28031;13.5003089534244;0.0427136396636858;-15.6968566519876;-17.9395497312845;28.1018703504404;-0.160709720768171;8.18262122825155
9967276576.53825;13.5003089784824;0.0427136395221231;-15.7802681674342;-18.0282645302239;28.4874551449621;-0.160937515140781;8.48195046603068
10168421338.2639;13.5003090188958;0.0427136392964039;-15.6969829265576;-17.9499403190769;28.8804161585914;-0.161304340726811;8.70286023492783
10408545898.7223;13.5003091009857;0.04271363884235;-15.4661469908813;-17.7233291369335;29.3062146124304;-0.162097971317259;8.87193614475816
10666648787.1966;13.5003092888393;0.0427136378124963;-15.13797338805;-17.399017346294;29.7452391698707;-0.163069788161472;9.00118075054575
10933807543.3841;13.5003098326497;0.042713634847012;-14.691321857201;-16.9546737837577;30.233011929694;-0.164865387949233;9.1037598111317
11202133603.9382;13.5003118147718;0.042713624052412;-14.1315324655202;-16.3954562994563;30.7765036876641;-0.167608271398757;9.18700121535238
11459255810.8123;13.500322319941;0.0427135664993466;-13.3887365338754;-15.6500711272641;31.4327517414539;-0.17220581363682;9.25408252585513
11703385138.5623;13.5004572555999;0.042712830681197;-12.2574932211747;-14.5208494593391;32.3615380666874;-0.176470825092376;9.3090312781129
11938388153.9989;13.5082919200255;0.0426708141673828;-10.4770530354464;-12.7476534195781;33.7351956090514;-0.180918445937854;9.33661527146269
12163711691.5953;13.565236661413;0.0423723011476239;-9.59735293611382;-11.8778432832753;33.9531428793544;-0.177987553622332;9.04237341244979
12378429891.0884;13.627519824237;0.0420512526595044;-9.53749819823119;-11.8252982276741;33.2687899335122;-0.171489279372521;8.55518249406622
12585631182.8927;13.7023335430464;0.0416722413160047;-9.44241121569678;-11.7377402504655;32.8154196566825;-0.166245128427312;8.20470790239813
12784376372.4081;13.7747503241969;0.0413121787698991;-9.43845740869047;-11.7419186774881;32.6367987637598;-0.162273007345888;8.08337455952278
12974346947.5349;13.8514668435582;0.0409364030909794;-9.39379744692249;-11.7037576694133;32.5658262637889;-0.159515128889366;8.01361619018962
13153977169.8578;13.9315887325053;0.0405518841913345;-9.35062822777472;-11.6694617165614;32.5507376686477;-0.156216659335595;7.9819397447753
13324830380.761;14.0110963246705;0.0401770798279995;-9.33221454372164;-11.6588185069151;32.5099818515589;-0.153254333555893;7.94549307441894
13486874587.0079;14.0945588492731;0.0397905558220901;-9.28814199055446;-11.6224570359247;32.4857801975022;-0.150445172331142;7.90727806679689
13640351734.2626;14.1788111946982;0.0394084517444763;-9.2604617185402;-11.6038620459089;32.4669555214281;-0.147245231332749;7.88085073961877
13783808867.6676;14.2623040845418;0.0390370434632522;-9.23507265535861;-11.586870565511;32.4392491583149;-0.14430217706747;7.84963576932619
13916251819.1018;14.3464003820051;0.0386700468813121;-9.19725197486742;-11.5573668308281;32.4177253852763;-0.141471084572529;7.81633630633092
14039210347.4902;14.4298685497514;0.0383132424889154;-9.1682377765525;-11.5373284646655;32.3939160999139;-0.138475443554866;7.78591273073057
14155657292.1543;14.5106125200891;0.037974875658107;-9.1590179972959;-11.5367403142658;32.3700427118919;-0.135650361503716;7.76534417867642
14266712650.4645;14.5867712968086;0.0376612383396186;-9.16381955797489;-11.5491117855621;32.3643768565257;-0.133283080546497;7.76395287108995
14370923859.384;14.6620151688006;0.0373562699748673;-9.14144329811707;-11.5336596429683;32.3719876218515;-0.13120579613236;7.75784418361643
14458517840.3944;14.7420947503696;0.0370375526758816;-9.03895246959478;-11.439068628531;32.3626042113142;-0.128803392828513;7.70032295472697
14516605209.5457;14.8250142189101;0.0367184352241603;-8.84542519730022;-11.2601311518848;32.3132779261011;-0.124358381572388;7.5705909305056
14540316933.4572;14.8787707650523;0.0365238831406243;-8.64453177207897;-11.0859272434057;32.2637579686936;-0.1167668272232;7.4370391665504
14545742881.3638;14.8944221326412;0.036470594378083;-8.53992332844323;-11.0078399845908;32.2565063071892;-0.109824863243407;7.37987368496459
14546226854.5619;14.895892438611;0.0364657306330762;-8.5174135910452;-10.9978505136584;32.2634050507344;-0.106726748338833;7.37322127657387
14546256388.8709;14.8959840704691;0.0364654333212774;-8.50828032026903;-10.997114669222;32.2695916286612;-0.104702998800628;7.37278376730324
14546258861.5942;14.8959919012277;0.0364654084316559;-8.49937169037197;-10.9971572326624;32.2762077345439;-0.102588093676623;7.37274545804547
14546259080.468;14.8959926094504;0.0364654062300451;-8.49002384253144;-10.9974531456819;32.2832047719107;-0.100356923130561;7.37274191049352
14546259102.9522;14.8959926839367;0.0364654060041622;-8.47980214992559;-10.9979951793666;32.2908609352322;-0.097923424944752;7.37274152826301
14546259107.7359;14.8959927002373;0.0364654059562054;-8.467556159465;-10.9989093457865;32.3000335765674;-0.0950276058046579;7.37274144227784
14546259110.2234;14.8959927090024;0.0364654059313487;-8.45300713209755;-11.0003241223569;32.3109308910244;-0.0916289015241901;7.37274139462944
14546259111.9763;14.8959927154251;0.0364654059139191;-8.43603595935244;-11.0024604975956;32.3236418340583;-0.0877194192248026;7.3727413586097
14546259113.293;14.8959927204677;0.0364654059009204;-8.41685927068142;-11.0056146544229;32.3380039437189;-0.0833600230270811;7.37274132936618
14546259114.3437;14.8959927246942;0.0364654058906583;-8.39546467676515;-11.0102099734518;32.3540262901193;-0.0785566649075976;7.37274130398617
14546259115.2441;14.8959927285253;0.0364654058820007;-8.37111625910076;-11.0170374100501;32.3722597330811;-0.0731563224148842;7.37274128016032
14546259116.0261;14.8959927320672;0.0364654058746509;-8.34399219159274;-11.026956245035;32.3925705177895;-0.0672173457824841;7.37274125732339
14546259116.7166;14.8959927354176;0.0364654058683716;-8.31407360724966;-11.0412627391027;32.4149724447508;-0.0607514327771469;7.37274123492672
14546259117.3405;14.895992738684;0.0364654058629653;-8.281007396271;-11.0621783258153;32.4397295552624;-0.0536915937337546;7.37274121230529
14546259117.9364;14.895992742091;0.0364654058581761;-8.24284441757768;-11.09495146824;32.468300638506;-0.0456407222084469;7.37274118791278
14546259118.4777;14.8959927454953;0.0364654058542996;-8.20141831683197;-11.1450056572567;32.4993123134117;-0.0370072514478525;7.37274116267242
14546259118.9632;14.8959927488723;0.0364654058513943;-8.15761463449276;-11.2229615859154;32.5321012700031;-0.0279875681522084;7.37274113677775
14546259119.433;14.8959927525369;0.0364654058493826;-8.10791532897375;-11.3683711803368;32.5693002729089;-0.0178793850241985;7.37274110788799
14546259119.8708;14.8959927564053;0.0364654058485516;-8.05375376669224;-11.7217019706621;32.6098356117096;-0.00700487525331878;7.37274107652543
14546259120.2895;14.8959927606565;0.0364654058491989;-7.99331366874609;-11.8106910316907;32.6550656812706;0.00497248175945707;7.37274104122127
14546259120.6918;14.8959927654329;0.0364654058518632;-7.92544247546463;-11.1789748961332;32.7058516976335;0.018242864923181;7.37274100071412
14546259121.0903;14.8959927711069;0.036465405857656;-7.84654101500577;-10.8375384255671;32.7648848865761;0.0334511641085642;7.37274095185663
14546259121.4677;14.8959927776894;0.0364654058677149;-7.7584978586072;-10.5743361390805;32.8307499828301;0.0501698177464939;7.37274089429457
14546259121.833;14.895992785719;0.0364654058845491;-7.65786398630301;-10.3363690658812;32.9060245964728;0.0689874890938962;7.37274082345356
14546259122.1876;14.8959927959044;0.0364654059124387;-7.54178833085989;-10.1043210472988;32.9928376692966;0.0903414285721135;7.37274073332012
14546259122.5322;14.8959928094084;0.036465405959254;-7.40684456093221;-9.86691887710104;33.0937468861517;0.114728581695072;7.37274061423378
14546259122.864;14.8959928280583;0.0364654060392718;-7.25019120105999;-9.61768279625517;33.2108708706746;0.142491405026729;7.37274045131846
14546259123.1898;14.8959928562436;0.0364654061871663;-7.06294106419599;-9.34301180637889;33.3508453423799;0.174999216487272;7.37274021051677
14546259123.5137;14.8959929038165;0.0364654064909121;-6.83306471037115;-9.02791367210014;33.522648449719;0.21403724926354;7.37273981927886
14546259123.8321;14.8959929939129;0.036465407188272;-6.54834549737935;-8.65959599729812;33.7353900949757;0.261117053548654;7.37273911701494
14546259124.1407;14.8959931920305;0.0364654090412673;-6.19241043509406;-8.22145911495176;34.0012762926223;0.318014219666389;7.3727376809512
14546259124.4448;14.8959937671308;0.0364654155637339;-5.72322927904786;-7.66856102154104;34.3516624681999;0.389597370765142;7.37273397337476
14546259124.7434;14.8959963146845;0.0364654508608458;-5.06895702214078;-6.92734120888023;34.8401358592824;0.482720400477288;7.37272035363086
14546259125.033;14.896021549556;0.0364658833325082;-4.05989239943153;-5.82593584065296;35.5932495920267;0.609992083565976;7.37262423893453
14546259125.3257;14.8990951682437;0.0365339110786937;-1.97881207686278;-3.63377598224785;37.1384425552339;0.821977219865843;7.36705494489233
14546259125.6191;14.9631110649578;0.0383761120837496;-0.661042105625747;-2.20199292404475;37.6269891177102;1.08280100299913;7.03888353316698
14546259125.903;15.0863627159492;0.0424408518301339;-0.362359916097538;-1.84411991739393;36.341674515094;1.19851902723828;6.03353079991111
14546259126.1783;15.260651352326;0.0481402831639999;-0.198616908894029;-1.68405445522388;34.06814052094;1.11406590589075;4.43157577098536
14546259126.4536;15.477713096696;0.0543218261697001;-0.103146229715338;-1.64863262349047;30.9405497331729;0.881133335359197;2.29039337810693
14546259126.7303;15.7116598002478;0.0591224301849358;-0.0729685922726318;-1.7607896383382;27.2861169310598;0.559913178987929;-0.170892467228019
14546259127.0082;15.8967234771142;0.0612023976298873;-0.176568447624513;-2.12583309658993;25.6357880285746;0.28812571666134;-1.22446643723793
14546259127.2786;16.0491344580505;0.0621321513381562;-0.248946083004447;-2.46359442207678;25.6714805198969;0.156603901264111;-1.16518282944542
14546259127.548;16.1834096639128;0.0628449320967709;-0.302447308507907;-2.57748716790139;25.7140231755171;0.13649922059981;-1.11008364293617
14546259127.8104;16.3015982597916;0.063499881706546;-0.346365618775572;-2.60273330416791;25.7479265714055;0.142683770249316;-1.06545028273175
14546259128.0713;16.4090556820654;0.0641345140223022;-0.385216263431638;-2.61393049898818;25.7773213547246;0.152238168375765;-1.02634920853834
14546259128.3314;16.5077806005902;0.0647566914558159;-0.42069029094495;-2.62120281982105;25.8038274446238;0.162619117586796;-0.990860792117764
14546259128.5917;16.5993377042432;0.0653665932305704;-0.453772045970282;-2.63020419446437;25.8283523911946;0.172053913173881;-0.957893675979152
14546259128.8503;16.684052280949;0.065954728156315;-0.484725221206357;-2.64320639607761;25.8511969334425;0.179473148306713;-0.927120664101992
14546259129.1093;16.7633393729745;0.0665199478075503;-0.514092182677344;-2.6610774196689;25.8728321126173;0.184441537324294;-0.897959026013556
14546259129.3652;16.8368568541095;0.0670502026196673;-0.541675461561434;-2.68358146186919;25.8931585373821;0.186757920747575;-0.870575762278944
14546259129.6212;16.9060812355534;0.067548496166127;-0.567949403046893;-2.71072322429645;25.912555815556;0.186524734000287;-0.84448002667963
14546259129.8737;16.9706058620214;0.0680062070083773;-0.592648327695257;-2.74178262668211;25.9308449815706;0.183942620770658;-0.819923220586399
14546259130.1263;17.0317287253661;0.068428466039083;-0.616179975046962;-2.77680471948365;25.9483360197491;0.179260568248266;-0.796492746290425
14546259130.3795;17.0899224897225;0.0688156895280403;-0.638640502195131;-2.81555525961122;25.9651036528546;0.172772772801215;-0.774088543921972
14546259130.6289;17.1445188114206;0.0691623875579999;-0.659681822503156;-2.85689383272527;25.9808880999081;0.164984058278596;-0.753055208889899
14546259130.876;17.1962100353841;0.0694730698291339;-0.679507669923148;-2.9006080143425;25.9958381112725;0.156244046961347;-0.733189328681568
14546259131.1203;17.2451515858108;0.0697494795972724;-0.698121766953902;-2.94624610361396;26.0099531648997;0.146897780330333;-0.714487473584979
14546259131.3606;17.291421899905;0.0699934445052558;-0.715508520117063;-2.9934836059964;26.0232184025151;0.137210049408398;-0.696966019425461
14546259131.5952;17.3349435470592;0.0702063797985688;-0.731605153524938;-3.0420628269113;26.0355835362128;0.127382463196082;-0.680689056580808
14546259131.8234;17.3758605453088;0.0703909437960295;-0.746442649503688;-3.0921994270527;26.047071077082;0.117490328366882;-0.665625730996907
14546259132.0448;17.4143346383731;0.070549747675798;-0.760063984386762;-3.14437126699232;26.0577147715699;0.107554613352739;-0.65173190760751
14546259132.259;17.4504937667441;0.0706851142756628;-0.772502929211203;-3.19920936186242;26.0675428765035;0.097587381250392;-0.638971764281069
14546259132.4652;17.4844169471843;0.0707990982672621;-0.783779301079879;-3.25743200206009;26.0765737333449;0.0876189060928303;-0.627323051942092
14546259132.6626;17.516144903624;0.0708936135895466;-0.79390315434996;-3.31984303539682;26.0848196333003;0.077704819692901;-0.616772425592752
14546259132.8501;17.5456757877525;0.0709705047897067;-0.802888253019134;-3.38728806290719;26.0922820689017;0.0679379213457712;-0.607311891905284
14546259133.0266;17.5729607647521;0.071031615466583;-0.810770277911411;-3.46057677583847;26.0989541569114;0.0584543191778272;-0.598928121507129
14546259133.1924;17.598178926043;0.0710792619425043;-0.817681463299317;-3.54136409695028;26.1048935477723;0.0493218426000521;-0.591516601179461
14546259133.3492;17.6217048540047;0.0711157758321975;-0.823818533109662;-3.63290719671056;26.1102094666668;0.040524875783054;-0.58490625270707
14546259133.5012;17.6442173206374;0.0711432847644719;-0.829454423282902;-3.74240377130497;26.1150734158938;0.0319111094159958;-0.578846368737565
14546259133.657;17.6669968720018;0.0711634032138699;-0.835000644921288;-3.88895130644468;26.1197635364896;0.0230684587501653;-0.572945718595833
14546259133.8242;17.6911232116507;0.0711760053347326;-0.840814419440431;-4.12286221646474;26.1244915308456;0.0136458329170546;-0.566884213873665
14546259134.0086;17.7173387166397;0.0711794440563126;-0.847199511922776;-4.72936072576725;26.1294070319145;0.00342742799996658;-0.560409601654548
14546259134.2028;17.7445188166624;0.0711721009831902;-0.854033450540821;-4.42240664820179;26.1343547768549;-0.00706055084323032;-0.55368633854058
14546259134.4043;17.7722410568279;0.071153467841524;-0.861368482723846;-4.03391071846057;26.13936051797;-0.0175692297839901;-0.546670993095553
14546259134.6126;17.8003817234874;0.0711233603649574;-0.86933026998948;-3.83999029475397;26.1445207340373;-0.0279718158374701;-0.539236347595521
14546259134.8275;17.8288478893897;0.0710818147256943;-0.878048142965453;-3.71385167323364;26.1499429846534;-0.0381651713026767;-0.531246056051336
14546259135.0454;17.8570772445919;0.0710301106806741;-0.887475082090255;-3.62465151939141;26.1556353158519;-0.0479058815271537;-0.52271871047848
14546259135.2661;17.885013122874;0.0709690625697128;-0.897679930532124;-3.55817003039848;26.1616833806753;-0.0571709732491307;-0.513563029152176
14546259135.4904;17.9126876883062;0.0708992688433909;-0.90874551507096;-3.50700993889836;26.168177404606;-0.0659946988721679;-0.503677593158018
14546259135.7182;17.9400268373093;0.0708215589125754;-0.920696699618935;-3.46700516928614;26.1751685042471;-0.0744013843782442;-0.493016068002564
14546259135.9468;17.9666826907751;0.070737715424817;-0.93339509244982;-3.43571834876334;26.1826074718712;-0.0823549368572877;-0.481680869062751
14546259136.1765;17.9926429176033;0.0706485699108256;-0.946813009394024;-3.4110219988417;26.1905049145483;-0.0899362720422482;-0.469678842032883
14546259136.4078;18.017953619421;0.0705546257687058;-0.960940148931557;-3.39137463153837;26.1988769772258;-0.0972407260713073;-0.457004331929746
14546259136.6409;18.0426029003144;0.0704564930280439;-0.975725465182929;-3.37571579104009;26.2077110492103;-0.104337101063926;-0.443691261126091
14546259136.8751;18.0665047173967;0.0703550589849425;-0.991056043672755;-3.36330322559055;26.2169523249243;-0.111258966753912;-0.429832723855965
14546259137.1094;18.0895728132133;0.0702512486420473;-1.00679703169987;-3.35356815278652;26.2265273611073;-0.118023820429287;-0.415545257641125
14546259137.3445;18.1118750639239;0.0701452650319935;-1.02291059889969;-3.34602058399192;26.2364172701031;-0.124679354260929;-0.400860329362073
14546259137.5806;18.1334416388635;0.0700374183351952;-1.03933797481519;-3.34031230584756;26.2465870467157;-0.131249756771664;-0.385830689194965
14546259137.8176;18.1542688875976;0.0699281631037705;-1.05599669586247;-3.33618635829148;26.2569835377333;-0.137738443015881;-0.37053311448039
14546259138.0547;18.1743257831124;0.0698181097241978;-1.07278072612227;-3.33344105458024;26.2675359155894;-0.14413153313886;-0.355068037290821
14546259138.292;18.1936307572591;0.0697076016282095;-1.08962662048713;-3.33190174858993;26.278198259999;-0.150425151240416;-0.339497923018593
14546259138.5298;18.2122409773681;0.0695967256414941;-1.10651368060334;-3.33142769254097;26.2889487166198;-0.156624323173203;-0.32384775089715
14546259138.7693;18.2302626600653;0.0694852085690213;-1.12351372049445;-3.3319676995336;26.2997874377748;-0.162741479305492;-0.308081506427645
14546259139.0156;18.2480572644426;0.069370998433762;-1.14104107479194;-3.33362476581779;26.3108816619911;-0.168869691602937;-0.291879929551667
14546259139.271;18.2657551143678;0.0692533259494663;-1.15941014147357;-3.33665572715476;26.3222791781745;-0.175016061065433;-0.275053857716669
14546259139.537;18.2833702003695;0.0691321598406257;-1.17894826114803;-3.3414518679461;26.3339788649837;-0.181139379566643;-0.257440550676863
14546259139.8157;18.300949395387;0.0690072436634016;-1.20014373400998;-3.34852403292575;26.3460529533033;-0.187212680477026;-0.238747737855985
14546259140.1104;18.3185559962959;0.0688781855521576;-1.2237083439827;-3.35859855916644;26.3586369159662;-0.193211393440421;-0.218529157880881
14546259140.428;18.3363839028183;0.0687435496397312;-1.25082743194349;-3.37276686231591;26.3720626352386;-0.199161169652291;-0.195970309020438
14546259140.7783;18.3546250120784;0.0686017828954338;-1.2833059162475;-3.39278279511223;26.3867818442509;-0.205073501902318;-0.169866884164939
14546259141.1887;18.3740221531868;0.068446691011888;-1.32551242457299;-3.42266107935478;26.4040051556585;-0.211116002603309;-0.137224867360672
14546259141.7196;18.3957545744316;0.0682678073849027;-1.3878554606092;-3.47239298318014;26.4262686959742;-0.217519563917142;-0.0911442606419165
14546259142.6005;18.4227866807406;0.0680381240140758;-1.51304738226249;-3.58379771575105;26.4624001627214;-0.224842755502047;-0.00436763139319616
14546259144.4689;18.4486661408992;0.0678134001468796;-1.85852275938163;-3.91982877227582;26.523767102946;-0.230318695964403;0.209401665287885
14546259152.2678;18.455552106182;0.0677540281268519;-3.05407068085285;-5.1184536843565;26.5904482106746;-0.229267583971197;0.851721034856661
14546259205.9555;18.4563749983578;0.0677469670555247;-4.81453166765281;-6.88100400212322;26.6385305805594;-0.228579843157604;1.76407285659722
14546259648.6965;18.4564861457674;0.0677460163347471;-6.60025038071047;-8.66809674058729;26.6985138934599;-0.228370881491734;2.69700752198693
14546263315.1164;18.4565019870656;0.0677458812694403;-8.36445143410456;-10.4336983960618;26.7584483757913;-0.228146580945611;3.61915064645871
14546288186.2829;18.456504738036;0.0677458579113423;-9.95621024773861;-12.0272586793749;26.8299681136304;-0.227809444417455;4.46281232401353
14546391041.0777;18.4565054425141;0.0677458519567683;-11.1643570386283;-13.2373738453629;26.9097293127678;-0.227453446793906;5.12017400739169
14546738686.221;18.4565056802394;0.0677458499570785;-12.1650606409118;-14.240173545248;26.9999554037495;-0.227117261245338;5.68080603858253
14547749706.9642;18.4565057781254;0.067745849137903;-13.0140399212554;-15.0913830685544;27.1018051903075;-0.226806278133179;6.17334211481837
14550431587.1453;18.4565058257707;0.0677458487414041;-13.7504188540334;-15.8301974154387;27.2198325813264;-0.226520174906264;6.62038680466417
14557540472.0851;18.4565058530773;0.0677458485156544;-14.4155339759407;-16.4981743269288;27.3686308560038;-0.226262572704596;7.05235851821555
14580219887.0585;18.4565058724924;0.0677458483566462;-15.0674926195265;-17.1542123438469;27.5970914113595;-0.226018291543152;7.5309763708753
14652613963.4747;18.4565058912369;0.0677458482051928;-15.5868283894268;-17.6794238788839;27.9504890864985;-0.225836389618907;8.02675671514536
14783122096.0722;18.4565059133823;0.0677458480285671;-15.7703536637374;-17.8685836852234;28.3336162987218;-0.225981031565105;8.37449673417435
14965287473.8959;18.4565059461107;0.0677458477707783;-15.7455419672466;-17.8492018600365;28.7229906078822;-0.226240193427645;8.62224289406802
15192983476.537;18.4565060072734;0.067745847294318;-15.5708682521334;-17.6793286834159;29.1358003318294;-0.226968987846858;8.81071843639375
15444673589.5998;18.4565061401787;0.0677458462698833;-15.2773239057315;-17.3903818688528;29.569138132551;-0.227919090380481;8.95347526789518
15710551342.009;18.4565064912349;0.0677458435853291;-14.8793053787797;-16.9958098242883;30.0354927694698;-0.229683774215731;9.06605865995028
15979034167.1036;18.4565076403737;0.0677458348528606;-14.368544004618;-16.487779482631;30.5525777634268;-0.232173356594391;9.15616863348313
16244265588.0218;18.4565130553356;0.0677457936187335;-13.6900295692193;-15.8083681663705;31.1706750806801;-0.237360042453358;9.22990464597199
16493464617.5648;18.4565533534872;0.0677454873090463;-12.791261220887;-14.91038561486;31.9320157176135;-0.242717975147012;9.28921921361004
16731967027.3968;18.4582320590737;0.0677329196406863;-11.1525182357907;-13.2782380596468;33.2272624405856;-0.248756671926725;9.33526555658954
16960680188.4951;18.4992749675353;0.0674328659552338;-9.74605302741511;-11.8820921910016;34.1040516665071;-0.249325566217534;9.21784217300511
17179612357.5714;18.5609632268286;0.066989702101328;-9.55010706428388;-11.6937452493783;33.50946763831;-0.240729516297631;8.72256963819619
17387972942.4726;18.6330722900865;0.0664817683532128;-9.46082571405719;-11.6130084987309;32.9767095194717;-0.232286801547156;8.32193819452076
17589923381.6674;18.7033106990222;0.0659945657439733;-9.45867013677249;-11.6175351964772;32.6630576529189;-0.226564456048856;8.11127391490944
17784351572.9745;18.7821082207843;0.0654576950338072;-9.39224667727644;-11.5588895251274;32.5971512328774;-0.222093986465752;8.0340078008851
17968787853.1346;18.8590941714423;0.0649427331280469;-9.37943487746969;-11.554071251129;32.5549913420759;-0.217761555715555;7.99941424842919
18143377572.5955;18.9393420108471;0.0644144377215131;-9.33758531885446;-11.5191418325668;32.5178606179943;-0.214074752943208;7.95366510225745
18308364119.9354;19.0224794627346;0.0638773175241811;-9.29765182467652;-11.4873770507293;32.5024749183221;-0.209986418221326;7.92340104927685
18465160206.4206;19.1050586148405;0.063353352461518;-9.27846479943697;-11.4760328890788;32.4706333660785;-0.206026303400929;7.89251640708434
18612637548.3188;19.1892921990809;0.0628279395000571;-9.2432400205309;-11.4482245191358;32.4471124596197;-0.202391167394752;7.85917381164314
18749293629.5629;19.2736682039327;0.0623111099849325;-9.2094100047419;-11.4222816553119;32.4290932888109;-0.198638375801584;7.83020426022594
18875980673.0121;19.3572103468398;0.0618085305800491;-9.18082658995212;-11.4015275132022;32.4020105332766;-0.194926567648105;7.79780275836359
18994396824.8411;19.4392165060764;0.0613237175214229;-9.15956447153783;-11.3878366344978;32.3769892476035;-0.191409856678452;7.77044026255048
19107295422.2148;19.5172582254407;0.0608698793785238;-9.16036171746278;-11.3957875529516;32.3648539545993;-0.188212219484765;7.76271848084643
19213605827.6117;19.5915976237434;0.060443858474996;-9.15535673263469;-11.3971448651506;32.3680163674263;-0.185493182526278;7.76231852291013
19308929221.4742;19.6694915206439;0.0600038526050863;-9.08769606502163;-11.3357410261847;32.3682266457032;-0.182841150454573;7.72861870305121
19380261426.6877;19.7538385542502;0.0595364208226899;-8.92721583678261;-11.1835674119802;32.3331700101402;-0.179182961654665;7.62494248237577
19418773347.0909;19.8304469107828;0.0591273451148647;-8.70131902974155;-10.9737914848071;32.2670362644579;-0.172300533476166;7.46778299851093
19430173266.7901;19.8636855214432;0.0589584813369555;-8.53525892975464;-10.8293652908745;32.2357829286528;-0.163769061974772;7.36384205585682
19431856592.3608;19.8692283580012;0.0589311944589617;-8.48243604795431;-10.7902142716029;32.2397926208682;-0.158713553717891;7.34009291507305
19431949903.1066;19.8695437039821;0.0589296639584501;-8.47114436033896;-10.7850981816058;32.2459900166359;-0.156502721436249;7.33858063626553
19431957369.5613;19.8695694572764;0.0589295406748334;-8.46228164483064;-10.7822090677505;32.2524424009371;-0.154395694505593;7.33845364254969
19431958010.1729;19.8695717132348;0.0589295300303566;-8.45326368526577;-10.7794704577392;32.2591842123891;-0.152211199366265;7.33844225598643
19431958073.0521;19.8695719396087;0.0589295289787467;-8.44368045151217;-10.7766522630932;32.2663648081466;-0.149891921897272;7.33844108730118
19431958081.8147;19.8695719719548;0.0589295288311483;-8.43281584892202;-10.7735548469263;32.2745069955195;-0.147272147263219;7.33844091617198
19431958085.089;19.8695719844289;0.0589295287755125;-8.41910416351984;-10.7697603048088;32.2847826458463;-0.143993114576794;7.33844084835382
19431958087.135;19.8695719925126;0.0589295287404045;-8.40330452627679;-10.7655079034259;32.2966224314683;-0.14026642533228;7.33844080305322
19431958088.6224;19.8695719986361;0.0589295287146093;-8.38542104496416;-10.7608840521425;32.3100230478902;-0.136105056645725;7.33844076764014
19431958089.7695;19.8695720035799;0.0589295286944928;-8.36553886241559;-10.7560446214355;32.324920509377;-0.131532085636988;7.33844073809106
19431958090.7314;19.8695720079472;0.0589295286774258;-8.34291739776147;-10.7509760365768;32.3418694613384;-0.126388186124729;7.33844071110636
19431958091.5558;19.8695720119134;0.0589295286626287;-8.31774650148493;-10.7459453662377;32.3607273393683;-0.120731170032153;7.33844068574095
19431958092.2791;19.8695720156237;0.0589295286495035;-8.28990258222444;-10.7412079504384;32.3815864001446;-0.114549382705055;7.33844066117558
19431958092.9456;19.8695720193025;0.058929528637291;-8.25811218467809;-10.7370107604136;32.4054001966011;-0.107576847548632;7.33844063598698
19431958093.5596;19.8695720229822;0.0589295286259647;-8.22237912726973;-10.7340982054016;32.4321653092789;-0.0998290335843184;7.33844060991826
19431958094.1071;19.869572026565;0.058929528615851;-8.18414717910837;-10.7334657888741;32.4607998405219;-0.0916306161637657;7.33844058363566
19431958094.6191;19.8695720302586;0.0589295286064562;-8.14180294315107;-10.7363569132708;32.4925116647707;-0.0826474224033533;7.33844055567733
19431958095.0952;19.8695720340793;0.058929528597889;-8.09552306480095;-10.7448362347842;32.5271678182396;-0.0729345118166852;7.33844052586839
19431958095.5419;19.8695720381099;0.0589295285901664;-8.04473042393515;-10.7623307965084;32.5651997159121;-0.0623955149629697;7.33844049353194
19431958095.9641;19.8695720424422;0.0589295285834018;-7.98874876462891;-10.7952229594112;32.6071128116025;-0.0509141093801619;7.33844045788173
19431958096.3707;19.8695720472644;0.0589295285777647;-7.92589256740791;-10.8580817271499;32.6541678313693;-0.0381723995386839;7.33844041732871
19431958096.7584;19.8695720526665;0.0589295285737732;-7.85596606218924;-10.9874010807466;32.7065098245238;-0.0241656890885228;7.33844037099259
19431958097.1347;19.8695720589598;0.0589295285721472;-7.77661465059148;-11.3643535939315;32.7658993462837;-0.00846609523366129;7.33844031618938
19431958097.498;19.8695720664356;0.0589295285742191;-7.68665956499356;-11.2439465120181;32.8332160849747;0.00909968749522128;7.33844025031988
19431958097.8493;19.8695720755883;0.058929528582241;-7.58415247735665;-10.6414211510906;32.9099148664654;0.0288441725627134;7.33844016909224
19431958098.1901;19.8695720872323;0.0589295286003123;-7.46634525776508;-10.2754589111656;32.9980477514834;0.0512123368338367;7.33844006558464
19431958098.5232;19.8695721028519;0.058929528636606;-7.32886345277884;-9.96270230510042;33.1008815691874;0.0769131694300742;7.33843992754312
19431958098.8464;19.8695721247962;0.0589295287069138;-7.16815444756743;-9.66247350650952;33.2210659253536;0.106437460489825;7.33843973600133
19431958099.1628;19.869572158191;0.0589295288480166;-6.97667078700475;-9.35081421645143;33.3642343271829;0.140973581477763;7.33843945126146
19431958099.4745;19.8695722143589;0.0589295291529751;-6.74415181608792;-9.00939883316308;33.5380423126473;0.182091926727973;7.33843898981151
19431958099.7793;19.8695723204117;0.0589295298801408;-6.45851160603448;-8.62240061599964;33.7515009099507;0.231421700487392;7.33843816302051
19431958100.0778;19.8695725583881;0.0589295319209925;-6.09840509556299;-8.16512742861411;34.0205271875588;0.291755267775456;7.33843644455585
19431958100.3718;19.8695732566753;0.0589295393949347;-5.62430010135697;-7.59478443409687;34.3746010443011;0.367919946703369;7.33843196402901
19431958100.6614;19.8695764274791;0.0589295819568765;-4.96062402001155;-6.83277196137576;34.8700696680633;0.46806360553235;7.3384151675012
19431958100.9465;19.8696114162093;0.0589301807488395;-3.91106755709268;-5.67771977638555;35.6532416389102;0.610164313093934;7.33828670154535
19431958101.2283;19.8739025254342;0.0590274893857339;-1.81748205304538;-3.46190023317431;37.2036302011675;0.843659378652116;7.3302512816102
19431958101.506;19.9350189471022;0.0607877175009754;-0.657403709804014;-2.19799267493984;37.5708519225907;1.08208674629139;6.99955417680988
19431958101.7804;20.0531307219581;0.0645344970747839;-0.366101092962857;-1.86473614469301;36.3362323692993;1.15266960806078;6.03078144110609
19431958102.0528;20.22464218659;0.0697455764738626;-0.200859051594019;-1.71822451684214;34.106974326334;1.03628146175734;4.4570040254201
19431958102.3203;20.434721551638;0.0750759370586243;-0.104862843469803;-1.70048965069815;31.0866002540326;0.788762802431695;2.38715294360264
19431958102.5881;20.6625998536758;0.0789584301026011;-0.0701808181874903;-1.8387731066753;27.5402744601793;0.469219416963663;-0.00362973558935529
19431958102.8525;20.845239388086;0.0805052650859659;-0.160698779728942;-2.23284958554022;25.6478309986513;0.217220014079933;-1.22482143930994
19431958103.1159;20.9976125963847;0.081148613077389;-0.237639667675573;-2.61210233022129;25.6632051568649;0.108354819561063;-1.1765347358163
19431958103.3759;21.1305832275897;0.0816436342109025;-0.291323123990849;-2.72045511403389;25.7057357248213;0.0956969393992508;-1.12130979544819
19431958103.6349;21.2500492751551;0.0821182117612175;-0.335925424985346;-2.73686273038994;25.7402757103518;0.102252960066828;-1.07591443946254
19431958103.8928;21.3587563387399;0.0825910029550341;-0.375193978325187;-2.73678236418107;25.7700674333526;0.112079754017528;-1.03634815498924
19431958104.1481;21.4579185170756;0.0830620090684837;-0.410689420647658;-2.73400893505629;25.7966452680885;0.122530362197475;-1.00081138924276
19431958104.4018;21.5492852349505;0.0835289348715101;-0.443526351615617;-2.73506650148023;25.8210251369961;0.131957272598529;-0.968073158852621
19431958104.6567;21.6347697611141;0.0839904148812476;-0.474596015264136;-2.7423306309059;25.8439755052711;0.139516221275017;-0.937178148069678
19431958104.913;21.7150378616869;0.0844394228392291;-0.504182949187595;-2.75647189706308;25.865777213188;0.14468935635977;-0.90779942782056
19431958105.1656;21.7892631325931;0.0848616112110038;-0.53191713774118;-2.77696266161781;25.8862070670676;0.147239012800277;-0.880272944578832
19431958105.4157;21.8584388965054;0.0852549282855135;-0.558078810293926;-2.80328997385236;25.9055040488412;0.147292584713791;-0.854298921778492
19431958105.6634;21.923188210414;0.0856172374360805;-0.582804062515532;-2.83495993063853;25.9237878232953;0.145058302223801;-0.82972858090544
19431958105.9114;21.9845611321952;0.085950262614536;-0.606403316856306;-2.87190304639817;25.9412976849101;0.140764119421985;-0.806245607324079
19431958106.1586;22.0426775092715;0.086251894247586;-0.628830369904349;-2.91365201743633;25.9580040457252;0.134725451670021;-0.783891105112289
19431958106.4039;22.0975760459271;0.0865210392492979;-0.650015713707134;-2.95959016305308;25.9738570650022;0.1273391647592;-0.762731035705194
19431958106.6497;22.150096901174;0.0867612915212992;-0.670216419890908;-3.00988070602829;25.989047943954;0.118884732290351;-0.74250751002207
19431958106.893;22.1998612698184;0.0869713707779245;-0.689219285054175;-3.06375461166577;26.0034158944115;0.109772884286949;-0.723432728311522
19431958107.1323;22.246851769087;0.0871525190353563;-0.706966843628418;-3.1209427423397;26.0169146099199;0.100295140904924;-0.705565168935715
19431958107.3656;22.2909564186892;0.087306154380015;-0.723379265387315;-3.18137250244832;26.0294809234054;0.0906718069187751;-0.688986186463059
19431958107.5924;22.3323855121783;0.0874349765267121;-0.738511004015283;-3.24582590263051;26.0411545814574;0.0809739521946948;-0.673641750722302
19431958107.8125;22.3713085616312;0.0875413925636645;-0.752406452287681;-3.31560622901842;26.0519700787734;0.0712263671411288;-0.659486523396888
19431958108.0254;22.4078616191618;0.0876275672945289;-0.765100513868475;-3.39264428811854;26.0619568199429;0.0614417032796325;-0.646483354344175
19431958108.2302;22.4421219667072;0.0876954425819154;-0.776610248619214;-3.47969033144149;26.0711319925608;0.0516511274189772;-0.63461216579473
19431958108.4261;22.4741184219143;0.0877468648601488;-0.786940944823855;-3.58089149771248;26.0795045821363;0.0419130035540611;-0.623864247566195
19431958108.612;22.5038519207684;0.0877837040065926;-0.796108495940274;-3.70304495411871;26.0870751304463;0.0323213082234148;-0.614231256402166
19431958108.7869;22.5313027791145;0.087807904436537;-0.804158232323548;-3.85889107932605;26.0938430663132;0.0230040974727867;-0.605690944004246
19431958108.9512;22.5566701223416;0.0878215336947599;-0.811228860017942;-4.08103162523638;26.0998728706301;0.0140228286326199;-0.598131049473579
19431958109.107;22.5803966225254;0.0878263881813275;-0.817535387431771;-4.50662576532637;26.1052895153971;0.00534119133939525;-0.591360804784465
19431958109.2587;22.6031734672797;0.0878236014994617;-0.823358274163003;-4.73576444438458;26.1102664673728;-0.00319451648640475;-0.585124265656778
19431958109.4151;22.6263534605253;0.0878129373170324;-0.829130629690279;-4.16631636894098;26.1150994908629;-0.0120145067420461;-0.579007231062351
19431958109.5839;22.6510204961547;0.087792665217754;-0.835217131930856;-3.92043536863794;26.1200039214533;-0.0214661915846498;-0.572683110757039
19431958109.7696;22.6777449394025;0.087760242545958;-0.841884138123508;-3.7579440043093;26.1251001026539;-0.0316955357465885;-0.565937751563293
19431958109.965;22.7054083503253;0.0877155797272057;-0.849002403134876;-3.6409620023794;26.1302347585401;-0.0421874924329481;-0.558938137729854
19431958110.1674;22.7335749002236;0.0876587943629367;-0.856616427080089;-3.55211366482712;26.1354308596145;-0.0526905129328312;-0.55164680007745
19431958110.3765;22.7621181516973;0.0875899203236397;-0.864848129723883;-3.48229601944721;26.1407831897749;-0.0630769528946687;-0.54393964585661
19431958110.5924;22.7909896470961;0.0875090264408867;-0.873837921600577;-3.42639151911348;26.1464055587564;-0.0732585630383162;-0.535670685417777
19431958110.8111;22.8195875303826;0.0874182882713649;-0.883523280859138;-3.38206715633327;26.1522936978012;-0.0829785629641805;-0.52687473013665
19431958111.0326;22.8478599695555;0.0873186220443622;-0.89397383117023;-3.34678909176562;26.1585314871533;-0.092214262848525;-0.517461318319281
19431958111.2574;22.8758219304946;0.0872106930721943;-0.905265741217654;-3.31869532472064;26.1652031623518;-0.100993756840691;-0.507336352988885
19431958111.4856;22.9034130182708;0.0870954193865652;-0.917428749929169;-3.29646739374909;26.1723607433617;-0.109346340709019;-0.496450432052083
19431958111.7147;22.9303155718761;0.0869749364604068;-0.9303386639353;-3.27920666271066;26.1799613936735;-0.11724680124038;-0.484894618890048
19431958111.9449;22.9564963421659;0.0868502003674354;-0.943960589699619;-3.26595087309893;26.1880106687834;-0.124770589152575;-0.47268268278663
19431958112.1766;22.9820059671616;0.0867216467812989;-0.958287988011754;-3.25590786607667;26.1965267564138;-0.132015169153491;-0.459805633132112
19431958112.41;23.0068334861327;0.086589907920371;-0.973271081407019;-3.24849049980008;26.2054980071681;-0.139050642214154;-0.446296051154269
19431958112.6446;23.0308999895753;0.0864559517953852;-0.988802130964002;-3.24325255234659;26.2148732691727;-0.145914127015116;-0.432241959275567
19431958112.8793;23.0541171836277;0.0863208309889239;-1.00474432004865;-3.23983182270067;26.224578748373;-0.152623362736561;-0.417761092890592
19431958113.1148;23.0765525213695;0.0861846639671713;-1.0210589187371;-3.23791959185926;26.2345959325238;-0.15922589782791;-0.402885074866813
19431958113.3513;23.0982350867843;0.0860477311270864;-1.03768506063391;-3.23728811010538;26.2448893117254;-0.165745480870417;-0.387668019576513
19431958113.5886;23.1191635722039;0.0859104795847799;-1.05454059086831;-3.23776115739548;26.255406565391;-0.172186136393552;-0.372185986513105
19431958113.8261;23.1393078237174;0.0857735564590528;-1.07151805916126;-3.23919238959553;26.2660765234749;-0.178533975103325;-0.356540353815012
19431958114.0637;23.1586904647189;0.0856372524497969;-1.08855608527813;-3.24146040686952;26.2768549899257;-0.184785999260485;-0.34079139977739
19431958114.302;23.1773682361482;0.0855015824614403;-1.10563269160379;-3.24447396026205;26.2877194598385;-0.190946473808565;-0.324965175045817
19431958114.5418;23.1954466461443;0.0853661409972037;-1.12281928631034;-3.24822787752709;26.2986693147521;-0.197026745174728;-0.309026376023473
19431958114.7883;23.2132822170319;0.0852284474771649;-1.14052657507845;-3.25290008752294;26.30986935293;-0.203116488157531;-0.292659124773065
19431958115.0439;23.23100062165;0.0850876091220003;-1.15906488930337;-3.25876855997732;26.3213645781423;-0.209220738140982;-0.275678158767097
19431958115.3098;23.248621734876;0.0849435385631635;-1.17876542691575;-3.266223527949;26.3331574786945;-0.215300399311974;-0.25791642314059
19431958115.5884;23.2661917061038;0.0847959324174184;-1.20011301316206;-3.27577962327103;26.3453191703649;-0.221328252093032;-0.239084155464242
19431958115.8828;23.2837757571732;0.0846443079192462;-1.22381777979697;-3.28816733969901;26.3579859046284;-0.227280754009959;-0.218735416973553
19431958116.1999;23.3015665426269;0.0844869972242031;-1.25105930460136;-3.30449617707989;26.3714880062947;-0.233183471207289;-0.196059609212842
19431958116.5492;23.3197454891079;0.0843223060644202;-1.28361138057259;-3.32650980371608;26.3862653058145;-0.239044910556465;-0.169875951949845
19431958116.9579;23.339046864347;0.0841431847451965;-1.3257910367331;-3.35823201153838;26.4035149492761;-0.245030852530646;-0.137225105697238
19431958117.484;23.3605929544607;0.0839382412378172;-1.38768736462452;-3.40942167211918;26.4256835785075;-0.251357543242787;-0.0914264845608132
19431958118.353;23.3873835380984;0.0836764203344187;-1.51103924872108;-3.52101710657919;26.4614624438651;-0.258604444606483;-0.0058000311698911
19431958120.1861;23.4133498846295;0.0834178179048794;-1.8487796772299;-3.85055792514859;26.5222466040103;-0.264138715103042;0.203716946649387
19431958127.7277;23.4204970919879;0.0833470821842308;-3.0233270699921;-5.02782466980974;26.5892298890542;-0.263152899220567;0.835736961230035
19431958179.1255;23.4213554269834;0.0833386247396966;-4.77728752080795;-6.78370518221425;26.6370774935452;-0.262463498089779;1.74468070156878
19431958603.5884;23.4214710800068;0.0833374885081085;-6.56468276388371;-8.57237289579258;26.6970746798716;-0.262285054539504;2.6784624704691
19431962111.0145;23.4214875611907;0.0833373270627095;-8.32800013025475;-10.3369628627939;26.7567144430821;-0.262101828780415;3.599966464693
19431986235.1718;23.4214903954211;0.0833372994045576;-9.93001699901745;-11.940628992231;26.82817923275;-0.26180576520371;4.44871990673315
19432086255.9562;23.4214911172852;0.0833372923895204;-11.1416348051428;-13.1540602788837;26.9076301591478;-0.261486923837944;5.1076091416955
19432426494.1178;23.4214913597379;0.0833372900439537;-12.147155971999;-14.1615352332067;26.9977404975837;-0.2611849553954;5.67057188445902
19433416069.2969;23.4214914591772;0.0833372890865742;-12.9978909534593;-15.014364703641;27.099214801948;-0.260905333535499;6.16373413157922
19436051675.0485;23.4214915074434;0.0833372886243472;-13.7372367768522;-15.756025049164;27.2169962003676;-0.260646513698491;6.61209698309076
19443020619.0566;23.4214915349877;0.0833372883622243;-14.4031360228421;-16.4246621657868;27.3648842856694;-0.260415885624085;7.04385152019272
19465236652.9474;23.4214915544839;0.0833372881783644;-15.0567158226403;-17.0821794766865;27.5916760292833;-0.260204275326335;7.52216335247185
19536903175.918;23.4214915732334;0.0833372880038785;-15.5823275858883;-17.6135559967091;27.9448974317512;-0.260060329883891;8.02096152260124
19666450083.2855;23.4214915952469;0.0833372878016268;-15.7697382194417;-17.8065348889908;28.3272545964448;-0.260260234239167;8.37012756018646
19848223563.5052;23.4214916277855;0.0833372875063621;-15.7471312029865;-17.7893188784896;28.717221316527;-0.260588196198498;8.61936986992773
20074998270.3459;23.4214916881254;0.0833372869648595;-15.5749899955177;-17.6219940668517;29.1287247784911;-0.261407113036265;8.80823733253032
20326306711.2606;23.4214918191187;0.0833372858017231;-15.2829579377885;-17.334576445757;29.5616978876388;-0.262488853728166;8.95150538671837
20592437099.9526;23.4214921648128;0.0833372827574457;-14.8864025448467;-16.9416102478374;30.0277743987999;-0.264432871655308;9.0646339978756
20860584594.0745;23.4214932881717;0.083337272930551;-14.3778551993973;-16.4359574380753;30.5434498828435;-0.267187324027466;9.15490950034783
21123499867.8642;23.4214984133874;0.0833372280466395;-13.7101036673836;-15.7677251196122;31.1528955659525;-0.272820478928452;9.22824935675632
21374552392.9648;23.4215368430309;0.0833368921832443;-12.8150982388379;-14.8736019200439;31.9123628957501;-0.278904345416755;9.28819738383214
21614828771.4184;23.4231356952587;0.0833231375150601;-11.1769027510449;-13.2422609594646;33.2082173673494;-0.285684945065665;9.33492452438553
21843822874.0871;23.4634803883372;0.0829841417216447;-9.75403788208292;-11.8296299889159;34.1048294439215;-0.286565415038746;9.22254248654939
22063248230.7066;23.5252952726718;0.0824738809438961;-9.55019375191591;-11.6334946261929;33.516853713165;-0.276670190803844;8.7277259933583
22271895876.3513;23.5973419825135;0.0818904867301602;-9.46179933587853;-11.5534513711928;32.9807806681794;-0.267060031590478;8.3253138227632
22473876352.8815;23.6675924704277;0.0813303030995008;-9.45866004757645;-11.5569789785038;32.664025499026;-0.260465840726085;8.11207731724798
22668641422.9297;23.7464913726959;0.0807121097410394;-9.39244011055548;-11.4983867364805;32.5976809130603;-0.255411282823524;8.03461444408206
22853000605.3113;23.8233268372468;0.0801207194682152;-9.38010305201328;-11.4937905964135;32.5547003836326;-0.250568318342411;7.99970464505141
23027591071.9819;23.9035821846907;0.0795125929214189;-9.33754654657705;-11.4580265635613;32.5180488222111;-0.246402132301999;7.9539174778311
23192841232.5379;23.986775544618;0.0788935190625851;-9.29805322562795;-11.4263994243418;32.5025532665418;-0.241864027252404;7.92379527934382
23349773393.8722;24.0693645988896;0.0782895036572849;-9.27878946304122;-11.4146639407087;32.470471948532;-0.237472936907295;7.89270755848848
23497373992.4296;24.1536471287372;0.077683147530496;-9.24335055562904;-11.3863603485046;32.4471606696513;-0.233435502049056;7.85939381257306
23634131685.7168;24.2380335947849;0.0770864471753905;-9.20967896707567;-11.3601954705757;32.4290949088118;-0.22930753418337;7.83046829022001
23760894477.0155;24.3215867510314;0.0765056330012233;-9.18102893357805;-11.3389545873989;32.4019324540928;-0.225239865077423;7.79797637917339
23879375707.1593;24.4036181474274;0.0759447084495815;-9.15966945016546;-11.3247451051698;32.3769401059545;-0.221391094268296;7.7705809536569
23992402163.6213;24.4816998054872;0.0754190317274673;-9.16063108509604;-11.3324613659489;32.364777238988;-0.21789252986791;7.76291969025983
24098890184.961;24.5560718881343;0.0749252321609906;-9.15589081421982;-11.3337500531443;32.3680298011866;-0.21491019902439;7.76270950291923
24194344408.5746;24.6339523472532;0.0744151292817829;-9.08836664651524;-11.2721373747572;32.3684461572573;-0.212007450483636;7.72921293834417
24265673407.7508;24.7181576771993;0.0738732256906119;-8.92792654852295;-11.1193441013653;32.333670109445;-0.208083407062893;7.62574106387662
24303976102.0361;24.7940345360563;0.0734006955439487;-8.70311998044625;-10.9087998031349;32.2684914593894;-0.20095501094263;7.46975997192032
24315206429.3899;24.8264287690619;0.0732074028112067;-8.53992471407031;-10.7641768896382;32.2385340867009;-0.192363694863336;7.36811217750582
24316838706.1747;24.8317241585426;0.0731766290706247;-8.48889589550501;-10.7246135154462;32.2427912950953;-0.187376452398249;7.34542272798562
24316929885.5959;24.8320276404628;0.0731748864645531;-8.47776400787809;-10.7186976082889;32.2489629120914;-0.185174914328342;7.34397184248408
24316937202.9671;24.8320524945807;0.0731747453994112;-8.46895673365523;-10.7149353781629;32.25538289668;-0.183072687566296;7.34384968203614
24316937833.0484;24.8320546795416;0.0731747331489887;-8.45995291778924;-10.711245513726;32.2621166895317;-0.180884045177493;7.34383869029497
24316937894.4974;24.8320548973834;0.0731747319435922;-8.45037362379277;-10.70738491282;32.2692965191151;-0.178557546056156;7.34383756925563
24316937903.0843;24.8320549285948;0.073174731773471;-8.4395189528714;-10.7030749747499;32.2774336571646;-0.175931244686615;7.34383740462118
24316937906.3289;24.8320549407653;0.0731747317083918;-8.42585405203183;-10.6977193110256;32.2876772248278;-0.172651972341387;7.3438373386413
24316937908.3649;24.8320549486844;0.073174731666975;-8.410116755895;-10.6916156411947;32.2994736775056;-0.168926024001454;7.34383729438656
24316937909.8365;24.8320549546455;0.0731747316365725;-8.3924549341894;-10.6848715480566;32.3127119468001;-0.164799843607087;7.34383726000312
24316937910.9891;24.8320549595334;0.0731747316123506;-8.37253562485906;-10.6774488501819;32.3276414046224;-0.160199366631484;7.34383723087384
24316937911.9444;24.8320549637991;0.073174731591897;-8.35015060795337;-10.6693733540819;32.3444178384868;-0.155087427648275;7.34383720458309
24316937912.7685;24.8320549676975;0.0731747315738965;-8.32511209990583;-10.6607123605965;32.3631816617017;-0.149434525996235;7.34383717971822
24316937913.4935;24.8320549713537;0.0731747315577245;-8.29733756020111;-10.6516067832552;32.3839943614334;-0.143238970896211;7.34383715557475
24316937914.1568;24.8320549749497;0.0731747315425999;-8.2658754043716;-10.6420106897934;32.4075685515393;-0.136304804103366;7.34383713100893
24316937914.7706;24.8320549785606;0.0731747315282861;-8.23039399885538;-10.6322525242354;32.4341521656006;-0.128571296853228;7.34383710548872
24316937915.3155;24.8320549820573;0.0731747315153139;-8.19263858604336;-10.6232874732247;32.4624371497604;-0.120429320136398;7.34383707989323
24316937915.834;24.8320549857272;0.0731747315027385;-8.15008028111274;-10.6152064118573;32.4943174763737;-0.111347709714792;7.34383705219169
24316937916.3172;24.8320549895364;0.0731747314908543;-8.103370242511;-10.6092404610878;32.5293045710703;-0.101485631906134;7.34383702254553
24316937916.7628;24.8320549934801;0.073174731479839;-8.05298572554338;-10.606885790403;32.567040233386;-0.0909658172911376;7.34383699094458
24316937917.1919;24.8320549978076;0.0731747314693188;-7.99634003545499;-10.6105624823952;32.6094608056595;-0.079272247421247;7.3438369554108
24316937917.606;24.8320550026451;0.0731747314595073;-7.93246692925377;-10.6253431616058;32.6572884436562;-0.0662374934820148;7.34383691481067
24316937917.9974;24.8320550080241;0.0731747314509554;-7.86189952587917;-10.6605425892804;32.7101223724547;-0.0520042820995611;7.34383686872237
24316937918.3757;24.832055014273;0.073174731444073;-7.78205292784569;-10.7401168280012;32.7698959572372;-0.0360920177570624;7.34383681434183
24316937918.7411;24.832055021709;0.0731747314399376;-7.69143815632366;-10.9462597048456;32.8377211821207;-0.018262131367277;7.34383674886755
24316937919.0935;24.8320550308021;0.073174731440422;-7.58836162869661;-11.861881899318;32.9148623478916;0.00175336273702028;7.34383666820788
24316937919.4368;24.832055042455;0.0731747314490937;-7.46926648402769;-10.5975960345058;33.0039768700594;0.0245604728390517;7.34383656474638
24316937919.769;24.8320550579344;0.0731747314727187;-7.33161402877119;-10.1479963426172;33.1069583935959;0.0505285655396087;7.34383642793192
24316937920.094;24.8320550799401;0.0731747315261231;-7.16931296241693;-9.78427232513654;33.2283558000024;0.0806398088053692;7.34383623615916
24316937920.4098;24.8320551132217;0.0731747316414643;-6.97727091754517;-9.4374900900923;33.3719665874948;0.115654524539141;7.34383595249281
24316937920.7204;24.8320551691431;0.0731747319037038;-6.7445223589075;-9.0734023216091;33.5459741733045;0.157311490368572;7.3438354931213
24316937921.0247;24.8320552751258;0.0731747325549244;-6.45809742724837;-8.66960420474372;33.7600503102013;0.207441816932055;7.34383466747457
24316937921.3228;24.8320555137125;0.0731747344400671;-6.09679287312204;-8.1990948421222;34.0300055323325;0.268880960403029;7.34383294665814
24316937921.6159;24.8320562135244;0.073174741491153;-5.62202088396619;-7.61874621656872;34.384613042144;0.34644859836351;7.3438284590777
24316937921.9057;24.8320594318219;0.0731747829356573;-4.95449316186577;-6.84465240361466;34.8829888683611;0.449215204817028;7.34381147596182
24316937922.1915;24.8320958962379;0.0731753930523938;-3.89409582627931;-5.67055214990677;35.6742461151338;0.596895741602893;7.34367888124593
24316937922.4713;24.8365095820507;0.0732744574124017;-1.8020054905149;-3.45088946711138;37.2230581147937;0.835464640225114;7.33536262650351
24316937922.7487;24.8979749574365;0.0750204526854082;-0.654602836447098;-2.20119031117639;37.5753687926377;1.06737192902022;7.00088644730071
24316937923.0218;25.0156689545321;0.0786571000220684;-0.365509593947324;-1.87556271899987;36.3422480816969;1.12294545988776;6.03388182432965
24316937923.2948;25.1879004529061;0.0836838043025017;-0.200066379012012;-1.73489562231677;34.1039273395585;0.99534846503527;4.4537609329651
24316937923.5658;25.4014369930634;0.0887541667835137;-0.103435805163886;-1.72786899869348;31.0344694668961;0.736904370030448;2.35077136446908
24316937923.8321;25.6281411577436;0.0922049920681448;-0.069986644255366;-1.88752317117583;27.5024348514888;0.418634116000124;-0.0295500470373712
24316937924.0957;25.8099090186107;0.0934647958155669;-0.16147759061012;-2.32069179099548;25.6464841236161;0.177751647915091;-1.22553807369675
24316937924.3582;25.9617431119616;0.0939525039172601;-0.23774864686105;-2.73095797730123;25.6633929277821;0.0824336904287146;-1.1764240300638
24316937924.6189;26.094958492383;0.0943386343202364;-0.291498061507739;-2.82931843256529;25.7059542109807;0.0745097932909994;-1.12112829960663
24316937924.877;26.2140269977212;0.0947154539509465;-0.335930977000531;-2.83559435936484;25.740363995246;0.0814612934585566;-1.07590730441091
24316937925.1343;26.3225128457345;0.0951006285431303;-0.375120450963162;-2.82483590767967;25.7701006532252;0.0914956945206924;-1.0364220397304
24316937925.389;26.4214705396049;0.0954917576964062;-0.410546355691944;-2.81367573373296;25.7966338659227;0.101960900327439;-1.0009552652473
24316937925.6419;26.5126167067552;0.0958846503461347;-0.443307244806533;-2.80877175130064;25.8209651614858;0.111303280631822;-0.968292649196456
24316937925.8947;26.5974699419216;0.0962743951325785;-0.474141409306658;-2.81202950004445;25.8437485301264;0.118704563615334;-0.937631373976783
24316937926.1496;26.6773986667884;0.0966568225004953;-0.503598665241165;-2.82375258536655;25.865459666564;0.123756004824633;-0.908381080056021
24316937926.4022;26.7517054225452;0.0970191531246422;-0.531361924866039;-2.84328518311825;25.8859132201245;0.126223504150163;-0.88082579533321
24316937926.6515;26.8207864224002;0.0973557215530759;-0.557486591827214;-2.86977183173952;25.9051823585985;0.126212222362464;-0.854889061818184
24316937926.8988;26.8854984160995;0.0976651104307235;-0.582197724430026;-2.90267780754583;25.9234525296988;0.123940361352332;-0.830333738543498
24316937927.1459;26.9467498345417;0.0979476123479546;-0.605751349289879;-2.9418461001522;25.940923034155;0.119643931165515;-0.806897528254503
24316937927.3923;27.0047581907134;0.0982015551780897;-0.62814152770699;-2.98689613101132;25.95759423484;0.113634403360607;-0.784581585341273
24316937927.638;27.0598445562931;0.0984269207497103;-0.649409711284076;-3.03756626026217;25.9734998473318;0.106261006303095;-0.763340924745085
24316937927.8828;27.1122290659014;0.0986242230141124;-0.669568930575794;-3.09363974364329;25.9886490120337;0.0978842664972387;-0.743161260738502
24316937928.1264;27.1621212294375;0.0987946348273435;-0.688636252388253;-3.15516889209681;26.0030540753181;0.0888161041826975;-0.724024469302358
24316937928.3659;27.2092030011418;0.0989383072389241;-0.706435509938267;-3.22191492550296;26.0165801472686;0.0793909123537631;-0.706107612844577
24316937928.5995;27.253423838561;0.0990569111362666;-0.722910845424927;-3.29443884782311;26.0291823431453;0.0698123927702587;-0.689467997993411
24316937928.8268;27.2949609110688;0.0991528652255069;-0.738102823950131;-3.3744752209433;26.0408899687666;0.0601566198361584;-0.674065538959995
24316937929.0473;27.3339855888895;0.0992284339250429;-0.752056103841501;-3.4650534816538;26.0517376728419;0.0504474616199512;-0.65985467365927
24316937929.2605;27.3706329618937;0.0992856619330913;-0.764805729376716;-3.57123994835371;26.0617548170685;0.0406976596727303;-0.646798213771236
24316937929.4658;27.4049862591875;0.0993264275123922;-0.776370783776953;-3.70204559330745;26.0709600777606;0.0309372862060849;-0.63487408932001
24316937929.6622;27.4370821987544;0.0993525470276494;-0.786758179146993;-3.87624315999797;26.0793638784058;0.0212232560228221;-0.62407184482795
24316937929.8487;27.4669129972174;0.0993658707250293;-0.795979703464217;-4.14601982144663;26.0869646572014;0.0116515427196261;-0.614386638720293
24316937930.0242;27.4944669082579;0.0993683486203008;-0.804081861159839;-4.85018216616195;26.0937639645315;0.00234658572599684;-0.605794281508903
24316937930.189;27.5199199192557;0.0993618916493596;-0.811194606479945;-4.40690493971355;26.0998197312975;-0.00662105467954919;-0.598191291886519
24316937930.3452;27.5436966908873;0.0993479736752942;-0.81752927999067;-4.05010614363289;26.1052536881635;-0.0152809746180603;-0.591390885182187
24316937930.4969;27.5664846131295;0.0993272171310183;-0.823365537496099;-3.86391521617046;26.1102385306107;-0.0237827001670429;-0.585137961311894
24316937930.6526;27.589561241776;0.099298476285361;-0.829118157949477;-3.73379097684869;26.115055578683;-0.0325250621838127;-0.579036945261601
24316937930.8207;27.6141272284916;0.0992590713317159;-0.835180214977182;-3.62996360668937;26.1199448273544;-0.0418975727312556;-0.572730380101428
24316937931.0054;27.6407164087511;0.0992061159319039;-0.84180682197887;-3.54260151898231;26.1250168421505;-0.0520309651697612;-0.566016217852067
24316937931.2003;27.6683153535489;0.0991401514818898;-0.848895002252512;-3.47047753425924;26.1301364928091;-0.0624538399988491;-0.559036397508174
24316937931.4023;27.6964175581772;0.0990617780366995;-0.85647080788034;-3.41104226150051;26.1353116901962;-0.0728880329986343;-0.551772893620978
24316937931.6106;27.7248728741336;0.0989712132168633;-0.86464836164988;-3.36185224635301;26.1406320247514;-0.0831978683124461;-0.544109063611664
24316937931.8258;27.7536647895956;0.0988684635091388;-0.873576413764273;-3.32106637706635;26.1462168617696;-0.0933080032201535;-0.535891055896998
24316937932.0443;27.7822505361452;0.0987558972626019;-0.883214971927121;-3.2879563257175;26.1520751621982;-0.10298282520129;-0.527133647254927
24316937932.2654;27.8105046736065;0.0986347370423642;-0.893611290479555;-3.26133329013333;26.1582768133402;-0.112172689188849;-0.517766976968863
24316937932.4897;27.8384246015976;0.0985057269146098;-0.904834469698153;-3.2401249582514;26.1649022510446;-0.120900647851429;-0.507703021171574
24316937932.7176;27.8660206647369;0.0983694793402068;-0.916943589147035;-3.223461939749;26.1720211379965;-0.129216779193249;-0.496865839405187
24316937932.9467;27.892944519132;0.0982284957262517;-0.929806926749675;-3.21077552094445;26.1795864641112;-0.137086341999617;-0.485353082786353
24316937933.1766;27.9191403750129;0.0980838731233243;-0.94337911484384;-3.20137553356397;26.1875977257949;-0.144577011139984;-0.473187792273592
24316937933.4081;27.9446578851588;0.097936018919288;-0.957653039551993;-3.1946576580528;26.1960728376858;-0.15178594918353;-0.460361400008012
24316937933.6413;27.9695013079837;0.0977854816899115;-0.972588287824733;-3.19015580014124;26.205005907905;-0.158787660338666;-0.44689790638502
24316937933.8758;27.9935979416034;0.0976332403945695;-0.988082126728037;-3.1875060306686;26.2143490562633;-0.165620912856875;-0.432880618015046
24316937934.1104;28.0168500260795;0.0974804659373962;-1.00399333401326;-3.18640447682377;26.2240260132393;-0.17230116909267;-0.418431125762235
24316937934.3457;28.0393057512549;0.0973273564779437;-1.02027031740089;-3.18659537871008;26.2340104583723;-0.17887087275842;-0.403592699049116
24316937934.582;28.0610101230693;0.0971740624271534;-1.03686302330331;-3.18788494336661;26.2442736214455;-0.185358555773615;-0.388409510392177
24316937934.8192;28.0819699141385;0.0970209672115826;-1.0536959077566;-3.19012123833815;26.2547675290137;-0.191770961902391;-0.372951393509274
24316937935.0567;28.102157022688;0.0968687147558559;-1.07066482546709;-3.19317463753913;26.2654232783161;-0.198095491735536;-0.357316557496552
24316937935.2942;28.1215643682475;0.0967178061702186;-1.08768212859267;-3.19693431861724;26.2761801653953;-0.20431960530344;-0.341589491609466
24316937935.5322;28.14026675867;0.0965680751445959;-1.10474058894017;-3.20132590841526;26.2870253534819;-0.210453486309906;-0.32578238069265
24316937935.772;28.1583740039401;0.0964189986520968;-1.12191297574107;-3.20635619403397;26.2979615921692;-0.216510452890652;-0.309856973266129
24316937936.0181;28.1762230223073;0.0962679974149048;-1.13958721588884;-3.21222104673951;26.3091405195985;-0.222573179443442;-0.293517567658314
24316937936.2732;28.1939448860734;0.0961140465390545;-1.15807158519706;-3.21919881484949;26.3206093025624;-0.228648685517529;-0.276578472052496
24316937936.5386;28.2115761350818;0.0959568968109362;-1.17771135377062;-3.22768079885445;26.3323801675327;-0.234704097371105;-0.258859072533257
24316937936.8165;28.2291495197481;0.095796330241192;-1.1989686373527;-3.23816892338016;26.344513415904;-0.240707651433873;-0.240088225646038
24316937937.1102;28.2467453183682;0.0956316749058879;-1.22256438045471;-3.25139755572715;26.3571532564636;-0.246641030668664;-0.219809249529497
24316937937.426;28.2645196770965;0.0954614728385084;-1.24960729793362;-3.26843640794708;26.3705978708325;-0.252517142489242;-0.197268519339427
24316937937.7736;28.2826807589545;0.0952836463947607;-1.28187487523689;-3.29102024781242;26.3853016351792;-0.258354892823647;-0.171273624292314
24316937938.1785;28.3019080374926;0.095091170513437;-1.32346635005619;-3.32300785097188;26.4023928045823;-0.264302814049514;-0.139020185934848
24316937938.6957;28.3232766912015;0.0948723686061515;-1.38391698359512;-3.37364304132868;26.4241948351453;-0.270567547546954;-0.0941868147606074
24316937939.5426;28.3498753547453;0.0945931344726417;-1.50292389133731;-3.48181520204206;26.4591567675064;-0.277769584220801;-0.0112756541486507
24316937941.2987;28.3762800826001;0.0943108604169208;-1.82286936001633;-3.79388009247732;26.5187151749212;-0.283492612613918;0.188528590229839
24316937948.1764;28.3841917954002;0.094226735855534;-2.93917758303483;-4.91252528386841;26.5864240139045;-0.282691158733572;0.79191422840093
24316937994.626;28.3851431937863;0.0942166639868211;-4.68861903511872;-6.66387138938257;26.6341661800015;-0.281959512407253;1.69852717227684
24316938376.7382;28.3852707581961;0.0942153173637345;-6.47646139019567;-8.45294485878074;26.6940690537945;-0.281793720472238;2.63246919872809
24316941520.1116;28.3852889391439;0.0942151259578067;-8.23777946196599;-10.2154405977076;26.753037694454;-0.281651433336016;3.55252506127921
24316963778.5918;28.3852919999751;0.0942150938485566;-9.86165613083799;-11.8408653445594;26.8242072567444;-0.281395846157449;4.41201096723018
24317057085.0343;28.3852927683574;0.0942150858196695;-11.0843342561793;-13.0652562805805;26.903022956001;-0.281111788215067;5.07600566565086
24317377368.5644;28.3852930236493;0.0942150831634631;-12.0984975932415;-14.0812727792487;26.9924982993344;-0.280845776210375;5.64286491666368
24318316733.2649;28.3852931273765;0.0942150820891822;-12.9569418965241;-14.9417164174732;27.0933868424307;-0.280600717375438;6.13949009118858
24320826577.4999;28.3852931772799;0.0942150815749719;-13.7015163216917;-15.6885059813942;27.2101605087527;-0.28037639275045;6.58979352095721
24327418201.7346;28.385293205492;0.0942150812860142;-14.3685561696137;-16.3581581264958;27.3554329755734;-0.280182906523734;7.0203702819856
24348221252.8786;28.3852932252096;0.0942150810857951;-15.0232735432126;-17.0166216143245;27.5763301934316;-0.280019579742565;7.49531186914334
24416764729.9947;28.3852932438922;0.0942150808985192;-15.5645301260145;-17.5634841412657;27.9255335761562;-0.279928724142113;7.99924663189481
24542747802.6529;28.3852932654699;0.0942150806849294;-15.7663072069871;-17.7707316626763;28.3051185663999;-0.28018218817985;8.35374250266509
24721539522.2459;28.3852932970758;0.0942150803758842;-15.7525789705469;-17.7623255048748;28.6944925927945;-0.280576966296057;8.60702709517571
24947095475.4408;28.3852933552908;0.0942150798129375;-15.5882190680555;-17.6027869992847;29.1054934454287;-0.281453747349998;8.79944839720286
25197237057.3971;28.3852934803123;0.0942150786166369;-15.3012013427502;-17.3203455626109;29.5375773872523;-0.282638065943721;8.94462888182337
25461408338.7225;28.385293802166;0.0942150755626158;-14.9142271237383;-16.9370135618059;29.9977477769668;-0.284644116266481;9.05860146051414
25730435212.6909;28.3852948492319;0.094215065695217;-14.4098216397915;-16.435592986627;30.5124330187614;-0.287544782824884;9.15028635931286
25995486693.1678;28.3852995708056;0.0942150211780786;-13.7492434616786;-15.7748029943034;31.1184192561068;-0.293398571552499;9.2249030238074
26249015592.8083;28.3853340641595;0.094214696477816;-12.8662920469126;-14.8925448316926;31.8703650567796;-0.300008979247164;9.28585575159767
26489482572.1637;28.3866536409469;0.0942024647104691;-11.2606207807013;-13.2935662359639;33.1433136907039;-0.307220698364133;9.33354189410441
26718927306.4912;28.4242776480733;0.0938617198952556;-9.78521304724756;-11.8282488389308;34.1055131779388;-0.308879294715538;9.23871011952524
26938661480.2626;28.4861082668127;0.0933116738802153;-9.55069401255133;-11.601498582398;33.5496533995872;-0.29845816740402;8.75000824906308
27150139737.5827;28.5585166281918;0.0926797348927008;-9.46547700356879;-11.5245905729427;32.995785007988;-0.287968441393808;8.33728808179036
27352880416.1691;28.629053372749;0.0920733909819017;-9.45852548372811;-11.524221875242;32.6680195860429;-0.280818952989388;8.11478445321735
27547145611.5961;28.7075627028367;0.0914101349285876;-9.39347372774021;-11.4667137769919;32.6007625934001;-0.275415076254004;8.03729225897481
27732654112.9819;28.7844858136739;0.090771459265037;-9.38230697785942;-11.4630834491488;32.5543663044757;-0.270291740345595;8.00068210183019
27906813835.8178;28.8645603687035;0.0901167555617398;-9.33745319089205;-11.4249029273888;32.5195076926693;-0.265885237924881;7.95494135024675
28072805154.3777;28.9478145011665;0.0894480608231193;-9.29967957511458;-11.3948574686598;32.503511351456;-0.261067245365653;7.92534117932532
28229914169.1742;29.0302561348846;0.0887968985726719;-9.28005451578394;-11.3825118898026;32.4705697609994;-0.25646761624326;7.89349532993547
28378165205.1022;29.1148184913583;0.0881396536593798;-9.24382065992823;-11.3532705031545;32.448032303816;-0.252196190685084;7.86029842116312
28515582646.0615;29.1993826022622;0.0874933891281706;-9.21085576956772;-11.3276315353902;32.4297066837171;-0.247837634230034;7.83154993524716
28642974135.5228;29.2831808011199;0.0868634766835847;-9.18190573132461;-11.3058602270321;32.4023227594069;-0.243568795247216;7.79875758809168
28761596541.5259;29.3652762062941;0.0862561173787687;-9.15984787790271;-11.2907210392088;32.37747653018;-0.239535472117147;7.77110832637664
28874859629.3046;29.4435327337615;0.0856858421588893;-9.16056782445575;-11.2980038965557;32.3648605961503;-0.235850971032818;7.76302135029508
28981619727.2834;29.5179825922471;0.0851505842831031;-9.15654508710676;-11.299845897464;32.3677702074839;-0.232708352676755;7.76293892940507
29077217179.6316;29.5954813923557;0.0846006627262883;-9.09115134007105;-11.2401455743023;32.36867558226;-0.229683975019871;7.73083267486955
29149255610.1967;29.6794946416524;0.0840142751583167;-8.93321646086899;-11.0893794884427;32.3350340335684;-0.225688949373533;7.62936974045725
29188203689.982;29.7551852196923;0.0835013700980592;-8.71144422908498;-10.8804490672075;32.2703950460615;-0.218675155405984;7.47526448024311
29200186070.339;29.7894995245963;0.0832778771631267;-8.54306789536737;-10.7292793025418;32.2379763690471;-0.209969573189851;7.36937813405754
29202008843.6418;29.7954253527306;0.0832402448767187;-8.48798360750681;-10.685172053716;32.2415583277491;-0.204751729163486;7.34420701381236
29202112595.3626;29.7957717575874;0.0832380695386606;-8.47641133603425;-10.6784685504873;32.2477565147241;-0.202508049920373;7.3425527155148
29202120800.5232;29.7957997152315;0.0832378958305518;-8.46758651550374;-10.6742669947563;32.2541679944754;-0.200403528729032;7.34241532907686
29202121499.6823;29.7958021471732;0.0832378808878943;-8.45862287988465;-10.6701482026103;32.2608710061428;-0.198221503508318;7.34240309641478
29202121567.7875;29.795802389322;0.0832378794177705;-8.44909798897213;-10.6658263540785;32.2680111408047;-0.195904238862261;7.34240185058744
29202121577.0176;29.7958024229622;0.0832378792163025;-8.43834752366755;-10.6609999815548;32.2760715786829;-0.193298378996886;7.34240167322868
29202121580.3634;29.7958024355435;0.0832378791422499;-8.42477412593615;-10.6549608354441;32.2862483585766;-0.190033809151984;7.3424016050688
29202121582.4331;29.7958024436115;0.0832378790957069;-8.40913627477132;-10.6480455014569;32.2979723255607;-0.186322812602227;7.34240156001543
29202121583.9302;29.7958024496894;0.083237879061436;-8.39147983057529;-10.6403113911636;32.3112088519914;-0.182188787648133;7.34240152498963
29202121585.0885;29.795802454611;0.0832378790343936;-8.37173962706824;-10.6318012074429;32.3260065992953;-0.177619431984295;7.3424014956817
29202121586.0547;29.7958024589329;0.0832378790113428;-8.34937182879161;-10.622361182916;32.3427729623064;-0.172499522811258;7.34240146907317
29202121586.881;29.7958024628467;0.0832378789911608;-8.32452868294036;-10.6121579478223;32.3613934905536;-0.166877563154187;7.34240144413279
29202121587.6088;29.7958024665208;0.0832378789729274;-8.29691811925036;-10.6011976911328;32.3820867323522;-0.160703471993944;7.3424014198975
29202121588.2801;29.7958024701643;0.083237878955643;-8.26534280684738;-10.5892134501814;32.4057495588284;-0.153727451676508;7.34240139504032
29202121588.8939;29.7958024737781;0.0832378789393717;-8.23011108211486;-10.5766464081495;32.4321503437982;-0.146029439593362;7.34240136952095
29202121589.441;29.7958024772906;0.0832378789244508;-8.19246428474434;-10.5642859766395;32.4603584367744;-0.137889634119127;7.34240134383692
29202121589.9631;29.7958024809875;0.0832378789097985;-8.14987339816382;-10.5518146292567;32.4922681667907;-0.128777146573572;7.34240131596143
29202121590.4423;29.7958024847604;0.0832378788959914;-8.10385524890802;-10.5404228588309;32.5267423589041;-0.119034529525395;7.34240128660848
29202121590.8872;29.7958024886894;0.0832378788828908;-8.05392272081863;-10.5309184094832;32.5641452499828;-0.108578539231374;7.34240125515054
29202121591.3179;29.7958024930216;0.0832378788700171;-7.99749691668052;-10.5245025000744;32.6064075700413;-0.0968941080910215;7.34240121961826
29202121591.7349;29.7958024978799;0.0832378788575464;-7.93363478151287;-10.5242273013148;32.6542341333011;-0.0838198699258644;7.34240117889185
29202121592.1281;29.7958025032675;0.0832378788460868;-7.86321004645882;-10.535436795688;32.7069689769565;-0.0695686458282286;7.34240113277159
29202121592.5103;29.7958025095665;0.0832378788357962;-7.78300807892269;-10.5698347119491;32.7670172062968;-0.0535316064109591;7.34240107802335
29202121592.8788;29.7958025170558;0.0832378788276833;-7.69203121404852;-10.6572975450978;32.8351229681112;-0.0355690541016281;7.34240101214504
29202121593.232;29.7958025261516;0.0832378788233944;-7.58914263890897;-10.9156363640078;32.9121339518432;-0.0155189493902053;7.34240093147922
29202121593.5773;29.7958025378596;0.0832378788260297;-7.46976035643985;-11.1174208250345;33.0014751474028;0.00742801692178892;7.34240082759678
29202121593.9102;29.795802553353;0.0832378788416983;-7.33220318901032;-10.3273195968801;33.104398560131;0.0334787546135458;7.34240069067542
29202121594.2355;29.7958025753299;0.083237878883801;-7.17023343175245;-9.88789014989575;33.2255631343838;0.0636525244395263;7.34240049910965
29202121594.5525;29.7958026086843;0.0832378789826189;-6.97796477497671;-9.5062827917575;33.3693604207308;0.0988621078758547;7.34240021493303
29202121594.8639;29.7958026647011;0.083237879217662;-6.7450290221996;-9.12219970668586;33.543527511412;0.14074664378514;7.34239975490738
29202121595.1674;29.7958027699053;0.0832378798125314;-6.46007282231798;-8.70768405684864;33.7565284293655;0.190873897800013;7.34239893404505
29202121595.4658;29.7958030071506;0.0832378815732831;-6.09955241991821;-8.22905201927378;34.0259240783974;0.252528459421594;7.34239722156812
29202121595.7579;29.7958036951567;0.0832378881789309;-5.62806254648892;-7.64573941471201;34.3781108800866;0.330069305789721;7.34239279463632
29202121596.0473;29.7958068282377;0.0832379270745612;-4.96542685944445;-6.87149767149604;34.8728702709223;0.43292920324562;7.34237618044188
29202121596.3327;29.7958415026394;0.0832384920327913;-3.91555006241996;-5.70354269800616;35.6563176644321;0.580956820403346;7.3422489055868
29202121596.6125;29.7998723657614;0.0833273182088477;-1.84139108933403;-3.49824817394531;37.1928739732355;0.819601328933135;7.33465380151982
29202121596.8901;29.8604483432434;0.0850214901919982;-0.661088149299276;-2.21443108468929;37.5843405208457;1.05114831592318;7.00981279398386
29202121597.1632;29.977330133201;0.0885729515748946;-0.368656573250344;-1.88599633042682;36.3676739086258;1.10503432159179;6.05206677002426
29202121597.4362;30.1487765930461;0.093476957601516;-0.201929054460579;-1.7455065811433;34.1441675927599;0.97665010872894;4.48120462178659
29202121597.7074;30.3620869229866;0.0984030329068009;-0.10427503167077;-1.74078587248289;31.0821814036226;0.717795365510341;2.38275959754994
29202121597.9732;30.5885115251008;0.101697539022958;-0.0697443185387714;-1.90687761364836;27.5576208628111;0.400966810282719;0.0070178126204157
29202121598.2365;30.7709544376062;0.102849768760409;-0.159289159026418;-2.35887707612302;25.6494219392867;0.16199054433533;-1.2247439639102
29202121598.499;30.9232261750476;0.103257402309834;-0.236555443209288;-2.80890482583062;25.6625606051661;0.0686990300537645;-1.17760908176101
29202121598.7599;31.0568470057831;0.103577045628485;-0.290584864514796;-2.91179340097912;25.705301314668;0.0614913690771551;-1.12204950560656
29202121599.018;31.1761227274259;0.103894665286821;-0.335130885762628;-2.9097755643315;25.739806408502;0.0685426036790516;-1.07671039112866
29202121599.2753;31.2848006329146;0.104226337675567;-0.374397342924475;-2.88982928411756;25.7696109878704;0.0786458700595692;-1.03714440494941
29202121599.5302;31.3839734281029;0.104569091111781;-0.409895994715775;-2.87130673129988;25.7962070163002;0.0891548794134705;-1.00160259750667
29202121599.7831;31.4752301791476;0.104917271995777;-0.442688951868869;-2.86114903109434;25.8205686880499;0.0985157627044206;-0.968906632573559
29202121600.0351;31.5599398539088;0.105264423287279;-0.473459058819881;-2.86087328781689;25.8433094678283;0.105909251613985;-0.938308248422006
29202121600.2888;31.6396499624135;0.105606381644474;-0.50282056585183;-2.87036074414482;25.8649528992643;0.110961294223397;-0.909152681587986
29202121600.5413;31.7140633995007;0.105932541717305;-0.530614216942444;-2.88883478617852;25.8854297884444;0.113457918294653;-0.881567300099697
29202121600.7908;31.7832865925117;0.106235776801689;-0.556786198547349;-2.91525837851265;25.9047329992913;0.113476763427235;-0.855584024823649
29202121601.0376;31.847996104752;0.106513458354483;-0.58149019636686;-2.94891129338526;25.9229955521244;0.111240796117414;-0.831036494122026
29202121601.2846;31.9093192812719;0.106766361136497;-0.60506850042616;-2.98973953674619;25.9404806770968;0.106981081253763;-0.80757666304597
29202121601.5309;31.9673812373765;0.106992307284003;-0.627478117403463;-3.03736483971168;25.9571616279903;0.101011420619084;-0.785242426965038
29202121601.777;32.0226424199896;0.107191582600443;-0.648815028413408;-3.09178169573935;25.9731131745708;0.0936606873407191;-0.763934273528
29202121602.0215;32.0750219833046;0.10736356969468;-0.66897326345601;-3.15263927783027;25.9882556761312;0.0853318411825;-0.743756752111216
29202121602.265;32.1249770993374;0.107510152930674;-0.688068213906033;-3.2205638809513;26.0026752805423;0.0762996183342284;-0.724593457380532
29202121602.5044;32.1720952760295;0.107631340806376;-0.705885331767013;-3.29561463539496;26.016208444295;0.0669136468452522;-0.706659860908818
29202121602.738;32.2163605681688;0.107728906294442;-0.722382280682903;-3.37914939405106;26.0288206128034;0.0573703338245711;-0.689999684682454
29202121602.9652;32.2579371606503;0.107805141253785;-0.737595040292093;-3.47428975998579;26.0405376375504;0.0477480045760568;-0.674577462016875
29202121603.1857;32.2969995708633;0.107862225154042;-0.751568765905394;-3.58681416372123;26.0513945538873;0.0380702368380894;-0.660347130344714
29202121603.3989;32.3336799613348;0.1079021280348;-0.764336925281869;-3.72776662509417;26.0614194859984;0.0283509990152852;-0.64727311784762
29202121603.6041;32.3680632179033;0.107926684687231;-0.775919562228934;-3.92209740682933;26.0706318864293;0.018619744311315;-0.635332364472613
29202121603.8005;32.4001887562218;0.107937688552305;-0.786324121503666;-4.25162927868777;26.0790426546605;0.00893277690122535;-0.62451384687737
29202121603.987;32.4300434391774;0.107936987205589;-0.795561041581676;-5.42464073730641;26.0866491622184;-0.000612828002525564;-0.614814138811422
29202121604.1625;32.4576188432688;0.107926532245951;-0.803677141618577;-4.22487666638295;26.0934533544624;-0.00989309171145406;-0.606208666630114
29202121604.3272;32.4830918650597;0.10790814610239;-0.810803034878052;-3.95239285520075;26.0995139630659;-0.0188383386359701;-0.598593104037337
29202121604.4834;32.5068853724161;0.107883102196004;-0.81714945108185;-3.7949058446461;26.1049520559757;-0.0274768223832367;-0.591781403972687
29202121604.6351;32.5296880873611;0.1078516993825;-0.822996349135575;-3.6840143473308;26.1099403745893;-0.0359573669265415;-0.585518237436344
29202121604.7907;32.5527730930357;0.107812205870914;-0.828758320903975;-3.59556255557424;26.1147601337551;-0.0446767740258313;-0.579408072600492
29202121604.9588;32.5773576675284;0.107761352940104;-0.834832017895484;-3.51917872616952;26.1196539928409;-0.0540282264251349;-0.573089760759963
29202121605.1434;32.6039544072797;0.107696059023657;-0.841468062829591;-3.45142374741739;26.1247289228946;-0.0641351490240912;-0.566365872610994
29202121605.3383;32.6315735888315;0.107617275417227;-0.848568174400285;-3.39334312187681;26.1298537015363;-0.0745353046119603;-0.559373520639312
29202121605.5402;32.6596935871264;0.107525877554308;-0.856154887021673;-3.34423413593169;26.1350336677382;-0.0849461724536755;-0.552098248302111
29202121605.7486;32.6881637988836;0.107422158093448;-0.864341557207013;-3.30287200397282;26.1403579767806;-0.0952316006336729;-0.544424129870906
29202121605.9637;32.7169709290931;0.10730612118056;-0.873277685954913;-3.26818151553974;26.1459464922135;-0.105317499294264;-0.536196625732076
29202121606.1822;32.7455767620885;0.107180362120529;-0.882925078971584;-3.23984039518387;26.1518091817868;-0.114970500643297;-0.527429005281292
29202121606.4033;32.7738478201538;0.107046195803576;-0.893328807478665;-3.21702737209865;26.1580144600033;-0.12413841925506;-0.518053503952105
29202121606.6276;32.8017831660463;0.10690436143715;-0.904557771522308;-3.19893035161351;26.1646425538833;-0.132844086258556;-0.507982330707697
29202121606.8554;32.8293914399263;0.106755476848884;-0.916671501986526;-3.18486101234317;26.1717633015494;-0.141137842237979;-0.497139185790998
29202121607.0845;32.856333112175;0.106602151481173;-0.929541308967189;-3.17435184260875;26.1793313918694;-0.148986877096521;-0.485619071575018
29202121607.3145;32.8825459049922;0.106445542071292;-0.943120026785032;-3.16681546858858;26.1873451934367;-0.156457372005164;-0.473446665393481
29202121607.5459;32.9080778689982;0.106286043162931;-0.957399954744564;-3.16172646323549;26.1958222287983;-0.16364604963953;-0.460613926800849
29202121607.7792;32.9329342260138;0.106124195467151;-0.972340930971293;-3.15867188835573;26.204756741741;-0.170627557949718;-0.447144616752455
29202121608.0136;32.9570434115784;0.105961002040433;-0.987841828201267;-3.15732170608219;26.2141018421076;-0.177441460911782;-0.433120562055229
29202121608.2483;32.9803082809863;0.105797671625834;-1.00376166674446;-3.15739522132356;26.2237814687843;-0.18410338027487;-0.418663086916423
29202121608.4836;33.0027766520599;0.1056343818383;-1.02004693724316;-3.15865950109477;26.233768183476;-0.190654961983672;-0.403817156642635
29202121608.7198;33.024492432218;0.105471269370571;-1.03664883109629;-3.16093710926312;26.2440340306486;-0.19712527584782;-0.388625765537539
29202121608.957;33.0454627709392;0.105308710633836;-1.0534913811691;-3.1640865109265;26.2545308365092;-0.203520955150942;-0.373159090781168
29202121609.1946;33.0656595541171;0.105147360858556;-1.07047068915801;-3.16798452742619;26.2651899044517;-0.209829577879954;-0.357515082473268
29202121609.4321;33.0850757149431;0.10498772288273;-1.08749885819642;-3.17252600645149;26.2759504150644;-0.216038565746538;-0.341778434781303
29202121609.6701;33.1037867115613;0.104829590322672;-1.10456862649575;-3.17764424484908;26.2867995545068;-0.222158070685376;-0.325961330685121
29202121609.9099;33.1219026535723;0.1046723873031;-1.12175280564433;-3.18335284372939;26.2977402669146;-0.228201446844091;-0.310025362982288
29202121610.1561;33.1397572896987;0.104513412506847;-1.13943708747316;-3.18985981421363;26.3089228582531;-0.234250399807849;-0.293676818994171
29202121610.4111;33.1574833583083;0.104351568898758;-1.15792957362514;-3.19744644766051;26.3203946588752;-0.240312036005395;-0.276729982382514
29202121610.6765;33.1751170825638;0.104186594499317;-1.17757548981493;-3.20650297904837;26.3321681059314;-0.24635372291748;-0.259004128914895
29202121610.9542;33.19269010016;0.104018268357947;-1.19883458799662;-3.21752936392435;26.3443025240817;-0.252343387621433;-0.240229960932275
29202121611.2479;33.2102858489122;0.103845852891537;-1.22243023270258;-3.23126176348365;26.3569439080069;-0.258263790933856;-0.21994839218963
29202121611.5635;33.2280544325707;0.103667882752435;-1.24945979178298;-3.24876546328192;26.3703852379993;-0.264125786227877;-0.197414956671701
29202121611.9108;33.2462131896999;0.10348209661894;-1.28171114251674;-3.27178396609634;26.385087252274;-0.269951478928462;-0.171427771858969
29202121612.3151;33.265421036709;0.103281388886504;-1.32322989197863;-3.30414447550296;26.4021581514619;-0.275882939482278;-0.13922267730298
29202121612.831;33.2867520564539;0.103053638033092;-1.38347975654615;-3.35503136124828;26.4239076700049;-0.282127511685259;-0.0945231681857934
29202121613.6736;33.3132925499023;0.102763436405071;-1.50175663079372;-3.46296577943828;26.4587206832772;-0.289307500351024;-0.01207470459174
29202121615.4142;33.3397434054634;0.102469130890365;-1.81824322050948;-3.77188454449843;26.5179811493913;-0.295052387741986;0.185802667242348
29202121622.183;33.3477977521249;0.102379973122825;-2.92448471557929;-4.88035584796088;26.5858401989643;-0.294292542888446;0.784255157262019
29202121667.8716;33.3487657086551;0.102369304034929;-4.67395125822041;-6.63167981926207;26.633606825614;-0.293563071642957;1.69089665120284
29202122043.8008;33.3488952598861;0.102367879992352;-6.46266454207296;-8.4215831118085;26.693507661076;-0.293418218736353;2.62527270322557
29202125133.3038;33.3489137238278;0.102367677562101;-8.22356419898784;-10.1836132067946;26.7523700004332;-0.293300804713531;3.5450482954211
29202147114.2878;33.3489168216555;0.102367643715277;-9.85098987645581;-11.8125292113909;26.8234996339539;-0.293073198591091;4.40628194356241
29202239518.6198;33.3489175971754;0.10236763527415;-11.0760994044436;-13.0392918862003;26.9022662109549;-0.292817065626128;5.07145940536516
29202557400.4903;33.3489178542757;0.102367632487275;-12.0921630872564;-14.0571482726154;26.9917137156322;-0.292580429844395;5.63925009425623
29203490273.0194;33.348917958573;0.102367631361764;-12.9515493103115;-14.9184724312686;27.0925125014475;-0.292365525726215;6.1362861030991
29205980626.3218;33.3489180086966;0.102367630823534;-13.6962191013389;-15.6652928334576;27.2090394430651;-0.292172595157724;6.58647218706405
29212521382.8692;33.348918037009;0.102367630521289;-14.3636513054973;-16.3352689114074;27.3539780437845;-0.292013472037516;7.01702182429223
29233103611.0004;33.348918056753;0.102367630312279;-15.0180568221399;-16.9933264026836;27.5738296606853;-0.291895572644436;7.4911085312433
29301075710.6716;33.3489180754128;0.102367630117232;-15.5614240623635;-17.5421917201003;27.9220381584586;-0.291863279803263;7.9954333020835
29426720362.0319;33.3489180969533;0.102367629894856;-15.7658876908431;-17.7520557650999;28.3018253153778;-0.292177232968972;8.35140692703735
29604748249.4506;33.3489181283507;0.102367629574611;-15.753593721867;-17.7450056914225;28.6904418583797;-0.292634325833984;8.604902021718
29829998939.0606;33.3489181861568;0.102367628991455;-15.5906926543329;-17.5868809279958;29.1011759276113;-0.293577159906664;8.79787406655904
30079941545.6926;33.3489183101086;0.102367627753974;-15.3045873946328;-17.3053018066488;29.5331005410988;-0.294845586908613;8.94340406318727
30343990906.6895;33.3489186283348;0.102367624603364;-14.918949207984;-16.9232905290653;29.9926254150808;-0.296943048265915;9.0576133192181
30613072043.8414;33.3489196621634;0.102367614437704;-14.4154347080628;-16.422747684071;30.5069502635102;-0.299975522181059;9.14950323845843
30878083376.6656;33.3489242957236;0.102367568859461;-13.7573496419096;-15.764506859242;31.1112390070441;-0.306027243128917;9.22423364881993
31131337312.0685;33.3489576538093;0.10236724120106;-12.8803550825569;-14.888134895899;31.8587687160229;-0.312931422095403;9.28521611338898
31370532152.3203;33.3501712260513;0.102355500226996;-11.2946861728332;-13.3090476784389;33.1168263466843;-0.320396088304853;9.33295495478287
31600901654.4078;33.3869865416024;0.102007444265961;-9.79639645639104;-11.8207759074669;34.104715719525;-0.322429658089681;9.24384638653024
31820596028.4335;33.4487766090009;0.101433606721538;-9.55090026664045;-11.5830299761794;33.5611603740258;-0.311678796736086;8.75787329087876
32032410488.8964;33.5210145551327;0.100775305598552;-9.46719021621492;-11.5075310098931;33.0023976198975;-0.300749350967783;8.34263249046491
32235843851.6968;33.5918105982369;0.100139780771851;-9.4584131931384;-11.5052896572601;32.6696194254841;-0.293269981109629;8.11586392618991
32429973360.4112;33.6701826254282;0.0994482302428744;-9.39393047498226;-11.4482676376133;32.601867469803;-0.287677115194756;8.03832323697574
32615974130.1149;33.7471720833531;0.0987803826967004;-9.38308347959227;-11.4448374067946;32.5542003314952;-0.282392465085835;8.00102177375814
32790350709.045;33.8273516089987;0.0980953646175464;-9.3374246704788;-11.4057861194047;32.5199282629874;-0.277835751877743;7.95526853171264
32956588818.1721;33.910631902365;0.0973962212091119;-9.30018834399793;-11.3761643229117;32.5037331261829;-0.272870925955285;7.92580223099272
33113725523.5957;33.9930182845647;0.0967158648298486;-9.28042221107639;-11.363541182111;32.4705596497056;-0.268145679007555;7.89372918879908
33261990129.4255;34.0775550489675;0.0960287222767551;-9.24399186589032;-11.3339906431322;32.4483053865693;-0.263750470749789;7.86062160451105
33399456925.6039;34.1620562360129;0.0953531496739104;-9.21133500123272;-11.3085257821665;32.4299132329121;-0.259271634622015;7.83198104966017
33526954075.7305;34.2458537620307;0.0946939613375109;-9.1822692803343;-11.2864909629317;32.4024761263603;-0.254892182955702;7.79909380644936
33645641600.6625;34.3279885848792;0.0940578624222599;-9.15987774853546;-11.2708804183426;32.3776759613935;-0.250751189850102;7.77130704153878
33758917137.499;34.4062645915356;0.0934605676780964;-9.16050746756728;-11.2779474358365;32.3648349157412;-0.246963873307279;7.76302320699971
33865938870.5629;34.4808328751917;0.0928990678953148;-9.15691783245704;-11.2801223868839;32.3676082975192;-0.243728353894444;7.76306513733461
33961683359.1788;34.5582003658809;0.0923239028571375;-9.09255527253996;-11.2213213045943;32.3687986355368;-0.240635971738232;7.73166385107136
34034129879.0162;34.6422312059962;0.0917090684405164;-8.93557882229815;-11.0712593577745;32.3356727565064;-0.236592713675532;7.63102359027117
34073481854.1433;34.7182866542404;0.0911680573397582;-8.71383620479188;-10.861760358763;32.2710122378282;-0.22955588661197;7.47691717869954
34085645989.491;34.7530058706465;0.0909302471142602;-8.5445113289752;-10.7088507190763;32.2380916009959;-0.220815693061266;7.37021913748777
34087509090.5188;34.7590523809258;0.0908898218958623;-8.48873160990154;-10.6635840305607;32.2415210972057;-0.215557482188739;7.3445970921676
34087615755.676;34.7594079738158;0.0908874698097145;-8.47706950880955;-10.6565693534091;32.2477243619779;-0.213304112352709;7.34290072318976
34087624158.83;34.759436562748;0.0908872826102441;-8.46824438851837;-10.6521377064464;32.2541323137702;-0.211199091291401;7.34276035261459
34087624873.4918;34.7594390448029;0.0908872665290291;-8.45928917667979;-10.64778170993;32.2608293921932;-0.20901766664062;7.3427478779268
34087624943.0207;34.7594392916288;0.0908872649479183;-8.44977476558096;-10.6432031826028;32.2679624265425;-0.206701260742752;7.34274660904572
34087624952.3811;34.7594393256889;0.0908872647325376;-8.4390473273393;-10.6380860854632;32.2760064853228;-0.204099074758359;7.34274642961704
34087624955.7469;34.7594393383245;0.0908872646539374;-8.42549831672763;-10.6316695658465;32.2861660966492;-0.200837694624192;7.34274636121867
34087624957.8211;34.7594393463955;0.0908872646046744;-8.40990815483582;-10.6243185495807;32.2978555784036;-0.197134798588344;7.3427463161831
34087624959.3246;34.7594393524889;0.090887264568278;-8.39225093879458;-10.6160519934974;32.311094099759;-0.192997022722161;7.34274628109777
34087624960.4864;34.7594393574166;0.0908872645395553;-8.37251228112829;-10.6069264148539;32.3258922515505;-0.188424072981563;7.34274625177645
34087624961.4522;34.7594393617282;0.0908872645151174;-8.35021775742991;-10.5967916712085;32.3426054357327;-0.183316302462748;7.34274622524941
34087624962.2792;34.7594393656373;0.0908872644936518;-8.32542383012149;-10.5857603248956;32.3611909931871;-0.177700234884695;7.34274620035654
34087624963.007;34.759439369303;0.0908872644742333;-8.29789222173545;-10.573833742349;32.3818271667586;-0.171537797621469;7.34274617619365
34087624963.6802;34.7594393729488;0.0908872644557199;-8.26630904126361;-10.5606216093697;32.4054982737283;-0.164553125461122;7.34274615134009
34087624964.2936;34.7594393765514;0.0908872644382945;-8.23118662244257;-10.5466148955912;32.4318197696241;-0.156871137151911;7.3427461259155
34087624964.8396;34.7594393800463;0.0908872644222776;-8.19372603143419;-10.532579479597;32.4598911089702;-0.148762548718989;7.34274610037524
34087624965.3589;34.7594393837098;0.0908872644065235;-8.15151057938147;-10.5180235244209;32.4915226539815;-0.139719531004485;7.34274607276514
34087624965.8475;34.759439387549;0.0908872643912031;-8.10470960186339;-10.5036735134038;32.5265866639745;-0.129799966184744;7.34274604294485
34087624966.2923;34.7594393914693;0.0908872643768353;-8.05483723384351;-10.4907699000392;32.5639479994676;-0.119345043296521;7.34274601156547
34087624966.7231;34.759439395793;0.0908872643625598;-7.99846217338132;-10.4797173511798;32.606176223519;-0.107657599927249;7.3427459761128
34087624967.1372;34.7594394006004;0.0908872643486201;-7.93515881381182;-10.4728246321479;32.6535886652483;-0.0946814933894849;7.34274593580292
34087624967.5303;34.7594394059659;0.0908872643354225;-7.8649176905905;-10.4740315565271;32.7061907944074;-0.0804481571391292;7.34274588988355
34087624967.9135;34.7594394122569;0.0908872643230608;-7.78469742207388;-10.4913404461969;32.7662580878813;-0.0643848700660003;7.34274583522958
34087624968.2836;34.7594394197511;0.0908872643124798;-7.69352887149922;-10.543728720456;32.8345133039345;-0.0463586450701718;7.34274576934469
34087624968.6374;34.7594394288353;0.0908872643052289;-7.59059292236761;-10.6884850815466;32.9115663097809;-0.0262697773735282;7.34274568880448
34087624968.9832;34.7594394405184;0.0908872643040636;-7.47123156991944;-11.4723390889265;33.0008992660681;-0.00329168490160608;7.34274558515861
34087624969.3168;34.7594394559919;0.0908872643147289;-7.333586819831;-10.4952010206853;33.1038965316463;0.0228173348094645;7.34274544844463
34087624969.6423;34.7594394779197;0.0908872643497335;-7.17163328660746;-9.96850319780994;33.2250584441927;0.0530390629063913;7.34274525731702
34087624969.9601;34.7594395112614;0.0908872644380213;-6.97910099458896;-9.55618893517123;33.3690637381694;0.0883600760327721;7.34274497334766
34087624970.272;34.759439567237;0.0908872646555603;-6.74596495587074;-9.15642659459234;33.5433931027433;0.130360300557132;7.34274451377393
34087624970.5754;34.759439672151;0.0908872652167317;-6.4611960487414;-8.73293377559738;33.7562685040799;0.180557987660718;7.34274369500277
34087624970.874;34.7594399090662;0.0908872669043546;-6.10053462041151;-8.24785211651249;34.0257866076702;0.242376593805797;7.34274198518198
34087624971.1655;34.7594405914487;0.0908872732537431;-5.63058804816675;-7.661884063024;34.3768408865757;0.319867377101893;7.34273758733241
34087624971.4542;34.7594436799603;0.0908873106888805;-4.97072065898898;-6.88719046117225;34.8695581903372;0.4226458827075;7.34272116409533
34087624971.7396;34.7594775862104;0.0908878536093113;-3.92511675015938;-5.7206603259893;35.6498478712125;0.570839615703104;7.34259623057962
34087624972.0193;34.7633492344188;0.0909721397559327;-1.85882218362852;-3.52096187323608;37.1810215199455;0.809434344928186;7.33529902366721
34087624972.2967;34.8234670527426;0.0926364914180648;-0.664164482603396;-2.22192260019084;37.5901328934516;1.04067649002145;7.01502107635618
34087624972.5701;34.9401235051854;0.0961443979503333;-0.369931132663568;-1.89179188480875;36.3796569472021;1.09395094377135;6.06047950213795
34087624972.8431;35.1112777135267;0.100980594881534;-0.202651784021196;-1.7515353889299;34.1618324017823;0.965289434754676;4.49314469535149
34087624973.1143;35.324457962928;0.105822934851142;-0.10459492908942;-1.74828661804956;31.1034671702832;0.706508049854573;2.39696140685468
34087624973.38;35.5508278863927;0.109028194609401;-0.0696061202882401;-1.91856161325268;27.5810917507629;0.390531401541834;0.022524567089356
34087624973.6432;35.7336295229518;0.110115631705558;-0.158366852379645;-2.38394278770954;25.6506723619308;0.152588856384289;-1.22441333148322
34087624973.9054;35.8858937059507;0.110473876414382;-0.235945472320076;-2.86436344416449;25.6621420017028;0.0603774729430419;-1.17821319226511
34087624974.1661;36.019597878903;0.110751916598903;-0.29006634277409;-2.97210373666796;25.7049334095641;0.053453862138224;-1.12257206732213
34087624974.4242;36.1390237882111;0.111032843606193;-0.33468709599222;-2.96319215999274;25.7395003428996;0.0605473371929475;-1.07715564038156
34087624974.6814;36.2477100669243;0.111330901538567;-0.373958142178297;-2.93583217703988;25.7693141607442;0.0706689803753275;-1.03758320648039
34087624974.9362;36.3469867308345;0.11164339704417;-0.409493375980442;-2.91149677511711;25.7959428795277;0.081198500182664;-1.00200335176184
34087624975.1892;36.4383409656258;0.111963861010301;-0.442316971178975;-2.89726645205922;25.8203315581795;0.0905758323832357;-0.969275871919355
34087624975.4409;36.5230228155149;0.112284899378652;-0.473068887944088;-2.89430228516196;25.8430620042222;0.0979739397509185;-0.938694957468644
34087624975.6941;36.6026598791596;0.1126021407909;-0.502395172557139;-2.90212053648751;25.8646814231761;0.103034286882199;-0.909574029101604
34087624975.9465;36.6771070301985;0.112905711591655;-0.530194363059358;-2.91978244957547;25.8851631695347;0.105551113795487;-0.881983065729486
34087624976.1959;36.7463863671909;0.113188110054353;-0.556380975612415;-2.94612237021354;25.9044768655915;0.105592587363236;-0.855985396104807
34087624976.4427;36.8111262328294;0.113446295276374;-0.581091866802908;-2.98033227999437;25.9227432779799;0.103380956426181;-0.831431312070618
34087624976.6896;36.872490707122;0.113680836551744;-0.604682212402737;-3.02237994799034;25.9402352851869;0.0991462232398092;-0.807959933224754
34087624976.9359;36.9306048027314;0.113889499678967;-0.627108479949743;-3.07194425166746;25.9569259517203;0.093200337807398;-0.785609622420004
34087624977.1822;36.9859517575559;0.114072476774244;-0.648477837235791;-3.12917483935476;25.9728986241251;0.0858664322407834;-0.764269624039023
34087624977.4266;37.0383499108444;0.11422886107423;-0.668642888937295;-3.19376571955097;25.9880428295165;0.0775623114716978;-0.744085849037989
34087624977.6701;37.0883331856945;0.114360636329712;-0.687748657259615;-3.26673949760313;26.0024669544514;0.0685525655601753;-0.724912296630117
34087624977.9094;37.1354752007801;0.114467887962836;-0.705575683016385;-3.3485799115984;26.0160038912542;0.0591883673115477;-0.706969341325815
34087624978.143;37.1797630807684;0.114552394143304;-0.722082699484293;-3.44147911827524;26.0286199578406;0.0496654898828631;-0.690299626485302
34087624978.3702;37.2213611673013;0.114616392344377;-0.737304953019826;-3.55021054046548;26.0403404566486;0.040062778927161;-0.674868432723298
34087624978.5906;37.2604434283959;0.114662004240317;-0.751287998127575;-3.68418955505751;26.0512007296052;0.0304036824767714;-0.660629297040476
34087624978.8037;37.2971409148933;0.114691156292779;-0.764064612030655;-3.86403179453286;26.0612283623128;0.0207027338644425;-0.647547354338778
34087624979.0089;37.3315393530585;0.114705655841232;-0.775655192475184;-4.15083943910838;26.0704431020995;0.0109891516332096;-0.635599175984274
34087624979.2053;37.3636776588389;0.114707281507083;-0.786067201481334;-5.08205889713928;26.0788558762216;0.00131915806988124;-0.624773721672742
34087624979.3917;37.3935422273618;0.114697882806163;-0.795310624172198;-4.29739903874566;26.0864636177121;-0.00820969067131863;-0.615068102805251
34087624979.5672;37.421125937473;0.114679410452776;-0.803433033044328;-3.97756348472737;26.0932689334598;-0.0174742296385368;-0.606456949940266
34087624979.7319;37.4466076023853;0.114653630293442;-0.810565201608458;-3.80550740481562;26.099330825557;-0.0264050606384158;-0.59883568788524
34087624979.8881;37.4704108868335;0.114621688376485;-0.816917986334475;-3.68919389651243;26.1047703695589;-0.0350303089112749;-0.592018194425772
34087624980.0397;37.4932242491336;0.114583681320217;-0.822771767251207;-3.6010968310117;26.1097605305328;-0.0434988549510191;-0.585748750946479
34087624980.1954;37.5163241718869;0.11453750080159;-0.828541645779033;-3.52769336746364;26.1145829197573;-0.0522073167011798;-0.579631229766472
34087624980.3635;37.5409271756057;0.114479525704916;-0.834624850836846;-3.46237150159317;26.1194804146814;-0.0615485580311938;-0.57330397315455
34087624980.5482;37.5675409698674;0.114406540882227;-0.841270422735179;-3.40314466069745;26.1245587858712;-0.0716431588846752;-0.566571126939362
34087624980.7431;37.5951769483268;0.114319781137158;-0.848380635188557;-3.35153721346369;26.129687609521;-0.0820309307685198;-0.559569078125655
34087624980.945;37.6233143017932;0.114220270360499;-0.855977175451533;-3.30739030592429;26.1348717611156;-0.0924287847452468;-0.552284158500249
34087624981.1534;37.6517976491389;0.114108364037758;-0.864173038050204;-3.26990943904912;26.1402002334212;-0.102700488405407;-0.544600758370094
34087624981.3686;37.6806158929569;0.113984064773875;-0.873117869709581;-3.23831682441633;26.1457930066977;-0.112772410591484;-0.536364200442056
34087624981.587;37.709235177505;0.113850101976499;-0.882773985806836;-3.21244855067498;26.151660322297;-0.122412199610655;-0.527587357166749
34087624981.8082;37.7375175140227;0.113707849706124;-0.893185549935493;-3.1916416288089;26.1578699468089;-0.131566795613672;-0.518203362440945
34087624982.0325;37.7654625951836;0.113558045731651;-0.904421225306242;-3.17520326473166;26.16450188092;-0.140258900995139;-0.508124690713547
34087624982.2603;37.7930787294231;0.113401308361973;-0.916540601432143;-3.16253093225077;26.1716259119221;-0.148538958062137;-0.497275036857877
34087624982.4894;37.8200294904851;0.113240324347232;-0.929416520246275;-3.15320480001959;26.179197543332;-0.156375262039516;-0.485748094411302
34087624982.7194;37.8462503479913;0.113076280617621;-0.943000840282129;-3.14668809607522;26.1872144972307;-0.163833251190943;-0.473569450317722
34087624982.9508;37.8717890351788;0.112909560194492;-0.95728560959316;-3.14249537441164;26.1956940958286;-0.171009463866395;-0.460731305994181
34087624983.1841;37.8966508900173;0.112740701589016;-0.972230675677956;-3.14024100375985;26.2046305584132;-0.177978570056801;-0.447257419875578
34087624983.4185;37.9207671255162;0.112570707756358;-0.987736051448506;-3.13961240206877;26.2139776742096;-0.184780685785923;-0.433228584620329
34087624983.6532;37.9440392893096;0.112400822063256;-1.00366081764587;-3.14034077616882;26.2236594379125;-0.191431471470649;-0.418766053321977
34087624983.8885;37.9665115675065;0.112231235146613;-1.01995029934359;-3.14220505785063;26.2336477196781;-0.197972069858406;-0.403915830472788
34087624984.1248;37.9882323150162;0.112062037323717;-1.0365565118455;-3.14503650848688;26.2439150919503;-0.204431882275028;-0.388720138429381
34087624984.3619;38.0092069149689;0.111893615693608;-1.0534031402802;-3.14869896012477;26.2544131969904;-0.210817420984109;-0.373249450211069
34087624984.5995;38.0294082494353;0.111726624247792;-1.07038678122261;-3.15307261552606;26.2650736746172;-0.217116479838046;-0.357601244478796
34087624984.837;38.0488289054456;0.111561569527456;-1.08741924931355;-3.15805519610096;26.2758355490016;-0.22331638467038;-0.34186046656074
34087624985.0751;38.067543746316;0.111398228471538;-1.10449332685072;-3.16358410681637;26.2866860699135;-0.229427281213489;-0.326039232753202
34087624985.3149;38.085662958974;0.111235993581854;-1.12168131451266;-3.16967637886379;26.2976279971446;-0.235462371217873;-0.310099512657367
34087624985.561;38.1035196176965;0.111072077608844;-1.1393677004366;-3.17654662284009;26.3088109650347;-0.24150287100802;-0.293748632307035
34087624985.816;38.1212468769236;0.110905343283058;-1.15786142127568;-3.18447799901133;26.3202830488325;-0.247556296910479;-0.276799956525173
34087624986.0813;38.1388813548391;0.110735515065378;-1.17750698960313;-3.19385974434152;26.3320563789963;-0.25358994035092;-0.259073328908675
34087624986.3591;38.1564536755853;0.110562373548933;-1.19876233555033;-3.20519024043438;26.3441894894917;-0.259571458065518;-0.24030089858872
34087624986.6526;38.1740450497523;0.110385181905021;-1.22234636010797;-3.21920288884903;26.3568264270002;-0.265482921265326;-0.220027120563824
34087624986.968;38.1918069346602;0.110202421625486;-1.24935573594533;-3.23696297392612;26.3702607259737;-0.271335854650824;-0.19750750049965
34087624987.3152;38.2099642625355;0.110011692030251;-1.28158791395736;-3.26022176274032;26.384958514393;-0.277154903645517;-0.171531747442698
34087624987.7191;38.2291593711082;0.109805886155833;-1.32304652030894;-3.29277932637348;26.4020118069818;-0.283076759151058;-0.139367518996033
34087624988.2339;38.2504655592138;0.109572607961692;-1.38314330063256;-3.34377491290403;26.4237202920595;-0.289309271168795;-0.0947709727316449
34087624989.0736;38.2769668138251;0.109275651905956;-1.50088274141386;-3.4514569898822;26.4584218429725;-0.296476099217305;-0.0126645720008663
34087624990.8041;38.3034562800869;0.108973731259505;-1.81508480888826;-3.75826520394034;26.517490779299;-0.302240063246691;0.183943630073547
34087624997.5065;38.3116033120108;0.108881334505813;-2.91522871375077;-4.86057141903969;26.5854706082243;-0.30150994896237;0.779427967724449
34087625042.6737;38.3125826387244;0.108870274439172;-4.66389617356146;-6.61106603097543;26.6332302689425;-0.300783484741378;1.68566506479626
34087625414.4076;38.312713573246;0.108868799678557;-6.45317800027059;-8.40151063508237;26.6931285744674;-0.300653901232024;2.62032366914681
34087628467.1258;38.3127322355285;0.108868590010202;-8.21372195671581;-10.1631538281195;26.751917065949;-0.300554363833186;3.5398720679928
34087650263.3176;38.3127353587876;0.108868555037939;-9.84377261396252;-11.7946568796718;26.823030455665;-0.30034719268935;4.40240732674996
34087741966.2526;38.3127361395283;0.108868546328098;-11.0698764179266;-13.0223730127237;26.9017164054004;-0.300112023656997;5.06802801412291
34088057997.1192;38.3127363980194;0.108868543456011;-12.087283830526;-14.04153188711;26.9911359535246;-0.299897680045343;5.63647183756343
34088985771.2149;38.3127365027627;0.108868542297278;-12.9473158610793;-14.9034591089129;27.0918578116998;-0.299706070612584;6.13377929120306
34091460919.7839;38.3127365530614;0.108868541743535;-13.6920451933359;-15.650293182174;27.2081926468332;-0.299537847853305;6.58386671919701
34097965175.347;38.3127365814551;0.108868541432736;-14.3599747066365;-16.3207175467585;27.3529240540361;-0.299406289767369;7.01452647752786
34118388692.1222;38.3127366012209;0.108868541218156;-15.0142166131106;-16.9785419551906;27.5720370447899;-0.29932535844295;7.48803772571119
34185976683.2371;38.3127366198692;0.108868541018218;-15.5592296995558;-17.5289723251182;27.9196412354172;-0.299341691067274;7.99278136623845
34311230218.3667;38.3127366413626;0.10886854079059;-15.7654844644442;-17.7405651524171;28.2991758760052;-0.299704387133257;8.34948155128704
34488797055.7134;38.3127366726282;0.1088685404634;-15.7542953462904;-17.7345612626063;28.6874951791008;-0.300211077728995;8.6033302063104
34713848523.4765;38.3127367301516;0.108868539867954;-15.5924374396122;-17.5774399699167;29.0980871112365;-0.30120481448838;8.796728654777
34963630047.8084;38.3127368533333;0.108868538605949;-15.3070142311673;-17.2964990014987;29.5298705457307;-0.302535799523991;8.94250524674967
35227839268.3919;38.3127371695811;0.108868535392771;-14.9219203910514;-16.9150131937439;29.989390493174;-0.304701671418957;9.05698341875421
35496778902.6503;38.3127381936395;0.108868525058394;-14.419330072695;-16.4153705092958;30.503138034873;-0.307825138423769;9.14894998057872
35761754628.3432;38.3127427666606;0.108868478894941;-13.7630028885993;-15.7589078089412;31.1062274672281;-0.314009236667119;9.2237589574178
36014962232.3489;38.3127754290517;0.108868149602246;-12.8894287691106;-14.885894646802;31.85127669701;-0.321115276739713;9.28479567133371
36254637295.1764;38.3139587368396;0.10885639816483;-11.3065251270743;-13.3095318578566;33.1075925451276;-0.328791719092493;9.33275402530533
36485205305.8618;38.3504337415065;0.108502369181571;-9.80080369640769;-11.8137602347119;34.1042518236183;-0.331018287953092;9.24578888152618
36704970755.6172;38.412232039636;0.107913120922486;-9.55098290103664;-11.5716611081147;33.5652868548258;-0.32004581749893;8.76071803989246
36916948029.9097;38.4844242332732;0.107237542047165;-9.46779906496569;-11.4966132423284;33.0046651350938;-0.30885963466274;8.3444957953471
37120576546.7356;38.5552957693676;0.106584163356318;-9.45836675207766;-11.4936736316084;32.6701944480179;-0.30119297611568;8.11626693310201
37314741759.0238;38.6336528035734;0.105873971387662;-9.39409343224825;-11.4367956652541;32.6022058193735;-0.295491336139579;8.03867136488505
37500840262.6818;38.7106326791316;0.105187947019126;-9.38336567645973;-11.4334033384378;32.5541161290107;-0.290113705675824;8.00114588637706
37675348517.514;38.7908740931;0.104483571156088;-9.33741740241309;-11.3940115098717;32.5200472271041;-0.285467755349414;7.9553824645841
37841682880.0773;38.8741693415127;0.103764959125602;-9.30036175047008;-11.3644874946279;32.5037793977497;-0.280419439963195;7.92595670784424
37998860898.9907;38.9565553067362;0.103065651620455;-9.28053857637601;-11.351723621359;32.4705322333157;-0.275615959894054;7.89380478973149
38147086544.583;39.04105846659;0.102359517970817;-9.24405040161095;-11.3220364430001;32.4483768122594;-0.271148330818706;7.8607332877681
38284598205.3167;39.125557554094;0.101664873826015;-9.21148750801579;-11.2965771477235;32.4299528358893;-0.266597871280191;7.83211741440661
38412026143.4849;39.2092807107468;0.100987505563952;-9.18241906173531;-11.2744398121011;32.402515555608;-0.262154898666301;7.79922773053037
38530762084.8261;39.2914410745888;0.100332945231138;-9.15991984585204;-11.2586325167181;32.3777391318381;-0.257949000112177;7.77140205834305
38644066239.0431;39.3697342179795;0.099718254732427;-9.16052210335712;-11.2655893329864;32.3648311519518;-0.254100848936843;7.76305891430793
38751199088.997;39.4443610356214;0.099139985655501;-9.15702773606775;-11.2677926892658;32.3675623222709;-0.250810110599445;7.76311951800946
38846982161.8483;39.5216982588104;0.098548235973639;-9.09290019111538;-11.2091507325731;32.3688165554819;-0.24767163998312;7.73187774722108
38919537233.2126;39.6057526182581;0.0979150526314272;-8.93610753073192;-11.0591382926905;32.3357991683289;-0.243586287790707;7.63140111169081
38958994652.7905;39.6819371788871;0.0973566915529649;-8.71426171277939;-10.8492135425992;32.2710775336771;-0.236516605281568;7.47720116701807
38971210328.3523;39.7168024266141;0.097110381321567;-8.54452473436868;-10.6954350374744;32.2379545388988;-0.22774936534043;7.37016053251323
38973085936.5155;39.7228931364347;0.0970683539773826;-8.48847420533419;-10.6496101675606;32.2413236607582;-0.222472789934119;7.3443619091655
38973193544.9102;39.7232521131884;0.0970659025548685;-8.47677982664331;-10.6424279821788;32.2475273073589;-0.220215692616656;7.34264931409899
38973202011.8607;39.7232809383439;0.0970657076309592;-8.46795535975182;-10.6378619055112;32.2539334698728;-0.218110282388296;7.34250776858439
38973202731.4741;39.7232834392327;0.0970656908918375;-8.45900488169564;-10.6333665866654;32.260627332823;-0.215929064574633;7.34249519796208
38973202801.4784;39.7232836879056;0.0970656892456188;-8.44949633023793;-10.6286373644801;32.2677564663625;-0.21361302802072;7.34249391947739
38973202810.8847;39.7232837221541;0.0970656890217099;-8.43877822531804;-10.6233482065305;32.2757940948421;-0.211011903397928;7.34249373904597
38973202814.2577;39.7232837348239;0.0970656889401832;-8.42523918026353;-10.6167089309963;32.2859469481633;-0.207751313402131;7.34249367046031
38973202816.3333;39.7232837429054;0.0970656888891259;-8.40966784627281;-10.6090997386495;32.2976231241986;-0.204050973060232;7.34249362536606
38973202817.8401;39.7232837490156;0.0970656888513216;-8.3919975157239;-10.6005160782515;32.3108723858653;-0.199907975721722;7.34249359018415
38973202819.0034;39.7232837539521;0.0970656888214923;-8.37225247944532;-10.5910284750043;32.3256763207318;-0.195331202839131;7.34249356081027
38973202819.9685;39.7232837582631;0.0970656887961366;-8.34999093450441;-10.580487636686;32.3423658977256;-0.190228281216976;7.34249353428606
38973202820.7952;39.7232837621725;0.0970656887738334;-8.32523035283038;-10.5689804685077;32.3609276860391;-0.184616641998499;7.34249350939169
38973202821.5232;39.7232837658407;0.0970656887536182;-8.29771926975072;-10.5564875560786;32.3815498211513;-0.178455256332041;7.34249348521446
38973202822.1963;39.7232837694874;0.0970656887343211;-8.26617001798687;-10.5425864533917;32.4051970228297;-0.171473981074809;7.34249346035634
38973202822.8094;39.7232837730883;0.0970656887161345;-8.23110939473968;-10.5277600988341;32.4314738818429;-0.163800786223276;7.34249343494583
38973202823.3538;39.7232837765726;0.0970656886994185;-8.19380853984409;-10.5128012778576;32.4594272877789;-0.155721333783251;7.34249340948353
38973202823.8732;39.7232837802358;0.0970656886828807;-8.15165658580061;-10.4970325817729;32.4910132310898;-0.146685524823667;7.34249338188359
38973202824.3568;39.7232837840289;0.0970656886669174;-8.10545832463706;-10.4813247815985;32.5256278369048;-0.136886062559907;7.34249335241509
38973202824.8018;39.7232837879435;0.0970656886517153;-8.05572932304456;-10.4665259855143;32.5628840903023;-0.126452145058728;7.34249332109714
38973202825.2348;39.7232837922803;0.0970656886364547;-7.99926183714138;-10.452852994697;32.6051841417099;-0.114734888974717;7.34249328556288
38973202825.6486;39.7232837970738;0.0970656886215109;-7.93618558097908;-10.4423813255868;32.6524293453411;-0.101793431245031;7.34249324538097
38973202826.0417;39.7232838024229;0.0970656886071841;-7.86618452890172;-10.438317075831;32.7048548259112;-0.0875950729699682;7.34249319961454
38973202826.4267;39.723283808727;0.0970656885934294;-7.78583121153503;-10.4470005842644;32.7650252805607;-0.0714893148208013;7.34249314487969
38973202826.7983;39.7232838162355;0.097065688581214;-7.69451218350525;-10.4831590375784;32.8333970743389;-0.0534157050094306;7.34249307890413
38973202827.1531;39.7232838253226;0.0970656885720196;-7.59153633830929;-10.5864353166548;32.9104842541153;-0.0332993145857894;7.34249299836227
38973202827.4992;39.7232838369919;0.0970656885683722;-7.47226064531178;-10.9773258403135;32.9997579740337;-0.0103144377631888;7.34249289484766
38973202827.8336;39.7232838524684;0.0970656885757771;-7.33452957454686;-10.6546816776799;33.1028253049122;0.0158384602499587;7.34249275814205
38973202828.1592;39.7232838743442;0.0970656886061002;-7.17279222679225;-10.0309814644544;33.2238317176475;0.0460532708595662;7.34249256744254
38973202828.477;39.7232839075698;0.0970656886871077;-6.9806002526865;-9.59354901599383;33.3675896648257;0.0813534683271657;7.34249228437888
38973202828.7894;39.7232839634457;0.0970656888926836;-6.74746642236799;-9.18171862792666;33.5419257797225;0.123405861460782;7.34249182564847
38973202829.093;39.723284067998;0.0970656894304667;-6.46297418502492;-8.75170049748783;33.7546041111682;0.173622780220376;7.34249100948471
38973202829.392;39.7232843042352;0.0970656910657508;-6.10238354246241;-8.26213862462295;34.0240808760404;0.235521912834865;7.34248930451238
38973202829.6835;39.723284982458;0.097065697241672;-5.63322655459454;-7.67389716181362;34.3745590511786;0.313015993722853;7.34248492981988
38973202829.9723;39.7232880442126;0.0970657337567855;-4.9745855674996;-6.89808330264013;34.8663774285493;0.415823559727389;7.34246862912177
38973202830.2578;39.7233214768412;0.0970662628837256;-3.93143493890091;-5.73204558877318;35.6448574646022;0.564139140515094;7.34234517550571
38973202830.5375;39.7270957411908;0.0971477636483981;-1.86996866878801;-3.53563930019088;37.1727288120745;0.802701014710778;7.33523054326176
38973202830.8149;39.7869146104983;0.0987927403706672;-0.666180183640796;-2.2268586266906;37.5930881158807;1.03378341290399;7.01787114269115
38973202831.0883;39.9032813613761;0.102268339175641;-0.370956454686188;-1.89575572384041;36.3880799706926;1.08682562937869;6.06647051675093
38973202831.3612;40.0741815335788;0.107060262974515;-0.203266513535854;-1.75549911057178;34.1750558016216;0.958245162148857;4.50214698866734
38973202831.6325;40.2872866555895;0.111851400412342;-0.104882363168117;-1.75303762219392;31.1192021464318;0.699637686003378;2.40750751081851
38973202831.8982;40.5136566929368;0.115002733923487;-0.0695497853625231;-1.92587436010957;27.5979375655521;0.384195304767289;0.0336863943423857
38973202832.1614;40.6967116307747;0.116050300884118;-0.157740308543576;-2.40013996415759;25.6516384481389;0.146796416647962;-1.22410905037334
38973202832.4236;40.8491279438998;0.116377427938286;-0.235625517756542;-2.90394050703263;25.6619275559292;0.0550775083947572;-1.17852993923235
38973202832.6844;40.9829413823856;0.11662904186157;-0.28982592742282;-3.01559098843353;25.7047685157004;0.0483335435253152;-1.12281475984401
38973202832.9426;41.1024419238168;0.116886502069606;-0.334486381548414;-3.00114613869129;25.739368421883;0.0554546704914547;-1.07735733453203
38973202833.1996;41.2111291900013;0.117163139099092;-0.373760852961073;-2.96802920550203;25.769188111923;0.0655892074738276;-1.03778055379415
38973202833.4545;41.3104480651874;0.117456247202017;-0.409308758294016;-2.93931272609422;25.7958293927364;0.0761281941879527;-1.0021873104529
38973202833.7074;41.4018450590183;0.117758942104737;-0.442146489480152;-2.9220732932775;25.8202310855173;0.0855132319900004;-0.969445255730221
38973202833.9589;41.4865004034534;0.118063302823823;-0.472888772735957;-2.91715455229453;25.8429562709196;0.0929129850735929;-0.9388736151572
38973202834.2118;41.5660635980409;0.11836468843576;-0.502182781593076;-2.92377247862261;25.8645530860095;0.0979750021317811;-0.909784566075512
38973202834.4641;41.6405308636745;0.118653819833904;-0.529985125735581;-2.94085527667558;25.8850376481315;0.100502913092528;-0.882190430542134
38973202834.7136;41.70984612221;0.11892289134938;-0.556182415775921;-2.9671435384128;25.9043590524153;0.100556865760015;-0.856182235612478
38973202834.9603;41.7745982347812;0.119168582035213;-0.580895565625123;-3.00176081506277;25.9226263970098;0.098358919966671;-0.831626072527619
38973202835.2072;41.8359774994093;0.119391332466688;-0.604490326227339;-3.04469345321198;25.9401204376575;0.0941388440381645;-0.808150543025321
38973202835.4535;41.8941426293052;0.119588983169018;-0.626935763987696;-3.09570010439681;25.9568237397302;0.0882037820871933;-0.785781415996051
38973202835.7001;41.9495464830356;0.119761507292118;-0.648327380286932;-3.15501752565597;25.9728111538687;0.0808777037528791;-0.764419484668852
38973202835.9443;42.0019471609034;0.119907871127494;-0.668493109158486;-3.22239623292828;25.9879537986197;0.0725886905725715;-0.744235328207181
38973202836.1878;42.0519371231254;0.120030130012371;-0.687602113926971;-3.29920449220421;26.0023781331049;0.0635932017830763;-0.725058852387399
38973202836.4271;42.0990877562359;0.120128437115918;-0.705433990336815;-3.38633661836448;26.0159164462568;0.0542421007567523;-0.707111352138941
38973202836.6607;42.1433923729237;0.120204576362534;-0.721946981700281;-3.48678738996971;26.0285347375749;0.0447310725968867;-0.690435952604657
38973202836.8878;42.1850008181634;0.120260724351055;-0.737174941450669;-3.60702222704599;26.0402572657491;0.0351396947812803;-0.674999336544772
38973202837.1083;42.2240969664098;0.120298980239237;-0.751163769363786;-3.76059945278513;26.0511196409863;0.0254912252154623;-0.660754691683258
38973202837.3214;42.2608031946674;0.120321234917756;-0.763945625788543;-3.98126406167844;26.0611489639553;0.0158006561711318;-0.647667786392998
38973202837.5266;42.2952106626127;0.120329281711992;-0.775541202733379;-4.40657102057034;26.0703652140927;0.00609701547490601;-0.635714893209207
38973202837.723;42.3273576702768;0.12032488889764;-0.785958062519313;-4.65035576674603;26.0787794109546;-0.00356360497550514;-0.624884866512825
38973202837.9094;42.3572282298332;0.120309907699719;-0.795205735233679;-4.0949025517558;26.0863881490575;-0.0130832950480007;-0.615175282978568
38973202838.0848;42.3848183409186;0.120286286627778;-0.803332263957794;-3.8707861107237;26.0931944935379;-0.0223394977417881;-0.606560246125619
38973202838.2496;42.4103074614825;0.120255754652035;-0.810468319226703;-3.73206826208159;26.0992574533812;-0.0312628242103873;-0.59893523529182
38973202838.4058;42.4341176213416;0.120219379309348;-0.816824388486822;-3.63277960627193;26.1046977451493;-0.0398807623232832;-0.592114548974174
38973202838.5574;42.4569340393405;0.120177134967105;-0.822680834462699;-3.55515974661513;26.1096882608121;-0.0483417952285713;-0.585842507953008
38973202838.7131;42.4800347420813;0.120126676446933;-0.828452469503219;-3.48914315160736;26.1145103841169;-0.0570415352210688;-0.579723234146095
38973202838.8812;42.5046409882612;0.1200641470678;-0.834538054096569;-3.42949930231045;26.119408165241;-0.0663746255291342;-0.573393470642262
38973202839.0658;42.5312523327108;0.119986263430265;-0.841184781807634;-3.37480537126368;26.1244858877819;-0.0764587446353079;-0.566659271152426
38973202839.2607;42.5588941514889;0.119894399833497;-0.848297364646718;-3.32672053451986;26.1296150593259;-0.086838005878055;-0.559654561869128
38973202839.4626;42.5870357091852;0.119789707070831;-0.855895882106769;-3.28532735475969;26.1347993531317;-0.0972271817894865;-0.552367319948868
38973202839.671;42.6155211777491;0.119672573117134;-0.864092981324562;-3.25003354642796;26.1401275676683;-0.107489770979405;-0.544682256598371
38973202839.8861;42.6443426337805;0.119542990132951;-0.873038665111967;-3.22020660512725;26.1457199344036;-0.117552715206159;-0.53644435614297
38973202840.1046;42.6729660461433;0.119403784041526;-0.882696185955046;-3.19575935353467;26.1515872540931;-0.127184704607812;-0.527665673134307
38973202840.3258;42.7012538778586;0.119256351081203;-0.89310866664159;-3.17611374048959;26.1577966220187;-0.136331459770368;-0.51828031989962
38973202840.55;42.7292015064907;0.119101452138676;-0.904344696065118;-3.16064120688168;26.1644279798676;-0.145015603264541;-0.508200844823389
38973202840.7779;42.7568211241122;0.118939683102801;-0.916464013949641;-3.1487862785083;26.1715511855918;-0.153287661714604;-0.497350813948507
38973202841.0069;42.7837774765671;0.118773782922039;-0.929340891536551;-3.14015515845585;26.179122566797;-0.161116796989419;-0.485822655577712
38973202841.2369;42.8100045926792;0.118604958013975;-0.942926008305652;-3.13424002536937;26.1871391288351;-0.168567574756078;-0.473643020217834
38973202841.4684;42.8355489087846;0.11843359086033;-0.957211370298248;-3.13057806686771;26.1956181487717;-0.175736492674712;-0.460804148968746
38973202841.7016;42.8604137779103;0.118260232955713;-0.972156712973785;-3.12879924166289;26.2045537694101;-0.182698187949937;-0.44732989855403
38973202841.936;42.8845336654264;0.118085876684993;-0.987663223021441;-3.12860092976149;26.2139004887814;-0.189493335207333;-0.433299993664587
38973202842.1707;42.9078092570675;0.117911788462735;-1.00358979431524;-3.12972113300994;26.2235822075778;-0.196137519430143;-0.418835841785306
38973202842.406;42.9302854975571;0.117738144802246;-1.01988077281339;-3.13194551069851;26.2335702093767;-0.202671490411289;-0.403984325737787
38973202842.6423;42.9520103321222;0.117565029699113;-1.03648882393727;-3.13511034310227;26.2438374768818;-0.20912493569415;-0.38878706367975
38973202842.8795;42.9729881149176;0.117392837138003;-1.05333724218617;-3.13908244101664;26.2543354284868;-0.215504245695288;-0.373314873208458
38973202843.1171;42.993192404037;0.117222219918416;-1.07032326582922;-3.1437439800562;26.2649961200907;-0.221797489829529;-0.357664633883165
38973202843.3546;43.0126157856399;0.117053685374613;-1.08735830251743;-3.14899421535826;26.2757583342376;-0.227991862305849;-0.341921657911375
38973202843.5926;43.0313334332191;0.11688699385538;-1.10443515880091;-3.15477292002372;26.2866093565989;-0.23409751843014;-0.326098024038107
38973202843.8324;43.04945440778;0.116721528168672;-1.12162526750193;-3.16109887214973;26.2975514960548;-0.24012739504678;-0.310156436932964
38973202844.0785;43.0673121984212;0.116554438319467;-1.13931324710137;-3.16819090715356;26.3087345299409;-0.24616272940646;-0.29380405240812
38973202844.3335;43.0850413623721;0.116384550074602;-1.15780826308668;-3.17633318964807;26.3202068231776;-0.25221120150088;-0.276853925471946
38973202844.5989;43.1026764586547;0.116211601146226;-1.17745430296805;-3.18591426271425;26.3319802537211;-0.258240028515435;-0.259126335190202
38973202844.8765;43.120249075518;0.11603535779201;-1.19870728988124;-3.19743098047344;26.3441123729968;-0.264216466140952;-0.240355097071609
38973202845.17;43.1378370055325;0.115855104277164;-1.2222846247996;-3.21161561163362;26.3567467565904;-0.270122535106312;-0.220085733565612
38973202845.4852;43.1555948064053;0.115669264738414;-1.24928222536322;-3.22953328819633;26.3701770728842;-0.275970069665685;-0.197574035368685
38973202845.8324;43.1737514692926;0.115475355113634;-1.28150361827373;-3.25294028243687;26.3848728455687;-0.281785305213622;-0.171604391441523
38973202846.236;43.1929386813694;0.115266272198254;-1.32292566009351;-3.28561898882301;26.4019157338894;-0.28770149051149;-0.139464772441903
38973202846.7501;43.2142287783465;0.115029448646864;-1.38292722346921;-3.33667997365862;26.423599084182;-0.293926823459729;-0.0949319868904724
38973202847.5881;43.2407059503373;0.114728146891855;-1.5003355065141;-3.4442054417136;26.4582328967693;-0.301086234171641;-0.0130356949675973
38973202849.3126;43.2672199878343;0.114421319898246;-1.81318413539077;-3.74976643680197;26.5171925121044;-0.30686350422327;0.182823437736788
38973202855.9773;43.275421597545;0.114326871033896;-2.90988122885163;-4.84858358721191;26.5852556697672;-0.306152974238424;0.776640017076418
38973202900.7885;43.2764085118178;0.114315552988095;-4.65710769093831;-6.59761567365655;26.6329834999717;-0.305430102074659;1.68213522965723
38973203269.7312;43.2765403856015;0.114314044624145;-6.44680040440603;-8.38845272738606;26.6928795868746;-0.305311458817345;2.61699778644873
38973206298.0655;43.276559182083;0.114313830164262;-8.20712725547891;-10.1498577525061;26.7516190026784;-0.305224628310258;3.53640485279285
38973227973.7562;43.2765623222826;0.114313794453431;-9.83901569224841;-11.7831729851121;26.8227248986684;-0.305032140637274;4.39985399123112
38973319216.0109;43.2765631064863;0.114313785567823;-11.0657671058184;-13.0115088796127;26.9013557826137;-0.304812234366895;5.06576168004988
38973634100.9608;43.2765633658818;0.114313782640319;-12.0841894276291;-14.0316543726244;26.9907683689332;-0.304614311151988;5.63470829047141
38974558790.2192;43.2765634709057;0.114313781460113;-12.9447075845121;-14.8940379898057;27.0914501000997;-0.304440093365471;6.13223197713161
38977024621.0554;43.2765635213119;0.11431378089637;-13.6894793321197;-15.6408821151116;27.20766565767;-0.304290573778353;6.58226089430403
38983507841.6811;43.2765635497558;0.114313780580051;-14.3578028682239;-16.311665597845;27.352289649163;-0.304180211260762;7.01304585740009
39003830248.2911;43.2765635695327;0.114313780361896;-15.0118158429555;-16.969210415754;27.5709037473001;-0.304128016339335;7.48610925310044
39071203401.9917;43.2765635881761;0.114313780158767;-15.5579616753922;-17.5207147312214;27.9182219586473;-0.304182832657175;7.99122805287214
39196227945.0841;43.2765636096407;0.114313779927731;-15.7652732272074;-17.7333161267263;28.2976022056973;-0.304583755829366;8.34835333338333
39373595001.4449;43.2765636408415;0.114313779595851;-15.7547068301475;-17.72789164186;28.6858793976696;-0.305128909206633;8.60248507957908
39598510571.9457;43.2765636981967;0.11431377899234;-15.5934466612734;-17.5713342192238;29.0963377667976;-0.306161637234531;8.79609306487895
39848205808.0138;43.2765638209423;0.114313777713926;-15.3084043670662;-17.2907389034176;29.5280434807314;-0.307538955724058;8.94200815913528
40112437901.4409;43.2765641359;0.114313774460577;-14.9237333046415;-16.909654814154;29.987432482446;-0.30975460646686;9.05661029380902
40381070660.2911;43.2765651521563;0.114313764033583;-14.4221557588455;-16.410999879093;30.5003868090754;-0.312940107130423;9.14855347795587
40646153089.1028;43.2765696880817;0.114313717480184;-13.7667150363959;-15.7554295413949;31.1029475527728;-0.319217758000238;9.22345311017447
40899406354.9411;43.2766019391363;0.114313386870411;-12.8950111329768;-14.8842393671317;31.8466734787312;-0.32646440852079;9.28454172802974
41136613297.1106;43.2776970161982;0.114302325418124;-11.3356827130113;-13.3313152446887;33.0849239055394;-0.334193199693876;9.3322178263667
41367172399.8876;43.3131070292637;0.113952688302423;-9.81365618640884;-11.8191647445061;34.1026311783558;-0.336728076912472;9.25116370495084
41587603819.3557;43.3750627351171;0.113351749562728;-9.55119218809596;-11.5644432954599;33.5755815139623;-0.325666011897151;8.76773082914002
41797414984.2989;43.4460210544361;0.112676064209144;-9.47082527464891;-11.4920840900336;33.0159263216648;-0.314387066445012;8.35356156689711
42000807338.3394;43.5168762272543;0.112011251484759;-9.45796306119008;-11.4856352996562;32.6742657835468;-0.306572784862716;8.11881268147172
42195375700.1197;43.5952088131668;0.11128870929301;-9.39512975856385;-11.4302090101238;32.6045105540225;-0.300745012336715;8.04075550504892
42380885872.6971;43.6715913503871;0.110595712888098;-9.38537364907973;-11.42763674783;32.5538741727185;-0.295351772651739;8.0020137393295
42556428488.435;43.7523227439937;0.109874263080755;-9.3373401159812;-11.386176443661;32.5213436723874;-0.29062445324932;7.95623457995683
42722167018.0653;43.8349911646224;0.109148089700727;-9.30208384107027;-11.3583831570715;32.5046728025844;-0.285526540077102;7.92743843042025
42879914367.9286;43.9174846855354;0.108434985030971;-9.28154223172285;-11.3448087914536;32.4707356398663;-0.280689113022836;7.8944656291825
43028226643.2555;44.0019420790705;0.107716174817237;-9.2445394232608;-11.3145628581968;32.4494022368986;-0.276174302582058;7.86168531041587
43165949769.1717;44.0862998502855;0.107009784403214;-9.212881774484;-11.2899620742975;32.4306970421374;-0.271566367635089;7.83333340287075
43293029623.9134;44.1695664275335;0.106323383749613;-9.18360599679926;-11.2674990213532;32.4032547576086;-0.267113360240417;7.80033622794228
43411951842.1413;44.25183261793;0.105655514239558;-9.16004161504736;-11.2505713841331;32.3786672241733;-0.262862842086455;7.77210353011276
43525211453.4849;44.3301415660656;0.105028946831184;-9.16026367652817;-11.2571072661834;32.3649836736922;-0.258959473026746;7.76305144266196
43632763277.0978;44.4048634705936;0.104438832495851;-9.158169845784;-11.2606816136868;32.3671460468569;-0.255618710426676;7.76343169699705
43729544820.2209;44.4822338663878;0.103835400223856;-9.09721772386029;-11.2051640095469;32.3692811409965;-0.252456623250411;7.73436573195915
43803304970.0463;44.5661524109083;0.103190745563227;-8.94396384734164;-11.0584946633989;32.3380233487981;-0.248417767329601;7.63683398093109
43844020678.6756;44.6431577908349;0.102614599899111;-8.72324092988504;-10.8492296999202;32.2736809101215;-0.241468081050554;7.48344878175176
43856907754.6255;44.6794640297887;0.102352564996599;-8.55017312634911;-10.6917952457285;32.2389067566034;-0.232679534770584;7.37363858452011
43858950030.754;44.6860559014839;0.102306103228002;-8.4911057154353;-10.6430187235757;32.2417334503656;-0.227250776111059;7.34596786327282
43859069583.9666;44.6864526683473;0.102303335416409;-8.47902585667217;-10.6354247269514;32.2479651580811;-0.224959037731897;7.34408089154391
43859078871.9048;44.6864841252249;0.102303118067996;-8.47020370501434;-10.6307628424531;32.2543510359349;-0.222858483431524;7.34392676415079
43859079659.4325;44.6864868478928;0.10230309944358;-8.46127113444405;-10.6261831455722;32.2610301678501;-0.220681648835545;7.34391310825189
43859079735.67;44.6864871172833;0.102303097620511;-8.4517865447515;-10.6213658399449;32.268141523788;-0.218370846612228;7.34391172619504
43859079745.6467;44.6864871534122;0.102303097378968;-8.44113422553553;-10.6159944788851;32.2761301930581;-0.215784976779524;7.34391153626921
43859079749.0825;44.6864871662426;0.102303097294494;-8.42778248946056;-10.609301916949;32.2861430775895;-0.212567438669855;7.34391146696153
43859079751.1879;44.6864871743897;0.102303097241801;-8.41233262747338;-10.6015799758931;32.2977287380321;-0.208893359408503;7.34391142160768
43859079752.7096;44.6864871805203;0.102303097202946;-8.39482087094254;-10.592871519504;32.3108597405081;-0.204784869400587;7.34391138639289
43859079753.8813;44.6864871854583;0.102303097172356;-8.37525907193752;-10.5832378175112;32.3255270053653;-0.200247391898873;7.34391135708308
43859079754.8541;44.6864871897724;0.102303097146322;-8.35315124383036;-10.5724942200572;32.3421021458286;-0.195175485425877;7.34391133060862
43859079755.6896;44.6864871936942;0.102303097123347;-8.32844416999739;-10.5606864989668;32.3606247092248;-0.189572164120637;7.34391130570095
43859079756.4223;44.6864871973578;0.102303097102594;-8.3010557671369;-10.547868557812;32.3811558585648;-0.18343388167548;7.3439112816122
43859079757.0916;44.6864872009519;0.10230309708301;-8.27003160037614;-10.5337350042807;32.4044105975763;-0.176563415997885;7.34391125716349
43859079757.7052;44.6864872045207;0.102303097064416;-8.2353543270694;-10.5185031279932;32.4304013925863;-0.168967634091464;7.34391123204056
43859079758.2528;44.6864872079895;0.102303097047218;-8.19826651074655;-10.5029632586235;32.4581964802584;-0.16092652634138;7.34391120675867
43859079758.782;44.6864872116867;0.102303097029944;-8.15573177349956;-10.4862073691006;32.4900707517267;-0.151801149939149;7.34391117898267
43859079759.2606;44.6864872153982;0.102303097013719;-8.11042741766949;-10.4697804164017;32.5240171694601;-0.14218414897757;7.34391115018399
43859079759.7065;44.6864872192718;0.102303096998036;-8.0611165707403;-10.4538034056636;32.560961892368;-0.131828828005093;7.34391111925574
43859079760.1394;44.6864872235485;0.102303096982265;-8.0052555392383;-10.4385150762144;32.6028096354613;-0.120225195292145;7.34391108427188
43859079760.5519;44.686487228252;0.102303096966785;-7.9430924078351;-10.4257329463959;32.6493731306148;-0.107456900274155;7.34391104489576
43859079760.9498;44.6864872335808;0.102303096951592;-7.87304762579407;-10.4180441214902;32.7018338719317;-0.0932342780501874;7.34391099940342
43859079761.3356;44.6864872397889;0.102303096936953;-7.79339953058895;-10.4208496896645;32.7614790672163;-0.0772526420623692;7.34391094555994
43859079761.7043;44.6864872470811;0.102303096923734;-7.70386626881349;-10.445520526648;32.8285170787642;-0.0595109670385527;7.3439108814664
43859079762.0612;44.6864872560131;0.102303096913009;-7.60161256136061;-10.5221663397429;32.9050674358164;-0.0395101798690386;7.3439108023671
43859079762.4072;44.6864872673661;0.102303096907224;-7.48398440517435;-10.7767870549628;32.9931124030562;-0.0168120486016891;7.34391070161489
43859079762.7423;44.6864872824073;0.102303096911345;-7.34790075553362;-10.9101612294027;33.094952075098;0.00906778642674864;7.34391056867134
43859079763.0685;44.6864873035455;0.102303096936117;-7.18835812077351;-10.1194630668781;33.2143226048176;0.0389242679449763;7.34391038413584
43859079763.3863;44.6864873353773;0.102303097006469;-6.99925430937945;-9.65483872381676;33.3557780874674;0.0737202265905941;7.34391011222011
43859079763.6995;44.6864873886355;0.102303097189527;-6.76952229609733;-9.2333218238221;33.5275796650071;0.115239847630983;7.34390967358365
43859079764.0043;44.6864874874368;0.102303097672234;-6.48924416467279;-8.80032268523008;33.7371192538324;0.164827425671802;7.34390889909031
43859079764.3045;44.6864877076353;0.102303099135084;-6.13462047643051;-8.31223508963036;34.0021516297618;0.225887285510892;7.34390730008922
43859079764.5949;44.6864883162676;0.102303104479044;-5.67862670697721;-7.73511846803191;34.3428160182453;0.301539452673645;7.3439033202521
43859079764.8829;44.6864909255943;0.102303134565269;-5.04284405148565;-6.98100481994644;34.8175949232888;0.401456043200349;7.34388910571665
43859079765.1671;44.6865159417542;0.102303516898311;-4.05532574651224;-5.87110455977152;35.5546276671008;0.543397106760741;7.34379193324022
43859079765.4475;44.6887307727103;0.102349825510331;-2.10254861953245;-3.7822274400794;37.0056925210909;0.773730497494571;7.33952826238634
43859079765.7254;44.7433428380746;0.103822814433519;-0.706505638498436;-2.2755947588731;37.6486325743247;1.0154536069137;7.074795876253
43859079766.0007;44.8557065026238;0.10716122773718;-0.389154781354373;-1.91624057350688;36.5316430448921;1.08538399521723;6.17141479248565
43859079766.2722;45.0212063763741;0.111829848706518;-0.214983785225237;-1.76459283568232;34.4115218601567;0.970721903906529;4.66616464400074
43859079766.542;45.2298896657967;0.116630166223451;-0.1115883425245;-1.74980605157654;31.4412815931872;0.723240155951825;2.62635161090067
43859079766.8084;45.4569340607459;0.119949598441813;-0.0694286494216813;-1.90447562941884;27.9332568602718;0.408389525786599;0.257867826991278
43859079767.0726;45.6458284786148;0.121114942855847;-0.145786141667678;-2.35555096692516;25.6768046626921;0.158407650270864;-1.2132317568566
43859079767.334;45.7999393653351;0.121446951360581;-0.229456789300039;-2.89614089984714;25.6575006953444;0.0552751893286711;-1.18457737938899
43859079767.5941;45.9348945899206;0.121679769555595;-0.284876411107424;-3.04804919544735;25.7009985113457;0.0443381136362402;-1.1278187531501
43859079767.8522;46.055543016845;0.121919558800432;-0.330244731902306;-3.03193669565392;25.7361645421935;0.0511507329013077;-1.0816302690742
43859079768.1094;46.1652907026823;0.122180085957043;-0.369995147520872;-2.9945375192895;25.7663763843086;0.0611661259583069;-1.04155479731323
43859079768.3649;46.2656101718088;0.122459281663296;-0.405916240495552;-2.96139273078162;25.7933209343629;0.0717845151853234;-1.00557337019992
43859079768.6183;46.357842910628;0.122749876806507;-0.43903074255447;-2.94062749605678;25.8179439293739;0.0813438829815085;-0.972545738901865
43859079768.87;46.443108535378;0.123043398900656;-0.469953577875584;-2.93308675914549;25.8408116721964;0.0889555337074146;-0.941788871597862
43859079769.1234;46.5233440880932;0.123335834321136;-0.499457481823361;-2.93779435622946;25.8625672779311;0.0942615895404848;-0.912488696825946
43859079769.3753;46.5981387453905;0.123616196272356;-0.527343952963021;-2.95349545572223;25.8831142395055;0.0970208391091566;-0.884810466438484
43859079769.6245;46.6677950736168;0.123877860956766;-0.553638748351417;-2.97885421422624;25.902505102827;0.0973030160464071;-0.858706543788026
43859079769.8717;46.7330359348919;0.124117748446926;-0.57851539818819;-3.0130274832884;25.9208885683775;0.0953098530560068;-0.833990361956534
43859079770.1189;46.7948093107346;0.124335105040648;-0.602247152191621;-3.05587566839338;25.9384778825861;0.0912674614587907;-0.810381935862402
43859079770.365;46.853211822374;0.124527469524731;-0.624776758070411;-3.10708339063604;25.9552364535763;0.085490598426255;-0.78793301719785
43859079770.6106;46.9086706192176;0.124694708063231;-0.646186637160929;-3.16682071707197;25.9712292476177;0.0783174296885155;-0.76655754836191
43859079770.8549;46.9613397484456;0.124836823556708;-0.66646375526589;-3.23537846611387;25.9864467773658;0.0701184310736332;-0.746266962427208
43859079771.099;47.0116668860615;0.124955222759782;-0.685715659171694;-3.31416911029933;26.0009696890947;0.0611696638468674;-0.726952535360534
43859079771.3389;47.0591313699351;0.125049812982916;-0.703686721059235;-3.40420923384722;26.0146042470542;0.0518435474202601;-0.70887052812647
43859079771.5731;47.1037104888212;0.125122349161618;-0.720327178878668;-3.50890398654343;26.02731004891;0.0423499086568399;-0.692072327756255
43859079771.8009;47.1455763028693;0.125175040472163;-0.735676701696406;-3.63579724130396;26.0391156763553;0.0327722071484902;-0.676518817033041
43859079772.0219;47.1849082907646;0.125209972913489;-0.749782609849144;-3.80129956841522;26.0500577740256;0.0231361841448492;-0.662161779518325
43859079772.2358;47.2218467647334;0.125229044214747;-0.76268070117381;-4.04977932421953;26.0601659537643;0.0134548405053045;-0.648963487692105
43859079772.4418;47.2564788713383;0.125234034295081;-0.774391012898269;-4.61576238529614;26.069459533472;0.00375630332904268;-0.636900982907836
43859079772.639;47.2888442386791;0.125226706038138;-0.784920479356418;-4.43000033171639;26.0779490476514;-0.0059046421186626;-0.625963757685683
43859079772.8263;47.3189234170894;0.125208911689603;-0.794275600509867;-4.02225947741463;26.0856305123922;-0.0154318311073982;-0.616151291354525
43859079773.0028;47.3467236557477;0.125182586186604;-0.802504510169114;-3.8261763564533;26.0925094035151;-0.0247083646654005;-0.607436030032766
43859079773.1684;47.3723911928038;0.125149488038706;-0.809725688936141;-3.6993061943587;26.0986363701616;-0.0336540480931314;-0.599725138371732
43859079773.3254;47.3963605098482;0.125110648131537;-0.816153149315272;-3.60653062597511;26.1041345558905;-0.042299167765521;-0.592829525244579
43859079773.4775;47.4192741962555;0.125066089842982;-0.822054917458672;-3.53322138096802;26.1091661472983;-0.0507722650311392;-0.586506846299598
43859079773.6318;47.4422112290945;0.125013921672746;-0.827798419207162;-3.47093005117313;26.1139753357122;-0.0593938335622498;-0.580409864961367
43859079773.7991;47.466751295202;0.124949382508734;-0.833870762821673;-3.4139231555402;26.1188813460987;-0.0686913702517758;-0.574080731065026
43859079773.9816;47.493095349635;0.1248700492175;-0.840441522503623;-3.36166866568794;26.1239256211594;-0.0786703885979731;-0.567406482570497
43859079774.1763;47.5207616928778;0.124775745191741;-0.847538091372185;-3.31495961928936;26.1290696469787;-0.0890640456324078;-0.560399243847955
43859079774.378;47.5489141226123;0.124668594308562;-0.855104216161097;-3.27462434433873;26.1342557726268;-0.0994695169712921;-0.553126349994677
43859079774.5856;47.5773573438274;0.124549188601364;-0.863239836487949;-3.24019353036372;26.1395646634599;-0.109734870775234;-0.545484349061144
43859079774.7996;47.6060919967371;0.124417532324446;-0.872094391161152;-3.21105877714991;26.1451174579131;-0.119791557424424;-0.537317902382327
43859079775.0184;47.6348204324966;0.12427528324593;-0.881711810391912;-3.18697432830501;26.1509736857789;-0.129486754525627;-0.528565931294737
43859079775.2396;47.6631790165543;0.124124927193591;-0.892068726889869;-3.16763235503708;26.1571584444273;-0.138684183812435;-0.519224095154298
43859079775.4633;47.6911353376484;0.123967433680748;-0.90321845414064;-3.15243580418146;26.1637433967242;-0.147394925205021;-0.509218163527505
43859079775.6904;47.718731507807;0.123803274717263;-0.915230404541764;-3.14081461743107;26.1708049657857;-0.15568001617779;-0.498462452123253
43859079775.9198;47.7458094376098;0.123634095267199;-0.928065811068067;-3.13233366019497;26.1783510355684;-0.163558996720108;-0.486971264919969
43859079776.1499;47.7721332037977;0.123462153669081;-0.94160218465497;-3.12656925033755;26.1863357968932;-0.171043930173653;-0.474836644651295
43859079776.3811;47.7977258564881;0.123288024005887;-0.955817399169164;-3.12305994221531;26.1947682842204;-0.178226393097074;-0.462063431461694
