t;slip_2;slip_3;slip_rate_2;slip_rate_3;shear_stress_2;shear_stress_3;state
0;0;0;-2;-12.9999946455259;37.4834015522306;-3.74838636928985e-10;7.60205999132796
2.75290596933567;0.165911146515304;3.04443434058053e-07;-1.21991581301432;-6.95628476545685;37.0104049197077;6.79133078535836e-05;6.89597412301354
4.14266986779145;0.926844611255008;5.44799536204535e-06;-0.261594341776359;-5.43167789721339;33.1597128143427;0.000224144045019838;3.844061633532
4.53699849954151;1.41001024532537;1.13512518972365e-05;0.0882377249781779;-4.82476665526949;28.0627296820793;0.000342866877752553;0.263731516940153
4.76767445190194;1.74581689325348;1.75022772287412e-05;0.163086967268814;-4.57405480673566;25.389080250221;0.000465055938368882;-1.55995511432378
4.9873801291553;2.02490834486396;2.48838135930553e-05;0.103905255184158;-4.4736945157526;25.420284795053;0.000672327136940707;-1.5095151118904
5.21288402987488;2.27862916884685;3.40477177816446e-05;0.05120205452642;-4.39107351875463;25.459381560162;0.000919543495309617;-1.45704118622241
5.45239842829069;2.5166576686601;4.52105383147356e-05;-0.0027026667081423;-4.33155768360453;25.4984097637737;0.00119579870601857;-1.40401230640846
5.71815584936622;2.74671899148685;5.87320267521754e-05;-0.0626417881035052;-4.29346089959402;25.5412749056835;0.00150114782037802;-1.34540259115257
5.99956377975508;2.95707158615299;7.3662708270592e-05;-0.126388458833214;-4.27525670040727;25.5867157157357;0.00181612736491441;-1.28316817749211
6.28986890825026;3.14414977329734;8.9246394747284e-05;-0.190831555307637;-4.27018450590531;25.6327843079511;0.00213522100185609;-1.2201660980685
6.58844947401121;3.3101130291789;0.000105131570617449;-0.255049590351885;-4.27406950920809;25.6785608079749;0.00245782388614083;-1.15747170627688
6.8952149944288;3.45744860130475;0.000121086982669846;-0.318498930672475;-4.28389852010569;25.7236950293933;0.00278569626996534;-1.09559079410573
7.21020731237747;3.58842709029033;0.000136945424090857;-0.38109998637305;-4.29803946001324;25.7680182950351;0.0031199062672981;-1.03467585724231
7.53296554631792;3.70490279229623;0.000152564453368262;-0.442641993794004;-4.31522329146048;25.8114052844722;0.00346122914810782;-0.97491600961896
7.86281226116904;3.80854426385619;0.000167842611607105;-0.502778592313672;-4.33424115924179;25.8537018012764;0.00381118620986815;-0.916587456887695
8.19826470711623;3.90075052431395;0.000182697667028871;-0.560870553861908;-4.35375668645213;25.8945861488415;0.00417179387229271;-0.860224752766738
8.53853328912094;3.98306718923822;0.000197126469103389;-0.616334084679584;-4.3725915751971;25.9338200804084;0.00454578617003769;-0.806278977017495
8.88323296844904;4.05699575715962;0.000211177135833786;-0.668628585875034;-4.38974394657186;25.9711724821448;0.00493601187476347;-0.755174846002207
9.2314899213424;4.12376621985562;0.00022489852487322;-0.717315410048075;-4.40450171783962;26.006366609182;0.00534433130067391;-0.707316588501387
9.58239275141097;4.18443720932471;0.000238348549186923;-0.762205793050906;-4.41646380144432;26.0392336437714;0.00577258305301523;-0.662911380565616
9.93497649042743;4.23989248428243;0.000251585394693001;-0.803319416035358;-4.42547777896531;26.0697194975791;0.00622268755568002;-0.621985519549296
10.2884272035517;4.29088332043054;0.000264669851939;-0.84083672864342;-4.43157314977457;26.0978752403572;0.00669682159755257;-0.584414657510477
10.641922016781;4.33802559441933;0.000277657663625213;-0.874972518212844;-4.43484706280218;26.1238116848826;0.00719717395834559;-0.550017360489022
10.9948143887179;4.38185081443548;0.000290607233525646;-0.905918165759903;-4.43538692657409;26.1476760640016;0.00772617134152162;-0.518599563581139
11.3465004242221;4.42280942162312;0.000303576229117363;-0.933809944129948;-4.43324878137417;26.1696060626676;0.00828625602694101;-0.490001135157961
11.6964339709822;4.46128921484995;0.00031662317320079;-0.958752848923598;-4.42847677750124;26.189709097826;0.00887987282432572;-0.464097805436074
12.0440274567524;4.4976162040211;0.00032980403757959;-0.980842224310822;-4.421127737275;26.2080562320056;0.00950931642582722;-0.440794420190469
12.3891532250271;4.53211159443612;0.000343191598045227;-1.00021632181155;-4.41127594106032;26.2247185897896;0.0101777368393602;-0.419974329603067
12.7312497621132;4.56500664891001;0.000356840529820709;-1.0170180680873;-4.39905001506888;26.2397338454375;0.0108874827171208;-0.401540895860956
13.0700857559222;4.59652341835592;0.00037081613029676;-1.03144784352514;-4.38461906139677;26.2531585951662;0.0116415375754212;-0.385356111192955
13.4054949524442;4.62685018519496;0.000385183408007923;-1.04374885397733;-4.36820047976807;26.2650601734976;0.0124430479390011;-0.371253379928085
13.737501181957;4.65615529920913;0.000400012210771806;-1.05420281716978;-4.35004014383205;26.2755254930688;0.0132957880616195;-0.359033768807192
14.0658476329766;4.68454979734448;0.000415355259532704;-1.06309812945768;-4.33042066126364;26.2846521488471;0.0142029874118814;-0.348487867590681
14.3907561939399;4.71215731906018;0.000431283394757506;-1.07073373220234;-4.30959622059392;26.2925745433006;0.0151694776172442;-0.339376399659456
14.7120175492776;4.73904012825055;0.000447841846776723;-1.07738383772349;-4.28783875326681;26.2994326760957;0.0161991215656018;-0.331468712850606
15.0298463585213;4.76527536473449;0.000465093215063689;-1.08330827752798;-4.26536971409385;26.3053859241633;0.0172974960902821;-0.324528397152705
15.3440628682033;4.79089086757186;0.000483074515976119;-1.08872611458506;-4.24240789126565;26.3105879912047;0.0184692294684372;-0.318343216858277
15.6549323663574;4.81593777342371;0.00050184512634902;-1.0938240287755;-4.21909971708189;26.3151969132475;0.0197210909429869;-0.312714231197295
15.962276978039;4.84042192621303;0.000521435353022183;-1.09874052256096;-4.19558614241307;26.3193525550008;0.0210586041869592;-0.30747872854934
16.2664304205474;4.86438323201247;0.000541907525051934;-1.10358225456522;-4.17192881399883;26.3231863976698;0.0224901265738574;-0.302495517754615
16.5671900402388;4.8878150099281;0.000563288168973315;-1.1084142845039;-4.14819874626394;26.3268016420918;0.0240222476299139;-0.297663101749943
16.8648816932089;4.91074928547604;0.00058564298428494;-1.11328163144453;-4.12439557134027;26.3302859240638;0.0256650216704846;-0.292900399546832
17.1593642955297;4.93318091161437;0.000609005838752374;-1.11819888420182;-4.1005337386154;26.3336998971793;0.0274269192296981;-0.288159571891861
17.4508815844679;4.95513403708928;0.000633445058170518;-1.12316795679379;-4.0765769858987;26.3370910031693;0.0293196495687023;-0.283407939494052
17.7392885003858;4.97660407971223;0.000659001219525733;-1.12817276382245;-4.05251004893787;26.3404856288117;0.0313535335130265;-0.278635888207071
18.0248828973342;4.99762015336863;0.000685760672055474;-1.13319810092115;-4.02827245882384;26.3439013923351;0.033543295968675;-0.273839214818662
18.3074862385881;5.01817716460838;0.000713772250901864;-1.13821731892273;-4.0038397041448;26.34733903351;0.0359016471860783;-0.269030712658155
18.5874116984771;5.03830558261807;0.000743141521173616;-1.14323275746944;-3.9791492444929;26.3507863378747;0.0384482956116004;-0.264217324199209
18.8644962561884;5.05799880961488;0.000773930500692491;-1.14829543576244;-3.95421702792339;26.3542071552835;0.041202954928194;-0.259397637135272
19.1391803058109;5.07728914267091;0.000806274455757587;-1.15349371550993;-3.92904031653455;26.3575906532273;0.0441935722538209;-0.254534634478949
19.411254974371;5.09615791366805;0.000840235347658141;-1.1589444951399;-3.90370902137523;26.3609249885815;0.0474456192229972;-0.249577696849635
19.6812620111902;5.11463272399112;0.000875971499570439;-1.16479509444043;-3.87826729709338;26.3642334006483;0.0509968023152145;-0.244437525374216
19.949030758449;5.13268666952211;0.000913548083353748;-1.17118775891893;-3.85284259242042;26.3675510492109;0.0548801085868242;-0.23901938067739
20.2150223527025;5.15033127083508;0.000953119034498622;-1.1782560627252;-3.82749142318372;26.370947770052;0.0591412334766635;-0.233209651212293
20.4790030645242;5.16752918988003;0.000994734729535164;-1.1860962953178;-3.80231504328377;26.3744915920284;0.0638212562792516;-0.22691455320338
20.7414503082691;5.18428768795953;0.00103855935197642;-1.19480692216362;-3.77732383287137;26.3782574618274;0.0689809533311916;-0.220034527396464
21.0022114888079;5.2005727414474;0.00108465684018031;-1.20445374921199;-3.75256567668941;26.3823025335376;0.0746793911814107;-0.212498188506808
21.2616746032362;5.21638415198727;0.00113319247736998;-1.21510501159523;-3.72801489123535;26.3866845539935;0.0809981212568846;-0.204232441494862
21.5198604133942;5.23169998169809;0.00118427612967816;-1.22679184085047;-3.7036504295596;26.3914497544525;0.088024721390912;-0.195190346358266
21.7768803029196;5.24650610153107;0.00123804794499248;-1.23952547256728;-3.67941203425253;26.396635588922;0.0958654279323835;-0.185340635234657
22.0329066909942;5.26079451379155;0.0012946828187263;-1.25330075706181;-3.6552007927943;26.40226810786;0.104650474336522;-0.174667661234834
22.2879399270934;5.27455107462931;0.00135434408169601;-1.268086908512;-3.63090433895848;26.4083561040752;0.114531233257018;-0.163179891210743
22.5419994380216;5.28776693340465;0.00141723096158166;-1.28384006859356;-3.6063754098563;26.4148950269437;0.125693710790108;-0.150900904527139
22.7952402880056;5.30044401872384;0.00148362244793107;-1.30051434930661;-3.58142137094004;26.4218722700774;0.138374660103415;-0.137860184861189
23.0476810744923;5.31258101000365;0.001553822701557;-1.31804848465314;-3.55582084337026;26.4292613654124;0.15286662140757;-0.12410350010759
23.2993642408661;5.32418149797168;0.00162821854802523;-1.33637791111757;-3.52930547958893;26.4370276021423;0.169545027070142;-0.109682782430608
23.5504045481388;5.33525541841093;0.00170732462656867;-1.35544205882646;-3.50153360167302;26.4451306001506;0.18890966300705;-0.0946502285241238
23.8008264715661;5.34581138390402;0.00179177142396168;-1.37517438506578;-3.47208916313384;26.4535198869211;0.211625837133228;-0.0790654531294811
24.0506639720227;5.35586093158526;0.00188239425302114;-1.39551111117449;-3.44042001042741;26.4621371394063;0.238625041304998;-0.0629881134610682
24.2998040203313;5.36541227886613;0.00198026758102431;-1.41637890830106;-3.40577918836468;26.4709081398596;0.271249259264325;-0.0464868005724029
24.5482753630679;5.37448123248174;0.0020869912922045;-1.43771912627116;-3.36701538804756;26.4797453379917;0.31161441698342;-0.0296192964380337
24.7962021578331;5.38308794464983;0.00220506744786637;-1.45948618659771;-3.32216126091959;26.4885262687132;0.363398158306601;-0.0124338207887916
25.0435623206035;5.39124817064204;0.00233876276080196;-1.48162757159009;-3.26721357590028;26.4970216139041;0.434121260846269;0.00501480070266863
25.2904531751762;5.39898197056862;0.00249784450888327;-1.50411207024131;-3.19088464830776;26.5046147713943;0.54519130182904;0.0226836775654019
25.5368471139178;5.40630576927575;0.00268616045859605;-1.5268936207239;-3.11674291521457;26.5111515622846;0.681678031315903;0.0405247438872769
25.7828711343805;5.41324129998939;0.00287953571101854;-1.54989781202934;-3.10457661773747;26.519322331769;0.739407099717943;0.0585047734893911
26.0284225636384;5.41980407835311;0.00304927453932581;-1.57305472869706;-3.16036126637869;26.5304582070289;0.686180248812893;0.0765773598913706
26.2735848767138;5.42601431312625;0.00316947990032402;-1.59634569155759;-3.30952987316158;26.5440244251256;0.513786379247223;0.0947130862072701
26.5183863336878;5.43188959077481;0.00322750987782513;-1.61978560332768;-3.62516159606887;26.5573076369254;0.262305895456442;0.112881734977175
26.7628378086674;5.4374461495156;0.00325449321287687;-1.6433867522449;-3.95709703604122;26.56781529705;0.129016590158522;0.131054796161013
27.0068656426605;5.44269850593136;0.00327453783601523;-1.66708517622545;-4.08544146967548;26.5773570069267;0.101427447615503;0.149200246152505
27.2506094366068;5.44766530593939;0.00329096036825133;-1.69085689362325;-4.17149344374817;26.5867115531104;0.0879079340474824;0.16730448650581
27.4939779805158;5.45235986649085;0.00330526929048285;-1.71466949864296;-4.23065752038824;26.5959052326601;0.0810637620880435;0.185339121655947
27.7369663251082;5.45679681513697;0.00331829409382611;-1.73850104016072;-4.27081426755257;26.6049382056945;0.0780996391273197;0.20328435241727
27.9797090329979;5.4609924781572;0.00333053495940616;-1.7623455923228;-4.29733406348871;26.6138088778288;0.0776459061359434;0.221132625775129
28.2223220200001;5.46496171112642;0.00334233343472158;-1.78620745477691;-4.31308815656108;26.6225055468981;0.0791349303418802;0.238877065623963
28.4661122607581;5.46873562218079;0.00335404205785324;-1.81022465599742;-4.31851048877212;26.6310479136532;0.0826232783786721;0.256600176372222
28.7125954810014;5.47234321224932;0.0033660271114823;-1.83457017662865;-4.31314737760279;26.6394519061731;0.0885009808985683;0.274400458443669
28.9632527549996;5.47580780512295;0.00337866978728155;-1.85942810448319;-4.29724131091763;26.6477210035516;0.0972404290272526;0.292374453768005
29.2192618886685;5.47914438281316;0.00339229807993527;-1.8849542183745;-4.27381400893691;26.6558474509753;0.10887613708534;0.310596814465916
29.4828542717176;5.48237668472671;0.0034072271343187;-1.91142093709825;-4.24690055633937;26.6638468141943;0.1231524869293;0.329215864236551
29.7565378201642;5.48552528401673;0.00342367495275601;-1.93913129887774;-4.22114038877165;26.6717375386492;0.13932922421515;0.348395676334103
30.0447205090615;5.48862323888811;0.00344184722816111;-1.96859280223781;-4.20025857921201;26.6795758929582;0.156499568569408;0.368426346174853
30.3531434396233;5.49170408353556;0.00346191210518152;-2.00047685997809;-4.18671015716746;26.6874177398098;0.173809398466588;0.389678480462297
30.691214850714;5.49481678632106;0.00348412651632858;-2.03587079201087;-4.18237364075189;26.6953571624384;0.190516628341697;0.412755268815914
31.081404035316;5.49808240456958;0.00350934451603417;-2.07730981305277;-4.1895645919826;26.7036690260714;0.206213055657452;0.439105129277259
31.5752592665588;5.50173813051246;0.00353954055007825;-2.13062602773654;-4.21364975212599;26.7129025861646;0.220646659107144;0.472008528952699
32.3706433474928;5.5065508676349;0.00358166350306337;-2.21818475399928;-4.27605808529468;26.7249043714804;0.23390678978139;0.523880989062779
34.0004431007116;5.51304154096579;0.00364038154118023;-2.39984449563484;-4.4433627111756;26.7403809810445;0.241907523250709;0.625098078530542
40.1669032023999;5.51939062132856;0.0036977254390672;-2.98732510172461;-5.03154871557438;26.7570910322128;0.241665848947352;0.930001246809144
81.1510112979723;5.52094632247278;0.00371165818292391;-4.42068931718566;-6.46857883532286;26.7790326211257;0.2398310264326;1.66133214434636
417.22499053121;5.52115604137911;0.00371352003781199;-6.2047973039714;-8.25648905891535;26.8141028301077;0.238051825160601;2.57680698527005
2764.99801101639;5.52118790462805;0.00371380043027536;-7.86736605101195;-9.92288977148999;26.853869310074;0.236310571512956;3.43465013791576
13854.9753814861;5.5211945644382;0.00371385844221262;-9.22146881075169;-11.2814132913402;26.8963503043514;0.234287367131678;4.14007226881505
56600.43056785;5.52119634014825;0.00371387370213542;-10.3815178942227;-12.4473376094901;26.9447402369831;0.231555065377383;4.75241155081385
197974.395439087;5.52119690874241;0.00371387850442847;-11.3955670434739;-13.4689207799679;27.0002182519922;0.228041315804422;5.29648244652875
613491.683734786;5.52119712074453;0.00371388025836093;-12.2922488849527;-14.3745762326615;27.0645234846168;0.223909766634976;5.78776436323456
1722963.8247116;5.52119721130145;0.00371388098995309;-13.0881947656051;-15.1808473563825;27.1401782838753;0.219260351216714;6.23625898008492
4529312.76952404;5.52119725536596;0.00371388133641082;-13.8040527696816;-15.9084914148639;27.2327720718521;0.214118013739649;6.65602513164667
11884061.0966082;5.52119727999124;0.00371388152393522;-14.4751866361637;-16.5935100366234;27.3575977750598;0.208331317125415;7.07496179683654
35977685.158929;5.52119729668432;0.00371388164572689;-15.1593656754159;-17.2962845431796;27.5656661245553;0.201117389807524;7.5560319833756
101074609.114596;5.52119731116412;0.00371388174671546;-15.6527978527925;-17.8092882608914;27.8678910933084;0.194363045991739;8.00464147289461
210515600.146679;5.52119732636117;0.00371388184918068;-15.8574207214613;-18.0286035051463;28.1917058231831;0.190080940112642;8.32328385454935
365828190.093246;5.52119734687782;0.00371388198378467;-15.8791001640175;-18.0621487536016;28.5347011635391;0.187208144610029;8.56327674680636
563122879.790071;5.52119738090836;0.00371388220244465;-15.7632465056197;-17.9553460758673;28.9017832828483;0.185705629825282;8.75060263435091
792388247.915318;5.52119744822088;0.00371388262761345;-15.5322426305419;-17.7317770764246;29.2966740977671;0.185047777764919;8.89893715845444
1038418987.28447;5.5211976034994;0.00371388359762565;-15.199878003491;-17.4042121750866;29.7211610412899;0.185665665797636;9.01637091903304
1296299540.3926;5.52119805592605;0.00371388640885601;-14.755870406838;-16.9625221586712;30.1976023354514;0.187637963119684;9.11270123848602
1554920839.32718;5.52119975779434;0.00371389702215747;-14.1817383432951;-16.3868137884973;30.7454627656512;0.19173685037283;9.19169553857154
1806223424.63935;5.52120942900002;0.00371395824010071;-13.4147163369388;-15.6133182220876;31.4167397384987;0.198865400476402;9.25671607645179
2045295193.38954;5.52136057927075;0.00371494466134332;-12.1991193652299;-14.384465878412;32.4064827055096;0.211487831169643;9.31024982565224
2272378126.78771;5.58020538300337;0.00411985886376918;-9.58647637702442;-11.7488214857135;34.2456205950399;0.235645924028022;9.23279576848503
2490401677.4947;5.69784650440955;0.00500722276966551;-9.267944252498;-11.3904016487066;33.203065769771;0.250449857813485;8.37704035903699
2699826073.0295;5.81157390812564;0.00603436213176323;-9.26516214585799;-11.3093978980066;32.5138216162665;0.293651529033936;7.91538548218155
2901309320.26668;5.9237685927226;0.00730379510156218;-9.25426665960875;-11.2006291679689;32.4457664758924;0.367109420939629;7.86496360955215
3093321737.08522;6.03674053709554;0.00813806017190391;-9.23035871051202;-11.3620252534378;32.4292726626775;0.239480780730372;7.84120056665848
3276172227.3601;6.15028118710466;0.00847295077080058;-9.20694475295437;-11.7371931730186;32.4120335707148;0.0955999928931507;7.81748374892934
3450742107.79049;6.26464276420349;0.00862237452248292;-9.18368917860003;-12.0675496781154;32.3946520846465;0.0423265450838379;7.79416763886014
3617293053.43824;6.37933512089328;0.00867894010097017;-9.16201262620367;-12.4689948699387;32.3772353121483;0.0159682571542485;7.77167674246027
3774891368.19999;6.49239341292351;0.00866162701500911;-9.14424914886466;-12.9591770838131;32.3620852608333;-0.00495574056478822;7.75267021430343
3922941824.88142;6.60313088871207;0.0085848947902605;-9.12611513162735;-12.2854319611937;32.3495219361751;-0.0224156345450433;7.73521396481605
4061077425.10922;6.71188224978719;0.00846151809298069;-9.10387091806595;-12.0490724788683;32.3350774704091;-0.0366836334290128;7.71444948223236
4190362570.43935;6.81758483053866;0.00830456068366187;-9.08746303712938;-11.9157668061701;32.3182165664241;-0.0479892119001059;7.69498981019106
4312268888.91857;6.9166919484644;0.00813104674862672;-9.08992136908567;-11.8466918569057;32.3093423729728;-0.0565662815231184;7.69029891067296
4426180248.66783;7.00857468976097;0.00795299162113682;-9.09333309224917;-11.8060125513657;32.3145480357444;-0.0626208022213007;7.69549029158366
4527212958.3772;7.09855086691057;0.0077674167581357;-9.05033446378072;-11.7359428523644;32.3167322005699;-0.0666529001425883;7.67545564851434
4610714916.72695;7.19605144433511;0.00755757042067404;-8.93268947328437;-11.5997952673134;32.2822604329755;-0.0694797333081099;7.59360499273168
4678219569.37325;7.3140024296954;0.00729501976697385;-8.75763213356532;-11.4101206029565;32.1779525599055;-0.0716258745404333;7.43638677739288
4723733015.55801;7.42358421018139;0.00704592308773131;-8.61840136806088;-11.2617717827296;32.0527317490638;-0.0728609172431232;7.28310774122953
4748845530.51427;7.497468247839;0.00687746557940313;-8.53133958741651;-11.1733998356992;31.9810913911967;-0.0729177118654901;7.19171088654888
4759492609.11398;7.53368433852615;0.00679593740250255;-8.46832889117549;-11.1159227292433;31.9544215898722;-0.0719344823448696;7.14238480638741
4762718279.15602;7.54549102507375;0.00676972842013684;-8.43649190735009;-11.0901697821591;31.9481306473017;-0.0709198122078436;7.12226156057982
4764201784.41987;7.55116954242248;0.0067572984750214;-8.41705413468438;-11.0768198806282;31.9461883512284;-0.0699283533829539;7.11124349581913
4765044803.86759;7.5544969452715;0.00675012171338356;-8.40373220940065;-11.0699090713071;31.9456842082402;-0.06890255593399;7.10424421904553
4765563606.43491;7.55658986158399;0.00674567894555725;-8.3942502535969;-11.067348498422;31.9458159751151;-0.0678134345615048;7.09958973909192
4765897480.91429;7.55795838811594;0.00674282434874424;-8.38733000222005;-11.0680384472263;31.9462555995613;-0.0666363985593596;7.09642170772996
4766110820.37497;7.55884299651556;0.00674101430784394;-8.38232013405792;-11.0713828044202;31.9468497214213;-0.0653680257347625;7.09431199953277
4766245937.55103;7.55940798940994;0.00673988261941772;-8.37866757395626;-11.0769836855334;31.9475236039345;-0.0639913228445848;7.09293412671292
4766328645.99688;7.55975596910693;0.0067392018491898;-8.37599595461941;-11.0845493057079;31.948233766901;-0.0625019406912992;7.09207085823828
4766377171.78253;7.55996107499108;0.00673881097984609;-8.37399445575257;-11.0939409658964;31.9489628476684;-0.0608849921208509;7.09155517487704
4766403719.51509;7.56007368748443;0.0067386025295549;-8.37244085958208;-11.1050249277261;31.9497003192752;-0.0591401907266626;7.09126894668351
4766417069.31285;7.56013048445786;0.00673850075713696;-8.37114949278418;-11.1178445939094;31.9504520454505;-0.0572508456430209;7.09112324889203
4766423048.6195;7.560155992792;0.00673845671013755;-8.36996872948563;-11.1327344981597;31.9512405274991;-0.0551724101285116;7.09105726876199
4766425207.39498;7.56016522620097;0.00673844139877215;-8.36884540524749;-11.1491935562521;31.9520487906811;-0.0529847097590387;7.09103319439582
4766425869.14579;7.56016806469229;0.00673843691351425;-8.36760690908067;-11.1689070590336;31.9529684418197;-0.0504906614896027;7.09102573538591
4766426013.85774;7.56016868756097;0.00673843598754198;-8.36610790715387;-11.1939064236921;31.9540922689197;-0.047503758060124;7.09102408438052
4766426036.4471;7.56016878520586;0.00673843585339226;-8.36425434752438;-11.2263141075268;31.9554840706202;-0.0439021349861025;7.09102382274948
4766426041.48471;7.56016880709823;0.00673843582633594;-8.36193184022425;-11.2699558819574;31.9572277003427;-0.0394952671113385;7.0910237632274
4766426044.08332;7.56016881846491;0.00673843581412563;-8.35910747358665;-11.3280142039884;31.9593471455018;-0.0343313727142786;7.09102373177079
4766426045.85561;7.56016882627243;0.00673843580707347;-8.35602265603761;-11.4002136098117;31.9616609519584;-0.0288694417802218;7.09102370973731
4766426047.1746;7.56016883212608;0.00673843580282307;-8.35281415391414;-11.4918119273256;31.9640665427029;-0.0232094181327922;7.09102369287909
4766426048.26731;7.56016883701406;0.00673843580020709;-8.34937674818741;-11.6208699073155;31.9666426790381;-0.0171081822251746;7.09102367850876
4766426049.2064;7.56016884125004;0.00673843579880114;-8.34575003184906;-11.8247336825581;31.9693594659662;-0.0106108526630151;7.09102366578692
4766426050.03292;7.56016884501096;0.00673843579836225;-8.34196329783516;-12.2749074010586;31.9721947413313;-0.00373102660892796;7.09102365424377
4766426050.7675;7.56016884838364;0.00673843579873029;-8.33806343800155;-12.3001460475071;31.975113174251;0.00348922905980424;7.09102364366318
4766426051.43777;7.56016885148988;0.00673843579981339;-8.334010804392;-11.7915780658696;31.9781441720419;0.0111502856845276;7.09102363370287
4766426052.05147;7.56016885436145;0.00673843580153965;-8.32983658259828;-11.5508471124847;31.981264099784;0.0192258299139617;7.09102362429044
4766426052.63351;7.56016885711276;0.00673843580395063;-8.32541803720869;-11.3827648051428;31.9845642253558;0.0280281007602909;7.09102361507091
4766426053.1792;7.56016885971966;0.00673843580700747;-8.32082063158002;-11.2516717570133;31.98799502291;0.0375090352761424;7.0910236061365
4766426053.70066;7.5601688622388;0.00673843581077757;-8.31596894546832;-11.1408682022943;31.9916120264973;0.0478780955908691;7.09102359730459
4766426054.19611;7.56016886466034;0.00673843581525913;-8.3109049752586;-11.0435679106978;31.9953828113558;0.0592139967129599;7.09102358861644
4766426054.67427;7.56016886702628;0.00673843582058363;-8.30557392964822;-10.9532998751472;31.9993462616356;0.0720137058414968;7.09102357992759
4766426055.12761;7.56016886929786;0.00673843582671407;-8.30009583658049;-10.8689309985505;32.0034105733941;0.0863696383624671;7.09102357138664
4766426055.56548;7.56016887152087;0.0067384358338578;-8.29439589181605;-10.7874134090078;32.0076278306459;0.102857501671877;7.0910235628306
4766426055.98646;7.56016887368736;0.00673843584210519;-8.28851554926159;-10.7079545257946;32.0119623041055;0.121863408269222;7.09102355429476
4766426056.39556;7.56016887582251;0.00673843585172765;-8.28239506927717;-10.6285374326649;32.016450262722;0.144288200010118;7.09102354568419
4766426056.79167;7.56016887792031;0.00673843586292738;-8.27605529816361;-10.5486130723866;32.0210646771724;0.170953498766735;7.09102353702479
4766426057.18187;7.56016888001877;0.00673843587627001;-8.26937933077485;-10.4660371264958;32.0258714671079;0.203630656113974;7.09102352815856
4766426057.55579;7.56016888206163;0.00673843589182376;-8.26254509096326;-10.3809496419504;32.0307076376335;0.243872023852047;7.09102351932226
4766426057.92484;7.56016888411158;0.00673843591092909;-8.25534223316735;-10.2859305335344;32.0356395874707;0.298569264774903;7.0910235102471
4766426058.2881;7.56016888616487;0.00673843593535819;-8.24776728413016;-10.1723104634305;32.0404407857143;0.381202116117293;7.09102350094114
4766426058.64572;7.56016888822375;0.00673843596632053;-8.23979298788127;-10.062590691334;32.0450662468097;0.481907261363166;7.09102349138598
4766426058.98683;7.56016889022472;0.00673843599959981;-8.23164706110541;-10.0107134904451;32.0503613001714;0.533048223486628;7.09102348187567
4766426059.32869;7.560168892271;0.00673843603076093;-8.22288661420404;-10.0402387186653;32.0576254030412;0.488179170770822;7.09102347192048
4766426059.66335;7.56016889431708;0.00673843605461264;-8.21368308164295;-10.1470861603512;32.0660353019513;0.373802487968639;7.09102346172583
4766426059.99395;7.56016889638423;0.00673843606801592;-8.20392973439429;-10.3920902517862;32.0748233118642;0.207971467009021;7.09102345117709
4766426060.31515;7.56016889844011;0.00673843607404187;-8.19377021571526;-10.7267429317852;32.0829570514693;0.0940376297039013;7.09102344042922
4766426060.63318;7.56016890052701;0.00673843607685613;-8.18296888305397;-11.0531044292745;32.091147640733;0.0432762581087171;7.09102342925405
4766426060.94621;7.56016890263588;0.00673843608043346;-8.17153458117688;-10.9420256128968;32.0996875389802;0.054451490632255;7.09102341768389
4766426061.25669;7.56016890478731;0.00673843608440043;-8.15931857262634;-10.8935875042741;32.1088209363256;0.0592045966294788;7.0910234055892
4766426061.55838;7.56016890694027;0.00673843608886602;-8.14652347362907;-10.8296795200669;32.1183816442452;0.0666189230728517;7.0910233931837
4766426061.85435;7.56016890911926;0.00673843609393768;-8.13298710947058;-10.766091884721;32.1284936741764;0.0747800220941956;7.09102338031832
4766426062.14771;7.56016891135232;0.00673843609970219;-8.1185006644618;-10.7066396216177;32.1393145864127;0.0829655226588394;7.09102336680971
4766426062.43624;7.5601689136279;0.00673843610614833;-8.10309740601437;-10.6508907400851;32.1508197525662;0.0910749028350589;7.09102335270275
4766426062.71963;7.56016891594883;0.00673843611328529;-8.08672586646166;-10.5988737769864;32.1630483736749;0.0989029608868519;7.09102333795905
4766426062.99858;7.56016891832705;0.00673843612114039;-8.06926759918462;-10.5503685056893;32.1760898651582;0.106275304920099;7.09102332248053
4766426063.27406;7.56016892077911;0.00673843612976375;-8.05056324426207;-10.5044167738452;32.1900637471734;0.113205703301598;7.09102330613243
4766426063.54705;7.56016892332434;0.00673843613922355;-8.03042656583382;-10.4602731251889;32.2051096674186;0.119695610187018;7.09102328875157
4766426063.81628;7.56016892596252;0.00673843614950709;-8.00881217364648;-10.4179726922577;32.2212624273921;0.125597800339828;7.09102327030026
4766426064.08132;7.56016892870222;0.00673843616062989;-7.98561187889716;-10.377100957087;32.2386034228575;0.13088417555483;7.09102325067996
4766426064.34241;7.56016893156058;0.00673843617264668;-7.9606670923363;-10.3369959553027;32.257251394217;0.135612117073664;7.09102322972769
4766426064.59885;7.56016893454667;0.00673843618557445;-7.93388076652203;-10.2974593373729;32.2772793908316;0.139739231540217;7.09102320733169
4766426064.85209;7.56016893769894;0.00673843619955727;-7.90490972027424;-10.2579384015536;32.2989444315391;0.143271447282449;7.09102318315788
4766426065.10064;7.56016894102324;0.00673843621459999;-7.87371244006105;-10.2180865317554;32.3222775409041;0.146260772670389;7.09102315710301
4766426065.34404;7.56016894454025;0.00673843623078038;-7.84015197826232;-10.1773359992463;32.3473808457394;0.148817875660754;7.09102312894965
4766426065.58226;7.56016894828081;0.00673843624826487;-7.80403790623275;-10.1343221062868;32.3743951742855;0.151327362760137;7.09102309839481
4766426065.81527;7.5601689522823;0.00673843626730113;-7.76515494167691;-10.0877951970202;32.403479934745;0.154152793027937;7.09102306507275
4766426066.04304;7.56016895658994;0.00673843628819845;-7.72326258074959;-10.0374112769479;32.4348147711778;0.157348543026429;7.09102302854401
4766426066.26552;7.56016896125845;0.00673843631135207;-7.6781179383452;-9.98267714694989;32.468580784678;0.161029000481253;7.09102298827804
4766426066.48262;7.56016896635408;0.00673843633723344;-7.62945408597129;-9.92366533164131;32.5049780688986;0.165096790908827;7.09102294363408
4766426066.69424;7.56016897195921;0.0067384363664271;-7.57697239141095;-9.86026884672298;32.5442302246048;0.16950306210816;7.09102289382094
4766426066.90026;7.56016897817588;0.00673843639963866;-7.52035984875234;-9.79262880679875;32.5865722098067;0.174088354884514;7.09102283786476
4766426067.10043;7.56016898512689;0.00673843643769185;-7.45933381907032;-9.72099050639643;32.6322166017292;0.178644597796404;7.09102277459313
4766426067.29448;7.56016899296747;0.00673843648160044;-7.39357991047526;-9.64537864420703;32.6813995286554;0.183021416596817;7.09102270253462
4766426067.48149;7.56016900185551;0.00673843653240343;-7.32305850324701;-9.56597511593184;32.7341513608837;0.187104603753865;7.09102262017489
4766426067.6607;7.56016901198341;0.00673843659135053;-7.24784424868664;-9.48290143375571;32.790416600731;0.190848938753427;7.0910225256737
4766426067.83141;7.56016902357306;0.00673843665988409;-7.16817319808724;-9.39634013802978;32.8500187143518;0.194253423442061;7.09102241690338
4766426067.99312;7.56016903688963;0.00673843673973446;-7.08436432459466;-9.3064798319278;32.912718874645;0.197355054153915;7.09102229132623
4766426068.14823;7.56016905256951;0.00673843683493864;-6.9952927983602;-9.21197945867783;32.9793583930256;0.200242169509742;7.09102214313823
4766426068.30062;7.56016907183005;0.00673843695324179;-6.89828679371317;-9.10995882150051;33.0519361789045;0.203013480880312;7.09102196144857
4766426068.45949;7.56016909785423;0.00673843711491208;-6.78565104328928;-8.99239792981548;33.1362098826172;0.205852405257838;7.09102171875844
4766426068.63342;7.56016913709872;0.00673843736157625;-6.64660093617662;-8.84827361117951;33.2402491029049;0.208925569532493;7.09102136150867
4766426068.82166;7.56016920035689;0.00673843776392175;-6.47360646429467;-8.6701238817663;33.36968874127;0.212243665925587;7.09102080439081
4766426069.01856;7.56016930824827;0.00673843845818601;-6.26124502336212;-8.45270699414096;33.5285869354474;0.215751229679002;7.09101989120814
4766426069.22181;7.56016951237006;0.00673843978656795;-5.99814715096303;-8.18471355983924;33.7254513435945;0.219478185771039;7.09101825248163
4766426069.43085;7.56016996536709;0.00673844276685098;-5.66413537645399;-7.84597321935491;33.9753797381991;0.223525191992522;7.09101487787176
4766426069.64316;7.56017121696046;0.00673845108715226;-5.22949516148655;-7.4068193600276;34.3006034239781;0.228022425907123;7.09100648579239
4766426069.85989;7.56017632086736;0.00673848535670627;-4.62802225574323;-6.80101654764719;34.7506412808344;0.233328898845816;7.09097761345327
4766426070.07866;7.56021860803181;0.00673877198380312;-3.71378872192777;-5.88268004174043;35.4345038836885;0.240179002497656;7.09080081748289
4766426070.3007;7.56260387466879;0.00675508554296818;-1.96888157255983;-4.13386978388873;36.7321512168981;0.251222279659497;7.08539233665977
4766426070.52458;7.60601194284483;0.00705449413676022;-0.712453729047652;-2.87375992601414;37.3567194003306;0.257669214372231;6.87450012483344
4766426070.75055;7.70186014590909;0.00772091663053543;-0.37246915877767;-2.53030348663593;36.4792814927784;0.253636614629546;6.1182471093971
4766426070.9783;7.85290713955551;0.00877906235759143;-0.178331416605983;-2.3328980198139;34.6102636863067;0.242458997348051;4.77238064958462
4766426071.20754;8.05462680818646;0.0102022347803419;-0.0555429446372565;-2.20703367100073;31.8134725716596;0.224450382767325;2.84228279310568
4766426071.43833;8.28950752450572;0.0118704827443426;0.00762832081585166;-2.14095843840452;28.2715707489604;0.200799755212544;0.444133785231375
4766426071.67028;8.50015248402394;0.0133760886526088;-0.0418482994193298;-2.18768806052381;25.6274973921765;0.183175099826675;-1.29777891171976
4766426071.90356;8.67527810223664;0.0146353640007151;-0.12452993928516;-2.26775891910493;25.5830873292073;0.183960242544261;-1.28610605680919
4766426072.13798;8.83192247751479;0.0157682213752079;-0.175086595279176;-2.31582616420541;25.6230230838335;0.185306562114206;-1.23413911197317
4766426072.3733;8.97569666221161;0.0168137169044551;-0.213969294255974;-2.35232802774462;25.6540611278501;0.186550918530748;-1.19395441641153
4766426072.60969;9.1096703634574;0.0177930907319893;-0.246604497850029;-2.38267555959916;25.679721120673;0.187723758693679;-1.16048701283004
4766426072.84674;9.23548551890432;0.0187175000595787;-0.275121081997833;-2.40898972151875;25.7018658097182;0.18884087856156;-1.13142783605753
4766426073.08488;9.35462125911221;0.0195971387567999;-0.300790475469577;-2.43252821630047;25.721611535847;0.189915510008508;-1.10539525143363
4766426073.32355;9.46772270068189;0.0204361983688239;-0.324325121923117;-2.45400044540815;25.7395734509272;0.190952796124106;-1.08162201397385
4766426073.56303;9.57561565889822;0.0212403177140292;-0.346277911932186;-2.4739505023704;25.7562138075985;0.191959420932791;-1.05952280367645
4766426073.80312;9.67873947919688;0.0220123442722394;-0.367003672076766;-2.49273042488009;25.7718253732924;0.192938290921695;-1.03872458850517
4766426074.04381;9.77748462983048;0.022754816485471;-0.38694268766015;-2.51077825934422;25.7866223291023;0.193891552441879;-1.01886411637469
4766426074.2851;9.87199715418678;0.0234684720374161;-0.407058709301545;-2.52905942351844;25.8009684503757;0.19482078703935;-0.999216457342389
4766426074.52691;9.96214503792995;0.0241519571373163;-0.42852186828589;-2.548748352923;25.8155291297551;0.195728715678966;-0.978751966940997
4766426074.76965;10.0477396268115;0.024803480942365;-0.452684222520636;-2.57120024446682;25.831096215775;0.196619603119656;-0.956265541252114
4766426075.01357;10.1284153219206;0.0254198901062474;-0.480505276195016;-2.59737890564948;25.8484991890715;0.197497545589147;-0.930723211153259
4766426075.2598;10.2040678835402;0.026000020400867;-0.512524276572727;-2.62782236945;25.8682482515869;0.198366772495367;-0.901514453886655
4766426075.50917;10.2745007956979;0.0265420016853652;-0.549072883013525;-2.66286423845657;25.8905927698357;0.199228120717337;-0.868306828740499
4766426075.76378;10.3398954075896;0.0270468882700549;-0.590333595405363;-2.70268173080961;25.9157339446782;0.200085389645141;-0.830874640392624
4766426076.02555;10.4003606435719;0.0275152043084778;-0.636411368534193;-2.74737808937743;25.9436436556541;0.200939006053426;-0.789184198597131
4766426076.29613;10.4559149804427;0.0279467912778541;-0.687570539212184;-2.79722018334013;25.9741956791638;0.201786665570892;-0.743187681234731
4766426076.58107;10.5071656516844;0.0283461053894349;-0.745062226626751;-2.8534471262082;26.0077639188116;0.202636704882844;-0.692009672550747
4766426076.88252;10.5538801428827;0.0287110855865646;-0.809755098309079;-2.91693741988609;26.0443275133832;0.203484262508375;-0.635229802720257
4766426077.21257;10.5968805755547;0.0290479468697901;-0.885105018220481;-2.99112674501047;26.0850021299304;0.204347415698231;-0.57037464199894
4766426077.58669;10.6363857674646;0.0293582300302531;-0.976355362513872;-3.08125133198032;26.1310732719095;0.205239656083297;-0.493963555762439
4766426078.05412;10.6735578398085;0.0296509560661741;-1.09950611764352;-3.20326153975198;26.1869999464928;0.206219782854178;-0.395017070922235
4766426078.77077;10.7087782897115;0.0299291053458979;-1.3085116335157;-3.41102859316261;26.2642994371098;0.207419155377552;-0.238862341483611
4766426080.18104;10.7329240015706;0.0301202729254414;-1.76646305389532;-3.86788882621002;26.3653862174134;0.208741291054289;0.0576588863735207
4766426084.97888;10.7390564413764;0.0301687520168764;-2.89341195964774;-4.99549078168141;26.4347560650599;0.208976035139833;0.667482469724987
4766426115.38655;10.7398777128976;0.030175192749333;-4.56849643494599;-6.67404793896498;26.4650927329336;0.20754960733351;1.52528613552602
4766426367.70991;10.7399816185642;0.0301759997848874;-6.38531821540625;-8.49506478023874;26.4947682572976;0.205784926659418;2.45351513692138
4766428432.75783;10.7399953303726;0.0301761051749151;-8.17783539919894;-10.2921306167251;26.5259161677584;0.203880258343248;3.37057494596392
4766444871.61578;10.739997247953;0.0301761196985389;-9.93311806667342;-12.0537966513124;26.5642161349671;0.201195572998188;4.27379221955228
4766517083.54174;10.7399976550068;0.030176122724992;-11.2489570935166;-13.3776749883169;26.6051059558728;0.197809478532513;4.95901457571655
4766775269.33767;10.7399977697749;0.0301761235585668;-12.3521112847638;-14.4909877764801;26.6537138240872;0.193589250650958;5.54304748418109
4767548001.06148;10.739997809521;0.0301761238395171;-13.2887341329417;-15.4393992630568;26.7115187082517;0.188813677415585;6.04995743539399
4769631988.18818;10.7399978258555;0.030176123951454;-14.1057886082616;-16.26992153723;26.7825957655582;0.183535355563592;6.50594912216636
4775086970.66777;10.7399978336663;0.0301761240030941;-14.8440995172203;-17.0238064172939;26.8761150621429;0.177688610663495;6.9375617159235
4791601877.00515;10.7399978380717;0.0301761240309186;-15.5738925446148;-17.7734485902845;27.0236226631266;0.170681921123119;7.40098287752441
4849480124.19639;10.739997841328;0.0301761240502957;-16.2497905496067;-18.4752265832017;27.2937217943627;0.162415220797079;7.91936063875274
4965704769.87883;10.7399978444033;0.0301761240677583;-16.5773986162955;-18.8231891586147;27.6174853930221;0.156817162259472;8.29946076795618
5136364145.8381;10.7399978481771;0.0301761240884531;-16.6553533515389;-18.9162688881294;27.9612835293603;0.153335095039387;8.56812893950229
5354557050.37105;10.7399978540038;0.030176124119619;-16.5734214048562;-18.8451609431016;28.3239606276597;0.151500631729376;8.7694739516484
5602579341.7549;10.7399978644835;0.0301761241746829;-16.3741425819525;-18.6536235428881;28.7018081816886;0.150809359937008;8.92228574191263
5866802284.80505;10.7399978862862;0.0301761242882479;-16.0834590058158;-18.3667263005831;29.0978266594927;0.151563022549862;9.04154092711427
6136180218.95761;10.7399979384781;0.030176124560518;-15.712758693906;-17.9953620685761;29.5175656820984;0.153984555471382;9.13664206594784
6400407314.29184;10.739998080828;0.0301761253146482;-15.2686204800979;-17.5445309950384;29.9645646007839;0.158744050171722;9.21324571111772
6656320928.32667;10.7399985474939;0.0301761278735644;-14.7390872953192;-17.0000373225466;30.455370811157;0.166998997633655;9.27643376213177
6900465969.63362;10.740000516808;0.030176139368239;-14.0933329170218;-16.3271512292649;31.017502305235;0.181045823622604;9.3291887995625
7133650743.49134;10.7400141605124;0.0301762282043544;-13.2327678871189;-15.4191106292808;31.7286753415562;0.206589953889296;9.37416867885123
7355034153.14425;10.7404316450883;0.0301795960801803;-11.7245046370252;-13.8177890013665;32.913632609629;0.26551646218747;9.41202347368122
7565898190.74657;10.8207934679264;0.0310049923759069;-9.41895273884596;-11.407340002599;34.2476935700294;0.351758066349755;9.15105709714594
7766838253.40648;10.9393002802983;0.031686553334289;-9.22932321684081;-11.4695618284189;33.0316493359753;0.189972897994471;8.24291346632756
7959740069.60408;11.0490859056878;0.0318681148310659;-9.24479083644411;-12.0263125622357;32.478379844088;0.0537121616464793;7.88065034281107
8145300798.5083;11.1570659172446;0.0318996808211338;-9.23514270019301;-12.769266654278;32.4318874520965;0.00948087171352739;7.84473415956599
8322438516.04782;11.2654859054776;0.0318469268772508;-9.21320168858309;-12.5260561113694;32.4168084604129;-0.0157730555246975;7.82369032237886
8490284730.75227;11.3735657887802;0.0317259042065569;-9.19116668432108;-12.1420448188244;32.4001854661373;-0.0362801740367123;7.80157714331037
8648310920.12498;11.4805268071766;0.0315507264571292;-9.16950353842365;-11.9552501251951;32.3841292531283;-0.0530378166251084;7.7800329794435
8797730116.31541;11.587305518197;0.0313310986867912;-9.14592172179988;-11.83271914313;32.3676128416776;-0.0665753179790714;7.75722326773494
8937569090.47307;11.69245944559;0.0310805350375401;-9.12380273158301;-11.7467101638068;32.3497511213376;-0.0770838702299131;7.73424500576122
9067677337.93075;11.7933553458587;0.030815882991645;-9.11043130722725;-11.6916295713559;32.334593059583;-0.0848143104290126;7.71744433406233
9189144051.83853;11.8888136734111;0.0305494642619694;-9.10464346131096;-11.6588925292991;32.3266659581711;-0.090221874822729;7.70926365626012
9304208428.03393;11.9816466957034;0.0302796988382133;-9.09323839767416;-11.6299546026246;32.3229627570419;-0.0939279744415809;7.7010938401118
9411500979.11847;12.0747731014911;0.0300020295442523;-9.06149672990272;-11.5870417156102;32.3133440368622;-0.0963467165767412;7.67880103999196
9506827741.7757;12.1692821513465;0.0297169064322607;-9.00374144740461;-11.5241824219096;32.2884255851753;-0.0974105273329539;7.63327643504788
9582723518.32017;12.2601001854083;0.029445308851525;-8.92204551241365;-11.4462917117731;32.2488347840215;-0.0964423597072003;7.56597425158852
9632296290.28078;12.3354734844948;0.02922868233173;-8.81802567928666;-11.3595315813986;32.2060676729929;-0.0925618016039921;7.48538228302718
9656105038.45331;12.3818037480591;0.0291075520628046;-8.71087179063629;-11.2934838800529;32.1760789677659;-0.0841242159764835;7.41175328378895
9662986677.23206;12.3970542975634;0.0290775599092615;-8.65440638014893;-11.3606842217467;32.167080042432;-0.0632606715841115;7.37747639600365
9663859240.63416;12.3990362242823;0.0290760269438489;-8.64370940088528;-11.7552646372049;32.1672758779087;-0.0248804967749934;7.37222397491062
9663916925.66392;12.3991678643277;0.0290760760285842;-8.64167509760107;-12.0701166678623;32.1682647117001;0.0119946081226151;7.3718626229346
9663921211.19699;12.3991776760088;0.0290760904812435;-8.64026142353284;-11.4720570845549;32.1692495206323;0.0473854782600202;7.37183538476243
9663921664.1549;12.3991787164335;0.029076093214115;-8.63884721458959;-11.2194386465866;32.1702281555173;0.0845011674265131;7.37183246923019
9663921719.54663;12.3991788441136;0.0290760937126209;-8.63732169645156;-11.0457745640502;32.1712363507437;0.125607300981082;7.37183210807431
9663921728.28726;12.399178864341;0.0290760938229148;-8.63560184272242;-10.8989914062603;32.1722925934612;0.175425388192375;7.37183205024699
9663921731.60546;12.3991788720574;0.0290760938825447;-8.63348815257698;-10.7454387065147;32.1733968207672;0.248625896183107;7.37183202790953
9663921733.69734;12.3991788769493;0.0290760939375534;-8.63106033985831;-10.5801049408726;32.1741510000009;0.361794945086054;7.37183201354557
9663921735.2102;12.3991788805091;0.0290760939998957;-8.62837330130018;-10.3850165785727;32.1732918040406;0.563445896925322;7.37183200292802
9663921736.38072;12.3991788832823;0.0290760940592645;-8.62539735458803;-10.2948202426848;32.173105133902;0.688763445723464;7.37183199451491
9663921737.35868;12.3991788856175;0.0290760941000305;-8.6220015833756;-10.3800254331641;32.1780902096589;0.561741377736349;7.37183198730092
9663921738.18253;12.3991788876013;0.0290760941171679;-8.61834306598566;-10.6818978051121;32.1844926081102;0.278030171566618;7.37183198105202
9663921738.90309;12.3991788893521;0.0290760941165611;-8.6144418934649;-12.0746504410171;32.188598842428;-0.011155615187198;7.37183197542371
9663921739.56108;12.3991788909666;0.0290760941097547;-8.61016919562589;-10.9852948049651;32.1915150066991;-0.135711236263068;7.37183197012114
9663921740.15344;12.3991788924355;0.029076094103468;-8.6056084285518;-10.9741683107471;32.1949192804635;-0.13779309605888;7.37183196518676
9663921740.68475;12.3991788937674;0.0290760940978128;-8.6008581471992;-10.9728969629592;32.1984787070309;-0.136708820768813;7.37183196060741
9663921741.18676;12.3991788950409;0.029076094092553;-8.5957335770351;-10.9797459386559;32.2023290014322;-0.133007129596295;7.37183195612518
9663921741.65232;12.3991788962365;0.0290760940878439;-8.59037956327697;-10.9950359291096;32.2063602466193;-0.126848483825496;7.37183195181363
9663921742.0929;12.3991788973828;0.0290760940836405;-8.58473616953591;-11.0204286640245;32.210616323299;-0.118115404143236;7.37183194757776
9663921742.51015;12.3991788984832;0.0290760940799753;-8.57882430757972;-11.0562939071134;32.2150778952199;-0.107297495827575;7.37183194340944
9663921742.91041;12.3991788995541;0.0290760940768168;-8.57258469569286;-11.1028551082327;32.2197854009301;-0.095028140461364;7.3718319392505
9663921743.29061;12.3991789005867;0.0290760940741846;-8.56609451030233;-11.15968827193;32.2246773342394;-0.0821475879114596;7.3718319351381
9663921743.66072;12.399178901608;0.0290760940719988;-8.55919412954537;-11.2287285460064;32.2298717365839;-0.0689801541764688;7.37183193096657
9663921744.02036;12.3991789026172;0.0290760940702433;-8.55188358195192;-11.3114751823394;32.2353673051451;-0.0560713513227424;7.37183192673675
9663921744.36572;12.3991789036035;0.0290760940689002;-8.54424981173779;-11.410169881805;32.2410986405131;-0.0439025516233075;7.37183192249387
9663921744.70284;12.3991789045844;0.0290760940679131;-8.53616167628176;-11.5334270990492;32.2471647368499;-0.0324508527278214;7.37183191816306
9663921745.03077;12.3991789055575;0.0290760940672524;-8.52762991572238;-11.6957510308298;32.2535581921258;-0.0219006254380678;7.37183191375204
9663921745.35003;12.3991789065247;0.0290760940668832;-8.51863830254555;-11.9369172760496;32.2602920046931;-0.0123137213209101;7.37183190925026
9663921745.66218;12.3991789074912;0.0290760940667845;-8.50916113882377;-12.5000993590269;32.2673862998247;-0.00329477352982624;7.3718319046301
9663921745.96857;12.3991789084618;0.029076094066958;-8.49920218978246;-12.2470264690021;32.2748386304253;0.00576819322774994;7.37183189986477
9663921746.26914;12.3991789094372;0.0290760940674123;-8.48879566967044;-11.8206164937369;32.2826232836091;0.0150365427776408;7.37183189494727
9663921746.56323;12.3991789104155;0.0290760940681577;-8.47801437665115;-11.5961149885627;32.2906855391505;0.0246023534430508;7.37183188988313
9663921746.85052;12.3991789113959;0.0290760940691986;-8.46690605541606;-11.4409024466005;32.2989895913647;0.0342919787027707;7.37183188467434
9663921747.1358;12.3991789123958;0.0290760940705655;-8.45530940800008;-11.3195324256342;32.3076559569636;0.0441654268145623;7.37183187922571
9663921747.41673;12.399178913408;0.0290760940722534;-8.44331909826286;-11.2212546018405;32.3166141857857;0.0538877871205952;7.37183187356964
9663921747.69118;12.3991789144253;0.0290760940742388;-8.43102227655849;-11.1405995878875;32.3257999091726;0.0630916621536091;7.37183186774395
9663921747.96435;12.3991789154683;0.029076094076553;-8.41816163993511;-11.0720435433424;32.3354061864488;0.0717457892329929;7.37183186162678
9663921748.23439;12.3991789165316;0.0290760940791719;-8.40478594178052;-11.0133205655358;32.345397419542;0.0796668907545012;7.37183185524161
9663921748.50162;12.3991789176181;0.0290760940820878;-8.39084582594844;-10.9620900120558;32.3558111237691;0.0868376586768016;7.3718318485638
9663921748.76636;12.3991789187312;0.0290760940852971;-8.37628632183653;-10.9164233234367;32.3666887618912;0.0933171077840704;7.37183184156449
9663921749.02726;12.399178919867;0.0290760940887764;-8.36114505838558;-10.8749774592952;32.3780023636074;0.0991785260097894;7.37183183425958
9663921749.2866;12.3991789210382;0.0290760940925579;-8.3452398581539;-10.8362055021715;32.3898880911836;0.104578835956;7.37183182655984
9663921749.54426;12.3991789222476;0.0290760940966486;-8.3285123213673;-10.7992585301238;32.4023895848638;0.109605117158443;7.37183181843509
9663921749.80121;12.3991789235036;0.0290760941010795;-8.31082219338898;-10.7633405238382;32.4156116529887;0.114349926635136;7.37183180981423
9663921750.05424;12.3991789247944;0.0290760941058088;-8.2923143800156;-10.7283804282976;32.4294459707292;0.118815604223038;7.37183180076483
9663921750.30576;12.3991789261367;0.0290760941109014;-8.27273325704962;-10.6936341609728;32.4440836052107;0.123093354738563;7.37183179115834
9663921750.55519;12.3991789275328;0.0290760941163728;-8.25202110432899;-10.6588479580971;32.4595677276306;0.127208425764246;7.37183178096116
9663921750.80366;12.3991789289961;0.0290760941222843;-8.22996180168803;-10.6235773029416;32.4760599592045;0.131204228931046;7.37183177005899
9663921751.05079;12.3991789305324;0.0290760941286716;-8.20644452825966;-10.5876185683134;32.4936432377596;0.13509036272646;7.37183175838612
9663921751.30124;12.399178932184;0.0290760941357298;-8.1808137014618;-10.550016285649;32.5128078636628;0.138947869909668;7.37183174559974
9663921751.54982;12.3991789339303;0.0290760941433895;-8.15335996553114;-10.51126082354;32.5333366751927;0.142701240862142;7.37183173182024
9663921751.79598;12.3991789357808;0.0290760941517081;-8.12393502085261;-10.4711748700781;32.5553407070409;0.146346518602151;7.3718317169441
9663921752.04066;12.3991789377596;0.0290760941608132;-8.0921774922191;-10.4293145906135;32.5790903565517;0.149900076945067;7.37183170074979
9663921752.28364;12.3991789398865;0.0290760941708171;-8.0578151134565;-10.3853829834252;32.6047894120064;0.153360504859413;7.37183168304255
9663921752.52479;12.3991789421868;0.0290760941818648;-8.02051013679653;-10.3390154411332;32.6326906553658;0.156728356582671;7.37183166357476
9663921752.76281;12.3991789446788;0.029076094194071;-7.98007917374297;-10.2900441775265;32.6629314269722;0.15998901159186;7.3718316421496
9663921752.99535;12.3991789473698;0.0290760942074967;-7.93655872719483;-10.238549724329;32.695484574469;0.163116081981177;7.37183161865992
9663921753.22166;12.3991789502871;0.0290760942223017;-7.88974941360223;-10.1843114901306;32.7304993537912;0.166108002086346;7.37183159283595
9663921753.44142;12.399178953468;0.0290760942387045;-7.83937133899496;-10.1270150539257;32.7681852366482;0.168969638557244;7.37183156431391
9663921753.65414;12.3991789569568;0.0290760942569628;-7.7851545408057;-10.0663596658792;32.8087442605849;0.17170560939219;7.37183153266798
9663921753.85928;12.3991789608043;0.0290760942773783;-7.72686144127575;-10.0020815073379;32.8523542293521;0.174319684367957;7.37183149740869
9663921754.05607;12.3991789650671;0.0290760943002886;-7.66431394925065;-9.933981823015;32.899148435558;0.176814054500206;7.37183145799244
9663921754.24345;12.3991789698004;0.0290760943260297;-7.5975487284329;-9.86208721878946;32.9490994818979;0.179186406183915;7.37183141388199
9663921754.42013;12.3991789750508;0.029076094354894;-7.527008357147;-9.78683872520814;33.001876229191;0.181429650146607;7.37183136460412
9663921754.58578;12.3991789808861;0.0290760943872935;-7.45312615383224;-9.70864760841058;33.0571544179051;0.18354561434976;7.37183130948878
9663921754.74194;12.3991789874614;0.0290760944241376;-7.3756551190414;-9.62720292639792;33.1151187830833;0.18555749878567;7.37183124708513
9663921754.89184;12.3991789950918;0.0290760944672634;-7.29325907413083;-9.54107089052938;33.1767690258068;0.187509066994834;7.37183117450577
9663921755.04086;12.3991790044359;0.0290760945205188;-7.20269943482195;-9.4468733796115;33.2445283431548;0.189472519860111;7.37183108583784
9663921755.20083;12.3991790172926;0.0290760945944407;-7.09489876704038;-9.3352532043403;33.325188910946;0.191610005208904;7.37183096544981
9663921755.37726;12.3991790365692;0.0290760947063295;-6.96154511613462;-9.19778975798902;33.4249704362144;0.194011015982616;7.37183078905911
9663921755.56794;12.3991790669978;0.0290760948847155;-6.79703134301616;-9.02895199836471;33.5480689654583;0.196673964284774;7.3718305187994
9663921755.76645;12.3991791171171;0.0290760951815139;-6.59777962420374;-8.82532330352907;33.697162146488;0.199549042559254;7.37183008870964
9663921755.97231;12.39917920857;0.0290760957286112;-6.35236266648761;-8.57549563435579;33.880801099687;0.202684576876388;7.37182934046377
9663921756.18587;12.3991794024969;0.029076096900668;-6.04189755230531;-8.26058697602832;34.1131157410074;0.206173082455748;7.37182785899847
9663921756.40273;12.399179893993;0.0290760999012801;-5.64463991451376;-7.85895013945152;34.410376347985;0.21007733413118;7.37182443156091
9663921756.62276;12.399181588351;0.0290761103486401;-5.11347637562149;-7.32347500233053;34.8078316648777;0.214624028967703;7.37181413883144
9663921756.84687;12.3991916990476;0.0290761733053323;-4.34569057049342;-6.55142974346352;35.3822997310954;0.220316429255525;7.37176550031761
9663921757.07419;12.3994002479996;0.029077484467786;-3.03743638348438;-5.23898789107323;36.3603694090242;0.228600291193281;7.37115241150958
9663921757.30251;12.4222976433428;0.0292227989084002;-0.998741778295408;-3.19621908653505;37.7911622531714;0.239835209230853;7.30780745297367
9663921757.53248;12.5131403471333;0.0298046149059359;-0.403393699268276;-2.59689809272275;37.318018125809;0.239008957637528;6.69400720478154
9663921757.76461;12.6794400033351;0.0308792613639064;-0.144843583258279;-2.33446932304907;35.4190795576823;0.22888194275661;5.2959476110604
9663921757.99838;12.9184504036309;0.0324372514242992;0.00963087757826978;-2.17622123901643;32.2153038766658;0.209995561575049;3.07808224469898
9663921758.23264;13.2035274631883;0.0343112072392313;0.0852737033657671;-2.09692922056873;27.9629987687115;0.183814945428849;0.199045477177444
9663921758.46786;13.4442265802542;0.0359063631368197;0.0100038554396354;-2.16866750787177;25.4991297943591;0.168987272453149;-1.40952581907797
9663921758.7043;13.6479351063532;0.037267037774824;-0.0647164572282005;-2.2399713738193;25.5395055062508;0.170591570588642;-1.34518239601843
9663921758.94181;13.8295945781459;0.038489683746442;-0.116432073318011;-2.28838939910426;25.5808723870227;0.172170216426489;-1.29167912307875
9663921759.17952;13.9948061307808;0.0396097633361594;-0.157998325841707;-2.32678985498466;25.6132671289698;0.173649465062088;-1.24924549048092
9663921759.41766;14.1472493803939;0.0406505316416732;-0.193724344971011;-2.35947848477121;25.6407250793969;0.175055662095663;-1.21303068179394
9663921759.65654;14.2893317673332;0.0416270914837386;-0.225636364507153;-2.38847774768488;25.665017734277;0.176400651798596;-1.18083794085307
9663921759.89613;14.4225697897711;0.0425487598240947;-0.254850321577223;-2.41490383013207;25.6870912748474;0.177689358868214;-1.15147710852552
9663921760.13617;14.547935942768;0.0434213023437334;-0.282099552118119;-2.43949325172884;25.707507592461;0.178923041922794;-1.12420609853895
9663921760.37932;14.6674240714531;0.0442578453449064;-0.308547377530802;-2.46338386709128;25.7269724856511;0.180115958054371;-1.0979716233572
9663921760.6305;14.783346779346;0.0450741021594742;-0.335824256032492;-2.48816595347162;25.7464733670698;0.181290919777039;-1.07129863152445
9663921760.89098;14.8955931355774;0.0458688995502783;-0.365603599916457;-2.51551941892798;25.7669299891789;0.182451256432955;-1.04273588954314
9663921761.16222;15.0036487298905;0.0466381736398835;-0.399694638715293;-2.54726079010347;25.7895407521323;0.183602020881352;-1.01057807492644
9663921761.44692;15.1070257515039;0.0473780003402909;-0.439969871156812;-2.58526388576056;25.8155354563246;0.18475113828819;-0.973067237926494
9663921761.74974;15.2053890480302;0.0480855218091951;-0.488346304002459;-2.63143975661486;25.8462244608885;0.185910388752567;-0.928369332931915
9663921762.07789;15.2985207383825;0.0487587199185063;-0.546984749571997;-2.68793934751809;25.8828841238227;0.187093228843629;-0.874551120405946
9663921762.44739;15.3871089327633;0.0494021958564727;-0.620228692845561;-2.75907223115139;25.9276845804838;0.188330299215734;-0.807990783873878
9663921762.89067;15.4720509167599;0.0500222289654771;-0.717555017756883;-2.85426253747208;25.9850101727766;0.18967730546059;-0.721020311862839
9663921763.51427;15.555836928201;0.0506371102568721;-0.871734594058964;-3.00611483152593;26.0689545349814;0.191312513319135;-0.587837055467047
9663921764.65569;15.6260699872271;0.0511555392383138;-1.21090766054534;-3.34275997356636;26.2146699502439;0.193504950938781;-0.320883337212237
9663921767.60657;15.6440509931508;0.0512885322440525;-2.21513701083222;-4.34612219343902;26.3814571512702;0.195125305959883;0.292675227841405
9663921783.25706;15.6457036909137;0.051300669180467;-3.97633438895016;-6.11041875150316;26.4296396571722;0.194091662238519;1.20546151155284
9663921904.41608;15.6458999301921;0.0513020975674444;-5.79056982534821;-7.92850988158915;26.459397798078;0.192592734470899;2.1324544698369
9663922894.28593;15.6459255870071;0.0513022823087541;-7.58637535200767;-9.7290140774044;26.4898853439276;0.190739813276726;3.05071817308233
9663931373.07868;15.6459289532616;0.051302306214337;-9.4011870721242;-11.5498346822869;26.5260983320884;0.188376084261505;3.98230809201597
9663976390.00284;15.6459295780084;0.0513023105711665;-10.8576718342794;-13.0142052501276;26.5661867236612;0.18526603413441;4.7373203058007
9664144519.69536;15.6459297394453;0.0513023116712433;-12.0176416077172;-14.1842214279016;26.6118650189279;0.181340785150296;5.34780638241401
9664682191.96132;15.645929791873;0.0513023120186639;-13.0109562874133;-15.1896620512146;26.6666557976925;0.176710677301075;5.8810506003068
9666171085.20323;15.6459298122017;0.0513023121491381;-13.8647542039211;-16.0573388363323;26.7326924260185;0.171576604627935;6.35204862371629
9670080848.77618;15.6459298214344;0.0513023122062472;-14.6268242676507;-16.8354454771684;26.8171891896882;0.165879243603606;6.78951500077581
9681000485.14421;15.645929826321;0.0513023122351463;-15.3492004891298;-17.577324212307;26.9395867679765;0.159318865999753;7.23245485192681
9719506134.90678;15.6459298295552;0.0513023122531341;-16.0757505320062;-18.3305455865292;27.1629755876929;0.151071412138737;7.74495250047543
9816194323.28031;15.6459298324206;0.0513023122681708;-16.5281868800469;-18.8082198749088;27.4794910932946;0.14420346324161;8.18262154581482
9967276576.53825;15.6459298355845;0.0513023122840953;-16.6789918127036;-18.9771498696511;27.8146636155853;0.139996041265055;8.48195080962398
10168421338.2639;15.6459298401006;0.0513023123061586;-16.6487455223665;-18.9598367378398;28.167945557899;0.137614424162917;8.70286071923563
10408545898.7223;15.6459298479151;0.0513023123435231;-16.4875360853296;-18.8079781007945;28.5416479138733;0.136469948912127;8.87193699185969
10666648787.1966;15.6459298631205;0.0513023124153882;-16.2297957262338;-18.5552745761125;28.9279676971632;0.136722211315827;9.00118252404818
10933807543.3841;15.6459298975158;0.0513023125778048;-15.8902702691693;-18.2161390205011;29.3355763423929;0.138524271118855;9.10376427360376
11202133603.9382;15.6459299879466;0.0513023130107944;-15.472346305664;-17.7921854331394;29.7729116094393;0.142554910115859;9.1870152558365
11459255810.8123;15.6459302552211;0.0513023143334118;-14.9831820528377;-17.2887053451025;30.2394127543958;0.149640813566162;9.25414289218113
11703385138.5623;15.6459312191362;0.0513023193969937;-14.4035812018434;-16.6831621191035;30.7559622838193;0.161565415710577;9.30950845552703
11938388153.9989;15.645936301745;0.0513023490004744;-13.6649867450266;-15.8997306565986;31.3794281047353;0.182768401149039;9.35684842661659
12163711691.5953;15.64599644088;0.0513027725355862;-12.573649383819;-14.725917141154;32.2569479478472;0.227172373761006;9.39766762540246
12378429891.0884;15.6673865135738;0.0515109466267057;-10.001656596237;-12.0134421795328;34.1895276470217;0.332741919375944;9.40342781700148
12585631182.8927;15.7797711086286;0.052257285597804;-9.26568567364125;-11.443456339221;33.6090443739895;0.223195533030576;8.64701813903973
12784376372.4081;15.8951215514039;0.0524607612269011;-9.23627735976011;-11.9897842257815;32.591650685806;0.0574909507675363;7.95208907813816
12974346947.5349;16.0041443660599;0.0524658949799065;-9.24116894746061;-13.568251367428;32.4397988603798;0.00152755104900919;7.85304245530346
13153977169.8578;16.1118830967559;0.052382018876538;-9.22200755272842;-12.3307411611618;32.4229204002377;-0.0252416953998752;7.83219097711497
13324830380.761;16.2197486166869;0.0522269688752821;-9.19974050386692;-12.0421513709663;32.406779533019;-0.046582737565362;7.81028865642919
13486874587.0079;16.3273528237811;0.0520141628853521;-9.17780425616786;-11.8816496597703;32.3903139219614;-0.0640574658226136;7.78833886462908
13640351734.2626;16.4348731458616;0.051754548987022;-9.1545531615299;-11.7717157796458;32.3737878943667;-0.0781683417268411;7.76569205288092
13783808867.6676;16.540860272397;0.0514624183167313;-9.1314690304479;-11.6911449932202;32.3561284615228;-0.0891826942050115;7.74236979387756
13916251819.1018;16.6425257972668;0.0511564069221555;-9.11485514312337;-11.6362912521728;32.3398682175801;-0.0973424195305016;7.7232142487407
14039210347.4902;16.7388795316071;0.050849351777312;-9.10589010564866;-11.6025422781579;32.3293128478263;-0.10302539810354;7.71169088835128
14155657292.1543;16.8323421013407;0.0505405836900275;-9.09549038031055;-11.5764956905066;32.3234886924988;-0.106785655545265;7.70260773474752
14266712650.4645;16.9265491726102;0.0502221108283299;-9.07145601510504;-11.5424670873272;32.3148689266851;-0.109242423565164;7.68483675814509
14370923859.384;17.0242050269278;0.049887246189452;-9.02821615034395;-11.4930451448105;32.2947331889388;-0.110739537762919;7.64976667434692
14458517840.3944;17.1177172899401;0.0495664924009181;-8.97160569767861;-11.4363024701214;32.2635518193974;-0.11066630348011;7.60062771507879
14516605209.5457;17.1891536814051;0.0493295918475036;-8.91016219868754;-11.3895156319247;32.2342867674741;-0.106896782123796;7.55034435627189
14540316933.4572;17.2215633296507;0.0492329054179589;-8.86428881211136;-11.3895976067866;32.2207081051594;-0.0961227718512718;7.51831274174589
14545742881.3638;17.2292788252386;0.0492167561968393;-8.84711179261975;-11.5263240388128;32.2189901642762;-0.0674372229861638;7.5085282451841
14546226854.5619;17.2299721571723;0.0492162376172592;-8.84388010810422;-11.9700058998342;32.2200179547607;-0.0240990535303154;7.50755839791236
14546256388.8709;17.2300146070224;0.0492162572613012;-8.84245065192281;-12.177095959595;32.2210015495606;0.0149105522217411;7.50749717506238
14546258861.5942;17.2300181728038;0.0492162633897683;-8.84102081905384;-11.6058236674499;32.2220200002679;0.0553796127415255;7.50749192629149
14546259080.468;17.2300184895221;0.0492162643513193;-8.83952047503323;-11.3572213565781;32.2230421607909;0.097828559340557;7.5074914502092
14546259102.9522;17.2300185221803;0.0492162644984686;-8.8378864884858;-11.1841202012675;32.2240880667841;0.145193415960752;7.50749140002127
14546259107.7359;17.2300185291593;0.0492162645438157;-8.83596460151306;-11.023210273941;32.2251766860174;0.209386961527399;7.50749138901761
14546259110.2234;17.2300185328071;0.0492162645789205;-8.8337432456792;-10.8504005436341;32.2260351605949;0.310134141452202;7.50749138310017
14546259111.9763;17.2300185353924;0.0492162646184415;-8.83122475669864;-10.6469200045584;32.2256701222659;0.492613953520134;7.50749137877603
14546259113.293;17.2300185373472;0.049216264653237;-8.82841959274791;-10.57799213795;32.2264426857123;0.573640523386958;7.50749137539685
14546259114.3437;17.2300185389181;0.0492162646739224;-8.82530647080955;-10.705782578347;32.2310598310893;0.424422577812292;7.50749137258511
14546259115.2441;17.2300185402751;0.0492162646802066;-8.82185121676209;-11.1561846813928;32.2360694908814;0.149282403471984;7.50749137006578
14546259116.0261;17.2300185414638;0.0492162646772408;-8.81813771319456;-11.4210771442354;32.2390912931541;-0.0804346841970262;7.50749136777244
14546259116.7166;17.2300185425231;0.0492162646722625;-8.81416733019396;-11.142095789578;32.2418093387822;-0.1515273213814;7.50749136564659
14546259117.3405;17.2300185434895;0.0492162646678307;-8.80992308442517;-11.1485009351898;32.2450023108478;-0.14787152835492;7.50749136362755
14546259117.9364;17.2300185444227;0.0492162646637143;-8.80521945188929;-11.1606970081167;32.2485473212976;-0.142243555659205;7.50749136159553
14546259118.4777;17.23001854528;0.0492162646601581;-8.80034514237772;-11.1824570938471;32.2522307748627;-0.133797440986397;7.50749135964822
14546259118.9632;17.2300185460575;0.0492162646571889;-8.79544011029732;-11.2135082061896;32.2559433014979;-0.123180411663134;7.50749135780772
14546259119.433;17.2300185468192;0.049216264654578;-8.79015866404919;-11.2551503777525;32.2599408416719;-0.11057879497677;7.50749135593069
14546259119.8708;17.2300185475379;0.0492162646524097;-8.78471698014056;-11.305162960238;32.2640553328488;-0.0973358831579533;7.50749135408649
14546259120.2895;17.2300185482343;0.0492162646506003;-8.77899577832651;-11.3642934614846;32.2683742460495;-0.0838454311030901;7.50749135222719
14546259120.6918;17.2300185489128;0.0492162646491157;-8.77296793235833;-11.4329437697602;32.2729164915763;-0.0706093765381318;7.5074913503421
14546259121.0903;17.2300185495952;0.0492162646478968;-8.76643239777822;-11.5144449102899;32.277832769816;-0.0576622858472993;7.50749134836929
14546259121.4677;17.2300185502516;0.0492162646469651;-8.75967112820169;-11.6076179913654;32.2829112976739;-0.0458169135510575;7.50749134639314
14546259121.833;17.2300185508973;0.0492162646462673;-8.75254637586093;-11.7188554740734;32.2882565540771;-0.0348927739688595;7.50749134437084
14546259122.1876;17.2300185515352;0.0492162646457753;-8.74502696660623;-11.8577515313485;32.2938927792829;-0.0249112680171976;7.50749134229254
14546259122.5322;17.2300185521664;0.0492162646454641;-8.7370983610975;-12.0442887511832;32.2998316963887;-0.0159224491020776;7.5074913401533
14546259122.864;17.2300185527859;0.0492162646453113;-8.7288292486318;-12.3366481872854;32.3060227138365;-0.0079701144053109;7.50749133797043
14546259123.1898;17.2300185534067;0.0492162646453007;-8.72007246658167;-13.4890644053088;32.3125767306908;-0.000550021483378833;7.5074913356974
14546259123.5137;17.2300185540371;0.0492162646454382;-8.71075390086234;-12.3721350092001;32.3195494278295;0.00704829688989564;7.50749133329816
14546259123.8321;17.2300185546711;0.0492162646457317;-8.7009969402221;-12.035459244391;32.3268482809249;0.0149658387224878;7.50749133079143
14546259124.1407;17.2300185552996;0.0492162646461828;-8.6909910458102;-11.8350866211984;32.3343312766273;0.0232042912613471;7.5074913282108
14546259124.4448;17.230018555934;0.0492162646468051;-8.68060103522371;-11.6889301699013;32.3420993710223;0.0317277352161773;7.50749132550971
14546259124.7434;17.2300185565726;0.0492162646476027;-8.66989364068499;-11.5733161863435;32.3501025649181;0.0404066751621517;7.50749132269297
14546259125.033;17.2300185572077;0.0492162646485625;-8.65901254105766;-11.4797258461305;32.3582337340805;0.048895793977277;7.50749131979327
14546259125.3257;17.2300185578669;0.0492162646497284;-8.64748547796919;-11.3998046679487;32.3668463408486;0.0572507520617644;7.50749131668307
14546259125.6191;17.230018558546;0.0492162646510954;-8.63535853733164;-11.3315311794478;32.3759066040216;0.0651702364113423;7.50749131337138
14546259125.903;17.2300185592223;0.0492162646526049;-8.62302659894042;-11.2743429685589;32.3851201615309;0.072281830644178;7.50749130996505
14546259126.1783;17.2300185598975;0.0492162646542435;-8.6104603552898;-11.2254070295886;32.3945093932755;0.0786184962528498;7.50749130645705
14546259126.4536;17.2300185605933;0.0492162646560566;-8.59725014567595;-11.1812989440881;32.4043806432084;0.0844413030801237;7.50749130273279
14546259126.7303;17.2300185613158;0.0492162646580596;-8.58325920022494;-11.1404171487713;32.4148362246555;0.0898640284012935;7.5074912987504
14546259127.0082;17.2300185620665;0.0492162646602581;-8.56843353790562;-11.1017455492199;32.4259164957617;0.0949686465420374;7.50749129449005
14546259127.2786;17.2300185628229;0.0492162646625828;-8.55319459565342;-11.065602215533;32.4373064349043;0.0996866872039976;7.5074912900706
14546259127.548;17.2300185636051;0.0492162646650947;-8.53713229170866;-11.0304447640724;32.4493124941154;0.104206072424172;7.50749128537158
14546259127.8104;17.2300185643964;0.0492162646677392;-8.52056505718467;-10.9965969583879;32.4616966238382;0.108477411498775;7.50749128048461
14546259128.0713;17.2300185652156;0.0492162646705801;-8.50309703749302;-10.9629908161797;32.4747547147378;0.112629485648001;7.50749127529083
14546259128.3314;17.2300185660677;0.049216264673641;-8.48459477474467;-10.9292689875284;32.488586565117;0.116696170570029;7.5074912697457
14546259128.5917;17.2300185669602;0.0492162646769553;-8.46487773542556;-10.8950766445476;32.5033272043192;0.120706014550827;7.50749126378859
14546259128.8503;17.2300185678907;0.0492162646805216;-8.44396834859903;-10.8604593770656;32.5189599550803;0.124636607323674;7.50749125741901
14546259129.1093;17.2300185688718;0.0492162646843973;-8.42156430743607;-10.8249527012167;32.5357109504793;0.128520352288604;7.50749125053562
14546259129.3652;17.2300185698957;0.0492162646885585;-8.39782305745535;-10.7888467939887;32.5534625990425;0.132304145814088;7.50749124317521
14546259129.6212;17.2300185709819;0.0492162646930949;-8.37228673315927;-10.7514961750506;32.5725573948286;0.136032417476533;7.50749123518108
14546259129.8737;17.2300185721228;0.0492162646979834;-8.34512122983554;-10.7131993935406;32.5928714409405;0.139651131840561;7.50749122658718
14546259130.1263;17.2300185733436;0.0492162647033436;-8.31574751058083;-10.6731999594645;32.6148378944483;0.143206514770616;7.50749121718612
14546259130.3795;17.2300185746611;0.0492162647092652;-8.28378729713038;-10.6310779502606;32.6387398363251;0.146704261463068;7.50749120682113
14546259130.6289;17.2300185760649;0.0492162647157156;-8.24951263793385;-10.5872607680645;32.6643739884974;0.150081170872381;7.50749119553902
14546259130.876;17.2300185775803;0.0492162647228243;-8.21240367798707;-10.5411317216617;32.6921293114033;0.153361082163084;7.50749118311531
14546259131.1203;17.2300185792232;0.0492162647306837;-8.17218923154187;-10.4924109735121;32.7222088041425;0.156538392467565;7.5074911693877
14546259131.3606;17.2300185810104;0.0492162647393923;-8.12863633406352;-10.4408634033728;32.7547868741884;0.15960544693057;7.50749115418373
14546259131.5952;17.2300185829541;0.0492162647490275;-8.08168840678331;-10.3864506155405;32.7899059717004;0.162546627238497;7.50749113736592
14546259131.8234;17.2300185850786;0.0492162647597291;-8.03109478000925;-10.3288955882247;32.8277537111462;0.165363767486;7.50749111869511
14546259132.0448;17.2300185874157;0.0492162647716793;-7.97654766546126;-10.267857301006;32.8685604298451;0.168062588327629;7.50749109786429
14546259132.259;17.2300185900038;0.0492162647850983;-7.91774325337896;-10.2030023336045;32.9125534861927;0.170648508832119;7.50749107450682
14546259132.4652;17.2300185928868;0.0492162648002415;-7.8544319521996;-10.1340585361085;32.9599196720983;0.173124910017302;7.5074910482024
14546259132.6626;17.2300185961146;0.0492162648174012;-7.78644024013372;-10.0608355256257;33.0107888600577;0.175493331006419;7.50749101847615
14546259132.8501;17.2300185997396;0.0492162648368887;-7.71385061899784;-9.98340675827192;33.0650993447152;0.17775167120326;7.50749098482195
14546259133.0266;17.2300186038085;0.0492162648589872;-7.63722096610276;-9.90233083083388;33.1224337021164;0.179892217274026;7.50749094677197
14546259133.1924;17.2300186084072;0.0492162648841995;-7.55676174660365;-9.81778388085409;33.1826344056126;0.181923468652982;7.50749090350777
14546259133.3492;17.2300186136963;0.0492162649134514;-7.47198125893264;-9.72921000656427;33.2460693019153;0.183870288799719;7.50749085354246
14546259133.5012;17.2300186200218;0.0492162649487273;-7.38078013576183;-9.63439929181328;33.3143091749499;0.185785431665348;7.50749079375786
14546259133.657;17.2300186282526;0.0492162649950135;-7.27710509922219;-9.52709466178425;33.3918833794271;0.187780872402078;7.50749071652964
14546259133.8242;17.2300186400124;0.0492162650617292;-7.15290488414549;-9.3990779642534;33.4848164594;0.189965547070471;7.50749060804153
14546259134.0086;17.230018658543;0.0492162651678573;-6.99786808406632;-9.23992725403117;33.6008243659722;0.192437968065434;7.50749044199254
14546259134.2028;17.2300186886546;0.0492162653419997;-6.80955039915825;-9.04737995019459;33.7417365710203;0.195136216159705;7.50749018077377
14546259134.4043;17.2300187416656;0.0492162656516111;-6.57983082202602;-8.81337992034786;33.9136302399722;0.198072955761149;7.50748973987055
14546259134.6126;17.2300188475088;0.0492162662759629;-6.29400196747848;-8.52323528180948;34.1275109887241;0.201312758966898;7.50748890977278
14546259134.8275;17.2300191011392;0.0492162677871211;-5.9281758063211;-8.15306717143002;34.4012539269159;0.204966510674528;7.50748708142309
14546259135.0454;17.2300198740842;0.0492162724381092;-5.45002745261407;-7.67063081848642;34.7590455871034;0.20915318248954;7.50748212263882
14546259135.2661;17.2300234687416;0.0492162942798217;-4.78818474963204;-7.00455557330435;35.254278955265;0.21421062726686;7.50746293946236
14546259135.4904;17.2300621996001;0.0492165318954028;-3.76276920182363;-5.97495140996348;36.0213917596105;0.220992879392967;7.50731596592733
14546259135.7182;17.2340812528697;0.0492414250959163;-1.75335792911646;-3.96140095425035;37.5132463098743;0.232349436464095;7.49940917298603
14546259135.9468;17.2961358656212;0.0496293716457014;-0.566413614983842;-2.77041579094258;37.9193513202684;0.237060241978943;7.17728830355807
14546259136.1765;17.4299020298907;0.0504732652135154;-0.234775218299729;-2.43483381550981;36.5831402124774;0.230792868169107;6.11867711294048
14546259136.4078;17.6385053672122;0.051801018807619;-0.0449230842513976;-2.24112685073117;33.9294081569621;0.215959601628026;4.25064357438067
14546259136.6409;17.9095044023659;0.053540934092124;0.0654380255673831;-2.12700161583387;30.0686781331631;0.193052173189781;1.61588288724701
14546259136.8751;18.189054955506;0.055350935864732;0.0769733937796889;-2.11180796195259;25.8980143000222;0.167681484667184;-1.17650280017907
14546259137.1094;18.4070302758307;0.0567737948715993;-0.0314014537950197;-2.2166469109913;25.5139381869618;0.166545169865535;-1.37892924061553
14546259137.3445;18.5979888721478;0.0580301534271424;-0.0903200788911131;-2.27214569096527;25.5604021768516;0.168167501109411;-1.31841886737014
14546259137.5806;18.7707310128542;0.0591753399320303;-0.13572085633596;-2.31424293205937;25.5961346797413;0.16968846103596;-1.27183785461685
14546259137.8176;18.9294903188635;0.0602355656003956;-0.173889407790658;-2.34923028517076;25.6256416914628;0.171133042670509;-1.23303269093527
14546259138.0547;19.0766034282317;0.0612249361620232;-0.207393063415518;-2.37968545425915;25.6512517835468;0.172510753749414;-1.19916388290439
14546259138.292;19.213890391919;0.0621544383292319;-0.237666544802347;-2.40704543813806;25.6742050350767;0.173827350977301;-1.16868551345177
14546259138.5298;19.3429014670107;0.0630335226003609;-0.265638195935046;-2.4322346807212;25.6952683334693;0.175088117189336;-1.14062101017567
14546259138.7693;19.4651148709923;0.0638714063990954;-0.292190218841171;-2.4561252663996;25.715021734864;0.176299811590171;-1.11414169236308
14546259139.0156;19.5832847516104;0.064686407343698;-0.318822614907924;-2.48017129959153;25.734389809313;0.177486444884828;-1.08787972062645
14546259139.271;19.6981627936096;0.0654833145868017;-0.347093624736558;-2.505922875356;25.7542359546475;0.178656746021142;-1.06047907488484
14546259139.537;19.8093422045635;0.0662589136947147;-0.378808660267867;-2.53519572813011;25.7756481661275;0.179813596348552;-1.03031011579303
14546259139.8157;19.9163208721329;0.0670092751713831;-0.415845533681536;-2.56987218869514;25.7998863156728;0.180963562489043;-0.995592151430054
14546259140.1104;20.0184718543384;0.0677295391829471;-0.460141317285012;-2.61189214858915;25.8282282337902;0.182114188993729;-0.954502856778036
14546259140.428;20.1157574923045;0.0684189901620368;-0.513879049016219;-2.66342438753914;25.862118851951;0.18328155662625;-0.904985239173962
14546259140.7783;20.2078923071979;0.0690751688453405;-0.579933393278556;-2.72733504318566;25.9030448980181;0.184479948371426;-0.844608575199268
14546259141.1887;20.2964982561955;0.0697093397152339;-0.66578726837504;-2.81104386054724;25.9547231549108;0.185763253451964;-0.767147863368054
14546259141.7196;20.3826410919258;0.0703290518868117;-0.78974441091403;-2.93277354900812;26.0253192464385;0.187226331354075;-0.6579950985032
14546259142.6005;20.4650197465373;0.0709251124008224;-1.02911257409563;-3.1696369160072;26.1434973753214;0.18916437221582;-0.459343620306139
14546259144.4689;20.5051310838615;0.0712165952931779;-1.66821083042595;-3.80686490182422;26.3256614161548;0.191304514998764;-0.0180750466630855
14546259152.2678;20.509153571692;0.0712457131827555;-3.28754077075666;-5.42787561488602;26.4168067201299;0.191225354426268;0.852487457195198
14546259205.9555;20.5095925835796;0.0712488664805516;-5.08739832040233;-7.2311096133764;26.4476227437084;0.189965768283139;1.7729995322837
14546259648.6965;20.5096483744039;0.0712492629666817;-6.89958694805706;-9.0479217265362;26.4779284646285;0.188169497880273;2.69933372026117
14546263315.1164;20.5096557526131;0.0712493147639007;-8.69629123997288;-10.8499357623686;26.5107768835096;0.186113523937145;3.61962349142566
14546288186.2829;20.5096569140828;0.0712493227803702;-10.3306882759188;-12.4917130151269;26.5498481130568;0.183247180721582;4.46291364928583
14546391041.0777;20.5096571799076;0.0712493245755126;-11.5876289892492;-13.7581256187566;26.5930083266112;0.17958532296754;5.12020416559862
14546738686.221;20.5096572594054;0.0712493250981616;-12.6407809288114;-14.8229260658926;26.6439806476158;0.175167677759538;5.6808169052601
14547749706.9642;20.5096572882832;0.0712493252821932;-13.5441957501841;-15.7398675902678;26.705111717719;0.170185501610299;6.17334665105362
14550431587.1453;20.509657300632;0.0712493253581269;-14.3368144527176;-16.5480051820562;26.7810781708144;0.164678661270766;6.6203889244004
14557540472.0851;20.5096573067761;0.0712493253943524;-15.0633426674968;-17.2927867943411;26.8839484246573;0.158507175329964;7.05235958423272
14580219887.0585;20.5096573104391;0.0712493254147852;-15.7918050663277;-18.04530414809;27.0551935854289;0.150921656728646;7.53097691960842
14652613963.4747;20.5096573133785;0.0712493254301331;-16.3914341590249;-18.6736537259239;27.3485388769601;0.142795513250343;8.02675705646039
14783122096.0722;20.5096573163291;0.0712493254447998;-16.6457287365993;-18.9493049113173;27.678726061028;0.137584630784904;8.37449705635387
14965287473.8959;20.509657320147;0.0712493254631081;-16.6786397621513;-18.9978174615623;28.0249138026044;0.134389886168556;8.62224330753112
15192983476.537;20.5096573263518;0.0712493254921009;-16.5646327285853;-18.8950656140532;28.3923299307318;0.132668600415976;8.81071910217346
15444673589.5998;20.5096573377832;0.0712493255446211;-16.342766755714;-18.6805399432824;28.7720296173774;0.132189606904697;8.95347657150763
15710551342.009;20.5096573623974;0.0712493256570125;-16.0334956680929;-18.3739488599298;29.1719730455904;0.133202572335427;9.06606169819921
15979034167.1036;20.5096574229416;0.0712493259354528;-15.6468436909135;-17.9841844000243;29.5961857718484;0.136111567527913;9.15617737252293
16244265588.0218;20.509657597911;0.0712493267606252;-15.1806628192299;-17.5070802676471;30.0554222359743;0.141744228728881;9.22993773216458
16493464617.5648;20.5096581690863;0.0712493295886815;-14.6397769552838;-16.9450582973863;30.5491556157569;0.151257831081558;9.28940709486231
16731967027.3968;20.5096607036698;0.0712493432472413;-13.973586173096;-16.2420878653923;31.1227014152592;0.167716423998178;9.33957491962828
16960680188.4951;20.5096804482309;0.0712494666794271;-13.0638436719068;-15.2678627365186;31.8678984873471;0.199220653545883;9.38271665237239
17179612357.5714;20.5108093916126;0.0712590997920728;-11.2876374179623;-13.3565429410905;33.2498053349305;0.283715840348153;9.41831258784352
17387972942.4726;20.6004317143888;0.0720428601470631;-9.36639937239581;-11.4246322761491;34.0959217310626;0.298173835400143;9.02306373995282
17589923381.6674;20.719742642137;0.0724249059961107;-9.22856457925223;-11.7231293165877;32.8567463115617;0.105210677500008;8.12544470528473
17784351572.9745;20.8305899668875;0.072463108415823;-9.24403402003388;-12.7066683644466;32.4584963314213;0.0111864955051685;7.86698020475192
17968787853.1346;20.9391672806596;0.072392114170262;-9.23010726157455;-12.4146232060773;32.4285233206377;-0.0212036793674761;7.83999382294477
18143377572.5955;21.0472932728252;0.0722444300946067;-9.20808856154742;-12.0726849980062;32.4130685725893;-0.0442714464433601;7.81867387227455
18308364119.9354;21.1547516992015;0.0720350246733718;-9.1862080577276;-11.8964606133787;32.3965342278007;-0.0631314837309182;7.79670696526505
18465160206.4206;21.2623281959793;0.0717742666340597;-9.16361782141134;-11.7790975119737;32.3801816295637;-0.0784873362416099;7.77450816730927
18612637548.3188;21.3692019187234;0.0714748857040794;-9.13985436388733;-11.6925011682477;32.3628879702301;-0.0906568167422467;7.75109282919624
18749293629.5629;21.4728271583387;0.0711549944794097;-9.1201634149276;-11.6306266361367;32.3455384405821;-0.0998507114943647;7.72967330022953
18875980673.0121;21.5714041449758;0.0708305405785759;-9.10895666270627;-11.5915792009954;32.3325562947908;-0.106418590906896;7.71540986145114
18994396824.8411;21.6653209145727;0.0705086014971305;-9.10066779772889;-11.5656372431093;32.3256366005772;-0.110809664759549;7.7066518506994
19107295422.2148;21.7586420235966;0.0701804014307599;-9.08270865509489;-11.5365498818407;32.3192508978058;-0.113663247261595;7.69341228098321
19213605827.6117;21.8542638333855;0.0698386571521122;-9.04601881513837;-11.4928745217545;32.3041316644651;-0.115452240418631;7.66496977313122
19308929221.4742;21.9515201076292;0.069488932357614;-8.99128186810964;-11.4354730727759;32.2753060409429;-0.116059090894754;7.61834315373124
19380261426.6877;22.0358129305641;0.0691904820070105;-8.92749505187129;-11.3784135568966;32.2412743568973;-0.114154672968373;7.56370728151627
19418773347.0909;22.0883069185934;0.0690162477822292;-8.86548560744954;-11.3444617079298;32.2176489691732;-0.106934475797225;7.51690107788834
19430173266.7901;22.1050500915051;0.068970154861123;-8.83306402983932;-11.3932675600836;32.2111109545745;-0.0886751993667087;7.49628529924142
19431856592.3608;22.1075675811047;0.0689664444048066;-8.82520043561827;-11.6567407977085;32.2116223407583;-0.0474757939790041;7.49263759276327
19431949903.1066;22.1077076820431;0.0689664040930386;-8.82349061630516;-12.3644998146641;32.2126155919508;-0.00926865659161272;7.49242406095441
19431957369.5613;22.1077189292681;0.06896641420932;-8.82206905101696;-11.8680935364682;32.2136416475711;0.0289744591329885;7.49240656908243
19431958010.1729;22.1077198975028;0.0689664162644004;-8.82061415339291;-11.4937659591223;32.2146691753523;0.0683757133137169;7.49240503375312
19431958073.0521;22.1077199928784;0.0689664165920252;-8.81906956530253;-11.2831301403033;32.2157085001874;0.110664190607126;7.4924048795075
19431958081.8147;22.1077200062229;0.0689664166588021;-8.81733516444245;-11.1180101812882;32.2167952450628;0.161215695087573;7.49240485745047
19431958085.089;22.1077200112337;0.0689664166957576;-8.81520104658433;-10.9474352565131;32.2179242342135;0.237609251338668;7.49240484895554
19431958087.135;22.1077200143823;0.0689664167313095;-8.81280742275268;-10.7600520088246;32.2185496595778;0.363798915754627;7.49240484346601
19431958088.6224;22.1077200166851;0.0689664167700649;-8.81016752514462;-10.5840892161982;32.2180419502202;0.54222239582086;7.49240483932943
19431958089.7695;22.1077200184729;0.0689664168015036;-8.80726080105228;-10.5621343080851;32.2198028482621;0.566564516657265;7.49240483601469
19431958090.7314;22.1077200199835;0.0689664168191532;-8.80398502941373;-10.7363978605793;32.2250076369894;0.376513192416423;7.4924048331196
19431958091.5558;22.1077200212887;0.0689664168228237;-8.80044342770086;-11.351399644066;32.229709109804;0.0906358828547011;7.49240483052902
19431958092.2791;22.1077200224439;0.0689664168189573;-8.79666274546051;-11.2720127291114;32.232485784457;-0.107880714996967;7.4924048281515
19431958092.9456;22.1077200235187;0.0689664168138798;-8.79247851802414;-11.1181665246113;32.2354396606203;-0.152280954866514;7.49240482585454
19431958093.5596;22.1077200245193;0.0689664168092309;-8.78794226351426;-11.1208259477515;32.2388458874223;-0.14979447732731;7.49240482363048
19431958094.1071;22.107720025421;0.0689664168052017;-8.78328717646871;-11.1331645590743;32.2423553693553;-0.144061979441418;7.49240482154474
19431958094.6191;22.1077200262739;0.0689664168016161;-8.77836363185504;-11.1546836737313;32.2460763465877;-0.135567889795075;7.49240481949329
19431958095.0952;22.1077200270764;0.0689664167985131;-8.77324634285612;-11.1858887025986;32.249949239201;-0.124705806577372;7.49240481748617
19431958095.5419;22.1077200278388;0.0689664167958572;-8.76792284764859;-11.2258774975723;32.2539779490842;-0.112364373526191;7.49240481550419
19431958095.9641;22.1077200285684;0.0689664167936102;-8.76237824273178;-11.2738702180781;32.2581695125682;-0.0993453958063527;7.4924048135336
19431958096.3707;22.1077200292806;0.068966416791711;-8.75651712365638;-11.3305598757582;32.2625935059331;-0.086031307662145;7.49240481153557
19431958096.7584;22.1077200299694;0.0689664167901514;-8.75040578966008;-11.3955270601703;32.2671985454785;-0.0730533255654069;7.49240480952852
19431958097.1347;22.107720030648;0.0689664167888775;-8.74393711460792;-11.4703717838442;32.272064872502;-0.0605887628259382;7.4924048074757
19431958097.498;22.1077200313135;0.0689664167878682;-8.73713630982223;-11.5562740484923;32.2771737429467;-0.0489505709063933;7.4924048053847
19431958097.8493;22.1077200319677;0.0689664167870939;-8.72999445626858;-11.6568098939;32.2825326375624;-0.0382078113795625;7.49240480325073
19431958098.1901;22.1077200326133;0.0689664167865267;-8.72248428869875;-11.7787031551485;32.2881628407283;-0.0283677224027988;7.49240480106469
19431958098.5232;22.107720033256;0.0689664167861402;-8.71453501316436;-11.9353123567561;32.294118152748;-0.019424331726095;7.49240479880602
19431958098.8464;22.1077200338917;0.0689664167859152;-8.70619784763301;-12.1573233831136;32.300360965606;-0.0114309372378289;7.49240479648728
19431958099.1628;22.107720034527;0.0689664167858364;-8.69742044154134;-12.6040696333304;32.3069312039741;-0.00400540573288632;7.49240479408352
19431958099.4745;22.1077200351659;0.0689664167859051;-8.6881907392822;-12.6564324243668;32.3138382177067;0.00347653704308421;7.49240479157571
19431958099.7793;22.1077200358048;0.0689664167861264;-8.67860156079541;-12.1391808402651;32.3210124480087;0.0111919478285369;7.49240478897579
19431958100.0778;22.1077200364449;0.0689664167865081;-8.66868591224143;-11.8932306725568;32.328428950671;0.0192770174103177;7.49240478627713
19431958100.3718;22.1077200370904;0.0689664167870599;-8.65841059550006;-11.7265379878477;32.3361123726966;0.0276414240182231;7.49240478346
19431958100.6614;22.1077200377421;0.0689664167877891;-8.64779603628236;-11.5989659543613;32.3440473181168;0.0361929885650095;7.49240478051884
19431958100.9465;22.1077200383999;0.0689664167886987;-8.63685387780169;-11.4961039224759;32.3522251977364;0.0447356871190728;7.49240477745052
19431958101.2283;22.1077200390675;0.0689664167897925;-8.62552269737793;-11.4111201991156;32.3606923950081;0.0530176292176799;7.4924047742358
19431958101.506;22.1077200397432;0.0689664167910616;-8.61381978136927;-11.3400719641672;32.3694366240163;0.0607971131435411;7.49240477087934
19431958101.7804;22.1077200404298;0.0689664167925031;-8.60168678986433;-11.2795736238324;32.3785021021921;0.067978240517126;7.49240476736366
19431958102.0528;22.1077200411315;0.0689664167941181;-8.58904144134978;-11.2270002594562;32.387950833228;0.0745460529082505;7.49240476366307
19431958102.3203;22.1077200418415;0.0689664167958815;-8.57599136411364;-11.1808795588446;32.3977027230296;0.0804685214090992;7.49240475980791
19431958102.5881;22.1077200425754;0.0689664167978279;-8.56223896128736;-11.1386619808277;32.4079802992076;0.0859466486267971;7.49240475570884
19431958102.8525;22.1077200433242;0.0689664167999297;-8.54793438319552;-11.0997073909957;32.4186713782451;0.0909959795196067;7.49240475140807
19431958103.1159;22.1077200440962;0.0689664168022091;-8.53290566268513;-11.0627148644637;32.4299044606449;0.0957494895661495;7.49240474685093
19431958103.3759;22.1077200448866;0.0689664168046513;-8.51722989664264;-11.0273049529288;32.4416218899629;0.10023687116739;7.49240474205827
19431958103.6349;22.107720045704;0.0689664168072846;-8.50071683793172;-10.9926610090771;32.4539658535854;0.104549895661605;7.4924047369698
19431958103.8928;22.1077200465516;0.0689664168101231;-8.48328123355863;-10.9583753938315;32.4670000834639;0.10872965295728;7.49240473155598
19431958104.1481;22.1077200474267;0.0689664168131618;-8.46495251024218;-10.9243473340141;32.4807025982799;0.112779610726865;7.49240472582166
19431958104.4018;22.1077200483361;0.0689664168164285;-8.44557718353489;-10.8901962102909;32.4951881819543;0.116734715601345;7.49240471971341
19431958104.6567;22.1077200492948;0.0689664168199862;-8.4248131051669;-10.8553136602117;32.5107127140564;0.120649613600226;7.49240471311582
19431958104.913;22.1077200503092;0.06896641682387;-8.40249133629323;-10.8194721280534;32.5274026195419;0.124528453184058;7.49240470596477
19431958105.1656;22.107720051365;0.068966416828032;-8.37890205386802;-10.7831700530718;32.5450410500001;0.128297095472941;7.49240469834155
19431958105.4157;22.1077200524722;0.068966416832519;-8.35381838857966;-10.7460724050983;32.5637977561124;0.131971767208406;7.4924046901599
19431958105.6634;22.107720053639;0.068966416837373;-8.32705171020155;-10.7079368146653;32.5838139194662;0.135555396746407;7.49240468134147
19431958105.9114;22.1077200548871;0.0689664168426971;-8.29811933680803;-10.6681409432876;32.6054506441741;0.139081254891067;7.49240467170242
19431958106.1586;22.1077200562245;0.0689664168485394;-8.26685588060984;-10.6265401726723;32.6288317866066;0.142533592967749;7.49240466115409
19431958106.4039;22.1077200576582;0.0689664168549448;-8.23313283192604;-10.5830339971015;32.654053625645;0.145893497739614;7.49240464961287
19431958106.6497;22.1077200592225;0.0689664168620859;-8.19623479188974;-10.5367822905992;32.6816514012017;0.149195764634236;7.49240463677583
19431958106.893;22.1077200609205;0.068966416869997;-8.15618764852388;-10.4879010628828;32.7116059411244;0.152401222766932;7.49240462257692
19431958107.1323;22.1077200627661;0.0689664168787614;-8.11283746656068;-10.4362532578422;32.7440325431866;0.155494979699439;7.49240460686607
19431958107.3656;22.1077200647691;0.0689664168884442;-8.06618159687802;-10.3818625290894;32.7789333149633;0.158457895802025;7.49240458952464
19431958107.5924;22.1077200669563;0.0689664168991945;-8.01592607488329;-10.3243972742381;32.8165282556554;0.161295196769448;7.49240457029308
19431958107.8125;22.1077200693598;0.068966416911192;-7.96177039937301;-10.2635225023033;32.8570422520552;0.164012279000593;7.49240454886181
19431958108.0254;22.1077200720181;0.0689664169246542;-7.90341692089118;-10.1989095822666;32.9006980545953;0.166614368386856;7.49240452486163
19431958108.2302;22.1077200749745;0.0689664169398279;-7.84063786630913;-10.1303084188321;32.9476661321263;0.169104086997322;7.49240449787835
19431958108.4261;22.1077200782762;0.0689664169569858;-7.7733081921676;-10.0575785746313;32.9980400857973;0.171481693302534;7.49240446745812
19431958108.612;22.1077200819727;0.0689664169764174;-7.70156494737909;-9.98084784666962;33.0517173934928;0.173744526328203;7.49240443312011
19431958108.7869;22.1077200861105;0.0689664169983993;-7.62594425133063;-9.90064874208708;33.1082969057563;0.175886436633694;7.49240439439944
19431958108.9512;22.1077200907759;0.0689664170234252;-7.54661773676632;-9.81711404708427;33.1676501500212;0.17791738778085;7.49240435047116
19431958109.107;22.1077200961448;0.0689664170524856;-7.46288488591497;-9.72946700741528;33.230301216567;0.179867275556996;7.49240429972048
19431958109.2587;22.1077201025757;0.0689664170875952;-7.37258006258615;-9.63542657816645;33.2978704801977;0.181789980937753;7.49240423890812
19431958109.4151;22.1077201109875;0.0689664171339209;-7.26935196280086;-9.52842192950958;33.3751103022858;0.18380306237959;7.49240415997834
19431958109.5839;22.1077201230747;0.0689664172011012;-7.14501026510911;-9.40009171234838;33.4681492933343;0.186015978192323;7.49240404852698
19431958109.7696;22.107720142073;0.068966417307741;-6.99007723161497;-9.24087373045582;33.5840796212793;0.188511110590055;7.49240387830961
19431958109.965;22.1077201729005;0.0689664174825395;-6.80197028282195;-9.04837043648484;33.7248342266165;0.191227201717512;7.49240361087079
19431958110.1674;22.1077202270635;0.0689664177928108;-6.57264747318104;-8.81460841136071;33.8964311156844;0.194174875994046;7.49240316025467
19431958110.3765;22.1077203349203;0.0689664184170524;-6.287503730279;-8.52499888478402;34.1097993452717;0.197416755511523;7.49240231380616
19431958110.5924;22.1077205932145;0.0689664199275122;-5.9221925490646;-8.15519804025527;34.3831570931028;0.20106675100553;7.49240045095366
19431958110.8111;22.1077213786666;0.0689664245677429;-5.44473747954509;-7.67331759325925;34.7404301314756;0.205236725773013;7.49239540874079
19431958111.0326;22.1077250224191;0.0689664463112137;-4.78378824699664;-7.00800824120476;35.2349948919229;0.210258818013868;7.49237594929456
19431958111.2574;22.1077640480417;0.0689666815092868;-3.7604835247218;-5.98039960650769;36.0005266899861;0.216966544748886;7.49222761320248
19431958111.4856;22.1117676734228;0.0689910473563023;-1.75574413895697;-3.97141605966405;37.4889134642168;0.228155494907171;7.48433904714091
19431958111.7147;22.1738722771211;0.0693726322988252;-0.567008374559325;-2.77854094041218;37.8964545480949;0.232844516661044;7.16228168848174
19431958111.9449;22.3078350545053;0.070203408723849;-0.234958866925203;-2.44245884585372;36.5587461792088;0.226720773092201;6.1024650196134
19431958112.1766;22.5167476649383;0.0715107832354146;-0.0450274065636278;-2.2485920485692;33.9010799805453;0.212152860419737;4.2317642533582
19431958112.41;22.788000308077;0.0732233432460968;0.0651695749065008;-2.13455860505698;30.0356746935628;0.189630946186795;1.593963442442
19431958112.6446;23.0670456677629;0.0750002739068005;0.0754596765753284;-2.12054464722827;25.8808368530408;0.164806369045514;-1.18722312492208
19431958112.8793;23.2847594383137;0.076398173976306;-0.0326681519901252;-2.22507792485616;25.5148943505725;0.163826442837545;-1.37765730264995
19431958113.1148;23.4755135920187;0.0776328024430164;-0.0915175269614133;-2.28045524429651;25.5613089813202;0.165441848063405;-1.31721465559094
19431958113.3513;23.6480674020569;0.0787582790699419;-0.136871172851641;-2.32245924561286;25.5969947172615;0.166955567468682;-1.2706885770918
19431958113.5886;23.8066545274843;0.0798003612225919;-0.175010463646588;-2.35737643278501;25.6264764308507;0.168392570657447;-1.23191506739039
19431958113.8261;23.9536062432044;0.0807728698554835;-0.208494533394585;-2.387775729178;25.652070067933;0.169762288724254;-1.19806716674839
19431958114.0637;24.0907606956355;0.081686720178753;-0.238759126633685;-2.41509396745842;25.6750153103434;0.171070793732266;-1.16759871053714
19431958114.302;24.2196536140113;0.0825511037974409;-0.266728690954058;-2.44025122020633;25.696075237992;0.172323404421183;-1.13953761833559
19431958114.5418;24.3417467288082;0.0833749714018619;-0.293288344298369;-2.4641220915916;25.7158287438355;0.173526887721062;-1.11305452880565
19431958114.7883;24.4597456854188;0.08417601366209;-0.319935422899472;-2.48815816146549;25.7351972338807;0.174704769870792;-1.08678505256861
19431958115.0439;24.574365751803;0.0849586844820297;-0.348228848677555;-2.51391036186585;25.755043838435;0.175865552293882;-1.05937300888928
19431958115.3098;24.6852374167694;0.0857200642938069;-0.379978199310277;-2.54319741153649;25.7764643773437;0.177012581184269;-1.02918144532538
19431958115.5884;24.7918575668724;0.0864562699713479;-0.417044773863498;-2.57788490110848;25.8007087036351;0.178152330622731;-0.994444620703421
19431958115.8828;24.8936204042769;0.0871626571254684;-0.461347508504121;-2.61989392334716;25.8290445820611;0.179292419131857;-0.953356002862917
19431958116.1999;24.9904953547999;0.0878385660065242;-0.515042933270726;-2.67136627411594;25.8628984414459;0.180448739865538;-0.903884216524586
19431958116.5492;25.0821687164068;0.0884813722074926;-0.58093693469123;-2.73510003402331;25.9037127937735;0.181634740125992;-0.843662473248371
19431958116.9579;25.1702688663843;0.089102205262878;-0.666402642953247;-2.81840445842198;25.9551439576758;0.182903335923035;-0.766561070103251
19431958117.484;25.2557615675837;0.089707779380137;-0.789126797394479;-2.93888853173664;26.0250484981363;0.184344342263112;-0.658487018041372
19431958118.353;25.3378728625164;0.0902927938383083;-1.02461852240823;-3.17185482415461;26.1416194861489;0.186249959544855;-0.462847769344456
19431958120.1861;25.37895323131;0.0905867798744881;-1.64955619209349;-3.79486382318032;26.3227496434331;0.188375154758488;-0.0293504053926082
19431958127.7277;25.3831602508125;0.0906167706944784;-3.25348892696892;-5.40047511211657;26.4161948093056;0.188314635311634;0.835050236701602
19431958179.1255;25.3836186793226;0.090620013092309;-5.04967272151148;-7.20007804032873;26.4470868106787;0.187056378502519;1.7537763081114
19431958603.5884;25.3836768193996;0.090620419898554;-6.86336415167511;-9.01845214332886;26.4773838456815;0.185262312115427;2.68085625190322
19431962111.0145;25.383684512408;0.0906204730655829;-8.6588923274979;-10.8193461438407;26.510078380118;0.183213383624463;3.60045534466168
19431986235.1718;25.3836857118467;0.090620481213525;-10.3034741083525;-12.4714042174504;26.5491281929979;0.180351664727942;4.44882381736127
19432086255.9562;25.3836859849735;0.0906204830284538;-11.5637259217149;-13.7412306651465;26.592093461991;0.176704571436481;5.10763998344863
19432426494.1178;25.3836860662739;0.0906204835541736;-12.621690498304;-14.8110286945135;26.6429514048804;0.172283678680507;5.6705829469227
19433416069.2969;25.3836860956969;0.0906204837385131;-13.5267611218402;-15.7298303350631;26.7037797808832;0.167302921418446;6.16373874204442
19436051675.0485;25.3836861082433;0.0906204838143077;-14.322363896759;-16.5412419654626;26.7794853891711;0.161779749413564;6.61209913112435
19443020619.0566;25.3836861144618;0.0906204838503028;-15.0494763431084;-17.2869233755112;26.8815926903156;0.155599416475435;7.0438525995837
19465236652.9474;25.3836861181541;0.0906204838705016;-15.7793771645504;-18.0413408864226;27.0513026111476;0.14798730483145;7.52216390695819
19536903175.918;25.3836861211025;0.0906204838855695;-16.3857257675603;-18.6772651576972;27.3441357086857;0.139741310137946;8.02096186496467
19666450083.2855;25.3836861240442;0.09062048389986;-16.6438260115976;-18.9573780271532;27.6736089522808;0.134435443485969;8.37012788164089
19848223563.5052;25.3836861278483;0.0906204839176647;-16.6792803207317;-19.0089969846487;28.0201326148785;0.131145539034446;8.619370281099
20074998270.3459;25.3836861339898;0.0906204839456501;-16.5673174029235;-18.9086624464383;28.3866055586015;0.129350591680494;8.80823799197094
20326306711.2606;25.3836861452923;0.0906204839962536;-16.3470358957538;-18.6960271071548;28.7658847489982;0.128791299343674;8.95150667385102
20592437099.9526;25.3836861696426;0.0906204841045594;-16.0385901046035;-18.3904424732332;29.1660268124098;0.129725365227414;9.06463699235756
20860584594.0745;25.3836862291747;0.0906204843712237;-15.653622300565;-18.0024090260396;29.5892272901462;0.132539979298348;9.15491807284885
21123499867.8642;25.383686397575;0.0906204851447359;-15.1934728584961;-17.5313486172141;30.0433567599614;0.137997969509153;9.22828115930173
21374552392.9648;25.3836869578797;0.0906204878493422;-14.6513403653172;-16.9676605306627;30.5389628221574;0.147412434277981;9.28837752265785
21614828771.4184;25.3836894549125;0.0906205009953471;-13.9832868311809;-16.2619172887569;31.1146017177242;0.163807502394513;9.33901112105193
21843822874.0871;25.3837086110258;0.0906206183145842;-13.0775168994341;-15.2904550679352;31.8569893427969;0.195104174482718;9.38225900266105
22063248230.7066;25.3847603210632;0.0906294565799467;-11.3193907940792;-13.3949197760622;33.2257310188674;0.279219382885509;9.41809119248092
22271895876.3513;25.4738803184471;0.0913973746241599;-9.36943832346722;-11.4340986159712;34.1060064186629;0.293880369319766;9.03130714579704
22473876352.8815;25.5932671715557;0.0917645813939578;-9.22835288761359;-11.740398713266;32.8659065098127;0.101088043211656;8.13146143787268
22668641422.9297;25.7043150056177;0.0917883247743678;-9.24400097915651;-12.9139685206908;32.4591536489116;0.00694016267299812;7.86741288508467
22853000605.3113;25.8128030166572;0.0917031418452699;-9.23028302624368;-12.335312203762;32.4286274109911;-0.0254624031082097;7.84016408128895
23027591071.9819;25.9208773540168;0.0915412441454688;-9.20829794441477;-12.0327798473638;32.4131948111005;-0.0485556683605729;7.81887776882631
23192841232.5379;26.0284609086647;0.0913172301333919;-9.18639600049069;-11.867866705811;32.3966451292472;-0.0674573588592255;7.7968916034415
23349773393.8722;26.1360836192121;0.0910419342096745;-9.16380803023569;-11.7559121751902;32.3802897968975;-0.0828278877620659;7.77469349630048
23497373992.4296;26.2430048401701;0.0907280602384121;-9.1400242092424;-11.672332816362;32.3629964088988;-0.0950036121342745;7.75126925315512
23634131685.7168;26.3466799313488;0.0903940860495851;-9.12027734089165;-11.6122388631869;32.3456227692658;-0.104196707267379;7.72980647542619
23760894477.0155;26.4452978884904;0.0900562641547455;-9.10903579179313;-11.5743040001792;32.332597950127;-0.11075730851858;7.71549769736732
23879375707.1593;26.5392390011468;0.0897216649651691;-9.10079385490037;-11.5491246699099;32.3256618637406;-0.115137451071965;7.70675256446333
23992402163.6213;26.6326122983129;0.0893808048451;-9.0829574173363;-11.5206039194304;32.3193153119078;-0.117981971635516;7.69360073843524
24098890184.961;26.7283014704438;0.0890260478580563;-9.04643796022379;-11.4773697996868;32.3042787185759;-0.119764528541943;7.66529878431169
24194344408.5746;26.8255404230432;0.0886634343443375;-8.99195487738002;-11.4203511644584;32.2756002631408;-0.120358853175015;7.61889745790825
24265673407.7508;26.9096454921169;0.0883545639725158;-8.92844395860638;-11.363489879538;32.2418258215011;-0.118405999060195;7.56457113387066
24303976102.0361;26.961682591109;0.0881751994126901;-8.86691624700272;-11.3294926880797;32.2185468821678;-0.111052798708548;7.51823634728701
24315206429.3899;26.9780992253648;0.0881280588844495;-8.83510829303416;-11.3769979709634;32.2122193963817;-0.0924977077814993;7.49806593988506
24316838706.1747;26.980527551451;0.0881241869198495;-8.82748679860033;-11.6248624258257;32.2127701156793;-0.0513632441140805;7.49456240027853
24316929885.5959;26.9806637288891;0.0881241302754082;-8.8257916715495;-12.2067395335043;32.2137673737576;-0.0133996562175285;7.49435590930294
24316937202.9671;26.9806746932095;0.0881241386196623;-8.82437337117997;-11.942967567519;32.2147968770226;0.0245166541718918;7.49433894397085
24316937833.0484;26.9806756404955;0.0881241404919666;-8.82291543052339;-11.5270201394579;32.215832619442;0.0636743691998848;7.49433744937103
24316937894.4974;26.9806757332103;0.088124140796146;-8.82136600518831;-11.3053850986549;32.2168825474501;0.105697428207032;7.49433730015416
24316937903.0843;26.9806757462181;0.0881241408591131;-8.81962715607651;-11.1347196608215;32.2179817421407;0.15595734252939;7.49433727875278
24316937906.3289;26.9806757511575;0.0881241408946322;-8.81749278392389;-10.9606994341432;32.2191279916848;0.231689915878288;7.49433727041636
24316937908.3649;26.9806757542742;0.0881241409290867;-8.81509903930632;-10.7715467362038;32.2197950910994;0.35618454983101;7.49433726500584
24316937909.8365;26.9806757565404;0.0881241409665952;-8.81248076141877;-10.5936513033125;32.219335004619;0.533268622540691;7.49433726095229
24316937910.9891;26.9806757583273;0.0881241409977448;-8.80955734506465;-10.5682041955637;32.2210450479801;0.561684929581588;7.49433725765328
24316937911.9444;26.9806757598195;0.0881241410151629;-8.80630262663811;-10.7391433337244;32.2261535444546;0.376155801955788;7.49433725480474
24316937912.7685;26.9806757611174;0.0881241410188838;-8.80276336291975;-11.3453440831983;32.2308440941901;0.092404039934259;7.49433725223891
24316937913.4935;26.9806757622692;0.0881241410150098;-8.79897394896978;-11.2722005816628;32.2336305062318;-0.108413306604293;7.4943372498772
24316937914.1568;26.9806757633331;0.0881241410098863;-8.79481278498435;-11.112132910192;32.2365548840765;-0.155248887740903;7.4943372476119
24316937914.7706;26.9806757643279;0.0881241410051791;-8.79028520914025;-11.1152414342316;32.2399557967411;-0.152559133232755;7.49433724540865
24316937915.3155;26.9806757652204;0.088124141001116;-8.7856624904518;-11.1274445518636;32.2434417646755;-0.146777447906307;7.49433724335152
24316937915.834;26.9806757660795;0.0881241409974367;-8.78068626918368;-11.1489656497566;32.2472036227471;-0.138106042134855;7.49433724129216
24316937916.3172;26.98067576689;0.0881241409942454;-8.77549452503881;-11.1802365828414;32.2511340323221;-0.126999769386986;7.49433723927074
24316937916.7628;26.9806757676463;0.0881241409915572;-8.77018636177303;-11.2194322780387;32.2551521857035;-0.114644487988249;7.49433723730915
24316937917.1919;26.9806757683842;0.0881241409892379;-8.76454761114242;-11.2672168369719;32.2594158522211;-0.10138816738889;7.49433723532013
24316937917.606;26.9806757691062;0.0881241409872725;-8.75856663563033;-11.3236290274752;32.2639310252614;-0.0878324280707766;7.49433723329746
24316937917.9974;26.9806757697984;0.0881241409856686;-8.75237759716017;-11.3874377034035;32.2685951275329;-0.0747687210228871;7.49433723128184
24316937918.3757;26.9806757704776;0.0881241409843576;-8.74584821985648;-11.4602383461177;32.2735075526136;-0.0622954090305254;7.49433722922712
24316937918.7411;26.9806757711441;0.0881241409833113;-8.73897907812495;-11.5431528416028;32.2786681529559;-0.0506689428774303;7.49433722713264
24316937919.0935;26.9806757717977;0.0881241409825018;-8.7317810495325;-11.6388519687436;32.2840695771119;-0.0399868649024531;7.49433722499953
24316937919.4368;26.9806757724456;0.0881241409818963;-8.7241753223627;-11.7535918269754;32.2897718017979;-0.030175082848736;7.49433722280371
24316937919.769;26.9806757730841;0.0881241409814742;-8.71620476706807;-11.8958939797066;32.2957434546899;-0.0213528610465953;7.49433722055714
24316937920.094;26.980675773721;0.0881241409812097;-8.70777866924672;-12.0894488764552;32.3020532692246;-0.0134140500300096;7.49433721823131
24316937920.4098;26.9806757743527;0.0881241409810909;-8.69897953723238;-12.4245195789593;32.308640200657;-0.00607825111158421;7.49433721583735
24316937920.7204;26.9806757749871;0.088124140981117;-8.68974866414577;-13.0745242479264;32.3155485687346;0.0013324040645545;7.49433721334372
24316937921.0247;26.9806757756227;0.0881241409812939;-8.68014680939517;-12.2356599112042;32.3227328065495;0.00899487164357459;7.49433721075346
24316937921.3228;26.9806757762598;0.0881241409816296;-8.67021894166197;-11.9485024250688;32.3301590211275;0.0170343025805849;7.49433720806362
24316937921.6159;26.9806757769011;0.0881241409821319;-8.65995689264266;-11.7660113435517;32.3378331410797;0.0253312408898871;7.49433720526127
24316937921.9057;26.9806757775509;0.0881241409828119;-8.64931885822331;-11.6296228934378;32.3457862962006;0.0338464931326863;7.4943372023246
24316937922.1915;26.980675778208;0.0881241409836721;-8.63833569129535;-11.5213345429923;32.3539955186349;0.0423573780653303;7.49433719925616
24316937922.4713;26.9806757788683;0.0881241409847029;-8.6270729353186;-11.4336384334482;32.3624122959525;0.0505214013440763;7.49433719607271
24316937922.7487;26.980675779541;0.0881241409859133;-8.6153645689199;-11.3603242194736;32.3711613111839;0.0582369510008831;7.49433719272736
24316937923.0218;26.9806757802218;0.0881241409872867;-8.60327671248784;-11.2984534180723;32.3801937534979;0.0653285076732305;7.4943371892383
24316937923.2948;26.9806757809226;0.0881241409888416;-8.59058620725511;-11.2444953909118;32.3896768843651;0.071861690899973;7.49433718553904
24316937923.5658;26.9806757816397;0.0881241409905638;-8.57734370624052;-11.1968239990851;32.399573186193;0.0778142249723253;7.49433718164209
24316937923.8321;26.9806757823671;0.0881241409924317;-8.56364379084695;-11.1540902510406;32.4098121096168;0.0832204487090002;7.49433717757413
24316937924.0957;26.9806757831112;0.0881241409944565;-8.54935840030376;-11.1145980090848;32.4204893756895;0.0882226212520409;7.49433717329573
24316937924.3582;26.9806757838782;0.0881241409966542;-8.53435611229676;-11.0771457197343;32.431703194299;0.0929351810610262;7.49433716876455
24316937924.6189;26.9806757846678;0.0881241409990252;-8.51861973004593;-11.0411320864105;32.4434663983265;0.0974125458203798;7.49433716397245
24316937924.877;26.9806757854799;0.0881241410015697;-8.50213538111396;-11.0061282689397;32.4557893413828;0.10169492679653;7.494337158913
24316937925.1343;26.9806757863228;0.0881241410043177;-8.4847113059953;-10.971475876342;32.4688153754849;0.1058526837255;7.49433715352445
24316937925.389;26.980675787193;0.0881241410072613;-8.46639942100058;-10.9371197822229;32.4825057083346;0.109882659519161;7.49433714781857
24316937925.6419;26.9806757880966;0.0881241410104261;-8.44705387656539;-10.9026865980405;32.4969694193896;0.113817787795911;7.49433714174455
24316937925.8947;26.9806757890436;0.0881241410138544;-8.42644370423141;-10.8677433901494;32.5123792642019;0.117692575440245;7.49433713522276
24316937926.1496;26.9806757900484;0.0881241410176087;-8.40423299515056;-10.8317703326292;32.5289865048271;0.121543907647015;7.49433712813682
24316937926.4022;26.9806757910998;0.0881241410216565;-8.38063990991566;-10.7951722374376;32.5466281409465;0.125306521574209;7.49433712054411
24316937926.6515;26.9806757921993;0.0881241410260111;-8.35561819857455;-10.757896788899;32.565338869848;0.12896652900008;7.49433711241656
24316937926.8988;26.9806757933589;0.0881241410307273;-8.32890354161606;-10.7195823734801;32.5853164695185;0.132538823553069;7.49433710365184
24316937927.1459;26.9806757945971;0.0881241410358936;-8.30007819185423;-10.6796934513471;32.6068734857546;0.136048544198394;7.49433709408849
24316937927.3923;26.9806757959235;0.0881241410415638;-8.26893831702283;-10.6380278618721;32.6301625201349;0.139485701853374;7.49433708362589
24316937927.638;26.9806757973533;0.0881241410478185;-8.23516946354187;-10.5942468105227;32.6554189224811;0.142849232888834;7.49433707211723
24316937927.8828;26.9806757989033;0.0881241410547489;-8.19845144223068;-10.5480171417303;32.6828823480638;0.146135137007732;7.49433705939623
24316937928.1264;26.9806758005948;0.0881241410624709;-8.15839824200644;-10.4989355681611;32.7128417009703;0.149341650209302;7.49433704525454
24316937928.3659;26.9806758024323;0.0881241410710247;-8.11506497842198;-10.4471296484533;32.7452559187665;0.152434657378103;7.49433702961505
24316937928.5995;26.9806758044282;0.0881241410804868;-8.06838816972937;-10.3925506997517;32.7801726121413;0.155399174020377;7.49433701233705
24316937928.8268;26.9806758066081;0.0881241410909976;-8.01810389252516;-10.3349024899652;32.8177893105391;0.158237978112243;7.49433699317224
24316937929.0473;26.9806758090041;0.0881241411027344;-7.96390975766831;-10.2738469490019;32.8583323142005;0.160956428278188;7.49433697181063
24316937929.2605;26.9806758116547;0.0881241411159108;-7.90550724571668;-10.209053633962;32.9020250253991;0.163559675447044;7.49433694788271
24316937929.4658;26.9806758146037;0.0881241411307728;-7.8426572957567;-10.1402594727215;32.9490463586851;0.166050685340555;7.49433692096867
24316937929.6622;26.9806758178998;0.0881241411475959;-7.7752162620214;-10.0673039326923;32.9995038341934;0.168430112759787;7.49433689060451
24316937929.8487;26.9806758215923;0.0881241411666649;-7.70332216118427;-9.99031675064039;33.0532942081344;0.170694748416968;7.49433685630954
24316937930.0242;26.9806758257303;0.088124141188266;-7.62747033706642;-9.9097877001411;33.1100468408056;0.172839273465474;7.49433681759494
24316937930.189;26.9806758303973;0.0881241412128706;-7.5478973112285;-9.8259179498708;33.1695847115178;0.174871645021043;7.49433677366351
24316937930.3452;26.9806758357641;0.0881241412414259;-7.46396637606898;-9.73799545853531;33.2323841679824;0.176820419759144;7.49433672293935
24316937930.4969;26.9806758421837;0.0881241412758832;-7.37356347713847;-9.64378951781911;33.3000269925455;0.178738679402937;7.49433666223642
24316937930.6526;26.9806758505312;0.0881241413210849;-7.27073500122667;-9.53713538467205;33.3769679823241;0.180736762537395;7.49433658387087
24316937930.8207;26.9806758625163;0.0881241413865911;-7.14687328715824;-9.40923184160105;33.4696480230952;0.182933224990763;7.49433647330066
24316937931.0054;26.9806758812973;0.088124141490272;-6.99279210379123;-9.25081300518412;33.5849411627354;0.185405959864127;7.49433630488143
24316937931.2003;26.9806759118091;0.0881241416604524;-6.80531981451469;-9.05887795302947;33.725221103596;0.188103409321192;7.49433603999852
24316937931.4023;26.9806759653033;0.08812414196193;-6.57690417402462;-8.82595621630374;33.8961394265343;0.191028513021608;7.49433559450294
24316937931.6106;26.9806760713336;0.0881241425657485;-6.29338211351908;-8.53790534079006;34.1082944485445;0.19423915326887;7.49433476093607
24316937931.8258;26.9806763238885;0.0881241440191532;-5.9304911542288;-8.17046041992756;34.379841490789;0.197849339305872;7.49433293480026
24316937932.0443;26.9806770888789;0.0881241484673668;-5.45570849692076;-7.69117887219512;34.7351152450362;0.201975349751369;7.49432801031233
24316937932.2654;26.9806805956775;0.0881241690675571;-4.79978252747548;-7.03082211150232;35.2259223776184;0.206929681711393;7.49430918964143
24316937932.4897;26.9807170348057;0.0881243852885037;-3.78918078467308;-6.01585099936233;35.9819611219251;0.213508227569593;7.49416907854066
24316937932.7176;26.9842630668513;0.0881456366907109;-1.80804806306693;-4.03040312818716;37.4540102102105;0.22446222285036;7.48716715669422
24316937932.9467;27.0448367118203;0.0885121919192732;-0.577660452204856;-2.79580474128094;37.9134190656536;0.229429184892308;7.17893930360146
24316937933.1766;27.1769678332187;0.0893193551936883;-0.240606586426041;-2.45465031382905;36.6070475901099;0.223625320717731;6.13755884384895
24316937933.4081;27.3838818189016;0.0905950480777594;-0.0487014892812736;-2.25874520267233;33.9829707953097;0.20951620974335;4.28831529487026
24316937933.6413;27.6536608379922;0.0922733295470113;0.0632084524892286;-2.14293491942779;30.147755177112;0.187547641858264;1.66983093327379
24316937933.8758;27.9342888148145;0.0940343936175391;0.0780924640959435;-2.12426334451709;25.9436592018826;0.162807880368201;-1.14656541317021
24316937934.1104;28.1527879417114;0.0954171646061633;-0.0310055202080965;-2.22970496691211;25.5135438107432;0.161462376072252;-1.37939039225604
24316937934.3457;28.3439423928305;0.0966367556608543;-0.0902129867244496;-2.28538317164896;25.5602516419345;0.163077836145936;-1.31857288320131
24316937934.582;28.5167795767069;0.0977481591686013;-0.135773062437087;-2.32753848080802;25.5961379740187;0.164592114330209;-1.27180964096241
24316937934.8192;28.6756471930714;0.0987774692995879;-0.174047477492029;-2.36253660962702;25.625737463857;0.166030257072873;-1.23288995000014
24316937935.0567;28.8229129360855;0.0997385300363198;-0.20763721084573;-2.39298810886502;25.6514194139417;0.167401946546484;-1.19893027741657
24316937935.2942;28.9602219074404;0.100640812109198;-0.237949353739849;-2.42030593878688;25.674405907156;0.16871116252096;-1.16841055254135
24316937935.5322;29.0892514036992;0.10149428587402;-0.265948706069892;-2.44544753207583;25.6954935712817;0.169964467607102;-1.140316099132
24316937935.772;29.2115008863602;0.102308016815229;-0.292518330131254;-2.46928453019891;25.7152668023797;0.171168890068585;-1.11381490592699
24316937936.0181;29.3295565126287;0.103098643515887;-0.319114862916702;-2.49323007529848;25.7346177426703;0.172346516313346;-1.08758249260741
24316937936.2732;29.4441866097644;0.103870900434511;-0.347282318441706;-2.51881917104321;25.7544037717533;0.173506059880902;-1.06027397391826
24316937936.5386;29.5551406037435;0.104622705282718;-0.378851492821106;-2.54788931079812;25.7757276371276;0.174651820170579;-1.03023715517153
24316937936.8165;29.6618417985025;0.105349722726322;-0.415654770470795;-2.58227922164689;25.7998225939066;0.175789231882811;-0.995731846615014
24316937937.1102;29.7637771022275;0.106047999734552;-0.459648742112829;-2.6239456208781;25.8279770797979;0.176926755548585;-0.954918872756879
24316937937.426;29.8607215237379;0.106715540522738;-0.512878415485538;-2.67492343175732;25.8615540754715;0.178077726621966;-0.905865023042778
24316937937.7736;29.9525222195455;0.107350855363792;-0.578170618203394;-2.73802759053158;25.9020294435793;0.179257287476397;-0.846170748503204
24316937938.1785;30.0406052712769;0.107963513289328;-0.662491815038364;-2.82016611180477;25.9528479752171;0.180513931905194;-0.770051028684894
24316937938.6957;30.1259494679524;0.108560208237263;-0.782520149888738;-2.93794178393174;26.021443778416;0.181932277124851;-0.664199454496946
24316937939.5426;30.2086839520492;0.109142056449941;-1.01009714414873;-3.16297400269438;26.1352281638212;0.183801663369948;-0.474379616784315
24316937941.2987;30.2524398874078;0.109451212716319;-1.60351408365832;-3.75437300196414;26.314880419944;0.185927008853404;-0.0576301326438978
24316937948.1764;30.2571910637483;0.10948466643386;-3.16064694714857;-5.31300371104557;26.4142871857363;0.185986803946539;0.787354271102276
24316937994.626;30.2577001772793;0.109488223096326;-4.96016680577503;-7.11593879365328;26.4457037676228;0.184749444390584;1.70809905712377
24316938376.7382;30.2577645217853;0.109488667769773;-6.77367944396908;-8.93414971793179;26.4759389896641;0.182970509611058;2.63504848853546
24316941520.1116;30.2577730509542;0.109488725990284;-8.56648926366374;-10.7323199652837;26.5082871697219;0.180946824167834;3.55305722946696
24316963778.5918;30.2577743536626;0.10948873473058;-10.2326482910599;-12.4059693916195;26.5471985319356;0.178113811421343;4.41212213917897
24317057085.0343;30.2577746462548;0.109488736650888;-11.5036489083276;-13.6865405320118;26.5897525482692;0.174510945688162;5.07603834509098
24317377368.5644;30.2577747324487;0.109488737201306;-12.5700583691675;-14.7648423443836;26.6401201918064;0.17011875851786;5.64287654317854
24318316733.2649;30.257774763354;0.109488737392466;-13.4828007919987;-15.6914364978762;26.7003892819698;0.165151258462061;6.13949489979416
24320826577.4999;30.2577747764195;0.109488737470367;-14.2835199396117;-16.5081061638118;26.7751697858675;0.159641576995752;6.58979574944426
24327418201.7346;30.2577747828434;0.109488737507058;-15.0111928352984;-17.2544301842356;26.8750940759742;0.153501507252684;7.02037140039197
24348221252.8786;30.2577747866172;0.109488737527428;-15.7413453009508;-18.0091420518472;27.039570432165;0.14594964297637;7.49531244232664
24416764729.9947;30.2577747895811;0.109488737542347;-16.3641083960034;-18.6622108384056;27.3278076605761;0.137563225375409;7.99924697887265
24542747802.6529;30.2577747924915;0.10948873755625;-16.6363608378025;-18.9572169208496;27.6546674709614;0.132102901849719;8.35374282214186
24721539522.2459;30.257774796213;0.109488737573351;-16.6816308072862;-19.0193354197654;27.9998959555583;0.128662446464405;8.60702749779876
24947095475.4408;30.2577748021954;0.109488737600082;-16.5763808848618;-18.9262390436755;28.366664469223;0.126750625997157;8.79944903643736
25197237057.3971;30.2577748130795;0.109488737647817;-16.3613921960444;-18.719343537507;28.7448454058368;0.126069095176043;8.94463011679181
25461408338.7225;30.2577748361241;0.10948873774814;-16.0593157737786;-18.4204857894313;29.1414844844435;0.126864950854482;9.05860428949913
25730435212.6909;30.2577748926451;0.109488737995726;-15.6775860959473;-18.0360687466206;29.5643714281507;0.129504839853697;9.15029438268435
25995486693.1678;30.2577750528468;0.109488738714924;-15.2186631247412;-17.5664822772911;30.0194925691735;0.134767196606168;9.22493247453916
26249015592.8083;30.257775586314;0.109488741231368;-14.6769197612072;-17.0032400608413;30.5162930358873;0.143949936278447;9.28602022099146
26489482572.1637;30.2577779003295;0.109488753129073;-14.016689172352;-16.3055922755239;31.0865292986111;0.159833987450033;9.33695288088037
26718927306.4912;30.2577950376817;0.109488855468613;-13.1267343739847;-15.3506346325902;31.8175174606547;0.190005438772759;9.38048533405068
26938661480.2626;30.2585711667912;0.109495183910277;-11.4519636326713;-13.5406008240055;33.1248461612729;0.270095083374525;9.41693600439538
27150139737.5827;30.3466760856014;0.110257451162306;-9.38026556763895;-11.4431584606304;34.1408025313581;0.295379827586207;9.05998403784233
27352880416.1691;30.4666454469194;0.11063246297181;-9.22787054897125;-11.7328959514536;32.896110296101;0.102829836820588;8.1514109716722
27547145611.5961;30.5774220966069;0.110650334043437;-9.24394677305212;-13.0362444038567;32.4622292329581;0.00523697751673742;7.86944717132075
27732654112.9819;30.6864266383282;0.11055605169388;-9.23091922364097;-12.2939334202305;32.4290574737936;-0.0280491774404703;7.84077760171947
27906813835.8178;30.7940403190373;0.110386037487718;-9.2090802390642;-12.0104625129159;32.4137410058751;-0.051209069418781;7.81964321994502
28072805154.3777;30.9019300402088;0.110151950769373;-9.18710530407147;-11.8507086014703;32.3971517158778;-0.0702916167226268;7.79759537939067
28229914169.1742;31.0094824522327;0.109867108701994;-9.16458095070701;-11.7415969760315;32.3808153492949;-0.0857574294612893;7.77544281087644
28378165205.1022;31.1167022828472;0.109542266419276;-9.14072261995658;-11.6593251830652;32.3635221998822;-0.0980512687619775;7.75198244013199
28515582646.0615;31.2207704437082;0.109196917223821;-9.12072397709717;-11.5997834080948;32.3460487024806;-0.10734005293375;7.73032784175603
28642974135.5228;31.3198224988188;0.108847754904578;-9.10927692479731;-11.5621130458658;32.3328300302858;-0.113974474416154;7.71578738731198
28761596541.5259;31.4138008317771;0.108503571115678;-9.10113899153603;-11.5373763173774;32.3258086902078;-0.118389196360829;7.70703766831749
28874859629.3046;31.5072207818419;0.108153079567712;-9.08364876637842;-11.5094108476863;32.319573832546;-0.121256085603713;7.69413382219188
28981619727.2834;31.6029273536568;0.107788530097344;-9.04746720349802;-11.4666524920762;32.3048051481581;-0.123050062120016;7.66617996794886
29077217179.6316;31.7000222841023;0.107416517270343;-8.99324976361001;-11.4098884039623;32.2763976782388;-0.12366489054157;7.62009261855382
29149255610.1967;31.7847289178258;0.107096550655742;-8.92964681963473;-11.3524595763914;32.2424252257862;-0.121790929382247;7.56558805612448
29188203689.982;31.8375052097981;0.10690854181911;-8.86804717727914;-11.3163077889044;32.218695863669;-0.114775011672132;7.51891664699922
29200186070.339;31.8550415077089;0.106855723628523;-8.83460518652726;-11.355759581961;32.2117518731829;-0.0970197049699428;7.49751747870654
29202008843.6418;31.8577606422311;0.106850948117425;-8.82630196535711;-11.5817128003903;32.2121873502863;-0.056573022383108;7.49359305110709
29202112595.3626;31.8579160417707;0.106850859155459;-8.82454558070072;-12.0667909397809;32.2131918816213;-0.0184411669869399;7.493356665419
29202120800.5232;31.8579283717649;0.106850866577603;-8.82312421269758;-12.0435577205398;32.2142263445919;0.0193916247273834;7.4933375220762
29202121499.6823;31.8579294259208;0.106850868484579;-8.8216712346835;-11.5642308209912;32.2152647658379;0.058277661785991;7.4933358533194
29202121567.7875;31.8579295289716;0.106850868804216;-8.82012878057606;-11.3285241592037;32.2163175687731;0.0999264638328523;7.49333568694257
29202121577.0176;31.8579295429934;0.106850868869209;-8.81840318403899;-11.152338932731;32.2174196791787;0.149332730384469;7.49333566380648
29202121580.3634;31.857929548101;0.106850868904613;-8.81627804127178;-10.9754439183151;32.2185864030606;0.223326677428011;7.49333565516308
29202121582.4331;31.857929551278;0.106850868938425;-8.81389340222562;-10.7868304901137;32.2193307756497;0.342909429398293;7.49333564963423
29202121583.9302;31.8579295535899;0.106850868976005;-8.81127058063865;-10.6002742125228;32.2188863741183;0.523729326749905;7.49333564548927
29202121585.0885;31.8579295553907;0.106850869007567;-8.80837050636035;-10.5646839593276;32.2203718853606;0.564699100221387;7.49333564215711
29202121586.0547;31.857929556904;0.106850869025716;-8.80511220032054;-10.726210252731;32.2254146204502;0.386456362153025;7.49333563926251
29202121586.881;31.8579295582088;0.106850869029992;-8.80159133513391;-11.2860240268132;32.2301718355434;0.105640373807675;7.49333563667823
29202121587.6088;31.8579295593682;0.106850869026278;-8.79781431585449;-11.2921927023748;32.233005985125;-0.103257694085552;7.49333563429706
29202121588.2801;31.8579295604478;0.106850869020982;-8.79362814077231;-11.1029020902066;32.23591836398;-0.158148871704033;7.49333563199481
29202121588.8939;31.8579295614454;0.10685086901618;-8.78912032824604;-11.1066382947614;32.2393060047015;-0.155191423929466;7.49333562978186
29202121589.441;31.857929562344;0.106850869012013;-8.78449707898774;-11.1182463196607;32.2427923578953;-0.149514531998132;7.49333562770786
29202121589.9631;31.8579295632114;0.106850869008222;-8.77950191964855;-11.1389777120437;32.246568737257;-0.140931384047449;7.49333562562576
29202121590.4423;31.8579295640171;0.106850869004973;-8.77436997044049;-11.1688179993248;32.2504544950361;-0.130043248738901;7.49333562361372
29202121590.8872;31.8579295647741;0.106850869002208;-8.76908886670016;-11.2064877857445;32.2544531055982;-0.117812334965041;7.49333562164855
29202121591.3179;31.8579295655167;0.106850868999801;-8.76344828537027;-11.2527087538888;32.2587194040935;-0.104565075266253;7.4933356196457
29202121591.7349;31.8579295662456;0.106850868997746;-8.75744312124716;-11.3074292610273;32.2632542148415;-0.0909331070095545;7.49333561760214
29202121592.1281;31.8579295669428;0.106850868996065;-8.75124082170274;-11.3689705800295;32.2679296247788;-0.0778110619935636;7.49333561557036
29202121592.5103;31.8579295676309;0.106850868994675;-8.74465623797416;-11.4391947650997;32.2728847889641;-0.0652077568126015;7.49333561348706
29202121592.8788;31.857929568305;0.106850868993558;-8.73773516617922;-11.5185180897301;32.2780854701429;-0.0534718049075808;7.49333561136619
29202121593.232;31.8579295689618;0.106850868992688;-8.73052608014215;-11.6085530294167;32.2834961379493;-0.042751721881961;7.49333560921967
29202121593.5773;31.8579295696155;0.106850868992023;-8.72287727711088;-11.7151556850607;32.2892315026309;-0.0328684557939141;7.49333560700142
29202121593.9102;31.8579295702574;0.106850868991545;-8.7148876429078;-11.8434936976923;32.2952181829539;-0.0240177416047848;7.49333560473971
29202121594.2355;31.8579295708968;0.106850868991227;-8.70645255551759;-12.0098218287587;32.3015353808659;-0.0160640072988975;7.49333560240149
29202121594.5525;31.8579295715328;0.106850868991056;-8.69761696434388;-12.2672271589677;32.3081501985944;-0.0087036596233078;7.49333559998752
29202121594.8639;31.8579295721711;0.106850868991031;-8.68835419129179;-13.0887747277141;32.3150830351263;-0.00128524149838602;7.49333559747499
29202121595.1674;31.8579295728069;0.106850868991155;-8.67877437716257;-12.3860879127697;32.3222514003154;0.00634144263633598;7.4933355948801
29202121595.4658;31.8579295734465;0.10685086899144;-8.66883485869706;-12.020895865494;32.3296869901582;0.0143727705703962;7.49333559217621
29202121595.7579;31.8579295740878;0.106850868991889;-8.65860085328395;-11.8135419354045;32.3373408242758;0.0226340995591934;7.49333558937033
29202121596.0473;31.8579295747386;0.106850868992515;-8.64797722584913;-11.6646302452822;32.3452839202636;0.0311284824051541;7.49333558642617
29202121596.3327;31.8579295753971;0.106850868993322;-8.6370012354616;-11.5488656846443;32.3534884869229;0.0396329743101445;7.49333558334799
29202121596.6125;31.8579295760594;0.1068508689943;-8.62573624292447;-11.4562943175788;32.3619076051221;0.0478052990127476;7.49333558015191
29202121596.8901;31.8579295767345;0.106850868995458;-8.61402044223232;-11.3795855357582;32.370662794997;0.0555375219920672;7.49333557679201
29202121597.1632;31.8579295774176;0.10685086899678;-8.60192503513536;-11.3152942738807;32.3797014362982;0.0626474792842675;7.49333557328798
29202121597.4362;31.8579295781203;0.106850868998281;-8.58923414587069;-11.2595551606444;32.3891853563979;0.0691956845468015;7.49333556957526
29202121597.7074;31.8579295788403;0.106850868999952;-8.57597502511051;-11.2104686652171;32.3990945305018;0.0751690796477643;7.4933355656595
29202121597.9732;31.8579295795687;0.106850869001763;-8.56229467151711;-11.1667416490791;32.4093192400908;0.0805791962586996;7.49333556158305
29202121598.2365;31.8579295803141;0.106850869003731;-8.54802384455105;-11.1264304099141;32.4199859947691;0.0855866952900707;7.49333555729422
29202121598.499;31.8579295810835;0.106850869005873;-8.53301506736617;-11.0882418387305;32.431205016184;0.0903100981523961;7.49333555274559
29202121598.7599;31.8579295818764;0.10685086900819;-8.51725914367847;-11.0515717835046;32.4429831635576;0.0947999572176733;7.49333554793132
29202121599.018;31.8579295826909;0.106850869010677;-8.50076966459786;-11.0160296106709;32.4553102635061;0.0990890852374818;7.49333554285336
29202121599.2753;31.8579295835366;0.106850869013366;-8.48333663212142;-10.9808927562072;32.4683433073724;0.103253315355278;7.49333553744418
29202121599.5302;31.8579295844102;0.106850869016251;-8.46500493303922;-10.9460851201377;32.4820487584097;0.107290983621969;7.4933355317134
29202121599.7831;31.8579295853165;0.106850869019354;-8.44565379698219;-10.9112693106326;32.4965169479992;0.111229837087496;7.49333552561792
29202121600.0351;31.8579295862634;0.106850869022706;-8.4251017442912;-10.8760825052235;32.5118836294457;0.11509630219049;7.49333551909371
29202121600.2888;31.8579295872665;0.106850869026374;-8.40298777690466;-10.8399435863997;32.5284188216239;0.118934306241144;7.49333551201649
29202121600.5413;31.8579295883206;0.106850869030347;-8.37940020061354;-10.803054276635;32.5460566172132;0.122699925654468;7.49333550440213
29202121600.7908;31.8579295894238;0.106850869034628;-8.35436517780083;-10.7654849314989;32.5647775706418;0.126365454120482;7.49333549624542
29202121601.0376;31.8579295905846;0.106850869039257;-8.32769371744778;-10.7269798961823;32.5847231290699;0.129935510314586;7.49333548746846
29202121601.2846;31.8579295918257;0.106850869044337;-8.29887990735977;-10.6868705275049;32.6062717706776;0.133447525119076;7.49333547788048
29202121601.5309;31.857929593155;0.106850869049913;-8.26775991110358;-10.6450113967337;32.6295461862928;0.136886162329808;7.4933354673938
29202121601.777;31.8579295945915;0.106850869056083;-8.23393008807404;-10.6009469606906;32.6548484317568;0.140259019861352;7.49333545583068
29202121602.0215;31.8579295961434;0.1068508690629;-8.19726511913938;-10.5545949550705;32.6822724118571;0.143543129251454;7.49333544309129
29202121602.265;31.8579295978394;0.106850869070508;-8.15721395025021;-10.505338822095;32.7122304731815;0.146752424687688;7.49333542890997
29202121602.5044;31.8579295996809;0.106850869078935;-8.11390378990423;-10.4533973095505;32.7446276274547;0.149846476834297;7.49333541323474
29202121602.738;31.8579296016818;0.106850869088263;-8.06724009732773;-10.3986837619965;32.779534717026;0.152812584198913;7.49333539591353
29202121602.9652;31.8579296038669;0.106850869098627;-8.01696916669252;-10.3409132552419;32.8171416289257;0.155652701541478;7.4933353767011
29202121603.1857;31.8579296062687;0.106850869110203;-7.96278639660597;-10.2797441686843;32.8576763190546;0.158372245691071;7.4933353552859
29202121603.3989;31.8579296089256;0.106850869123203;-7.90439988809545;-10.2148525331222;32.9013572373519;0.160976013724899;7.49333533130021
29202121603.6041;31.8579296118815;0.106850869137868;-7.84156734939233;-10.1459708116082;32.9483657157121;0.163467121674877;7.49333530432213
29202121603.8005;31.8579296151855;0.106850869154473;-7.77414134144641;-10.0729337822376;32.9988121125298;0.165846330072745;7.49333527388497
29202121603.987;31.8579296188864;0.106850869173296;-7.70226851224285;-9.99588010971665;33.0525867261943;0.168110119150785;7.49333523951119
29202121604.1625;31.8579296230336;0.106850869194622;-7.62644260062879;-9.91529740392941;33.1093201174207;0.170253269025038;7.49333520071095
29202121604.3272;31.8579296277108;0.106850869218916;-7.5468923981742;-9.83137783274949;33.1688410498398;0.172283966727253;7.49333515668182
29202121604.4834;31.8579296330888;0.106850869247113;-7.4629907327008;-9.74341796612178;33.2316187386187;0.174230532197489;7.49333510585037
29202121604.6351;31.8579296395209;0.106850869281137;-7.37262716332104;-9.64918869208094;33.2992322658421;0.176145962059325;7.49333504502806
29202121604.7907;31.8579296478813;0.106850869325759;-7.26986456706393;-9.54253863151798;33.3761240971533;0.178140159595541;7.49333496653176
29202121604.9588;31.8579296598888;0.106850869390457;-7.14604165585124;-9.41460774276017;33.4687752526691;0.180332387808115;7.4933348557513
29202121605.1434;31.8579296786916;0.106850869492801;-6.99207366203936;-9.25623348149784;33.5839838645449;0.182798401265319;7.49333468710613
29202121605.3383;31.8579297092487;0.10685086966087;-6.8046672156355;-9.06429250280779;33.7242147201755;0.185488316087248;7.49333442180918
29202121605.5402;31.8579297628064;0.106850869958566;-6.57634808835565;-8.83139583887322;33.8950610232903;0.188403371213089;7.49333397572167
29202121605.7486;31.8579298689126;0.10685087055463;-6.29299125644805;-8.54343973382961;34.1070926259974;0.191600316989869;7.49333314139665
29202121605.9637;31.8579301215161;0.106850871988847;-5.93033836394691;-8.1761628607876;34.3784617719444;0.195191968486736;7.49333131446389
29202121606.1822;31.8579308863543;0.106850876377317;-5.45581008961569;-7.69706647453951;34.7335454576885;0.199293315215367;7.49332638970862
29202121606.4033;31.8579343884911;0.106850896680989;-4.80033777012483;-7.03709628653455;35.2240134931423;0.204211559733712;7.4933075853078
29202121606.6276;31.8579706915827;0.106851109308491;-3.79076821359216;-6.02309238782157;35.9792809002776;0.210730940213845;7.49316787175527
29202121606.8554;31.8614840355701;0.106871895494592;-1.81199008344495;-4.03993594534215;37.4496592057883;0.221565434082165;7.48622637863035
29202121607.0845;31.921937307841;0.107233094318687;-0.57854604378426;-2.80221952974124;37.9129432578765;0.22652389206262;7.17905930244107
29202121607.3145;32.0539277738296;0.108029306576046;-0.241090759561356;-2.46060446260666;36.6090196910783;0.220838300627538;6.13911403155258
29202121607.5459;32.2606799352387;0.109288212184904;-0.049034119841357;-2.26449100977019;33.9876229722884;0.206949271533262;4.29158616073644
29202121607.7792;32.5303140469117;0.110945022470655;0.0629964252538167;-2.14850562703593;30.1551625016384;0.185293259414452;1.67488350076795
29202121608.0136;32.8110018984642;0.112685071865407;0.0781992484775443;-2.12946279110191;25.9484142479725;0.160860266154114;-1.14344336017087
29202121608.2483;33.0295288889942;0.11405138304068;-0.0309572009556371;-2.23491266529367;25.5135002235967;0.159519793830912;-1.3794451404228
29202121608.4836;33.2207025426813;0.115256556287178;-0.0901904846291106;-2.29056904278944;25.5602300552692;0.161133633441766;-1.31860009674444
29202121608.7198;33.393548146997;0.116354879121613;-0.135765928121428;-2.3326942546802;25.5961316616839;0.162646981903455;-1.27181903385083
29202121608.957;33.5524202993582;0.117372155493158;-0.174049047288134;-2.36765786940497;25.625739072246;0.164084507411371;-1.23288976400513
29202121609.1946;33.6996882396982;0.118322057055956;-0.207644679394389;-2.3980742901153;25.6514262337953;0.165455765940896;-1.19892372239721
29202121609.4321;33.8369979430984;0.119213933364118;-0.237960989803651;-2.42535759137952;25.6744163720455;0.166764643146679;-1.16839953795637
29202121609.6701;33.966031313385;0.120057656156516;-0.265963505796444;-2.45046576543798;25.6955068431108;0.168017658824308;-1.14030168439381
29202121609.9099;34.0882896157417;0.120862188372784;-0.292535366477725;-2.47427028804162;25.7152824504572;0.169221826109262;-1.11379784008125
29202121610.1561;34.2063375782857;0.121643829974965;-0.319129595516793;-2.4981804249997;25.7346326934154;0.170399040326702;-1.08756709881157
29202121610.4111;34.3209554959376;0.122407334757537;-0.347289485507948;-2.52373023774527;25.7544147836772;0.171557983799453;-1.06026504852967
29202121610.6765;34.4318919130667;0.123150632468767;-0.378845399587809;-2.55275673959379;25.7757309644452;0.172702907908611;-1.0302400480454
29202121610.9542;34.5385652128496;0.123869396953615;-0.415625202332251;-2.58709432202376;25.7998118905498;0.173839081948589;-0.995755905459063
29202121611.2479;34.6404825774261;0.124559850438884;-0.459589799846007;-2.62870355862105;25.82794871481;0.174975062214469;-0.954969473113565
29202121611.5635;34.7373882932286;0.125219804304723;-0.512763209313376;-2.67959902597782;25.8614915818079;0.176123680676765;-0.905966614377678
29202121611.9108;34.8291800158018;0.12584812523061;-0.577993742610501;-2.74261573866151;25.9019316238713;0.177300580095466;-0.846326834037516
29202121612.3151;34.917196985825;0.126453676517704;-0.662142165942704;-2.8245576483198;25.9526533079668;0.178552642859668;-0.770358273823833
29202121612.831;35.0024550270963;0.127043328459267;-0.781756023364459;-2.94189564136369;26.0210381222108;0.179963736223265;-0.664854986648512
29202121613.6736;35.085196699464;0.127618974313606;-1.00794132935174;-3.16551024259753;26.1342846910578;0.181820021375038;-0.476090438523026
29202121615.4142;35.1294123899199;0.127928046515122;-1.59510653331074;-3.75062299886765;26.3133858233851;0.183933259933879;-0.0628351494010381
29202121622.183;35.1342686843896;0.127961877415984;-3.1442100203694;-5.30120147092896;26.4139523314815;0.184010217720966;0.778909534914558
29202121667.8716;35.134786837763;0.127965458531657;-4.9453487823542;-7.10578876296118;26.4454882978647;0.182772818804247;1.70054361270768
29202122043.8008;35.1348522216515;0.127965905508309;-6.75963534103098;-8.92482124740236;26.4757258555795;0.180993079397803;2.62788166027296
29202125133.3038;35.1348608907963;0.127965964038474;-8.55191235828009;-10.7225088710061;26.5080193066823;0.178970217342197;3.54558754668462
29202147114.2878;35.1348622104761;0.127965972794514;-10.2215785909377;-12.3997394251348;26.5469128054738;0.176138052087825;4.40639428192614
29202239518.6198;35.1348625060754;0.127965974712629;-11.4949888877447;-13.6828176340036;26.5894321467436;0.172536234753408;5.0714923550402
29202557400.4903;35.1348625929639;0.127965975261039;-12.5633033109546;-14.7631606279245;26.6397676769785;0.168140802585646;5.63926179543993
29203490273.0194;35.1348626240703;0.127965975451138;-13.4769728380092;-15.6908425061236;26.6999574196602;0.163170220586897;6.13629093811541
29205980626.3218;35.1348626372087;0.127965975528503;-14.2777180398776;-16.507717126104;26.7745423370803;0.157660525526328;6.58647442761182
29212521382.8692;35.134862643664;0.127965975564897;-15.0057137859679;-17.2545927816782;26.8741839559229;0.151515230169465;7.01702294828794
29233103611.0004;35.1348626474496;0.127965975585054;-15.7353567599699;-18.0090754287382;27.0377614734257;0.143963389636367;7.49110910737687
29301075710.6716;35.1348626504148;0.127965975599762;-16.3602761308101;-18.6647745024858;27.3249682580517;0.135538069143672;7.99543364986026
29426720362.0319;35.1348626533246;0.127965975613443;-16.6352841259749;-18.9630053362734;27.6519774695842;0.130018449914029;8.35140724619436
29604748249.4506;35.1348626570268;0.127965975630176;-16.6820272454886;-19.0269166691132;27.9964184007333;0.126535694099277;8.60490242282531
29829998939.0606;35.1348626629786;0.127965975656319;-16.578012380294;-18.9353169456575;28.3630868807842;0.124580173083354;8.79787470210686
30079941545.6926;35.1348626737898;0.127965975702907;-16.3639697106927;-18.7295659113151;28.7410829914542;0.123853113351433;8.94340528873274
30343990906.6895;35.134862696643;0.127965975800634;-16.0627381893355;-18.4316682458448;29.1374441332472;0.124600962560659;9.05761612103011
30613072043.8414;35.1348627526438;0.127965976041579;-15.6816888249688;-18.0479654823811;29.56012902911;0.127183176607691;9.14951116881753
30878083376.6656;35.1348629109533;0.127965976739758;-15.2237575459968;-17.5792976840401;30.0146783031604;0.132371214927364;9.22426263565591
31131337312.0685;35.1348634352803;0.12796597917043;-14.6839539047665;-17.0178298766386;30.5100673284244;0.141438354193217;9.28537649079795
31370532152.3203;35.134865667389;0.127965990450161;-14.0300364705105;-16.3264530817871;31.0753076343506;0.15703585571725;9.33612608606428
31600901654.4078;35.1348822538942;0.127966087914276;-13.1426700958964;-15.3735802382389;31.8047350031176;0.186888095806855;9.37990718397204
31820596028.4335;35.1355839292029;0.127971718198062;-11.4956827411816;-13.591288650233;33.0915270867171;0.265528352052273;9.41651684989319
32032410488.8964;35.2228738487103;0.128724681986175;-9.38499151282456;-11.4491815154322;34.1557147263201;0.294627563998034;9.07231147750776
32235843851.6968;35.3432917715526;0.12909804482304;-9.22773104660234;-11.7362910904217;32.907798426457;0.102032560315587;8.15915453404065
32429973360.4112;35.4539958089611;0.12910889045092;-9.24392809545589;-13.2528368560106;32.4634209620769;0.00318042766745708;7.87023949750944
32615974130.1149;35.5632324471471;0.129006333484842;-9.23114641537171;-12.2585495766866;32.4291983884631;-0.030446196938228;7.8409923729332
32790350709.045;35.6709235140495;0.128828012263136;-9.20930847348139;-11.9902851221494;32.4138887205774;-0.0536728291688947;7.81986426249288
32956588818.1721;35.7789226865393;0.128585303204077;-9.18731016251255;-11.8356446037899;32.3972861714928;-0.0728071767726273;7.79779691310036
33113725523.5957;35.8864370159173;0.128292147313359;-9.16481129300732;-11.7291790179661;32.3809599285061;-0.0882921300357471;7.77566468147774
33261990129.4255;35.9936080563532;0.127959014411575;-9.14096004038118;-11.6484199595329;32.3636911851769;-0.100600034422703;7.75222482457902
33399456925.6039;36.0976731558618;0.127605428860742;-9.12089270721304;-11.5897033016643;32.346203934684;-0.109903804345491;7.73052721248861
33526954075.7305;36.1967860627606;0.127248144532626;-9.10937026351517;-11.5524865105624;32.3329167961904;-0.116554390492991;7.71590370591309
33645641600.6625;36.2907860257599;0.126896353842169;-9.10127739066005;-11.5281207309039;32.3258545458483;-0.120978076239851;7.70714943981478
33758917137.499;36.3841479453421;0.126538599788739;-9.08396635656071;-11.5005515659594;32.3196763276812;-0.123845945579541;7.69437318793368
33865938870.5629;36.4799910036347;0.126165846291714;-9.04791131613905;-11.4580502529513;32.3050112213848;-0.125640877062092;7.66655190013611
33961683359.1788;36.5771052767714;0.125785951823474;-8.99383071988119;-11.4014508141611;32.2767001312023;-0.126260944317015;7.62059741967622
34034129879.0162;36.6621690383686;0.125457715335254;-8.93027294410822;-11.3438306703135;32.2426312975116;-0.124415001986017;7.56605102382682
34073481854.1433;36.7154291979183;0.1252635670042;-8.86856407194355;-11.3068328734526;32.2186975055665;-0.117446256307186;7.51918815256646
34085645989.491;36.7332216394349;0.125208437756554;-8.834845696815;-11.3436991781311;32.2116313678811;-0.0998065949031059;7.49756844476378
34087509090.5188;36.7360001498316;0.125203304796058;-8.82642437925038;-11.5598684836225;32.2120460501797;-0.059507842777493;7.49356894080566
34087615755.676;36.7361598729027;0.125203199011843;-8.82465492559206;-12.0036017073843;32.2130547261416;-0.0213346306480706;7.49332647370526
34087624158.83;36.7361724972632;0.1252032054646;-8.8232329339478;-12.1146970261604;32.2140924084794;0.0164657610224036;7.4933069110054
34087624873.4918;36.7361735745222;0.125203207313406;-8.82178046459283;-11.5872092249482;32.2151340033727;0.0552880384307824;7.49330520887849
34087624943.0207;36.7361736797006;0.125203207629597;-8.8202387653816;-11.3422152254091;32.2161903219002;0.096849575662541;7.49330503938017
34087624952.3811;36.7361736939166;0.125203207694048;-8.81851552155363;-11.1620618681725;32.2172962032678;0.146063849875709;7.49330501596651
34087624955.7469;36.7361736990535;0.125203207729071;-8.81639233539281;-10.9827493570892;32.2184715898594;0.219658448831346;7.49330500728933
34087624957.8211;36.7361737022364;0.125203207762453;-8.81401266813482;-10.793326937105;32.2192395620463;0.337909978748188;7.49330500175985
34087624959.3246;36.7361737045577;0.125203207799882;-8.81138734323299;-10.6039005650918;32.2188123107197;0.519512862979643;7.49330499760538
34087624960.4864;36.7361737063635;0.125203207831454;-8.80848573717298;-10.5658476127806;32.2202550193079;0.563335470972542;7.49330499426959
34087624961.4522;36.7361737078757;0.125203207849636;-8.80523564281378;-10.7252050235205;32.2252560591447;0.38746010890528;7.49330499138173
34087624962.2792;36.7361737091812;0.125203207853994;-8.80171831318575;-11.2782559484003;32.2300162252252;0.107577857060077;7.49330498880004
34087624963.007;36.7361737103403;0.125203207850286;-8.79794817992631;-11.2929063845037;32.2328520039885;-0.103119436127936;7.49330498642344
34087624963.6802;36.7361737114226;0.125203207844904;-8.79375666907306;-11.0971693855524;32.2357574337549;-0.160296914434515;7.49330498411879
34087624964.2936;36.7361737124192;0.125203207840042;-8.78925772958417;-11.1010270050211;32.2391390215895;-0.157258511124742;7.49330498191114
34087624964.8396;36.7361737133157;0.125203207835827;-8.78465118798798;-11.1123013882229;32.242613016216;-0.151628217849715;7.49330497984535
34087624965.3589;36.7361737141781;0.125203207831998;-8.77969184646515;-11.1323873064934;32.2463626975569;-0.143147996648577;7.49330497777845
34087624965.8475;36.7361737149993;0.125203207828635;-8.77446536568109;-11.1621498029314;32.2503206541106;-0.132083813645712;7.49330497573047
34087624966.2923;36.7361737157561;0.125203207825822;-8.76918537828652;-11.1990934982719;32.2543191647537;-0.119861514008225;7.49330497376778
34087624966.7231;36.7361737164988;0.125203207823368;-8.76354391808053;-11.2443608088897;32.2585869445596;-0.10661748870312;7.49330497176662
34087624967.1372;36.7361737172223;0.12520320782128;-8.75758324636036;-11.2973957716946;32.2630890269165;-0.0930879403340833;7.49330496973986
34087624967.5303;36.7361737179192;0.125203207819553;-8.75138661921108;-11.3572023859963;32.2677610386615;-0.0799747820672104;7.49330496771125
34087624967.9135;36.7361737186089;0.125203207818114;-8.74478896790941;-11.4253153069043;32.2727268726998;-0.0673456150421769;7.49330496562525
34087624968.2836;36.7361737192856;0.125203207816949;-8.73784202509587;-11.5019325570825;32.2779477575674;-0.0555667993795948;7.49330496349806
34087624968.6374;36.7361737199436;0.125203207816035;-8.73061885244756;-11.5880371878136;32.2833696804176;-0.0448291520223415;7.49330496134908
34087624968.9832;36.736173720598;0.125203207815327;-8.72296019947246;-11.6887046938723;32.2891130534954;-0.0349390925531374;7.49330495912981
34087624969.3168;36.736173721241;0.125203207814808;-8.71495409202072;-11.807807107706;32.2951126314383;-0.0260785708615428;7.49330495686533
34087624969.6423;36.7361737218809;0.125203207814449;-8.70650845385044;-11.9574743175593;32.301438228006;-0.0181240810686298;7.49330495452606
34087624969.9601;36.7361737225184;0.125203207814237;-8.69765030345206;-12.1752793405795;32.3080703948247;-0.0107567724931858;7.4933049521077
34087624970.272;36.7361737231575;0.125203207814171;-8.68837062693595;-12.6742839550506;32.3150163476428;-0.00333803627443752;7.49330494959229
34087624970.5754;36.7361737237932;0.125203207814255;-8.67878860832595;-12.5570120590304;32.3221868434186;0.00427835961108117;7.49330494699835
34087624970.874;36.7361737244333;0.125203207814498;-8.66883663147434;-12.0882151279554;32.3296322639119;0.0123089857310618;7.49330494429252
34087624971.1655;36.7361737250731;0.125203207814905;-8.65862415902964;-11.8556447764865;32.3372705224185;0.0205438929019515;7.49330494149385
34087624971.4542;36.7361737257224;0.125203207815487;-8.64802132079119;-11.6952170404485;32.3451986252568;0.0290144339847246;7.49330493855684
34087624971.7396;36.7361737263806;0.12520320781625;-8.63704777601797;-11.572789952929;32.3534019185763;0.0375126526752474;7.49330493548081
34087624972.0193;36.7361737270427;0.125203207817185;-8.62578308674027;-11.476061422834;32.3618213419922;0.0456830003797793;7.49330493228631
34087624972.2967;36.7361737277174;0.125203207818298;-8.61407159681193;-11.3965764530447;32.3705738108774;0.0534128241760702;7.49330492892918
34087624972.5701;36.7361737284011;0.125203207819577;-8.60196193290021;-11.3302438678168;32.3796235636798;0.0605326742051877;7.49330492542261
34087624972.8431;36.7361737291038;0.125203207821032;-8.58926889845283;-11.2730497854063;32.3891095050544;0.0670838718870805;7.4933049217109
34087624973.1143;36.7361737298238;0.125203207822656;-8.57600551925389;-11.2228495379897;32.3990222408253;0.0730613823947967;7.49330491779558
34087624973.38;36.7361737305517;0.125203207824418;-8.56232993085711;-11.1782838711837;32.4092437299095;0.0784720424673934;7.49330491372228
34087624973.6432;36.7361737312969;0.125203207826337;-8.54805837584708;-11.137275342693;32.4199113426688;0.083482386563773;7.49330490943504
34087624973.9054;36.7361737320651;0.125203207828426;-8.53306848164099;-11.0985484678306;32.4311165429696;0.0882027071151791;7.49330490489407
34087624974.1661;36.7361737328575;0.12520320783069;-8.51731888630318;-11.0613873691171;32.4428902374862;0.0926938785233206;7.49330490008378
34087624974.4242;36.7361737336721;0.125203207833125;-8.50082351097047;-11.0253924023204;32.4552220098501;0.0969874839300591;7.49330489500614
34087624974.6814;36.7361737345168;0.125203207835756;-8.48340481978315;-10.9898928397943;32.4682445875878;0.101151141664467;7.49330488960367
34087624974.9362;36.7361737353904;0.125203207838585;-8.46506803102969;-10.9547246226119;32.4819540909339;0.105192688918129;7.49330488387368
34087624975.1892;36.7361737362968;0.125203207841629;-8.44570982192984;-10.9195795060584;32.4964278092769;0.109135474087916;7.49330487777846
34087624975.4409;36.7361737372423;0.125203207844916;-8.42518081638804;-10.8841428092108;32.5117774932074;0.113000072258309;7.49330487126422
34087624975.6941;36.7361737382432;0.125203207848511;-8.40310782028236;-10.8478005186038;32.5282822811872;0.11683378104141;7.49330486420303
34087624975.9465;36.7361737392964;0.125203207852413;-8.37953333756114;-10.8106812179286;32.5459105113218;0.120600343724897;7.49330485659608
34087624976.1959;36.7361737403992;0.125203207856622;-8.3545036006116;-10.7728902003911;32.5646277303298;0.124268059882099;7.4933048484445
34087624976.4427;36.7361737415591;0.125203207861172;-8.32784587719213;-10.7341938656997;32.5845632273277;0.127839162096268;7.49330483967573
34087624976.6896;36.7361737427995;0.125203207866169;-8.29904134219631;-10.6939006068024;32.6061051392083;0.131352898321983;7.49330483009483
34087624976.9359;36.7361737441283;0.125203207871659;-8.26792458272304;-10.6518631347587;32.6293773354564;0.134793898526255;7.49330481961362
34087624977.1822;36.7361737455654;0.12520320787774;-8.23407020314262;-10.6075970823174;32.6546981446948;0.13817160245619;7.49330480804683
34087624977.4266;36.7361737471162;0.125203207884451;-8.1974209224892;-10.5611083789727;32.682110581818;0.141456412163214;7.49330479531805
34087624977.6701;36.7361737488113;0.125203207891948;-8.15737926103265;-10.5117179610313;32.7120617174642;0.144666913877092;7.4933047811459
34087624977.9094;36.7361737506516;0.125203207900253;-8.1140810619822;-10.4596563994851;32.7444501025562;0.147761864989144;7.49330476548148
34087624978.143;36.7361737526512;0.125203207909447;-8.06742906047371;-10.4048333305916;32.7793486164942;0.150728733154939;7.49330474817187
34087624978.3702;36.736173754835;0.125203207919666;-8.01717154032231;-10.3469652313811;32.8169456581664;0.153569321983883;7.49330472897277
34087624978.5906;36.7361737572353;0.125203207931084;-7.96300269011916;-10.2857081219789;32.8574700890823;0.156289099672585;7.49330470757244
34087624978.8037;36.7361737598903;0.125203207943906;-7.9046337488058;-10.2207407185548;32.9011380119837;0.158892701941272;7.4933046836048
34087624979.0089;36.736173762844;0.125203207958373;-7.84182163053117;-10.151793854273;32.9481313530104;0.161383290037709;7.49330465664819
34087624979.2053;36.7361737661452;0.125203207974756;-7.77441933854694;-10.0787022281417;32.998560139702;0.163761610487843;7.4933046262368
34087624979.3917;36.7361737698426;0.125203207993328;-7.70257880818051;-10.0016097494768;33.0523107142341;0.166024004742657;7.49330459189635
34087624979.5672;36.7361737739854;0.12520320801437;-7.62678943557438;-9.92099898139484;33.1090168861223;0.168165436735309;7.49330455313622
34087624979.7319;36.7361737786575;0.125203208038344;-7.54727768448489;-9.8370589634583;33.1685091612518;0.170194167382679;7.49330450915438
34087624979.8881;36.7361737840296;0.125203208066171;-7.46341601002358;-9.74908472282627;33.2312570353551;0.172138516868455;7.49330445837939
34087624980.0397;36.7361737904545;0.125203208099754;-7.37309052639163;-9.65484185520987;33.298842171164;0.174051513513296;7.49330439762381
34087624980.1954;36.7361737988066;0.125203208143808;-7.27035918761299;-9.54817098819615;33.3757107242392;0.176042984250536;7.49330431920778
34087624980.3635;36.7361738108031;0.125203208207694;-7.14655577800876;-9.42020445644959;33.4683474087195;0.178231962852;7.49330420852864
34087624980.5482;36.7361738295852;0.125203208308749;-6.99263304181517;-9.26181747717267;33.583522292515;0.180693199663195;7.4933040400708
34087624980.7431;36.7361738601047;0.125203208474703;-6.80527811921436;-9.06986885094113;33.723714743777;0.183376920566965;7.49330377508803
34087624980.945;36.7361739135887;0.12520320876865;-6.57703686109445;-8.83699120128676;33.8945029418029;0.186283731677084;7.49330332961474
34087624981.1534;36.736174019504;0.125203209357035;-6.29380537827846;-8.5491022745481;34.1064409276127;0.189469585946469;7.49330249668774
34087624981.3686;36.736174271528;0.125203210772265;-5.93134337960913;-8.18195858901249;34.3776674353836;0.193046173039917;7.49330067353472
34087624981.587;36.7361750342308;0.125203215101038;-5.45707743044359;-7.70306791853447;34.7325550725725;0.197127060060617;7.4932957613239
34087624981.8082;36.7361785226033;0.125203235108185;-4.80207798835854;-7.04351567264547;35.2226696269546;0.202015449888089;7.49327702224857
34087624982.0325;36.7362145899991;0.125203444117071;-3.79361181407665;-6.03056184929483;35.9771128844004;0.208485700715026;7.49313808030962
34087624982.2603;36.7396858345471;0.125223766065047;-1.81721827589869;-4.04973815129819;37.4458287998841;0.219221715520777;7.48627772367379
34087624982.4894;36.7999967145492;0.125580380174925;-0.579591888623883;-2.80778903139886;37.9141958312508;0.224184047681122;7.18041549321022
34087624982.7194;36.9318295908249;0.126367489022586;-0.241624003250784;-2.46561293649027;36.6130854732148;0.218598610075495;6.14209383261496
34087624982.9508;37.1384200174513;0.127612647485597;-0.0493739857505604;-2.26925955353982;33.9944664468462;0.204890895880656;4.29632579722473
34087624983.1841;37.4079264616555;0.129252040782535;0.0628049520411947;-2.15308104704379;30.1645604747042;0.183489409291635;1.68125665232397
34087624983.4185;37.6887461404645;0.130975593777933;0.0783819706658551;-2.13362092608353;25.9540169515874;0.159294832360893;-1.13979233843871
34087624983.6532;37.9073469822027;0.132328902157871;-0.0308457526358527;-2.23910081147671;25.5134080327743;0.157947739894218;-1.37956334692781
34087624983.8885;38.0985457078313;0.133522467182247;-0.0901124086389;-2.29475131797335;25.5601658188922;0.159560268189017;-1.31868299903463
34087624984.1248;38.2714172027111;0.134610325163616;-0.135707891561458;-2.33685907666064;25.5960865105857;0.161072865261598;-1.27187922038569
34087624984.3619;38.4303063235821;0.135617948356095;-0.17400266447943;-2.37179867148231;25.6257040959635;0.162509891357923;-1.23293737838107
34087624984.5995;38.5775919787436;0.13655892221088;-0.207606389451032;-2.40218928377923;25.6513981357182;0.163880827076591;-1.19896274512688
34087624984.837;38.7149186266382;0.137442484139473;-0.237928325986908;-2.42944615068528;25.6743930426722;0.165189470361453;-1.16843260955506
34087624985.0751;38.843964618016;0.138278378499231;-0.265934947198359;-2.45452807075849;25.6954870620346;0.166442308490721;-1.14033037863428
34087624985.3149;38.9662323834228;0.139075482438272;-0.292508661662052;-2.47830568139291;25.7152648226495;0.167646303303466;-1.11382421303007
34087624985.561;39.0842827753722;0.13984991216006;-0.319100465521733;-2.50218588649809;25.7346144614889;0.168823245637915;-1.08759513164412
34087624985.816;39.1988996982501;0.140606396550444;-0.347254271976462;-2.5277030457072;25.7543939446765;0.169981853584714;-1.06029790803825
34087624986.0813;39.3098351885335;0.141342903239835;-0.378799089027062;-2.55669290040185;25.7757042463798;0.171126287473132;-1.03028242675281
34087624986.3591;39.4165026202235;0.142055107584474;-0.4155596189716;-2.59098683870113;25.7997741702789;0.172261682536702;-0.995815314316815
34087624986.6526;39.518398759969;0.142739190632181;-0.459488394801651;-2.63253729793103;25.8278895033106;0.173396376068653;-0.955061195716889
34087624986.968;39.6152792706517;0.143393054614307;-0.512608368150416;-2.6833573725137;25.8614003153524;0.174543239650427;-0.906106517001486
34087624987.3152;39.7070809964937;0.144015839054459;-0.577789003989322;-2.746302096382;25.9018125233496;0.175718328422627;-0.846510326743545
34087624987.7191;39.7950698726195;0.144615826277001;-0.661809322726904;-2.82809509160435;25.952463878857;0.176967219112352;-0.770652858368486
34087624988.2339;39.8802868747096;0.145199993220635;-0.781122805806345;-2.94511207975476;26.0206986768174;0.178373231214912;-0.665400049837924
34087624989.0736;39.9630516060405;0.145770748820393;-1.00630386643038;-3.16769899492086;26.1335634825232;0.180220215294872;-0.477392777731769
34087624990.8041;40.0075964715336;0.146079412482708;-1.58936036475754;-3.74867251182778;26.3123480965341;0.182325519174738;-0.0664033917037059
34087624997.5065;40.0125214145517;0.146113424350037;-3.13382692178255;-5.29459765549367;26.4137375854975;0.182414402584084;0.77357276876605
34087625042.6737;40.0130457770111;0.146117016761646;-4.93519218300082;-7.09943768351191;26.44533818351;0.181177233820011;1.69536333899938
34087625414.4076;40.0131118846961;0.146117464702795;-6.74998021676588;-8.91901120707283;26.4755772299681;0.179396698875898;2.62295319491647
34087628467.1258;40.0131206519592;0.146117523367979;-8.5418226744812;-10.7163062776128;26.5078323422051;0.177374266268067;3.54041627614966
34087650263.3176;40.0131219832961;0.146117532121386;-10.21409266698;-12.396203508189;26.5467190243698;0.174542025693934;4.40252046097344
34087741966.2526;40.0131222810989;0.146117534035972;-11.4884544384238;-13.6803082481759;26.5891885745981;0.17094298147423;5.06806116972469
34088057997.1192;40.0131223685201;0.146117534582515;-12.5581128366412;-14.7621054162594;26.6394953989867;0.166545696313234;5.63648359670073
34088985771.2149;40.013122399783;0.146117534771703;-13.4724132257082;-15.6905478892717;26.6996189457571;0.161573599291126;6.13378414711363
34091460919.7839;40.0131224129788;0.146117534848621;-14.2731645858286;-16.5075741350508;26.7740512241117;0.156064649280257;6.5838689693251
34097965175.347;40.0131224194588;0.14611753488477;-15.0016248083129;-17.2551061979213;26.8735096962501;0.149914278740347;7.01452760574635
34118388692.1222;40.0131224232533;0.14611753490475;-15.7309681369589;-18.0095224242173;27.0364496677278;0.142362423871178;7.48803830403724
34185976683.2371;40.0131224262201;0.14611753491929;-16.357590242417;-18.6673133660457;27.3230087018063;0.133907652562167;7.99278171459278
34311230218.3667;40.0131224291269;0.146117534932784;-16.6343685655866;-18.9676608023635;27.6497802877356;0.128351056505368;8.34948187021529
34488797055.7134;40.0131224328173;0.14611753494924;-16.6822900764963;-19.0330155687443;27.9938683919936;0.1248353043069;8.60333060634076
34713848523.4765;40.0131224387481;0.146117534974931;-16.5791664533865;-18.9425111659373;28.3605080309194;0.122848340361258;8.79672928772597
34963630047.8084;40.0131224495063;0.146117535020634;-16.3658236142655;-18.7376095374461;28.7383494940602;0.122088820730684;8.94250646557872
35227839268.3919;40.0131224722604;0.146117535116543;-16.0648876859958;-18.4400901201543;29.1348919819106;0.122803565994076;9.05698620360388
35496778902.6503;40.0131225278654;0.146117535352349;-15.6845410822638;-18.0571009955825;29.5571658336775;0.125343805204502;9.1489578470043
35761754628.3432;40.0131226848628;0.146117536034919;-15.2273135658414;-17.5890585285611;30.0113060825209;0.130478793866612;9.22378762540057
36014962232.3489;40.0131232036202;0.146117538406631;-14.6885124685191;-17.0284148384617;30.5060234087586;0.139470779841314;9.28495345572288
36254637295.1764;40.0131254170808;0.146117549448028;-14.0345510519363;-16.3365988093831;31.071511888034;0.15499390789576;9.33584608842808
36485205305.8618;40.0131417924822;0.14611764455294;-13.1486070983612;-15.3845961045011;31.7999726128462;0.184687600894764;9.37969083657415
36704970755.6172;40.0138198440106;0.14612303094423;-11.510696716962;-13.6106615170303;33.080082313737;0.262785732028715;9.41636850848274
36916948029.9097;40.100861769868;0.146869962694399;-9.38656081198416;-11.4530083828982;34.1606427367357;0.29314228074483;9.07638520532845
37120576546.7356;40.2214078743249;0.147238470035866;-9.22768541762213;-11.7423924536206;32.9118912798996;0.100611078332537;8.16186846502696
37314741759.0238;40.3321342268455;0.14724289625972;-9.24392042805447;-13.6421380475742;32.4637932320769;0.0012977219309122;7.87048932898289
37500840262.6818;40.4414088368601;0.147133622588638;-9.23122361593048;-12.2312273475852;32.4292387232847;-0.0324289600777882;7.84106421490645
37675348517.514;40.5491635326475;0.146948514291332;-9.20937977023791;-11.974390089348;32.4139265042311;-0.0556828331274697;7.81993241934062
37841682880.0773;40.6572096430648;0.146698949099953;-9.18737284099371;-11.8237979670909;32.3973187071794;-0.0748314123671755;7.79785806249966
37998860898.9907;40.7647362108715;0.146399024900715;-9.16487602701739;-11.7193803025711;32.3809920966321;-0.0903204047447661;7.77572726228459
38147086544.583;40.8718611178161;0.146059338423801;-9.14103289290156;-11.6398450928412;32.3637342393513;-0.102623406424244;7.75229923990713
38284598205.3167;40.9759476985257;0.145699167814353;-9.12094478509009;-11.5818312563542;32.3462388193526;-0.111927632452675;7.730586170313
38412026143.4849;41.0749963821944;0.145335934220312;-9.10941594786408;-11.5450786482275;32.3329438686467;-0.118572109919371;7.71595450968314
38530762084.8261;41.1690206045282;0.144978187259425;-9.10134244959386;-11.5210062466396;32.3258714717188;-0.122994713383119;7.70720333247632
38644066239.0431;41.2623809036642;0.144614626123741;-9.084083598693;-11.4936683818644;32.3197143573338;-0.125858551927053;7.69446738140602
38751199088.997;41.3582959313941;0.144235632375018;-9.04803600150191;-11.4512906115932;32.3050736680807;-0.127648620472109;7.66666619279146
38846982161.8483;41.4554245774228;0.143849659668175;-8.99394143096599;-11.394732170049;32.2767728141073;-0.128262401264491;7.62071157791889
38919537233.2126;41.5406097196226;0.143515673055992;-8.93030392090251;-11.3369387150973;32.2426401063193;-0.126414182789078;7.56608256184578
38958994652.7905;41.594024395312;0.143317638139078;-8.86846808411992;-11.2993869095174;32.2186107521362;-0.11945050346228;7.51909208945735
38971210328.3523;41.6119018166146;0.143261114204911;-8.83461261477073;-11.3346851077998;32.2114914204738;-0.101844678247718;7.49736763918799
38973085936.5155;41.6147007992899;0.143255761582716;-8.82614190390672;-11.5445755236485;32.2118980689329;-0.061600281443525;7.49333645280269
38973193544.9102;41.6148620414952;0.143255644322693;-8.82436742324209;-11.9626961788642;32.2129092485335;-0.0234261647620119;7.49309150432003
38973202011.8607;41.6148747701315;0.143255649992665;-8.82294514319033;-12.1741460938733;32.213949323834;0.0143497065693754;7.49307176574728
38973202731.4741;41.6148758555727;0.143255651782901;-8.82149295103566;-11.6041890618902;32.2149932783788;0.0531327059412775;7.49307004947645
38973202801.4784;41.6148759615403;0.143255652094214;-8.81995166758945;-11.3519280081284;32.2160521799828;0.0946446303764892;7.49306987858903
38973202810.8847;41.6148759758355;0.143255652158008;-8.81822921707956;-11.168641048481;32.2171611830478;0.143772372187323;7.49306985502949
38973202814.2577;41.6148759809866;0.143255652192732;-8.81610663391597;-10.9873783719952;32.2183425069927;0.217185814571191;7.49306984632285
38973202816.3333;41.614875984174;0.143255652225856;-8.81372864883967;-10.7970083004473;32.2191243755114;0.334837493099905;7.49306984078243
38973202817.8401;41.6148759865018;0.143255652263202;-8.81110011533995;-10.605816409178;32.2187096399688;0.516882524404668;7.49306983661369
38973202819.0034;41.614875988311;0.143255652294754;-8.80819665045289;-10.5666365810507;32.2201360359572;0.561936754845378;7.49306983326974
38973202819.9685;41.6148759898232;0.143255652312921;-8.80495023638442;-10.7252894898265;32.2251140989666;0.387128558367904;7.49306983038026
38973202820.7952;41.6148759911291;0.143255652317291;-8.80143606735739;-11.2769112156602;32.229867094756;0.107840865896937;7.49306982779652
38973202821.5232;41.6148759922892;0.143255652313556;-8.79766693531586;-11.2899429107232;32.232700966507;-0.103757792587601;7.49306982541667
38973202822.1963;41.6148759933721;0.143255652308115;-8.79347786062135;-11.0924011576375;32.2355983622981;-0.161961741932219;7.4930698231097
38973202822.8094;41.6148759943687;0.143255652303203;-8.78898424733188;-11.0962813322325;32.2389763053367;-0.158885460911149;7.49306982090126
38973202823.3538;41.6148759952632;0.143255652298951;-8.78439405086203;-11.1072939160903;32.2424381628471;-0.153295007267312;7.49306981883948
38973202823.8732;41.6148759961263;0.143255652295074;-8.77943798916958;-11.1270035300157;32.2461856766186;-0.144848102222742;7.4930698167706
38973202824.3568;41.6148759969394;0.143255652291697;-8.7742726758998;-11.1558878125301;32.2500977888204;-0.133941728519578;7.49306981474282
38973202824.8018;41.614875997697;0.143255652288837;-8.76899961550054;-11.1920913919244;32.2540916744246;-0.121756747875013;7.49306981277871
38973202825.2348;41.6148759984436;0.143255652286326;-8.76333997706049;-11.2366683595662;32.2583739678325;-0.108471111361867;7.49306981076746
38973202825.6486;41.6148759991671;0.143255652284197;-8.75739125820462;-11.2885625391761;32.2628678279759;-0.0949580282122003;7.49306980874136
38973202826.0417;41.6148759998642;0.143255652282429;-8.75120496747851;-11.3469491704614;32.267532843626;-0.0818505416631754;7.49306980671279
38973202826.4267;41.6148760005574;0.143255652280943;-8.74458475745354;-11.4135426222313;32.2725164103462;-0.0691631819721204;7.49306980461653
38973202826.7983;41.6148760012373;0.143255652279735;-8.73761544189266;-11.4881161650404;32.2777547858317;-0.0573327264109206;7.49306980247966
38973202827.1531;41.6148760018974;0.143255652278783;-8.73037915509848;-11.5713064335107;32.283187149145;-0.0465638761425251;7.4930698003242
38973202827.4992;41.6148760025529;0.143255652278039;-8.72271530947115;-11.6675949600848;32.2889349518569;-0.0366584475842962;7.49306979810095
38973202827.8336;41.6148760031978;0.143255652277484;-8.71469338097725;-11.7801656769365;32.294946855766;-0.0277755251105149;7.49306979582963
38973202828.1592;41.6148760038383;0.143255652277092;-8.70624775616766;-11.918421510838;32.3012728585468;-0.019817363784482;7.49306979348803
38973202828.477;41.6148760044761;0.143255652276846;-8.69739237708205;-12.1114205124339;32.3079033327408;-0.0124531907221687;7.49306979106809
38973202828.7894;41.6148760051167;0.143255652276746;-8.68809895077131;-12.495981938352;32.3148599615246;-0.00502943605274054;7.49306978854661
38973202829.093;41.6148760057532;0.143255652276797;-8.67851210161355;-12.7755567114214;32.3220344669488;0.00258496150041976;7.49306978594899
38973202829.392;41.6148760063947;0.143255652277008;-8.66854724662537;-12.1519955138532;32.3294899393791;0.0106206374925912;7.49306978323721
38973202829.6835;41.6148760070348;0.143255652277381;-8.65833547650101;-11.8926901919133;32.3371281000951;0.0188515355608068;7.49306978043624
38973202829.9723;41.6148760076847;0.14325565227793;-8.64773104286024;-11.7210384617829;32.3450578359933;0.0273212467184911;7.4930697774962
38973202830.2578;41.6148760083436;0.143255652278659;-8.63675281769854;-11.5925048473958;32.3532650674609;0.0358233409252194;7.49306977441617
38973202830.5375;41.6148760090063;0.14325565227956;-8.6254855837814;-11.492087197398;32.3616868114749;0.0439976557101372;7.49306977121819
38973202830.8149;41.6148760096812;0.143255652280639;-8.61377765714596;-11.4101941275718;32.3704370095084;0.0517287628740727;7.49306976785924
38973202831.0883;41.6148760103653;0.143255652281882;-8.60166992933851;-11.3421777429505;32.3794856729107;0.0588521227839453;7.49306976435031
38973202831.3612;41.6148760110684;0.143255652283302;-8.58897836091721;-11.2837464561318;32.388970843949;0.0654077264329186;7.49306976063598
38973202831.6325;41.6148760117891;0.14325565228489;-8.57571137260432;-11.2325931120801;32.3988865713028;0.0713918022938025;7.49306975671642
38973202831.8982;41.6148760125175;0.143255652286616;-8.56203795905953;-11.1873095259817;32.4091066991424;0.0768060611445418;7.49306975264052
38973202832.1614;41.6148760132632;0.143255652288498;-8.54776733741148;-11.14571693778;32.4197738575646;0.081820170611788;7.49306974835017
38973202832.4236;41.6148760140321;0.14325565229055;-8.53277377025618;-11.1064903781943;32.4309820318001;0.0865453007894061;7.49306974380454
38973202832.6844;41.6148760148251;0.143255652292776;-8.51701946422943;-11.0689001882475;32.4427594644189;0.0910410090609784;7.4930697389891
38973202832.9426;41.6148760156405;0.143255652295171;-8.50052051101069;-11.0325357852662;32.4550941181012;0.095338342805895;7.49306973390647
38973202833.1996;41.6148760164854;0.14325565229776;-8.48310859755458;-10.996729614391;32.4681118282373;0.099502963668207;7.49306972850203
38973202833.4545;41.6148760173595;0.143255652300547;-8.46477249251269;-10.9612762459994;32.4818210136151;0.103546784115232;7.49306972276799
38973202833.7074;41.6148760182667;0.143255652303547;-8.44541208594941;-10.9258688842515;32.4962965630363;0.107492229618012;7.4930697166676
38973202833.9589;41.6148760192121;0.143255652306786;-8.42489572449879;-10.8902187337487;32.5116369765085;0.111356565481702;7.49306971015265
38973202834.2118;41.6148760202122;0.143255652310327;-8.40285577346359;-10.8537118387593;32.5281172363208;0.115186839237313;7.49306970309705
38973202834.4641;41.6148760212658;0.143255652314178;-8.3792899124314;-10.8164033393417;32.5457391961533;0.118954455392388;7.49306969548762
38973202834.7136;41.6148760223692;0.143255652318333;-8.35426207764308;-10.7784296747746;32.5644551641256;0.122624209091109;7.49306968733111
38973202834.9603;41.6148760235294;0.143255652322826;-8.32761515506502;-10.7395787943716;32.5843827499685;0.126196078396296;7.49306967856002
38973202835.2072;41.6148760247702;0.143255652327762;-8.29882046749384;-10.6991407844153;32.6059174597945;0.129710791045018;7.49306966897609
38973202835.4535;41.6148760261004;0.143255652333191;-8.26769318227675;-10.6569422449027;32.6291976869189;0.133154955105547;7.49306965848451
38973202835.7001;41.6148760275393;0.143255652339207;-8.23381856745207;-10.6125138128726;32.6545337865432;0.136536335373493;7.49306964690329
38973202835.9443;41.6148760290905;0.143255652345843;-8.19718349118416;-10.5659179424165;32.6819357502177;0.139821295151625;7.49306963417126
38973202836.1878;41.6148760307861;0.143255652353257;-8.15715352058726;-10.5164251835126;32.7118782877856;0.143032200029267;7.49306961999434
38973202836.4271;41.6148760326271;0.143255652361473;-8.11386471167868;-10.4642674375384;32.744259789432;0.146127667274166;7.49306960432367
38973202836.6607;41.6148760346278;0.143255652370573;-8.06721943993681;-10.409353827644;32.779153403367;0.149095091209233;7.49306958700613
38973202836.8878;41.6148760368125;0.143255652380688;-8.01696917175014;-10.351403924021;32.8167451480056;0.151936022214819;7.49306956779846
38973202837.1083;41.614876039214;0.143255652391992;-7.96280674731615;-10.2900714387901;32.8572648939485;0.154655980096509;7.49306954638828
38973202837.3214;41.6148760418701;0.143255652404687;-7.90444585896819;-10.2250372020831;32.9009269088043;0.157259463701164;7.49306952241037
38973202837.5266;41.614876044825;0.143255652419015;-7.84164248925516;-10.1560304274068;32.9479138158463;0.159749674948058;7.49306949544259
38973202837.723;41.6148760481276;0.143255652435241;-7.77424900830737;-10.0828847053479;32.9983361164028;0.162127372662628;7.49306946501876
38973202837.9094;41.6148760518261;0.143255652453636;-7.70242037189382;-10.0057469258742;33.0520778926983;0.164388795597069;7.49306943066606
38973202838.0848;41.6148760559703;0.14325565247448;-7.62664182778242;-9.92509495233103;33.1087760578721;0.166529048953388;7.49306939189204
38973202838.2496;41.6148760606443;0.143255652498233;-7.54713917219636;-9.84111661946391;33.1682616177713;0.16855640618094;7.49306934789419
38973202838.4058;41.6148760660183;0.143255652525805;-7.46328983966263;-9.75311125870191;33.2310003437157;0.170499062714016;7.49306929710365
38973202838.5574;41.6148760724444;0.143255652559077;-7.37298345820957;-9.65884670884787;33.2985712715416;0.172409959235242;7.49306923633534
38973202838.7131;41.6148760807963;0.143255652602719;-7.27028873599515;-9.55217232386118;33.3754125147636;0.174398624124781;7.4930691579183
38973202838.8812;41.6148760927931;0.143255652666017;-7.14651722112897;-9.42419517006553;33.4680254309336;0.176584321660743;7.4930690472337
38973202839.0658;41.6148761115684;0.143255652766113;-6.99266587817179;-9.26583521712856;33.5831470027679;0.179040817234269;7.49306887881736
38973202839.2607;41.6148761420824;0.143255652930539;-6.80536472925446;-9.07389419494253;33.7232993355426;0.181719106083452;7.49306861388168
38973202839.4626;41.6148761955443;0.143255653221743;-6.57719942486908;-8.84104647128829;33.8940308278928;0.184618906245269;7.49306816856157
38973202839.671;41.6148763013788;0.143255653804494;-6.29408917738419;-8.55323327832854;34.1058782368253;0.187795480495833;7.49306733615503
38973202839.8861;41.6148765531172;0.143255655205798;-5.9318051687233;-8.18622233475453;34.3769717170965;0.191359686497284;7.49306551477991
38973202840.1046;41.6148773145907;0.143255659490366;-5.45776276311202;-7.70751055225566;34.7316922682734;0.195424115621356;7.49306060921131
38973202840.3258;41.6148807943365;0.143255679278092;-4.80316081189662;-7.04831242566128;35.2215096560825;0.200288656269909;7.4930419100517
38973202840.55;41.6149166943044;0.143255885565275;-3.79559559936207;-6.03621741408584;35.9752797941948;0.206719937771675;7.49290349716639
38973202840.7779;41.6183562477922;0.143275854343689;-1.82117960820845;-4.05733017787101;37.4426068295439;0.217377959571111;7.48610359760691
38973202841.0069;41.6785556773502;0.143628878626612;-0.580409641722479;-2.81219743813811;37.9148440313242;0.222341984377356;7.18125529348407
38973202841.2369;41.8102691428733;0.144408868718514;-0.242046370600309;-2.46958746131158;36.6159974481183;0.216835196775021;6.14424868612106
38973202841.4684;42.016741404667;0.145643283300969;-0.0496439348924925;-2.27304460664583;33.999667176163;0.203270330824422;4.29993414658944
38973202841.7016;42.2861407332338;0.147268948199872;0.0626536183085927;-2.1567118620566;30.1719159693696;0.182069587867895;1.68624611913257
38973202841.936;42.5670503625558;0.148979430783026;0.0785281255203965;-2.13691984477268;25.9584670839078;0.158063310038803;-1.13689223358983
38973202842.1707;42.7856942825407;0.150322412968753;-0.0307531183611506;-2.24242027150294;25.513330768723;0.156711189240219;-1.37966131809116
38973202842.406;42.9769254689833;0.151506923974273;-0.0900457235847919;-2.29806534290029;25.5601103961919;0.158322670218097;-1.31875344931627
38973202842.6423;43.1498228992699;0.152586583075582;-0.135656763356324;-2.34015865178791;25.5960459519402;0.159834671479701;-1.27193200473656
38973202842.8795;43.3087274865648;0.153586625154753;-0.173960391883212;-2.37507855221913;25.6256712876783;0.161271301420208;-1.23298059825704
38973202843.1171;43.4560252669658;0.154520563771057;-0.207570637782697;-2.40544850748997;25.6513708344801;0.162642001245574;-1.19899906464545
38973202843.3546;43.5933617499448;0.155397562235472;-0.237897223721304;-2.43268431222968;25.674369633554;0.163950483185825;-1.16846404165087
38973202843.5926;43.7224180022301;0.156227300301307;-0.265907375500028;-2.45774541016189;25.6954666390559;0.165203207223884;-1.1403580863949
38973202843.8324;43.8446893176561;0.157018535604861;-0.292482233702988;-2.48150116169374;25.7152458334423;0.166407061804218;-1.11385042583312
38973202844.0785;43.962739895628;0.157787281625159;-0.319072856523222;-2.50535809373412;25.7345955068806;0.167583829065234;-1.08762194604458
38973202844.3335;44.0773633571686;0.158538292600743;-0.347222999590012;-2.53085023526037;25.7543737045823;0.16874221962492;-1.06032744667239
38973202844.5989;44.1882990680526;0.159269464741876;-0.378760767395903;-2.55981250239938;25.7756804843091;0.169886318288834;-1.03031787652506
38973202844.8765;44.294967585114;0.159976548118419;-0.41550747263392;-2.59407310292485;25.799742584906;0.171021118540442;-0.995862937045027
38973202845.17;44.396847041357;0.16065562320821;-0.459412735258791;-2.63558155388694;25.8278439470139;0.172154878855877;-0.955129943655227
38973202845.4852;44.493713377546;0.161304738233787;-0.512498533513719;-2.68634974487706;25.8613343997039;0.17330046124157;-0.906205990164267
38973202845.8324;44.5855237761379;0.161923173484146;-0.577647775554429;-2.74924541234101;25.9017293130805;0.174474163037476;-0.846637086726406
38973202846.236;44.6734969689004;0.162518831237579;-0.661587182077617;-2.83094073675462;25.9523365530135;0.175720694021339;-0.770849588752245
38973202846.7501;44.7586881274821;0.163098732596313;-0.780710338539724;-2.94775073681678;26.0204767590705;0.177122955934745;-0.665755190037273
38973202847.5881;44.8414708070353;0.163665639949949;-1.00526762328898;-3.16969501257659;26.1331058677784;0.1789631595613;-0.478217347050765
38973202849.3126;44.8862190613089;0.16397357141191;-1.58588390431747;-3.74820593764084;26.3117146799363;0.181061918495835;-0.0685655876303747
38973202855.9773;44.8911845734183;0.164007627179298;-3.12781628221218;-5.29158965675312;26.4136125685273;0.18115671167086;0.770483209875784
38973202900.7885;44.8917130756032;0.164011222848905;-4.92834033371896;-7.09560734168553;26.4452354488661;0.179920409151008;1.69186811167462
38973203269.7312;44.8917796743253;0.164011670956092;-6.74349297537922;-8.91557696190153;26.4754758590459;0.178139319169574;2.61964124293113
38973206298.0655;44.8917885079425;0.164011729646598;-8.53506524116177;-10.7126359604375;26.5077056972422;0.176117057535161;3.53695241201845
38973227973.7562;44.8917898470411;0.164011738387648;-10.2091603838029;-12.394409338947;26.5465899630336;0.173284527565599;4.39996765400336
38973319216.0109;44.8917901463064;0.164011740297515;-11.4841397229146;-13.6791928685982;26.5890261330745;0.169687278820967;5.06579497259752
38973634100.9608;44.8917902340737;0.164011740842082;-12.5548191033231;-14.7621008140009;26.6393210694938;0.165288044461583;5.63472008657171
38974558790.2192;44.8917902654351;0.164011741030389;-13.4695999448837;-15.6911294834572;26.6994084312446;0.160314239957855;6.1322368459741
38977024621.0554;44.8917902786664;0.164011741106892;-14.270359679467;-16.5082830735311;26.7737465824857;0.154805274691023;6.58226315034467
38983507841.6811;44.8917902851616;0.164011741142821;-14.9992005280332;-17.2563526769558;26.8731073163187;0.148650282039563;7.01304698811865
39003830248.2911;44.8917902889614;0.164011741162652;-15.7282142970528;-18.0106271435351;27.0356232197957;0.141098871014817;7.48610983279947
39071203401.9917;44.8917902919294;0.164011741177059;-16.3560209500871;-18.6699148210663;27.3218569495048;0.132622234888691;7.99122840155538
39196227945.0841;44.8917902948345;0.164011741190407;-16.6338386522415;-18.9715649059872;27.6484867401972;0.127041353678311;8.34835365216382
39373595001.4449;44.8917902985194;0.164011741206665;-16.6824406941844;-19.0378055789702;27.9924891367382;0.123502751575999;8.60248547900441
39598510571.9457;44.8917903044378;0.164011741232021;-16.5798179031541;-18.9479504864962;28.3590675114073;0.121495267943212;8.79609369633852
39848205808.0138;44.8917903151665;0.164011741277089;-16.366861747097;-18.7435418799509;28.7368268729095;0.120714288426804;8.94200937414103
40112437901.4409;44.8917903378553;0.164011741371639;-16.066174396546;-18.446322639295;29.1333689114043;0.121406647159113;9.05661306835631
40381070660.2911;44.8917903931351;0.164011741603411;-15.6865928072076;-18.0640969779909;29.5550353894688;0.123915979156541;9.14856129828963
40646153089.1028;44.8917905493647;0.164011742275081;-15.2296174424667;-17.5962251790313;30.0091226810562;0.129016591014733;9.2234815707115
40899406354.9411;44.8917910649162;0.164011744606815;-14.691283048078;-17.0358760639586;30.5035669196897;0.137961405594822;9.28469793460023
41136613297.1106;44.8917931987674;0.164011755130714;-14.0459632612388;-16.3529507392768;31.0618921257043;0.153193531924218;9.33512396786917
41367172399.8876;44.8918089297975;0.164011845443265;-13.1660251108711;-15.407034163137;31.7859671837105;0.182484666594163;9.37903892248576
41587603819.3557;44.8924321661664;0.164016737710948;-11.5486207087293;-13.6537632856355;33.0511281209805;0.259444047361272;9.41597329717774
41797414984.2989;44.9769706384633;0.164745788138864;-9.39477419974079;-11.4590710259189;34.1856754202083;0.294813480969628;9.09723725766516
42000807338.3394;45.0974159339641;0.165124586726254;-9.22754478136028;-11.7299262720527;32.9400862802182;0.103596060764108;8.180653610726
42195375700.1197;45.2083762082415;0.165128047800087;-9.24390470067821;-13.7498613583433;32.4663938819403;0.00101269203814401;7.87223006010785
42380885872.6971;45.3171373427059;0.165016672684054;-9.23189400046627;-12.2215795599387;32.4296555596012;-0.0332090748099622;7.84168942616039
42556428488.435;45.425380280345;0.164827305028594;-9.20998299523103;-11.9670767631798;32.4143309016277;-0.056707864550106;7.82051639308275
42722167018.0653;45.5328661633653;0.164575604709516;-9.18807205299503;-11.8185397155278;32.3978132552103;-0.0758661482293769;7.79855067931053
42879914367.9286;45.6406066632188;0.164271218719453;-9.16558308579252;-11.7145374125428;32.3814631367052;-0.0914833672570328;7.77640866304462
43028226643.2555;45.7476134047423;0.163927839586541;-9.14176595816399;-11.6354031980351;32.3642781494737;-0.103855304909415;7.7530427709223
43165949769.1717;45.8517363006629;0.163563343395276;-9.1214606329403;-11.5773138767729;32.3467452365162;-0.113234129096068;7.73119645012464
43293029623.9134;45.9504484918828;0.163197223476335;-9.10970591722285;-11.5404533521987;32.3332934109045;-0.119923006635851;7.71634732317625
43411951842.1413;46.0445372581462;0.162835121482257;-9.10172522750636;-11.5164320849387;32.3260358639384;-0.124407222156523;7.70751912363715
43525211453.4849;46.1376377554735;0.162468405312188;-9.08512306607212;-11.4897450067223;32.3200355229488;-0.127306297857975;7.69521643912519
43632763277.0978;46.2335139447493;0.162085180249868;-9.04990701443478;-11.4481638750239;32.3058992972435;-0.129129352814176;7.66816821751275
43729544820.2209;46.3311281093037;0.161692639390183;-8.99627970073245;-11.391907673124;32.2779938539425;-0.129801156565649;7.62271159702088
43803304970.0463;46.4171880254018;0.161350787073125;-8.93302087186577;-11.3339832623365;32.2438207972237;-0.12808082264166;7.56824524472682
43844020678.6756;46.4719832971591;0.161144395905807;-8.87101891263788;-11.2950708904365;32.2192807059424;-0.121356729181034;7.52083082873633
43856907754.6255;46.490776613255;0.161083530486097;-8.83615096955911;-11.325783766905;32.211728431804;-0.104323279648149;7.49831141004052
43858950030.754;46.4938170291862;0.16107742653897;-8.82718146156292;-11.5245036979681;32.2120430942931;-0.0646689835728913;7.49396809749789
43859069583.9666;46.4939957628597;0.161077280844757;-8.8253548694799;-11.9141189488688;32.2130595894063;-0.0262583780425792;7.49369811155402
43859078871.9048;46.494009693967;0.161077285801987;-8.82393367978307;-12.2726802087793;32.2140995348967;0.011463031008991;7.49367662189494
43859079659.4325;46.4940108791404;0.161077287647856;-8.82248393631687;-11.6300649625133;32.2151449868671;0.0501740391172421;7.49367475764562
43859079735.67;46.4940109942795;0.161077287975068;-8.82094595927475;-11.3673395626315;32.2162055370637;0.0915547295378785;7.49367457291735
43859079745.6467;46.4940110094066;0.161077288040906;-8.8192324521289;-11.1805096052371;32.2173145029533;0.140220717022992;7.49367454811401
43859079749.0825;46.4940110146413;0.161077288075336;-8.81713631189839;-10.9990868621212;32.2184953116019;0.211911586865999;7.4936745393115
43859079751.1879;46.4940110178665;0.161077288107975;-8.81477330242346;-10.8096042893031;32.2193204157498;0.326050889216943;7.49367453373438
43859079752.7096;46.4940110202116;0.161077288145013;-8.81216491387131;-10.6136776766038;32.2189278204696;0.508860008873031;7.49367452955673
43859079753.8813;46.4940110220293;0.161077288176826;-8.80928685970167;-10.5662008726773;32.2201745641661;0.563915297593887;7.49367452621467
43859079754.8541;46.4940110235498;0.161077288195557;-8.80605859252066;-10.7154779124191;32.2250545507317;0.396985223003524;7.49367452332476
43859079755.6896;46.4940110248662;0.161077288200441;-8.80254513890313;-11.2331970383324;32.2298847688845;0.119565766784346;7.49367452073374
43859079756.4223;46.4940110260307;0.161077288196878;-8.79878558922091;-11.3131983294745;32.2327684383155;-0.0986018056277869;7.49367451835664
43859079757.0916;46.4940110271047;0.161077288191425;-8.79465797329522;-11.0889761767956;32.2355951874578;-0.163688244019396;7.4936745160804
43859079757.7052;46.4940110280993;0.161077288186479;-8.79020146270652;-11.0935891475226;32.2389469573639;-0.160322015096254;7.49367451388786
43859079758.2528;46.4940110289964;0.161077288182169;-8.78562306949271;-11.1040129272632;32.2423994522565;-0.154895034740743;7.49367451183083
43859079758.782;46.4940110298734;0.161077288178186;-8.78060698511593;-11.1233361402142;32.2461922004005;-0.146470202885348;7.49367450973891
43859079759.2606;46.4940110306759;0.161077288174806;-8.77552567894737;-11.1511206632346;32.2500409602127;-0.135811106092765;7.49367450774676
43859079759.7065;46.4940110314326;0.161077288171903;-8.77027716013946;-11.1864365233887;32.2540168407736;-0.123715594129348;7.4936745057942
43859079760.1394;46.4940110321769;0.161077288169354;-8.76465428069228;-11.2299510390838;32.2582722035462;-0.110495437011272;7.4936745037988
43859079760.5519;46.4940110328959;0.161077288167191;-8.75876309478067;-11.2804630935485;32.2627236446965;-0.09705122674444;7.49367450179486
43859079760.9498;46.4940110335992;0.161077288165365;-8.75254148070518;-11.3380695119065;32.2674163108139;-0.0837984838579846;7.49367449975774
43859079761.3356;46.4940110342917;0.161077288163839;-8.74594522744715;-11.4029861799253;32.272382761295;-0.0710869824362834;7.49367449767287
43859079761.7043;46.4940110349641;0.161077288162603;-8.73907073280961;-11.4747023054526;32.2775507448985;-0.0593292693454637;7.49367449556865
43859079762.0612;46.4940110356259;0.16107728816161;-8.73183592155497;-11.555440727862;32.2829828157976;-0.0484583752444725;7.49367449341725
43859079762.4072;46.4940110362789;0.161077288160831;-8.72422127491775;-11.6475728510176;32.288694414437;-0.0385211202615987;7.49367449121236
43859079762.7423;46.494011036923;0.161077288160241;-8.71622906798329;-11.7542585337744;32.2946846305995;-0.0295870443057533;7.49367448895367
43859079763.0685;46.4940110375621;0.161077288159814;-8.707819296209;-11.8829770507689;32.3009842774586;-0.0215803260406269;7.49367448662675
43859079763.3863;46.4940110381976;0.161077288159534;-8.69900954931589;-12.0556536892256;32.3075810030764;-0.0142121669983561;7.49367448422548
43859079763.6995;46.4940110388376;0.161077288159399;-8.6897350000969;-12.3660614609781;32.3145239013501;-0.00680881134039962;7.49367448171659
43859079764.0043;46.4940110394742;0.161077288159415;-8.6801531531587;-13.2909149493226;32.3216950788061;0.000792013041163023;7.49367447912874
43859079764.3045;46.4940110401158;0.16107728815959;-8.67018870703784;-12.2346267516627;32.3291506902023;0.00881365914699051;7.49367447642652
43859079764.5949;46.494011040751;0.161077288159924;-8.66005275166482;-11.9397786470159;32.3367326038501;0.0169812728471818;7.49367447365681
43859079764.8829;46.4940110413964;0.16107728816043;-8.6495168955302;-11.7544750637818;32.344611544195;0.0254005880684099;7.49367447074702
43859079765.1671;46.4940110420494;0.161077288161114;-8.63863452439847;-11.6188941157394;32.3527475905329;0.0338572420321489;7.49367446770554
43859079765.4475;46.4940110427109;0.161077288161974;-8.62738696436097;-11.5134562733194;32.3611550555183;0.0420682751109202;7.4936744645253
43859079765.7254;46.494011043384;0.16107728816301;-8.61570654921667;-11.4282174389301;32.369885049896;0.0498459947551746;7.4936744611868
43859079766.0007;46.4940110440698;0.161077288164219;-8.60356516636529;-11.3575153101734;32.3789591541495;0.0570575001553952;7.49367445768062
43859079766.2722;46.4940110447661;0.161077288165586;-8.59099186327159;-11.2977830840722;32.3883561663166;0.0636205890235505;7.49367445401358
43859079766.542;46.4940110454793;0.161077288167119;-8.57785804116372;-11.2456934647319;32.3981725494463;0.0696121569232685;7.49367445014688
43859079766.8084;46.494011046206;0.161077288168802;-8.56421155815164;-11.1993701727367;32.4083727042569;0.0750755651447161;7.49367444609326
43859079767.0726;46.4940110469508;0.161077288170643;-8.54995341351086;-11.1569305803031;32.4190306778564;0.0801351139096988;7.49367444182117
43859079767.334;46.4940110477132;0.161077288172638;-8.5350812435717;-11.1173009920286;32.4301482341974;0.0848651113381051;7.49367443732714
43859079767.5941;46.4940110484996;0.161077288174804;-8.51945578500448;-11.0794002386411;32.4418294657166;0.0893636468032093;7.49367443256671
43859079767.8522;46.49401104931;0.161077288177144;-8.50305090539222;-11.0427070039287;32.4540939042175;0.0936727758118748;7.49367442752972
43859079768.1094;46.4940110501508;0.161077288179678;-8.48571897297187;-11.0065929120861;32.4670519273179;0.0978518219715316;7.49367442216771
43859079768.3649;46.4940110510214;0.161077288182409;-8.46744788953101;-10.9708448893061;32.4807126021181;0.10191275664027;7.49367441647229
43859079768.6183;46.4940110519246;0.161077288185352;-8.44816550050534;-10.935201021663;32.4951299155856;0.10587239959389;7.49367441041553
43859079768.87;46.4940110528642;0.161077288188524;-8.42776696591312;-10.8994077273991;32.5103823170606;0.109744133868141;7.49367440395828
43859079769.1234;46.4940110538596;0.161077288192;-8.40581551385888;-10.8627212003768;32.5267964841279;0.113588824677923;7.49367439695325
43859079769.3753;46.4940110549038;0.161077288195765;-8.38243917492106;-10.8254072233308;32.544276796169;0.117356345388903;7.4936743894293
43859079769.6245;46.4940110559978;0.161077288199831;-8.35760332073829;-10.78743593221;32.5628492599262;0.121029095410021;7.49367438136189
43859079769.8717;46.4940110571511;0.161077288204242;-8.3310908510148;-10.7485087017468;32.5826763459825;0.12461459309629;7.49367437266412
43859079770.1189;46.494011058383;0.161077288209084;-8.30246919819904;-10.7080557496499;32.6040816878426;0.128140206968968;7.49367436317024
43859079770.365;46.4940110597;0.161077288214396;-8.27160450838543;-10.6659675227776;32.6271655474067;0.131588013931914;7.49367435280382
43859079770.6106;46.4940110611191;0.161077288220261;-8.23813958180225;-10.6218379159747;32.6521952405848;0.134962790906195;7.49367434140517
43859079770.8549;46.4940110626545;0.161077288226757;-8.20180643553548;-10.5753957227297;32.6793713713343;0.138256133309642;7.49367432882804
43859079771.099;46.4940110643351;0.161077288234026;-8.16204595776464;-10.5260164598375;32.7091123201185;0.141481044069872;7.49367431480533
43859079771.3389;46.4940110661591;0.161077288242081;-8.1190462993488;-10.4740021742089;32.7412775134636;0.144590495506654;7.49367429930865
43859079771.5731;46.4940110681394;0.161077288250997;-8.07273258433592;-10.4192886541908;32.7759230825228;0.147570266609627;7.49367428219608
43859079771.8009;46.4940110703005;0.161077288260905;-8.02284643346482;-10.3615821818471;32.8132424106409;0.150422706508915;7.49367426322562
43859079772.0219;46.4940110726744;0.161077288271971;-7.9690800556515;-10.3005345531388;32.8534658409954;0.153153418225722;7.49367424209074
43859079772.2358;46.4940110752987;0.161077288284397;-7.91113478023385;-10.235811916464;32.896816890847;0.155767461092532;7.49367421842842
43859079772.4418;46.4940110782168;0.161077288298416;-7.84876649421771;-10.1671432260108;32.9434782561153;0.158267856077992;7.49367419182508
43859079772.639;46.4940110814765;0.161077288314289;-7.78182610112635;-10.0943604110166;32.9935615364861;0.160655237581542;7.4936741618243
43859079772.8263;46.4940110851248;0.161077288332275;-7.71045507388966;-10.0175968566815;33.0469609045843;0.162925755627947;7.49367412796508
43859079773.0028;46.4940110892124;0.161077288352659;-7.63508228172609;-9.93727157864605;33.1033554594474;0.165075537684062;7.49367408974702
43859079773.1684;46.4940110938161;0.161077288375857;-7.55600634602289;-9.85365040459035;33.1625217210834;0.167110403898012;7.49367404643183
43859079773.3254;46.4940110991033;0.16107728840276;-7.47258078388962;-9.7660055451382;33.2249433563487;0.169059464093242;7.49367399647753
43859079773.4775;46.4940111054015;0.161077288435105;-7.38293346712164;-9.67235034667228;33.292021135876;0.170971326854082;7.49367393692604
43859079773.6318;46.4940111134584;0.161077288476862;-7.28216769315208;-9.56759992288166;33.3674190341367;0.172937981473544;7.4936738611617
43859079773.7991;46.4940111250315;0.161077288537431;-7.16029634546994;-9.44149890054991;33.458610119769;0.17510773931066;7.49367375422505
43859079773.9816;46.4940111428523;0.161077288631669;-7.01019763689122;-9.28689939363098;33.5709236973658;0.177525822799311;7.49367359378089
43859079774.1763;46.4940111719386;0.161077288787147;-6.82580181146365;-9.09782035614551;33.7089020144772;0.180188081790505;7.49367334052613
43859079774.378;46.4940112223992;0.161077289059829;-6.6016674109822;-8.86896295458225;33.8766172200895;0.183064651576163;7.49367291845028
43859079774.5856;46.4940113206724;0.161077289596704;-6.32478358485846;-8.58734555644495;34.0838054555008;0.18620275662629;7.49367214044036
43859079774.7996;46.4940115487936;0.161077290856654;-5.97233469027116;-8.23014715682847;34.3475394618238;0.189706916300672;7.49367047277103
43859079775.0184;46.4940122247066;0.161077294630644;-5.51013300744079;-7.76322305413157;34.6934001521627;0.193712130920743;7.49366606541787
43859079775.2396;46.4940151633472;0.161077311215007;-4.87660678799095;-7.12505447928045;35.1674500240456;0.19846923132779;7.49364994345874
43859079775.4633;46.4940421969706;0.161077465392292;-3.91779421409234;-6.16167808013916;35.8847815953925;0.20465692348825;7.49354101752459
43859079775.6904;46.4960011218511;0.161088753806316;-2.06406143641468;-4.30344628908769;37.26597465726;0.214747260157803;7.48953231834965
43859079775.9198;46.5497535745621;0.161401669026799;-0.630282983313583;-2.86525458096038;37.9676004553969;0.221025078271245;7.2414462156074
43859079776.1499;46.6745020025635;0.162135093092247;-0.265915127690822;-2.4965950531952;36.7976520253043;0.216341672434015;6.27756171255757
43859079776.3811;46.873885121685;0.163318638798377;-0.0642443164572866;-2.29074766805542;34.3062663554454;0.203643289448146;4.51209634758934
