t;slip_2;slip_3;slip_rate_2;slip_rate_3;shear_stress_2;shear_stress_3;state
0;0;0;-9;-19.9999946455258;32.2450204656692;-3.22454180212452e-10;7.60205999132796
2.75290596933567;2.77207097599149e-09;-3.64300525436463e-15;-8.99698703176424;-14.8783315798722;32.2472751906625;-4.23787824972655e-05;7.60205999124462
4.14266986779145;4.19677934199298e-09;-1.05414958640386e-14;-8.98921505141127;-14.3041869484702;32.2530912750043;-0.000156170661030107;7.60205999104515
4.53699849954151;4.60904792166303e-09;-1.41513055995838e-14;-8.98067807477578;-14.0383739999594;32.2594798363578;-0.000282462914030715;7.60205999090002
4.76767445190194;4.85558657884969e-09;-1.73886854339544e-14;-8.97111729610383;-13.8528086651293;32.2666345492272;-0.000423703743683432;7.60205999075934
4.9873801291553;5.09748957488464e-09;-2.19781424703654e-14;-8.95820003209941;-13.6800799707284;32.2763010533118;-0.000612355776515632;7.60205999055853
5.21288402987488;5.35492410627504e-09;-2.86531288437182e-14;-8.94248725735761;-13.5287036751673;32.2880595481999;-0.000837192882952442;7.60205999026275
5.45239842829069;5.63985299817676e-09;-3.82545903550497e-14;-8.92459513705854;-13.3969942808314;32.3014489322631;-0.00108848603107031;7.60205998983286
5.71815584936622;5.97095116042528e-09;-5.2254048678311e-14;-8.90452863049162;-13.2783741687301;32.3164654935588;-0.00136640145858801;7.60205998920509
5.99956377975508;6.33879888490385e-09;-7.10703593327083e-14;-8.88366825835034;-13.1748018575829;32.3320761331641;-0.00165386476016836;7.60205998836071
6.28986890825026;6.73739317476739e-09;-9.50710689376115e-14;-8.86232363525023;-13.0826306258424;32.3480491539695;-0.00194778538923716;7.60205998728959
6.58844947401121;7.16860437593884e-09;-1.25084970159878e-13;-8.84037150303108;-12.997739087706;32.3644767944811;-0.00225268779424322;7.60205998596609
6.8952149944288;7.6355797939601e-09;-1.6220260769292e-13;-8.81751252499965;-12.9172262181311;32.3815830596059;-0.00257385681637277;7.60205998435808
7.21020731237747;8.14240620423032e-09;-2.0783331407765e-13;-8.7934407248217;-12.8390427704123;32.3995969226902;-0.00291700760695293;7.6020599824257
7.53296554631792;8.69322875941977e-09;-2.63692123929103e-13;-8.76786561491634;-12.7617856522165;32.4187357659598;-0.00328757778655669;7.60205998012352
7.86281226116904;9.29283461462586e-09;-3.31908605779819e-13;-8.74044629790643;-12.6844228453807;32.4392546950519;-0.00369057741838628;7.6020599773978
8.19826470711623;9.94567168398021e-09;-4.1496026090436e-13;-8.71082615634751;-12.6062826710099;32.4614205794044;-0.00412962871345472;7.60205997419059
8.53853328912094;1.065898777752e-08;-5.16177767666886e-13;-8.67853982876288;-12.5265662159073;32.48558166549;-0.0046096108186687;7.60205997042453
8.88323296844904;1.14431179432152e-08;-6.40061987257504e-13;-8.64305271778535;-12.4444248900502;32.5121380111355;-0.00513657173380222;7.60205996599696
9.2314899213424;1.23102520432147e-08;-7.92394848056083e-13;-8.60381353063602;-12.3591061976253;32.5415021673981;-0.00571669378455538;7.60205996078288
9.58239275141097;1.32763903757395e-08;-9.80930637177504e-13;-8.56014755733226;-12.2697930678169;32.5741790425941;-0.00635664515528403;7.60205995462174
9.93497649042743;1.43628679049236e-08;-1.21625568228639e-12;-8.51124153042754;-12.1755941283746;32.6107772322658;-0.00706331462647163;7.60205994730475
10.2884272035517;1.55993438911053e-08;-1.51330339635926e-12;-8.45614317596391;-12.0755026476158;32.6520093549309;-0.0078442321946903;7.60205993854998
10.641922016781;1.70269868078106e-08;-1.8934749220692e-12;-8.39376345094173;-11.9684034601215;32.6986903774655;-0.00870743717778272;7.60205992797227
10.9948143887179;1.87054362796024e-08;-2.38864057855649e-12;-8.32273399908683;-11.8528917553999;32.751844286146;-0.00966224408281226;7.60205991502442
11.3465004242221;2.07231810108952e-08;-3.04778843882873e-12;-8.24128890204801;-11.7271722773984;32.8127925765719;-0.0107191369061569;7.6020598989111
11.6964339709822;2.32166594341483e-08;-3.94937352037625e-12;-8.14717996408923;-11.5889788617284;32.8832176489066;-0.0118898235449155;7.60205987843505
12.0440274567524;2.64040286152535e-08;-5.22441033288264e-12;-8.03763925966465;-11.4355489049848;32.9651908341857;-0.0131869982598977;7.60205985172644
12.3891532250271;3.06598608117007e-08;-7.10724859567921e-12;-7.90899289062684;-11.2631643710183;33.0614614328783;-0.0146268418810692;7.60205981565855
12.7312497621132;3.6653180100649e-08;-1.00385775354872e-11;-7.75648126302936;-11.0670841223718;33.1755912077151;-0.0162261621505367;7.60205976480216
13.0700857559222;4.57051533222571e-08;-1.49313884073216e-11;-7.57324627775118;-10.8404311095289;33.3127123035066;-0.018006328226845;7.60205968885001
13.4054949524442;6.07069113855079e-08;-2.38899728566564e-11;-7.34943280905488;-10.57333557429;33.4801996362662;-0.0199933364181374;7.60205956635957
13.737501181957;8.89358163708764e-08;-4.25095359121059e-11;-7.0704522005987;-10.2511767473589;33.6889703582864;-0.0222209791057927;7.60205934673006
14.0658476329766;1.52375530139567e-07;-8.87157401048279e-11;-6.71397111167723;-9.85163203351706;33.9557371319284;-0.0247316015509294;7.60205888933944
14.3907561939399;3.38831116212834e-07;-2.38656070137337e-10;-6.24118575561303;-9.33584269221756;34.3095375530213;-0.0275903956127188;7.60205769442762
14.7120175492776;1.1893698998661e-06;-9.9370451887316e-10;-5.57716436546809;-8.62888366759534;34.8064420941901;-0.0308987086942118;7.60205318310779
15.0298463585213;1.04125224193254e-05;-1.00318605470691e-08;-4.537313870357;-7.54611342639634;35.5845490160681;-0.0348707999267766;7.60201859930454
15.3440628682033;0.00134400748014484;-1.45253066918854e-06;-2.37220505539613;-5.33811353702292;37.2014022091495;-0.0402393380805924;7.59975055244417
15.6549323663574;0.0728932182363284;-8.6882767479945e-05;-0.637973264579871;-3.56096650187443;38.0460206168554;-0.045427203412219;7.29696068847914
15.962276978039;0.228921754224846;-0.000292538580689937;-0.294421569999353;-3.1744846134517;36.4490379421413;-0.0480422154269562;6.05817130456686
16.2664304205474;0.462207663657045;-0.000632036391976362;-0.115204228298991;-2.95225575754826;33.4113970793726;-0.048623151771476;3.9389768891703
16.5671900402388;0.745463567980626;-0.00108724298313623;-0.0260405557164996;-2.82001098519559;29.2451249163754;-0.0469983976257032;1.11071509934792
16.8648816932089;1.00271188798519;-0.00154390967728963;-0.0634141103321871;-2.81416731897935;25.6729798599409;-0.045574621601019;-1.25726377981966
17.1593642955297;1.20187495043025;-0.00193457807293286;-0.16985084666863;-2.87725136326483;25.6217267468255;-0.0502583097433188;-1.23828427408464
17.4508815844679;1.37559472053641;-0.002311280235154;-0.224815070483529;-2.8886662034421;25.6600834672957;-0.0556425380887747;-1.18516701652806
17.7392885003858;1.5325665519381;-0.00268774254889611;-0.264183945185925;-2.88428416334436;25.6930469310894;-0.0616191058509751;-1.14344924784633
18.0248828973342;1.67653744725901;-0.00306986564326241;-0.29747497736707;-2.87354639687304;25.7197021854677;-0.0682644374988698;-1.10898312792563
18.3074862385881;1.81000847826008;-0.00346217389192944;-0.325790277058034;-2.85754985256526;25.7417474138034;-0.0756621101207944;-1.08008246837075
18.5874116984771;1.93453850745292;-0.00386785513141297;-0.351768310475503;-2.83885747593498;25.7608603699011;-0.0839211058791302;-1.05430639614517
18.8644962561884;2.05006645749081;-0.00428531594736991;-0.379925255489966;-2.82199660501655;25.7794981017614;-0.0931543432476044;-1.02775435376921
19.1391803058109;2.15637236896873;-0.00471185592635219;-0.41227602598355;-2.80887369829064;25.8003245981388;-0.10352077094143;-0.99763786346966
19.411254974371;2.25305142169308;-0.00514305331198389;-0.449355722314475;-2.80001198974885;25.8238030996955;-0.115176515179616;-0.963378525324443
19.6812620111902;2.34037405004029;-0.00557660837615211;-0.49024828354168;-2.79433081932754;25.8498129337039;-0.128343792638099;-0.925513145152169
19.949030758449;2.41850622663448;-0.00600914430225724;-0.534929963784867;-2.79173770130359;25.8778879098297;-0.143258727718019;-0.884362726864616
20.2150223527025;2.48822790819786;-0.00644041468676576;-0.581500059491925;-2.79011827645679;25.9078914725618;-0.160255835295929;-0.840965550879028
20.4790030645242;2.55050289288475;-0.00687185296969946;-0.627258566181562;-2.78665351674928;25.9385999328524;-0.179701449514616;-0.797484891830213
20.7414503082691;2.60651498406885;-0.00730779956643464;-0.670760228966985;-2.77960872446567;25.9686511514779;-0.202116094078329;-0.755547230296286
21.0022114888079;2.65705940360719;-0.00775132625914974;-0.712569725156063;-2.76932317649687;25.9970444043671;-0.228123761838646;-0.715530233979508
21.2616746032362;2.70272608458494;-0.00820516919281237;-0.754476178238077;-2.75717004890839;26.0238962958376;-0.258629731510151;-0.676448484848364
21.5198604133942;2.74388075930695;-0.00867099536423396;-0.797513196381194;-2.74370848507911;26.0499564331868;-0.294857183368292;-0.637264930263418
21.7768803029196;2.78089120146329;-0.0091515830686846;-0.841642459024584;-2.72819407713476;26.0758341838986;-0.338599718402154;-0.59756073269045
22.0329066909942;2.81416784614673;-0.00965217686909141;-0.886145199902336;-2.70879926259736;26.1016890261872;-0.392658088907529;-0.557536388397581
22.2879399270934;2.84412631486697;-0.0101817097487414;-0.930077170346017;-2.68270385025779;26.1272505913232;-0.461813932219296;-0.517747373362585
22.5419994380216;2.8711856254533;-0.0107570422071217;-0.972618730221169;-2.64501658152986;26.1519074684877;-0.55603934058749;-0.478795021249578
22.7952402880056;2.89575032456447;-0.011412581349779;-1.01322231362504;-2.58693513373008;26.1744922024743;-0.69849844690762;-0.441154576649926
23.0476810744923;2.91816880128367;-0.0121411435325845;-1.0515534245509;-2.53969289982614;26.1952182524089;-0.851299828622681;-0.405164479088586
23.2993642408661;2.93874550450289;-0.0128670113775714;-1.08747837535181;-2.53999661094095;26.2170197449941;-0.924836764254043;-0.371000160455132
23.5504045481388;2.95773955859683;-0.0135161404247124;-1.12112578730401;-2.58741241450038;26.2411830586625;-0.896802445148202;-0.338683337658209
23.8008264715661;2.97535248640916;-0.0140319749860426;-1.15284079181119;-2.68616191007326;26.2671996432855;-0.769294551692019;-0.308119965512209
24.0506639720227;2.9917407136926;-0.014374538304675;-1.18312564784422;-2.86291676900585;26.2934071487013;-0.549611416489685;-0.279109092484487
24.2998040203313;3.00701314358802;-0.0145736278940113;-1.21253540404317;-3.09739499354686;26.3163387122045;-0.343056678140069;-0.251397277408878
24.5482753630679;3.0212601885754;-0.014719125515477;-1.24155151125629;-3.23242041320082;26.3354497821621;-0.268950179277771;-0.224689494428084
24.7962021578331;3.03455835835631;-0.0148522668151933;-1.27053159242315;-3.2700106736258;26.352719548869;-0.263843475425647;-0.198695390496667
25.0435623206035;3.04696375898299;-0.0149772574749251;-1.29971896384274;-3.29645219763727;26.3690461625549;-0.265681421788612;-0.173181509043557
25.2904531751762;3.05853117141243;-0.0150955642610346;-1.3292687825463;-3.31949534633188;26.3846441091046;-0.26985140075481;-0.14795749398158
25.5368471139178;3.06930591058831;-0.0152073506754156;-1.35922325404379;-3.34324099392729;26.399683385043;-0.273893028706813;-0.122904882399064
25.7828711343805;3.07933841418337;-0.015312397129576;-1.38956818732005;-3.36959611395838;26.4143068565752;-0.276573962630095;-0.0979438897460951
26.0284225636384;3.08866949339281;-0.0154103026993359;-1.42021059025958;-3.39933506720262;26.4286080090165;-0.277299963595701;-0.0730629300993779
26.2735848767138;3.09734715418731;-0.0155008350649619;-1.45105104044588;-3.43264984150626;26.4426590510262;-0.275871174734831;-0.0482649323778076
26.5183863336878;3.10541657316059;-0.0155838987791358;-1.48197173314429;-3.46940265167163;26.4565012818213;-0.272333766259056;-0.0235806394280798
26.7628378086674;3.11292138037351;-0.0156595697965786;-1.51285312171005;-3.50926308870849;26.4701537243157;-0.266898723359117;0.000944867583792364
27.0068656426605;3.11990155297448;-0.0157280690292009;-1.54357320341525;-3.55175365886962;26.4836156624722;-0.259894339818008;0.0252530225414769
27.2506094366068;3.12640111112185;-0.0157898101038674;-1.57404973331264;-3.59635938222275;26.4968883751324;-0.251701165910838;0.0493067755774555
27.4939779805158;3.13245561420392;-0.015845236797487;-1.60418593908884;-3.64254547139447;26.5099556452565;-0.242688651653936;0.0730498713357974
27.7369663251082;3.13810075420629;-0.0158948575749896;-1.63391072519947;-3.68992187741802;26.5228048309207;-0.233135439812891;0.096440485712944
27.9797090329979;3.14337258472336;-0.0159392010617428;-1.66318475258449;-3.73831635341644;26.5354306075476;-0.223200179108023;0.119456657573922
28.2223220200001;3.1483034471341;-0.0159787659249127;-1.69199116052741;-3.78760437669554;26.5478186014413;-0.213017667687733;0.142081348090814
28.4661122607581;3.15294363643384;-0.0160141815544387;-1.72048061799439;-3.83782135030592;26.5600033604945;-0.202715703705809;0.164413802170163
28.7125954810014;3.15733847805153;-0.0160460143243255;-1.74884413080973;-3.88891292946615;26.572017007616;-0.192466754530429;0.18657189674886
28.9632527549996;3.16152445625194;-0.0160747538001057;-1.77728334992084;-3.94060147006495;26.5838764986904;-0.182515684076501;0.208668849444921
29.2192618886685;3.16552657468874;-0.0161008028426487;-1.80596552316953;-3.99246369493884;26.5955819540275;-0.173105683081268;0.230789181751822
29.4828542717176;3.16937910694147;-0.0161246190159842;-1.8351865731805;-4.04406087395187;26.6071675231158;-0.164484259216841;0.253104294594203
29.7565378201642;3.17311144217161;-0.0161466117579537;-1.86526804786143;-4.09496931318149;26.6186688625067;-0.156850196931755;0.275799044682916
30.0447205090615;3.17676676581103;-0.0161672470672054;-1.89674205415908;-4.14505690740937;26.6301753312598;-0.150334678292869;0.29919910997504
30.3531434396233;3.18038792116069;-0.0161869633924751;-1.93029950271015;-4.19432068510567;26.6417781212691;-0.145058113358839;0.323710758081196
30.691214850714;3.18403512676213;-0.0162062651533232;-1.96704820014241;-4.24341151599278;26.6536295723973;-0.141056479935495;0.349989309234434
31.081404035316;3.18785208617343;-0.0162260530995305;-2.00955768551964;-4.29487450621772;26.6661665184637;-0.138243196158287;0.37961071611044
31.5752592665588;3.19211695225122;-0.0162478717481799;-2.0636942601451;-4.35477180965931;26.6802848761985;-0.136493796278972;0.4161060503068
32.3706433474928;3.19772277130359;-0.0162763548486706;-2.1519378193708;-4.44598963253405;26.69906234802;-0.135657620904831;0.472770937733436
34.0004431007116;3.20525651691975;-0.0163144919136464;-2.33512329594514;-4.63078698096642;26.7246307273257;-0.135284495977018;0.581445606671798
40.1669032023999;3.21243522873165;-0.0163499479066454;-2.93398940685825;-5.24034627290897;26.7578524285471;-0.132158283161875;0.903065014217175
81.1510112979723;3.21415143792813;-0.0163584052150282;-4.37804526346958;-6.68538332156107;26.8010241106357;-0.132072783634025;1.6539374450832
417.22499053121;3.21439042680141;-0.0163595644272702;-6.14805720644815;-8.46227192930202;26.8555236508771;-0.13026234800916;2.5753510828273
2764.99801101639;3.21442822176849;-0.0163597460337213;-7.79322213623862;-10.1115248359737;26.9099985317221;-0.129303706556938;3.43432740885991
13854.9753814861;3.21443633867133;-0.0163597843046311;-9.13554031225634;-11.4620618732127;26.961636503738;-0.127123162447494;4.13998096550307
56600.43056785;3.2144385617267;-0.016359794467643;-10.2839396670593;-12.6238675103741;27.0188280061343;-0.123520392614868;4.75238145257195
197974.395439087;3.2144393002517;-0.0163597977131258;-11.2820042368671;-13.6390901315051;27.0862850265539;-0.11903195033459;5.29647112681315
613491.683734786;3.2144395889181;-0.016359798926316;-12.1581928485642;-14.5346601940144;27.1659209724673;-0.114171337167888;5.7877595669464
1722963.8247116;3.21443971941729;-0.0163597994477917;-12.9295086045806;-15.3278822967127;27.2599932336184;-0.108931140721711;6.23625671130424
4529312.76952404;3.21443978729161;-0.0163597997037487;-13.616436163073;-16.0399746119564;27.3742178154008;-0.103229368294507;6.65602395200268
11884061.0966082;3.21443982851263;-0.0163597998484162;-14.2514490798617;-16.7061969741966;27.5260519720157;-0.0966042050771079;7.07496113909275
35977685.158929;3.21443986042117;-0.0163597999497417;-14.8779952364875;-17.3761834795254;27.7772200417328;-0.0882064891024861;7.55603159399071
101074609.114596;3.21443989323076;-0.0163598000448866;-15.297559589726;-17.8351746519517;28.1346897303113;-0.0815881466583171;8.00464115933684
210515600.146679;3.2144399343791;-0.01635980015594;-15.424827773939;-17.9936483441786;28.5163697997522;-0.0769615255420553;8.32328348995827
365828190.093246;3.21444000203686;-0.0163598003332624;-15.3608890066374;-17.9424429525802;28.9234145335461;-0.0758046097055772;8.56327618214864
563122879.790071;3.21444014204682;-0.0163598006933696;-15.1489564642532;-17.7386836096396;29.3623805254478;-0.0755203714296052;8.75060154576622
792388247.915318;3.21444050487065;-0.0163598016286373;-14.8006426630554;-17.3894025340606;29.8450427587256;-0.0769329408982615;8.89893453450898
1038418987.28447;3.21444171431608;-0.0163598048580968;-14.308403092181;-16.8818595228138;30.3891492137577;-0.0811450647137857;9.01636302980005
1296299540.3926;3.21444786576777;-0.0163598221539322;-13.6224409757392;-16.1734770501472;31.0466059260046;-0.0872927257658616;9.11266814404541
1554920839.32718;3.21451755120174;-0.0163600469121583;-12.569522279625;-15.0609486928278;31.9523942627889;-0.103056880685663;9.19143581293755
1806223424.63935;3.2229165391572;-0.0163889218812124;-10.4759699980218;-12.9396754290258;33.5915767978955;-0.115484835275552;9.23988832211769
2045295193.38954;3.29972058086885;-0.0166424771313372;-9.4931442198354;-11.9744556871488;33.6950245438601;-0.111238291446343;8.81758356331853
2272378126.78771;3.39345847587149;-0.0169124856464356;-9.38426929900469;-11.92480703523;32.914186961102;-0.0948080895862925;8.24140195158597
2490401677.4947;3.48916019894481;-0.0171301168519021;-9.35758365108099;-12.0007822406005;32.5829103197186;-0.0740954062556751;8.00668354457641
2699826073.0295;3.58904825497129;-0.0173035917666532;-9.32151370942478;-12.081790587863;32.5124517961567;-0.0564641562569921;7.94154874278041
2901309320.26668;3.69305554098346;-0.0174227651962289;-9.28717517766596;-12.2280595039575;32.4805016607288;-0.0372167463036855;7.90301382247978
3093321737.08522;3.79932687156662;-0.0174760982639963;-9.25691319577353;-12.5563327486014;32.4550206711172;-0.0162877965990235;7.87084642988599
3276172227.3601;3.9071716446171;-0.0174614178445361;-9.22929702829495;-13.0953576643908;32.4323877600973;0.00441487373887537;7.84191376884553
3450742107.79049;4.01588206768446;-0.0173800532284941;-9.20569812856227;-12.3315337350951;32.4120153154685;0.0242588622772398;7.81650837178931
3617293053.43824;4.1244513842633;-0.0172364610658461;-9.18583999884042;-12.0644163664013;32.3954329156486;0.0428457175457626;7.79551259031844
3774891368.19999;4.2327903706431;-0.0170363595647445;-9.16276680115025;-11.8963012225628;32.3805114576375;0.0598066233183976;7.7740240801894
3922941824.88142;4.34071230863486;-0.016786277904199;-9.13730001585594;-11.7723279069611;32.3617651333842;0.0749901652373682;7.74878635535751
4061077425.10922;4.44429260347924;-0.0165030930382378;-9.12502847621334;-11.6882355791692;32.344214802401;0.0884279403452101;7.73094689796784
4190362570.43935;4.54117185965551;-0.0162030296724537;-9.12531783225744;-11.6343356515591;32.3390457826407;0.100163474687812;7.72766056550805
4312268888.91857;4.63615674420551;-0.0158798475248321;-9.10837171675501;-11.5765788533398;32.3394737059797;0.110033723942108;7.71949463802722
4426180248.66783;4.73665541075491;-0.015513131984802;-9.05440673659569;-11.4922377219001;32.3215778075912;0.117940120673241;7.6805735972444
4527212958.3772;4.83887367238665;-0.0151200988564335;-8.99493351009449;-11.4100328428105;32.2759646581868;0.124102319470304;7.62037625191998
4610714916.72695;4.92484147297605;-0.0147759164149445;-8.98736084516089;-11.3849079500303;32.2378160232841;0.12906797837206;7.59111416725249
4678219569.37325;4.98951382870828;-0.014508696473472;-9.01861502619835;-11.4024648423518;32.2352258991361;0.133192846937311;7.60502178994669
4723733015.55801;5.03253730228531;-0.0143276539704776;-9.02443424963032;-11.4003591753328;32.2532966524911;0.135721667041451;7.62001216328703
4748845530.51427;5.05805427169313;-0.0142198169076686;-8.99306111546116;-11.3671221580681;32.2719931265467;0.136384415176446;7.61681929825663
4759492609.11398;5.06978332558789;-0.0141706529077997;-8.95796747829865;-11.3355832513197;32.2846989300544;0.135325913599287;7.60775878299931
4762718279.15602;5.07347587189214;-0.0141554238143593;-8.94129399074209;-11.3259458894165;32.2903627372779;0.133174484714004;7.60320033695161
4764201784.41987;5.07521174008886;-0.0141484875790554;-8.93177234523159;-11.3301652739783;32.2937244873081;0.129040253347601;7.60067453173898
4765044803.86759;5.07621254475778;-0.0141447676344177;-8.9254882707866;-11.3553011170232;32.2960856393198;0.120043055674842;7.59908712680238
4765563606.43491;5.07683473544137;-0.0141428732137175;-8.92107861266427;-11.4375256859549;32.2978983440012;0.0983393175319363;7.59804490821887
4765897480.91429;5.07723813899844;-0.0141424240363002;-8.91784350046861;-11.8711653102054;32.2993975252934;0.035964382822006;7.59734324542539
4766110820.37497;5.07749733580791;-0.0141430477676639;-8.91544154149529;-11.5340736102421;32.3004287249013;-0.0777277717899156;7.59687987129638
4766245937.55103;5.07766219400169;-0.0141432582270237;-8.91360002259582;-11.8075423148248;32.3014230244842;-0.0412362689181635;7.59657900045734
4766328645.99688;5.07776344480604;-0.014142997883416;-8.91215137824014;-11.5020029413646;32.3021463722513;0.0830576841231251;7.59639119822695
4766377171.78253;5.07782301297615;-0.0141427236195715;-8.91095831641352;-11.2478040160303;32.3026383893008;0.148727848723066;7.59627923936322
4766403719.51509;5.07785567963192;-0.0141425621348427;-8.90992275782693;-11.2158959755313;32.3032686112128;0.159688356431395;7.59621714269809
4766417069.31285;5.07787214265096;-0.0141424813966692;-8.90896520609645;-11.2183957659322;32.3039440310561;0.158425464564364;7.59618552726332
4766423048.6195;5.07787953254592;-0.0141424460114924;-8.90801256157581;-11.2278294578096;32.3046534389153;0.154684995883837;7.59617119742937
4766425207.39498;5.07788220647047;-0.0141424336643907;-8.90705832786603;-11.2426424499182;32.3053853629961;0.149173199250595;7.59616596188788
4766425869.14579;5.07788302816639;-0.0141424301016422;-8.90598334727913;-11.2689093153284;32.3062277111072;0.140074887336155;7.59616433712844
4766426013.85774;5.0778832083951;-0.014142429389407;-8.90468043586603;-11.3078809752126;32.3072530749224;0.127673126701956;7.5961639768173
4766426036.4471;5.07788323663244;-0.0141424292844652;-8.90308012350465;-11.3329553862654;32.3084794269409;0.120071864918381;7.59616391959182
4766426041.48471;5.0778832429585;-0.0141424292604348;-8.90109135169124;-11.3214641303201;32.3099577944257;0.122733639290456;7.59616390653732
4766426044.08332;5.07788324623973;-0.0141424292473206;-8.89870325428053;-11.2969966624365;32.311720180954;0.129141751130961;7.59616389961803
4766426045.85561;5.07788324849093;-0.0141424292383262;-8.8961228640301;-11.2945631831515;32.3136513406912;0.129105788838468;7.5961638947583
4766426047.1746;5.07788325017669;-0.0141424292317865;-8.89344524764602;-11.3046840660592;32.315669701178;0.125364433392929;7.5961638910307
4766426048.26731;5.07788325158251;-0.0141424292264824;-8.89057490318462;-11.3138939767593;32.3178307010201;0.12193352468509;7.59616388784545
4766426049.2064;5.07788325279915;-0.0141424292219656;-8.8875427275142;-11.3178784192174;32.3201070202273;0.119987802191553;7.59616388501865
4766426050.03292;5.07788325387781;-0.0141424292179582;-8.88437212065464;-11.3143923401746;32.3224793718823;0.120083806892422;7.59616388244749
4766426050.7675;5.07788325484373;-0.0141424292143536;-8.88110053122954;-11.30917878597;32.3249256293656;0.120631097660318;7.59616388008507
4766426051.43777;5.07788325573201;-0.0141424292110385;-8.87769336171135;-11.3057505842612;32.3274753084568;0.120646455201248;7.59616387785588
4766426052.05147;5.07788325655194;-0.0141424292079786;-8.8741762388895;-11.3022567435893;32.3301073151017;0.120649809771019;7.59616387574436
4766426052.63351;5.0778832573363;-0.0141424292050355;-8.8704451771024;-11.2961436046532;32.3328969375521;0.121323851941013;7.59616387367128
4766426053.1792;5.07788325807827;-0.0141424292022155;-8.86655570250261;-11.2866910810941;32.3358017162122;0.122898973211399;7.59616387165763
4766426053.70066;5.07788325879405;-0.0141424291994417;-8.86244551418635;-11.2741606293104;32.33886836779;0.125316917426872;7.59616386966251
4766426054.19611;5.07788325948087;-0.0141424291967175;-8.8581526264554;-11.259747277517;32.3420694121259;0.128284195152142;7.59616386769543
4766426054.67427;5.07788326015067;-0.0141424291939968;-8.85363529124874;-11.2449064424775;32.345437621744;0.1313838185636;7.59616386572393
4766426055.12761;5.0778832607925;-0.014142429191336;-8.8490000051013;-11.2314064469843;32.3488953531987;0.134107483497437;7.59616386378211
4766426055.56548;5.07788326141933;-0.0141424291886984;-8.8441894164426;-11.2201313906576;32.352486959686;0.13613371510039;7.59616386183336
4766426055.98646;5.0778832620289;-0.0141424291861132;-8.83924299547147;-11.2117791394266;32.3561840468363;0.137221181109882;7.59616385988619
4766426056.39556;5.0778832626283;-0.0141424291835696;-8.83411262262873;-11.2063645123535;32.3600228960205;0.137327315508122;7.59616385791939
4766426056.79167;5.07788326321579;-0.014142429181092;-8.82881797697137;-11.203796093547;32.3639886526621;0.136484685596362;7.59616385593939
4766426057.18187;5.07788326380195;-0.0141424291786521;-8.82326422147098;-11.203902334567;32.3681520417924;0.134734803194959;7.59616385391052
4766426057.55579;5.07788326437104;-0.0141424291763279;-8.81760072894079;-11.2065053921193;32.3724005916449;0.132211807538827;7.59616385188749
4766426057.92484;5.07788326494046;-0.01414242917406;-8.81165325672797;-11.2114765067084;32.3768643919886;0.128947087205634;7.59616384980931
4766426058.2881;5.07788326550905;-0.0141424291718642;-8.80541890817313;-11.2186260375862;32.3815449617504;0.125051940757756;7.59616384767839
4766426058.64572;5.07788326607731;-0.0141424291697473;-8.79887825550724;-11.2277168711515;32.3864561600876;0.120649301787623;7.59616384549119
4766426058.98683;5.07788326662768;-0.0141424291677761;-8.7922315024371;-11.2381519924956;32.3914469870584;0.116013855274199;7.59616384331565
4766426059.32869;5.07788326718837;-0.0141424291658547;-8.78513059453492;-11.2502354221009;32.3967782379549;0.111018919320255;7.59616384104052
4766426059.66335;5.0778832677467;-0.0141424291640307;-8.77771080460822;-11.2635932881325;32.4023479149837;0.10585076409027;7.59616383871369
4766426059.99395;5.07788326830829;-0.0141424291622889;-8.76988201158061;-11.27828867817;32.4082233475462;0.100519091933446;7.59616383631001
4766426060.31515;5.07788326886421;-0.0141424291606569;-8.76175508459919;-11.2940602869231;32.414321106534;0.0951550250098359;7.59616383386589
4766426060.63318;5.07788326942567;-0.0141424291591037;-8.75315155277659;-11.3112381795721;32.4207749254459;0.0896885007656593;7.59616383133072
4766426060.94621;5.07788326998995;-0.014142429157639;-8.74408768713694;-11.3298203472884;32.4275724346945;0.0841747389043249;7.59616382871342
4766426061.25669;5.07788327056221;-0.0141424291562524;-8.73445644585213;-11.3501049793303;32.4347937733366;0.078589152874949;7.59616382598657
4766426061.55838;5.07788327113124;-0.0141424291549709;-8.72442693369302;-11.3718432926871;32.4423120648741;0.0730626530899068;7.59616382320037
4766426061.85435;5.07788327170319;-0.0141424291537802;-8.71387917325604;-11.3954262018605;32.4502172024087;0.0675570348155764;7.59616382032342
4766426062.14771;5.07788327228495;-0.0141424291526684;-8.70266044230663;-11.4214036094682;32.4586235691413;0.0620278791617508;7.59616381731758
4766426062.43624;5.07788327287295;-0.0141424291516447;-8.69081086323958;-11.4499881856019;32.4675010353548;0.0565290309590155;7.59616381419624
4766426062.71963;5.07788327346736;-0.0141424291507098;-8.67830566622509;-11.4816429887475;32.4768681251407;0.0510783452528939;7.59616381095465
4766426062.99858;5.07788327407054;-0.0141424291498618;-8.66506893933532;-11.5171144948657;32.4867816746227;0.0456731677801821;7.59616380757566
4766426063.27406;5.07788327468585;-0.0141424291490987;-8.65099819687917;-11.5575114607614;32.4973184141904;0.0403027111376248;7.59616380403529
4766426063.54705;5.07788327531707;-0.01414242914842;-8.63597544681;-11.6044736547306;32.5085666731544;0.0349542198629493;7.59616380030509
4766426063.81628;5.07788327596291;-0.014142429147831;-8.61999238157447;-11.6600199329352;32.5205326530307;0.0296571967881498;7.59616379638512
4766426064.08132;5.07788327662409;-0.0141424291473347;-8.60299746034632;-11.7275506097344;32.5332549420259;0.0244216142502772;7.59616379226388
4766426064.34241;5.0778832773031;-0.0141424291469332;-8.58490301422037;-11.813148004946;32.5467991792481;0.0192425796774047;7.59616378791845
4766426064.59885;5.07788327800023;-0.0141424291466307;-8.5656702797407;-11.9282232147923;32.561194396138;0.0141301701689277;7.59616378333908
4766426064.85209;5.07788327872207;-0.0141424291464302;-8.54509100533571;-12.101365880828;32.5765964771798;0.00904963020155815;7.5961637784741
4766426065.10064;5.07788327946721;-0.0141424291463382;-8.52317915929651;-12.4317905402581;32.5929949824155;0.0040226559409946;7.59616377332282
4766426065.34404;5.07788328023711;-0.0141424291463607;-8.49988747080533;-13.034996915179;32.6104253120726;-0.000951145633791021;7.59616376786564
4766426065.58226;5.07788328103477;-0.0141424291465045;-8.47515759123678;-12.2192544607546;32.6289311542176;-0.00588174210292496;7.59616376207216
4766426065.81527;5.07788328186356;-0.0141424291467781;-8.44893153026693;-11.930215994027;32.6485559227377;-0.0107790258393261;7.59616375590802
4766426066.04304;5.07788328272729;-0.0141424291471919;-8.42112730704276;-11.7407183176544;32.669360979476;-0.0156512716405987;7.59616374933487
4766426066.26552;5.07788328363015;-0.0141424291477582;-8.39167387529657;-11.5942550907775;32.6913994999657;-0.0205046470165352;7.59616374231013
4766426066.48262;5.07788328457677;-0.0141424291484915;-8.36047609754267;-11.4713735473353;32.714742686965;-0.025342301821934;7.59616373478702
4766426066.69424;5.07788328557248;-0.0141424291494089;-8.32742411289993;-11.3629790291781;32.7394727609612;-0.0301659331957593;7.59616372671197
4766426066.90026;5.07788328662333;-0.0141424291505306;-8.29237647239358;-11.2640436962423;32.7656955831017;-0.034974552643892;7.59616371802467
4766426067.10043;5.07788328773559;-0.0141424291518793;-8.25517878422079;-11.1714871113447;32.793526705877;-0.0397630598870412;7.59616370866172
4766426067.29448;5.07788328891673;-0.0141424291534815;-8.21562708005069;-11.0831912442509;32.8231187852339;-0.0445262048732523;7.59616369854878
4766426067.48149;5.07788329017049;-0.0141424291553606;-8.17364935348943;-10.9979247866057;32.8545257553688;-0.0492401956129365;7.5961636876418
4766426067.6607;5.07788329150123;-0.0141424291575407;-8.12927033871541;-10.9148746133306;32.8877291705216;-0.0538802513178953;7.59616367589092
4766426067.83141;5.07788329291236;-0.0141424291600446;-8.08267512936671;-10.8336301053506;32.9225906027951;-0.0584169697995967;7.59616366325427
4766426067.99312;5.07788329440717;-0.0141424291628938;-8.03417261325924;-10.7540366980182;32.9588789978066;-0.0628215065553469;7.59616364969099
4766426068.14823;5.07788329601907;-0.0141424291661736;-7.98329630850677;-10.6747825148252;32.9969434026761;-0.0671409536484025;7.59616363489736
4766426068.30062;5.07788329781401;-0.0141424291700566;-7.92890477799079;-10.5937961818412;33.0376378369018;-0.0714689800483859;7.59616361827269
4766426068.45949;5.07788329996991;-0.014142429175013;-7.8673992892324;-10.5058587316071;33.0836548045703;-0.0760596002196004;7.59616359821643
4766426068.63342;5.07788330276331;-0.0141424291818548;-7.79424665877509;-10.4052095277938;33.1383859659509;-0.0811649420454964;7.59616357225161
4766426068.82166;5.07788330645411;-0.0141424291915003;-7.70760210729247;-10.2903984146452;33.2032116591978;-0.08677283496043;7.59616353805279
4766426069.01856;5.07788331131636;-0.0141424292050478;-7.60739457773878;-10.1623717632419;33.278185273801;-0.0927219272149807;7.59616349317144
4766426069.22181;5.0778833178657;-0.0141424292244701;-7.49183891399101;-10.019735982111;33.3646427585793;-0.0989439880285918;7.59616343313342
4766426069.43085;5.07788332704085;-0.0141424292533732;-7.35761783989873;-9.85928630704234;33.4650665042573;-0.105420051795552;7.59616335001961
4766426069.64316;5.07788334037828;-0.0141424292978834;-7.20188614165701;-9.67849861405737;33.5815858506515;-0.112069834072316;7.59616323116871
4766426069.85989;5.07788336117924;-0.0141424293712503;-7.01784164475365;-9.47042500052864;33.7192909428881;-0.118931001993247;7.59616305045659
4766426070.07866;5.07788339589756;-0.014142429500293;-6.799438615553;-9.22926399598917;33.8827061853721;-0.125936816093918;7.59616275871593
4766426070.3007;5.07788346083245;-0.0141424297539811;-6.53394036821986;-8.94211845080802;34.0813625956115;-0.133149293761909;7.59616223877888
4766426070.52458;5.07788360030189;-0.0141424303251144;-6.20554512253495;-8.59328670139797;34.3270849033721;-0.140570874083778;7.59616119317205
4766426070.75055;5.07788397022993;-0.0141424319088159;-5.78593589290571;-8.15437979910578;34.6410622026287;-0.148302097733413;7.59615867216317
4766426070.9783;5.07788532468191;-0.0141424379553176;-5.22567988712283;-7.57593932398069;35.0602806778748;-0.156514995003571;7.59615067784485
4766426071.20754;5.07789402971953;-0.0141424783774452;-4.42052053850925;-6.75367202165767;35.6627183687233;-0.165601002207649;7.59611020868216
4766426071.43833;5.0780973063709;-0.0141434579383088;-3.0551315440433;-5.37218761645249;36.6835909568756;-0.176772933815525;7.5955339137073
4766426071.67028;5.1044069354635;-0.0142747309738675;-0.94528464531915;-3.24722384287139;38.1542613135365;-0.19037234179532;7.52325993816197
4766426071.90356;5.2069289899304;-0.0148032835628389;-0.357062320146205;-2.64479141624731;37.5577474833558;-0.193629017400095;6.83060683930726
4766426072.13798;5.39282755816527;-0.0157916016037371;-0.100725355400489;-2.37510467719853;35.4045363061395;-0.188225989544919;5.2637805327089
4766426072.3733;5.65595884610983;-0.0172314794902965;0.0485222836973946;-2.21332454584315;31.8386555436048;-0.174223964064195;2.80660959605829
4766426072.60969;5.96170699602178;-0.0189505566886958;0.111739784299104;-2.13832867355613;27.2150118672437;-0.153017136386978;-0.314284142085825
4766426072.84674;6.20348559571518;-0.0203450114238507;0.00856381743427923;-2.23044961915085;25.4836576432194;-0.146976643568612;-1.4194411727521
4766426073.08488;6.40819231254205;-0.0215542616923035;-0.0657004500234239;-2.2943163504956;25.5400782279058;-0.150871192367963;-1.34459753017094
4766426073.32355;6.58808285315897;-0.0226410664205905;-0.122784935360208;-2.34164174311424;25.5839737448071;-0.154565012361817;-1.28671265562688
4766426073.56303;6.74926763505944;-0.0236356476316936;-0.171946976781258;-2.38163076210621;25.6209969164308;-0.158092853694759;-1.23738101493662
4766426073.80312;6.89504095183083;-0.0245531561621844;-0.216684630111418;-2.41775255470774;25.6541531088503;-0.161469223868999;-1.1928455707613
4766426074.04381;7.02772227350716;-0.0254039683394309;-0.258648675315629;-2.45162476720179;25.6849082355237;-0.164703158079412;-1.15130150364664
4766426074.2851;7.14900603559652;-0.0261954125810607;-0.298745412455744;-2.48412774867798;25.7140404471904;-0.167798466096168;-1.11177577089514
4766426074.52691;7.26017786565632;-0.0269328529916483;-0.337482649354268;-2.5157504716468;25.7419874647725;-0.170755323494723;-1.07372204238224
4766426074.76965;7.36247092958572;-0.0276218874216561;-0.375284345844837;-2.54688960935049;25.7690712173599;-0.17357752926767;-1.03671325919757
4766426075.01357;7.45682968837909;-0.0282666602912436;-0.412465772719313;-2.57784123704039;25.7955191969633;-0.176266105529696;-1.000439813822
4766426075.2598;7.54430560916822;-0.0288724833776027;-0.449459391879;-2.60900209537155;25.821600575748;-0.178830032475353;-0.964505617782718
4766426075.50917;7.625620990194;-0.0294427605482867;-0.486675827005482;-2.64076254208247;25.847548617079;-0.181272801141896;-0.92854951578295
4766426075.76378;7.7016743208425;-0.029982458393653;-0.524757323925891;-2.67372487781006;25.873727984837;-0.183607938349868;-0.892006700333574
4766426076.02555;7.77304641567497;-0.030494571664908;-0.564388676839406;-2.70855109011487;25.9004954945435;-0.185842765382907;-0.854296359377141
4766426076.29613;7.84002853307954;-0.0309801876330659;-0.60632963506231;-2.74599554828643;25.9282010057401;-0.187977760660265;-0.814804881598654
4766426076.58107;7.90351250061547;-0.0314449562871235;-0.652097723559584;-2.78752495471186;25.9576331552738;-0.190036865879093;-0.772246494659135
4766426076.88252;7.96325841921448;-0.0318863586096681;-0.702898478465662;-2.83437210732314;25.9892513406719;-0.192008360938597;-0.725711564205255
4766426077.21257;8.02034359974479;-0.0323117462788792;-0.762054464872739;-2.88979294693283;26.0245922983919;-0.193930203200566;-0.672511899554424
4766426077.58669;8.07509921300758;-0.0327231053307425;-0.834580890962171;-2.95878848008516;26.0656007634423;-0.195821399439648;-0.608840482504107
4766426078.05412;8.12937783106406;-0.0331341351508378;-0.93509410943011;-3.05584956038297;26.1179142985533;-0.197780304653795;-0.523622048271928
4766426078.77077;8.18440244287705;-0.0335541969032015;-1.1147495454415;-3.23199339304434;26.197688026274;-0.199994990925097;-0.380484275013263
4766426080.18104;8.22350663843159;-0.0338544013967088;-1.55707971152897;-3.67188587906308;26.3247182718383;-0.20209592867082;-0.0744362998253011
4766426084.97888;8.23125276365725;-0.033913301963608;-2.79196074002649;-4.91092577888534;26.434167205475;-0.201002099572773;0.616124987646516
4766426115.38655;8.23219265046147;-0.0339203631565482;-4.50990764595536;-6.63410511988554;26.4958136117619;-0.199058068672485;1.51627672612145
4766426367.70991;8.23231666645293;-0.0339212888401937;-6.30847975883444;-8.43549485755582;26.5504471625912;-0.198178593182752;2.45206093374998
4766428432.75783;8.23233422469021;-0.0339214184898478;-8.07044922190793;-10.202158773363;26.6062472907021;-0.196459969298588;3.37031912468112
4766444871.61578;8.23233687766091;-0.0339214377567508;-9.79213918933768;-11.9310597324146;26.6699983087851;-0.193687879749467;4.27374487079643
4766517083.54174;8.23233748504834;-0.0339214420576595;-11.0751431295623;-13.2250487011887;26.7355171753983;-0.189314124751874;4.9590012197862
4766775269.33767;8.23233767181526;-0.0339214433401675;-12.1406323805112;-14.3038722440993;26.8123299374955;-0.184117339775287;5.54304283500763
4767548001.06148;8.23233774300574;-0.0339214438130464;-13.0356068245635;-15.2132788541545;26.9013090029261;-0.178690466840351;6.0499555166368
4769631988.18818;8.23233777552096;-0.0339214440212813;-13.8068083690469;-16.0003414072233;27.0067023261384;-0.172957149624879;6.50594822309545
4775086970.66777;8.23233779305558;-0.0339214441289856;-14.4928968223416;-16.7045605571288;27.1393028069691;-0.16669975130087;6.93756125425044
4791601877.00515;8.23233780467668;-0.0339214441965644;-15.1526290634138;-17.3880656118459;27.3392413457052;-0.158982715420224;7.40098262992153
4849480124.19639;8.23233781564758;-0.0339214442562465;-15.7222732482847;-17.9866708523414;27.6888514263108;-0.150628564374733;7.91936048369038
4965704769.87883;8.23233782884766;-0.0339214443245974;-15.9447214930118;-18.2305542695169;28.091305509847;-0.145458513988061;8.299460615799
5136364145.8381;8.2323378499932;-0.0339214444309656;-15.9069114809086;-18.2053183805053;28.5217260287553;-0.143472578736168;8.56812872643801
5354557050.37105;8.23233789249478;-0.0339214446418633;-15.7104355123983;-18.0147687100879;28.97010982169;-0.143753008958158;8.7694735626384
5602579341.7549;8.23233799959827;-0.033921445172056;-15.3646870882427;-17.6700569732275;29.4575526176436;-0.145823251301182;8.92228485948009
5866802284.80505;8.23233833037956;-0.033921446852918;-14.9024295913608;-17.196438461629;29.9819370475152;-0.15235293239804;9.04153846685339
6136180218.95761;8.23233970810733;-0.0339214542469194;-14.2911986043132;-16.5614824913861;30.5816192975431;-0.164125699674511;9.13663319082223
6400407314.29184;8.23234897559319;-0.0339215077764038;-13.4550154183962;-15.6933842906099;31.3218824500197;-0.180916835678256;9.21319930085089
6656320928.32667;8.23256712245157;-0.0339228143362965;-12.0693444270812;-14.2919640674115;32.4525336997946;-0.194369881210934;9.27584199139084
6900465969.63362;8.26199554393126;-0.0340802513111942;-9.91888094053129;-12.1905411716635;34.0394407514775;-0.182105132034336;9.26082712257784
7133650743.49134;8.3404553411238;-0.0344507959076239;-9.47305300791148;-11.7988597046885;33.5127553427749;-0.15827176271262;8.68593585895595
7355034153.14425;8.43272605469465;-0.034827238721607;-9.38008119276171;-11.7694460607871;32.808088926;-0.133849288021669;8.16856369335467
7565898190.74657;8.525953485903;-0.0351382529684837;-9.35445880026496;-11.8312222345315;32.5690024070888;-0.108652824859348;7.9959472028038
7766838253.40648;8.62175663401857;-0.0353848333466153;-9.32168675301217;-11.9111080191136;32.5109686477124;-0.0836774897303523;7.94073753964029
7959740069.60408;8.7211914296918;-0.0355657815662099;-9.28779793095628;-12.0277820022987;32.4814330272841;-0.059108659462463;7.90402339194328
8145300798.5083;8.82383459321695;-0.0356775276872839;-9.2571560410145;-12.2202536129533;32.455840847311;-0.0353342024575467;7.87158030137636
8322438516.04782;8.92797434650622;-0.0357195814718613;-9.23069449991091;-12.6245059587142;32.4332324270448;-0.0130972095339039;7.843232848136
8490284730.75227;9.0321931466388;-0.0356966209186786;-9.20696548257132;-12.8639292042162;32.4139270582655;0.00714114627241035;7.81846831901566
8648310920.12498;9.13552208049653;-0.0356162903420474;-9.18450711931248;-12.2938481832586;32.3964491339918;0.0251858346213185;7.79556729927805
8797730116.31541;9.23843475619025;-0.0354850010486921;-9.16193752591327;-12.0561770849569;32.3797776676679;0.0413080128403391;7.77315449293189
8937569090.47307;9.33981919765738;-0.0353112322474766;-9.13965691641673;-11.9056564243229;32.3628132431899;0.0554685431003996;7.75069350039102
9067677337.93075;9.43780486997377;-0.035107263502608;-9.12314225018694;-11.8047412035635;32.3467492467806;0.0673335773330462;7.73171799532309
9189144051.83853;9.53104314260316;-0.0348855563061115;-9.11486306348336;-11.7386774921793;32.3360927039697;0.0768905756925009;7.72047239451544
9304208428.03393;9.62130536347709;-0.0346486986861619;-9.10543487234787;-11.6864535263623;32.3309277745597;0.0848397760358533;7.71232053566473
9411500979.11847;9.71046280478523;-0.0343954982830424;-9.08041197523894;-11.6271051788068;32.3236737532024;0.0917967934536176;7.69497493575526
9506827741.7757;9.79963543869917;-0.0341256254276624;-9.028983249729;-11.5480556403092;32.3050973266689;0.0977684349583117;7.65686045773502
9582723518.32017;9.88574880185073;-0.0338545431040928;-8.9451470580026;-11.4471164093874;32.2713191351857;0.101589159401735;7.59238152743718
9632296290.28078;9.95888262090906;-0.0336239844920638;-8.83112495109252;-11.3324618550183;32.2286920394724;0.101602823424332;7.50688954529789
9656105038.45331;10.0047158922574;-0.0334853215063742;-8.7155557053613;-11.2347760142809;32.195533092024;0.097403667970414;7.42694145028821
9662986677.23206;10.0199322430216;-0.0334426964472656;-8.65538136153512;-11.2080268782705;32.1852083264521;0.0901593574303554;7.38994190405876
9663859240.63416;10.0219154097421;-0.0334373636349651;-8.64343776750313;-11.2138406953822;32.1856644461168;0.0865485011849537;7.38426830415429
9663916925.66392;10.0220473176833;-0.0334370071586056;-8.64079217891544;-11.2090323871029;32.1870564715876;0.0869843362365904;7.3838763589786
9663921211.19699;10.0220571618558;-0.0334369801416102;-8.63882563445101;-11.2003678006474;32.1884800816012;0.0883401848915562;7.38384670398766
9663921664.1549;10.0220582070926;-0.0334369772194358;-8.63684318722212;-11.1903517167972;32.1899543300508;0.0899936426395638;7.38384351827003
9663921719.54663;10.0220583355452;-0.0334369768523931;-8.63470197934504;-11.1787283702896;32.191550524376;0.0919846805157266;7.38384312218935
9663921728.28726;10.0220583559277;-0.0334369767925939;-8.63228484702248;-11.1648474146594;32.1933522060381;0.0944503634184641;7.38384305850699
9663921731.60546;10.0220583637188;-0.033436976768994;-8.62930379827888;-11.1479917031473;32.1955739479388;0.0975232726529526;7.38384303378722
9663921733.69734;10.0220583686696;-0.0334369767534172;-8.62586313099414;-11.1280588934931;32.1981371635948;0.101305957026335;7.38384301780276
9663921735.2102;10.0220583722819;-0.033436976741544;-8.62201654104551;-11.10523052533;32.2010012767337;0.105841355169777;7.38384300591531
9663921736.38072;10.0220583751042;-0.0334369767318095;-8.6177639096502;-11.0800668575244;32.2041662523757;0.111073156042569;7.38384299643388
9663921737.35868;10.0220583774883;-0.0334369767231376;-8.6130027334979;-11.0522063887053;32.2077079137808;0.117153741699542;7.38384298824605
9663921738.18253;10.0220583795205;-0.0334369767153172;-8.60788295249837;-11.0226157855605;32.2115140526639;0.123959068939922;7.38384298110001
9663921738.90309;10.0220583813207;-0.0334369767079608;-8.6023593965737;-10.9910133006947;32.2156173784893;0.131647481271712;7.38384297461297
9663921739.56108;10.0220583829877;-0.0334369767006844;-8.59626532108761;-10.9562930346996;32.2201402468592;0.140637038596901;7.38384296845061
9663921740.15344;10.0220583845112;-0.0334369766935427;-8.58975007463579;-10.9187888648763;32.2249691994273;0.151061474913457;7.38384296266613
9663921740.68475;10.0220583858992;-0.0334369766865102;-8.58294546803316;-10.8782371887377;32.2300023561466;0.163293394284501;7.38384295725001
9663921741.18676;10.0220583872332;-0.0334369766791026;-8.5755811760938;-10.8310316882145;32.2354307951925;0.179012338685137;7.38384295190017
9663921741.65232;10.0220583884924;-0.0334369766712268;-8.56785973372135;-10.7716802094874;32.2410768752327;0.201645745521612;7.38384294670532
9663921742.0929;10.0220583897068;-0.033436976662768;-8.55968854802405;-10.71672044776;32.2470414622079;0.224624941117113;7.38384294155221
9663921742.51015;10.0220583908798;-0.0334369766543362;-8.55108993886292;-10.6944711107159;32.2534257271597;0.23184336800945;7.38384293643088
9663921742.91041;10.0220583920289;-0.0334369766467029;-8.54197080558346;-10.7196309923147;32.2603702336999;0.214293580121603;7.38384293126886
9663921743.29061;10.0220583931447;-0.0334369766403766;-8.53244005477797;-10.7788656931108;32.2676935910897;0.18295415876609;7.38384292611109
9663921743.66072;10.0220583942566;-0.0334369766353675;-8.52225805354891;-10.8685660737658;32.2755024078478;0.145400195714532;7.38384292082254
9663921744.02036;10.0220583953644;-0.0334369766311628;-8.51141744231173;-10.9321396801156;32.28370887254;0.122535290432085;7.38384291539969
9663921744.36572;10.0220583964564;-0.0334369766273124;-8.50003781896875;-10.9527735437213;32.2922561954291;0.113857767660348;7.38384290989672
9663921744.70284;10.0220583975525;-0.0334369766237046;-8.48791403766648;-10.9705346728217;32.3013543980195;0.106316359632155;7.38384290421191
9663921745.03077;10.0220583986509;-0.0334369766202945;-8.47505163900575;-10.9830204371254;32.3109988751467;0.100318628491254;7.38384289834896
9663921745.35003;10.0220583997543;-0.0334369766171188;-8.46141400486552;-11.0023001783318;32.3212260979785;0.0930254230660452;7.38384289228694
9663921745.66218;10.0220584008696;-0.0334369766141343;-8.44695211491994;-11.0195016702781;32.3320664439181;0.086513504985111;7.38384288598045
9663921745.96857;10.0220584020036;-0.0334369766112908;-8.43165411274676;-11.032406575705;32.3435284632127;0.081102629265314;7.38384287938306
9663921746.26914;10.0220584031581;-0.0334369766086037;-8.41555101640615;-11.0486628665809;32.3555929503085;0.0753073755826394;7.38384287247387
9663921746.56323;10.0220584043323;-0.0334369766060865;-8.39873469780657;-11.0675646108789;32.3681903957921;0.069388661002742;7.38384286524882
9663921746.85052;10.0220584055265;-0.0334369766037657;-8.38125892438592;-11.0926830806952;32.3812812970169;0.0629317593232854;7.38384285769868
9663921747.1358;10.0220584067636;-0.0334369766016176;-8.3628445096193;-11.1232093559369;32.3950737261896;0.0562489119832052;7.3838428496693
9663921747.41673;10.0220584080371;-0.0334369765996879;-8.3436118859205;-11.1631087549529;32.4094777659386;0.0491105913967583;7.38384284118859
9663921747.69118;10.0220584093396;-0.0334369765980187;-8.32367777380929;-11.2159645019592;32.4244057282187;0.0415513651573491;7.38384283229451
9663921747.96435;10.0220584107006;-0.0334369765966085;-8.30259717199751;-11.2871545729949;32.4401902905299;0.0336144486342223;7.38384282277664
9663921748.23439;10.0220584121164;-0.0334369765954946;-8.28041526059403;-11.3845628424707;32.4567971864;0.0255363063546776;7.38384281264014
9663921748.50162;10.0220584135951;-0.0334369765947009;-8.25701217068461;-11.5272334156072;32.4743159559912;0.0174308580777639;7.38384280181077
9663921748.76636;10.0220584151459;-0.0334369765942562;-8.23225077643215;-11.7747293996838;32.4928491928839;0.00931770961586231;7.38384279019957
9663921749.02726;10.0220584167689;-0.0334369765941968;-8.20614672968018;-12.6430439699223;32.512385181811;0.00118891714861667;7.38384277778482
9663921749.2866;10.022058418489;-0.0334369765945706;-8.17832974894059;-11.8412374283217;32.5332009863926;-0.00706999516566844;7.38384276435569
9663921749.54426;10.0220584203189;-0.0334369765954389;-8.14862813163787;-11.4723786249088;32.5554250094744;-0.0154480218889585;7.38384274978364
9663921749.80121;10.0220584222828;-0.0334369765968814;-8.11670907174422;-11.2507138868604;32.5793062278654;-0.0239296869242542;7.38384273384567
9663921750.05424;10.0220584243742;-0.0334369765989561;-8.08274349207872;-11.0862205115049;32.6047168262686;-0.0323447212919013;7.38384271655604
9663921750.30576;10.0220584266358;-0.0334369766017775;-8.04615837427634;-10.9501173489816;32.6320856549387;-0.0407085710036054;7.38384269753394
9663921750.55519;10.0220584290918;-0.0334369766054581;-8.00671792618954;-10.8310181058895;32.6615893205567;-0.0489482460084086;7.38384267653577
9663921750.80366;10.0220584317921;-0.0334369766101711;-7.9638576627009;-10.7219860239047;32.6936503559316;-0.0570604316294523;7.38384265309623
9663921751.05079;10.0220584347827;-0.0334369766161108;-7.91717778225309;-10.6191692242179;32.7285681329145;-0.0650033237383159;7.38384262677083
9663921751.30124;10.0220584381993;-0.0334369766237124;-7.86511918115086;-10.5178106676924;32.7675092433419;-0.0729040985054521;7.38384259634137
9663921751.54982;10.0220584420676;-0.0334369766332132;-7.80795783977584;-10.417706513052;32.810267630897;-0.0805862783616031;7.38384256149504
9663921751.79598;10.0220584464951;-0.0334369766450758;-7.74505936066985;-10.3170460180713;32.8573182485379;-0.088032990839222;7.38384252121765
9663921752.04066;10.0220584516634;-0.033436976660039;-7.67524973739585;-10.2135752370071;32.909539724659;-0.0952788065626062;7.38384247385062
9663921752.28364;10.022058457803;-0.0334369766790956;-7.59741876183906;-10.1055090605519;32.9677630019909;-0.10232910619907;7.38384241729097
9663921752.52479;10.022058465252;-0.0334369767037201;-7.51018900204473;-9.99092013478574;33.0330189607129;-0.109198615952072;7.38384234849954
9663921752.76281;10.0220584744618;-0.0334369767359553;-7.41237560658832;-9.86829324610021;33.1061944426609;-0.115875500220896;7.38384226345634
9663921752.99535;10.0220584860299;-0.033436976778594;-7.3032242489916;-9.73668350762295;33.1878541933274;-0.122326321106277;7.38384215688317
9663921753.22166;10.0220585009392;-0.0334369768361944;-7.18126112275765;-9.59429405789895;33.2791011951059;-0.128569706700749;7.38384202027367
9663921753.44142;10.0220585207699;-0.033436976916178;-7.04459445007853;-9.43893035647815;33.3813511396671;-0.134638109444092;7.38384184020035
9663921753.65414;10.0220585481071;-0.0334369770308954;-6.8910679627221;-9.26819262634123;33.4962176186962;-0.140563028540827;7.38384159510362
9663921753.85928;10.0220585873516;-0.0334369772017271;-6.71826174322413;-9.07947198995299;33.6255115005085;-0.146372217619041;7.38384124908017
9663921754.05607;10.0220586462996;-0.0334369774671957;-6.52354375913378;-8.86999989094364;33.7712023664597;-0.152086404021309;7.38384073997283
9663921754.24345;10.022058739264;-0.0334369778992409;-6.3043974968373;-8.63718476743397;33.9351733359858;-0.157711296240452;7.38383995636066
9663921754.42013;10.0220588936199;-0.0334369786377299;-6.05867703326287;-8.37885648252514;34.1190301292273;-0.163236482613409;7.38383869021659
9663921754.58578;10.0220591666181;-0.0334369799792172;-5.78302513378067;-8.09159835304014;34.3252845416374;-0.168671196922379;7.38383651964713
9663921754.74194;10.022059696395;-0.0334369826478368;-5.46947779332154;-7.7672841121707;34.5598947075805;-0.174086900010015;7.38383247268621
9663921754.89184;10.0220608839975;-0.0334369887719562;-5.10113731965046;-7.38876477260235;34.8355013516475;-0.179636511394859;7.38382391029081
9663921755.04086;10.0220642959482;-0.03343700677457;-4.64023404069933;-6.91790122406068;35.1803540200942;-0.185623527736201;7.38380157606968
9663921755.20083;10.0220812035685;-0.0334370981687094;-3.97594388275185;-6.24310802105921;35.677302938666;-0.192853656598211;7.38371151966402
9663921755.37726;10.0223521636959;-0.0334386015987251;-2.81367112242155;-5.06949329357551;36.545675283646;-0.202774724466139;7.38280131301203
9663921755.56794;10.0363489234589;-0.0335184316457388;-1.13428529850042;-3.37814642200478;37.7360777208633;-0.215226445947226;7.338503448848
9663921755.76645;10.0912358468481;-0.0338403308373556;-0.558315959975774;-2.79006496161496;37.6024227880459;-0.22052956789869;6.96123964891489
9663921755.97231;10.1919705914213;-0.0344479182158147;-0.310380898157893;-2.52995144412397;36.5094187550982;-0.22020864920485;6.10699797767759
9663921756.18587;10.3434438409238;-0.0353875758470213;-0.149199696961663;-2.35656599411457;34.5465789655305;-0.214308180907657;4.71494493985133
9663921756.40273;10.53944527263;-0.0366373062601551;-0.0439007450749395;-2.23934364994189;31.7694355251074;-0.202566019228517;2.80674493595938
9663921756.62276;10.7648098705414;-0.0381131494120382;0.0104041295333843;-2.17344136061057;28.3379813237291;-0.18557668800876;0.486851406299447
9663921756.84687;10.9703926450529;-0.0394948708136548;-0.0374849221692896;-2.21005116062718;25.65865727246;-0.172451782374937;-1.2793904860188
9663921757.07419;11.1405383588289;-0.0406674303796853;-0.125823382355516;-2.28750948129113;25.58222154848;-0.176299936867547;-1.28627301926437
9663921757.30251;11.2914931922407;-0.0417328372995006;-0.179680837741626;-2.33101234776721;25.6245746766497;-0.180852766094266;-1.23102597016516
9663921757.53248;11.4290061777086;-0.0427256420277776;-0.223340040202205;-2.36481991425907;25.6587152775936;-0.185248642245806;-1.18636535072471
9663921757.76461;11.5561316226083;-0.0436634542271417;-0.261502448814297;-2.39361905676133;25.6879348016377;-0.189501469611064;-1.14774128854334
9663921757.99838;11.6743287171575;-0.0445533584047708;-0.296179120558483;-2.419442676108;25.7140967405683;-0.193601054244664;-1.11290329181415
9663921758.23264;11.7843103148514;-0.0453974057984071;-0.328368542875751;-2.44332173409011;25.738114662578;-0.197525668417095;-1.08074188855304
9663921758.46786;11.8872625227623;-0.0462018292478345;-0.358834976832252;-2.46598591970178;25.7606556535043;-0.201282477576844;-1.05042926102251
9663921758.7043;11.984021156533;-0.0469707121293055;-0.388035936238678;-2.48786547193443;25.7821218396044;-0.2048750727242;-1.02146800694893
9663921758.94181;12.0751110043508;-0.0477060674850042;-0.416220143875877;-2.50919286058667;25.8027400047359;-0.208301841629313;-0.993582295503872
9663921759.17952;12.1607316254439;-0.0484075198138524;-0.443460364612783;-2.53004057706572;25.8225953103899;-0.211553237831314;-0.966678937952999
9663921759.41766;12.2414414932275;-0.0490778823852131;-0.46990590710766;-2.55052278481907;25.8418194165511;-0.214637800661205;-0.940595308807814
9663921759.65654;12.3177379757814;-0.0497197661113128;-0.495672092587274;-2.57072024400775;25.8605106688607;-0.217564957011581;-0.915208024972497
9663921759.89613;12.389958684693;-0.0503346781478364;-0.520816752598991;-2.59066550552996;25.8787183378487;-0.22034033777231;-0.890455253234585
9663921760.13617;12.4583339070514;-0.0509233841059617;-0.545381099681716;-2.61038142016004;25.8964549852515;-0.222966694926747;-0.866308008945128
9663921760.37932;12.5238069992881;-0.0514930588066124;-0.569809284432441;-2.63024520439213;25.9139469949945;-0.225474610908625;-0.842392817252861
9663921760.6305;12.5876502055683;-0.0520541655211826;-0.594878083837511;-2.65094730771623;25.93162314138;-0.22790847628282;-0.818034580766103
9663921760.89098;12.6499629600101;-0.0526071029819003;-0.621198902632483;-2.673099837885;25.9497125679278;-0.230266954208857;-0.792774523083202
9663921761.16222;12.7107445595258;-0.0531514026974863;-0.649569770351415;-2.69750378766304;25.9685937293506;-0.232548967017553;-0.765960796447429
9663921761.44692;12.7700747767591;-0.0536873387572413;-0.681117948268667;-2.72528090778552;25.9888132590475;-0.23475966927596;-0.736664537165871
9663921761.74974;12.8281205211557;-0.0542160249575563;-0.71740899407073;-2.7579814044988;26.0111819776589;-0.236912337130343;-0.703561175591527
9663921762.07789;12.8850583557682;-0.054738729926211;-0.760681288511743;-2.79782560672761;26.0367952915313;-0.239024935868278;-0.66479956367028
9663921762.44739;12.9416002180569;-0.0552617766841245;-0.815234434247435;-2.84906402827758;26.0676102201822;-0.241141314776575;-0.616922123677775
9663921762.89067;12.9987000244334;-0.0557939688040896;-0.8900427828098;-2.9206089786062;26.107392776089;-0.243330925093958;-0.552925121946066
9663921763.51427;13.0589835265489;-0.0563602349858961;-1.01470763644678;-3.04188548502894;26.1674732519319;-0.245801166917854;-0.450436666698942
9663921764.65569;13.1154208461201;-0.0568942298924571;-1.30588286599557;-3.32991213063752;26.2771335331834;-0.248627248288091;-0.231565628719953
9663921767.60657;13.1341341648156;-0.057070623960968;-2.19780018107364;-4.22346701763794;26.4200165977983;-0.249038361054714;0.309858613044638
9663921783.25706;13.136201162325;-0.0570896840847643;-3.87918787485225;-5.914402111109;26.4948674754145;-0.244313528077866;1.2005332001381
9663921904.41608;13.1364629183573;-0.0570920925611487;-5.66545906449683;-7.70161337130854;26.5499388043301;-0.244291984546337;2.13046313076853
9663922894.28593;13.1364995868353;-0.0570924260882761;-7.43128521219548;-9.47244693267996;26.6051297984678;-0.241993478093225;3.05023671537263
9663931373.07868;13.1365047752699;-0.0570924727677084;-9.21329767120084;-11.2592084543788;26.6664666726716;-0.239913503007058;3.98221121025493
9663976390.00284;13.136505812722;-0.0570924819276108;-10.6374077772205;-12.6914849735773;26.7309040017061;-0.236013285070492;4.73729525199248
9664144519.69536;13.1365061037147;-0.0570924844337834;-11.7617622630308;-13.8266334427347;26.8032790413939;-0.230843020358777;5.347798028291
9664682191.96132;13.1365062074125;-0.0570924853026648;-12.7147480620003;-14.791557143936;26.8882747560182;-0.225296194127484;5.88104734897822
9666171085.20323;13.1365062519198;-0.0570924856646145;-13.5244323265024;-15.6142152533212;26.987342434986;-0.219471025489259;6.35204717229656
9670080848.77618;13.1365062745702;-0.057092485842742;-14.2370760706227;-16.3414195360443;27.1088443099385;-0.21319034771937;6.78951428704725
9681000485.14421;13.1365062883725;-0.0570924859469017;-14.8982559744036;-17.0205084298621;27.2770574377457;-0.205847246821953;7.23245448031311
9719506134.90678;13.1365062997179;-0.0570924860278548;-15.5307022461935;-17.6772912520219;27.5708916826554;-0.196726020211762;7.7449522949657
9816194323.28031;13.136506312607;-0.0570924861154766;-15.8751511902;-18.0427608987789;27.9682321854264;-0.190132039938685;8.1826213785639
9967276576.53825;13.1365063309612;-0.0570924862360999;-15.9154783049382;-18.0977823339135;28.3860867165746;-0.186552681599869;8.48195060575361
10168421338.2639;13.1365063650361;-0.0570924864558887;-15.7710738438288;-17.9615031266746;28.8247948173843;-0.185924636771111;8.70286038315576
10408545898.7223;13.1365064457276;-0.0570924869725107;-15.4736090834096;-17.6672636829889;29.3004512188053;-0.187594330458092;8.87193629217456
10666648787.1966;13.136506671257;-0.0570924884273888;-15.0585896414363;-17.2489662798851;29.8044450150899;-0.192266845458031;9.00118072960752
10933807543.3841;13.1365075194634;-0.0570924940234696;-14.4982678604148;-16.6788854354205;30.3772417156096;-0.200415248678809;9.10375845992098
11202133603.9382;13.1365122867101;-0.0570925280298636;-13.7503952274224;-15.8971022726825;31.0613466885004;-0.221571162208778;9.18698918260045
11459255810.8123;13.1365672073252;-0.0570929319489099;-12.6704041947791;-14.8038452546256;31.9696700450896;-0.235124071829124;9.2539349676934
11703385138.5623;13.1426084538559;-0.0571349184677871;-10.6064933964809;-12.7645100866635;33.5788057640558;-0.233371896829715;9.2970763348315
11938388153.9989;13.2164573432428;-0.0576000677196034;-9.50272946660409;-11.7034811082094;33.8370686320778;-0.213128285185237;8.91765870954151
12163711691.5953;13.306778262522;-0.0580969252382136;-9.39701821191808;-11.6565746949809;33.0211497568055;-0.181650127797088;8.31953707592405
12378429891.0884;13.3981288405068;-0.0585271582713819;-9.37115755722905;-11.6981651044166;32.610606907269;-0.153585895488419;8.03221310769575
12585631182.8927;13.4943857211075;-0.0589033344027069;-9.33296067533031;-11.741001222949;32.5233975452858;-0.127102870878179;7.95477118037445
12784376372.4081;13.5944131540547;-0.0592131694003666;-9.29817750223255;-11.8071661533955;32.4904668319454;-0.100639228841867;7.915315914409
12974346947.5349;13.6972595486187;-0.0594508721746973;-9.266497266086;-11.9026520869389;32.4636487519577;-0.0750313066972676;7.88151167944449
13153977169.8578;13.8009000265373;-0.0596145355430614;-9.23885000042244;-12.0404279222396;32.4400762275478;-0.0512275922690844;7.85190757672407
13324830380.761;13.9051798910664;-0.0597090853774909;-9.21442268675647;-12.2569623723882;32.4198703618546;-0.0293948730062342;7.8261755257842
13486874587.0079;14.0094248580899;-0.0597404042571219;-9.19157841152345;-12.7138272901503;32.4018270589252;-0.00973465626645862;7.80268999253769
13640351734.2626;14.1133403989152;-0.059715247048162;-9.16936321595965;-12.7853812610831;32.3850134397803;0.00784018005202759;7.78034811417867
13783808867.6676;14.2156744595628;-0.0596413615036564;-9.14670194099907;-12.2881626701708;32.3684363984039;0.0233701226449457;7.75794655643829
13916251819.1018;14.314485328496;-0.0595295974094957;-9.12722413179874;-12.0737265477086;32.3517683831482;0.0365927971981358;7.73707910306168
14039210347.4902;14.4086583430887;-0.0593917261282271;-9.11583218379466;-11.9502848451276;32.3386102706707;0.0473444080742859;7.72260083205898
14155657292.1543;14.4995460025873;-0.0592341753518214;-9.10762317820258;-11.8687075502919;32.3314229404007;0.0560454611182829;7.71370335492795
14266712650.4645;14.5898106149686;-0.0590571283575161;-9.09002199614141;-11.7974509594473;32.3252482274254;0.0634034522262012;7.70078615616954
14370923859.384;14.6822062810967;-0.0588568846042794;-9.05226283316635;-11.7163554572259;32.3110753677354;0.0700259143516644;7.67244610654565
14458517840.3944;14.7717680410634;-0.0586470892969064;-8.99035164554492;-11.6206784949796;32.2844040693601;0.0756250935400014;7.62367860387289
14516605209.5457;14.8429835393201;-0.0584731728929101;-8.91150719002645;-11.5237411600954;32.2528922151844;0.0787652571399856;7.56320690498824
14540316933.4572;14.8764536669887;-0.0583914744164462;-8.85030576066817;-11.4627491718409;32.235751347687;0.07868544150335;7.52115350388458
14545742881.3638;14.8845356512127;-0.0583717944545464;-8.82695762150019;-11.4404513665618;32.2334389799236;0.0784897413110696;7.50793412544528
14546226854.5619;14.8852639981922;-0.0583699715626515;-8.82248298809863;-11.4240603976733;32.2348015919005;0.0806766008643603;7.50661079992712
14546256388.8709;14.8853086494924;-0.0583698558703025;-8.82049270414693;-11.4070221745993;32.2361584514097;0.083524485929586;7.50652703181803
14546258861.5942;14.8853124050504;-0.0583698457544289;-8.81850104776709;-11.3881721345336;32.2376294685692;0.0868344409391429;7.50651983814003
14546259080.468;14.8853127390792;-0.0583698448178342;-8.81640981423078;-11.368641969043;32.2391837574959;0.0903965556155064;7.5065191845462
14546259102.9522;14.8853127735736;-0.058369844716838;-8.81413036604775;-11.3475734337592;32.2408781108244;0.094398217567812;7.50651911552261
14546259107.7359;14.885312780958;-0.0583698446941142;-8.81144220735022;-11.3232783515274;32.2428754233355;0.0992196340984733;7.50651910035773
14546259110.2234;14.8853127848257;-0.0583698446815174;-8.80832060853407;-11.2955090683455;32.2451932516862;0.105021090682229;7.50651909218301
14546259111.9763;14.8853127875735;-0.0583698446719654;-8.80474975899839;-11.2636532318937;32.2478418836226;0.112097824134263;7.50651908619354
14546259113.293;14.8853127896567;-0.0583698446641881;-8.80078870575159;-11.2286869970497;32.2507764697049;0.120404268591655;7.50651908149924
14546259114.3437;14.8853127913355;-0.0583698446574248;-8.79645710623219;-11.191284104784;32.2539813461415;0.129944030097065;7.50651907758083
14546259115.2441;14.8853127927903;-0.0583698446510608;-8.79163772855817;-11.1507092605469;32.2575414605746;0.141110630437419;7.50651907405785
14546259116.0261;14.8853127940691;-0.0583698446449558;-8.78640169401848;-11.1075451698023;32.261401436795;0.154006749077127;7.506519070839
14546259116.7166;14.8853127952131;-0.0583698446389664;-8.780780793772;-11.0617881199716;32.2655338457395;0.16893962618298;7.50651906784345
14546259117.3405;14.8853127962609;-0.0583698446329111;-8.77476083315005;-11.012944320613;32.269943301888;0.186472466305719;7.50651906498651
14546259117.9364;14.8853127972775;-0.0583698446263424;-8.76806653811117;-10.9577312366987;32.2748192768939;0.208544682450881;7.50651906209817
14546259118.4777;14.8853127982158;-0.0583698446194733;-8.76110244775591;-10.8965464980318;32.2798414743588;0.236312852738535;7.50651905931677
14546259118.9632;14.8853127990711;-0.0583698446122087;-8.75406631737818;-10.824943380024;32.284810208519;0.274233922123286;7.50651905667482
14546259119.433;14.8853127999134;-0.0583698446037135;-8.74645927768399;-10.7427655300146;32.2900301826919;0.32565833538883;7.50651905396631
14546259119.8708;14.8853128007127;-0.0583698445951671;-8.73858208810437;-10.7095009113541;32.2957230621674;0.345323543769317;7.50651905129045
14546259120.2895;14.8853128014917;-0.0583698445877162;-8.73025385412896;-10.7496093013431;32.3023204889805;0.308942939546183;7.50651904857698
14546259120.6918;14.8853128022558;-0.058369844582059;-8.72143415733101;-10.8519495981404;32.3095063587077;0.239229582243998;7.50651904580893
14546259121.0903;14.8853128030295;-0.0583698445784918;-8.71182436632058;-11.0480950604402;32.3172344972765;0.148992187129498;7.50651904289284
14546259121.4677;14.8853128037795;-0.0583698445762461;-8.70183487929062;-11.2255425504428;32.3249065702661;0.096789803272675;7.50651903995111
14546259121.833;14.8853128045231;-0.0583698445744487;-8.69125316798651;-11.3079136258259;32.3328752156483;0.078159877190905;7.50651903691823
14546259122.1876;14.8853128052639;-0.0583698445728381;-8.6800222013387;-11.3427602790121;32.3412976547762;0.0703103668290537;7.50651903377662
14546259122.5322;14.8853128060039;-0.0583698445713508;-8.66810951228528;-11.3649291144937;32.3502233653225;0.0650216043972024;7.50651903051554
14546259122.864;14.8853128067371;-0.0583698445700491;-8.65560822071989;-11.4063370207015;32.3595927852073;0.057447911914164;7.5065190271581
14546259123.1898;14.8853128074796;-0.058369844568844;-8.64228205640668;-11.4319453767645;32.3695735569132;0.0525380146888817;7.50651902362864
14546259123.5137;14.8853128082424;-0.0583698445676418;-8.62799722639279;-11.4304619768431;32.3802658662844;0.0510288357593365;7.50651901986487
14546259123.8321;14.8853128090189;-0.0583698445664672;-8.61292161448082;-11.4331594632046;32.3915506613984;0.0489997529639723;7.50651901588903
14546259124.1407;14.8853128097988;-0.0583698445653444;-8.5973295512064;-11.4390274685391;32.4032222627052;0.0466541501150441;7.50651901174821
14546259124.4448;14.8853128105967;-0.0583698445642866;-8.58099197832349;-11.4585810360372;32.415453372699;0.0429697713219743;7.50651900736073
14546259124.7434;14.8853128114116;-0.0583698445633041;-8.56399123050793;-11.4827230821067;32.4281805652383;0.0391012580764879;7.50651900272565
14546259125.033;14.8853128122345;-0.0583698445624387;-8.54653884869006;-11.5246800648925;32.4412464548724;0.0341158594140002;7.50651899788864
14546259125.3257;14.8853128131027;-0.0583698445617029;-8.52785340008777;-11.5997196374484;32.4552357386983;0.0275054358160815;7.50651899262464
14546259125.6191;14.8853128140134;-0.0583698445611516;-8.50797227470426;-11.7259305415235;32.4701192224732;0.0196573792428684;7.50651898693064
14546259125.903;14.8853128149373;-0.0583698445608285;-8.48751525812315;-11.9438580653402;32.4854319451501;0.0113591501051655;7.50651898097496
14546259126.1783;14.885312815878;-0.0583698445607411;-8.46641575144017;-12.4981419018046;32.5012233710125;0.00302115883181982;7.50651897473286
14546259126.4536;14.8853128168683;-0.0583698445609041;-8.4439539151927;-12.2273979231089;32.5180321575932;-0.00535402319447791;7.50651896798064
14546259126.7303;14.8853128179209;-0.0583698445613492;-8.41984392261605;-11.7936208122424;32.5360721783312;-0.0137590431677194;7.50651896061176
14546259127.0082;14.8853128190428;-0.0583698445621168;-8.39392690111299;-11.5588085650158;32.555462252601;-0.0222711274035404;7.5065189525508
14546259127.2786;14.8853128202045;-0.0583698445632116;-8.366882989769;-11.3926012663191;32.57569350211;-0.0307026168992937;7.50651894398523
14546259127.548;14.8853128214419;-0.0583698445647024;-8.33792447867643;-11.2570326236366;32.5973552092362;-0.0392712043311864;7.50651893463853
14546259127.8104;14.8853128227343;-0.058369844566594;-8.30755830275081;-11.1421018177678;32.6200682475062;-0.0477464789647569;7.50651892464182
14546259128.0713;14.8853128241193;-0.0583698445689806;-8.27498292892948;-11.0386889175042;32.6444323111735;-0.0562474880385926;7.50651891369046
14546259128.3314;14.8853128256165;-0.0583698445719472;-8.23983968117936;-10.9428517966261;32.670715873993;-0.0647361004984294;7.50651890160244
14546259128.5917;14.8853128272526;-0.0583698445756092;-8.20164805288156;-10.8517411915047;32.6992785882263;-0.0731888684523623;7.50651888812925
14546259128.8503;14.8853128290407;-0.0583698445800616;-8.16029209905517;-10.7640871492943;32.7302075194937;-0.0814992681072846;7.50651887312292
14546259129.1093;14.8853128310283;-0.0583698445855029;-8.11498104213571;-10.67759693555;32.7640944733869;-0.0896979001271508;7.50651885615133
14546259129.3652;14.8853128332274;-0.0583698445920501;-8.06581143599323;-10.592012804438;32.8008676779159;-0.0976526343798773;7.50651883705863
14546259129.6212;14.8853128357199;-0.0583698446000533;-8.01156740913571;-10.504942021049;32.8414369318156;-0.10545023184046;7.50651881510758
14546259129.8737;14.8853128385389;-0.058369844609738;-7.95228401267011;-10.4162873833859;32.885776501877;-0.112980822012568;7.50651878994864
14546259130.1263;14.8853128418204;-0.0583698446217293;-7.88630685582089;-10.3235177999102;32.9351242503233;-0.120350628359676;7.50651876035691
14546259130.3795;14.8853128457222;-0.0583698446368189;-7.81225229747333;-10.2248384760941;32.9905156388116;-0.127585971519865;7.50651872489852
14546259130.6289;14.8853128503641;-0.058369844655719;-7.73014954568778;-10.1203815405508;33.0519293652937;-0.134575134053537;7.50651868243813
14546259130.876;14.8853128560511;-0.058369844679996;-7.63804631265054;-10.0077298121384;33.1208262830971;-0.14138966429963;7.50651863026882
14546259131.1203;14.8853128631866;-0.0583698447118159;-7.53437201037487;-9.88510099002015;33.1983818013646;-0.148043019909965;7.50651856483478
14546259131.3606;14.885312872378;-0.0583698447544913;-7.41743260992226;-9.75063298453948;33.2858637037495;-0.154546600292309;7.50651848087237
14546259131.5952;14.8853128845266;-0.0583698448130417;-7.28578094839789;-9.60278047944751;33.3843551001949;-0.160895337891135;7.50651837067701
14546259131.8234;14.8853129011679;-0.0583698448960705;-7.13715960358829;-9.43911768406364;33.4955452760589;-0.167120209583461;7.5065182214165
14546259132.0448;14.8853129249643;-0.0583698450186982;-6.96872205480498;-9.25664371696518;33.6215643016573;-0.173259179631627;7.50651801134804
14546259132.259;14.8853129607462;-0.058369845208759;-6.77705713920991;-9.0518284949633;33.764964768444;-0.179347342208417;7.50651770204766
14546259132.4652;14.8853130177757;-0.0583698455204114;-6.55817658222128;-8.82060534945386;33.9287311259662;-0.185412432179947;7.50651722199837
14546259132.6626;14.8853131150408;-0.0583698460663044;-6.30738826024598;-8.55823772511029;34.1163744746729;-0.191475586244618;7.50651642947322
14546259132.8501;14.8853132944484;-0.0583698470986321;-6.01932375985391;-8.2593471256988;34.3319118299692;-0.197548903139413;7.50651502333815
14546259133.0266;14.8853136563675;-0.058369849229897;-5.68808237915534;-7.91805642998964;34.5797580360934;-0.203632877966838;7.50651231220515
14546259133.1924;14.8853144819149;-0.0583698541968637;-5.30265286720288;-7.52330363107587;34.8681503960707;-0.209786794306662;7.50650646867623
14546259133.3492;14.8853167435909;-0.0583698680803338;-4.84093491316621;-7.05286726701805;35.213618222259;-0.216161476200313;7.50649167668987
14546259133.5012;14.885325255634;-0.0583699213461855;-4.25184368988371;-6.45542862993651;35.6543512438433;-0.22311439875185;7.50644276190154
14546259133.657;14.8853909945417;-0.0583703407881657;-3.37472332802117;-5.56987391644861;36.3102685998227;-0.231674840729153;7.50615791068431
14546259133.8242;14.8877454242311;-0.0583856740650659;-1.85142013133852;-4.03767087836415;37.4403844238591;-0.243831355080004;7.49962374385404
14546259134.0086;14.9190708001111;-0.0585942465040125;-0.769861448972127;-2.94650082026093;38.0074511284509;-0.253063420862874;7.33775955770817
14546259134.2028;14.9895816052941;-0.0590745260031891;-0.440028827104286;-2.60679045205182;37.412185006971;-0.25483052464952;6.77513570411066
14546259134.4043;15.103725344218;-0.0598700526578968;-0.24674471002599;-2.40354206875858;36.0352157017334;-0.251148025017706;5.7584826119268
14546259134.6126;15.263547315498;-0.0610098335187893;-0.115028168707367;-2.26184329169482;33.8704796804098;-0.241549545283451;4.24625591920909
14546259134.8275;15.4648043431713;-0.0624783538888875;-0.0286260646941283;-2.165497144009;30.9429512250462;-0.225782695443009;2.24701216719057
14546259135.0454;15.6863789492771;-0.0641316052998778;0.00734394547033008;-2.11983713842866;27.5040937872107;-0.205218380665863;-0.0686726688469186
14546259135.2661;15.8740182514893;-0.06556230619329;-0.070518451085069;-2.18829341196879;25.5841714663557;-0.195072655582229;-1.31253425416543
14546259135.4904;16.0353050495593;-0.0668181882303722;-0.143227504832597;-2.25187747628618;25.5952063966583;-0.199300626794212;-1.26878553111124
14546259135.7182;16.1810812188569;-0.0679765647967409;-0.193795157934171;-2.29363192831058;25.6352980199833;-0.203704958370798;-1.21669262620409
14546259135.9468;16.3140953511111;-0.069054143434493;-0.235289899168885;-2.32673871153838;25.667702003414;-0.207940065392481;-1.17427294769447
14546259136.1765;16.4369614956754;-0.0700679345863134;-0.271689261505759;-2.35517299573682;25.6955593647876;-0.21201878530073;-1.13743910731974
14546259136.4078;16.5516002482803;-0.0710304592232222;-0.304912884602241;-2.38083248183586;25.7206302662783;-0.215954376208466;-1.104055244879
14546259136.6409;16.6591345638642;-0.0719483597546145;-0.33598264375086;-2.40473409779787;25.7438286605591;-0.21974635612179;-1.07299982946383
14546259136.8751;16.7600746567221;-0.0728234839198882;-0.365423262225359;-2.42741728573034;25.7656315597611;-0.223381276686801;-1.04369191089873
14546259137.1094;16.8547594501773;-0.0736564399490687;-0.393528542202511;-2.44918670225597;25.7863150817411;-0.226845999593734;-1.01580022370291
14546259137.3445;16.9440131682313;-0.074452445796847;-0.420632975901202;-2.47034303427421;25.8061671294029;-0.23015130788532;-0.988965145963797
14546259137.5806;17.0283835419609;-0.0752146349970411;-0.446929180748334;-2.49105636286059;25.8253576390247;-0.233302376337667;-0.962976837636297
14546259137.8176;17.1082051313908;-0.0759444694186712;-0.472508228253578;-2.51140425717186;25.8439728044069;-0.236299741448837;-0.937732206497969
14546259138.0547;17.1836548058641;-0.0766421361494419;-0.497387067842962;-2.53139642467677;25.8620387057926;-0.239140647337377;-0.91320540262432
14546259138.292;17.2550512207403;-0.0773092953595139;-0.521619440326526;-2.55106635904166;25.8796036826347;-0.24183029329736;-0.889337258570629
14546259138.5298;17.3228103283247;-0.0779487167811448;-0.545297512780612;-2.57047800856964;25.8967354488315;-0.244379360747286;-0.866036412234048
14546259138.7693;17.3874744858461;-0.0785645853656087;-0.568645435682673;-2.58982100817457;25.913534679136;-0.246803368868255;-0.843123453710001
14546259139.0156;17.4504168326997;-0.079169360518848;-0.592386479805938;-2.60973547151081;25.9304015549002;-0.24914963228771;-0.819969101795315
14546259139.271;17.5121013641402;-0.0797670800639978;-0.617154379354378;-2.63083319221677;25.9476080451321;-0.251430822546296;-0.796074715191014
14546259139.537;17.5725175424112;-0.0803572555302496;-0.643679779252013;-2.65385187721134;25.9654596037378;-0.253643604521705;-0.770870926072499
14546259139.8157;17.6316999467567;-0.0809398470452586;-0.672950113252;-2.67977856291355;25.984446143824;-0.25579085562711;-0.743536692997141
14546259140.1104;17.6896526117118;-0.0815145273944547;-0.706310452312122;-2.70995751713305;26.0052279867946;-0.257877588752112;-0.712958289817586
14546259140.428;17.7466878374527;-0.0820840848882889;-0.745784615425386;-2.74639020984299;26.0288586157753;-0.259925884187915;-0.677419827324742
14546259140.7783;17.8029198769182;-0.0826493980596181;-0.794373325813129;-2.79206805664421;26.0567081448984;-0.261953869285102;-0.634505442780533
14546259141.1887;17.8596902039875;-0.0832238845488638;-0.859128753423102;-2.85397033032282;26.0919131764944;-0.264036731375285;-0.578592956071486
14546259141.7196;17.9183056315655;-0.0838209623232736;-0.956951637734523;-2.94893266975833;26.141162706861;-0.266283261837776;-0.496762273237503
14546259142.6005;17.9795675012109;-0.0844492109678084;-1.15773702211399;-3.14679570871799;26.2272395304633;-0.268963839665376;-0.338842600825868
14546259144.4689;18.0155025266438;-0.0848184289431094;-1.71596001559535;-3.70419513575313;26.3691901269653;-0.270932853718982;0.0351211010748637
14546259152.2678;18.0203306412677;-0.0848671011497494;-3.20825793753366;-5.20475447344009;26.4720884086189;-0.266865030676576;0.849991211117583
14546259205.9555;18.0209057458308;-0.0848728620713989;-4.97012778718893;-6.96938263193355;26.5304177944917;-0.265759773184481;1.76988975198133
14546259648.6965;18.0209837610869;-0.0848736367338677;-6.75397018750127;-8.75703721038763;26.5853185503787;-0.263982322594648;2.69847947687777
14546263315.1164;18.0209948509216;-0.0848737459433339;-8.5193171328172;-10.5259819210217;26.6426379914026;-0.262368949008729;3.61943862125157
14546288186.2829;18.0209967333568;-0.0848737642005773;-10.1209761262906;-12.134260950658;26.7064374946179;-0.259018709218366;4.46287209901024
14546391041.0777;18.0209971993289;-0.0848737686220408;-11.3438645626379;-13.366658495063;26.7751478889524;-0.25406096647183;5.12019144457957
14546738686.221;18.0209973516228;-0.0848737700316941;-12.3584538295972;-14.392023861089;26.8550142597184;-0.248573802465514;5.68081222814466
14547749706.9642;18.020997412648;-0.0848737705814958;-13.219250680164;-15.2645540055998;26.9480649709252;-0.242786346784819;6.17334466479462
14550431587.1453;18.0209974417275;-0.0848737708357904;-13.9648530060837;-16.0231022193491;27.0592399855513;-0.236628135160034;6.62038798022035
14557540472.0851;18.020997458143;-0.0848737709744292;-14.6365459589202;-16.7099167180076;27.2031714375943;-0.229746434100283;7.0523590997109
14580219887.0585;18.020997469846;-0.0848737710687387;-15.2873360867945;-17.3810765554763;27.4325748493615;-0.221068112981318;7.53097666184995
14652613963.4747;18.0209974819157;-0.0848737711611046;-15.7780058043829;-17.8941909171749;27.8074868773925;-0.21280245218492;8.02675688343274
14783122096.0722;18.0209974973951;-0.0848737712750287;-15.9258845671604;-18.0590220534194;28.2173281870231;-0.207672218843176;8.37449687409567
14965287473.8959;18.0209975235913;-0.0848737714634039;-15.84222623;-17.9854420924707;28.6507529386311;-0.206025120676096;8.62224303809277
15192983476.537;18.0209975798586;-0.0848737718629679;-15.6070999701525;-17.7557690746609;29.1088016200121;-0.206707018016245;8.8107185889453
15444673589.5998;18.0209977267593;-0.0848737729008452;-15.2338422008726;-17.3847201403581;29.6017816802856;-0.209141352287448;8.95347535679772
15710551342.009;18.0209982194113;-0.0848737764411639;-14.7321417302158;-16.8756396433064;30.1456854123804;-0.21663431469958;9.06605813385487
15979034167.1036;18.0210004581663;-0.0848737934675701;-14.0789099438703;-16.1977935185579;30.769273595222;-0.234009597063052;9.15616359221869
16244265588.0218;18.0210192109924;-0.0848739412499935;-13.1505582458401;-15.2540021878201;31.5741943598342;-0.248821747600145;9.22985182360584
16493464617.5648;18.0218880103464;-0.084880797993347;-11.4576268574044;-13.5604284525037;32.9272599667794;-0.259868714094644;9.28745853806199
16731967027.3968;18.0779558831496;-0.0852798781233277;-9.6287786920956;-11.77643266652;34.0921845790426;-0.242661488172878;9.15126391729582
16960680188.4951;18.1595870458218;-0.0857948289908559;-9.44743517422397;-11.647525362291;33.2929969695501;-0.210020990892252;8.52648541754846
17179612357.5714;18.2508775617668;-0.0863044566943627;-9.37988391828867;-11.6330565515275;32.6969972841939;-0.182530413647223;8.09439409298958
17387972942.4726;18.3451487450295;-0.0867561624877785;-9.34443660965047;-11.6639599071942;32.5462299093975;-0.155947131404418;7.97584603110711
17589923381.6674;18.4437228185944;-0.0871464539598459;-9.3114820978889;-11.7138557400161;32.5021471373584;-0.128688106241613;7.92983646154835
17784351572.9745;18.5461456438706;-0.0874682566699091;-9.2783624846786;-11.7811695389205;32.4733771894574;-0.102028241813166;7.89399165769047
17968787853.1346;18.6501439255461;-0.0877148555969882;-9.24882019080715;-11.8738551717777;32.4485120228289;-0.0769413505802882;7.86256128667908
18143377572.5955;18.7545350746254;-0.0878882261627178;-9.22335498904876;-12.0030433007861;32.4270877650336;-0.0538542069933177;7.83548341032194
18308364119.9354;18.8586186940761;-0.0879942050805872;-9.20006614802016;-12.1922290534856;32.4084852358003;-0.0329986237335407;7.81139132923974
18465160206.4206;18.962730121553;-0.0880399967525168;-9.17783681766222;-12.5345487181872;32.3912667537202;-0.0142467575031487;7.78876317601553
18612637548.3188;19.0658779368399;-0.0880321932958836;-9.15526526749773;-13.2764382801908;32.3747798246132;0.00244925391457943;7.76645972514368
18749293629.5629;19.1662982450521;-0.087979626900098;-9.1338074127306;-12.4149207620751;32.3579575725728;0.0169382193189175;7.7444939595067
18875980673.0121;19.2625463909994;-0.0878933739147854;-9.11933982860813;-12.1669580655185;32.3428968200693;0.0289841573251368;7.72720305351429
18994396824.8411;19.3541734811815;-0.087783713417288;-9.11138704888588;-12.033360731884;32.3337255756041;0.0386974248065698;7.71710566581825
19107295422.2148;19.4441350391811;-0.087653510468255;-9.09863157822394;-11.9380677254829;32.3283010125559;0.0467893200457542;7.7071106130011
19213605827.6117;19.5348965255604;-0.0875022249895784;-9.06867417465457;-11.8467785305309;32.3180807297758;0.0538692842984835;7.68531057659098
19308929221.4742;19.6272259337156;-0.0873303326607044;-9.01385944474697;-11.7439430007867;32.295213675742;0.0601249331185358;7.64263201917861
19380261426.6877;19.709840656109;-0.0871653652725879;-8.93622820245167;-11.63588755192;32.2614996591909;0.0644206647594338;7.58129605739973
19418773347.0909;19.7636555521514;-0.0870565127922877;-8.85469266966907;-11.5487568460535;32.2330019614445;0.0651983459794998;7.52148875817463
19430173266.7901;19.7812611284229;-0.0870217352544853;-8.81125154707729;-11.5156029608293;32.224236741753;0.063654809939663;7.49390972668131
19431856592.3608;19.7839259793368;-0.0870164245093422;-8.80049520337726;-11.501012660066;32.2248582984851;0.0642204818278019;7.48894758660279
19431949903.1066;19.7840745065389;-0.0870161178798401;-8.79812566065396;-11.4833177227779;32.2261899147407;0.0665299044965637;7.48865562539759
19431957369.5613;19.7840864453629;-0.0870160921352499;-8.7961528857355;-11.4624284519954;32.2276241687347;0.069494866359165;7.48863166462131
19431958010.1729;19.7840874744733;-0.0870160898125502;-8.79413279844853;-11.4406017058497;32.2291256406162;0.0727410584391164;7.48862955791993
19431958073.0521;19.7840875759859;-0.0870160895721007;-8.79198714020383;-11.4174831141145;32.2307227610973;0.0763438522977398;7.48862934590803
19431958081.8147;19.7840875902112;-0.0870160895365685;-8.78957442447932;-11.3920148054236;32.232518216111;0.0805107469391985;7.48862931553283
19431958085.089;19.7840875955632;-0.0870160895223411;-8.78659511386036;-11.361987725107;32.2347345250812;0.0856902651385702;7.48862930380777
19431958087.135;19.7840875989336;-0.087016089512732;-8.78323511401157;-11.3282336157053;32.2372319872824;0.0919092543738261;7.48862929621136
19431958088.6224;19.7840876014049;-0.087016089505122;-8.77950114742009;-11.2910356670447;32.2400046331581;0.0992797273779859;7.48862929047108
19431958089.7695;19.7840876033288;-0.0870160894986948;-8.77542745826828;-11.2515745228979;32.2430263317245;0.107718112120628;7.48862928585729
19431958090.7314;19.784087604959;-0.0870160894927514;-8.77088959732013;-11.2090966562284;32.2463881617538;0.11756390916329;7.48862928181439
19431958091.5558;19.784087606372;-0.0870160894871052;-8.76595672711781;-11.1643657986389;32.2500369196577;0.128860895363895;7.48862927818391
19431958092.2791;19.7840876076271;-0.0870160894815863;-8.76063685171628;-11.1174694512261;32.253964174106;0.141824251346218;7.48862927483941
19431958092.9456;19.7840876087996;-0.087016089475867;-8.75473272085244;-11.0664659486992;32.2583111663984;0.157365091639601;7.4886292715951
19431958093.5596;19.7840876098957;-0.0870160894698847;-8.74831724425406;-11.0113194747881;32.26301645547;0.176077044197864;7.4886292684399
19431958094.1071;19.784087610888;-0.0870160894637843;-8.74171197160207;-10.9530176106744;32.2678315023284;0.198364586537152;7.48862926546721
19431958094.6191;19.7840876118311;-0.0870160894571046;-8.73470012945666;-10.8844864656047;32.2728809398766;0.228586932469988;7.48862926252926
19431958095.0952;19.784087612723;-0.0870160894494337;-8.72738487991596;-10.7928290449222;32.2779746905578;0.277627263074385;7.48862925964019
19431958095.5419;19.7840876135748;-0.0870160894412686;-8.7197405242617;-10.7381293844337;32.2834090359265;0.30945002959117;7.48862925677214
19431958095.9641;19.7840876143946;-0.087016089433631;-8.71173810328144;-10.7425167884867;32.2894787225499;0.300803128397605;7.4886292539047
19431958096.3707;19.7840876151998;-0.0870160894274482;-8.70323606693901;-10.8179513426789;32.2962855899855;0.247991788700573;7.48862925098029
19431958096.7584;19.7840876159836;-0.0870160894233127;-8.69432952590768;-10.972000677217;32.3034481084845;0.170442435216167;7.48862924802446
19431958097.1347;19.784087616761;-0.087016089420746;-8.68485940588588;-11.1661103627534;32.3108057492202;0.106683395892769;7.48862924498138
19431958097.498;19.7840876175292;-0.0870160894190685;-8.67485429464348;-11.3356761328504;32.3183910462788;0.0705712635411117;7.48862924186009
19431958097.8493;19.7840876182902;-0.0870160894174761;-8.6642937715335;-11.3436444214871;32.326300126191;0.0676402728446385;7.48862923865115
19431958098.1901;19.7840876190476;-0.087016089416134;-8.65312802249425;-11.4046619233796;32.3346756986279;0.0572973595416643;7.48862923533816
19431958098.5232;19.7840876198085;-0.08701608941493;-8.64124088405303;-11.4419157688721;32.3435814832304;0.0511815252301894;7.48862923188657
19431958098.8464;19.7840876205684;-0.0870160894138579;-8.62869608483257;-11.4792059129002;32.3529774664243;0.0456461788102484;7.48862922831172
19431958099.1628;19.7840876213357;-0.087016089412869;-8.61539318613217;-11.5051939878418;32.3629378220098;0.0417106672278498;7.48862922457066
19431958099.4745;19.7840876221161;-0.0870160894119086;-8.60129516270002;-11.5112249884791;32.3734902809081;0.0398345301224371;7.48862922062794
19431958099.7793;19.7840876229059;-0.0870160894109885;-8.5865266793649;-11.5201903096649;32.3845446282991;0.0377289018225433;7.48862921649605
19431958100.0778;19.7840876237073;-0.0870160894101289;-8.57112020161555;-11.5406266205169;32.3960772116541;0.0347524963563588;7.48862921215789
19431958100.3718;19.7840876245263;-0.0870160894093479;-8.55500624688364;-11.5757119210129;32.408139794721;0.0308992849508715;7.48862920757403
19431958100.6614;19.784087625365;-0.0870160894086558;-8.53819722774469;-11.621576401697;32.4207223031066;0.0267573754368298;7.48862920272643
19431958100.9465;19.7840876262246;-0.0870160894080884;-8.5206956238671;-11.7011308088545;32.433823385399;0.021407352605735;7.48862919759998
19431958101.2283;19.7840876271111;-0.0870160894076851;-8.50238312971091;-11.8444095386224;32.4475310214373;0.0147623414890394;7.48862919215095
19431958101.506;19.7840876280237;-0.0870160894074817;-8.48326528750945;-12.1351770906227;32.4618401880325;0.00723537978629063;7.48862918637396
19431958101.7804;19.7840876289682;-0.0870160894075041;-8.46322105745764;-13.0861825045359;32.476840870207;-0.000773770788737904;7.48862918022375
19431958102.0528;19.7840876299523;-0.0870160894077758;-8.44208257592205;-12.0011198614216;32.4926584185306;-0.00896908127608425;7.48862917363661
19431958102.3203;19.7840876309692;-0.0870160894083093;-8.41999648999026;-11.7000993987015;32.5091831085245;-0.0170570195788519;7.48862916664591
19431958102.5881;19.7840876320443;-0.0870160894091412;-8.39641824276069;-11.5078416148326;32.5268224380362;-0.0251662361092782;7.48862915906339
19431958102.8525;19.7840876331682;-0.0870160894102897;-8.37155641858483;-11.362146506717;32.5454203419389;-0.033258280891044;7.48862915093484
19431958103.1159;19.7840876343581;-0.0870160894118049;-8.34505752471193;-11.2400915428599;32.5652411991207;-0.0414686866449346;7.48862914211954
19431958103.3759;19.7840876356115;-0.0870160894137179;-8.31699559512029;-11.1333574951485;32.586229615909;-0.0497361556365496;7.48862913261289
19431958103.6349;19.7840876369487;-0.0870160894161003;-8.28695989198923;-11.0361450450719;32.6086928636905;-0.0580962682896448;7.48862912224064
19431958103.8928;19.7840876383834;-0.0870160894190238;-8.25470709902225;-10.9455466680013;32.6328130628954;-0.0664989739114218;7.48862911087158
19431958104.1481;19.784087639921;-0.0870160894225471;-8.22019217022336;-10.8600924294932;32.6586241487288;-0.0748337701101229;7.48862909843078
19431958104.4018;19.7840876415855;-0.087016089426778;-8.18301085258496;-10.777883210732;32.686428751992;-0.0830797373650241;7.48862908469708
19431958104.6567;19.7840876434226;-0.0870160894319038;-8.14235303408396;-10.6967198741;32.7168330526592;-0.0912860505378777;7.48862906926402
19431958104.913;19.7840876454692;-0.0870160894381167;-8.09768800545013;-10.6154347922353;32.7502343454552;-0.0994185958786453;7.48862905177735
19431958105.1656;19.7840876477239;-0.0870160894454953;-8.04938499214743;-10.5344906527763;32.7863569736141;-0.107296981006807;7.48862903219071
19431958105.4157;19.7840876502432;-0.0870160894543171;-7.9967533255031;-10.452476287569;32.8257179018299;-0.114945313966556;7.48862900998081
19431958105.6634;19.7840876530937;-0.0870160894649295;-7.93911768275682;-10.3682257505297;32.8688226489809;-0.122370315652267;7.48862898452248
19431958105.9114;19.7840876563998;-0.087016089477951;-7.87506962861957;-10.2797189866169;32.9167250738874;-0.129648430065101;7.48862895468757
19431958106.1586;19.7840876602845;-0.0870160894940647;-7.80377337289945;-10.1859339717278;32.9700508286551;-0.136759976610933;7.48862891933598
19431958106.4039;19.7840876649103;-0.0870160895141878;-7.72438866834355;-10.0858828987205;33.0294289241252;-0.143683478824055;7.48862887697421
19431958106.6497;19.7840876706124;-0.0870160895401189;-7.63451380433244;-9.97672646190143;33.0966563864968;-0.15051211673401;7.48862882463658
19431958106.893;19.7840876777378;-0.0870160895738834;-7.53332708368164;-9.8576779637562;33.1723484721526;-0.157190153800636;7.488628759231
19431958107.1323;19.7840876868487;-0.087016089618733;-7.4194131425403;-9.72721765518329;33.2575644928922;-0.163714041318361;7.48862867585476
19431958107.3656;19.7840876987688;-0.0870160896795145;-7.29158562693592;-9.58409205807891;33.3531924265739;-0.170071279058769;7.48862856742322
19431958107.5924;19.7840877149193;-0.0870160897646091;-7.14762917302764;-9.42591442585286;33.4608900481;-0.176299969041955;7.48862842198394
19431958107.8125;19.7840877377062;-0.0870160898883986;-6.98492908990263;-9.24992965581045;33.5826139388891;-0.182437423821434;7.48862821973851
19431958108.0254;19.7840877714072;-0.0870160900768069;-6.80038123918893;-9.05292407650267;33.72068693269;-0.18851832651406;7.48862792634912
19431958108.2302;19.7840878240011;-0.0870160903788671;-6.59046625163755;-8.83130853985634;33.8777425969296;-0.194568340926033;7.48862747951611
19431958108.4261;19.7840879112605;-0.0870160908928506;-6.35123063504617;-8.58109361173248;34.0567393355079;-0.200604231022108;7.48862675977311
19431958108.612;19.7840880665172;-0.0870160918292313;-6.07830424510181;-8.29790206809848;34.2609472217601;-0.206633885834273;7.4886255231017
19431958108.7869;19.7840883656432;-0.087016093673361;-5.76686004132481;-7.97692270513438;34.4939778668685;-0.212657457177045;7.48862323467394
19431958108.9512;19.7840890080239;-0.0870160977152849;-5.40771137549047;-7.60891571586658;34.7627038826502;-0.218730430957944;7.48861855968267
19431958109.107;19.7840906338594;-0.0870161081429801;-4.98169246670354;-7.17458074042972;35.0814612566654;-0.225003565987975;7.4886075258821
19431958109.2587;19.7840960622734;-0.0870161436066213;-4.44617887343384;-6.63106851137449;35.482122926552;-0.231803483522614;7.48857459628426
19431958109.4151;19.7841291052897;-0.0870163635592595;-3.67516424927228;-5.8519147592032;36.0588254002906;-0.240027535356275;7.4884160330789
19431958109.5839;19.7849614716096;-0.0870220156051342;-2.30701959406481;-4.47512841491888;37.0789546342971;-0.251778510948712;7.48597502477619
19431958109.7696;19.8081097064021;-0.087182609252246;-0.904274925648564;-3.06306444328567;37.984275363933;-0.263520452781105;7.3895274786543
19431958109.965;19.8710266682232;-0.0876288359023481;-0.492140388162275;-2.64135262690331;37.5800530892764;-0.266529417748384;6.91340148898736
19431958110.1674;19.9778604498088;-0.0884035758897298;-0.27764147953827;-2.41719410869268;36.3439577020962;-0.263560054821796;5.98026739152717
19431958110.3765;20.1314399401451;-0.0895423984696776;-0.134018351487225;-2.26389550399511;34.3024399671533;-0.254359440159376;4.54441614882876
19431958110.5924;20.3290743678871;-0.0910408309018477;-0.0384445997863311;-2.15867003597443;31.4646680651414;-0.238560050670009;2.60055663196884
19431958110.8111;20.5516492398781;-0.0927653064830862;0.00761896202628881;-2.10320012115718;28.0428847733732;-0.217271921068992;0.291229192820895
19431958111.0326;20.7486289662932;-0.0943239064336573;-0.0509155796217264;-2.15260245141392;25.6286896922462;-0.202786729449325;-1.29255312320334
19431958111.2574;20.9139566695191;-0.0956590033715342;-0.133487733457132;-2.2263205660904;25.5878169611173;-0.206633343385084;-1.27855486996043
19431958111.4856;21.0625583087593;-0.0968828885837592;-0.186173972567562;-2.27045688537762;25.6292758527526;-0.211083080083052;-1.22448814359583
19431958111.7147;21.1978354295926;-0.09801812474718;-0.228907817974304;-2.30504595206678;25.6627095717112;-0.215359668935293;-1.1807599350254
19431958111.9449;21.322519359056;-0.099083264991909;-0.266132529116601;-2.33453621573801;25.6912353355977;-0.21947310138941;-1.14306591270165
19431958112.1766;21.4386700489416;-0.100092434105722;-0.299970268654377;-2.36102811210015;25.7167938169282;-0.223439000249442;-1.10904833995203
19431958112.41;21.5474815658474;-0.10105311406005;-0.331529539121127;-2.38562567506934;25.740374227998;-0.227257759481024;-1.07749208710646
19431958112.6446;21.6495348218036;-0.101967850395109;-0.36138826313413;-2.40891919792046;25.762498078074;-0.230917601335837;-1.0477598692281
19431958112.8793;21.7451866384213;-0.102837450112192;-0.389860828779702;-2.43123466155084;25.7834592695266;-0.234405259398331;-1.01949824995524
19431958113.1148;21.8352806136775;-0.103667498024294;-0.417295780620903;-2.45288836904357;25.8035578664117;-0.237731649324076;-0.992332454241817
19431958113.3513;21.9203754595204;-0.104461346081873;-0.443892470076542;-2.47405833946268;25.8229700211766;-0.240901953451977;-0.966045121653962
19431958113.5886;22.0008259920826;-0.105220708032933;-0.469749467382144;-2.49482955835757;25.8417882685277;-0.243917226318831;-0.940525171439441
19431958113.8261;22.076820602603;-0.10594590261401;-0.49488640085403;-2.51521464416855;25.8600414091636;-0.246774893218549;-0.915743596440631
19431958114.0637;22.1487002296182;-0.106638874927638;-0.519363222381096;-2.53525315370071;25.8777830742185;-0.249480804967559;-0.89163458344391
19431958114.302;22.2168846878746;-0.107302537365686;-0.543272353725599;-2.55501050984275;25.8950815565655;-0.252045603921338;-0.868106254630193
19431958114.5418;22.2819186976625;-0.107941242943024;-0.566838985708507;-2.57467880920012;25.9120381422789;-0.254484743223241;-0.844978269225728
19431958114.7883;22.3451645804387;-0.108567736686372;-0.590781331265731;-2.59489685188348;25.9290506412414;-0.256844987920788;-0.821625454582646
19431958115.0439;22.4070747981369;-0.109186062908568;-0.615727173179735;-2.61627183972615;25.946387496727;-0.259138674631554;-0.797554501165954
19431958115.3098;22.4676631027755;-0.109795959300044;-0.642409968328663;-2.63954270490269;25.9643588268322;-0.261363457022937;-0.772191513914578
19431958115.5884;22.5269659440037;-0.1103974045491;-0.671808562341556;-2.66568796481631;25.9834500209804;-0.263522324487851;-0.744722767534752
19431958115.8828;22.5849990878115;-0.110990183506064;-0.705260618128092;-2.69604393795942;26.0043187966164;-0.2656208497661;-0.714039976286617
19431958116.1999;22.6420783844915;-0.111577207678806;-0.744775813794112;-2.7325984417911;26.0280104806278;-0.267681492400888;-0.678439765888447
19431958116.5492;22.6982968935195;-0.112159163223415;-0.793300768156719;-2.77829028134409;26.055867676195;-0.269721786044038;-0.635551709391054
19431958116.9579;22.7549976545062;-0.112749875815198;-0.857790403046371;-2.8400030621981;26.090986667217;-0.271817769077184;-0.579829173610838
19431958117.484;22.8134024804834;-0.113362249230443;-0.954607102270851;-2.93403950795863;26.1398359623331;-0.274075649646555;-0.498768562278169
19431958118.353;22.8746454670972;-0.114008619509626;-1.15196506199578;-3.12854004472821;26.2248508106634;-0.276782127672681;-0.343271583420367
19431958120.1861;22.9113873903167;-0.114397227362327;-1.69802864058027;-3.67367895360239;26.3661023510597;-0.278866034245239;0.0241462607180814
19431958127.7277;22.9164209710347;-0.114449511378787;-3.17558641493816;-5.15909450953706;26.4704438477821;-0.274949623215874;0.832610543482059
19431958179.1255;22.9170201262522;-0.114455692615805;-4.93340499495334;-6.91986894365352;26.5289342322694;-0.273688062029857;1.75058960669287
19431958603.5884;22.9171012169642;-0.114456522223508;-6.71886864077455;-8.70896697909589;26.583816882944;-0.271968745748266;2.67997779426174
19431962111.0145;22.9171127483648;-0.114456639240211;-8.48310647747781;-10.476740677456;26.6409608733604;-0.270343346022968;3.60026464697676
19431986235.1718;22.9171146872776;-0.114456658626667;-10.0948938579416;-12.0949537204655;26.7047897894001;-0.267011090934369;4.44878130858242
19432086255.9562;22.9171151646537;-0.114456663299472;-11.3212295628948;-13.3305126102923;26.7732064007162;-0.262070018094724;5.10762700504462
19432426494.1178;22.9171153199315;-0.114456664783048;-12.3406738801549;-14.3604732744292;26.8529294526906;-0.256561967024719;5.67057819654897
19433416069.2969;22.9171153819032;-0.114456665359768;-13.2032551834568;-15.2344833791775;26.9455839131749;-0.250760659587163;6.16373672789824
19436051675.0485;22.9171154113475;-0.11445666562592;-13.9518789315949;-15.9957511874955;27.0564730910623;-0.244567603636992;6.61209817646583
19443020619.0566;22.9171154278964;-0.11445666577052;-14.6243983916609;-16.6830002443385;27.1994635101622;-0.237661309260925;7.04385211007382
19465236652.9474;22.9171154396339;-0.114456665868489;-15.2770914231066;-17.3555758496497;27.4269883346892;-0.2289252490138;7.5221636471237
19536903175.918;22.9171154516848;-0.114456665964055;-15.7742961788768;-17.8750129641155;27.8015312846911;-0.220471233498503;8.02096169187319
19666450083.2855;22.917115467038;-0.114456666081174;-15.9262280833321;-18.0438005591612;28.210477051555;-0.215197863098704;8.37012770031821
19848223563.5052;22.9171154930172;-0.114456666274727;-15.8449046118166;-17.9727301803682;28.6443961100402;-0.213409673908307;8.61937001397726
20074998270.3459;22.917115548362;-0.114456666681639;-15.6125176990471;-17.7460941145112;29.1009829952574;-0.213959337114508;8.80823748535969
20326306711.2606;22.9171156926127;-0.114456667735779;-15.2410893232423;-17.3773088019462;29.5933604102205;-0.21625930583697;8.95150547918898
20592437099.9526;22.9171161755711;-0.11445667132023;-14.7411847422776;-16.8706718144802;30.1367359836011;-0.223670722823774;9.06463349478923
20860584594.0745;22.9171183460023;-0.114456688307521;-14.0918277083838;-16.1982496261638;30.7576719379552;-0.240730735454834;9.15490464055869
21123499867.8642;22.9171357630114;-0.114456829375164;-13.1788422385215;-15.270388404683;31.5505031771974;-0.255540725665811;9.22819991168564
21374552392.9648;22.917924903492;-0.114463234227427;-11.5026102719098;-13.5932554773263;32.8922563884293;-0.266961394000061;9.28660039313807
21614828771.4184;22.9732781040019;-0.114868757248854;-9.6375683407037;-11.7726955634344;34.0959542028598;-0.249790332616914;9.15821039122891
21843822874.0871;23.0547169607579;-0.115398894398302;-9.44899262962907;-11.6354360594606;33.3026573095253;-0.216788109734808;8.53374620949965
22063248230.7066;23.14621694862;-0.115927355146848;-9.37986577640803;-11.6182740772704;32.7005015591241;-0.188862664745093;8.09674912754149
22271895876.3513;23.2405579738504;-0.116396764767433;-9.34471289701277;-11.6478615022971;32.5468940522013;-0.161942539324105;7.97644627025107
22473876352.8815;23.3390734298;-0.116804244324974;-9.31180502080534;-11.6952035665805;32.5023976137129;-0.134436393467356;7.93017965638763
22668641422.9297;23.4416177478174;-0.117143735653595;-9.27859947029986;-11.758682385513;32.4735564393004;-0.107509524016543;7.89424060165068
22853000605.3113;23.5455187383097;-0.117407032015186;-9.24904508567121;-11.8452199156255;32.4486939609659;-0.0822285044426678;7.86280286175639
23027591071.9819;23.6498589092995;-0.117596720752341;-9.22356898172539;-11.9639789805776;32.4272546510724;-0.0589522225793982;7.83570676544976
23192841232.5379;23.7540657252874;-0.117718552460415;-9.20024576377068;-12.1323815570792;32.4086207504552;-0.0378900130946835;7.81157420851112
23349773393.8722;23.8582269294108;-0.117779534719077;-9.17800596429077;-12.4105084503357;32.3913906197856;-0.0189638760210829;7.78893109888076
23497373992.4296;23.9614217666574;-0.117786256787334;-9.15543014822666;-13.3415852005661;32.3749032153518;-0.00210888756700843;7.76662358212701
23634131685.7168;24.0618880619659;-0.11774736769715;-9.1339313789159;-12.5461239839899;32.3580780880264;0.0125253570173883;7.74463412508693
23760894477.0155;24.1581800224476;-0.117673831148726;-9.11940176479707;-12.2364885521387;32.3429798251788;0.0246997889565575;7.72728611875663
23879375707.1593;24.2498392617419;-0.117575966492543;-9.11147330605242;-12.0830236799647;32.3337682982258;0.034522794886267;7.71717320241343
23992402163.6213;24.3398513343658;-0.11745702838326;-9.09887935016349;-11.9778590816795;32.3283747690147;0.0427173340102265;7.70727904001017
24098890184.961;24.4306674968927;-0.117316798762804;-9.06913761079257;-11.8804609988804;32.3182775972935;0.0499027890537098;7.68566860810125
24194344408.5746;24.5229923338998;-0.117155931031927;-9.01447660000474;-11.7733262137003;32.2955793433241;0.0562721444711716;7.64317931279648
24265673407.7508;24.6054690774724;-0.117000819848559;-8.93693462506269;-11.6626230192786;32.262044782979;0.0606741213024428;7.58200767523593
24303976102.0361;24.6588403618959;-0.116898954495964;-8.85592166957307;-11.5752028313711;32.2338542880616;0.0615220894156747;7.52266694510155
24315206429.3899;24.6761027207225;-0.116866781595763;-8.81329227583855;-11.5429022039296;32.2253276727238;0.0600602884908828;7.495653416074
24316838706.1747;24.6786726505275;-0.116861937527314;-8.80287254269514;-11.5275835325116;32.2259870754249;0.0607428603496008;7.49088497176688
24316929885.5959;24.6788169851438;-0.116861654846938;-8.80052632895179;-11.5086011717787;32.2273156396331;0.0631174274936998;7.49060255543498
24316937202.9671;24.6788286208889;-0.116861630966885;-8.79856088941253;-11.4863197974024;32.2287456627788;0.0661430923214193;7.49057931030977
24316937833.0484;24.6788296274893;-0.116861628797602;-8.79653948306227;-11.463080363837;32.230248392208;0.0694580796239794;7.49057725908058
24316937894.4974;24.6788297261456;-0.116861628573759;-8.79439019193606;-11.4385717534971;32.2318484465742;0.073131360143019;7.49057705394595
24316937903.0843;24.6788297400086;-0.116861628540479;-8.79197482586502;-11.4116495612724;32.233646100649;0.0773810641709387;7.49057702446962
24316937906.3289;24.6788297452829;-0.116861628526955;-8.78899964800041;-11.3800630639004;32.2358595722041;0.0826562768837323;7.49057701296226
24316937908.3649;24.6788297486183;-0.116861628517749;-8.78564520277452;-11.3447069991978;32.2383531607304;0.0889838213121997;7.4905770054749
24316937909.8365;24.6788297510496;-0.116861628510478;-8.7819482191251;-11.3062118337019;32.2410986122009;0.0964153578176899;7.49057699985
24316937910.9891;24.6788297529718;-0.116861628504216;-8.77785620080476;-11.2649275693083;32.2441341501471;0.105045959144987;7.49057699525853
24316937911.9444;24.6788297545816;-0.116861628498475;-8.77335335650111;-11.2211481293125;32.2474701988509;0.115000804169407;7.49057699128126
24316937912.7685;24.6788297559863;-0.116861628492966;-8.76843158633738;-11.174907088917;32.2511107789141;0.126493781074501;7.4905769876863
24316937913.4935;24.6788297572373;-0.116861628487546;-8.76310822513883;-11.1263990720273;32.2550403918116;0.139735496762656;7.49057698436504
24316937914.1568;24.6788297583973;-0.116861628481955;-8.7572460658756;-11.0741785958926;32.2593559178836;0.155497410856808;7.49057698116666
24316937914.7706;24.6788297594866;-0.116861628476061;-8.75085376961266;-11.0175997375704;32.2640429974556;0.174571289460418;7.49057697804246
24316937915.3155;24.6788297604683;-0.116861628470062;-8.74430607459144;-10.9582349296929;32.2688140710246;0.197176044277073;7.49057697511219
24316937915.834;24.6788297614178;-0.116861628463341;-8.73723197783012;-10.887260390221;32.2739037343493;0.228466793711937;7.49057697216478
24316937916.3172;24.6788297623181;-0.116861628455549;-8.72982375848876;-10.7925809985946;32.2790514352209;0.279359550856988;7.49057696925699
24316937916.7628;24.6788297631627;-0.116861628447457;-8.72221511916327;-10.7408502639026;32.2844754234791;0.309284808937186;7.49057696642041
24316937917.1919;24.6788297639916;-0.116861628439871;-8.71409115808427;-10.7525251359287;32.2906824414745;0.295558358444719;7.49057696352827
24316937917.606;24.6788297648076;-0.116861628433844;-8.70543071078924;-10.8370242761;32.2976303084799;0.238548721778158;7.49057696056987
24316937917.9974;24.6788297655949;-0.116861628430014;-8.69642735266105;-11.0094112126917;32.3048616217272;0.157139014467988;7.49057695760342
24316937918.3757;24.6788297663729;-0.116861628427674;-8.68688651460352;-11.2086493768674;32.3122350603993;0.0971860961209043;7.49057695455963
24316937918.7411;24.678829767142;-0.116861628426147;-8.67679961925922;-11.3789393834843;32.3198651060104;0.0641696654744941;7.49057695143535
24316937919.0935;24.6788297679021;-0.116861628424676;-8.6661754990775;-11.379450840786;32.3278186944613;0.0625606222990722;7.49057694823005
24316937919.4368;24.6788297686621;-0.11686162842342;-8.65488884527804;-11.4367161867356;32.3362811568677;0.0534395424224898;7.49057694490472
24316937919.769;24.6788297694179;-0.116861628422336;-8.64299267641367;-11.4861459759238;32.3451942787567;0.0464147979797673;7.49057694147425
24316937920.094;24.6788297701791;-0.116861628421363;-8.63033638442326;-11.5236204104898;32.3546722734224;0.0413669002480612;7.49057693789134
24316937920.4098;24.678829770942;-0.116861628420461;-8.61701995900308;-11.5444256989923;32.3646412835179;0.0382529610139013;7.49057693416859
24316937920.7204;24.6788297717167;-0.116861628419592;-8.6029392120819;-11.5531741659202;32.3751806927006;0.0363059033470825;7.49057693025157
24316937921.0247;24.6788297725023;-0.116861628418759;-8.58816778885138;-11.5625605071455;32.3862368512553;0.0343532452138738;7.49057692613881
24316937921.3228;24.6788297732997;-0.11686162841799;-8.57275787460708;-11.5887859356813;32.3977718440934;0.0312238952690116;7.49057692181888
24316937921.6159;24.6788297741131;-0.116861628417301;-8.55667862354239;-11.6286797517794;32.4098079667681;0.0274584064632419;7.49057691726351
24316937921.9057;24.6788297749492;-0.116861628416702;-8.5398464476295;-11.6845433936475;32.4224074255012;0.0232353015348439;7.49057691242812
24316937922.1915;24.6788297758076;-0.116861628416234;-8.52229408915695;-11.7853603694945;32.4355460141296;0.0176992528186248;7.4905769073065
24316937922.4713;24.678829776684;-0.116861628415938;-8.50410867870403;-11.9755057420593;32.4491578272313;0.0109598943175539;7.49057690191602
24316937922.7487;24.6788297775923;-0.116861628415844;-8.48500099236285;-12.4712139596786;32.4634585287123;0.00335105702780356;7.49057689616451
24316937923.0218;24.6788297785282;-0.116861628415978;-8.4650529704608;-12.308439307329;32.4783862659346;-0.0046580924704112;7.49057689006804
24316937923.2948;24.6788297795106;-0.116861628416367;-8.44386342117;-11.8458664883121;32.494241051564;-0.01287666302864;7.49057688349133
24316937923.5658;24.6788297805373;-0.116861628417032;-8.42147625964305;-11.6100795842971;32.5109900268085;-0.0210584727063039;7.49057687643266
24316937923.8321;24.6788297816025;-0.116861628417986;-8.39801348331697;-11.446134018384;32.5285420039393;-0.0291168281135471;7.49057686891564
24316937924.0957;24.6788297827188;-0.116861628419261;-8.3732146658976;-11.3152907923084;32.5470918076134;-0.0371908464240093;7.49057686083885
24316937924.3582;24.6788297839;-0.116861628420908;-8.346796841365;-11.2026572824963;32.5668510408548;-0.0453853121312634;7.49057685208496
24316937924.6189;24.6788297851514;-0.116861628422969;-8.31866497996787;-11.1018936860151;32.5878907632293;-0.0536818588508246;7.49057684259206
24316937924.877;24.6788297864788;-0.116861628425493;-8.28872454703503;-11.0095494785691;32.6102817618951;-0.0620196940827209;7.49057683229336
24316937925.1343;24.6788297879042;-0.116861628428569;-8.2565429850426;-10.9226209700149;32.6343477013782;-0.0704039379375032;7.49057682099468
24316937925.389;24.6788297894314;-0.116861628432249;-8.22211713854761;-10.8400851196729;32.660091203972;-0.0787135341283933;7.49057680863635
24316937925.6419;24.6788297910833;-0.116861628436642;-8.1850595299644;-10.7602946155165;32.6878023578234;-0.0869261886097702;7.49057679500497
24316937925.8947;24.6788297928947;-0.116861628441905;-8.14478340626206;-10.6816109405897;32.717920308511;-0.0950513207735256;7.4905767797828
24316937926.1496;24.6788297949171;-0.116861628448273;-8.10043978049006;-10.6022988272662;32.7510803492049;-0.103125622644573;7.49057676250157
24316937926.4022;24.6788297971566;-0.116861628455854;-8.05224489873282;-10.5226689700853;32.7871212399398;-0.110988815178018;7.49057674305209
24316937926.6515;24.678829799651;-0.116861628464866;-7.99987693390649;-10.442002840876;32.8262841139775;-0.118603038955085;7.49057672106299
24316937926.8988;24.6788298024737;-0.116861628475687;-7.94251025261935;-10.3589261224989;32.8691868881198;-0.126000738581207;7.49057669585585
24316937927.1459;24.6788298057395;-0.116861628488906;-7.87888644339256;-10.2716624454859;32.9167712042293;-0.133242025702477;7.49057666638467
24316937927.3923;24.6788298095724;-0.116861628505219;-7.80809781979508;-10.1790949847222;32.9697164737062;-0.140319506129062;7.49057663149999
24316937927.638;24.67882981416;-0.116861628525671;-7.72887201685282;-10.0797155378667;33.0289749181124;-0.147248735576965;7.49057658950095
24316937927.8828;24.6788298197707;-0.116861628551786;-7.63975454541726;-9.97188282350098;33.0956350485682;-0.154043167713086;7.49057653797898
24316937928.1264;24.6788298268133;-0.11686162858591;-7.53893670161578;-9.8536132721898;33.1710504015714;-0.160724711036344;7.49057647333435
24316937928.3659;24.6788298358035;-0.116861628631123;-7.42551852381259;-9.72401989610309;33.2558947654006;-0.167250438442657;7.49057639104829
24316937928.5995;24.6788298475626;-0.116861628692338;-7.29816168523631;-9.58168068067425;33.3511698028478;-0.173616931440839;7.49057628405507
24316937928.8268;24.6788298634773;-0.116861628777888;-7.15474034476664;-9.42431800047876;33.4584663143745;-0.179857426074035;7.49057614068788
24316937929.0473;24.678829885903;-0.116861628902112;-6.99264984875894;-9.24919234441843;33.5797333664641;-0.186009338257539;7.49057594155299
24316937929.2605;24.6788299190197;-0.116861629090797;-6.80880164011577;-9.05311034536176;33.7172821310651;-0.192107294025884;7.49057565306549
24316937929.4658;24.6788299706234;-0.116861629392703;-6.59965846490704;-8.83246669678291;33.8737595547529;-0.198177875588997;7.49057521430348
24316937929.6622;24.6788300561273;-0.116861629905541;-6.36122249632149;-8.58322837757419;34.0521572156626;-0.20423903441099;7.49057450847661
24316937929.8487;24.6788302079985;-0.116861630837886;-6.08916912823346;-8.30106817366569;34.2557111254925;-0.210297418804227;7.49057329771241
24316937930.0242;24.6788305002223;-0.116861632671104;-5.7785495327379;-7.98105091396332;34.4881240419185;-0.216355624894048;7.4905710601568
24316937930.189;24.6788311259963;-0.116861636676512;-5.42051622599728;-7.61428700620595;34.7560148534219;-0.222463719385111;7.49056650097737
24316937930.3452;24.6788327006563;-0.116861646947344;-4.9964953679857;-7.1820765301425;35.0732768047061;-0.22876795008132;7.49055579209438
24316937930.4969;24.6788379017239;-0.116861681491779;-4.46497776777141;-6.64269217052841;35.4709493171317;-0.235590844524049;7.49052411312657
24316937930.6526;24.6788684942621;-0.116861888443465;-3.70667500839709;-5.87642155179436;36.0381533264322;-0.24379005496824;7.49037547619467
24316937930.8207;24.6795920646455;-0.116866879583401;-2.3660336452865;-4.52731468133551;37.0381236053581;-0.255486490501699;7.4882174607671
24316937931.0054;24.7013084384129;-0.117019857575124;-0.929724462453025;-3.08188281502296;37.9815259995244;-0.267555607222023;7.4004329978434
24316937931.2003;24.7626551125065;-0.117461465870424;-0.501996457619051;-2.64475025735761;37.6132525529992;-0.270761611546438;6.94053005962283
24316937931.4023;24.8676184665171;-0.118233741743694;-0.284173499936743;-2.41743873246101;36.4082305708954;-0.267876330014255;6.02649577038153
24316937931.6106;25.0190030585237;-0.119372195614789;-0.138730099130779;-2.26249633568127;34.4027601182893;-0.258718241492735;4.61381921154772
24316937931.8258;25.214602236416;-0.120875622795375;-0.041479947142773;-2.15576457462149;31.6016824015783;-0.242898915970559;2.6936382733212
24316937932.0443;25.4366156405008;-0.12261887412473;0.00701468509753833;-2.09800450566599;28.197968790947;-0.221410715188851;0.395167383948573
24316937932.2654;25.6359990765136;-0.124217200964958;-0.0450042682223699;-2.14102775173322;25.6524699597051;-0.205639104604958;-1.2796066984479
24316937932.4897;25.8020120768488;-0.125575000441687;-0.130606664953637;-2.21791312658293;25.5856635833721;-0.209261928614919;-1.2814211177095
24316937932.7176;25.9512664088305;-0.126819671143283;-0.183863774063566;-2.26273625230486;25.6274500525292;-0.21371397274343;-1.22684980129867
24316937932.9467;26.0871030950303;-0.127973619903221;-0.226927081755742;-2.29775763517552;25.6611696022901;-0.217994679269243;-1.18276559645434
24316937933.1766;26.2122083758123;-0.129055258111062;-0.264336065337353;-2.32752968738561;25.6898539515086;-0.222109949429087;-1.1448732097386
24316937933.4081;26.3286778199555;-0.130079191158076;-0.29827933289081;-2.35421977577399;25.7155045459529;-0.226076076167058;-1.11074107432109
24316937933.6413;26.4377929812503;-0.131053782884672;-0.329914619787122;-2.37897699847126;25.7391512287523;-0.229896226514057;-1.07910228227478
24316937933.8758;26.5401690366301;-0.131981953109844;-0.359840109279144;-2.40241086860102;25.7613320366041;-0.233559510262911;-1.04929837141384
24316937934.1104;26.6361284668887;-0.132864235420931;-0.388367565355808;-2.42484765398928;25.7823393868903;-0.237051240489751;-1.0209782186751
24316937934.3457;26.7264450550644;-0.133705638502446;-0.415829878744485;-2.4465933037199;25.8024622546928;-0.240379665466706;-0.993782300309594
24316937934.582;26.8117473280127;-0.134510210353652;-0.442449640503874;-2.46784540970335;25.8218943252744;-0.2435523533064;-0.967469907437505
24316937934.8192;26.8924235221206;-0.135280019861394;-0.468337454746389;-2.48869958630411;25.8407371630879;-0.246571437524525;-0.941917902547128
24316937935.0567;26.9686701760145;-0.136015490541772;-0.493518154469644;-2.50917357955977;25.859023360589;-0.249434598551582;-0.917092141087474
24316937935.2942;27.0407201736005;-0.136717545657345;-0.518014296798754;-2.52927705918586;25.8767796551083;-0.252143319085443;-0.892963502780815
24316937935.5322;27.109063583218;-0.13738981525751;-0.541941066095923;-2.54909423479877;25.8940920074424;-0.254710892796788;-0.869416906926913
24316937935.772;27.1742626507235;-0.13803688102792;-0.565523975690058;-2.56881693369114;25.9110659396069;-0.257153430038965;-0.84626901612728
24316937936.0181;27.2376135514607;-0.138670962469728;-0.589448758174955;-2.58905650982071;25.928077211105;-0.259515056455649;-0.822925644455863
24316937936.2732;27.2995924322563;-0.139296376924714;-0.614337249308082;-2.61041306414461;25.9453944372889;-0.261808934157741;-0.798896335074487
24316937936.5386;27.3602737821313;-0.139913477830121;-0.640939199609672;-2.63363824923476;25.963337572936;-0.264034982027447;-0.773592459433359
24316937936.8165;27.4196516064887;-0.140521815121914;-0.670199772107072;-2.65967961277999;25.9823727244936;-0.266194432494558;-0.746230028543801
24316937937.1102;27.4777954392527;-0.141121729846033;-0.703469706895725;-2.68988384213181;26.0031667131862;-0.268294707166418;-0.715688123301639
24316937937.426;27.5349097253177;-0.141715007667047;-0.742656486502265;-2.72614312587865;26.0267069556526;-0.270353865112746;-0.680353186831222
24316937937.7736;27.5911843378157;-0.142303347521452;-0.79070407800216;-2.77138832248541;26.054352235398;-0.272393058261001;-0.63784528297363
24316937938.1785;27.6478290691014;-0.142899305564548;-0.854224646951083;-2.83216848243665;26.0890428251452;-0.274482278499911;-0.582893428092426
24316937938.6957;27.706041852447;-0.143515631104076;-0.948675779894049;-2.92388398016936;26.1369217925714;-0.276723624942997;-0.503663881143251
24316937939.5426;27.7675489959475;-0.144171095102464;-1.13885814919047;-3.11123486439609;26.2197629602488;-0.27941649845227;-0.353206924836596
24316937941.2987;27.8062306254935;-0.144584350001933;-1.65704629435252;-3.6283330445448;26.3592766262324;-0.281609134364019;-0.000887094226076112
24316937948.1764;27.8118684793572;-0.144643567182703;-3.08633428222692;-5.06500036923429;26.4668410610869;-0.277994383930915;0.785597273340034
24316937994.626;27.8125317599632;-0.144650478693537;-4.84528414657976;-6.82740845240392;26.5262352189124;-0.276408446790003;1.70474344207434
24316938376.7382;27.8126211599333;-0.144651403120031;-6.63085354097112;-8.61631853041121;26.5809966001057;-0.274856663618931;2.63410446943801
24316941520.1116;27.8126338914503;-0.1446515336989;-8.39251582608192;-10.3815230779678;26.6377620127154;-0.273206157136143;3.55285027706482
24316963778.5918;27.8126359888745;-0.14465155490352;-10.0258092458401;-12.0210650202722;26.7015259152211;-0.269948119415044;4.41207675020929
24317057085.0343;27.8126364978922;-0.144651559943856;-11.2631787052212;-13.2674521501755;26.7693217864586;-0.265072041755866;5.07602461300622
24317377368.5644;27.8126366616531;-0.1446515615271;-12.2913244392462;-14.3059868716991;26.8483645231642;-0.259570541551407;5.6428715565151
24318316733.2649;27.8126367263794;-0.144651562136791;-13.1617533052487;-15.1877239104171;26.9403296654969;-0.253765337685774;6.13949280137539
24320826577.4999;27.8126367568515;-0.144651562415684;-13.9157442011457;-15.9542103845647;27.0501074693395;-0.247572733296604;6.58979476015074
24327418201.7346;27.8126367738124;-0.144651562565834;-14.5895447467949;-16.6424655485689;27.190376836148;-0.240710161809038;7.02037089391452
24348221252.8786;27.8126367856679;-0.144651562666187;-15.2442077921345;-17.3165986563671;27.4113837548904;-0.232027839140402;7.49531217442178
24416764729.9947;27.8126367976257;-0.144651562762317;-15.7583154412935;-17.8531063615256;27.7809684852914;-0.22333483163692;7.99924680434384
24542747802.6529;27.812636812591;-0.144651562877991;-15.9252256342458;-18.0370771654513;28.1866847374245;-0.217867508447993;8.35374264313505
24721539522.2459;27.8126368376227;-0.144651563066787;-15.8538577483378;-17.9763533873793;28.6192057699074;-0.215854913113906;8.60702723861086
24947095475.4408;27.8126368905853;-0.144651563460596;-15.6292845521661;-17.757969173163;29.0752661040715;-0.216191730179429;8.79944854980386
25197237057.3971;27.8126370268117;-0.144651564466291;-15.2639246048984;-17.3957196543305;29.565966249782;-0.218271497173049;8.94462898301188
25461408338.7225;27.8126374694215;-0.144651567781934;-14.7758645669657;-16.9013178090479;30.1017422549368;-0.225495765435849;9.05860103520778
25730435212.6909;27.8126394406494;-0.144651583277733;-14.1350588296956;-16.2395816971498;30.7183965000268;-0.241476945838484;9.15028205466855
25995486693.1678;27.8126549590934;-0.14465170984429;-13.2324820600602;-15.321011268053;31.5053515352354;-0.25695384563148;9.22485942723946
26249015592.8083;27.8132921866384;-0.144656935885374;-11.5997329310577;-13.6858546518764;32.8165029461845;-0.269135246922467;9.28455977378018
26489482572.1637;27.8646102482355;-0.145036943320249;-9.67078520429632;-11.8012633542893;34.1042354353738;-0.252539995136256;9.18036373856022
26718927306.4912;27.9451976567172;-0.145568677529762;-9.45441090522903;-11.6349834933766;33.3375486688122;-0.219968794412256;8.55977974682335
26938661480.2626;28.0368222184791;-0.146106308034486;-9.3798856946256;-11.6114137027934;32.7162874791632;-0.19197116812239;8.10731677294268
27150139737.5827;28.1322035786856;-0.146588247850922;-9.3458022114655;-11.6422729150546;32.5494219199839;-0.164464654218015;7.97868685603793
27352880416.1691;28.2308388603119;-0.147003267833991;-9.3129086068475;-11.6888718874281;32.5033219699576;-0.136761693293127;7.93135406611862
27547145611.5961;28.3328625972212;-0.14734829122335;-9.27969377256771;-11.7505464621485;32.4744506826428;-0.109821943221467;7.89538895315982
27732654112.9819;28.4372149550785;-0.147619340864843;-9.24986155056374;-11.8353149798332;32.4493916495366;-0.0842855509340978;7.86367934216764
27906813835.8178;28.541099120764;-0.147814634725722;-9.22439836865724;-11.9502591335559;32.4279349712455;-0.0609619048204752;7.83657706972677
28072805154.3777;28.6455987203758;-0.147942633035223;-9.20097074832699;-12.1128811409153;32.4091895145032;-0.0396970082713198;7.81231674929715
28229914169.1742;28.74970377616;-0.148008995760365;-9.17872928403427;-12.3742768935049;32.3919338674838;-0.0206485361145789;7.78965500949579
28378165205.1022;28.8531883887268;-0.148020595621423;-9.15612195868761;-13.1065449494151;32.375409328258;-0.0036290443632171;7.76730633448514
28515582646.0615;28.9540151726366;-0.147985803498645;-9.13446594204042;-12.5965609294316;32.3585479405202;0.0111659077997357;7.74521360826456
28642974135.5228;29.0507224485187;-0.14791555702155;-9.11968126546063;-12.2585158664292;32.3433007432709;0.023493609080863;7.72763829562477
28761596541.5259;29.1424360703442;-0.147820787841703;-9.11173288419474;-12.0974996063676;32.3339526131636;0.033411200095955;7.71742396926402
28874859629.3046;29.2325250674585;-0.147704614145323;-9.09941664488241;-11.9889805893586;32.3285781243103;0.0416891134292558;7.70768127137559
28981619727.2834;29.3233752878315;-0.147567035799159;-9.07008297858579;-11.889858879218;32.3186980904805;0.0489415767535522;7.68641987106225
29077217179.6316;29.4155190341821;-0.147409095578811;-9.01598045289435;-11.7819535789979;32.2963321695821;0.0553579599409805;7.64443179192179
29149255610.1967;29.4984882081123;-0.147255182227559;-8.9386474765504;-11.6702879482294;32.2627955644303;0.0598496375322192;7.5833633137182
29188203689.982;29.5525436919054;-0.147153213054582;-8.85764629238074;-11.5820171540234;32.234188654838;0.0608059225096211;7.52375036397084
29200186070.339;29.5709791031597;-0.147119276789253;-8.81289027106822;-11.5478790546043;32.2248495560912;0.0593201328475449;7.49513065709792
29202008843.6418;29.5738576787004;-0.147113933050229;-8.80155502820199;-11.5328874190568;32.2253423809772;0.0598225814116702;7.48979292809399
29202112595.3626;29.5740224453887;-0.147113615240945;-8.79912589591272;-11.5138287278891;32.2266721171671;0.062160232255219;7.48946974368867
29202120800.5232;29.5740355350924;-0.147113588769474;-8.79715727054137;-11.4913090180706;32.2281001811191;0.0651752877782238;7.48944352312878
29202121499.6823;29.5740366556448;-0.147113586388659;-8.79514384810731;-11.4678504112184;32.2295967043106;0.0684775648724565;7.48944123364785
29202121567.7875;29.5740367653368;-0.147113586143173;-8.79300541703428;-11.4431537139251;32.2311887485445;0.0721320087231639;7.48944100500104
29202121577.0176;29.5740367802853;-0.147113586107763;-8.79061006300933;-11.4160700951117;32.2329716147922;0.0763554979321473;7.48944097314694
29202121580.3634;29.574036785741;-0.147113586093951;-8.7876500120656;-11.3842562538206;32.2351739924493;0.0816063167980815;7.48944096122032
29202121582.4331;29.5740367891418;-0.147113586084678;-8.78431183042629;-11.3486946762513;32.2376557093777;0.0878983265784078;7.48944095357214
29202121583.9302;29.5740367916228;-0.147113586077342;-8.78061090255895;-11.3097520868763;32.2404043397907;0.0953365200806254;7.48944094782266
29202121585.0885;29.5740367935606;-0.147113586071098;-8.7765499161511;-11.2683761477695;32.2434171548468;0.103899828440253;7.48944094318691
29202121586.0547;29.5740367951936;-0.147113586065332;-8.77204355288548;-11.224160143027;32.2467561689616;0.113859544901435;7.48944093914702
29202121586.881;29.5740367966061;-0.147113586059845;-8.76715218099288;-11.1778266689648;32.2503747045691;0.12527380738666;7.48944093552773
29202121587.6088;29.5740367978656;-0.147113586054439;-8.76185072734217;-11.1291724310797;32.2542887323099;0.138441330859937;7.4894409321806
29202121588.2801;29.574036799043;-0.147113586048808;-8.75595668555304;-11.0763167221517;32.2586284178061;0.154271556530953;7.4894409289315
29202121588.8939;29.5740368001356;-0.147113586042942;-8.74959677012856;-11.0197220363933;32.263292677432;0.173214171784442;7.48944092579494
29202121589.441;29.5740368011242;-0.147113586036945;-8.74305321144839;-10.960101301564;32.2680619442752;0.195760376613404;7.48944092284204
29202121589.9631;29.5740368020831;-0.147113586030198;-8.73595752946651;-10.8886321522186;32.2731689559134;0.227073779638547;7.48944091986348
29202121590.4423;29.5740368029782;-0.147113586022507;-8.72864034450895;-10.7945335457291;32.2782560047944;0.277342777473703;7.48944091697063
29202121590.8872;29.5740368038238;-0.147113586014449;-8.72107679390555;-10.7420070857318;32.2836445209084;0.307646702704608;7.48944091413045
29202121591.3179;29.5740368046579;-0.147113586006827;-8.71295742077513;-10.7521025051382;32.2898370621887;0.295067086974054;7.48944091121991
29202121591.7349;29.5740368054818;-0.147113586000749;-8.70426974815907;-10.8363832795534;32.2968029982466;0.238257183211372;7.48944090823271
29202121592.1281;29.5740368062749;-0.147113585996896;-8.69525515087753;-11.0087799765824;32.3040415649876;0.156939416905461;7.48944090524423
29202121592.5103;29.5740368070631;-0.147113585994545;-8.685642036992;-11.2109993120966;32.3114705181002;0.0963827799492777;7.48944090215986
29202121592.8788;29.5740368078411;-0.14711358599302;-8.67548758314645;-11.3831769039525;32.3191503343912;0.0633535001725565;7.48944089899791
29202121593.232;29.5740368086052;-0.14711358599156;-8.66485624852001;-11.3836960342349;32.3271092464314;0.061762815468602;7.48944089577413
29202121593.5773;29.5740368093721;-0.147113585990308;-8.65351541073681;-11.4407492078242;32.3356118152905;0.052777314194997;7.48944089241654
29202121593.9102;29.5740368101319;-0.147113585989235;-8.64160095029687;-11.4916402598079;32.3445385793392;0.045683739924748;7.48944088896471
29202121594.2355;29.5740368108962;-0.147113585988274;-8.62894180976958;-11.5294086798119;32.3540185282675;0.0406875331567188;7.48944088536457
29202121594.5525;29.5740368116646;-0.147113585987379;-8.61558031072343;-11.5496030387355;32.364021088499;0.0376738277226472;7.48944088161262
29202121594.8639;29.5740368124442;-0.14711358598652;-8.6014604160132;-11.5589649454133;32.3745897852706;0.0357025918266731;7.48944087766784
29202121595.1674;29.5740368132301;-0.1471135859857;-8.58673197131383;-11.568702470875;32.3856137363247;0.0337583826958888;7.48944087354977
29202121595.4658;29.5740368140307;-0.147113585984944;-8.57131295559138;-11.5962007903692;32.3971555169989;0.0305927872045057;7.48944086920952
29202121595.7579;29.5740368148442;-0.147113585984271;-8.5552865514203;-11.6372009877438;32.4091520105294;0.0268381905159575;7.48944086465084
29202121596.0473;29.5740368156816;-0.147113585983687;-8.53848663646848;-11.6952622008271;32.4217272590929;0.022597509814965;7.48944085980588
29202121596.3327;29.5740368165418;-0.147113585983235;-8.52095607898841;-11.8005845332567;32.4348494381922;0.0170366198195122;7.48944085467104
29202121596.6125;29.5740368174209;-0.147113585982957;-8.50277826508523;-12.0021478829508;32.4484554368038;0.0102760074658126;7.48944084926249
29202121596.8901;29.5740368183323;-0.147113585982882;-8.48367066516732;-12.5715092207244;32.4627559160722;0.00265183703022271;7.48944084348954
29202121597.1632;29.5740368192713;-0.147113585983038;-8.46372337028031;-12.2457228837785;32.4776829371804;-0.00536519516087316;7.48944083737076
29202121597.4362;29.5740368202565;-0.147113585983449;-8.44254770292119;-11.8213816453354;32.4935271580605;-0.0135819746005661;7.48944083077435
29202121597.7074;29.5740368212872;-0.14711358598414;-8.42014824802444;-11.594296204662;32.5102851526101;-0.0217707214986993;7.48944082368627
29202121597.9732;29.5740368223536;-0.147113585985117;-8.39673617473175;-11.4345343536948;32.5277990234483;-0.029816488768643;7.48944081615873
29202121598.2365;29.5740368234716;-0.147113585986418;-8.37198200723325;-11.3060302075989;32.5463152498051;-0.0378838079591424;7.48944080806828
29202121598.499;29.5740368246563;-0.147113585988095;-8.34557443829663;-11.1947855471683;32.5660666273099;-0.0460844276606563;7.48944079928761
29202121598.7599;29.5740368259124;-0.147113585990192;-8.31743143972609;-11.0949295967792;32.5871144872934;-0.0543935932530971;7.48944078975851
29202121599.018;29.5740368272434;-0.147113585992752;-8.28750778163048;-11.0033389242301;32.6094927452647;-0.0627354331127797;7.48944077943075
29202121599.2753;29.5740368286729;-0.147113585995868;-8.25533882136988;-10.916984632221;32.6335490626772;-0.0711243805886858;7.48944076809876
29202121599.5302;29.5740368302054;-0.147113585999595;-8.22090792807908;-10.834863667601;32.6592961414914;-0.0794421668269426;7.48944075569777
29202121599.7831;29.5740368318614;-0.147113586004036;-8.18387550217988;-10.7554717477898;32.6869882682064;-0.0876553971011216;7.48944074203124
29202121600.0351;29.5740368336713;-0.147113586009333;-8.14375483601091;-10.6773611771578;32.7169897756707;-0.0957562207217201;7.4894407268199
29202121600.2888;29.5740368356881;-0.147113586015726;-8.09965604046385;-10.5986857466851;32.7499665364876;-0.103796128337419;7.48944070958298
29202121600.5413;29.5740368379306;-0.147113586023363;-8.05153396420418;-10.5193252999712;32.7859527845299;-0.111659704284002;7.48944069010844
29202121600.7908;29.57403684043;-0.147113586032445;-7.99920800030263;-10.4388461743906;32.8250840531076;-0.11928001161789;7.48944066807759
29202121601.0376;29.5740368432513;-0.147113586043318;-7.94201492246958;-10.3561188821014;32.8678567996852;-0.126668149659853;7.48944064288262
29202121601.2846;29.5740368465185;-0.14711358605661;-7.87851230251035;-10.269098853436;32.9153502804727;-0.133909667051328;7.48944061339833
29202121601.5309;29.574036850351;-0.147113586073;-7.8078816292704;-10.1768001970956;32.9681772137869;-0.14098612306278;7.4894405785168
29202121601.777;29.5740368549493;-0.147113586093595;-7.72864412223671;-10.0774600195432;33.0274442127747;-0.147930958205935;7.48944053642805
29202121602.0215;29.574036860551;-0.147113586119784;-7.6398102294078;-9.97001551160774;33.093892025172;-0.154718612981815;7.48944048498032
29202121602.265;29.5740368675893;-0.147113586154033;-7.53918554751861;-9.85200727069424;33.169162680664;-0.161403439467017;7.48944042037069
29202121602.5044;29.574036876564;-0.147113586199354;-7.42605299019009;-9.72276716732334;33.2537931737113;-0.167929507453247;7.48944033821211
29202121602.738;29.5740368882979;-0.147113586260682;-7.29900261252222;-9.5807903352295;33.3488387391725;-0.174298236461447;7.48944023142664
29202121602.9652;29.574036904165;-0.147113586346307;-7.15594561887729;-9.42384160287765;33.4558624622747;-0.180541167297133;7.48944008844223
29202121603.1857;29.5740369265029;-0.147113586470512;-6.99428511452625;-9.24918981284886;33.5768076018563;-0.186695867001905;7.48943989000487
29202121603.3989;29.5740369594487;-0.147113586658915;-6.81097193667027;-9.05368331998297;33.7139558536248;-0.192796138181715;7.4894396028591
29202121603.6041;29.5740370107089;-0.147113586959892;-6.60248576470848;-8.83373346951692;33.869941491351;-0.198868840506217;7.48943916672805
29202121603.8005;29.5740370954947;-0.147113587470214;-6.36485140622544;-8.58532969810759;34.0477391557931;-0.204932098490376;7.48943846626203
29202121603.987;29.5740372457223;-0.147113588395653;-6.09382384095016;-8.30422599042898;34.2505253121056;-0.210991562018032;7.48943726729945
29202121604.1625;29.5740375339112;-0.147113590209683;-5.78452181137328;-7.98555449743521;34.481952167313;-0.217049684559715;7.48943505763056
29202121604.3272;29.5740381486646;-0.147113594157653;-5.42818253360952;-7.62050971056091;34.7485752659077;-0.223156646157778;7.48943057075035
29202121604.4834;29.5740396871022;-0.147113604225087;-5.00652803437901;-7.19068911064243;35.0640666043852;-0.229456944607367;7.48942008233225
29202121604.6351;29.5740447259445;-0.147113637799906;-4.4786521373315;-6.65496922228247;35.4590151071244;-0.236270545352888;7.48938927865092
29202121604.7907;29.5740738620919;-0.147113835523647;-3.72765618167544;-5.89602948783507;36.0207601577742;-0.244444104534196;7.48924669576201
29202121604.9588;29.5747398171505;-0.147118443549372;-2.40204979169788;-4.56197981891158;37.0097092321794;-0.25608588751304;7.48724241557233
29202121605.1434;29.5957362407876;-0.147266801547868;-0.944151139789281;-3.09498550096332;37.9759587869075;-0.26833318540145;7.40392894741076
29202121605.3383;29.656377787486;-0.14770464317158;-0.507008709541782;-2.64846193354894;37.6264737934667;-0.271669132422005;6.95187259701288
29202121605.5402;29.7606019699176;-0.148473738495119;-0.287201679969744;-2.41919000638611;36.4349437627153;-0.2688622180335;6.04586108424099
29202121605.7486;29.9112777920137;-0.149610134999166;-0.140688684901383;-2.26320236557238;34.442389894766;-0.259764379732364;4.64128004118016
29202121605.9637;30.1063359774169;-0.151113651675673;-0.0426135018863838;-2.15566943209582;31.6524648450381;-0.243978526964638;2.72813826729713
29202121606.1822;30.3282585296916;-0.152861041644712;0.0068217606531668;-2.09698983951665;28.2539388134789;-0.222467922986913;0.432662956967338
29202121606.4033;30.5286141535751;-0.154471557482901;-0.0428693326936974;-2.13770586993522;25.6620382563409;-0.206278806908259;-1.2742793625789
29202121606.6276;30.6950023164165;-0.155836085884946;-0.129589398091414;-2.21572924489586;25.5849048769416;-0.209818587885352;-1.28243504397939
29202121606.8554;30.8445075779167;-0.157086146109149;-0.183054279642619;-2.26077982005072;25.6268144926743;-0.214273806479236;-1.22767748723711
29202121607.0845;30.980564861216;-0.158244979935689;-0.226244062502541;-2.29594469367226;25.6606412046046;-0.21855808316537;-1.18345836923296
29202121607.3145;31.1058499537586;-0.15933095490435;-0.263733923575399;-2.32581350665711;25.6893921711024;-0.222676427751837;-1.14548096130333
29202121607.5459;31.2224640913439;-0.160358757137306;-0.297732973426837;-2.35257462137202;25.715087980798;-0.226645116917981;-1.11129065579407
29202121607.7792;31.331700877695;-0.161336874137629;-0.329409494002198;-2.37738760180261;25.7387676763378;-0.230467474122589;-1.07960912437399
29202121608.0136;31.4341845496584;-0.162268314477789;-0.359369690195387;-2.40086932481431;25.7609758499555;-0.234133024791623;-1.049769511975
29202121608.2483;31.5302426889384;-0.163153661247792;-0.387928116039309;-2.42334887860955;25.7820072280112;-0.237627097449251;-1.02141775798698
29202121608.4836;31.6206497707362;-0.163997942350482;-0.415416073936295;-2.44513145635522;25.8021497576118;-0.240957533591084;-0.994195822043323
29202121608.7198;31.7060314562789;-0.164805189693368;-0.442059543401366;-2.46641764329828;25.8215997263849;-0.2441321887205;-0.96785956055913
29202121608.957;31.7867786857477;-0.165577503010504;-0.46796919647539;-2.48730330306649;25.8404588207821;-0.247153129580672;-0.942285720972645
29202121609.1946;31.8630888028559;-0.166315315262677;-0.493170772261735;-2.50780702941898;25.8587603344128;-0.250018096206896;-0.91743923692163
29202121609.4321;31.9351954679632;-0.167019560060467;-0.517686808691818;-2.52793857127627;25.8765310597826;-0.25272854259185;-0.893290961050107
29202121609.6701;32.0035918106566;-0.167693906644947;-0.541632667134755;-2.54778238459733;25.8938572296311;-0.255297776082623;-0.869725542215614
29202121609.9099;32.0688417059682;-0.168342964425482;-0.56523390826722;-2.56753036712579;25.9108447621306;-0.257741952117802;-0.846559354167488
29202121610.1561;32.1322308672625;-0.168978876100768;-0.5891730856298;-2.58779129259665;25.9278673959672;-0.260104933646354;-0.823201151782522
29202121610.4111;32.1942421238592;-0.169606034697159;-0.61407146757009;-2.6091646200821;25.9451937899348;-0.262399961126687;-0.799160732272374
29202121610.6765;32.2549494688586;-0.17022478892982;-0.640678295444681;-2.63240135232102;25.963143681919;-0.264627040542271;-0.773849866076053
29202121610.9542;32.3143439454723;-0.170834656549191;-0.669934872231439;-2.65844535658411;25.9821810738051;-0.26678728092242;-0.746487901219596
29202121611.2479;32.372506498698;-0.171436096996085;-0.7031945218334;-2.68864535373935;26.0029748830114;-0.268888485233702;-0.715951223629872
29202121611.5635;32.4296234253007;-0.172030710764611;-0.742347772667219;-2.72487764191509;26.0265026808675;-0.27094799669995;-0.680641336018413
29202121611.9108;32.4859151981879;-0.1726205205854;-0.790352335750548;-2.77008526294609;26.054133348893;-0.272988092808592;-0.638164675856914
29202121612.3151;32.5425354993435;-0.173217517746713;-0.853736404888625;-2.83073631378693;26.0887648136917;-0.275076575328541;-0.58332055179113
29202121612.831;32.6006995677475;-0.173834655201587;-0.947836597731519;-2.92210946914449;26.1364991290399;-0.277315755145996;-0.504363107089893
29202121613.6736;32.6622006823432;-0.174491457127251;-1.13678263727999;-3.10823120651125;26.2189427378661;-0.280005528229893;-0.354789922469737
29202121615.4142;32.7012130347621;-0.17490916451462;-1.64948080572778;-3.61981078844444;26.3579549866226;-0.282216063149073;-0.00554994616847916
29202121622.183;32.7069666195532;-0.174969743446824;-3.07057651570149;-5.04819341945815;26.4661770060631;-0.278659792241502;0.777277950403817
29202121667.8716;32.7076412605355;-0.174976788753694;-4.83073439269039;-6.81190719801553;26.5257687801237;-0.277009825895003;1.69715968215209
29202122043.8008;32.7077320414464;-0.17497772960833;-6.61711154947148;-8.60158355679301;26.580533813388;-0.275481025652308;2.62692715759447
29202125133.3038;32.707744972156;-0.174977862531045;-8.3782662629941;-10.3662894156594;26.6372376875091;-0.27382054676691;3.54537796103063
29202147114.2878;32.707747095364;-0.17497788404613;-10.0150545924244;-12.0093040767737;26.7009964441568;-0.270568967636232;4.40634843728869
29202239518.6198;32.7077476092114;-0.174977889146353;-11.2548581969224;-13.2581031713744;26.7687402506559;-0.265694741477912;5.07147851434005
29202557400.4903;32.7077477741586;-0.174977890744868;-12.2849206843419;-14.2985489183273;26.8477427302137;-0.260183375385062;5.63925677831255
29203490273.0194;32.7077478392488;-0.174977891359464;-13.1563066373886;-15.1812330855011;26.9396067199051;-0.254369363483202;6.13628882879719
29205980626.3218;32.7077478698585;-0.174977891640302;-13.9104017346681;-15.9478037022594;27.049131105002;-0.24817118321179;6.58647343327259
29212521382.8692;32.7077478868807;-0.174977891791371;-14.5846129743939;-16.6364531299333;27.1890527897994;-0.241298111189423;7.01702243944953
29233103611.0004;32.7077478987497;-0.174977891892098;-15.2390793080313;-17.3103470991733;27.408927688354;-0.232607789388294;7.4911088382287
29301075710.6716;32.7077479106842;-0.174977891988274;-15.7555256311621;-17.8492642518468;27.7773467617797;-0.223847443985712;7.99543347509654
29426720362.0319;32.7077479256128;-0.174977892103909;-15.925125268327;-18.0360531220923;28.183262866447;-0.21830486668824;8.35140706754057
29604748249.4506;32.707747950446;-0.174977892291559;-15.8554544209293;-17.9771404528384;28.6148295550423;-0.216224614483164;8.60490216501405
29829998939.0606;32.7077480029659;-0.174977892682677;-15.6323422140739;-17.7603587518299;29.0706214191426;-0.216489968715241;8.79787421904085
30079941545.6926;32.7077481377897;-0.174977893679224;-15.2680737045211;-17.3993422733121;29.5610284288995;-0.218499763034947;8.94340416568626
30343990906.6895;32.7077485743548;-0.174977896952548;-14.7816361900065;-16.9066962072109;30.0959449282807;-0.225656561560805;9.05761290555091
30613072043.8414;32.7077505127637;-0.174977912189072;-14.142437860689;-16.246997348192;30.7117049653348;-0.241403987534338;9.14949902114379
30878083376.6656;32.707765648156;-0.17497803565969;-13.2432707620709;-15.3317008222673;31.4962796117259;-0.25693850751742;9.22419114271356
31131337312.0685;32.7083641838228;-0.174982948867033;-11.6264661676182;-13.7121911104993;32.7956482566937;-0.269210055113315;9.28399202806965
31370532152.3203;32.7576750786404;-0.175348496526262;-9.68580892360762;-11.8158077998521;34.1056118051588;-0.252829047375104;9.18879543198396
31600901654.4078;32.8382790346573;-0.175881127999584;-9.45606862627544;-11.6359981582147;33.3492191466832;-0.220371860215935;8.56840660718228
31820596028.4335;32.9298916275563;-0.176419658439114;-9.37986376047527;-11.6106086794737;32.7220091211797;-0.192351263038547;8.11112893909501
32032410488.8964;33.0253183486237;-0.176902537003311;-9.34628560443721;-11.6421176790863;32.5505504547233;-0.164712387595148;7.97968222924648
32235843851.6968;33.1241969780163;-0.177318913618428;-9.31331974033593;-11.6889358478219;32.5036688064502;-0.136872524221169;7.93179050895978
32429973360.4112;33.2260557380333;-0.17766366479902;-9.28009317050423;-11.750585793388;32.4747801654396;-0.109914147783099;7.89580783200003
32615974130.1149;33.3306157374666;-0.177935194009899;-9.25014916918967;-11.8356981839426;32.4496403485621;-0.0842676480960401;7.86398811969915
32790350709.045;33.4345718716551;-0.178130335106581;-9.22463803200514;-11.951139411676;32.4281337393831;-0.0608724211481402;7.83682842843088
32956588818.1721;33.5391769822441;-0.178257937893695;-9.20117768741712;-12.1148704299689;32.4093523190956;-0.0395346237023156;7.81252769705389
33113725523.5957;33.6432493850913;-0.178323626819316;-9.17894206158612;-12.3787854845576;32.392093418755;-0.0204453991362761;7.78986674891243
33261990129.4255;33.7466876679966;-0.178334460557497;-9.15635618476054;-13.1362591515484;32.3755806507152;-0.00339089700999708;7.76753673119754
33399456925.6039;33.8475030556094;-0.178298805933382;-9.1346709868291;-12.5860819487458;32.3587301772439;0.0114440700833113;7.74543678800066
33526954075.7305;33.9442660787983;-0.178227542754722;-9.11979104867108;-12.252635287391;32.3434371000165;0.0238200095507938;7.72778328369198
33645641600.6625;34.0360107446491;-0.178131704430212;-9.11182425007541;-12.0928658607356;32.3340219484817;0.0337767701204713;7.71751506192291
33758917137.499;34.1260611891617;-0.178014492760617;-9.09965026811659;-11.985165276873;32.3286534757417;0.0420796973312484;7.70784759581497
33865938870.5629;34.2170457287078;-0.177875523723964;-9.07050437792395;-11.8865539325192;32.3188612020599;0.0493635625280539;7.68673880979535
33961683359.1788;34.3091825764702;-0.177716340429515;-9.0166804340229;-11.7792162952725;32.2966407502042;0.0557983673102161;7.64498729262673
34034129879.0162;34.392466225219;-0.177560598217625;-8.93945778396895;-11.6676111894449;32.2630924640055;0.0603326758405304;7.58396626667625
34073481854.1433;34.4470090379483;-0.177456816885618;-8.8582290046469;-11.5788472945983;32.2342492538156;0.0613337148634055;7.52408170278082
34085645989.491;34.4657164536081;-0.177422070342648;-8.81306744786446;-11.5441696418789;32.2247265307437;0.0598531547850818;7.49513653116248
34087509090.5188;34.468658637202;-0.177416562310661;-8.80156663598065;-11.5292399517477;32.2251812880312;0.0603284341908512;7.4896905548449
34087615755.676;34.4688280331058;-0.177416232918543;-8.79911967334054;-11.5103093747802;32.2265113237715;0.0626647905074204;7.48935867800035
34087624158.83;34.4688414388718;-0.177416205596391;-8.79715068763654;-11.4879274331186;32.2279386986884;0.0656834239164269;7.48933185293402
34087624873.4918;34.4688425842846;-0.177416203144536;-8.79513852868858;-11.4646057277417;32.2294341435796;0.0689898946176882;7.48932951510018
34087624943.0207;34.4688426962706;-0.177416202892124;-8.79300174437272;-11.4400555001062;32.2310248842538;0.0726474474913615;7.48932928191293
34087624952.3811;34.46884271143;-0.17741620285597;-8.79061039283653;-11.4131328772282;32.2328046821889;0.0768733154681778;7.48932924964288
34087624955.7469;34.4688427169183;-0.177416202841987;-8.78765405930156;-11.3814883750193;32.2350041835993;0.0821284100368121;7.4893292376575
34087624957.8211;34.4688427203265;-0.17741620283264;-8.78432424122231;-11.3461597487033;32.237479555771;0.0884149228383544;7.48932923000096
34087624959.3246;34.4688427228181;-0.17741620282523;-8.78062114471414;-11.3073372738513;32.240229641846;0.0958698388631348;7.48932922423283
34087624960.4864;34.4688427247617;-0.177416202818934;-8.77655830765172;-11.2660825844097;32.2432436429373;0.104451443981069;7.4893292195878
34087624961.4522;34.4688427263939;-0.177416202813143;-8.77206406006505;-11.222116030223;32.2465734557417;0.114401469437707;7.48932921555378
34087624962.2792;34.4688427278075;-0.177416202807629;-8.7671792012325;-11.1759656032203;32.2501869152592;0.125818885549687;7.48932921193512
34087624963.007;34.4688427290669;-0.177416202802202;-8.76188913918724;-11.1275323943898;32.2540922397957;0.138976563438578;7.48932920859178
34087624963.6802;34.4688427302476;-0.177416202796535;-8.75598921847587;-11.074729231456;32.2584358727446;0.15484717720806;7.48932920533685
34087624964.2936;34.4688427313394;-0.177416202790654;-8.74964388861396;-11.0183694073556;32.2630889760715;0.173772251087528;7.48932920220559
34087624964.8396;34.4688427323257;-0.177416202784655;-8.74312625777278;-10.9590868940255;32.2678388667397;0.196249809263086;7.48932919926242
34087624965.3589;34.4688427332793;-0.177416202777939;-8.73608412493987;-10.8882718770302;32.2729069839063;0.227326640669421;7.48932919630384
34087624965.8475;34.4688427341919;-0.177416202770068;-8.72863476675583;-10.7929131353853;32.2780859142497;0.278374470897399;7.48932919335758
34087624966.2923;34.4688427350374;-0.17741620276199;-8.72107529314922;-10.7408721047058;32.2834725907198;0.308449046562468;7.48932919051928
34087624966.7231;34.4688427358717;-0.177416202754359;-8.71295733765081;-10.7517063876228;32.2896692281467;0.295334747143337;7.48932918760956
34087624967.1372;34.4688427366897;-0.177416202748313;-8.70433716332399;-10.8356167075347;32.2965837400741;0.238713533768583;7.4893291846454
34087624967.5303;34.4688427374825;-0.177416202744451;-8.69533436033523;-11.0077981714239;32.3038149765504;0.157322197130838;7.48932918166024
34087624967.9135;34.4688427382727;-0.177416202742088;-8.6857060206549;-11.2098614349104;32.3112563806469;0.0966492372739029;7.48932917857057
34087624968.2836;34.4688427390539;-0.177416202740549;-8.67551765498054;-11.3810644372333;32.3189617542138;0.063666447627351;7.4893291753979
34087624968.6374;34.4688427398195;-0.177416202739079;-8.66486972343477;-11.3815190213277;32.3269331036841;0.0620747825120259;7.48932917216915
34087624968.9832;34.4688427405873;-0.177416202737816;-8.65351876659872;-11.4372685253016;32.335443147482;0.0532021347093134;7.48932916880876
34087624969.3168;34.4688427413487;-0.177416202736732;-8.64158447393581;-11.4881186054646;32.3443849226014;0.0460537252036951;7.48932916535147
34087624969.6423;34.4688427421138;-0.17741620273576;-8.62891431457839;-11.5251612390391;32.3538731400398;0.0410846275089726;7.48932916174849
34087624969.9601;34.4688427428839;-0.177416202734852;-8.61552313348164;-11.5441429446844;32.3638978626215;0.0381452978816943;7.48932915798849
34087624970.272;34.4688427436648;-0.17741620273398;-8.60138163716772;-11.5533135053467;32.3744827649798;0.0361635428329689;7.48932915403791
34087624970.5754;34.4688427444507;-0.177416202733149;-8.58665359099697;-11.5626602428452;32.3855064393956;0.0342250460397999;7.48932914992007
34087624970.874;34.4688427452522;-0.177416202732382;-8.57121888734508;-11.5898818788522;32.3970600291148;0.0310343468113187;7.48932914557541
34087624971.1655;34.4688427460639;-0.177416202731698;-8.55522975456223;-11.6298728887932;32.4090286722224;0.027291215627573;7.48932914102723
34087624971.4542;34.4688427468995;-0.177416202731104;-8.53846673709833;-11.6867465621284;32.4215763724717;0.023043810855765;7.48932913619293
34087624971.7396;34.4688427477594;-0.177416202730641;-8.52094463780164;-11.7898242983586;32.4346923082493;0.0174634530841667;7.48932913106068
34087624972.0193;34.4688427486383;-0.177416202730352;-8.50277228249998;-11.9851388839242;32.4482943155333;0.0106862485482383;7.48932912565386
34087624972.2967;34.4688427495493;-0.177416202730266;-8.48367724237261;-12.510238556865;32.4625854920454;0.00305366781603401;7.48932911988482
34087624972.5701;34.4688427504893;-0.17741620273041;-8.4637124169455;-12.2781367206084;32.477525727768;-0.00497918923254836;7.48932911376077
34087624972.8431;34.4688427514744;-0.17741620273081;-8.44253966409937;-11.833758093632;32.4933678625467;-0.0132000719297024;7.48932910716535
34087624973.1143;34.4688427525053;-0.177416202731489;-8.42014013941539;-11.6018926372521;32.5101260019072;-0.0213927272891199;7.48932910007731
34087624973.38;34.4688427535711;-0.177416202732453;-8.39674400630794;-11.4400902021578;32.5276280370388;-0.0294378575347309;7.48932909255497
34087624973.6432;34.4688427546888;-0.177416202733741;-8.37199726825246;-11.310362076277;32.5461387920441;-0.0375089290249131;7.48932908446709
34087624973.9054;34.4688427558716;-0.177416202735401;-8.34563290893175;-11.198448987427;32.5658579360386;-0.0457031827812014;7.48932907570109
34087624974.1661;34.4688427571268;-0.177416202737482;-8.31751276195724;-11.0980570618633;32.5868887899358;-0.0540130371822611;7.48932906618025
34087624974.4242;34.4688427584579;-0.177416202740027;-8.28759132409531;-11.0060166044201;32.6092654699529;-0.0623613827085823;7.4893290558539
34087624974.6814;34.4688427598857;-0.177416202743123;-8.25546354627564;-10.9194196765201;32.6332910717019;-0.0707464650214389;7.48932904453729
34087624974.9362;34.4688427614178;-0.177416202746832;-8.22103984417111;-10.8370361586088;32.6590328518486;-0.0790691381758694;7.48932903214007
34087624975.1892;34.4688427630737;-0.177416202751254;-8.18401261890869;-10.7574330665004;32.6867211656337;-0.0872872700019053;7.48932901847686
34087624975.4409;34.4688427648805;-0.177416202756521;-8.14395860015317;-10.6792669744292;32.7166729083553;-0.0953807554312363;7.4893290032928
34087624975.6941;34.4688427668921;-0.177416202762873;-8.09996793784056;-10.6006185123986;32.7495688772898;-0.103408208123241;7.48932898610162
34087624975.9465;34.4688427691315;-0.177416202770473;-8.05190424432733;-10.5212065048576;32.7855115300751;-0.111270413900382;7.48932896665607
34087624976.1959;34.4688427716282;-0.177416202779516;-7.99962602510641;-10.4406725612518;32.8246071518399;-0.1188921007858;7.48932894465265
34087624976.4427;34.468842774445;-0.177416202790339;-7.94250509889764;-10.3579368696035;32.8673259913742;-0.126279426721624;7.48932891949957
34087624976.6896;34.4688427777073;-0.177416202803573;-7.87907347831654;-10.2709124212404;32.9147664192235;-0.133521694275398;7.48932889006261
34087624976.9359;34.4688427815345;-0.177416202819895;-7.80850984370826;-10.178609820865;32.9675432543828;-0.140600416602464;7.48932885523443
34087624977.1822;34.4688427861295;-0.177416202840424;-7.72928476527898;-10.0792036469538;33.0268009957147;-0.147552858681878;7.48932881317976
34087624977.4266;34.4688427917192;-0.177416202866493;-7.64057146033737;-9.97183156021792;33.0931586424319;-0.154339866890494;7.48932876184105
34087624977.6701;34.4688427987418;-0.177416202900587;-7.54007138037873;-9.85390071363872;33.1683361200863;-0.161025387355928;7.48932869737231
34087624977.9094;34.4688428076933;-0.177416202945691;-7.42709179682503;-9.7247714758646;33.2528522017814;-0.167551848303604;7.48932861542006
34087624978.143;34.4688428193922;-0.177416203006705;-7.30022076795088;-9.58293537825811;33.3477636149115;-0.173921032121843;7.48932850893793
34087624978.3702;34.4688428352046;-0.17741620309186;-7.15738163175853;-9.42616944033744;33.4546243665555;-0.180164138499483;7.48932836642339
34087624978.5906;34.4688428574523;-0.177416203215318;-6.99598321949157;-9.25174738187095;33.575373430628;-0.186318804654991;7.48932816874034
34087624978.8037;34.4688428902393;-0.177416203402456;-6.81299836579731;-9.05653986690869;33.7122760440898;-0.192418388567822;7.48932788288602
34087624979.0089;34.4688429412043;-0.177416203701146;-6.60492207378155;-8.83697300861295;33.8679550142861;-0.198489729284549;7.48932744908556
34087624979.2053;34.4688430253991;-0.177416204207003;-6.36780496564947;-8.58906189436319;34.0453656664707;-0.20455074914501;7.48932675310952
34087624979.3917;34.4688431743397;-0.177416205122916;-6.09745369902144;-8.30861269826386;34.2476458002868;-0.2106064773079;7.48932556355122
34087624979.5672;34.468843459485;-0.177416206914745;-5.7890195285668;-7.99078924466807;34.4784233018207;-0.216659472392096;7.48932337511736
34087624979.7319;34.4688440662005;-0.177416210804652;-5.43380786724042;-7.62685378971715;34.7442027125328;-0.222759599164111;7.48931894151444
34087624979.8881;34.4688455792511;-0.177416220689971;-5.01370142851057;-7.19856415604833;35.0585358914626;-0.229050396375939;7.48930860963149
34087624980.0397;34.4688505090471;-0.177416253486431;-4.4881321184395;-6.66513410468429;35.451759272711;-0.235849959180913;7.48927840134023
34087624980.1954;34.4688787333233;-0.177416444727999;-3.74152936016498;-5.91056987826125;36.0102226590299;-0.243997450583593;7.48913969061315
34087624980.3635;34.469510422884;-0.177420809143518;-2.42510928328084;-4.58568689172703;36.9924358471429;-0.255584975812055;7.48722785361949
34087624980.5482;34.4900738430216;-0.177565897578233;-0.953281869158235;-3.10474442262333;37.9731393494501;-0.267925438110798;7.40660748161533
34087624980.7431;34.5502999386671;-0.178000130713744;-0.510070771177603;-2.65213252011835;37.6352574108558;-0.271352071824527;6.95926952005272
34087624980.945;34.6541106709545;-0.178765135479817;-0.289018167154794;-2.42159628087905;36.4516515979743;-0.268620465237454;6.05792993696552
34087624981.1534;34.8043971547102;-0.179897102953877;-0.141844140632329;-2.26493011601959;34.4664177977716;-0.259603278481421;4.65790948271023
34087624981.3686;34.9991627419132;-0.18139644460811;-0.043273156539889;-2.15688477452311;31.6826178451996;-0.243898674979729;2.74861254633427
34087624981.587;35.2210553821689;-0.183141429863203;0.00671013931113557;-2.09764099688569;28.2868440631485;-0.222450486624643;0.454702351372026
34087624981.8082;35.4220018972331;-0.184754745025454;-0.0416203565621318;-2.13698161994917;25.6679569641248;-0.206077244688745;-1.27095165446471
34087624982.0325;35.5886233857919;-0.186119579091997;-0.128995590541959;-2.21564674654245;25.5844676471415;-0.209568125463428;-1.28302658947848
34087624982.2603;35.7382880376193;-0.187369534757981;-0.182584246843104;-2.26080887701815;25.6264507840378;-0.21402466758473;-1.22815804307945
34087624982.4894;35.8744757428516;-0.188528179024291;-0.225849651911189;-2.29603743716016;25.6603413377132;-0.218310509834891;-1.18385847646487
34087624982.7194;35.9998648155114;-0.189613864161004;-0.263388040212033;-2.32594383841726;25.689132144171;-0.22243013966337;-1.14583020406015
34087624982.9508;36.1165628034943;-0.190641301593801;-0.297420809912468;-2.35272879385142;25.7148552336958;-0.226399831760031;-1.11160483006779
34087624983.1841;36.2258683271286;-0.191619003775529;-0.329122092980659;-2.37755761777106;25.7385547845101;-0.230222959742809;-1.07989766970559
34087624983.4185;36.3284199130638;-0.192550098397966;-0.359103186602083;-2.4010517492408;25.7607795153606;-0.233889345131035;-1.05003656295272
34087624983.6532;36.4245407482304;-0.193435124085818;-0.387680046925496;-2.42354170626581;25.7818253246824;-0.237384305416403;-1.02166596500686
34087624983.8885;36.5149919764813;-0.19427897433088;-0.41518293335681;-2.445332021092;25.8019794670594;-0.240715434355143;-0.994428821240023
34087624984.1248;36.600418225907;-0.195085849327719;-0.441839939655433;-2.46662502116001;25.8214398434897;-0.243890775167579;-0.968078851946267
34087624984.3619;36.6812040643542;-0.195857783631123;-0.467761589862425;-2.48751648594438;25.8403080704365;-0.246912337527139;-0.942492925700657
34087624984.5995;36.7575511021104;-0.196595247903675;-0.492974649169207;-2.50802585520351;25.8586182053877;-0.24977795634903;-0.91763495213917
34087624984.837;36.829692036135;-0.197299163335429;-0.517501384240749;-2.52816265893401;25.8763968775098;-0.252489038665057;-0.893476028980659
34087624985.0751;36.8981181918107;-0.197973175928824;-0.54145732446293;-2.54801145451213;25.8937305352147;-0.255058906910123;-0.86990057696964
34087624985.3149;36.9633941638864;-0.198621895815722;-0.565067288714422;-2.56776342498481;25.9107248279637;-0.257503671647268;-0.846725520677437
34087624985.561;37.0268038733541;-0.19925743472398;-0.589012135548325;-2.58802575527864;25.9277524590695;-0.259867071301179;-0.82336115529969
34087624985.816;37.0888320468693;-0.199884199432001;-0.613914023649192;-2.60939848259094;25.9450830329017;-0.262162521804855;-0.799316200052005
34087624986.0813;37.1495544055715;-0.200502554842866;-0.640520963147961;-2.63263143072154;25.9630354433303;-0.264389984051912;-0.774003605167007
34087624986.3591;37.2089590015902;-0.201111987443775;-0.669771410556443;-2.65866577476051;25.9820721109111;-0.266550449708856;-0.746645199186318
34087624986.6526;37.2671203289418;-0.20171288776483;-0.70301181683079;-2.68884369016506;26.0028580746983;-0.268651464416584;-0.716123397466061
34087624986.968;37.3242305560655;-0.202306913873288;-0.742130900242844;-2.72503925419016;26.0263705984757;-0.270710596377362;-0.680840811811836
34087624987.3152;37.3805346614426;-0.202896343786761;-0.790099787555094;-2.77020767741163;26.0539877801881;-0.272750977216457;-0.638391008401555
34087624987.7191;37.4371397056257;-0.203492667874026;-0.853381959537535;-2.83075474113942;26.0885744291542;-0.27483849821202;-0.583627791776597
34087624988.2339;37.4952725865362;-0.204108946996709;-0.947227211617098;-2.92187160193595;26.1362032409419;-0.277075488971254;-0.504868331004875
34087624989.0736;37.5567716257789;-0.204765169551762;-1.13528084488032;-3.10709802256312;26.218359287649;-0.279761748035725;-0.355933507825889
34087624990.8041;37.5960178653234;-0.205185048296918;-1.64435996634678;-3.61503412603689;26.3570634707875;-0.281982958483753;-0.00870880660002835
34087624997.5065;37.6018469614432;-0.205246380032282;-3.06062691508457;-5.03854287873702;26.4657697475826;-0.278463685102836;0.772028529845989
34087625042.6737;37.6025294174752;-0.205253500954184;-4.82074909804524;-6.80228755198728;26.5254637007104;-0.276773515933758;1.69196041758489
34087625414.4076;37.6026211624679;-0.205254451047148;-6.60764979520198;-8.59246606385808;26.5802311765936;-0.27525960679886;2.62199141004865
34087628467.1258;37.6026342331602;-0.205254585298148;-8.36838812880991;-10.3567691889489;26.6368914275496;-0.273591424326974;3.54020483726606
34087650263.3176;37.6026363741453;-0.205254606975524;-10.0077669702024;-12.002373910547;26.7006557052471;-0.270342911323406;4.40247430266919
34087741966.2526;37.6026368915428;-0.205254612106762;-11.2485588808943;-13.2521610309574;26.7683226670073;-0.265472175372861;5.06804724518321
34088057997.1192;37.6026370574069;-0.205254613712771;-12.2799770749692;-14.2939815264642;26.8472880342463;-0.259953680517438;5.63647855552804
34088985771.2149;37.6026371227835;-0.205254614329511;-13.1520201103408;-15.1773405168289;26.9390665335387;-0.254133627961594;6.13378202900398
34091460919.7839;37.6026371535033;-0.205254614611096;-13.9061822345801;-15.9439912975231;27.0483930566456;-0.247931898442587;6.58386797090227
34097965175.347;37.6026371705756;-0.205254614762458;-14.5809075557497;-16.633179894256;27.188094848542;-0.241049612589124;7.01452709509158
34118388692.1222;37.6026371824561;-0.20525461486318;-15.2352938419845;-17.3070087015021;27.407168298641;-0.232353547293352;7.48803803394966
34185976683.2371;37.6026371943775;-0.205254614959128;-15.7535418606234;-17.847831879479;27.7748662753264;-0.223543454422939;7.99278153964727
34311230218.3667;37.6026372092648;-0.205254615074268;-15.9249759123001;-18.0365633742448;28.1804973179967;-0.217952166889639;8.34948169182486
34488797055.7134;37.6026372339698;-0.205254615260621;-15.856575764952;-17.979026447051;28.6116425695307;-0.215820209058719;8.6033303495071
34713848523.4765;37.6026372861835;-0.205254615648682;-15.6344979986068;-17.7633812953048;29.0672988475289;-0.216033637911947;8.79672880716868
34963630047.8084;37.6026374200017;-0.205254616635618;-15.2710450121197;-17.4032716033498;29.5574649901416;-0.217992018431301;8.94250535016213
35227839268.3919;37.6026378532117;-0.205254619876202;-14.7852495214387;-16.9113246922666;30.0923039200015;-0.22510247419521;9.05698301218123
35496778902.6503;37.6026397679845;-0.205254634883757;-14.1475375643501;-16.2533448662727;30.7070679489864;-0.240675037458546;9.14894582256642
35761754628.3432;37.6026546425804;-0.20525475592011;-13.250760911509;-15.3402902599265;31.4899722635081;-0.256237642334019;9.22371719301063
36014962232.3489;37.603229719457;-0.205259467033788;-11.6437508384207;-13.7303531599388;32.7821568679337;-0.268556212046104;9.28361581185071
36254637295.1764;37.6520382803804;-0.205620409719445;-9.69112684682585;-11.8221846044336;34.1058153778182;-0.252214864894893;9.19158619301818
36485205305.8618;37.7326002630192;-0.206151378942501;-9.45666890683074;-11.6377297040466;33.3536130536414;-0.219827534392038;8.57163887515608
36704970755.6172;37.8242451862463;-0.206688503667759;-9.37985100446696;-11.6118842716561;32.7240377226202;-0.191793382024087;8.11247457213435
36916948029.9097;37.9197101957418;-0.207169775282909;-9.34644508339275;-11.6438990552433;32.5509298145229;-0.16410031957523;7.98001218741651
37120576546.7356;38.0186516954678;-0.207584417212879;-9.3134601090062;-11.6911653807112;32.5037908066331;-0.136216194304125;7.93193918194627
37314741759.0238;38.1205004497662;-0.207927010011018;-9.28021570038582;-11.7533931927982;32.4748848487995;-0.109237091275583;7.89593632844113
37500840262.6818;38.2250919879548;-0.208196339609405;-9.25024633110929;-11.8394587976716;32.449726821653;-0.0835600283158776;7.86409206598144
37675348517.514;38.329108901207;-0.208389215026131;-9.22471201363324;-11.956539097976;32.4281968392772;-0.0601306247559503;7.83690546294957
37841682880.0773;38.4337596351238;-0.208514388517323;-9.20123969980601;-12.1234696129726;32.4094026941435;-0.0387651183209733;7.81259054554225
37998860898.9907;38.5378451821313;-0.208577553458174;-9.17900138165532;-12.3959157167863;32.392139427437;-0.0196573648293322;7.78992562607932
38147086544.583;38.6412391240652;-0.208585842314531;-9.15642825729126;-13.2524287370391;32.375634714935;-0.00259548074679583;7.76760764088667
38284598205.3167;38.7420733205768;-0.208547651729731;-9.13473168508697;-12.5563832184532;32.3587834070122;0.0122557714000032;7.74550169826799
38412026143.4849;38.8387729665286;-0.208473992261359;-9.11983977212036;-12.2380360760546;32.343489344703;0.0246371556685789;7.72784175663844
38530762084.8261;38.9305447440733;-0.208375762656397;-9.11187305597459;-12.0823398021908;32.3340540302356;0.0346093476576488;7.71756028179559
38644066239.0431;39.0205983330768;-0.208256197795641;-9.09974480734654;-11.9766422708443;32.328692681797;0.0429230603877941;7.70792059341005
38751199088.997;39.1116513104321;-0.208114710830359;-9.07062850676675;-11.8792062265787;32.3189253670485;0.0502202871797073;7.68684341803468
38846982161.8483;39.2037936482069;-0.207953056956605;-9.01682953899728;-11.7727026495016;32.2967315191032;0.0566611601763067;7.64512228470636
38919537233.2126;39.2871855556701;-0.207794857963721;-8.93954386583411;-11.6614640592179;32.2631430868031;0.0612049406095089;7.58404301691195
38958994652.7905;39.341884470829;-0.207689289676364;-8.85814996693568;-11.5725952039943;32.2341925931544;0.0622116269859129;7.52400423850112
38971210328.3523;39.3606824656061;-0.207653867245782;-8.81280596510062;-11.5376391318297;32.2245954581602;0.0607231520795053;7.49491809024185
38973085936.5155;39.3636466378083;-0.207648239439357;-8.8012386840794;-11.522802963283;32.2250348111496;0.0611827672595319;7.48942857586463
38973193544.9102;39.3638176633652;-0.20764790235177;-8.79878513935357;-11.5041033929483;32.2263645880503;0.0635174511887943;7.4890932737904
38973202011.8607;39.3638311813181;-0.207647874442731;-8.79681608745238;-11.4819821319924;32.227791566854;0.066537197025545;7.48906620527626
38973202731.4741;39.3638323355541;-0.207647871941357;-8.79480466114025;-11.4589207207492;32.2292863448473;0.0698448886636337;7.48906384782669
38973202801.4784;39.3638324483922;-0.207647871684027;-8.79266882672871;-11.434633917924;32.2308762737801;0.0735033311811172;7.48906361271058
38973202810.8847;39.3638324636377;-0.207647871647262;-8.79027902204869;-11.4079847852605;32.2326548001998;0.0777302946304906;7.48906358023721
38973202814.2577;39.3638324691418;-0.207647871633092;-8.78732412287944;-11.3766376931878;32.2348530848216;0.082987393608488;7.48906356821036
38973202816.3333;39.363832472555;-0.20764787162364;-8.78399747849171;-11.34163913464;32.2373259202801;0.0892724294627574;7.48906356053822
38973202817.8401;39.363832475054;-0.207647871616142;-8.78029071417174;-11.3030795264293;32.2400785165469;0.0967402662988124;7.48906355474998
38973202819.0034;39.3638324770013;-0.20764787160978;-8.77622561375482;-11.2620954772831;32.243093944312;0.105333580048364;7.48906355009337
38973202819.9685;39.3638324786337;-0.207647871603944;-8.77173688596422;-11.2184648803674;32.2464193702874;0.115279876715793;7.48906354605692
38973202820.7952;39.3638324800479;-0.207647871598389;-8.76685721128789;-11.1726292731752;32.250028653103;0.126694581983126;7.48906354243528
38973202821.5232;39.3638324813085;-0.207647871592922;-8.76156946492532;-11.1244668612534;32.2539318694078;0.139857341271089;7.48906353908729
38973202822.1963;39.3638324824899;-0.207647871587219;-8.75567391929371;-11.0719440199423;32.2582717918946;0.155729538323309;7.48906353582904
38973202822.8094;39.3638324835818;-0.207647871581308;-8.74933731196661;-11.0158889020398;32.2629179158189;0.174643349890351;7.48906353269666
38973202823.3538;39.363832484566;-0.207647871575298;-8.74284415503514;-10.957047692475;32.2676493541092;0.197044261498359;7.48906352975925
38973202823.8732;39.3638324855204;-0.207647871568553;-8.73580822296302;-10.8865196134307;32.2727122252089;0.22809936430537;7.48906352679794
38973202824.3568;39.363832486424;-0.207647871560753;-8.7284478808997;-10.7923236004659;32.2778277474427;0.278630452376466;7.48906352388096
38973202824.8018;39.3638324872703;-0.20764787155265;-8.72090042954967;-10.7398057547704;32.283201634758;0.309080263216811;7.48906352104094
38973202825.2348;39.3638324881091;-0.207647871544946;-8.71275868825077;-10.7496881213591;32.2894108206498;0.296572369802673;7.48906351811689
38973202825.6486;39.363832488927;-0.207647871538862;-8.70415825259644;-10.8326596889504;32.2963105639914;0.240243405959863;7.48906351515405
38973202826.0417;39.36383248972;-0.207647871534957;-8.69517307823011;-11.0028542453842;32.3035314035161;0.159062877455103;7.4890635121694
38973202826.4267;39.3638324905143;-0.207647871532554;-8.68551455148764;-11.2047022039269;32.3110005292696;0.0977603513995193;7.48906350906498
38973202826.7983;39.3638324912991;-0.207647871530987;-8.67529621841365;-11.3751028206324;32.3187299763532;0.0645130662200644;7.48906350587832
38973202827.1531;39.363832492067;-0.207647871529493;-8.66463188367397;-11.3755534222114;32.3267136868888;0.0628984608498353;7.48906350264024
38973202827.4992;39.3638324928362;-0.207647871528208;-8.6532763202438;-11.4303976233133;32.3352274118465;0.0540200045701513;7.48906349927425
38973202827.8336;39.3638324935998;-0.207647871527102;-8.64132164697222;-11.4802923784882;32.3441846310179;0.0468625024256809;7.48906349580694
38973202828.1592;39.3638324943656;-0.20764787152611;-8.62865485953927;-11.516358807037;32.3536704393012;0.0419005390190273;7.48906349220082
38973202828.477;39.3638324951362;-0.207647871525182;-8.61527121600606;-11.5345411745571;32.3636895782665;0.0389751745061954;7.48906348843887
38973202828.7894;39.3638324959188;-0.207647871524288;-8.60111198456443;-11.5432525178404;32.374287809391;0.0369879012963264;7.48906348447932
38973202829.093;39.3638324967058;-0.207647871523436;-8.58637954940087;-11.5520907033131;32.3853148212081;0.0350458799803953;7.48906348035621
38973202829.392;39.3638324975089;-0.207647871522647;-8.57092774598452;-11.5784471536173;32.3968813017247;0.031840787258388;7.48906347600258
38973202829.6835;39.3638324983211;-0.207647871521943;-8.55494244735455;-11.616991010023;32.4088471711426;0.028094093286591;7.48906347145124
38973202829.9723;39.3638324991574;-0.207647871521328;-8.5381797046978;-11.6717951102937;32.4213947786057;0.0238350621563099;7.48906346661261
38973202830.2578;39.3638325000183;-0.207647871520844;-8.52065307583294;-11.7706612699388;32.434514247838;0.0182389235955987;7.48906346147439
38973202830.5375;39.363832500898;-0.207647871520533;-8.50247972492666;-11.9549028838255;32.4481171651575;0.0114489680284142;7.48906345606243
38973202830.8149;39.3638325018092;-0.207647871520426;-8.48339390329269;-12.413771396823;32.4624016214169;0.00381068589928182;7.48906345029109
38973202831.0883;39.3638325027497;-0.207647871520549;-8.46343603220798;-12.3490649296279;32.4773368378003;-0.00422621427083293;7.48906344416386
38973202831.3612;39.3638325037354;-0.207647871520926;-8.44226989997676;-11.8589006603806;32.4931742056226;-0.0124497714417085;7.48906343756486
38973202831.6325;39.3638325047672;-0.207647871521582;-8.41986883305085;-11.617013903481;32.509933682814;-0.0206476682237152;7.48906343047036
38973202831.8982;39.3638325058335;-0.207647871522522;-8.39648132870674;-11.4509263445327;32.5274294409982;-0.028694900795625;7.48906342294455
38973202832.1614;39.3638325069519;-0.207647871523786;-8.37174163458472;-11.3187522068193;32.5459351029223;-0.0367693694135576;7.48906341485237
38973202832.4236;39.3638325081357;-0.207647871525421;-8.34537679411712;-11.2052165754646;32.5656547823224;-0.0449697044602986;7.48906340607915
38973202832.6844;39.3638325093919;-0.207647871527475;-8.31725476870858;-11.1036829988473;32.5866872161694;-0.0532858603071105;7.48906339655008
38973202832.9426;39.363832510724;-0.207647871529993;-8.28733396916132;-11.0108143825515;32.6090635923227;-0.0616393306938393;7.48906338621581
38973202833.1996;39.3638325121519;-0.207647871533057;-8.25522672970911;-10.9236376219775;32.6330740077553;-0.0700240287253642;7.4890633748977
38973202833.4545;39.3638325136849;-0.207647871536734;-8.22081343753426;-10.8407808839205;32.6588081734334;-0.0783488967570116;7.48906336249492
38973202833.7074;39.3638325153418;-0.207647871541123;-8.18379223675032;-10.7607930064273;32.6864921486763;-0.0865700255627489;7.48906334882389
38973202833.9589;39.363832517148;-0.207647871546349;-8.14377464898985;-10.6823720806076;32.7164168112524;-0.0946603925016285;7.48906333364288
38973202834.2118;39.3638325191572;-0.207647871552648;-8.09986431978326;-10.603587868628;32.7492528662482;-0.102678105674955;7.48906331647187
38973202834.4641;39.3638325213965;-0.207647871560198;-8.05183572628372;-10.5239934463918;32.7851694236068;-0.110540064129298;7.48906329702896
38973202834.7136;39.3638325238936;-0.207647871569187;-7.99958162327024;-10.4432924738299;32.824247156085;-0.118163657052001;7.48906327502351
38973202834.9603;39.3638325267096;-0.207647871579945;-7.94250713215074;-10.3604483296886;32.8669314069643;-0.125550359585551;7.48906324987819
38973202835.2072;39.3638325299709;-0.207647871593102;-7.87912479558247;-10.2733362623958;32.9143351083063;-0.132792522167062;7.48906322045113
38973202835.4535;39.3638325337994;-0.207647871609346;-7.80856930967105;-10.180907774429;32.9671059765929;-0.139875727857707;7.48906318561341
38973202835.7001;39.363832538397;-0.207647871629787;-7.72933330966585;-10.0813681089396;33.0263720114461;-0.146833810460188;7.48906314353766
38973202835.9443;39.3638325439835;-0.20764787165572;-7.64069694083869;-9.97398291420375;33.0926722294031;-0.153619329223705;7.48906309222814
38973202836.1878;39.3638325510014;-0.207647871689638;-7.54027824509225;-9.85605043992314;33.1677889433972;-0.160303987863521;7.48906302780004
38973202836.4271;39.3638325599454;-0.207647871734511;-7.42738601354073;-9.72693289935448;33.2522397888518;-0.16682994930084;7.48906294590761
38973202836.6607;39.3638325716347;-0.207647871795223;-7.30060889626322;-9.5851217088299;33.3470810506676;-0.17319885336738;7.48906283951621
38973202836.8878;39.3638325874281;-0.207647871879937;-7.15788159046085;-9.42840528683993;33.4538582385371;-0.179441345010967;7.48906269715524
38973202837.1083;39.363832609645;-0.207647872002749;-6.99661310242372;-9.25405618565016;33.5745101956241;-0.185595141212914;7.48906249973314
38973202837.3214;39.3638326423713;-0.207647872188841;-6.81378909883238;-9.05895772018686;33.71129255865;-0.191693233517894;7.48906221435463
38973202837.5266;39.3638326932205;-0.207647872485771;-6.60590946772262;-8.83954006952503;33.8668244799178;-0.197762468861683;7.48906178145099
38973202837.723;39.3638327771792;-0.207647872988429;-6.36903300154233;-8.59182601186309;34.0440551716519;-0.203820693685721;7.48906108725223
38973202837.9094;39.3638329255871;-0.207647873897926;-6.0989920625182;-8.31164767122751;34.2461032014556;-0.209872507987604;7.48905990152104
38973202838.0848;39.3638332094719;-0.207647875675845;-5.79094361332371;-7.99417384799601;34.4765921869527;-0.215920609307255;7.48905772182855
38973202838.2496;39.3638338128649;-0.207647879531755;-5.43622286193254;-7.63069626455194;34.7420043870867;-0.222014565725191;7.48905331032588
38973202838.4058;39.36383531524;-0.207647889315795;-5.0168083350769;-7.20306847011557;35.0558200122145;-0.228296890037726;7.4890430445717
38973202838.5574;39.3638401973143;-0.207647921692514;-4.49232390977467;-6.67069546756336;35.4482320697302;-0.235083973335077;7.48901309489438
38973202838.7131;39.363868002515;-0.207648109512815;-3.74795162798189;-5.91833512788443;36.0050291431669;-0.243209013901968;7.48887614683839
38973202838.8812;39.3644836458002;-0.207652350209454;-2.43625427177534;-4.59814621276695;36.983772814854;-0.254752979257456;7.48700732400368
38973202839.0658;39.3848168234601;-0.207795390026382;-0.958046342907374;-3.11079465258342;37.9712907073381;-0.267120396140196;7.40774962756977
38973202839.2607;39.4448182738789;-0.20822675512371;-0.511702231285603;-2.65501897753017;37.6395258624246;-0.27059975423438;6.96293233348849
38973202839.4626;39.5483874537822;-0.208987830309432;-0.290013477647563;-2.42381645268277;36.4603184245926;-0.267927617486106;6.0642135600005
38973202839.671;39.698430484615;-0.21011485637361;-0.142500520772486;-2.26678238910586;34.4794217931228;-0.258987084057982;4.66692172566304
38973202839.8861;39.8930063641953;-0.211608715853898;-0.0436655799186951;-2.15844483472944;31.6995058517068;-0.243373471774563;2.76008822199117
38973202840.1046;40.1148482359857;-0.213348729413497;0.0066259277192753;-2.09886496055394;28.3056658185416;-0.222015086422702;0.467316304311227
38973202840.3258;40.3161269330593;-0.214960573666914;-0.0409105138789813;-2.13738525114077;25.6715499519101;-0.205578339227698;-1.26890985556751
38973202840.55;40.4828628098741;-0.216322924980505;-0.128660602090934;-2.21640054495424;25.5842252123667;-0.209041410229822;-1.28336010326669
38973202840.7779;40.6326118735084;-0.217570521042924;-0.182317560193781;-2.26160768026891;25.6262480645497;-0.213498538181016;-1.22843092367742
38973202841.0069;40.7688743931543;-0.218727021144184;-0.225625602415243;-2.29685634254966;25.660175117591;-0.21778545706454;-1.18408570044996
38973202841.2369;40.8943288886531;-0.219810719459944;-0.26319031895057;-2.32676814885299;25.6889879110658;-0.221906061015297;-1.14602962053251
38973202841.4684;41.0110810395353;-0.220836263435444;-0.297240760002919;-2.35355136243831;25.7147255910238;-0.225876625931485;-1.11178570793776
38973202841.7016;41.1204234412919;-0.221812080521439;-0.328954281532317;-2.37837447258357;25.7384352156236;-0.229700504531484;-1.08006574183388
38973202841.936;41.2230104380282;-0.222741423684387;-0.358946185242435;-2.401862392908;25.7606686906746;-0.233367795942039;-1.05019342879135
38973202842.1707;41.3191623202001;-0.22362479731191;-0.387532733451584;-2.42434609384875;25.7817222150235;-0.236863730198587;-1.02181287049035
38973202842.406;41.409644143766;-0.2244671135163;-0.415043098337782;-2.44612928740804;25.8018822883956;-0.240195684600257;-0.994568061649496
38973202842.6423;41.4950993144498;-0.225272547164965;-0.441706955961927;-2.46741553270759;25.8213480127788;-0.243371844874499;-0.968211128258053
38973202842.8795;41.575908799627;-0.226043089512105;-0.467634486624226;-2.48830031510393;25.8402207781904;-0.246394149466165;-0.942619262532744
38973202843.1171;41.6522771165693;-0.226779233617309;-0.492853620956956;-2.50880400163178;25.858535498481;-0.249260547286782;-0.917755218513062
38973202843.3546;41.7244371992838;-0.227481897224583;-0.517386122815701;-2.52893568425643;25.8763184558159;-0.251972372884693;-0.89359057764779
38973202843.5926;41.7928817364654;-0.228154729012809;-0.541347633646829;-2.54877992310423;25.8936562438159;-0.254542959185231;-0.870009607751827
38973202843.8324;41.8581714950928;-0.228802289099135;-0.564961755139775;-2.5685267458964;25.9106538286659;-0.256988317659381;-0.846830299360193
38973202844.0785;41.9215922629259;-0.229436681211218;-0.588909478524166;-2.58878319983166;25.9276841276954;-0.259352241500461;-0.823462738535519
38973202844.3335;41.9836339261193;-0.230062353964873;-0.613813087542318;-2.61014927622253;25.9450170369887;-0.261648212146868;-0.799415386786583
38973202844.5989;42.0443652036254;-0.230679599791229;-0.640419721329659;-2.63337397606679;25.9629708188263;-0.263876144810111;-0.774102052084168
38973202844.8765;42.1037778453976;-0.231287942078588;-0.66966486644019;-2.65939572368769;25.9820061420494;-0.266036866484244;-0.746747219362569
38973202845.17;42.1619355040471;-0.231887657487537;-0.702892439534266;-2.68955414597153;26.0027867782268;-0.268137890497242;-0.716235418204894
38973202845.4852;42.2190415115048;-0.232480514362091;-0.741989609369319;-2.72572154692749;26.0262895078825;-0.270196873162598;-0.680970357567233
38973202845.8324;42.2753538596995;-0.233068922696276;-0.789936010860399;-2.77086083300297;26.0538982753956;-0.272237464334194;-0.638537440044378
38973202846.236;42.3319496002803;-0.233664035965424;-0.853153788711479;-2.83133790217492;26.0884567057755;-0.274324297162409;-0.583825300789418
38973202846.7501;42.3900617932913;-0.234278953162044;-0.94683759818544;-2.92228822455211;26.1360188320947;-0.276559644341849;-0.505191148506415
38973202847.5881;42.4515610839936;-0.234933970901201;-1.1343369961527;-3.10695404136059;26.2179969496637;-0.279243108189931;-0.35665236221645
38973202849.3126;42.4909517657783;-0.235354636326459;-1.64126650376878;-3.6127231829692;26.3565260702421;-0.281469594973305;-0.0106194020288815
38973202855.9773;42.4968254333451;-0.235416328129724;-3.05487096452959;-5.0335528626076;26.4655379877951;-0.277970577030269;0.768991092680608
38973202900.7885;42.4975130959416;-0.235423489987058;-4.81401171802996;-6.79636145524286;26.5252625112258;-0.276254876778665;1.68845254223801
38973203269.7312;42.4976054950121;-0.235424445091877;-6.60129126914435;-8.58690783506862;26.5800322264609;-0.274750782026491;2.61867455214723
38973206298.0655;42.4976186603622;-0.235424580061808;-8.36177140518173;-10.3509667921504;26.6366638251322;-0.273076572153732;3.53673972444381
38973227973.7562;42.4976208131832;-0.235424601817799;-10.0029650159895;-11.9983940784125;26.700435068134;-0.26982940492061;4.39992128807681
38973319216.0109;42.4976213329356;-0.235424606962509;-11.2443995368412;-13.2488351079131;26.7680502044978;-0.264960519786434;5.0657809924636
38973634100.9608;42.4976214993957;-0.235424608571096;-12.2768415990026;-14.2917072901603;26.8470017318746;-0.259435916321018;5.63471503011753
38974558790.2192;42.4976215649525;-0.23542460918827;-13.1493782222222;-15.1755880616584;26.9387343907915;-0.253610569233948;6.13223472244414
38977024621.0554;42.4976215957402;-0.235424609469882;-13.9035866568554;-15.9423115738068;27.0479385684685;-0.247405445515698;6.5822621494095
38983507841.6811;42.4976216128433;-0.235424609621185;-14.5787160047834;-16.6319433208225;27.1875253107781;-0.240515108399817;7.01304647639208
39003830248.2911;42.4976216247297;-0.235424609721727;-15.2329233527399;-17.3056280702005;27.4060621856495;-0.231815206589708;7.48610956212416
39071203401.9917;42.4976216366447;-0.235424609817383;-15.7523915362645;-17.8477757862295;27.77340860613;-0.222969229780723;7.99122822650764
39196227945.0841;42.4976216515072;-0.235424609932018;-15.9249039815104;-18.0376775913509;28.1788689462955;-0.217345146969762;8.34835347393339
39373595001.4449;42.497621676149;-0.235424610117351;-15.8572016025654;-17.9809208676288;28.6099158761146;-0.21517772708034;8.60248522270761
39598510571.9457;42.4976217281845;-0.235424610502901;-15.6357192876129;-17.7659382741438;29.0654403460727;-0.215356468287567;8.79609321719421
39848205808.0138;42.4976218614421;-0.235424611482557;-15.2727182740471;-17.4063368657928;29.5554757686389;-0.217279805101622;8.94200826299601
40112437901.4409;42.4976222925267;-0.235424614696764;-14.7874230578335;-16.9149117538501;30.0901261912885;-0.22435477287872;9.05660989131908
40381070660.2911;42.4976241890087;-0.235424629508007;-14.1512102422438;-16.2585674648576;30.7037346948877;-0.239791609179917;9.14854936193067
40646153089.1028;42.4976389038539;-0.235424748857277;-13.2556252457705;-15.3465611733846;31.485883630042;-0.255375928333984;9.22341181920875
40899406354.9411;42.4982002832359;-0.235429334503739;-11.6542985963872;-13.7421544854505;32.7739308952922;-0.267714962593725;9.2833880106728
41136613297.1106;42.544968650592;-0.235774312393309;-9.70517518574871;-11.837336134043;34.1056535203848;-0.25157381022674;9.19849822174716
41367172399.8876;42.6252024814927;-0.236302076848067;-9.45842474458608;-11.6403421365282;33.366667356098;-0.219480246756289;8.58123640898966
41587603819.3557;42.7171295294792;-0.236839568372576;-9.37983018326915;-11.6129018768745;32.7293443027309;-0.191366366600426;8.11600715929265
41797414984.2989;42.8114295218964;-0.23731442824118;-9.34731693731109;-11.6452631271248;32.5529360115239;-0.163924540403891;7.98178708585096
42000807338.3394;42.9100321927737;-0.237727205549902;-9.31444594386962;-11.6926188076709;32.504622338516;-0.136073094273871;7.93298642468129
42195375700.1197;43.0118971592033;-0.238069231008118;-9.28104737585931;-11.7550137888582;32.47557204996;-0.109041143393274;7.8968100209384
42380885872.6971;43.1159555239504;-0.238336758018055;-9.25109073266184;-11.8410000938325;32.4504549125315;-0.08342792234847;7.86499965345866
42556428488.435;43.2204350181481;-0.238529522255208;-9.22535150398958;-11.9593561014681;32.4287281961596;-0.059830870168232;7.83757900706391
42722167018.0653;43.3245378400076;-0.238653206696228;-9.20196097976981;-12.1271084109716;32.4099707598821;-0.0385062483929445;7.81332967423212
42879914367.9286;43.428840938731;-0.238715330765761;-9.17966486088123;-12.4047021747663;32.3926373285684;-0.0192934100556416;7.79058903384253
43028226643.2555;43.5321237769312;-0.238722322916025;-9.15714893388078;-13.3265663447697;32.37615821424;-0.0021918352279653;7.76831687568949
43165949769.1717;43.6329673636829;-0.238682677043203;-9.1353585873348;-12.5408088878882;32.3593334664284;0.0127218205989864;7.74618193060354
43293029623.9134;43.729318349893;-0.238607819908064;-9.12022054545767;-12.2298435075428;32.3439742491674;0.0251287230836763;7.72835552263869
43411951842.1413;43.8211780710521;-0.238507889980863;-9.11213787862085;-12.0755674303748;32.3342868158684;0.0351749699087203;7.71784777400849
43525211453.4849;43.9110424677611;-0.238386920739275;-9.10048740390239;-11.971400109124;32.3289077023825;0.0435189417538636;7.70843522611123
43632763277.0978;44.0021015751241;-0.238243653012479;-9.07229438986066;-11.8754694084681;32.3195098876621;0.0508498583707308;7.68806669757843
43729544820.2209;44.0946469168662;-0.238079314720044;-9.01943797890837;-11.7700537722856;32.2978279318003;0.0573531826861967;7.64715901711881
43803304970.0463;44.1787636867655;-0.237917652649929;-8.94293920286784;-11.6592136544845;32.2644926652256;0.0620083805130466;7.5866425556956
43844020678.6756;44.2348054293699;-0.237807832730065;-8.86125036669006;-11.5690808753265;32.2350553708617;0.063168114215193;7.52613127119034
43856907754.6255;44.2545589475585;-0.23776999479333;-8.81450993142484;-11.5322269413101;32.2248717095409;0.0617268602680118;7.49595505307307
43858950030.754;44.2577789552747;-0.237763790305054;-8.80225754864035;-11.5174084927692;32.2251759306909;0.0620932444538652;7.49003259080856
43859069583.9666;44.257968551361;-0.237763411362692;-8.79973188266356;-11.4989880928891;32.2265075112904;0.0644105536139172;7.48966245383439
43859078871.9048;44.2579833477175;-0.237763380408789;-8.79776453059566;-11.477203898303;32.227929494125;0.0674206658232105;7.48963293915937
43859079659.4325;44.2579846081194;-0.237763377642857;-8.79575676339492;-11.454424382151;32.229421137356;0.0707269429074504;7.48963037463447
43859079735.67;44.2579847307343;-0.237763377359902;-8.79362579153393;-11.4304520815085;32.2310073150611;0.0743785296462871;7.48963012010507
43859079745.6467;44.2579847468682;-0.237763377320564;-8.79124888171573;-11.4041668412097;32.2327761075593;0.0785922553882179;7.48963008586889
43859079749.0825;44.2579847524618;-0.237763377306024;-8.78833162182131;-11.3734662978214;32.2349462386556;0.083790016170137;7.48963007369306
43859079751.1879;44.2579847559157;-0.237763377296378;-8.78502742523183;-11.3389944095833;32.2374022419263;0.0900312031207425;7.48963006596006
43859079752.7096;44.2579847584332;-0.237763377288769;-8.78135005303678;-11.301004547339;32.240132842302;0.0974411337203731;7.48963006015224
43859079753.8813;44.2579847603898;-0.237763377282339;-8.77731799981405;-11.2606025082618;32.2431235885406;0.105962598405163;7.48963005549279
43859079754.8541;44.2579847620311;-0.237763377276442;-8.77285401367432;-11.2174397629058;32.2464305170406;0.115849962794969;7.48963005145123
43859079755.6896;44.2579847634565;-0.237763377270818;-8.76797778943677;-11.1718636470476;32.2500370908758;0.127246064969545;7.48963004781553
43859079756.4223;44.257984764722;-0.237763377265312;-8.76270561321443;-11.1240882808395;32.2539287035868;0.140345972424694;7.48963004446802
43859079757.0916;44.2579847658934;-0.237763377259649;-8.75689743350051;-11.072623736616;32.258204415562;0.155924329981109;7.48963004125018
43859079757.7052;44.257984766983;-0.237763377253754;-8.75061512195517;-11.0173425878305;32.2628112204347;0.174572061744288;7.48963003813774
43859079758.2528;44.25798476797;-0.237763377247735;-8.74414093790061;-10.9589118959701;32.2675296366104;0.1967862544153;7.48963003520485
43859079758.782;44.2579847689396;-0.237763377240886;-8.73702205466736;-10.8879844337077;32.2726539501361;0.227967166981973;7.4896300322083
43859079759.2606;44.2579847698312;-0.237763377233221;-8.72978366833024;-10.795483268666;32.2776872471056;0.277461550508451;7.48963002934059
43859079759.7065;44.2579847706764;-0.237763377225116;-8.7222742179879;-10.7404946696699;32.2830181163304;0.309566301225982;7.48963002651557
43859079760.1394;44.2579847715123;-0.237763377217335;-8.71418912690383;-10.7453283502652;32.2891531043262;0.300550483469746;7.48963002361302
43859079760.5519;44.2579847723249;-0.237763377211147;-8.70567586193668;-10.8239156020785;32.2959812426126;0.24598506745772;7.48963002068131
43859079760.9498;44.2579847731248;-0.23776337720706;-8.69664327597907;-10.9883648879156;32.3032507945709;0.165015453485687;7.48963001768291
43859079761.3356;44.2579847739179;-0.237763377204574;-8.68702349311942;-11.190827147406;32.3107097416025;0.101284466208252;7.48963001459426
43859079761.7043;44.2579847746937;-0.237763377202981;-8.676948899311;-11.364301359046;32.318338608002;0.0663890672748999;7.48963001145547
43859079762.0612;44.2579847754633;-0.237763377201446;-8.66629247178268;-11.3665033526646;32.3263171010961;0.0644681708067352;7.48963000822294
43859079762.4072;44.2579847762291;-0.237763377200145;-8.65501593043289;-11.424838871396;32.3347732264641;0.0549347153471092;7.48963000488441
43859079762.7423;44.2579847769913;-0.23776337719901;-8.64311210370823;-11.4703839685212;32.3436920616396;0.0481412905753367;7.48963000143629
43859079763.0685;44.257984777755;-0.237763377197994;-8.63050746180216;-11.5062993256128;32.35313170957;0.0430650010307596;7.48962999785297
43859079763.3863;44.2579847785222;-0.237763377197049;-8.61720285754598;-11.5268445561253;32.3630921615757;0.0398481635679521;7.48962999412056
43859079763.6995;44.2579847793035;-0.237763377196133;-8.60308254754744;-11.5340267178531;32.3736612127411;0.0379531343007351;7.48962999018165
43859079764.0043;44.2579847800899;-0.237763377195258;-8.58836925642061;-11.542096184329;32.3846739399618;0.0360257143273912;7.48962998607518
43859079764.3045;44.2579847808925;-0.237763377194443;-8.5729296969003;-11.5659917441;32.3962312565736;0.0329179243829361;7.48962998173832
43859079764.5949;44.2579847816977;-0.237763377193717;-8.55707606204387;-11.6023902458853;32.4080986974369;0.0291970765802218;7.48962997723965
43859079764.8829;44.2579847825274;-0.237763377193077;-8.54043602364896;-11.6527371118603;32.4205545515872;0.0250333718758792;7.48962997245346
43859079765.1671;44.2579847833795;-0.237763377192562;-8.52307859833927;-11.7423243181576;32.4335475209298;0.0195771168845385;7.48962996738311
43859079765.4475;44.2579847842563;-0.237763377192215;-8.50495527058468;-11.9069001776775;32.4471132532197;0.012859709486463;7.48962996200562
43859079765.7254;44.2579847851639;-0.237763377192068;-8.48593415829572;-12.2763012797848;32.4613496076574;0.00526016600875105;7.48962995627465
43859079766.0007;44.2579847861054;-0.237763377192149;-8.46594174303981;-12.5288229035589;32.4763110272289;-0.0028098654967082;7.48962995015813
43859079766.2722;44.2579847870799;-0.237763377192479;-8.44499576938549;-11.915836134567;32.4919840115117;-0.0109884355601429;7.48962994365021
43859079766.542;44.257984788099;-0.237763377193079;-8.42284674335254;-11.6527790680913;32.5085552647866;-0.0191454396764978;7.48962993666067
43859079766.8084;44.2579847891607;-0.237763377193967;-8.39953633564286;-11.4769807462621;32.5259936783989;-0.0272136103787189;7.48962992918738
43859079767.0726;44.2579847902754;-0.237763377195177;-8.37485180839922;-11.3394180888194;32.5444583948874;-0.0353110610711689;7.48962992114274
43859079767.334;44.2579847914464;-0.23776337719674;-8.34873765212444;-11.2232450961788;32.563990888771;-0.0434740580060315;7.48962991248488
43859079767.5941;44.2579847926886;-0.237763377198713;-8.32088933945655;-11.1199470214908;32.5848189227089;-0.0517556336278009;7.48962990308461
43859079767.8522;44.2579847940086;-0.237763377201146;-8.29119004798383;-11.0256176080743;32.6070299352935;-0.0601012745552164;7.48962989286785
43859079768.1094;44.2579847954247;-0.237763377204119;-8.25928834306132;-10.9372643784998;32.6308869122209;-0.0684940494057182;7.48962988166881
43859079768.3649;44.2579847969461;-0.237763377207698;-8.22506194019222;-10.8534339616181;32.6564815500927;-0.0768417717823211;7.489629869386
43859079768.6183;44.2579847985891;-0.237763377211976;-8.18826244485042;-10.7727370706059;32.6839999240477;-0.0850864834589665;7.48962985585684
43859079768.87;44.2579848003763;-0.237763377217067;-8.14855739055511;-10.6939150350534;32.7136910240735;-0.0931905560342113;7.48962984086466
43859079769.1234;44.2579848023666;-0.23776337722322;-8.10491967605829;-10.6147334596829;32.7463233253697;-0.101239213352568;7.48962982388536
43859079769.3753;44.2579848045737;-0.237763377230566;-8.05738967804903;-10.5351865995852;32.7818670906863;-0.109103017864268;7.48962980474844
43859079769.6245;44.2579848070337;-0.237763377239315;-8.00566911687131;-10.4546130498636;32.8205458424508;-0.116735209373661;7.48962978309777
43859079769.8717;44.2579848098134;-0.237763377249817;-7.94903742525136;-10.3717895187455;32.8628989227341;-0.124152016418228;7.48962975831124
43859079770.1189;44.2579848130258;-0.237763377262645;-7.88621742795374;-10.284890321023;32.9098820018027;-0.13141756986029;7.48962972935641
43859079770.365;44.2579848167819;-0.237763377278428;-7.81647309717393;-10.1930129772884;32.9620460967141;-0.138507816300296;7.48962969520038
43859079770.6106;44.2579848212662;-0.23776337729818;-7.73846157342443;-10.094529964888;33.0203961396208;-0.145450054276504;7.48962965416903
43859079770.8549;44.2579848267255;-0.237763377323302;-7.65088305079371;-9.98797344100946;33.0859049278021;-0.152248361432685;7.48962960403667
43859079771.099;44.2579848335801;-0.23776337735616;-7.55153562612062;-9.8708788328557;33.1602201090922;-0.158955001646197;7.48962954111361
43859079771.3389;44.2579848422934;-0.237763377399538;-7.43986970071394;-9.7427805826845;33.2437533956554;-0.165500446602105;7.48962946130836
43859079771.5731;44.257984853641;-0.237763377458045;-7.31455710431134;-9.60225747708778;33.3374988442824;-0.171882887492117;7.48962935794757
43859079771.8009;44.2579848689164;-0.237763377539409;-7.17354277169997;-9.44709952187695;33.4429942990252;-0.178134649928272;7.48962922010384
43859079772.0219;44.2579848903083;-0.237763377656875;-7.01427911108181;-9.27461826902536;33.5621461259135;-0.184293732541627;7.48962902969213
43859079772.2358;44.2579849216693;-0.237763377834069;-6.83377027583212;-9.0817093986353;33.6971961236612;-0.190394607057071;7.48962875564613
43859079772.4418;44.2579849701178;-0.237763378115257;-6.6285892374795;-8.86487417872195;33.8507087598948;-0.196463928991055;7.48962834209127
43859079772.639;44.2579850495712;-0.237763378588161;-6.39488863495566;-8.62022752381197;34.0255630299328;-0.202519306466824;7.48962768303561
43859079772.8263;44.2579851888611;-0.23776337943699;-6.12862186895067;-8.34372157693882;34.224786950965;-0.208564815382616;7.48962656579557
43859079773.0028;44.257985452849;-0.237763381081399;-5.82496906178835;-8.030543098309;34.4519868581021;-0.214605197732875;7.48962452951951
43859079773.1684;44.2579860063818;-0.237763384600361;-5.47596653006855;-7.67269530223095;34.7131205711277;-0.220680970193711;7.4896204581627
43859079773.3254;44.2579873599354;-0.237763393371207;-5.064333353799;-7.25276734987092;35.0211147278775;-0.226932119598235;7.48961113370583
43859079773.4775;44.2579916182108;-0.23776342147383;-4.55291613682826;-6.73340301993388;35.4037536690062;-0.233648193353598;7.48958466465257
43859079773.6318;44.2580137444981;-0.237763570197466;-3.84342710709412;-6.0159556599553;35.9344835189592;-0.241536547544607;7.48947188994224
43859079773.7991;44.2584283768434;-0.237766412257049;-2.60608331292009;-4.77011331267373;36.8584029654084;-0.252642560397099;7.48814815084442
43859079773.9816;44.2748640437476;-0.237881450461913;-1.04533680657507;-3.20028204150229;37.938721696036;-0.265544590566291;7.42962636181007
43859079774.1763;44.3309952655541;-0.238282997186999;-0.540285356492572;-2.68575376382861;37.7146811266348;-0.269800054348849;7.02743260368802
43859079774.378;44.430294887063;-0.239009161242696;-0.307672506213526;-2.44358535133135;36.6115176160747;-0.267734838394313;6.17406165009641
43859079774.5856;44.5757106696217;-0.240096197299825;-0.154607070687425;-2.28097466556162;34.7105596690706;-0.259474104251421;4.82740607304036
43859079774.7996;44.7658171899236;-0.241548786346223;-0.0515033341336479;-2.16835758181773;32.012559526547;-0.24460546246152;2.97317220429328
43859079775.0184;44.9868019935266;-0.243274111415182;0.00433861967220103;-2.10315285738017;28.6554335426802;-0.223725509840545;0.702157056466434
43859079775.2396;45.1940141025032;-0.244926083626824;-0.0283381387083385;-2.12675053200846;25.7576102776139;-0.205349275325122;-1.2176992379457
43859079775.4633;45.3626691993864;-0.246298112429256;-0.122699003659973;-2.21233524565734;25.5798190297166;-0.208094798902287;-1.28929072201079
43859079775.6904;45.5135373246278;-0.247549646431959;-0.177481725068038;-2.25863656532033;25.6224422119335;-0.212552237984093;-1.23339766148212
43859079775.9198;45.6512719481248;-0.248713833490367;-0.221638142908108;-2.29465850192645;25.6571100050675;-0.216863956684783;-1.18813330164969
43859079776.1499;45.7778204851139;-0.249802649706207;-0.259693080621724;-2.32499562909295;25.686339197154;-0.221003761156332;-1.14955388664266
43859079776.3811;45.8952888072921;-0.250830511179851;-0.294011936526539;-2.35199811409819;25.7123062484904;-0.224985668487427;-1.11502253809873
