t;slip_2;slip_3;slip_rate_2;slip_rate_3;shear_stress_2;shear_stress_3;state
0;0;0;-9;-19.9999946455258;32.2450204656692;-3.22454180212452e-10;7.60205999132796
2.75290596933567;4.15334442613398e-09;7.9364259162785e-15;-8.82139342998066;-14.5401664108828;32.3786789440268;6.1870858840722e-05;7.60205998493557
4.14266986779145;8.06601137632272e-09;3.54788720397585e-14;-8.55046814400437;-13.7029385173625;32.5814231910782;0.000229350492717834;7.60205997087123
4.53699849954151;1.01179326154807e-08;6.15959615064902e-14;-8.28369762502067;-13.1789335350654;32.781058262923;0.000417241078813648;7.60205995919524
4.76767445190194;1.25631835506857e-08;1.08269334065228e-13;-7.97467888862191;-12.6939331387117;33.0123093722926;0.000630117666933069;7.60205994329125
4.9873801291553;1.94598068775783e-08;2.98449044234729e-13;-7.50320477259048;-12.0626770981452;33.3651323406246;0.000920069271227848;7.60205990161675
5.21288402987488;5.50272973835949e-08;1.63878996947684e-12;-6.80210083435758;-11.2259387803099;33.8897963450429;0.00127711796202484;7.60205972074121
5.45239842829069;5.20240443471953e-07;2.44211931909244e-11;-5.71167964754996;-10.0217320920748;34.7058000220773;0.00169961132198039;7.60205803424483
5.71815584936622;7.78722166607382e-05;4.77697821396021e-09;-3.53601398701524;-7.747558064514;36.333744707903;0.00223236951331876;7.60191962036892
5.99956377975508;0.0409682242528429;3.04363152085172e-06;-0.837715482643365;-4.96662641947134;38.1812554034641;0.00283752219408044;7.48714208859667
6.28986890825026;0.152596617722384;1.2798166660006e-05;-0.415080033574336;-4.47364813055019;37.1964802647447;0.00325037709957113;6.61785148828191
6.58844947401121;0.320233046857292;2.96609580943905e-05;-0.250693135373218;-4.24813206809784;35.0122398835867;0.00352193196821452;5.07626743620114
6.8952149944288;0.535129017333653;5.41573746487557e-05;-0.154578272447515;-4.09770398607366;31.9149505167135;0.00363804830977679;2.95876705649764
7.21020731237747;0.780384913627482;8.54521395959669e-05;-0.108680505096578;-4.00282826837306;28.1444051794165;0.00359123902005482;0.416539252276623
7.53296554631792;0.989280202228114;0.000114994057036038;-0.188948685375578;-4.03843865034417;25.6843843976945;0.00363227896837036;-1.18696103642115
7.86281226116904;1.17193120681273;0.000143395187067716;-0.256690097844889;-4.06497654281417;25.6865470211119;0.0039941032006394;-1.15164538775474
8.19826470711623;1.33941830721654;0.000171852846193602;-0.301649598901241;-4.07143178991494;25.7209633516889;0.0043702375029898;-1.10617048608456
8.53853328912094;1.49525894662309;0.000200649307090235;-0.339141129837503;-4.07248273529408;25.750352904433;0.00475818780846099;-1.06778818277759
8.88323296844904;1.64146409522821;0.000229923370504893;-0.372478212842769;-4.07095787010361;25.7758692675064;0.00516099767144937;-1.03407095107093
9.2314899213424;1.7791768587281;0.00025971220597755;-0.402925602380171;-4.06784627001762;25.7989508131118;0.0055806061951516;-1.00342537151504
9.58239275141097;1.909214820124;0.000290024406671481;-0.431116718414368;-4.06356940316555;25.8202165488037;0.00601876234898258;-0.975121146355339
9.93497649042743;2.03220710939707;0.000320854978816054;-0.457384393813436;-4.05828069467461;25.8400115734512;0.0064773356585236;-0.948761282051868
10.2884272035517;2.14871560031412;0.000352207481585446;-0.48197128516278;-4.05205664735207;25.858542932544;0.0069585489651757;-0.924086112736493
10.641922016781;2.25921193089845;0.000384083596727471;-0.505035189849783;-4.04491765894626;25.8759256718184;0.00746471834638741;-0.900939871183867
10.9948143887179;2.36415497297647;0.000416501529634261;-0.526688621495599;-4.03685695173002;25.892239731591;0.00799836629284317;-0.879212887368386
11.3465004242221;2.46395984096366;0.000449485260766478;-0.547003399468724;-4.02785534236229;25.9075690630563;0.00856199010628339;-0.858813158353087
11.6964339709822;2.55900493717794;0.00048306421752636;-0.566055863934254;-4.01791837935852;25.9219857543589;0.00915810781877126;-0.839654346834461
12.0440274567524;2.64960848858355;0.000517262018497934;-0.583926407626153;-4.0070734483406;25.9355382006158;0.00978922304606667;-0.821663919385193
12.3891532250271;2.73615979571465;0.000552147657788368;-0.600703755276008;-3.99533070044649;25.9482782838958;0.0104587938232836;-0.804762846288024
12.7312497621132;2.818898825556;0.000587746672298961;-0.616438253750327;-3.98271070246636;25.9602419342965;0.0111695656945637;-0.788901944855017
13.0700857559222;2.89811336030292;0.000624118361641569;-0.631184662468364;-3.96922606522451;25.9714836125404;0.0119249167686208;-0.774017444460186
13.4054949524442;2.97407005268065;0.000661329442089365;-0.645008921652628;-3.95490268604658;25.98205404718;0.0127285729944712;-0.760042477194914
13.737501181957;3.04704239651678;0.000699469413437949;-0.657987936748525;-3.93976587009191;25.9919987111418;0.0135850657114916;-0.746908203314201
14.0658476329766;3.11721210492835;0.000738597029852766;-0.670182654680986;-3.92384893425908;26.0013491781553;0.0144987180357567;-0.734563048501629
14.3907561939399;3.18483634214201;0.000778832282987756;-0.681658775253718;-3.90715441667075;26.0101560977654;0.015475593630248;-0.722940315268502
14.7120175492776;3.25005826306654;0.000820246915500512;-0.692464901673163;-3.88970467517162;26.0184596367846;0.0165212083473027;-0.711988857761268
15.0298463585213;3.31308528842713;0.000862972714503636;-0.702666450265236;-3.871503067715;26.0263066837506;0.0176431418395802;-0.701644630634646
15.3440628682033;3.37402664755768;0.000907095095614012;-0.712316864420579;-3.85257005861154;26.0337272502383;0.018848776132442;-0.691860850098003
15.6549323663574;3.43306074469504;0.000952770749110807;-0.721475186531518;-3.83289334242901;26.0407617612845;0.0201481663763466;-0.682580972393185
15.962276978039;3.49026702175312;0.00100010209709036;-0.730181918415998;-3.81247673034695;26.0474397474629;0.0215511391068495;-0.673765001320435
16.2664304205474;3.54580714848714;0.0010492842312791;-0.738485869905617;-3.79128536591137;26.053802641906;0.0230712764448255;-0.665360829689816
16.5671900402388;3.59973308245003;0.00110044174689707;-0.746421851447247;-3.76931008148191;26.0598751900908;0.0247220284206237;-0.657334496819161
16.8648816932089;3.65218138380818;0.00115380821322901;-0.754035230283671;-3.74649821067067;26.065689011209;0.0265219974530136;-0.64964216408667
17.1593642955297;3.70319722444497;0.00120955822798084;-0.761354594950716;-3.72281465564608;26.0712631051121;0.0284906273143069;-0.642256808239026
17.4508815844679;3.75288551686705;0.00126796713554502;-0.768410244321356;-3.69818523284433;26.0766245172991;0.0306532399640264;-0.635145164782207
17.7392885003858;3.80127878365309;0.00132926660550189;-0.775220730299122;-3.67254895114836;26.0817908097732;0.0330376529287369;-0.628286168836116
18.0248828973342;3.84847812264022;0.00139382504583464;-0.781813766291986;-3.64579665308096;26.0867837831798;0.0356810521181045;-0.621651324172581
18.3074862385881;3.89450081111759;0.00146195514153292;-0.788205307288639;-3.61783829329234;26.0916123520269;0.0386249501121656;-0.615226604819757
18.5874116984771;3.93943495733238;0.00153415000063613;-0.79446590622499;-3.58853612722589;26.0962779500094;0.0419284056430751;-0.608975646931996
18.8644962561884;3.98327145611094;0.00161084462636824;-0.800776462892568;-3.55784739021005;26.1007878037657;0.0456649186796323;-0.602802997569134
19.1391803058109;4.02607296644357;0.00169271433860955;-0.807374347313056;-3.52571017758476;26.1052350201309;0.0499334734330776;-0.596527515752093
19.411254974371;4.0677751467385;0.00178032431322486;-0.814529347213651;-3.49213455429049;26.1097314950353;0.0548525975696028;-0.589939209206732
19.6812620111902;4.10840646818052;0.00187459316103253;-0.82251413571774;-3.45700688373214;26.1144471902777;0.0605882053645403;-0.582787686984382
19.949030758449;4.14787126866194;0.00197634521277378;-0.831549975247958;-3.42021671161758;26.1195477620047;0.0673440013104532;-0.574850936110284
20.2150223527025;4.18616160592479;0.00208687005426762;-0.841778720821337;-3.38140801172245;26.1252059455594;0.0754102588939198;-0.565941545168395
20.4790030645242;4.22317306490829;0.00220750710033162;-0.853235990374586;-3.34009150114027;26.1315275183005;0.0851744399039575;-0.55596940200352
20.7414503082691;4.25890946698789;0.0023404528762469;-0.865931190258942;-3.29536747305817;26.1385755672281;0.0972401531179413;-0.544884925087963
21.0022114888079;4.29329851491349;0.00248846472811948;-0.879822786171421;-3.24594644614497;26.1463448439387;0.112534924736036;-0.532707671255641
21.2616746032362;4.32635000710002;0.00265619300784197;-0.894884555275187;-3.18946933404334;26.1548131070089;0.132729311709828;-0.519456330287023
21.5198604133942;4.35803700708743;0.0028515800309957;-0.911051246168199;-3.12103665365609;26.163917066307;0.161330825627508;-0.505184238805203
21.7768803029196;4.38835632377723;0.00309328298661476;-0.928247323258095;-3.02668477145148;26.1735089385078;0.208652936808659;-0.489956861204378
22.0329066909942;4.4173226981297;0.00338538363513121;-0.946390590324343;-2.94275220820499;26.1835489996581;0.264038279357924;-0.473847345255322
22.2879399270934;4.4449425902086;0.00368126862989523;-0.965374804367493;-2.93547384035159;26.1944682611071;0.280614785971695;-0.456946235852906
22.5419994380216;4.47123532795094;0.00392912618508566;-0.985099648168451;-3.01073329612323;26.2063835849122;0.247043507959956;-0.439346095147979
22.7952402880056;4.49624169346904;0.00408411164067988;-1.00548318755712;-3.21324281823958;26.2190470696037;0.16250146197326;-0.421129323554312
23.0476810744923;4.51999461128426;0.00412747858691832;-1.02644255846573;-3.76500068296406;26.231870921862;0.047892900773354;-0.402384881371891
23.2993642408661;4.5425348053878;0.00411773077795651;-1.04789651745539;-4.41194715981786;26.2445766190287;-0.0113498188165879;-0.383195879426422
23.5504045481388;4.56391322868545;0.00409647245167662;-1.06976778586924;-4.07221438935399;26.2574767158085;-0.0261099707653661;-0.36363415863447
23.8008264715661;4.58417545703443;0.0040691372049607;-1.09198514151959;-3.96194934893301;26.2705676560672;-0.0354409414343565;-0.343771620901619
24.0506639720227;4.60336962907495;0.00403857407865381;-1.11448824313012;-3.91245985004285;26.2838010558029;-0.0418520335129858;-0.323672022913789
24.2998040203313;4.62153447127969;0.00400654992011294;-1.13721191475848;-3.89096581717386;26.2971240926134;-0.0463611663464393;-0.303403482255741
24.5482753630679;4.63872008164404;0.00397419444018638;-1.160111345761;-3.88532846085073;26.3104961333477;-0.0495349720756174;-0.283015496601658
24.7962021578331;4.65498175791973;0.00394224672792795;-1.18315815458413;-3.88988370157148;26.3238863409997;-0.051715944413619;-0.262542734716448
25.0435623206035;4.67036375547417;0.00391122250064165;-1.2063170200459;-3.90162878459026;26.3372605268592;-0.0531200940444513;-0.242025574441316
25.2904531751762;4.68491616312992;0.00388145980173232;-1.22957015083261;-3.91883269203567;26.3505946933399;-0.0538924440884534;-0.221488830365834
25.5368471139178;4.69867990419942;0.00385319644074428;-1.25289352617958;-3.94040621454947;26.3638616299171;-0.0541372679507816;-0.200962587680679
25.7828711343805;4.7117024211229;0.0038265670728488;-1.27628258085728;-3.96561665369105;26.3770455498658;-0.0539376569115565;-0.180459573407775
26.0284225636384;4.72401721810748;0.00380166492656006;-1.29971520965315;-3.99390568625658;26.3901210117509;-0.0533643108233707;-0.160007736872568
26.2735848767138;4.73566554504691;0.00377851319587409;-1.32319015851207;-4.02487024836764;26.4030751951976;-0.0524776553216082;-0.139616174959933
26.5183863336878;4.74668373472996;0.003757103227154;-1.3467037535778;-4.05819796546069;26.4158943784048;-0.0513299814782805;-0.11929580432959
26.7628378086674;4.75710546744817;0.00373739965645237;-1.3702527312625;-4.09364772547573;26.4285658030633;-0.0499664622883099;-0.0990567019599741
27.0068656426605;4.76695946251606;0.0037193520358534;-1.39382702454359;-4.1310194125445;26.4410741091898;-0.0484269040591252;-0.0789140936125625
27.2506094366068;4.77628116764863;0.00370287944640136;-1.41743820571479;-4.17017169217412;26.4534162161347;-0.0467464115990605;-0.0588641900558056
27.4939779805158;4.78509548260413;0.00368790620984953;-1.44107587891839;-4.21094875793948;26.4655785702977;-0.0449581584518647;-0.0389211899820831
27.7369663251082;4.79342936865855;0.00367434322335424;-1.46473788407686;-4.25323011299429;26.477553268476;-0.0430909056187913;-0.0190914085979125
27.9797090329979;4.80131270152692;0.00366209152418092;-1.48843632761749;-4.29694986770312;26.4893394667532;-0.0411677933515811;0.000630678165274418
28.2223220200001;4.80877235984294;0.00365106195627832;-1.51219510940958;-4.34235554607627;26.5009269675482;-0.0391832656520906;0.0202502093024181
28.4661122607581;4.81586551209639;0.00364113661441289;-1.53617703423972;-4.39027084185581;26.512350742588;-0.037098335884198;0.0398719263730254
28.7125954810014;4.82264503398038;0.00363222263147847;-1.56058829234312;-4.44171556099221;26.5236434332234;-0.0348743331709767;0.0596207156487883
28.9632527549996;4.82915265087921;0.00362425568140091;-1.58565833397595;-4.49778821642452;26.5348234841929;-0.0324852580141392;0.0796236280628711
29.2192618886685;4.83541383914392;0.00361719219079581;-1.61159869738853;-4.55923608810619;26.545893373032;-0.0299474573383066;0.0999881296605255
29.4828542717176;4.8414697164802;0.00361097183587185;-1.63875578661609;-4.62711769084626;26.5568866001441;-0.0272781714613978;0.12090984534483
29.7565378201642;4.84735437647473;0.00360554087674643;-1.66752731694169;-4.70237215785266;26.5678369292873;-0.0245194856708443;0.142610243508354
30.0447205090615;4.8531235526665;0.00360082956817141;-1.69855408663982;-4.78652633922718;26.5788267115778;-0.0217051880611371;0.165464782194846
30.3531434396233;4.85883102888368;0.00359678060545574;-1.73270254893351;-4.88180288176863;26.5899357744482;-0.0188632688890645;0.189960048891017
30.691214850714;4.86455421331897;0.00359333507959013;-1.7713707046295;-4.99175293181543;26.6012948620005;-0.0160147642526902;0.216882414035283
31.081404035316;4.87049096225209;0.00359040534360624;-1.81772654443061;-5.12444674206864;26.6132906684836;-0.0131334365322991;0.248074233539571
31.5752592665588;4.8770141937948;0.00358791844437629;-1.87913686434564;-5.29794147060738;26.6266966068787;-0.0101510901236749;0.287735647298175
32.3706433474928;4.88526402923384;0.00358580887989216;-1.98413160894546;-5.57638408940982;26.6440685334497;-0.00681315174178541;0.351839289525242
34.0004431007116;4.89521594122187;0.0035843314578505;-2.21422772112502;-6.04262967373492;26.6652898985643;-0.00395862494471315;0.481065921315885
40.1669032023999;4.90198360373273;0.00358349427487819;-2.95959723265158;-6.86721553934411;26.6805344398474;-0.00330047325635461;0.863936211421937
81.1510112979723;4.90318583760107;0.00358334871472517;-4.5326265299293;-8.44957298485312;26.6890113198514;-0.00323136510622417;1.65611471550378
417.22499053121;4.90333356810377;0.00358333116351547;-6.35696471255254;-10.2821278331638;26.7029113360759;-0.00317245516512699;2.57757119522273
2764.99801101639;4.90335445757341;0.00358332875430885;-8.05072869378069;-11.9887820588902;26.7186870757969;-0.00308149699468262;3.43499375362635
13854.9753814861;4.90335850038603;0.00358332830729069;-9.43824704768523;-13.3946054954689;26.7358052169772;-0.00295620686189184;4.1401903147348
56600.43056785;4.90335948898568;0.00358332820462468;-10.6358694929691;-14.6194632646899;26.7559397296672;-0.00277860259689118;4.75245429706992
197974.395439087;4.9033597762599;0.00358332817696139;-11.6920727889792;-15.7084655749191;26.7798018779673;-0.00257878166509442;5.2964993137583
613491.683734786;4.90335987222328;0.00358332816854644;-12.6364835342796;-16.6935374535161;26.8083389931342;-0.0023508016523704;5.78777161654776
1722963.8247116;4.90335990836322;0.00358332816572835;-13.4871290028924;-17.5951618405535;26.8430141197284;-0.00209314079525869;6.23626236708147
4529312.76952404;4.90335992350602;0.00358332816471695;-14.2679353585369;-18.4432202893694;26.8869585818073;-0.00179579495579095;6.65602682620144
11884061.0966082;4.90335993047529;0.00358332816434557;-15.0233805928952;-19.2967486126413;26.9486416243371;-0.00143604767849908;7.07496267840355
35977685.158929;4.90335993395508;0.00358332816422142;-15.8403492399066;-20.2879325721706;27.0572787918027;-0.00096538552845964;7.5560324386869
101074609.114596;4.90335993594549;0.00358332816418503;-16.5146181696882;-21.2526250610276;27.2241209979756;-0.000497676317668624;8.00464176690839
210515600.146679;4.90335993730751;0.00358332816417663;-16.9049962623468;-22.114802306042;27.408891134957;-0.000169077346039132;8.3232841231497
365828190.093246;4.90335993848549;0.00358332816417695;-17.1200686841135;-23.6887771008054;27.6071365132505;7.45268809986104e-06;8.56327706329523
563122879.790071;4.90335993969464;0.00358332816418405;-17.2126348820233;-22.444004723815;27.8182326903055;0.000163290039367685;8.75060309317717
792388247.915318;4.90335994109972;0.00358332816419647;-17.2126395914173;-22.2661199857699;28.0402390341572;0.00024791415104042;8.89893795610065
1038418987.28447;4.90335994286672;0.00358332816421673;-17.1437511973628;-22.0842091331486;28.2675530320085;0.000324212891764787;9.01637255180403
1296299540.3926;4.90335994532118;0.00358332816424932;-17.0214624118758;-21.8984400221199;28.5032459541878;0.000378370013174228;9.11270529115511
1554920839.32718;4.90335994889253;0.00358332816430126;-16.8598323281403;-21.6971630621717;28.7424423203364;0.000418016028202877;9.19170819116797
1806223424.63935;4.90335995425861;0.00358332816438086;-16.6705397855249;-21.499266884593;28.9814762739498;0.000429925697927315;9.25677134636125
2045295193.38954;4.90335996250048;0.0035833281645044;-16.4625024820959;-21.2867033557643;29.2179564422843;0.000437974639305886;9.31075582136676
2272378126.78771;4.90335997559412;0.00358332816468881;-16.2391242752581;-21.0904071014654;29.4535543049291;0.000414815412749587;9.35648033596336
2490401677.4947;4.9033599974457;0.00358332816496471;-15.9990204592015;-20.8977589588637;29.6927845194713;0.000374897398669584;9.39626898494119
2699826073.0295;4.90336003543103;0.00358332816535806;-15.741411375584;-20.7262416222285;29.9380465134207;0.000310022498634166;9.43133510549899
2901309320.26668;4.90336010469273;0.00358332816583503;-15.4637457766657;-20.6257494939335;30.192617702361;0.000207920375468004;9.46259286381374
3093321737.08522;4.90336023597508;0.00358332816615324;-15.1651229675514;-20.780611325022;30.4577419604282;7.38260012180699e-05;9.49042300150136
3276172227.3601;4.90336050014479;0.00358332816516277;-14.8402131148375;-20.2662540620572;30.7382119480304;-0.000115249129464162;9.51536279634517
3450742107.79049;4.90336108010132;0.0035833281583054;-14.4785738705817;-19.4058116055144;31.0425790478764;-0.000367045632519928;9.53790464121509
3617293053.43824;4.90336251655869;0.00358332812628775;-14.06425436266;-18.7161576497923;31.3832558162034;-0.000699511260138228;9.55836649461353
3774891368.19999;4.90336677039448;0.00358332796954214;-13.5687708485317;-18.0023561754335;31.7817272279306;-0.00117109511398499;9.576861574984
3922941824.88142;4.90338437402563;0.00358332697900845;-12.9248074910402;-17.1745404994932;32.2884986228225;-0.00181683230250519;9.59347688413768
4061077425.10922;4.90356097287929;0.00358331245036597;-11.893317738987;-15.9780805823123;33.0819603341509;-0.00272162567479504;9.60787971332948
4190362570.43935;4.95792486337672;0.00357665969026259;-9.37623809893763;-13.2885467647665;34.8338799289151;-0.00426278260287183;9.51985806545086
4312268888.91857;5.08994169636606;0.00355214270969651;-8.9653969058944;-12.6965592331485;33.6025542284551;-0.00624036458332657;8.49173558575756
4426180248.66783;5.21016575542245;0.00351557985227918;-8.9765756493058;-12.4935269071645;32.3883351870191;-0.00985002578287874;7.68604792278521
4527212958.3772;5.31694531789578;0.00344997116507436;-8.97597386396106;-12.1875006531344;32.2521127746548;-0.0198167020889921;7.5947340277681
4610714916.72695;5.42213445309953;0.00338468783415336;-8.89972577635911;-12.1068943558825;32.2201998781058;-0.01999676075774;7.53528764212173
4678219569.37325;5.5275133169542;0.00338115975405162;-8.8065801949867;-13.2817952700706;32.1635527587131;-0.00107683444609681;7.45086226387476
4723733015.55801;5.62437644331014;0.00342257608164585;-8.67198123840557;-12.0409681334753;32.109004882955;0.0137290330695141;7.34711881337614
4748845530.51427;5.70708397002995;0.00347377569017483;-8.48234517450189;-11.6906235680262;32.041065927241;0.0198348336286678;7.20690980762777
4759492609.11398;5.75837822827063;0.00351074005720252;-8.31716170623836;-11.4594471863588;31.9757619016029;0.0230428090679261;7.08068692443098
4762718279.15602;5.77702275132322;0.00352602265201435;-8.23806866267198;-11.3244228419873;31.9453161794223;0.0261850261295845;7.02079984116704
4764201784.41987;5.78656652282757;0.00353500644824848;-8.19156905867332;-11.217829198722;31.9288263456545;0.0300554209364343;6.98653469127248
4765044803.86759;5.79239313322628;0.00354138746801304;-8.16042161394411;-11.120947503726;31.9188085949756;0.0349559236963175;6.96427095870978
4765563606.43491;5.79616317537574;0.00354623557198617;-8.13865591085978;-11.02943019135;31.9126105832834;0.041038176240021;6.94925172622369
4765897480.91429;5.79867804823271;0.00355004916400871;-8.12306719025676;-10.9422489933778;31.908817572451;0.0483870235450039;6.9389298956468
4766110820.37497;5.80032632254219;0.00355298456095814;-8.11204170323797;-10.8614043543048;31.9067007287783;0.056822357448269;6.9320119919393
4766245937.55103;5.80138914742229;0.00355518608361024;-8.10424884747881;-10.7879874015133;31.9057254506191;0.0660891353094137;6.92747574196215
4766328645.99688;5.80204796706276;0.00355674909255508;-8.09878332252321;-10.7235883968064;31.9055313128733;0.0756939043232711;6.92462738114848
4766377171.78253;5.802437966306;0.00355778918090256;-8.09490881117399;-10.6689023446652;31.9058583869507;0.0850896818375091;6.92292431448437
4766403719.51509;5.80265271510963;0.00355841896577512;-8.09209668081269;-10.6248352091978;31.9065245037612;0.0935709355698352;6.92197901431662
4766417069.31285;5.80276124662934;0.00355876082714657;-8.08991880241257;-10.5916246560927;31.9074136659585;0.100504555954593;6.92149810763516
4766423048.6195;5.8028100675849;0.00355892224890535;-8.08804455131668;-10.5686887518717;31.9084746416829;0.105502279468531;6.92128053405606
4766425207.39498;5.80282776369923;0.00355898219013611;-8.08632956146303;-10.556481821053;31.9096308090421;0.108086018649773;6.92120124154052
4766425869.14579;5.80283321149441;0.00355900084315107;-8.08447370788218;-10.5499454402837;31.9109789426881;0.109261811092365;6.92117670704941
4766426013.85774;5.80283440895384;0.00355900496284004;-8.0822435959639;-10.5456399763619;31.9126379221027;0.109790894741328;6.92117128500809
4766426036.4471;5.8028345970643;0.00355900561675908;-8.07949091762643;-10.538379895988;31.9146926451116;0.110943455356994;6.92117042746366
4766426041.48471;5.80283463934961;0.00355900576785752;-8.07603506400293;-10.5229645534241;31.9172676843867;0.114050243424112;6.92117023285737
4766426044.08332;5.80283466137459;0.00355900585204414;-8.07182539937141;-10.4894978514516;31.9203886787379;0.12201008194833;6.92117013030589
4766426045.85561;5.80283467655603;0.00355900591380368;-8.06722312238832;-10.4578320041602;31.923801976771;0.129869068776949;6.92117005868968
4766426047.1746;5.80283468798029;0.00355900595945636;-8.06241313951475;-10.460774762464;31.9274105399656;0.127585721449119;6.9211700040528
4766426048.26731;5.80283469755836;0.00355900599327484;-8.05722738838885;-10.5093514769892;31.9313464911818;0.112743923384188;6.92116995760297
4766426049.2064;5.80283470589486;0.00355900601916028;-8.05172032585409;-10.5596484604647;31.935512213066;0.0991621082515947;6.92116991658092
4766426050.03292;5.80283471333059;0.00355900604352992;-8.04593383323756;-10.5304087080989;31.9398250188347;0.104678540235501;6.92116987943803
4766426050.7675;5.80283472003102;0.00355900607204869;-8.0399370483026;-10.4109084109206;31.9441959899972;0.135962956324743;6.92116984545246
4766426051.43777;5.80283472623372;0.0035590061043139;-8.03366444049869;-10.3175109022029;31.9487485425059;0.166190957297576;6.92116981350407
4766426052.05147;5.80283473199866;0.00355900613783792;-8.02716064989136;-10.2625992690208;31.9535086200856;0.185814642109482;6.92116978334398
4766426052.63351;5.80283473755422;0.00355900616956103;-8.02022986650674;-10.26358198938;31.9587142122314;0.182489203332342;6.92116975382101
4766426053.1792;5.80283474285051;0.00355900619951004;-8.01297322531427;-10.2605624447607;31.9641544837982;0.180748208528413;6.92116972521833
4766426053.70066;5.80283474800223;0.0035590062279512;-8.0052683859976;-10.2632732336377;31.969943883999;0.176496877446798;6.92116969693928
4766426054.19611;5.80283475298902;0.00355900625444924;-7.99717624409524;-10.2717836139505;31.9760349272346;0.169909334862295;6.92116966910396
4766426054.67427;5.80283475789786;0.00355900627954955;-7.98859942017554;-10.2798992735224;31.9824862441191;0.163535622494264;6.92116964123661
4766426055.12761;5.80283476264793;0.00355900630298077;-7.97972199246664;-10.2866277847916;31.9891581563588;0.157796373797498;6.92116961380039
4766426055.56548;5.80283476733525;0.00355900632534254;-7.97041402082622;-10.2918325963813;31.9961484694856;0.152643785494051;6.92116958625766
4766426055.98646;5.80283477194351;0.00355900634669969;-7.96073459423768;-10.2947274026519;32.0034121309249;0.148321283798411;6.92116955870642
4766426056.39556;5.80283477652752;0.00355900636745948;-7.95057847396305;-10.2946009683587;32.0110275999735;0.144969660366827;6.92116953082311
4766426056.79167;5.8028347810758;0.00355900638770098;-7.93997289600936;-10.2915779173693;32.0189752093196;0.142495912421997;6.92116950267272
4766426057.18187;5.80283478567376;0.00355900640788683;-7.92871299141561;-10.2862314634464;32.0274097552328;0.140605835086642;6.92116947371865
4766426057.55579;5.80283479019955;0.00355900642754924;-7.91709055308951;-10.2791477929957;32.0361134863534;0.139181843183701;6.92116944471151
4766426057.92484;5.80283479479521;0.00355900644734978;-7.90473772044339;-10.2704082073901;32.0453624148912;0.138068529883782;6.92116941474368
4766426058.2881;5.80283479945737;0.00355900646729541;-7.8916303921447;-10.2603702007866;32.0551751511232;0.137138168654391;6.92116938380621
4766426058.64572;5.80283480419672;0.00355900648743234;-7.8777061327554;-10.2494312652108;32.0655990562962;0.136243008613396;6.92116935179803
4766426058.98683;5.8028348088688;0.00355900650714177;-7.86337633344652;-10.2382133777184;32.0763265535787;0.135315510989428;6.92116931967154
4766426059.32869;5.80283481372146;0.00355900652744784;-7.84787265889843;-10.2262257777199;32.0879329611915;0.134272978527189;6.92116928572753
4766426059.66335;5.80283481865481;0.00355900654790399;-7.83146295627802;-10.2137818152047;32.1002178750027;0.133103391398481;6.92116925060293
4766426059.99395;5.8028348237292;0.00355900656872288;-7.81391766899772;-10.2008437964612;32.1133532870887;0.131752701729207;6.92116921383598
4766426060.31515;5.80283482887336;0.00355900658957441;-7.79545405435283;-10.1876303354021;32.1271765718712;0.130225573632392;6.9211691758954
4766426060.63318;5.80283483420471;0.00355900661088869;-7.77563264736985;-10.1737992796318;32.142016656915;0.128500994727544;6.92116913589002
4766426060.94621;5.80283483971455;0.00355900663257883;-7.75444475484001;-10.1593212535187;32.1578799585999;0.126593355367683;6.92116909382338
4766426061.25669;5.80283484547509;0.00355900665486628;-7.73158422035154;-10.1439866548497;32.1749956216495;0.12448472435173;6.92116904908739
4766426061.55838;5.8028348513929;0.00355900667733442;-7.70739717836376;-10.127991159901;32.193104380957;0.122227485152369;6.9211690023261
4766426061.85435;5.80283485755462;0.00355900670025448;-7.68153990683991;-10.1110263551706;32.2124634234922;0.119822255425603;6.92116895281823
4766426062.14771;5.80283486406861;0.00355900672395056;-7.65355463651906;-10.0927254735046;32.2334153292139;0.117256111318069;6.92116889963315
4766426062.43624;5.8028348709353;0.00355900674833713;-7.6234431378564;-10.0730392738386;32.2559586418763;0.114554938789766;6.9211688426669
4766426062.71963;5.80283487820211;0.00355900677349075;-7.59104342923035;-10.0517871121628;32.2802144844791;0.111735899310204;6.92116878143965
4766426062.99858;5.80283488595538;0.00355900679960411;-7.55603509797833;-10.0286571890208;32.3064225672997;0.108809490893592;6.92116871513991
4766426063.27406;5.80283489431358;0.00355900682694575;-7.51798084110774;-10.0032689632874;32.3349101127775;0.105775122219991;6.92116864266144
4766426063.54705;5.80283490342897;0.00355900685584977;-7.4763792627163;-9.97519646950155;32.3660523130211;0.102629573701799;6.92116856257495
4766426063.81628;5.80283491340927;0.00355900688646805;-7.43097221868851;-9.9441347345559;32.400042232045;0.0993992392219079;6.92116847379917
4766426064.08132;5.80283492442453;0.00355900691910227;-7.38132039605665;-9.90964200808409;32.4372085512071;0.0960996621907084;6.9211683747008
4766426064.34241;5.80283493672507;0.00355900695422448;-7.32686002815475;-9.87120247708626;32.4779731210781;0.0927355963526798;6.92116826292305
4766426064.59885;5.80283495059059;0.00355900699230689;-7.26704663723888;-9.82825840066668;32.522743321147;0.0893254901895535;6.92116813582299
4766426064.85209;5.80283496654189;0.00355900703435366;-7.20073742042243;-9.77980065694268;32.5723743623981;0.0858590702103356;6.92116798863251
4766426065.10064;5.8028349850808;0.00355900708115256;-7.1273285694701;-9.72517720602395;32.6273180053741;0.0823631104278527;6.92116781670398
4766426065.34404;5.80283500698124;0.00355900713398007;-7.04587213495093;-9.66346485700083;32.6882835893183;0.0788495819327986;6.92116761299263
4766426065.58226;5.8028350333982;0.00355900719472297;-6.95509237386791;-9.59347964613723;32.7562257804947;0.0753193535088384;6.92116736717017
4766426065.81527;5.80283506605336;0.00355900726611099;-6.85342495147075;-9.51375151197519;32.8323151987172;0.0717752886878387;6.92116706404386
4766426066.04304;5.80283510760818;0.00355900735223864;-6.73888033951572;-9.42235908063542;32.9180406292835;0.0682268366824897;6.92116668058653
4766426066.26552;5.80283516234447;0.00355900745947754;-6.6090208553509;-9.31694389131762;33.0152262141943;0.0646831619050909;6.92116618045075
4766426066.48262;5.80283523750365;0.00355900759823902;-6.46067045812284;-9.19438353671305;33.1262485975257;0.0611588313501557;6.92116550366355
4766426066.69424;5.80283534610022;0.00355900778655891;-6.28974127279981;-9.05066120948443;33.2541667276311;0.0576668372656622;6.92116454544996
4766426066.90026;5.80283551324334;0.00355900805788373;-6.0908296567983;-8.88042864165877;33.4030240594935;0.0542234069409255;6.92116311042763
4766426067.10043;5.80283579161844;0.00355900847941487;-5.85675110603797;-8.6765518284841;33.5781964468394;0.0508459824406801;6.92116080507368
4766426067.29448;5.80283630508833;0.00355900920206427;-5.577413235263;-8.42900057343807;33.7872351093331;0.0475516198377759;6.92115675052376
4766426067.48149;5.80283738222326;0.00355901060602336;-5.23959428522374;-8.12450993819874;34.0400311304371;0.044368453942566;6.92114875545536
4766426067.6607;5.80284007244644;0.00355901384244133;-4.82357553511259;-7.7432992422244;34.3513311528909;0.0413256662539243;6.92113036023808
4766426067.83141;5.8028486902225;0.00355902338101155;-4.29684820844486;-7.25276013150113;34.7454272159568;0.0384579147950587;6.92107778517615
4766426067.99312;5.80288993897424;0.00355906526568736;-3.59334597969987;-6.58670163195692;35.2715738581855;0.0358153489254907;6.92086704864357
4766426068.14823;5.80335347789576;0.00355949527327328;-2.5245492571269;-5.55715934592109;36.0688615121131;0.0334597233280815;6.91917087011113
4766426068.30062;5.81281939001236;0.00356746211864376;-1.20679265117758;-4.28166873128239;37.0021788255888;0.0311423382599546;6.88388241880841
4766426068.45949;5.84961925893412;0.00359515280741572;-0.635181886929655;-3.75869440025995;37.0570687036803;0.0278842231328743;6.63474972645375
4766426068.63342;5.92525057576259;0.00364475314800966;-0.361678017318007;-3.54489502064881;36.3243005343039;0.0238221117110013;6.00840037140939
4766426068.82166;6.05149160049179;0.00371453130301156;-0.173522522418746;-3.43100355145123;34.7764992368176;0.0192222770638584;4.88016463743583
4766426069.01856;6.23100178707422;0.0037947620264275;-0.0401427043238235;-3.38989109452675;32.3388648885353;0.0144536116520963;3.18477816760464
4766426069.22181;6.45589066390793;0.00387127162801382;0.0439314546505273;-3.42432058035905;29.046346015194;0.00988187762974192;0.942854424970865
4766426069.43085;6.68557716585348;0.00392486947227381;0.0409047435654512;-3.59108340762879;25.7878960550976;0.00601766157282333;-1.23273758089831
4766426069.64316;6.87483087538467;0.00394911026433794;-0.0499140118052848;-3.94241160636543;25.5294778627044;0.00326997428958395;-1.35998873563419
4766426069.85989;7.04727251810789;0.00395328386931371;-0.0992828486588224;-4.71541365857976;25.5692171642878;0.000618851747746742;-1.3087528216202
4766426070.07866;7.20683734294975;0.00394102029250697;-0.137060126803288;-4.25138013121125;25.5995900656004;-0.00196749214184148;-1.26957062490131
4766426070.3007;7.35735493291009;0.00391461612047232;-0.168831250329526;-3.9247459525424;25.6245404701991;-0.00449512096933047;-1.23701435603854
4766426070.52458;7.49970251948495;0.00387608553493015;-0.196674079240895;-3.76421857860589;25.6461056559378;-0.00694187721461758;-1.20868390321976
4766426070.75055;7.63528569727778;0.00382692373668994;-0.221847325366098;-3.66242537390655;25.6654222639547;-0.00930615679342069;-1.18319048498824
4766426070.9783;7.76482480237144;0.00376851107988562;-0.245042609896896;-3.59093654248627;25.6831008076165;-0.0115811989905379;-1.15978039633612
4766426071.20754;7.88887092381434;0.00370208686609505;-0.266708000990108;-3.53796476797848;25.6995261178723;-0.0137615815578392;-1.13797249788717
4766426071.43833;8.00800638098543;0.00362867576894182;-0.287178006173549;-3.49745732710136;25.7149780915913;-0.0158455324703529;-1.11741254081009
4766426071.67028;8.12248895107198;0.00354935180881832;-0.306660000265933;-3.46599498331835;25.7296289351426;-0.0178278322901102;-1.09788179673931
4766426071.90356;8.23277644529073;0.00346491769932686;-0.325353351219833;-3.4413616933602;25.7436391634457;-0.0197088642119629;-1.07917334975848
4766426072.13798;8.33909583057272;0.00337622622343384;-0.343388943373397;-3.42211951836369;25.757113289607;-0.021486546280718;-1.06115194357048
4766426072.3733;8.4416096601911;0.00328409832067841;-0.360867749970602;-3.40725902298663;25.7701317288889;-0.0231592966407728;-1.04371337753162
4766426072.60969;8.54062918745771;0.00318912499396223;-0.377903204876337;-3.39602240279883;25.7827818102475;-0.0247292289522211;-1.02674259841226
4766426072.84674;8.63619502159754;0.00309207687535478;-0.394551385655999;-3.38786692002603;25.795107802551;-0.0261952056825141;-1.0101820025207
4766426073.08488;8.72864739596931;0.00299333890495648;-0.410914473733428;-3.38234834710492;25.8071866027652;-0.0275617499730237;-0.993929129277938
4766426073.32355;8.8179317984312;0.00289364855011304;-0.427017665876477;-3.37914012046624;25.8190383430328;-0.0288282054105932;-0.977957939961176
4766426073.56303;8.90429614118032;0.0027933470494051;-0.442936540410218;-3.37796358173834;25.8307192545413;-0.0299991851165006;-0.962193080943996
4766426073.80312;8.9877901139076;0.00269293976468616;-0.45870753976836;-3.37859744272844;25.8422560098001;-0.0310771026003423;-0.946598516495096
4766426074.04381;9.06851939861601;0.00259281209207383;-0.474427359826035;-3.38090434286051;25.8536735792833;-0.0320660361766201;-0.931109219059457
4766426074.2851;9.14653281187415;0.00249336587271005;-0.490378792637145;-3.38495979504376;25.8650438479103;-0.0329710073810236;-0.915535765516075
4766426074.52691;9.22178638010516;0.00239507768022169;-0.506950306924788;-3.39097605572911;25.8765475970922;-0.0337971893020412;-0.899563134633624
4766426074.76965;9.29430295299669;0.00229829409267367;-0.524693261538848;-3.39932881645625;25.8884566263733;-0.0345517942792132;-0.882734044115982
4766426075.01357;9.36398620316612;0.00220348333521994;-0.544119593352171;-3.41039037599065;25.9011231935063;-0.0352409668450847;-0.864557164936075
4766426075.2598;9.43091732562064;0.0021108351528119;-0.565719806218869;-3.42451101087308;25.9148928863143;-0.0358722166186222;-0.844556339056347
4766426075.50917;9.49502420721035;0.00202071709344876;-0.589943876744113;-3.44203669746533;25.9300617949767;-0.0364511077466654;-0.822308744721541
4766426075.76378;9.55648631997401;0.00193310984510549;-0.617268076971842;-3.46333552225681;25.9469730446044;-0.0369844577262727;-0.797346984602837
4766426076.02555;9.6153387480105;0.00184816752857341;-0.648152735745405;-3.48879301988078;25.9658897524767;-0.0374768365550603;-0.76926509139543
4766426076.29613;9.67146520234058;0.00176624475471968;-0.68312089972726;-3.51888385835972;25.987021958676;-0.0379309355715231;-0.737661203583714
4766426076.58107;9.72534160383166;0.00168680247567661;-0.723363203792855;-3.55471008972273;26.0109203105953;-0.038353838272289;-0.70157208607922
4766426076.88252;9.77655211919655;0.0016106006242344;-0.769847574854025;-3.59724119797368;26.0378841132821;-0.0387446789576707;-0.660313798265341
4766426077.21257;9.82587429202052;0.00153660165417028;-0.825535643087891;-3.64935216855423;26.0691397805978;-0.0391120135989688;-0.611586095741284
4766426077.58669;9.8735073808137;0.00146460408145448;-0.895100793901566;-3.71569168325771;26.1063251142381;-0.0394597975561891;-0.551957994213979
4766426078.05412;9.921057445733;0.00139223614532998;-0.992571777133052;-3.8101767042695;26.1544382257719;-0.0398052603736075;-0.471075640810655
4766426078.77077;9.96975399060225;0.00131763791690633;-1.16780838469659;-3.98257801895464;26.2278975685545;-0.0401785116201707;-0.334375497267278
4766426080.18104;10.0049482689808;0.00126349089400276;-1.60283100272493;-4.41572848424571;26.3414807896728;-0.0405268364446218;-0.0409737943566591
4766426084.97888;10.0117944301456;0.0012529895734001;-2.84559813503161;-5.65980133605597;26.4171977500251;-0.0405213164455149;0.631000022739347
4766426115.38655;10.0125456501146;0.00125184232034294;-4.60721607433811;-7.42332397455012;26.4314321850943;-0.0403657285887942;1.5213196348322
4766426367.70991;10.0126342636979;0.0012517072630082;-6.45445714978233;-9.27143927348379;26.4440494119178;-0.0403037852659012;2.45337042065821
4766428432.75783;10.0126453279369;0.0012516904255362;-8.27100858758304;-11.0886532492576;26.4574736403398;-0.0402627755849555;3.37061557116745
4766444871.61578;10.012646778727;0.00125168822233984;-10.0542670436713;-12.8728184369056;26.4747790664152;-0.0402050819196507;4.27380743633907
4766517083.54174;10.0126470669243;0.00125168778580131;-11.3989190723288;-14.2185863453078;26.4940661299445;-0.0401311257839785;4.95901991537754
4766775269.33767;10.0126471421298;0.001251687672236;-12.5356825714488;-15.3566866566272;26.5174861610079;-0.0400431529235353;5.54304954248381
4767548001.06148;10.0126471659245;0.00125168763643031;-13.5115493147909;-16.3340767688648;26.5458864559921;-0.0399456763013878;6.04995832474028
4769631988.18818;10.0126471746973;0.00125168762328257;-14.3757584461575;-17.2000438290741;26.581637330014;-0.0398378915901112;6.50594954400457
4775086970.66777;10.0126471783499;0.001251687617835;-15.1741860032717;-18.0005902411471;26.6301279066112;-0.0397163212171656;6.93756192955105
4791601877.00515;10.0126471800231;0.00125168761535656;-15.9943316694078;-18.8236972057744;26.7099734210266;-0.039564703868126;7.40098298662099
4849480124.19639;10.0126471808895;0.00125168761408664;-16.8247851470106;-19.6587394065842;26.8643578189124;-0.0393751484206235;7.91936069890332
4965704769.87883;10.0126471814383;0.00125168761329119;-17.3258786310283;-20.1646879301481;27.0582582180139;-0.0392184601539377;8.29946081703803
5136364145.8381;10.0126471818844;0.00125168761265151;-17.5826958044749;-20.426170105715;27.2681823645893;-0.0391004619685542;8.56812899410956
5354557050.37105;10.0126471823322;0.00125168761201597;-17.6877516011197;-20.5356970083476;27.4909143811131;-0.0390160930209772;8.76947402790118
5602579341.7549;10.0126471828426;0.00125168761129884;-17.6866118160568;-20.538889973634;27.7204781148048;-0.0389513540087897;8.92228586841421
5866802284.80505;10.0126471834871;0.00125168761040184;-17.6127611829822;-20.4691806290569;27.9542308547932;-0.0389070319232264;9.04154116968322
6136180218.95761;10.0126471843639;0.00125168760919275;-17.4874699629555;-20.3479026732179;28.1903280055772;-0.0388747329649602;9.13664259734999
6400407314.29184;10.0126471856055;0.00125168760749539;-17.3279888500042;-20.1922038139789;28.4243267170921;-0.0388575328148072;9.21324703397595
6656320928.32667;10.0126471874423;0.00125168760500481;-17.1440353257284;-20.0117927403298;28.6565628125792;-0.0388567688196033;9.27643759962972
6900465969.63362;10.012647190223;0.00125168760126271;-16.943491808286;-19.8145322730443;28.8856099104366;-0.0388723751352878;9.32920247343873
7133650743.49134;10.0126471945733;0.00125168759544857;-16.7291765326428;-19.6032142918113;29.1133966508383;-0.0389094523561899;9.37423938781269
7355034153.14425;10.0126472015087;0.00125168758623665;-16.5040761195132;-19.3807950435837;29.3399597149718;-0.0389709137794898;9.41306616351512
7565898190.74657;10.0126472128803;0.00125168757121346;-16.2681811543874;-19.1472404805175;29.5673912075918;-0.0390619285576916;9.44707592627218
7766838253.40648;10.0126472320234;0.00125168754603531;-16.0210544903157;-18.9020426014918;29.7973830548303;-0.0391913309771803;9.47718056149764
7959740069.60408;10.0126472655723;0.00125168750205689;-15.7596576821624;-18.6420967275211;30.0334976090144;-0.0393701315916657;9.50424102294117
8145300798.5083;10.0126473269074;0.00125168742180845;-15.480776688507;-18.3640494956472;30.2789089433545;-0.0396157073509602;9.52877104513295
8322438516.04782;10.0126474432803;0.0012516872695294;-15.1824592822785;-18.0656708739149;30.5353634635788;-0.0399568738171469;9.55096139119223
8490284730.75227;10.0126476740543;0.00125168696665269;-14.8617245969161;-17.7436456755954;30.8053576502797;-0.0404301336178723;9.57098967013346
8648310920.12498;10.0126481594126;0.00125168632516538;-14.5126666062815;-17.3915409986488;31.0935803529938;-0.0410956960431803;9.58903575243328
8797730116.31541;10.0126492946072;0.00125168480474645;-14.1193361095991;-16.9924431266311;31.4124628662682;-0.0420721756693659;9.60543105093441
8937569090.47307;10.0126523581766;0.00125168058797115;-13.6594005086602;-16.5206477703837;31.7787854552329;-0.0437411335205851;9.6202212702217
9067677337.93075;10.0126630460185;0.00125166504594679;-13.0854148022138;-15.9227972417363;32.2281931259266;-0.0468655283965761;9.63350069888186
9189144051.83853;10.0127286243892;0.00125155387024598;-12.2676966604618;-15.038447406717;32.8577782269833;-0.0557041366775245;9.64530473661015
9304208428.03393;10.0179600439212;0.00124385444176059;-10.3423213378132;-13.1744823978671;34.3023452900804;-0.0504850457558891;9.64778067895861
9411500979.11847;10.1237085424582;0.00115109839673522;-9.00629536180177;-12.0632273488774;34.3981868324961;-0.0301719628246877;9.043785766615
9506827741.7757;10.2615065391536;0.00105273788397867;-8.8399719405703;-11.986394060359;32.8289532574431;-0.0234333789539963;7.91214413103929
9582723518.32017;10.378775409429;0.000966492271705856;-8.81103486756547;-11.9444805992386;32.2003500522151;-0.0236818083019751;7.47767658905597
9632296290.28078;10.4764520618664;0.000895729841535498;-8.70545243692499;-11.8454404647047;32.116539660071;-0.0232670176372673;7.36888767180969
9656105038.45331;10.5399185872138;0.00085305976363144;-8.57419183916939;-11.7466131257027;32.0735911600193;-0.0215638500133465;7.27456075787957
9662986677.23206;10.5617391672931;0.000840433955021588;-8.498825580801;-11.736432670786;32.0574064642056;-0.0185490338512585;7.22606265431785
9663859240.63416;10.5646057752373;0.000839121658321776;-8.48342869334141;-11.8227649567722;32.0572371604445;-0.0146753959208703;7.21824976347497
9663916925.66392;10.5647967734416;0.000839042545089269;-8.48003383693359;-11.8628139912176;32.0589600291878;-0.0132791193951147;7.21770305928604
9663921211.19699;10.5648110452985;0.000839036747461088;-8.47752436716376;-11.8687544908384;32.0607758037738;-0.0130239854837274;7.21766145643967
9663921664.1549;10.5648125625617;0.00083903614779907;-8.47499694169156;-11.8781513106041;32.0626605943339;-0.0126720007172744;7.21765696437912
9663921719.54663;10.564812749275;0.000839036075885579;-8.47226961772732;-11.8866345187592;32.0647008447721;-0.0123498673080818;7.21765640302256
9663921728.28726;10.5648127789473;0.000839036064560141;-8.46919154161063;-11.8874880012335;32.0670041989513;-0.012239450747696;7.21765631225471
9663921731.60546;10.5648127903108;0.000839036060097734;-8.46539036843343;-11.8713332465741;32.0698485808226;-0.0125937199414276;7.21765627678733
9663921733.69734;10.5648127975474;0.000839036057163383;-8.46100411486142;-11.8530244211718;32.073130793576;-0.0130053201912771;7.21765625368305
9663921735.2102;10.5648128028403;0.000839036054978252;-8.45610475446296;-11.8403222769601;32.076797059972;-0.0132426064904961;7.21765623636414
9663921736.38072;10.5648128069868;0.000839036053238384;-8.45068962759896;-11.8278620041191;32.0808493064174;-0.0134608808701439;7.21765622243437
9663921737.35868;10.5648128105;0.000839036051743765;-8.44462712803675;-11.815792655761;32.0853860212994;-0.0136502856911508;7.2176562102983
9663921738.18253;10.5648128135042;0.000839036050448885;-8.43810882761783;-11.803614003143;32.090263834888;-0.0138314627734399;7.21765619960846
9663921738.90309;10.5648128161748;0.000839036049283772;-8.43107605998432;-11.7913066143228;32.0955266496008;-0.0140027698889145;7.21765618981296
9663921739.56108;10.5648128186573;0.000839036048188272;-8.42331539309482;-11.7786028730794;32.1013341840207;-0.0141656205002943;7.21765618041728
9663921740.15344;10.5648128209354;0.000839036047172994;-8.41501792204131;-11.7660032098066;32.1075434389431;-0.0143094120941597;7.2176561715098
9663921740.68475;10.5648128230199;0.000839036046235918;-8.4063481070884;-11.7535708697999;32.1140313411827;-0.0144368373687867;7.21765616308644
9663921741.18676;10.5648128250325;0.000839036045321746;-8.39695457589742;-11.7396847493077;32.1210608173219;-0.014590148300459;7.21765615468272
9663921741.65232;10.5648128269418;0.000839036044442908;-8.3870918002531;-11.7240658991959;32.1284414271519;-0.0147882082991676;7.21765614643967
9663921742.0929;10.5648128287928;0.000839036043576669;-8.37663829513517;-11.7063909233941;32.1362640776551;-0.0150398241804077;7.21765613817965
9663921742.51015;10.5648128305907;0.000839036042718662;-8.36562189901289;-11.686899337013;32.1445079372333;-0.0153401407372311;7.2176561298866
9663921742.91041;10.5648128323625;0.00083903604185483;-8.35392499220231;-11.6659161067331;32.1532610303011;-0.0156759515216177;7.21765612144149
9663921743.29061;10.5648128340936;0.000839036040992237;-8.34168512462107;-11.6442032396765;32.1624204321409;-0.016026201900489;7.21765611291591
9663921743.66072;10.5648128358304;0.000839036040107613;-8.32859091139507;-11.6215737734168;32.1722191657835;-0.0163869510549754;7.21765610408271
9663921744.02036;10.5648128375731;0.000839036039200844;-8.31463202967655;-11.5983761224842;32.1826649628256;-0.0167447208267276;7.21765609492858
9663921744.36572;10.5648128393042;0.000839036038282156;-8.29996560733336;-11.5751064472568;32.1936402457284;-0.0170855611335391;7.21765608553907
9663921744.70284;10.5648128410559;0.000839036037335149;-8.28432705240662;-11.5514285225809;32.2053430186962;-0.0174111099876934;7.21765607573337
9663921745.03077;10.5648128428262;0.000839036036361547;-8.26772357651802;-11.5274028033578;32.2177678872423;-0.0177180621802819;7.21765606550799
9663921745.35003;10.5648128446211;0.000839036035358973;-8.25011204642126;-11.5030200021147;32.2309471315962;-0.0180038386476404;7.21765605481595
9663921745.66218;10.5648128464532;0.000839036034320731;-8.2314143365694;-11.4780741210458;32.2449392143012;-0.0182726601992084;7.21765604356437
9663921745.96857;10.5648128483354;0.000839036033239562;-8.21158778991979;-11.4523713500521;32.2597760544448;-0.0185301010681099;7.21765603165416
9663921746.26914;10.5648128502732;0.000839036032112222;-8.19065746636862;-11.425898185126;32.2754388982736;-0.018777226197757;7.21765601902847
9663921746.56323;10.5648128522673;0.000839036030937882;-8.16872096302539;-11.3986809701529;32.291854708637;-0.0190166048661562;7.21765600565885
9663921746.85052;10.5648128543208;0.000839036029714391;-8.14582937544967;-11.3707235147692;32.3089852477856;-0.0192499310688925;7.21765599150553
9663921747.1358;10.5648128564769;0.000839036028414918;-8.12159471959281;-11.3414957170495;32.3271208557449;-0.019483457539277;7.21765597624947
9663921747.41673;10.5648128587282;0.000839036027042709;-8.09616782248695;-11.3111860136579;32.3461486637128;-0.0197153452657248;7.21765595990679
9663921747.69118;10.5648128610658;0.000839036025602338;-8.06970245092691;-11.2799864445831;32.3659536030933;-0.0199436394212614;7.21765594251415
9663921747.96435;10.564812863548;0.000839036024056318;-8.04160342565476;-11.2472217096549;32.3869810675606;-0.0201721497442682;7.21765592361367
9663921748.23439;10.5648128661752;0.000839036022402678;-8.01192518259353;-11.212991005637;32.4091903218208;-0.0203986937642154;7.21765590315645
9663921748.50162;10.5648128689701;0.000839036020625478;-7.98050813444252;-11.1771350566549;32.4327007912546;-0.020623206637417;7.2176558809257
9663921748.76636;10.56481287196;0.000839036018705268;-7.94716958538035;-11.1394770369644;32.4576491943743;-0.0208453701109899;7.21765585665788
9663921749.02726;10.5648128751555;0.000839036016633127;-7.91193010468605;-11.1000492236272;32.4840201386689;-0.0210644756136693;7.21765583021403
9663921749.2866;10.5648128786196;0.000839036014365527;-7.87428742717572;-11.0583036589752;32.5121894871431;-0.0212828598725442;7.21765580102937
9663921749.54426;10.5648128823957;0.000839036011870621;-7.83401029583296;-11.0140053913066;32.5423302979991;-0.0215007472192724;7.217655768676
9663921749.80121;10.5648128865566;0.000839036009096353;-7.79065475470208;-10.9666879839806;32.574774799546;-0.021719418455264;7.21765573247024
9663921750.05424;10.5648128911139;0.000839036006030582;-7.74446452215452;-10.9166368556086;32.6093406087274;-0.0219366185560134;7.21765569222124
9663921750.30576;10.5648128961943;0.000839036002582912;-7.69467361600171;-10.8630439265222;32.646600937576;-0.0221547911346697;7.21765564676468
9663921750.55519;10.5648129018955;0.000839035998680453;-7.64097458006092;-10.8056064859329;32.686785866627;-0.0223738288748463;7.21765559515166
9663921750.80366;10.5648129083918;0.000839035994195826;-7.58261298239409;-10.7435514819986;32.7304599644068;-0.0225950657237494;7.21765553575457
9663921751.05079;10.5648129158714;0.00083903598898892;-7.51905709294858;-10.6763547716108;32.7780211433868;-0.0228183928258632;7.21765546679553
9663921751.30124;10.5648129247945;0.000839035982724674;-7.44820085225451;-10.6018458397559;32.8310454434828;-0.0230483438681571;7.21765538411427
9663921751.54982;10.5648129353877;0.000839035975226255;-7.37043791249904;-10.5204981195202;32.889238278581;-0.0232805699401328;7.21765528551196
9663921751.79598;10.5648129481617;0.000839035966110976;-7.28489843297351;-10.4314551333762;32.9532505788138;-0.0235148146771564;7.21765516632439
9663921752.04066;10.5648129639616;0.000839035954747079;-7.18994499139499;-10.333071900028;33.0243076811783;-0.0237523625301512;7.21765501899609
9663921752.28364;10.5648129839862;0.00083903594023315;-7.08399175389074;-10.2237702215917;33.103596313027;-0.0239936715550744;7.21765483293594
9663921752.52479;10.5648130101266;0.000839035921143714;-6.96497511309026;-10.1014939784137;33.1926607300454;-0.0242394745728924;7.21765459175976
9663921752.76281;10.5648130452558;0.000839035895303247;-6.83095519080532;-9.96432342983226;33.2929525848428;-0.0244897342965393;7.21765427099461
9663921752.99535;10.5648130938046;0.000839035859343219;-6.68030833443406;-9.8106672120546;33.4056868674518;-0.02474352262481;7.21765383356216
9663921753.22166;10.5648131637383;0.000839035807201102;-6.51003375098313;-9.63753112295477;33.5331090944242;-0.0250020978121154;7.2176532145468
9663921753.44142;10.5648132699304;0.000839035727528592;-6.31583931326577;-9.44062306912437;33.6784310602998;-0.0252678386755667;7.21765229642594
9663921753.65414;10.5648134421197;0.000839035597574759;-6.09181553614479;-9.21403269102471;33.8460747302673;-0.0255441322566015;7.21765085287471
9663921753.85928;10.5648137460575;0.000839035366906158;-5.82925584133627;-8.94905201548369;34.0425548716703;-0.0258360414129021;7.21764840744805
9663921754.05607;10.564814348969;0.000839034906931952;-5.51375935869646;-8.63127949947277;34.2786465358939;-0.0261519167487251;7.21764382748319
9663921754.24345;10.5648157614975;0.00083903382399025;-5.12271682271882;-8.23810893754031;34.5712643769346;-0.0265047155971982;7.21763393060654
9663921754.42013;10.5648199444626;0.000839030602432991;-4.62571625094507;-7.73913464525242;34.9431503743754;-0.0269118567777519;7.21760767735466
9663921754.58578;10.5648376805178;0.000839016885342256;-3.97032787195198;-7.08192289198764;35.4334613913497;-0.027404290292141;7.21751266255016
9663921754.74194;10.5649837922123;0.000838903440169826;-3.02888580913849;-6.13878476698114;36.1370870556197;-0.0280578367557824;7.21691599432107
9663921754.89184;10.5692728109212;0.000835561003910921;-1.54345048252296;-4.65174528926472;37.2301832030985;-0.029013516310176;7.20454520862494
9663921755.04086;10.604772988878;0.000807795609669058;-0.623006259213612;-3.72973294490857;37.6300187158175;-0.0294311849997991;7.01147147816269
9663921755.20083;10.6947820296796;0.000737129528090612;-0.249740235321535;-3.35481535847461;36.8821680374077;-0.028956183424582;6.32516542568394
9663921755.37726;10.8656083219477;0.000602463637410825;-0.0140217954118977;-3.11731890231565;34.868685589628;-0.027487704260363;4.86200655872646
9663921755.56794;11.1278063278291;0.000394876790480514;0.138316577345477;-2.96311297465951;31.3284278851694;-0.0248032762190731;2.42042592925677
9663921755.76645;11.4431490814342;0.000144129268635449;0.200998007945538;-2.89854819810979;26.5996754121056;-0.0211509622948913;-0.770367982572833
9663921755.97231;11.6996510889912;-6.07183480640163e-05;0.0955305808241078;-3.00212927220003;25.4191692083264;-0.0203002552705086;-1.50632815970654
9663921756.18587;11.9249077383187;-0.00024139496198596;0.0231419804898418;-3.07263369643348;25.4759565625406;-0.0204340674598741;-1.43219160382607
9663921756.40273;12.1256873839325;-0.00040312121799008;-0.0334403054323729;-3.12737945611889;25.5196826720977;-0.020555882148084;-1.37468500972383
9663921756.62276;12.3082572288182;-0.000550785141635124;-0.0810525184788542;-3.17320716097946;25.5561360719296;-0.0206700034605989;-1.32652268080576
9663921756.84687;12.4771602906512;-0.000687942667329345;-0.122834122674107;-3.2132520032079;25.5879955924532;-0.0207787006632558;-1.2843450369227
9663921757.07419;12.6343323559836;-0.000816068706232626;-0.160269035312644;-3.24900699553184;25.6164190436431;-0.0208824023277089;-1.24663653424648
9663921757.30251;12.7803666527558;-0.000935556535175664;-0.194072997307468;-3.28120419076275;25.642001450406;-0.0209807363803157;-1.21264173958542
9663921757.53248;12.9173272849511;-0.00104801820805248;-0.225087999108247;-3.31067921171331;25.6654299194723;-0.0210745024871965;-1.18148057031052
9663921757.76461;13.04669642007;-0.00115460847791008;-0.253904259906293;-3.33801737291782;25.6871604411407;-0.0211642549884803;-1.15255324885523
9663921757.99838;13.1691358180183;-0.00125581838097123;-0.280864736222466;-3.36356291277495;25.7074439936466;-0.0212500874567033;-1.12552060704523
9663921758.23264;13.2848855738169;-0.00135179595987695;-0.306168483784366;-3.38751877684317;25.7264354767689;-0.0213318894186812;-1.10017962156015
9663921758.46786;13.3948728189026;-0.00144326600868236;-0.330128317598647;-3.41019173094602;25.7443814283035;-0.0214101173629356;-1.0762091616343
9663921758.7043;13.4997661617773;-0.00153074719543602;-0.352977737463523;-3.43181099778106;25.7614605336574;-0.0214850921729489;-1.05337308942217
9663921758.94181;13.5999536942677;-0.00161453014463629;-0.374876439845635;-3.45253447671379;25.7777894385341;-0.0215569659152159;-1.03151362036192
9663921759.17952;13.6954850356491;-0.00169462533735269;-0.395892862665357;-3.47243228782679;25.7934201735105;-0.0216256668203108;-1.01056177156801
9663921759.41766;13.786824270582;-0.00177139395827083;-0.416175173379634;-3.49164880401697;25.8084678152036;-0.0216914503787899;-0.990366571300325
9663921759.65654;13.8743876519518;-0.00184516150731514;-0.435854084967312;-3.51031125491927;25.8230320047507;-0.021754547963814;-0.970796088210664
9663921759.89613;13.9584223829993;-0.00191611445189453;-0.45501968525088;-3.52850807611875;25.8371778946551;-0.0218150737010301;-0.951761747006434
9663921760.13617;14.0390524931106;-0.00198433737938159;-0.473782598477813;-3.54634950005525;25.8509376284895;-0.0218730526458023;-0.933186758986877
9663921760.37932;14.1172394791733;-0.00205062804890894;-0.492737664836187;-3.56441973182725;25.8645516417694;-0.0219292049956195;-0.914613057846188
9663921760.6305;14.1943528710336;-0.0021161386425625;-0.512862967358601;-3.5836812384992;25.87855179324;-0.0219847584183656;-0.895196242559543
9663921760.89098;14.2703214779639;-0.00218080199980383;-0.535141689018095;-3.6051176027551;25.8934142381858;-0.0220400921214336;-0.87412658060194
9663921761.16222;14.3449201425058;-0.00224441919325677;-0.560610842203269;-3.62976738926366;25.9098271069908;-0.0220957103390545;-0.8504257945403
9663921761.44692;14.4180214489237;-0.00230687379094397;-0.590468748297564;-3.65882947163186;25.9285295359117;-0.0221522153315322;-0.823000873064584
9663921761.74974;14.4896423717509;-0.00236817272531351;-0.62613946661949;-3.69372645442537;25.9504523681052;-0.0222104800354335;-0.790517847714531
9663921762.07789;14.5598840607539;-0.00242839555611117;-0.669487289208148;-3.73632106926176;25.9766609185809;-0.0222715039656922;-0.751332786885983
9663921762.44739;14.6295919122015;-0.00248826276947158;-0.724322845746438;-3.79041549925094;26.0090424902982;-0.0223373531636797;-0.70227938231212
9663921762.89067;14.7000373928365;-0.00254886666336769;-0.798824281803987;-3.86417688920937;26.0514330672202;-0.0224119172900262;-0.636705565044085
9663921763.51427;14.7748660110525;-0.00261335607662709;-0.920838385144658;-3.98541768513055;26.1159277856594;-0.0225074430047506;-0.532606627786809
9663921764.65569;14.8460682117114;-0.00267482000881809;-1.20495582856606;-4.26882890417334;26.2363384802703;-0.0226480152912302;-0.310095993724842
9663921767.60657;14.8663238340106;-0.00269229329691537;-2.16340540469278;-5.22757635737926;26.3919074661101;-0.0227666864923059;0.273072435228357
9663921783.25706;14.8679656648454;-0.00269370548902293;-3.97919942040616;-7.04463404819471;26.4230621651856;-0.0227273352751424;1.20178586265945
9663921904.41608;14.8681475220338;-0.00269386164343003;-5.82362529129803;-8.88980151792436;26.4354140205339;-0.0226991654264432;2.13225178832857
9663922894.28593;14.8681700323342;-0.00269388093240205;-7.6431968035453;-10.7102690127747;26.4484638107246;-0.0226635658973136;3.05075682493379
9663931373.07868;14.8681728087009;-0.0026938833052578;-9.48485720158142;-12.5530626814577;26.4645349902361;-0.0226182389318877;3.98232508237732
9663976390.00284;14.8681732910787;-0.00269388371607648;-10.9699885142998;-14.0397256366869;26.4831466276011;-0.0225544615071422;4.73732598809626
9664144519.69536;14.8681734069131;-0.00269388381429795;-12.1618067054316;-15.2334380025099;26.5049585272149;-0.0224747998053014;5.34780854864322
9664682191.96132;14.8681734414161;-0.002693883843406;-13.1926606685624;-16.2665044220587;26.5316234473293;-0.0223830915689727;5.8810515174472
9666171085.20323;14.8681734534975;-0.00269388385353949;-14.0907473280455;-17.1671044883352;26.5644819662259;-0.0222814880198132;6.35204905549874
9670080848.77618;14.8681734583308;-0.00269388385756615;-14.9079068927627;-17.9872058919055;26.6077157428825;-0.0221670853311067;6.78951521988804
9681000485.14421;14.8681734604755;-0.00269388385933759;-15.706838034181;-18.7898807903518;26.6727827999469;-0.0220305618041451;7.23245496720363
9719506134.90678;14.8681734615249;-0.00269388386019326;-16.5645763329225;-19.6532199954879;26.7979479694684;-0.0218503237916192;7.74495256207929
9816194323.28031;14.8681734621488;-0.00269388386069452;-17.1902805718533;-20.2853109631244;26.9847591396492;-0.0216814415820121;8.18262159068146
9967276576.53825;14.8681734626084;-0.00269388386105891;-17.5168103297532;-20.6176490748506;27.1884041869706;-0.0215548483889357;8.48195085581326
10168421338.2639;14.8681734630397;-0.00269388386139681;-17.6687126238375;-20.7747222504764;27.4053612658669;-0.0214696964804987;8.70286077975724
10408545898.7223;14.8681734635172;-0.00269388386176676;-17.7014861686265;-20.8122946238319;27.6338888001175;-0.0214108323270825;8.87193708754598
10666648787.1966;14.8681734640935;-0.00269388386220886;-17.6511376359933;-20.766268665356;27.8650060836321;-0.0213760822986321;9.00118269858982
10933807543.3841;14.8681734648583;-0.00269388386279011;-17.5432547507931;-20.6624088737183;28.0992716271504;-0.0213570340271845;9.10376463701159
11202133603.9382;14.8681734659414;-0.00269388386360651;-17.3939704418625;-20.5167574453727;28.3355879942223;-0.0213572448003984;9.18701612196765
11459255810.8123;14.8681734674926;-0.00269388386476702;-17.2194876043965;-20.345491111444;28.5666313745092;-0.0213725097371558;9.25414523015452
11703385138.5623;14.86817346978;-0.00269388386646755;-17.0282784007092;-20.1570343650573;28.7925930668828;-0.0214054723096914;9.30951585922536
11938388153.9989;14.868173473327;-0.00269388386909042;-16.8212097649619;-19.9522979807033;29.0184390155576;-0.0214578315212055;9.35687944857465
12163711691.5953;14.8681734789738;-0.00269388387324804;-16.6010039519279;-19.7339610074136;29.24462761332;-0.0215322314874765;9.39790339964418
12378429891.0884;14.8681734881371;-0.00269388387997462;-16.3698146475158;-19.5040745008982;29.4711983862578;-0.0216340556501987;9.43369096704534
12585631182.8927;14.8681735036952;-0.00269388389137796;-16.124437899855;-19.2593604139157;29.7026362150978;-0.0217707044556968;9.46563672977717
12784376372.4081;14.8681735308027;-0.00269388391125324;-15.8652065374681;-18.9999834423632;29.9394054844199;-0.0219516043903243;9.4942173829675
12974346947.5349;14.868173579536;-0.00269388394708327;-15.590860816087;-18.7244392021042;30.183122424985;-0.0221914550621259;9.51988293843113
13153977169.8578;14.8681736693019;-0.00269388401347694;-15.3012677338298;-18.4322527127756;30.4341820561816;-0.0225100601385735;9.54283083540016
13324830380.761;14.8681738439298;-0.00269388414398521;-14.9905096255878;-18.1169851060343;30.6977986579019;-0.0229420252202339;9.56358615508044
13486874587.0079;14.86817420439;-0.00269388441793962;-14.652776176421;-17.7719552189711;30.978686633837;-0.0235442011227573;9.58239367649355
13640351734.2626;14.8681750167307;-0.00269388505231724;-14.2763054992775;-17.3836958636945;31.2859907530107;-0.0244320297303985;9.59948255272924
13783808867.6676;14.8681770677467;-0.00269388672748636;-13.844753110109;-16.9326634887561;31.6319547338518;-0.0258354274764719;9.61486125666089
13916251819.1018;14.8681832839666;-0.00269389222714031;-13.328502475866;-16.3816934871235;32.0387951024624;-0.0283455679848793;9.62856576760552
14039210347.4902;14.8682112336092;-0.00269392278497928;-12.643382397747;-15.6046360187112;32.5698083012824;-0.035609147898905;9.64080431744829
14155657292.1543;14.8686345467331;-0.00269436782373349;-11.4394663650021;-14.4177302667777;33.4859228306824;-0.0352045153814179;9.65094349293035
14266712650.4645;14.9488960517795;-0.00273274679233264;-9.14103221839469;-12.4614462183893;34.8498742468169;-0.0166643053681731;9.41302131781887
14370923859.384;15.0911873485976;-0.00277021520714969;-8.8647360965577;-12.4442491143237;33.3522837337165;-0.00878238676556873;8.27426396040048
14458517840.3944;15.2168992529537;-0.00280658488100868;-8.84309785941927;-12.3817348582162;32.2713762955676;-0.00933642232899872;7.54123908750776
14516605209.5457;15.3074234518093;-0.00283518895552594;-8.80731701721267;-12.3076538064251;32.1502383180041;-0.0101589168887526;7.44241111098665
14540316933.4572;15.3491732983112;-0.00284836068751538;-8.75430824651528;-12.255320244239;32.1348021034418;-0.0101382648394184;7.40559308796867
14545742881.3638;15.359239884516;-0.00285124777917208;-8.73159340291327;-12.2740150481911;32.1333526445552;-0.00921582872621628;7.39326703325748
14546226854.5619;15.3601482609943;-0.00285146329457258;-8.72655543163745;-12.3513430017951;32.1352037301073;-0.00762418608076598;7.39198456595342
14546256388.8709;15.3602040114955;-0.00285147696703004;-8.72407803773118;-12.3344802329795;32.13693373879;-0.00788137953921165;7.39190180727188
14546258861.5942;15.3602087062238;-0.00285147815368355;-8.72156506641081;-12.3188515989783;32.1388034426949;-0.00812349974131586;7.39189459542954
14546259080.468;15.3602091243149;-0.00285147825714312;-8.71892279008339;-12.3254230129375;32.1407798111242;-0.00795346156531804;7.3918939304863
14546259102.9522;15.3602091675499;-0.00285147826806924;-8.71604275914275;-12.3134124791355;32.142934905334;-0.00812298794623317;7.39189385920327
14546259107.7359;15.3602091768207;-0.00285147827048003;-8.71264222739517;-12.2976011001927;32.1454795761057;-0.00835912917595237;7.39189384327759
14546259110.2234;15.3602091816856;-0.00285147827178697;-8.70869110437765;-12.2795092867866;32.1484362745373;-0.00863657742913129;7.39189383453713
14546259111.9763;15.3602091851496;-0.00285147827272935;-8.70417387346632;-12.2695218995234;32.1518166606345;-0.00874696705248213;7.39189382801349
14546259113.293;15.360209187782;-0.00285147827345593;-8.69916724754992;-12.2582319664347;32.1555632773306;-0.00887547086598366;7.39189382280223
14546259114.3437;15.3602091899089;-0.00285147827404851;-8.69369502032992;-12.2486983205299;32.1596583350118;-0.0089600023990692;7.39189381836813
14546259115.2441;15.3602091917574;-0.00285147827457105;-8.68760693835993;-12.2363158218087;32.1642142486162;-0.00909209705199868;7.3918938143042
14546259116.0261;15.3602091933876;-0.00285147827503993;-8.68099377289405;-12.2221748606106;32.1691630951476;-0.00925249107482327;7.39189381051939
14546259116.7166;15.3602091948507;-0.00285147827546777;-8.67389590973073;-12.2078876202237;32.1744746612337;-0.00940848623949209;7.39189380693061
14546259117.3405;15.3602091961959;-0.0028514782758677;-8.66628976853449;-12.1930936322405;32.1801665908215;-0.00956719055928986;7.39189380344504
14546259117.9364;15.3602091975063;-0.00285147827626524;-8.65782195085963;-12.1758301948044;32.1865033349616;-0.00976484950991167;7.39189379985709
14546259118.4777;15.3602091987209;-0.0028514782766427;-8.64900029819142;-12.1565798745585;32.1931048541714;-0.0100042212468092;7.39189379634061
14546259118.9632;15.3602091998329;-0.00285147827699749;-8.64007240239998;-12.1361755435855;32.1997858681616;-0.0102742432187134;7.39189379294494
14546259119.433;15.3602092009332;-0.00285147827735904;-8.63040328653304;-12.1137757047897;32.2070215521772;-0.0105822531274403;7.39189378940844
14546259119.8708;15.3602092019825;-0.00285147827771404;-8.62038402513951;-12.0910514940478;32.2145192583723;-0.010898938093791;7.39189378586069
14546259120.2895;15.3602092030106;-0.0028514782780719;-8.60978978112389;-12.0681175888671;32.2224472439252;-0.0112158118077052;7.39189378220977
14546259120.6918;15.3602092040245;-0.00285147827843443;-8.5985619185017;-12.0451942821805;32.2308493912681;-0.0115249589480146;7.39189377843163
14546259121.0903;15.3602092050575;-0.00285147827881343;-8.58631731895296;-12.0217899607887;32.2400124025722;-0.0118283061935731;7.39189377439454
14546259121.4677;15.3602092060652;-0.00285147827919173;-8.57357575291065;-11.9990498792636;32.2495473200194;-0.012107361133395;7.39189377026475
14546259121.833;15.3602092070709;-0.00285147827957729;-8.56006874319634;-11.9764783343305;32.259655054664;-0.0123665947164413;7.39189376594897
14546259122.1876;15.3602092080803;-0.00285147827997156;-8.54572722742427;-11.9539605266213;32.2703872891717;-0.0126058135237196;7.39189376141859
14546259122.5322;15.360209209096;-0.0028514782803751;-8.53051440164757;-11.9314268410414;32.2817715659781;-0.0128246322550789;7.39189375665388
14546259122.864;15.3602092101107;-0.00285147828078425;-8.51455064739171;-11.9089877162674;32.2937177995796;-0.013022098527571;7.39189375168482
14546259123.1898;15.3602092111469;-0.00285147828120765;-8.49752540958278;-11.8862126032952;32.3064583899673;-0.0132008579318212;7.39189374639428
14546259123.5137;15.3602092122213;-0.00285147828165178;-8.4792488935144;-11.8629163819805;32.320135368687;-0.0133599761432652;7.39189374067976
14546259123.8321;15.3602092133257;-0.00285147828211282;-8.45991921463831;-11.8393071053387;32.3346004787656;-0.0134983165483061;7.39189373456448
14546259124.1407;15.3602092144464;-0.00285147828258449;-8.43986516560575;-11.8156946230984;32.3496076718692;-0.0136156870412429;7.39189372811211
14546259124.4448;15.3602092156057;-0.00285147828307584;-8.41877591909766;-11.7915846694021;32.3653895503638;-0.0137174090141363;7.39189372118527
14546259124.7434;15.3602092168033;-0.00285147828358645;-8.39674283405284;-11.7669918248757;32.3818777459345;-0.0138055285364677;7.39189371376932
14546259125.033;15.3602092180276;-0.00285147828411104;-8.37403370579806;-11.7420770849096;32.3988718554632;-0.0138831018258772;7.39189370592501
14546259125.3257;15.3602092193362;-0.00285147828467449;-8.34962454279538;-11.7156029194708;32.4171381695195;-0.0139571355200898;7.39189369726844
14546259125.6191;15.3602092207287;-0.00285147828527676;-8.32355792644776;-11.6875414238646;32.4366448217622;-0.0140298306216033;7.3918936877667
14546259125.903;15.3602092221625;-0.0028514782858997;-8.29665006176407;-11.6587010463134;32.4567810135593;-0.0141011476748709;7.39189367767731
14546259126.1783;15.3602092236453;-0.00285147828654676;-8.26882023130023;-11.6289412795699;32.4776071480954;-0.0141730387976049;7.3918936669394
14546259126.4536;15.3602092252324;-0.00285147828724262;-8.23911755069445;-11.5972126817115;32.4998348082309;-0.0142490536779627;7.39189365513822
14546259126.7303;15.36020922695;-0.00285147828799944;-8.20716053644937;-11.5630906215813;32.5237494723446;-0.0143308028671591;7.39189364204167
14546259127.0082;15.360209228817;-0.00285147828882651;-8.17274177042128;-11.5263447921277;32.5495063590556;-0.0144192072742657;7.3918936274578
14546259127.2786;15.3602092307903;-0.00285147828970556;-8.13677400704415;-11.487949727574;32.5764224188695;-0.0145120132862959;7.39189361166938
14546259127.548;15.3602092329392;-0.00285147829066858;-8.0982209427384;-11.4468090560547;32.6052731574775;-0.0146116657738856;7.39189359410156
14546259127.8104;15.3602092352363;-0.00285147829170436;-8.057769127496;-11.4036733907065;32.6355448031159;-0.0147158924038122;7.39189357492331
14546259128.0713;15.3602092377603;-0.00285147829284989;-8.01436565507869;-11.3574457278647;32.6680252859686;-0.0148266423057305;7.39189355345676
14546259128.3314;15.3602092405629;-0.00285147829413057;-7.96755577914301;-11.3076760818095;32.7030549101862;-0.0149440399847947;7.39189352921275
14546259128.5917;15.3602092437159;-0.0028514782955817;-7.91673008924732;-11.2537583718264;32.7410897209589;-0.0150683204434247;7.39189350151796
14546259128.8503;15.3602092472716;-0.00285147829723013;-7.86176846637453;-11.1956124673421;32.782219607891;-0.0151982769560196;7.39189346984571
14546259129.1093;15.3602092513607;-0.0028514782991403;-7.80166038985487;-11.1322222963263;32.8272007821079;-0.015334582098355;7.39189343298883
14546259129.3652;15.3602092560541;-0.00285147830134952;-7.73658166054942;-11.0638285521448;32.8759016846625;-0.0154750044089096;7.39189339022761
14546259129.6212;15.3602092615906;-0.00285147830397588;-7.66497548733499;-10.9888542151677;32.9294873211085;-0.0156209068057673;7.39189333939239
14546259129.8737;15.3602092681284;-0.00285147830710132;-7.58693892938671;-10.9074623150451;32.9878850569392;-0.0157699779823686;7.39189327896655
14546259130.1263;15.3602092761089;-0.00285147831094615;-7.50035238025939;-10.8175062655526;33.0526810722011;-0.0159240234259526;7.39189320499749
14546259130.3795;15.3602092861101;-0.00285147831580208;-7.40346706176226;-10.7172449615635;33.1251840400714;-0.0160834939504632;7.39189311233558
14546259130.6289;15.3602092987141;-0.00285147832196857;-7.29633672756097;-10.6068066756869;33.2053537279673;-0.016245690041984;7.39189299575058
14546259130.876;15.3602093151778;-0.00285147833008396;-7.17639532630604;-10.4836152576487;33.2951103985013;-0.0164119629510191;7.3918928443617
14546259131.1203;15.3602093373767;-0.00285147834110662;-7.04146799482361;-10.3455132322322;33.3960815653781;-0.0165825102981994;7.39189264220533
14546259131.3606;15.3602093684043;-0.00285147835662276;-6.88906282228553;-10.1900273079606;33.5101319871062;-0.0167575935572716;7.3918923635041
14546259131.5952;15.360209413445;-0.00285147837930056;-6.71670598999727;-10.0147094424315;33.6391128586452;-0.016937179160372;7.39189196602168
14546259131.8234;15.3602094823052;-0.00285147841419845;-6.5203781085983;-9.81554723682845;33.7860319343224;-0.0171225348961921;7.39189137226379
14546259132.0448;15.3602095947281;-0.00285147847152975;-6.29437735417733;-9.58684062321423;33.9551558924326;-0.0173157959596896;7.39189043185035
14546259132.259;15.3602097943515;-0.0028514785739356;-6.03050944624279;-9.32039610364174;34.152616366757;-0.0175201299209147;7.39188882750927
14546259132.4652;15.3602101908086;-0.00285147877846476;-5.71607973937678;-9.00352063415058;34.3879121477774;-0.0177404615168861;7.39188580993509
14546259132.6626;15.3602111172791;-0.00285147925897574;-5.32851365693579;-8.61364193473713;34.6779335745721;-0.0179856000871748;7.39187929347653
14546259132.8501;15.3602138772565;-0.00285148069761528;-4.83225917481853;-8.1152127098561;35.0492747058437;-0.0182694511401832;7.39186196422027
14546259133.0266;15.3602257419457;-0.00285148691103822;-4.17243750425327;-7.45336295352965;35.5429510036657;-0.0186134995707264;7.39179871798903
14546259133.1924;15.3603245814446;-0.00285153889799689;-3.22446434637589;-6.50350047021458;36.2517567556047;-0.0190674639269161;7.39139744685606
14546259133.3492;15.3635767442575;-0.00285325644978577;-1.68319301641314;-4.96045545485652;37.3920724854341;-0.0197477262614206;7.38265783368531
14546259133.5012;15.3977830464567;-0.00287139272550182;-0.647771377188618;-3.92332939589915;37.9048892399843;-0.0200972767602964;7.20758319721372
14546259133.657;15.4821920054149;-0.00291632506407786;-0.266157267448353;-3.53998678872509;37.2333800107137;-0.0198199676624253;6.56811034380473
14546259133.8242;15.6384018161792;-0.00299982958979494;-0.0295975506554741;-3.30159584324242;35.4116769549323;-0.0189298948286365;5.23266771331891
14546259134.0086;15.8874185054335;-0.00313355602254462;0.130470714895881;-3.13954048022492;32.090439050839;-0.0172331418929797;2.93356014671985
14546259134.2028;16.200847201258;-0.00330267109168798;0.207854254448114;-3.06010219363792;27.4190583671126;-0.0147943567815398;-0.226277387014206
14546259134.4043;16.4652442810438;-0.00344601825768875;0.118059849800153;-3.14780769305467;25.4025248837179;-0.0137723909594412;-1.52863404220722
14546259134.6126;16.6941384432442;-0.00357072213943305;0.040970064655787;-3.22278467948149;25.4616926240175;-0.0138717906803375;-1.45055649086652
14546259134.8275;16.9000571586508;-0.00368346011385922;-0.0186812987960238;-3.28030689153861;25.5082119965467;-0.0139654336229041;-1.38964907936297
14546259135.0454;17.0861892671915;-0.00378585982208862;-0.0683547433133999;-3.32787732126638;25.5462616503113;-0.0140541562648829;-1.3393896298273
14546259135.2661;17.2569549801005;-0.00388025531649536;-0.111441584771522;-3.36889099484689;25.5790991620912;-0.0141395580573718;-1.29590595050769
14546259135.4904;17.4157941788748;-0.00396847280872456;-0.149868637337797;-3.40527161717349;25.608321113098;-0.0142225715455009;-1.2571678860418
14546259135.7182;17.5646412407893;-0.00405152522160378;-0.18474142504954;-3.43812943729171;25.6347724193281;-0.0143034714669581;-1.22205814776999
14546259135.9468;17.70353919519;-0.00412937659046413;-0.216491834975876;-3.46792143158259;25.6587840699407;-0.0143815758248962;-1.19013964360465
14546259136.1765;17.8339670121474;-0.00420280135103476;-0.245751266886984;-3.49527895318497;25.6808622141894;-0.0144571242800145;-1.16075849237051
14546259136.4078;17.9573355025773;-0.00427254846094515;-0.273040085795804;-3.52071811982694;25.7014187197958;-0.0145304499557053;-1.13337932398905
14546259136.6409;18.0745073280926;-0.00433906693677753;-0.298706522875072;-3.5445874296;25.7207173306371;-0.0146016579209614;-1.10765180362682
14546259136.8751;18.1858177912954;-0.00440251138966286;-0.322950972134372;-3.56709330555746;25.7389043212618;-0.0146705947989449;-1.08337800170241
14546259137.1094;18.2914733441004;-0.00446296521608071;-0.345916451693889;-3.58838498366163;25.7560907456503;-0.0147370791009345;-1.06041220904241
14546259137.3445;18.3922612858617;-0.00452084860760486;-0.367850716167021;-3.60870532299671;25.7724695177377;-0.0148013533917692;-1.03850165372736
14546259137.5806;18.4886871624678;-0.0045764255833005;-0.388925557904163;-3.62822424332426;25.788172385149;-0.0148635270980252;-1.01747241299859
14546259137.8176;18.5810240272961;-0.00462982955188863;-0.409253474990104;-3.64705506779858;25.8032820842708;-0.0149235916604028;-0.997212957901582
14546259138.0547;18.6693620676166;-0.00468108989349005;-0.428896677502656;-3.66526294218282;25.8178447539002;-0.0149814455549952;-0.97766135602583
14546259138.292;18.753958134466;-0.00473033444418455;-0.447945673116275;-3.68293766552354;25.8319304302081;-0.0150371270791114;-0.958725559191657
14546259138.5298;18.8351929845847;-0.00477776595728609;-0.466522806784665;-3.70019821110343;25.8456226059462;-0.0150907767474145;-0.940288609589576
14546259138.7693;18.9135990034879;-0.00482367928092401;-0.48495965647121;-3.7173703271915;25.8590294363522;-0.0151426383341769;-0.922112454742652
14546259139.0156;18.9907213421395;-0.00486896954938888;-0.504149221082681;-3.73532451665152;25.8726071086473;-0.0151937472634333;-0.903445795479452
14546259139.271;19.0669818482697;-0.00491387868930301;-0.525030966210817;-3.75499591183967;25.8868146220147;-0.0152445169693201;-0.883512220726141
14546259139.537;19.1421728718542;-0.00495827853823398;-0.548667032046416;-3.77745153657118;25.9022583298811;-0.0152951283543216;-0.861375528161687
14546259139.8157;19.2161280836584;-0.00500206425963109;-0.57617393288802;-3.80381020871544;25.919684383404;-0.0153459377835038;-0.835978923153968
14546259140.1104;19.2886559300997;-0.00504511518723279;-0.608879081905087;-3.8354013506502;25.9399128100229;-0.0153973592650692;-0.806110801527353
14546259140.428;19.3600100017401;-0.00508757540701518;-0.648509020136647;-3.87394554238641;25.964046322942;-0.0154502621639902;-0.770171119843516
14546259140.7783;19.430274841698;-0.00512948960878043;-0.697619099518777;-3.92199596126936;25.9933749357618;-0.0155055012189597;-0.72602028535241
14546259141.1887;19.5011726632264;-0.00517188479529771;-0.762617258887331;-3.98593359946379;26.0310569044448;-0.0155659439023013;-0.668344153813475
14546259141.7196;19.574593427274;-0.00521589898640127;-0.859144675442754;-4.08137085032131;26.0841320992697;-0.0156368840596994;-0.584618478668876
14546259142.6005;19.652373643982;-0.0052626516282205;-1.05405812015388;-4.27512111270014;26.1778993727067;-0.0157351831192043;-0.424511557444752
14546259144.4689;19.6967264522797;-0.00528934425278302;-1.62455684879045;-4.84508669410099;26.3394706828316;-0.0158517493953068;-0.0313088495050098
14546259152.2678;19.7009014636484;-0.00529184735958715;-3.27137784721124;-6.49355612888092;26.4179764373175;-0.015838763234753;0.844556184196788
14546259205.9555;19.7013187234626;-0.00529209689034153;-5.10946804034271;-8.33275052109283;26.430952275339;-0.0158063039771923;1.77227119187005
14546259648.6965;19.7013688244745;-0.00529212676737716;-6.94630322849733;-10.1708122208958;26.4439239350049;-0.0157694630863201;2.69935589144712
14546263315.1164;19.7013750828796;-0.00529213048874011;-8.76777853144233;-11.9935401760113;26.4582257992294;-0.0157325483064325;3.6196494132874
14546288186.2829;19.7013760058279;-0.00529213103521786;-10.4305187949483;-13.6581236691839;26.4760400718222;-0.0156764656613241;4.46292214840347
14546391041.0777;19.7013762028178;-0.00529213115121671;-11.7177805615911;-14.9477708852114;26.496476124214;-0.0156026294884653;5.12020724725341
14546738686.221;19.7013762571469;-0.0052921311830019;-12.8061037342157;-16.0389112736749;26.5210955617537;-0.0155161482679791;5.68081816012129
14547749706.9642;19.7013762750889;-0.0052921311934215;-13.7508879944822;-16.9869090522239;26.5512341622835;-0.0154192643870014;6.1733472200979
14550431587.1453;19.7013762819248;-0.00529213119735782;-14.593643568365;-17.8333490661677;26.5896453216654;-0.0153111230413333;6.62038920625746
14557540472.0851;19.7013762848495;-0.00529213119902486;-15.3857213184561;-18.6298546757684;26.6434235797473;-0.0151864642450514;7.05235973195887
14580219887.0585;19.7013762862238;-0.00529213119979718;-16.2175575674191;-19.4678350084898;26.7372642139735;-0.0150258665238658;7.53097699756276
14652613963.4747;19.7013762869778;-0.00529213120021306;-16.9823460763274;-20.2407372955943;26.9069666509634;-0.0148413539001282;8.02675710480499
14783122096.0722;19.7013762874834;-0.00529213120048719;-17.4117790133848;-20.6776729724577;27.1060604432833;-0.0146950965336506;8.37449710043718
14965287473.8959;19.7013762879164;-0.00529213120071846;-17.6240142977651;-20.8963570619501;27.3180332909756;-0.0145917259924908;8.62224336047991
15192983476.537;19.7013762883711;-0.00529213120095815;-17.6996511889465;-20.9776978686218;27.5435192852188;-0.0145202050833392;8.81071918044246
15444673589.5998;19.7013762888989;-0.00529213120123319;-17.6783553502065;-20.9614754243047;27.7731182512103;-0.0144712007806918;8.95347670658826
15710551342.009;19.7013762895812;-0.00529213120158501;-17.5907468170565;-20.8783635619716;28.0071834208406;-0.0144428430135297;9.06606196609712
15979034167.1036;19.7013762905204;-0.0052921312020649;-17.4561526724333;-20.7477739394759;28.242780519368;-0.014430659653921;9.15617797694624
16244265588.0218;19.7013762918865;-0.00529213120275729;-17.2881502436857;-20.5832736363616;28.4789006330118;-0.0144344362772814;9.22993930156303
16493464617.5648;19.7013762938539;-0.00529213120374803;-17.1026472743735;-20.4005874492224;28.7067311945982;-0.0144558478248349;9.28941173705492
16731967027.3968;19.7013762968473;-0.00529213120524768;-16.9013229413007;-20.2015024344512;28.9324941784751;-0.0144946048862535;9.33959205433497
16960680188.4951;19.7013763015568;-0.0052921312075984;-16.6863171575943;-19.988090784167;29.1580794433197;-0.0145540977788959;9.38281291116688
17179612357.5714;19.7013763091642;-0.00529213121138822;-16.4590746386872;-19.7616906918998;29.3845530722531;-0.014638717723976;9.42050896500923
17387972942.4726;19.7013763216826;-0.00529213121762494;-16.2212661172431;-19.5238592588621;29.6120116199269;-0.0147528106894966;9.45358009612763
17589923381.6674;19.7013763434356;-0.00529213122849003;-15.9677256421805;-19.269211444404;29.8463714822712;-0.0149075315756469;9.48339634471196
17784351572.9745;19.7013763824034;-0.00529213124806798;-15.6980530607226;-18.9969919630456;30.0884272830214;-0.0151168250006724;9.51028856322092
17968787853.1346;19.7013764535927;-0.00529213128419259;-15.4134318043518;-18.7080432005916;30.3374268443135;-0.0153945623120689;9.53434590832706
18143377572.5955;19.7013765889147;-0.00529213135392903;-15.1106503780277;-18.3985589139298;30.5963484593503;-0.0157674354791191;9.55595257474248
18308364119.9354;19.7013768597091;-0.00529213149679146;-14.7848087161086;-18.0625305040187;30.8693353639107;-0.0162856647762396;9.57542683172026
18465160206.4206;19.7013774493509;-0.00529213181888578;-14.4247469943743;-17.6873521488428;31.1653187876033;-0.0170241884916715;9.59315615665711
18612637548.3188;19.7013788677269;-0.00529213263711015;-14.0169339269905;-17.2558528925491;31.4944990269345;-0.0181683605145378;9.60919026553153
18749293629.5629;19.7013828303152;-0.00529213513499752;-13.5376500058669;-16.738056110547;31.8746137369526;-0.0200927243352774;9.62352090927507
18875980673.0121;19.7013976388775;-0.00529214622111287;-12.9322193059097;-16.0579528077732;32.3468604606496;-0.0242157895228806;9.63633683541732
18994396824.8411;19.7015113819537;-0.00529225356839373;-12.0174859740099;-15.042619895611;33.0482438373452;-0.0311899346420128;9.6475999387588
19107295422.2148;19.7236973319169;-0.00530311138008146;-9.70661051721051;-13.0169462411773;34.7413893146296;-0.0170024481067793;9.62340634910999
19213605827.6117;19.8511570971781;-0.00531404042468729;-8.92120265994504;-12.9879935757673;34.0546051624848;-0.00292001399886161;8.77183171790472
19308929221.4742;19.9893566237754;-0.0053232796661184;-8.83869294106196;-13.0135631805964;32.4993380035694;-0.00217272256685228;7.69143015278669
19380261426.6877;20.097629191473;-0.00533475439341269;-8.81876721406096;-12.7935432773206;32.1647670762344;-0.00340882218398195;7.45792544762119
19418773347.0909;20.1652411729734;-0.00534286504829706;-8.75557151136202;-12.6765392531527;32.1300599061374;-0.00385428472187849;7.40313820350062
19430173266.7901;20.1872439514266;-0.00534518539875573;-8.71442426633212;-12.6913482078247;32.122502872253;-0.0033875478240988;7.37751534917048
19431856592.3608;20.1905801897254;-0.00534539025255984;-8.70291105705654;-12.9147240875001;32.1238361656565;-0.00197248800944469;7.3726495002291
19431949903.1066;20.1907663608333;-0.00534539895099477;-8.70001937755131;-13.0304905414017;32.1255604335139;-0.0015009960482817;7.37235570517664
19431957369.5613;20.1907813435103;-0.00534539980782918;-8.69752501691356;-12.9402175353394;32.127390455071;-0.0018373120908586;7.37233125681787
19431958010.1729;20.1907826366124;-0.00534539987714768;-8.69496195782007;-12.9657456359943;32.1293052407683;-0.00172233511610739;7.37232907822868
19431958073.0521;20.1907827643348;-0.0053453998835935;-8.69223983459085;-12.9892286409258;32.1313419875563;-0.00162158626880972;7.3723288560545
19431958081.8147;20.1907827822599;-0.0053453998846212;-8.68917678792322;-12.9307695650402;32.1336341282767;-0.00184232848690031;7.37232882376854
19431958085.089;20.1907827890164;-0.00534539988507978;-8.68538835988789;-12.8536996562242;32.1364691211542;-0.00218115667297487;7.37232881110413
19431958087.135;20.1907827932802;-0.00534539988538682;-8.68111670430026;-12.823719975624;32.139665750851;-0.00231439820873024;7.37232880275762
19431958088.6224;20.1907827964139;-0.00534539988562994;-8.67637416071765;-12.7866003348227;32.1432147637727;-0.00249380870124428;7.37232879633964
19431958089.7695;20.1907827988595;-0.00534539988583142;-8.67120214064626;-12.7553709891312;32.147085173996;-0.00264833397718188;7.3723287910892
19431958090.7314;20.1907828009377;-0.00534539988601271;-8.6654411824217;-12.7247727116207;32.1513963102577;-0.00280458307953489;7.37232878640566
19431958091.5558;20.1907828027447;-0.00534539988618026;-8.65918011702673;-12.6919619753319;32.156081694732;-0.00298181891295323;7.37232878212378
19431958092.2791;20.1907828043549;-0.00534539988633868;-8.65242878466711;-12.6595052737823;32.1611339646072;-0.00316413397461974;7.37232877810864
19431958092.9456;20.1907828058646;-0.00534539988649664;-8.64493448725273;-12.6252563161583;32.1667422221329;-0.00336577631386254;7.37232877414436
19431958093.5596;20.1907828072817;-0.00534539988665418;-8.63678535096731;-12.5908072736253;32.1728405196939;-0.00357657621047101;7.37232877022024
19431958094.1071;20.1907828085699;-0.00534539988680618;-8.62838493919125;-12.5565323715982;32.1791268545729;-0.0037968795793524;7.37232876645953
19431958094.6191;20.1907828097996;-0.00534539988696103;-8.61945191254784;-12.5193472274942;32.1858117606023;-0.00405293045839408;7.37232876268159
19431958095.0952;20.1907828109679;-0.00534539988711843;-8.61011427327752;-12.4806475420684;32.1927994487401;-0.0043373600527906;7.37232875890744
19431958095.5419;20.1907828120892;-0.0053453998872798;-8.60034548589495;-12.4422803811751;32.2001097781243;-0.00463364179011869;7.37232875510344
19431958095.9641;20.1907828131741;-0.00534539988744599;-8.59011190505741;-12.4048728884817;32.2077679277374;-0.00493400567684418;7.37232875124412
19431958096.3707;20.1907828142453;-0.00534539988762018;-8.57923204384281;-12.3680929507816;32.2159097112944;-0.00523853068914506;7.37232874725153
19431958096.7584;20.1907828152942;-0.00534539988780029;-8.5678236292041;-12.3330119869538;32.2244470312663;-0.0055334643447252;7.37232874315935
19431958097.1347;20.1907828163409;-0.00534539988798914;-8.55567754411549;-12.2993622411948;32.2335363789722;-0.00581598473535658;7.37232873888842
19431958097.498;20.1907828173819;-0.00534539988818556;-8.54283275257924;-12.2671359488587;32.2431485969593;-0.00608323016175431;7.37232873444838
19431958097.8493;20.1907828184205;-0.00534539988838958;-8.52926646485023;-12.2360397400039;32.2533007399477;-0.00633579170439834;7.3723287298229
19431958098.1901;20.1907828194617;-0.00534539988860169;-8.51491605490997;-12.205876742682;32.2640396739569;-0.00657291559301062;7.37232872498479
19431958098.5232;20.1907828205159;-0.00534539988882358;-8.4996333899171;-12.1763998305688;32.2754762531873;-0.00679369770976012;7.37232871987879
19431958098.8464;20.1907828215775;-0.00534539988905359;-8.48350605515848;-12.1477193391538;32.2875449349647;-0.00699554797983299;7.37232871452232
19431958099.1628;20.1907828226588;-0.0053453998892937;-8.46640109713972;-12.1199391806176;32.3003452152929;-0.00717247561610868;7.37232870884509
19431958099.4745;20.190782823769;-0.00534539988954537;-8.44824879907764;-12.0928168654156;32.3139292661826;-0.00732523739264185;7.37232870278521
19431958099.7793;20.1907828249035;-0.00534539988980708;-8.42919604807061;-12.0662140723363;32.3281871657482;-0.00745698599682244;7.37232869635289
19431958100.0778;20.1907828260668;-0.00534539989007941;-8.40926708630192;-12.0398375554129;32.3431007717921;-0.00757201010361251;7.37232868951208
19431958100.3718;20.190782827269;-0.00534539989036458;-8.38835240760673;-12.0132272747007;32.3587520309801;-0.00767568064029457;7.37232868218908
19431958100.6614;20.1907828285145;-0.00534539989066355;-8.36644932359261;-11.9861764912391;32.3751429544419;-0.00777113631555354;7.37232867434126
19431958100.9465;20.190782829807;-0.00534539989097737;-8.34355163147277;-11.9583102332134;32.3922781824597;-0.00786471323178581;7.37232866592846
19431958101.2283;20.1907828311577;-0.00534539989130913;-8.31950009032716;-11.9292269327314;32.4102768802308;-0.00796078507135904;7.3723286568604
19431958101.506;20.1907828325679;-0.00534539989165966;-8.29429660413648;-11.8988393346055;32.4291376224438;-0.00806106957027144;7.372328647107
19431958101.7804;20.1907828340491;-0.0053453998920325;-8.26778206777476;-11.8668708337777;32.4489794730831;-0.00816793506958373;7.37232863656771
19431958102.0528;20.1907828356173;-0.00534539989243254;-8.23973754648423;-11.8330466395703;32.4699662692208;-0.00828271550364161;7.37232862510359
19431958102.3203;20.1907828372651;-0.00534539989285878;-8.21035860593596;-11.7975884981031;32.4919516612319;-0.00840515847566399;7.37232861273998
19431958102.5881;20.1907828390391;-0.00534539989332463;-8.17891634729542;-11.7596401008568;32.515481112004;-0.00853820210876131;7.37232859910229
19431958102.8525;20.1907828409297;-0.00534539989382898;-8.14568873113834;-11.7195672515477;32.5403466127597;-0.00868047826968158;7.37232858422192
19431958103.1159;20.1907828429731;-0.00534539989438319;-8.11021165814651;-11.6768745488659;32.5668954667837;-0.00883310655543246;7.37232856778181
19431958103.3759;20.1907828451734;-0.00534539989499033;-8.07259335658197;-11.6317860043492;32.595046682802;-0.00899412583929644;7.37232854970186
19431958103.6349;20.1907828475771;-0.0053453998956655;-8.0322905811929;-11.5837556199307;32.6252067921864;-0.00916406654906667;7.37232852956336
19431958103.8928;20.1907828502223;-0.00534539989642221;-7.98898638243884;-11.5325242835272;32.6576129805681;-0.00934214356269058;7.37232850699824
19431958104.1481;20.1907828531357;-0.00534539989727113;-7.94263759327636;-11.4781654697387;32.6922975516759;-0.0095261533095834;7.37232848172101
19431958104.4018;20.1907828563835;-0.00534539989823523;-7.89272571898451;-11.4201965844079;32.7296485150794;-0.00971561901086127;7.3723284531115
19431958104.6567;20.1907828600843;-0.00534539989935455;-7.83819147772269;-11.3575262957412;32.7704585719159;-0.0099116897760443;7.37232842008461
19431958104.913;20.1907828643537;-0.00534539990067038;-7.77835631314205;-11.2895282900663;32.8152355117066;-0.010113548199233;7.37232838154934
19431958105.1656;20.190782869237;-0.00534539990220333;-7.71375168670677;-11.2169406272526;32.8635816211362;-0.0103163472586305;7.37232833699392
19431958105.4157;20.1907828749196;-0.00534539990401949;-7.64348776953245;-11.1388787330205;32.9161627923902;-0.0105200605152314;7.37232828470913
19431958105.6634;20.1907828816392;-0.00534539990620495;-7.56669479255972;-11.0544952284414;32.9736299054964;-0.0107242350282286;7.37232822249975
19431958105.9114;20.1907828898209;-0.00534539990891186;-7.481538338876;-10.9619060905263;33.0373557221793;-0.0109304370615644;7.37232814654042
19431958106.1586;20.1907828999644;-0.00534539991232417;-7.3869387473257;-10.8600807195878;33.1081481899073;-0.0111376333831696;7.37232805233386
19431958106.4039;20.1907829127823;-0.00534539991670586;-7.28176078091025;-10.7479345646272;33.1868568431152;-0.0113446822986074;7.37232793354749
19431958106.6497;20.1907829296779;-0.00534539992257231;-7.16277388992239;-10.6221732655775;33.2758992132025;-0.011553948424565;7.37232777807989
19431958106.893;20.1907829524523;-0.00534539993059906;-7.0286921393303;-10.4815977702074;33.3762375948065;-0.0117633697328545;7.37232757055579
19431958107.1323;20.1907829841982;-0.00534539994194821;-6.87728856200254;-10.3240136009696;33.4895384785801;-0.0119724800922788;7.37232728515901
19431958107.3656;20.1907830300731;-0.00534539995857007;-6.70628836163606;-10.1471840742546;33.6175041233828;-0.0121806300834268;7.37232687978659
19431958107.5924;20.1907830999415;-0.00534539998420757;-6.51153564618545;-9.94694077614298;33.7632444332233;-0.0123890795897075;7.37232627638858
19431958107.8125;20.1907832135086;-0.0053454000263784;-6.28736094911546;-9.71760120633088;33.9310018723573;-0.0125995903725799;7.37232532462516
19431958108.0254;20.190783414166;-0.00534540010172561;-6.02556895821275;-9.4509570246706;34.1269088489398;-0.0128147130564803;7.37232370852569
19431958108.2302;20.1907838104068;-0.00534540025208108;-5.71344281649291;-9.1342827742754;34.3604807861627;-0.0130382491038265;7.37232068568542
19431958108.4261;20.1907847295437;-0.00534540060428062;-5.32866261705398;-8.74525403172487;34.6484174918563;-0.0132767564643202;7.37231420207912
19431958108.612;20.1907874339883;-0.00534540165004973;-4.83727642626672;-8.24991870296798;35.0161158996286;-0.0135402191769007;7.37229713444064
19431958108.7869;20.1907988129185;-0.00534540608721183;-4.18661272667604;-7.59560886682654;35.5029419903361;-0.0138442107742766;7.37223591963646
19431958108.9512;20.1908894780098;-0.00534544171700313;-3.25806374194036;-6.66369056647538;36.1972515091134;-0.0142248852229413;7.37186112041767
19431958109.107;20.1936905303824;-0.00534655048962053;-1.74544783994625;-5.14792657713107;37.3178407272086;-0.0147719479804698;7.36426904279778
19431958109.2587;20.2261357610671;-0.00535948309716777;-0.669700969514826;-4.06916573716394;37.8805839608151;-0.0150991290765235;7.20238989501269
19431958109.4151;20.308808060043;-0.00539266881180765;-0.276883919982246;-3.67329276034731;37.2445242460463;-0.0149504267915385;6.58100102904271
19431958109.5839;20.464180196087;-0.00545550338324741;-0.0359609566242382;-3.42913543570748;35.4442177289388;-0.014334116063032;5.25767286587374
19431958109.7696;20.7122974890406;-0.00555665233029487;0.125864229804361;-3.26383143825072;32.1426691893524;-0.0131034685454408;2.97084239359089
19431958109.965;21.0254615492049;-0.00568537269041756;0.204863783946407;-3.18126088497576;27.4831399243854;-0.0112964420837863;-0.181885840889962
19431958110.1674;21.2903394933488;-0.00579515326546681;0.11669571608451;-3.26582457952676;25.4037745033491;-0.0105287776315686;-1.52703566300812
19431958110.3765;21.5192970708149;-0.00589084081516749;0.0394034477881351;-3.33949613989003;25.4627337395577;-0.0106415635035275;-1.44899618473428
19431958110.5924;21.725416492059;-0.00597770686248123;-0.020188285992004;-3.3954571401834;25.5092534757819;-0.0107505057310506;-1.38811834682368
19431958110.8111;21.9116731222913;-0.00605684911901045;-0.0697454288427397;-3.44144874139802;25.5472255207017;-0.0108552649816977;-1.33796890347093
19431958111.0326;22.0825270032302;-0.00613003340204732;-0.112712261315864;-3.48091928700001;25.5799731433285;-0.0109570352415152;-1.29460528877766
19431958111.2574;22.2413209407052;-0.00619859144218004;-0.150999448249196;-3.51577497199066;25.6090881497079;-0.0110565234482333;-1.25600861263374
19431958111.4856;22.3900722319061;-0.00626331269218607;-0.185736828557578;-3.54715067625302;25.6354352957285;-0.0111539026209058;-1.22103617303199
19431958111.7147;22.5289837474524;-0.00632420738021061;-0.217393919808268;-3.57555275953089;25.6593742467207;-0.011248308561848;-1.18921290277455
19431958111.9449;22.6594120565734;-0.00638179906460416;-0.246571145798631;-3.60158322930109;25.6813878353936;-0.011339826399431;-1.15991598756127
19431958112.1766;22.7827800395705;-0.0064366566808069;-0.273789598021266;-3.62575513059053;25.7018886257448;-0.0114287703151468;-1.13260922888179
19431958112.41;22.8999480256913;-0.00648911202480495;-0.299395438472704;-3.64841466437734;25.7211386805575;-0.0115151862055484;-1.10694444972655
19431958112.6446;23.0112799853049;-0.00653928132821756;-0.323595274961272;-3.66977705734078;25.7392890056701;-0.0115988455088007;-1.08271745243543
19431958112.8793;23.1169682528922;-0.00658720647742283;-0.346527272210155;-3.68999057769446;25.7564472247121;-0.0116794569957628;-1.05978724652652
19431958113.1148;23.2177903440892;-0.00663320035809364;-0.368435829433628;-3.70929147640609;25.7728037546621;-0.0117572572277601;-1.03790440612911
19431958113.3513;23.3142411730682;-0.0066774541349515;-0.38948976124771;-3.72784538426595;25.7884879068908;-0.0118323295031669;-1.01689812514061
19431958113.5886;23.4065994260761;-0.00672006416665537;-0.409802681272195;-3.74576653341068;25.8035831034541;-0.0119046371959596;-0.996655858722844
19431958113.8261;23.4949548418142;-0.00676104198404088;-0.429436019690994;-3.7631203716784;25.818135048321;-0.0119740348048496;-0.977116354949805
19431958114.0637;23.5795774082181;-0.00680048511896562;-0.448482844933155;-3.77999761206656;25.8322157853356;-0.0120405657252543;-0.958184943851514
19431958114.302;23.6608405244975;-0.00683854299121837;-0.467064275348566;-3.79651324398524;25.8459072651097;-0.0121043873529231;-0.939746311301327
19431958114.5418;23.7392675246373;-0.00687543982365426;-0.48551391433167;-3.8129904338247;25.859316770155;-0.0121657959130672;-0.921561975217421
19431958114.7883;23.8163745953867;-0.00691187599994812;-0.504719385178362;-3.83028079532247;25.8728974412204;-0.012225979319923;-0.902885359736944
19431958115.0439;23.8925602608759;-0.00694803176950087;-0.525616238823268;-3.84931189467598;25.8871053708304;-0.0122853585404306;-0.88294395319805
19431958115.3098;23.967641583067;-0.00698381237711497;-0.549266856719254;-3.87115105737912;25.9025509833638;-0.0123440688828096;-0.860798712667386
19431958115.5884;24.0414499591136;-0.00701912880700154;-0.576778413506639;-3.89690726886935;25.9199735147988;-0.0124023989732364;-0.83540213370698
19431958115.8828;24.1138047768266;-0.00705388537793154;-0.609469262482244;-3.92789979363992;25.9401886971699;-0.0124607045790327;-0.805550012051229
19431958116.1999;24.1849594417535;-0.00708819569501064;-0.649051049112459;-3.96582969536674;25.9642885549088;-0.0125198112304649;-0.769656893737892
19431958116.5492;24.2549680927949;-0.00712207880874113;-0.698028382101655;-4.01319677813083;25.9935329021548;-0.0125804713914641;-0.725628735306762
19431958116.9579;24.3255447309674;-0.00715636391937336;-0.762718323231635;-4.0762737354902;26.0310329231239;-0.012645499513017;-0.668228281915092
19431958117.484;24.3984573779329;-0.00719191984869579;-0.85825297169851;-4.17014380227415;26.0835813272302;-0.0127196859906192;-0.58535096564908
19431958118.353;24.4759329969108;-0.0072298601307415;-1.04985636897037;-4.35992086853233;26.1760158968718;-0.0128185542634212;-0.427789511452557
19431958120.1861;24.5213010690312;-0.00725213471687142;-1.60644020119349;-4.91538088242651;26.3364121169773;-0.0129305181515437;-0.0423294005874528
19431958127.7277;24.525678122687;-0.00725427491856205;-3.23628158183351;-6.54700874945848;26.4175052159929;-0.0129170884735666;0.826774548513879
19431958179.1255;24.5261143018171;-0.00725448748907532;-5.0712794584526;-8.38344131928371;26.4305637392614;-0.0128808512658269;1.75299864318809
19431958603.5884;24.5261665567802;-0.00725451286897652;-6.90971220905418;-10.223349827649;26.4435265301742;-0.0128434516150748;2.68087620352116
19431962111.0145;24.5261730890946;-0.00725451603096283;-8.72992145921524;-12.0450285496381;26.4577462785716;-0.0128069512675855;3.60048183477329
19431986235.1718;24.5261740432076;-0.0072545164904924;-10.402852333337;-13.7201386861916;26.4755345423752;-0.0127514151225356;4.44883250657072
19432086255.9562;24.5261742458772;-0.00725451658747019;-11.6933016894225;-15.0134179579881;26.4958684078561;-0.0126783252685766;5.10764313064911
19432426494.1178;24.5261743015201;-0.0072545166138905;-12.7863730252519;-16.109845179347;26.5204221283354;-0.0125923932650794;5.6705842239145
19433416069.2969;24.5261743198357;-0.00725451662251097;-13.7326279940145;-17.0599179450599;26.5503971026813;-0.0124962892720222;6.16373932038391
19436051675.0485;24.5261743267964;-0.00725451662575424;-14.5782259556703;-17.9098966542357;26.5886539646607;-0.0123886976337585;6.61209941683024
19443020619.0566;24.5261743297661;-0.00725451662712136;-15.3704572022526;-18.7073604027414;26.6419922694634;-0.0122648854801152;7.04385274922998
19465236652.9474;24.5261743311584;-0.00725451662775178;-16.2029269799213;-19.5470426107891;26.7349007587102;-0.0121049484820163;7.52216398578855
19536903175.918;24.5261743319187;-0.00725451662808861;-16.9743277982699;-20.3279035170944;26.9041716208492;-0.0119191121406246;8.02096191350928
19666450083.2855;24.5261743324259;-0.00725451662830888;-17.4072833462163;-20.7694707955842;27.1027635675811;-0.0117713460505383;8.37012792569484
19848223563.5052;24.5261743328596;-0.00725451662849413;-17.6222788760336;-20.9917619975758;27.3149100473225;-0.0116658571224099;8.61937033384627
20074998270.3459;24.5261743333127;-0.00725451662868484;-17.6994449608571;-21.0752334166736;27.5398382393422;-0.0115923885485635;8.80823806967817
20326306711.2606;24.5261743338385;-0.00725451662890336;-17.6793925245773;-21.0607101947985;27.7692718226059;-0.0115410898315909;8.95150680762339
20592437099.9526;24.5261743345186;-0.00725451662918291;-17.592512726535;-20.9786395577058;28.0036076128594;-0.01151031350213;9.06463725736626
20860584594.0745;24.5261743354512;-0.00725451662956254;-17.4586854508614;-20.8490072687601;28.2388783732242;-0.0114954406876098;9.15491866888688
21123499867.8642;24.5261743367909;-0.00725451663010348;-17.2928010034012;-20.6866715371836;28.4728188684444;-0.0114963487921228;9.22828268858906
21374552392.9648;24.5261743387554;-0.0072545166308916;-17.1065113119441;-20.5031676051709;28.7021764811658;-0.0115148566894867;9.28838205976953
21614828771.4184;24.526174341752;-0.00725451663208809;-16.9040754963043;-20.3028048921994;28.9294680227687;-0.0115507730707909;9.33902793786643
21843822874.0871;24.5261743464373;-0.00725451663395338;-16.689085682295;-20.0890769163746;29.1551970788244;-0.0116071272950947;9.38235285486978
22063248230.7066;24.5261743540179;-0.00725451663696901;-16.4615846560146;-19.8619088629722;29.3820432746593;-0.011688473245275;9.42016858403952
22271895876.3513;24.5261743664841;-0.00725451664193658;-16.2236813905354;-19.6232697672407;29.6096757987178;-0.0117990020217986;9.45330858282957
22473876352.8815;24.5261743881094;-0.00725451665059544;-15.9703464143743;-19.3678486394698;29.8439152753696;-0.0119496056490282;9.48314714131703
22668641422.9297;24.5261744269284;-0.007254516666278;-15.7004665319165;-19.0940941111559;30.0862162789643;-0.012154581048985;9.51009953270426
22853000605.3113;24.5261744976266;-0.00725451669523983;-15.4162568495882;-18.8038387416102;30.3349084672838;-0.0124268425793072;9.53415728281384
23027591071.9819;24.5261746319569;-0.00725451675141316;-15.1138464729374;-18.4924903757546;30.5935662889715;-0.0127934065979745;9.55577320366392
23192841232.5379;24.5261749012435;-0.00725451686748852;-14.7879270334472;-18.1534018435653;30.8666687931594;-0.0133050022326366;9.57528578234781
23349773393.8722;24.5261754868783;-0.00725451713124333;-14.4280851161731;-17.7745115725531;31.1625188548689;-0.0140347957895176;9.59303586390406
23497373992.4296;24.5261768942782;-0.00725451780907955;-14.0206706017874;-17.3379633466539;31.4914272831801;-0.0151669969595873;9.60908757460763
23634131685.7168;24.5261808192604;-0.00725451991193868;-13.5421140697585;-16.8131415868961;31.8710188723762;-0.0170753034484562;9.62343227917977
23760894477.0155;24.5261954356655;-0.00725452948108941;-12.938151224717;-16.1221183978373;32.3421841847535;-0.0211739641249317;9.63625934441655
23879375707.1593;24.5263065137614;-0.00725462399292162;-12.0280211282607;-15.0981633721691;33.0401488879777;-0.0281125183417053;9.64753948566861
23992402163.6213;24.5474799183393;-0.00726304109387112;-9.72738941605077;-13.1280175762065;34.7282682045893;-0.0138055898475745;9.62511039567629
24098890184.961;24.674653311214;-0.00726236699261999;-8.92290449941971;-14.1985756242692;34.0658446612206;0.000180571014013694;8.78027449024278
24194344408.5746;24.8129521535665;-0.00725913719609145;-8.83897660480388;-13.4706199862031;32.5053654701308;0.00075912216449917;7.69568153003243
24265673407.7508;24.9210505549828;-0.0072609141421151;-8.81944685888201;-13.6035918945219;32.165762341295;-0.00052874809193371;7.45901248489969
24303976102.0361;24.9880799671061;-0.00726293956367626;-8.75696391369171;-13.2767138953031;32.1309267883542;-0.000970897249963553;7.40449581404376
24315206429.3899;25.0096429959526;-0.00726325635156902;-8.71668265184727;-13.5496238406988;32.123550344447;-0.000471935176358491;7.3794266390101
24316838706.1747;25.0128584562632;-0.00726316523517144;-8.70555065055821;-13.2531972629607;32.1249023689257;0.000910322346902557;7.37476399346621
24316929885.5959;25.013039261691;-0.00726315754304233;-8.70268536724493;-13.0738502658816;32.1266225616193;0.00136678490076783;7.37448070126712
24316937202.9671;25.0130538550948;-0.00726315705537731;-8.70019848892395;-13.1762334837361;32.1284482131884;0.00107363028861943;7.3744570553596
24316937833.0484;25.0130551191462;-0.00726315700914016;-8.6976318192751;-13.1344055186393;32.1303657860595;0.0011752816905069;7.3744549402967
24316937894.4974;25.0130552432006;-0.00726315700429629;-8.69490291448891;-13.1033224529985;32.1324076112572;0.00125465328778365;7.37445472591315
24316937903.0843;25.0130552606588;-0.0072631570037006;-8.69183415440845;-13.1588108602753;32.1347040466051;0.00109647213337268;7.37445469466076
24316937906.3289;25.0130552673132;-0.00726315700353905;-8.68804795678573;-13.3028462995871;32.137537400904;0.000780214922210951;7.37445468226016
24316937908.3649;25.0130552715303;-0.00726315700345996;-8.68377996744623;-13.4106811582753;32.1407313002028;0.000602774072193472;7.37445467405109
24316937909.8365;25.0130552746114;-0.00726315700341749;-8.67908054896352;-13.5396768242879;32.1442480569387;0.000443105351895991;7.3744546677749
24316937910.9891;25.0130552770536;-0.00726315700339726;-8.67388076280222;-13.7556880961912;32.1481392598487;0.000266286106424043;7.37445466255975
24316937911.9444;25.0130552791046;-0.00726315700339111;-8.66815936319467;-14.1914472404399;32.1524208069849;9.63664365685661e-05;7.37445465796017
24316937912.7685;25.0130552808997;-0.00726315700339618;-8.66190692124342;-14.2106800838126;32.1570997540467;-9.08874063784583e-05;7.37445465372703
24316937913.4935;25.0130552825038;-0.00726315700341038;-8.65514497120286;-13.7081917664618;32.1621599857124;-0.000284641626685917;7.37445464974553
24316937914.1568;25.0130552839966;-0.0072631570034337;-8.64769702223523;-13.4539313242867;32.16773357652;-0.000502557965712723;7.37445464584249
24316937914.7706;25.0130552854041;-0.00726315700346555;-8.63956939957439;-13.2848990607697;32.1738157928492;-0.000728069620123923;7.3744546419617
24316937915.3155;25.0130552866778;-0.00726315700350346;-8.63123349061782;-13.1575458738143;32.1800538767565;-0.000957799009699625;7.37445463825891
24316937915.834;25.0130552879152;-0.00726315700355064;-8.62221119782064;-13.0410103315472;32.1868056060393;-0.0012270965733459;7.37445463447252
24316937916.3172;25.0130552890941;-0.0072631570036064;-8.61274399992332;-12.9378499333259;32.1938902722036;-0.00152288646251683;7.3744546306764
24316937916.7628;25.0130552902055;-0.00726315700366928;-8.60300965706668;-12.8503688320091;32.2011748508596;-0.00182184968622091;7.37445462691587
24316937917.1919;25.0130552913019;-0.00726315700374174;-8.59260871581483;-12.7725158310551;32.2089582684267;-0.00212847994961591;7.37445462302435
24316937917.606;25.0130552923872;-0.0072631570038239;-8.58151239692715;-12.7024154933127;32.2172620616224;-0.00243885248914149;7.37445461898505
24316937917.9974;25.0130552934408;-0.00726315700391337;-8.56996463555516;-12.6408867554069;32.2259036853322;-0.00273705159960011;7.37445461487669
24316937918.3757;25.0130552944882;-0.00726315700401158;-8.557710622817;-12.5857045900745;32.2350738235413;-0.0030222800326471;7.3744546106024
24316937918.7411;25.0130552955306;-0.00726315700411801;-8.54474267914594;-12.5357217990877;32.2447782237514;-0.00329215499999087;7.37445460615495
24316937919.0935;25.0130552965681;-0.0072631570042321;-8.53107554925163;-12.4898303908289;32.2550058522638;-0.00354684560095554;7.37445460153073
24316937919.4368;25.0130552976132;-0.00726315700435482;-8.51654908096642;-12.4467887212229;32.2658765573585;-0.00378881873044038;7.37445459666965
24316937919.769;25.0130552986607;-0.00726315700448506;-8.5012323804679;-12.4066337060786;32.277338625013;-0.00401325164959135;7.37445459158914
24316937920.094;25.0130552997246;-0.00726315700462406;-8.48493819322455;-12.3688237868754;32.2895321857542;-0.00421867587415624;7.37445458621394
24316937920.4098;25.0130553008003;-0.0072631570047704;-8.46779204354416;-12.3341186677876;32.3023633065102;-0.00439448182995308;7.37445458055694
24316937920.7204;25.013055301903;-0.00726315700492553;-8.4496363502097;-12.3013870539047;32.3159499111819;-0.00454638513043511;7.3744545745283
24316937921.0247;25.0130553030322;-0.00726315700508888;-8.43055325304225;-12.2702303969135;32.330230531238;-0.00467661542203108;7.37445456811675
24316937921.3228;25.0130553041906;-0.00726315700526048;-8.41059183700089;-12.2399204062408;32.3451684337054;-0.00479160321656599;7.37445456129481
24316937921.6159;25.0130553053854;-0.00726315700544124;-8.38969367391002;-12.2098940735551;32.3608073421517;-0.00489574679496139;7.37445455400654
24316937921.9057;25.0130553066282;-0.00726315700563295;-8.36772964113669;-12.1794858388903;32.3772438833882;-0.00499440410489421;7.37445454616655
24316937922.1915;25.0130553079201;-0.0072631570058361;-8.34473231901233;-12.1481351860585;32.3944536752375;-0.00509410383407442;7.37445453774815
24316937922.4713;25.0130553092567;-0.00726315700605045;-8.32081324633713;-12.1156930059014;32.412353248254;-0.00519793451554933;7.37445452876288
24316937922.7487;25.0130553106616;-0.00726315700628044;-8.29558683809451;-12.0815176093514;32.4312311503542;-0.00530924374864572;7.37445451903651
24316937923.0218;25.0130553121309;-0.00726315700652624;-8.26916065734955;-12.0456823004676;32.451006887576;-0.00542883364065663;7.37445450857183
24316937923.2948;25.0130553136983;-0.00726315700679459;-8.2410060659595;-12.007479404045;32.4720760601207;-0.00555951258254739;7.37445449710606
24316937923.5658;25.0130553153645;-0.00726315700708693;-8.21118052038051;-11.9670214623342;32.4943956708368;-0.00570121635649709;7.37445448459798
24316937923.8321;25.0130553171248;-0.00726315700740378;-8.17984353720896;-11.9245949535151;32.5178463471034;-0.00585288995009564;7.37445447104971
24316937924.0957;25.0130553190056;-0.00726315700775146;-8.14664752945773;-11.8798163385702;32.5426882015464;-0.00601567847407364;7.37445445623262
24316937924.3582;25.0130553210375;-0.00726315700813763;-8.11122141021589;-11.8323307416618;32.5691989327419;-0.0061901011456372;7.37445443987143
24316937924.6189;25.0130553232384;-0.00726315700856805;-8.07344698789966;-11.7821676512162;32.5974669880139;-0.00637475048805712;7.37445442177627
24316937924.877;25.0130553256291;-0.00726315700904929;-8.03320517756959;-11.7293612305036;32.6275814832631;-0.00656793475645708;7.37445440173242
24316937925.1343;25.0130553282629;-0.00726315700959521;-7.98992361944585;-11.6733638246056;32.659970737413;-0.00676979606554015;7.37445437925118
24316937925.389;25.0130553311627;-0.00726315701021408;-7.94361432688657;-11.6143966291798;32.6946257604778;-0.00697740718752324;7.37445435407655
24316937925.6419;25.0130553343932;-0.0072631570109237;-7.89377998398427;-11.5520210627538;32.7319187130954;-0.00719002474766426;7.37445432560407
24316937925.8947;25.0130553380504;-0.00726315701175036;-7.83965936701637;-11.4854853222898;32.7724192481391;-0.00740768568855271;7.37445429294074
24316937926.1496;25.0130553422786;-0.00726315701273358;-7.78014397565307;-11.4136503290429;32.816956898698;-0.00763118449296038;7.37445425475668
24316937926.4022;25.0130553471408;-0.00726315701389576;-7.71556075983639;-11.3371156050403;32.8652869950639;-0.00785565828812343;7.37445421039113
24316937926.6515;25.0130553527815;-0.00726315701528021;-7.64551254259056;-11.2555693736195;32.9177067591277;-0.00807928151649331;7.37445415847592
24316937926.8988;25.0130553594535;-0.00726315701696004;-7.56892546526575;-11.1679155481462;32.9750197990039;-0.00830223423348472;7.37445409669431
24316937927.1459;25.0130553675577;-0.00726315701905134;-7.4841602114238;-11.0724517206046;33.0384528754059;-0.00852566360506797;7.37445402142678
24316937927.3923;25.0130553775944;-0.00726315702170346;-7.39003938802652;-10.9680393403269;33.1088870723707;-0.00874872227541427;7.37445392816813
24316937927.638;25.0130553903471;-0.00726315702515076;-7.28485315497987;-10.8529741298113;33.1876019216984;-0.0089712900357114;7.3744538099991
24316937927.8828;25.0130554070253;-0.00726315702975847;-7.16662220343995;-10.7252863896883;33.2760786041235;-0.00919322639400809;7.37445365640957
24316937928.1264;25.0130554296151;-0.00726315703613055;-7.03275675768252;-10.5823874875968;33.3762551277296;-0.00941470847257275;7.37445345053698
24316937928.3659;25.0130554610618;-0.00726315704517681;-6.88171226356397;-10.4228196107829;33.4892873081978;-0.00963382067652276;7.37445316774098
24316937928.5995;25.0130555065097;-0.00726315705849337;-6.71102413801206;-10.2441457217958;33.6170194295207;-0.00985003154574527;7.37445276602005
24316937928.8268;25.0130555756719;-0.00726315707911003;-6.51666990599271;-10.0423203489398;33.7624615562478;-0.0100643019894619;7.37445216847336
24316937929.0473;25.0130556879698;-0.00726315711312784;-6.29302367856059;-9.81168912196251;33.9298235449638;-0.0102781785450378;7.37445122682282
24316937929.2605;25.0130558860602;-0.00726315717404273;-6.03198512493184;-9.54412507092324;34.1251667329983;-0.0104938496116765;7.37444963006014
24316937929.4658;25.0130562763084;-0.00726315729574181;-5.72099835504641;-9.22705193723098;34.3578861055884;-0.010714523297548;7.37444664902528
24316937929.6622;25.0130571783423;-0.00726315758073225;-5.33798541956637;-8.83837797271265;34.6445004706366;-0.0109456548804841;7.37444027394857
24316937929.8487;25.0130598178547;-0.00726315842478897;-4.84912086577288;-8.34427294867584;35.0103123988403;-0.0111955105389099;7.37442357348876
24316937930.0242;25.0130708452253;-0.00726316199046813;-4.2017931454125;-7.69212285018915;35.4946446016087;-0.0114771254126105;7.37436405825756
24316937930.189;25.0131574078484;-0.00726319026789908;-3.27960336322502;-6.76549382110234;36.1842176099531;-0.0118203062486539;7.37400417081294
24316937930.3452;25.0157723185615;-0.00726405264405004;-1.77622530219472;-5.25798542895298;37.2986383406194;-0.0123007856472354;7.3669095579531
24316937930.4969;25.047495059135;-0.00727460981097073;-0.67969956677136;-4.15752287807353;37.8854164145411;-0.0126080741360049;7.21069971992061
24316937930.6526;25.1286535659871;-0.00730186646320894;-0.282956470995001;-3.75681800617765;37.2719098288145;-0.0125175723884189;6.60241660701314
24316937930.8207;25.2818698492812;-0.00735382148074674;-0.040209504581746;-3.50988693188158;35.5039419368483;-0.0120392420853204;5.29978339152437
24316937931.0054;25.5271609971398;-0.00743786191962322;0.1231701052571;-3.34202345856592;32.2486120216357;-0.0110488598186918;3.04305664328676
24316937931.2003;25.8394134664828;-0.00754598431614845;0.204718401460467;-3.25587181683066;27.6149304338188;-0.00956210999600327;-0.0936784792727674
24316937931.4023;26.1056817119756;-0.00763917304781693;0.12010817693317;-3.33584779881127;25.4019842175733;-0.00889020276044447;-1.529856857501
24316937931.6106;26.3351101400345;-0.00772033089440197;0.0418354556861153;-3.40948125876137;25.4606665140295;-0.00900643780014836;-1.45151219501987
24316937931.8258;26.5415404508321;-0.0077941380564727;-0.0180735058166826;-3.46474846548161;25.5074992044865;-0.00911995976041871;-1.39026664717961
24316937932.0443;26.728371345409;-0.00786164239047034;-0.0679158174441116;-3.5100328538805;25.5457087583695;-0.00922998340363686;-1.33981593150736
24316937932.2654;26.8996141071756;-0.00792415283033898;-0.111081120801775;-3.54874078930551;25.578605469155;-0.00933721146872486;-1.29625347124124
24316937932.4897;27.0585646976599;-0.00798276166940645;-0.149486617941153;-3.58278564465462;25.6078077842683;-0.00944220389949748;-1.25753930741124
24316937932.7176;27.2076480784805;-0.00803827521109216;-0.184361486226188;-3.61339178348928;25.6342633232189;-0.00954532113334011;-1.22242570379634
24316937932.9467;27.3469001620056;-0.00809062290643316;-0.216142458046678;-3.64104659377345;25.6583008872912;-0.00964547806980199;-1.19047460747078
24316937933.1766;27.4775773781006;-0.0081401992109473;-0.245411833460206;-3.66633755656286;25.6803857539797;-0.00974262126347676;-1.16108399547029
24316937933.4081;27.6011135600375;-0.00818748273404434;-0.272697160958413;-3.68978150729603;25.7009373293703;-0.00983704405281353;-1.13370986928972
24316937933.6413;27.71845094857;-0.00823277867071115;-0.298363300458484;-3.71174047397721;25.7202344925312;-0.00992882257905426;-1.10798346722928
24316937933.8758;27.829986939261;-0.00827618981644577;-0.32262347200345;-3.73243725298238;25.7384330222301;-0.0100177069301675;-1.08369409649756
24316937934.1104;27.9358747352358;-0.00831772711755374;-0.345609317436371;-3.75201695134558;25.7556338504554;-0.0101033316316053;-1.06070849904983
24316937934.3457;28.0368110214397;-0.00835762013084974;-0.367550080452157;-3.7707005602086;25.7720159037493;-0.0101858648834769;-1.03879250408298
24316937934.582;28.1333669788054;-0.00839605662204579;-0.388631169658743;-3.78866650917615;25.7877218823425;-0.010265441637571;-1.01775806278496
24316937934.8192;28.2258599250719;-0.00843312874230805;-0.408974243303161;-3.80603543166501;25.8028417641416;-0.0103420432757386;-0.997484227738015
24316937935.0567;28.314390729197;-0.00846884471174941;-0.428644534836103;-3.82287650105996;25.8174234185627;-0.0104155193775103;-0.977906398546666
24316937935.2942;28.3991021314341;-0.00850323165851167;-0.44770639667293;-3.83925465113299;25.8315171569846;-0.0104858021683897;-0.958958783725015
24316937935.5322;28.4804487903062;-0.00853644714935981;-0.466297987840799;-3.85529703313444;25.8452193942391;-0.0105531273215261;-0.940507884593619
24316937935.772;28.5589758760884;-0.00856869119773978;-0.484745879416831;-3.8713157959601;25.8586394749866;-0.0106178296821653;-0.922317357415663
24316937936.0181;28.6361182424967;-0.00860053864843344;-0.503908595242822;-3.88812687842483;25.8722074810172;-0.010681080843772;-0.903670582835622
24316937936.2732;28.7123033860473;-0.00863215688241587;-0.524710688666982;-3.90664336984932;25.886375799705;-0.0107433214514962;-0.883803023568291
24316937936.5386;28.7874244767244;-0.00866349304951848;-0.548232548053995;-3.92794855838834;25.9017588279889;-0.010804713237922;-0.861763978965574
24316937936.8165;28.8612603294024;-0.00869444555553368;-0.575556758218106;-3.9531282361543;25.9190836798554;-0.0108654612144553;-0.836526338776627
24316937937.1102;28.933695546912;-0.00872495626659218;-0.608023594822924;-3.98352103430319;25.9391762878734;-0.0109259382386718;-0.806868122109147
24316937937.426;29.0048411626176;-0.00875506299069782;-0.647253096758971;-4.02073773617213;25.9630783540526;-0.0109868082409105;-0.771283301037634
24316937937.7736;29.0748679021281;-0.00878483041305489;-0.695752685380069;-4.06727536165003;25.9920669734364;-0.0110488770566734;-0.727664879615384
24316937938.1785;29.1453166060915;-0.00881491274241717;-0.759511160005255;-4.12907270595235;26.0290864675211;-0.0111146906623276;-0.671051222903738
24316937938.6957;29.2179085768934;-0.00884605481801326;-0.852805557491157;-4.22034659013055;26.0805701931436;-0.0111886077698652;-0.590005394088286
24316937939.5426;29.2955832757859;-0.00887954988479397;-1.03750412890659;-4.4028028592842;26.1705281278618;-0.0112853168383992;-0.437551107936437
24316937941.2987;29.3436407680159;-0.00890034737810031;-1.56278995133098;-4.92654006253627;26.3286876501117;-0.0113940757155551;-0.0692344737421351
24316937948.1764;29.3486181603165;-0.00890249259148278;-3.14044622509407;-6.50597759920217;26.4164062223734;-0.0113852444658083;0.778203677842294
24316937994.626;29.3491040445954;-0.00890270118980519;-4.98044859809962;-8.34767063405699;26.4298686581694;-0.0113467887385095;1.70719990701754
24316938376.7382;29.3491620256785;-0.00890272598812217;-6.81890459031445;-10.1877687076234;26.442791067205;-0.0113094940440788;2.63506210804642
24316941520.1116;29.3491692900473;-0.00890272908360189;-8.6361981013251;-12.0066680186513;26.4568240145763;-0.0112737341971842;3.55308505584601
24316963778.5918;29.3491703295772;-0.00890272952412529;-10.3306585216746;-13.7035265224142;26.4745087095452;-0.0112191488190703;4.41213131677188
24317057085.0343;29.3491705475045;-0.00890272961581406;-11.6315998875069;-15.0075954906008;26.4946236213609;-0.0111471065220586;5.07604165578169
24317377368.5644;29.3491706067592;-0.0089027296405313;-12.7328121389016;-16.1125346197897;26.5189149273158;-0.011061990195542;5.64287787922717
24318316733.2649;29.3491706260978;-0.00890272964851961;-13.6864079984112;-17.0703791196674;26.5485787058258;-0.0109665533209376;6.13949550127732
24320826577.4999;29.3491706333934;-0.00890272965149966;-14.5365867276238;-17.9254237144178;26.5863118178954;-0.0108597819998994;6.58979604531737
24327418201.7346;29.3491706364898;-0.00890272965274779;-15.3281299255465;-18.7227321313222;26.6384021850323;-0.0107375689547505;7.02037155527157
24348221252.8786;29.3491706379356;-0.00890272965332008;-16.1580298821424;-19.5605131810914;26.728189550271;-0.0105800140299791;7.49531252381052
24416764729.9947;29.3491706387156;-0.00890272965362151;-16.9438502008818;-20.3567699505233;26.8943575191719;-0.010393011891891;7.99924702814165
24542747802.6529;29.349170639229;-0.0089027296538156;-17.3899336435988;-20.8123147979512;27.0911023673764;-0.010243432806827;8.35374286607918
24721539522.2459;29.3491706396636;-0.00890272965397694;-17.6142489535132;-21.0446189481314;27.3023244658784;-0.0101351371259849;8.60702754969681
24947095475.4408;29.3491706401155;-0.00890272965414208;-17.6981975531225;-21.1353949014448;27.5274959641312;-0.0100593370354345;8.79944911222491
25197237057.3971;29.3491706406351;-0.00890272965432941;-17.6824745394255;-21.1255783274775;27.7565519051657;-0.0100060282863127;8.944630246201
25461408338.7225;29.3491706412998;-0.00890272965456626;-17.5992823019213;-21.0474101447823;27.9893911088833;-0.00997391374082334;9.05860454296923
25730435212.6909;29.349170642217;-0.0089027296548898;-17.4673475252416;-20.9198661784813;28.2253544471091;-0.00995682218164682;9.15029494984258
25995486693.1678;29.3491706435397;-0.00890272965535252;-17.3018468493331;-20.7580118327367;28.4609159515228;-0.00995597710847118;9.22493392771526
26249015592.8083;29.3491706454854;-0.00890272965602877;-17.1149693459067;-20.5739205456256;28.6921970059118;-0.00997269654784617;9.28602453341712
26489482572.1637;29.3491706484206;-0.0089027296570444;-16.9134157941054;-20.3743194188318;28.9192746710861;-0.0100065362136792;9.33696864411962
26718927306.4912;29.3491706530092;-0.00890272965862838;-16.6989925911493;-20.1609288926292;29.1449949249482;-0.0100606880369299;9.38057098594088
26938661480.2626;29.3491706604178;-0.00890272966118589;-16.472161788692;-19.9340799596366;29.371638949934;-0.0101393475569032;9.41858674697315
27150139737.5827;29.3491706728151;-0.00890272966547787;-16.2319385181491;-19.6926086305203;29.6018315931508;-0.0102482207384989;9.45227727356804
27352880416.1691;29.3491706941209;-0.00890272967290135;-15.9784434912626;-19.4363333043537;29.836456234696;-0.0103957882850757;9.48229314990655
27547145611.5961;29.349170731985;-0.00890272968624001;-15.7101669558979;-19.1632825973042;30.0775338105922;-0.0105956250706312;9.50922978220363
27732654112.9819;29.3491708016687;-0.00890272971120284;-15.4252325289652;-18.8710699907;30.3270573432937;-0.0108640763912032;9.53348061188438
27906813835.8178;29.3491709323336;-0.00890272975914593;-15.1247888923154;-18.5602217688056;30.5842146540591;-0.0112218499308039;9.55507733220823
28072805154.3777;29.3491711960524;-0.0089027298593523;-14.7989442577906;-18.2191900150395;30.8574353418802;-0.0117250329108117;9.57470626151487
28229914169.1742;29.3491717656626;-0.00890273008681145;-14.4406233862463;-17.8392976878294;31.1522114870254;-0.0124398338821441;9.59249930918623
28378165205.1022;29.3491731361377;-0.00890273067678885;-14.0341265810709;-17.4001623628298;31.4805668656539;-0.0135521051377045;9.60864031807772
28515582646.0615;29.3491769466123;-0.00890273251999115;-13.5570627846482;-16.8724688529159;31.859166467434;-0.0154109120126954;9.62306852499906
28642974135.5228;29.3491910482846;-0.00890274100362392;-12.9558697976245;-16.1765585545766;32.3283736051422;-0.0194489025141448;9.63597201716845
28761596541.5259;29.3492943789334;-0.00890282383880086;-12.059937572239;-15.1559519242622;33.0157835252232;-0.0264671547297074;9.64729880192089
28874859629.3046;29.3673832693557;-0.00890943790493543;-9.79667646925979;-13.2336198640453;34.6836670975798;-0.0126818208644693;9.63003530971645
28981619727.2834;29.4930794644078;-0.0089030918493567;-8.92908683232591;-13.2259050923571;34.1066344926166;0.00172195027863944;8.81070073935699
29077217179.6316;29.6316785916655;-0.00889296739663726;-8.83868582299088;-12.9750747619819;32.5301528785394;0.00237627755160621;7.71217941589331
29149255610.1967;29.7407180522655;-0.00888942548056587;-8.81998054822768;-13.3083259766649;32.1675579945216;0.00104489503168351;7.46056067313122
29188203689.982;29.8086798468925;-0.00888822807127902;-8.758221212483;-13.5122434288737;32.1309156543837;0.000566110077147614;7.4051985963431
29200186070.339;29.8317181180579;-0.00888748952452514;-8.71609321558214;-13.2101651076548;32.1227348334445;0.00102977091322622;7.37866862804588
29202008843.6418;29.8353213104158;-0.0088872227053075;-8.70404521133869;-12.8345155526691;32.1239397380859;0.00237880291055694;7.37344972468646
29202112595.3626;29.8355278036064;-0.00888720399459202;-8.70108957390634;-12.7439049136801;32.1256659338338;0.00291096376289351;7.37312528461556
29202120800.5232;29.8355442279642;-0.00888720265133614;-8.69859868906394;-12.7859283365355;32.1274900322416;0.00262752677366642;7.37309858891137
29202121499.6823;29.8355456357446;-0.00888720253222377;-8.69604113063284;-12.7686191825687;32.1294004122903;0.0027184701526248;7.37309622625421
29202121567.7875;29.835545773737;-0.0088872025201655;-8.69332479795266;-12.7518951863755;32.1314327876183;0.00280775819431023;7.37309598712648
29202121577.0176;29.8355457925703;-0.00888720251859963;-8.69028040045693;-12.7704510074661;32.1337109934247;0.00267171590808436;7.37309595333418
29202121580.3634;29.8355457994567;-0.00888720251809311;-8.68651182287403;-12.8199009429407;32.136531176003;0.00236379536671788;7.37309594047612
29202121582.4331;29.8355458037584;-0.00888720251780352;-8.68226255204128;-12.8541186201672;32.1397110774063;0.00216364447574412;7.37309593208759
29202121583.9302;29.8355458069038;-0.00888720251760667;-8.67755592908727;-12.8811048320565;32.1432332325373;0.00201159550541982;7.3730959256702
29202121585.0885;29.8355458093667;-0.00888720251746714;-8.67239306891359;-12.9191796479852;32.1470968114822;0.00182118967320379;7.37309592040319
29202121586.0547;29.8355458114483;-0.00888720251736041;-8.66666453458618;-12.9567424419509;32.1513837059813;0.00164862454392602;7.37309591573005
29202121586.881;29.8355458132541;-0.00888720251727847;-8.66044783187017;-13.0036164916527;32.1560359169486;0.00145912952481458;7.37309591146734
29202121587.6088;29.8355458148698;-0.00888720251721522;-8.65371040265697;-13.0609973995027;32.1610778081415;0.00125905179899512;7.3730959074542
29202121588.2801;29.8355458163856;-0.00888720251716663;-8.64621840784712;-13.1403260941088;32.1666843708042;0.00103109483503579;7.37309590348848
29202121588.8939;29.8355458177979;-0.00888720251713152;-8.63812825738275;-13.2426901048;32.1727385559487;0.000799698317636906;7.37309589959143
29202121589.441;29.8355458190811;-0.00888720251710897;-8.62979367421321;-13.384871282299;32.1789756585457;0.000565580733963784;7.37309589585921
29202121589.9631;29.8355458203313;-0.00888720251709767;-8.62073956166238;-13.6645025220595;32.1857512124294;0.000291005159845481;7.37309589203175
29202121590.4423;29.8355458215039;-0.00888720251709783;-8.61138433160717;-15.4574636872301;32.1927521023914;-4.58858466870893e-06;7.37309588825423
29202121590.8872;29.8355458226169;-0.00888720251710833;-8.60170300426338;-13.6269724690043;32.1999970213459;-0.000303799018745088;7.37309588448838
29202121591.3179;29.8355458237207;-0.00888720251712934;-8.59130236126287;-13.311784882501;32.2077802299269;-0.000613025122663535;7.3730958805715
29202121591.7349;29.8355458248171;-0.00888720251716091;-8.58016510406501;-13.1208541482958;32.2161146731586;-0.000927649934486033;7.37309587649197
29202121592.1281;29.8355458258788;-0.00888720251720142;-8.56859636799279;-12.9871038425748;32.2247720067202;-0.00122936934282547;7.37309587235185
29202121592.5103;29.8355458269406;-0.00888720251725148;-8.55624223569413;-12.8827274724518;32.2340170812594;-0.00151994962639568;7.37309586801878
29202121592.8788;29.8355458279957;-0.00888720251731022;-8.54317945383776;-12.7975342246245;32.2437924647327;-0.00179511115795734;7.3730958635152
29202121593.232;29.8355458290392;-0.00888720251737667;-8.52949430850798;-12.7255346997955;32.2540335862919;-0.00205373139700569;7.37309585886134
29202121593.5773;29.8355458300944;-0.00888720251745192;-8.51488843577771;-12.6617300011988;32.2649637235238;-0.00230085693618383;7.37309585394963
29202121593.9102;29.8355458311484;-0.00888720251753452;-8.49953783719924;-12.6053407757151;32.2764511682641;-0.00252978049047438;7.37309584883345
29202121594.2355;29.8355458322173;-0.00888720251762522;-8.48322883649273;-12.5546273728573;32.288655823406;-0.00273937463007956;7.37309584342789
29202121594.5525;29.8355458333015;-0.00888720251772319;-8.46601347728048;-12.5099855182045;32.3015387439161;-0.00291911476980023;7.37309583772146
29202121594.8639;29.8355458344121;-0.00888720251782885;-8.44779607945756;-12.4694528859115;32.3151715309469;-0.00307432416724996;7.37309583164427
29202121595.1674;29.8355458355428;-0.00888720251794101;-8.42875715443242;-12.4322722179909;32.3294191007594;-0.00320688094910808;7.37309582521812
29202121595.4658;29.8355458367069;-0.00888720251806067;-8.40877248313197;-12.3967966931736;32.3443744107987;-0.00332486905244462;7.37309581835727
29202121595.7579;29.8355458379029;-0.00888720251818751;-8.38793149100673;-12.3624097599854;32.3599705401828;-0.00343186225803607;7.37309581105638
29202121596.0473;29.8355458391485;-0.00888720251832348;-8.36599773210205;-12.3279587211973;32.3763844301778;-0.00353400662271354;7.37309580319304
29202121596.3327;29.8355458404443;-0.008887202518469;-8.34301636660114;-12.292614568627;32.3935822848736;-0.00363798392420914;7.37309579474446
29202121596.6125;29.8355458417862;-0.00888720251862412;-8.31909369543299;-12.2561233567958;32.4114845546605;-0.0037468754959898;7.37309578571984
29202121596.8901;29.8355458431972;-0.00888720251879224;-8.29385243634262;-12.2177684627746;32.4303735743084;-0.00386398938818426;7.37309577594692
29202121597.1632;29.8355458446729;-0.00888720251897369;-8.26741083143078;-12.1776540805428;32.450160858348;-0.0039900065154605;7.37309576543249
29202121597.4362;29.8355458462461;-0.00888720251917368;-8.23925651001537;-12.1350478848547;32.471229833507;-0.00412769275231603;7.37309575391943
29202121597.7074;29.8355458479207;-0.0088872025193941;-8.20939451185918;-12.0900358755381;32.4935767280765;-0.00427716648606682;7.37309574134453
29202121597.9732;29.8355458496849;-0.00888720251963482;-8.17810349861802;-12.0431604416039;32.5169930085142;-0.00443663227927142;7.37309572776096
29202121598.2365;29.8355458515706;-0.00888720251990182;-8.14494337566755;-11.9939005097602;32.5418080145401;-0.00460770370652127;7.37309571290064
29202121598.499;29.8355458536108;-0.00888720252020195;-8.10950442257118;-11.9418672566983;32.5683283556982;-0.00479107129819342;7.37309569646868
29202121598.7599;29.8355458558228;-0.00888720252054023;-8.07168538089726;-11.8871841337664;32.5966298075141;-0.00498510083643089;7.37309567828038
29202121599.018;29.835545858223;-0.00888720252092186;-8.03143318817225;-11.8300389790133;32.626752078658;-0.00518761875897928;7.37309565815189
29202121599.2753;29.8355458608679;-0.00888720252135909;-7.98813161252633;-11.769827640415;32.6591563192312;-0.00539894537680761;7.37309563557132
29202121599.5302;29.835545863782;-0.00888720252185968;-7.94177417593776;-11.7068091137233;32.6938473769572;-0.0056160516477929;7.37309561027059
29202121599.7831;29.8355458670256;-0.0088872025224382;-7.89192714521723;-11.6406371218806;32.7311498310442;-0.00583782786923508;7.37309558167774
29202121600.0351;29.8355458706852;-0.00888720252311533;-7.83796267853703;-11.5707171603321;32.7715335195559;-0.00606376389133511;7.37309554898245
29202121600.2888;29.8355458749082;-0.00888720252392542;-7.77871508530103;-11.4958026037732;32.8158707732897;-0.00629500985484343;7.37309551083235
29202121600.5413;29.8355458797847;-0.00888720252489403;-7.71415949681071;-11.4161155625766;32.8641802018097;-0.00652779845998028;7.37309546633343
29202121600.7908;29.8355458854464;-0.00888720252605667;-7.64408759235088;-11.3315943554387;32.9166176985314;-0.00675940456080266;7.37309541422389
29202121601.0376;29.835545892127;-0.00888720252747273;-7.56764050639418;-11.2413741140209;32.9738259839697;-0.00698933302461955;7.37309535235138
29202121601.2846;29.8355459002509;-0.00888720252924802;-7.48292957543654;-11.1434246472245;33.0372184148452;-0.0072195213117934;7.37309527689433
29202121601.5309;29.8355459103081;-0.00888720253151074;-7.38889323418076;-11.036739566394;33.107589396827;-0.0074487127774221;7.3730951834361
29202121601.777;29.8355459231223;-0.00888720253447517;-7.28354295868706;-10.9192934866424;33.1864270114024;-0.0076773257650083;7.37309506472065
29202121602.0215;29.8355459398187;-0.00888720253844113;-7.1655118767408;-10.7897869997345;33.2747541296919;-0.00790386897360069;7.37309491093201
29202121602.265;29.835545962463;-0.00888720254395686;-7.03169049958143;-10.6450454094228;33.3748976807269;-0.00812952241957156;7.37309470455262
29202121602.5044;29.8355459939624;-0.00888720255181277;-6.88077133914448;-10.4838772302525;33.4878360746229;-0.00835182131204834;7.37309442124907
29202121602.738;29.8355460394884;-0.00888720256341967;-6.71018623946568;-10.303729230166;33.6154911027613;-0.00857030878607599;7.37309401880177
29202121602.9652;29.8355461087501;-0.00888720258144409;-6.51595079031949;-10.1005827862703;33.7608443443206;-0.00878579981587894;7.37309342031087
29202121603.1857;29.835546221183;-0.00888720261126788;-6.29243418275691;-9.86876491756831;33.928109337604;-0.00899971847410845;7.37309247738112
29202121603.3989;29.8355464194264;-0.00888720266479784;-6.03157209249807;-9.60017392621939;34.1233204750572;-0.0092140263774742;7.37309087910113
29202121603.6041;29.8355468097773;-0.0088872027719597;-5.72081141605521;-9.28222633070923;34.355870657143;-0.00943161456365665;7.37308789658859
29202121603.8005;29.8355477115326;-0.00888720302334522;-5.33808583768032;-8.8928342737278;34.6422699885615;-0.00965734854871669;7.37308152173577
29202121603.987;29.8355503472131;-0.00888720376859083;-4.84968074096553;-8.39827408297483;35.0077381186777;-0.00989853013327764;7.37306483766258
29202121604.1625;29.835561339344;-0.00888720691734917;-4.20311713687981;-7.7460596955635;35.4914987325551;-0.0101667414789538;7.37300547032277
29202121604.3272;29.8356473519291;-0.00888723185243349;-3.28232150141791;-6.82007266086285;36.180031196452;-0.0104886061429897;7.37264741440369
29202121604.4834;29.8382313500983;-0.00888798931594779;-1.78131571475185;-5.31424619790289;37.2927934441804;-0.0109318693476589;7.36563082490386
29202121604.6351;29.8698081173743;-0.00889734388051685;-0.681615241011214;-4.20995933032576;37.8835286242307;-0.0112229320855334;7.21047753115378
29202121604.7907;29.9507281803105;-0.00892157196877311;-0.284032094671204;-3.80776915953689;37.2738121328805;-0.0111600655910748;6.60430672970511
29202121604.9588;30.1036931322589;-0.00896788614096728;-0.0409027792488325;-3.55978080785776;35.5100201569703;-0.0107515948406529;5.30427247298889
29202121605.1434;30.3485946758433;-0.00904292901946872;0.122695055864694;-3.39098698217649;32.2608083022501;-0.00988537631225445;3.05152440772062
29202121605.3383;30.6607418522686;-0.00913975780562996;0.204580431564582;-3.30377449164099;27.6303341881933;-0.00857099446264863;-0.0832364297129383
29202121605.5402;30.9271682484922;-0.00922342887111788;0.120407073367586;-3.38259487760084;25.4017663316252;-0.00797741096365711;-1.5300705992085
29202121605.7486;31.1566512021647;-0.00929639094653036;0.0420181764618642;-3.45563507554412;25.4603957605236;-0.00809490764251681;-1.45170317456614
29202121605.9637;31.3631204262844;-0.00936284850785924;-0.0179223558397795;-3.51023328088126;25.5072600981091;-0.00821018391253821;-1.39042069838967
29202121606.1822;31.5500118698601;-0.00942373437989869;-0.0677902592232964;-3.55486314720357;25.545491452186;-0.00832226181137663;-1.33994262298703
29202121606.4033;31.7212886440954;-0.00948019419415756;-0.110972395046794;-3.5929314249913;25.5784008198139;-0.00843168471483109;-1.29636329165018
29202121606.6276;31.8802616566895;-0.00953320434168722;-0.149388420296322;-3.62635281175081;25.6076107375794;-0.0085389538823639;-1.25763878580355
29202121606.8554;32.0293489555331;-0.00958348002223884;-0.184270110296449;-3.65635279849443;25.63407157839;-0.0086444009912886;-1.22251823058357
29202121607.0845;32.1686338216784;-0.00963096254261255;-0.216061926347816;-3.68343209425306;25.6581176241073;-0.00874690931293476;-1.19055604676729
29202121607.3145;32.2993389554933;-0.0096759881664818;-0.245340675627821;-3.70817358262922;25.6802095981022;-0.0088463813509084;-1.16115600065278
29202121607.5459;32.4228914105588;-0.00971898070486862;-0.272632798720301;-3.73109109054573;25.7007662043197;-0.00894309366029351;-1.1337751168293
29202121607.7792;32.5402391165137;-0.00976021249103089;-0.298303805161292;-3.7525462602419;25.7200670256954;-0.00903711150595626;-1.10804383850502
29202121608.0136;32.6517853376897;-0.00979977278814934;-0.322569505488022;-3.77276482315411;25.7382698052919;-0.0091281765538741;-1.08374886520312
29202121608.2483;32.757686472984;-0.00983766666381498;-0.345561669896837;-3.79189325999456;25.755475436102;-0.0092159048264519;-1.06075690075328
29202121608.4836;32.8586377087006;-0.00987409755796085;-0.367506885651522;-3.81014869451492;25.7718608305201;-0.0093004501350916;-1.0388364483185
29202121608.7198;32.9552053998749;-0.00990923050756282;-0.3885924194447;-3.82770965477376;25.7875701367397;-0.00938195157153547;-1.01779756259702
29202121608.957;33.0477087277188;-0.00994314622992426;-0.40893946964976;-3.84469575517078;25.8026930318865;-0.00946038367963198;-0.997519727074639
29202121609.1946;33.1362486546146;-0.00997584838059733;-0.428613733239177;-3.86117657711021;25.8172776947467;-0.00953559071871097;-0.977937902889656
29202121609.4321;33.2209680367625;-0.0100073581832153;-0.447679439007284;-3.87721653614378;25.8313743098082;-0.00960750049416846;-0.958986445148515
29202121609.6701;33.3023242625198;-0.0100378178147272;-0.466274753989931;-3.89294090165474;25.8450793925608;-0.00967635343658288;-0.940531783917583
29202121609.9099;33.380863718165;-0.0100674084753493;-0.484725840624414;-3.90865906643769;25.858502419801;-0.00974249392249684;-0.922337691498956
29202121610.1561;33.4580072792953;-0.0100966506312583;-0.503888408205161;-3.92517870297665;25.8720713643261;-0.00980710682056625;-0.903690364944408
29202121610.4111;33.5341898831337;-0.0101256996738889;-0.524686187263026;-3.94341017563627;25.8862383376476;-0.00987063191764317;-0.883825862700159
29202121610.6765;33.6093037788791;-0.0101545056921602;-0.548199248080039;-3.96443630329439;25.9016171947872;-0.00993321476359403;-0.861794005241819
29202121610.9542;33.6831237798574;-0.0101829726585494;-0.575506885282056;-3.98933974331064;25.9189332049116;-0.00999503373896984;-0.836570560025591
29202121611.2479;33.7555482819563;-0.0102110513459071;-0.607952466591108;-4.0194611835799;25.9390141374627;-0.0100564511625824;-0.806930772836039
29202121611.5635;33.8266651307594;-0.0102387665326445;-0.647140098424897;-4.05639479407103;25.9628922910419;-0.0101180862228862;-0.7713828648444
29202121611.9108;33.8966824142437;-0.0102661916062641;-0.695592005469902;-4.10264946049545;25.9918551297886;-0.0101807511656171;-0.727805510379903
29202121612.3151;33.967069619857;-0.0102939012602524;-0.759214855911659;-4.16407747711481;26.0288017342662;-0.0102468777315683;-0.671308367647343
29202121612.831;34.039566326338;-0.0103225903959664;-0.852173097195924;-4.254773909325;26.0801191330985;-0.0103206906018586;-0.590541748589815
29202121613.6736;34.1171882866152;-0.0103534863717082;-1.03568101764037;-4.43576370847674;26.1696162445429;-0.0104163283918454;-0.438990686487898
29202121615.4142;34.165695358636;-0.0103728736918609;-1.55487788392112;-4.95316516240876;26.3271276024841;-0.0105224337455398;-0.0741516045284456
29202121622.183;34.1707891649628;-0.0103749010421426;-3.1234726049297;-6.52358624168133;26.4161106740577;-0.0105136917229342;0.769600641484354
29202121667.8716;34.171283928486;-0.0103750971302227;-4.96540943883059;-8.36735591775409;26.4296616156941;-0.0104747851509124;1.69962324085884
29202122043.8008;34.1713428698758;-0.010375120395729;-6.80468571410192;-10.2083935797374;26.4425819619988;-0.0104374881047312;2.62789420730746
29202125133.3038;34.1713502569589;-0.0103751233000864;-8.62141563470656;-12.026838557945;26.4565853199111;-0.0104018567129743;3.54561558976517
29202147114.2878;34.1713513105401;-0.0103751237118772;-10.3193791184403;-13.7273704733758;26.4742552772251;-0.0103474276217961;4.40640353892017
29202239518.6198;34.171351530823;-0.0103751237973114;-11.6227115090482;-15.0340607820479;26.4943496816723;-0.010275524308536;5.07149569021854
29202557400.4903;34.1713515905889;-0.010375123820278;-12.725812278945;-16.1411676344135;26.5186214777193;-0.0101905022413721;5.63926313950692
29203490273.0194;34.1713516100664;-0.0103751238276845;-13.680288935983;-17.100209273736;26.5482409247205;-0.0100952112762632;6.13629154277278
29205980626.3218;34.1713516174096;-0.0103751238304435;-14.5303763357329;-17.9555184192616;26.5858667253053;-0.00998869471065639;6.58647472504885
29212521382.8692;34.1713516205252;-0.0103751238315975;-15.3220840131495;-18.7534099689298;26.6377933946847;-0.00986670833416808;7.01702310393876
29233103611.0004;34.171351621979;-0.0103751238321257;-16.1509829546431;-19.590731588552;26.7270503669542;-0.00970962368163386;7.49110918929023
29301075710.6716;34.1713516227622;-0.010375123832403;-16.9384786465071;-20.3893607678774;26.8925482928369;-0.00952247488310944;7.99543369926144
29426720362.0319;34.171351623277;-0.0103751238325811;-17.3874601258471;-20.8484198508436;27.089336140529;-0.00937213719022756;8.35140729011713
29604748249.4506;34.1713516237112;-0.0103751238327284;-17.6128694346796;-21.0822652899431;27.3000546025198;-0.00926334119005148;8.60490247458005
29829998939.0606;34.1713516241627;-0.0103751238328791;-17.6979887671821;-21.1745507473358;27.5251742720918;-0.00918688113312359;8.79787477755498
30079941545.6926;34.1713516246812;-0.0103751238330497;-17.6830476917962;-21.1657658027129;27.7541681519005;-0.00913292948036509;8.94340541737532
30343990906.6895;34.1713516253439;-0.0103751238332652;-17.6004224955881;-21.0883253871047;27.9869372147173;-0.00910023237068329;9.05761637264505
30613072043.8414;34.171351626258;-0.0103751238335594;-17.4688567487012;-20.9612574385646;28.222931137524;-0.00908241675963566;9.14951173117524
30878083376.6656;34.1713516275749;-0.0103751238339796;-17.3037046902852;-20.7997874730169;28.4584014262287;-0.00908087543519531;9.22426407390604
31131337312.0685;34.1713516295079;-0.0103751238345925;-17.1173253648507;-20.6161591626566;28.689348681607;-0.0090967632286898;9.28538074338214
31370532152.3203;34.1713516324024;-0.0103751238355064;-16.9171914921177;-20.4178716993494;28.9150894405637;-0.00912944407929723;9.33614144654422
31600901654.4078;34.1713516369749;-0.0103751238369472;-16.7022688875979;-20.2038115067507;29.1415524142589;-0.00918269298708273;9.37999033257337
31820596028.4335;34.1713516443201;-0.0103751238392632;-16.4758138545927;-19.9770752401515;29.3679782399122;-0.00926003576690554;9.41804818909971
32032410488.8964;34.171351656634;-0.0103751238431605;-16.2355584933407;-19.7352007519596;29.5983323172162;-0.0093675276425659;9.45183053082299
32235843851.6968;34.1713516778615;-0.0103751238499298;-15.9815234366132;-19.4778766209493;29.8335541914574;-0.00951375167384119;9.48197542881734
32429973360.4112;34.1713517153861;-0.0103751238620467;-15.7137763056993;-19.2046986076902;30.0742368858473;-0.00971118693699333;9.50891292226154
32615974130.1149;34.1713517847358;-0.0103751238848651;-15.4284700733377;-18.9112302329926;30.324158165788;-0.00997765753587618;9.5332435981877
32790350709.045;34.1713519145843;-0.0103751239287365;-15.1280511972047;-18.5993064728053;30.5813534637486;-0.0103324051407945;9.55487807389379
32956588818.1721;34.1713521767361;-0.0103751240207677;-14.8021776566002;-18.256795444053;30.8546517244825;-0.0108318555849489;9.57454437152335
33113725523.5957;34.1713527415602;-0.0103751242300332;-14.4443644256697;-17.8755800755614;31.1490623811788;-0.0115406249802955;9.59234702708778
33261990129.4255;34.1713540978283;-0.0103751247747938;-14.0386919417825;-17.4348317906506;31.4768115462013;-0.0126430217495398;9.60849513656316
33399456925.6039;34.171357859333;-0.0103751264846614;-13.5628362086481;-16.9052353304142;31.8545223397219;-0.0144801138137789;9.62293348353711
33526954075.7305;34.1713717279713;-0.0103751344173288;-12.9634666536056;-16.2060812327212;32.3223886232725;-0.0184879547073832;9.63585272157171
33645641600.6625;34.1714719431529;-0.0103752119353437;-12.0734715558476;-15.1850024307426;33.0053853480469;-0.0255301832887433;9.64719930544305
33758917137.499;34.1882442907585;-0.0103809972598797;-9.82954227452397;-13.2918084027267;34.6619624848462;-0.0119560306491931;9.63204789950947
33865938870.5629;34.3134625385769;-0.0103713526297912;-8.93180435707322;-13.0451864041641;34.1229304817986;0.00262823548298436;8.82302913826434
33961683359.1788;34.4522864259169;-0.0103572850214866;-8.83864958253696;-12.8328935164537;32.5396823253589;0.00329738285017837;7.71860992801814
34034129879.0162;34.5618278868529;-0.010350668982601;-8.82043899906558;-13.0394194787062;32.1680851750502;0.00194287442008822;7.46122365835416
34073481854.1433;34.6303997093141;-0.0103475742375508;-8.7588208430103;-13.1043416580512;32.1308342025708;0.00145011079682758;7.40552550763362
34085645989.491;34.6537718953017;-0.0103461857480165;-8.71638191018566;-12.9425386331807;32.1225131723071;0.00190832699085531;7.37874639939916
34087509090.5188;34.6574537382522;-0.0103458136065802;-8.7041711457497;-12.6995283760492;32.1236920979966;0.00324689484978793;7.37342878192805
34087615755.676;34.6576659780168;-0.0103457885445701;-8.7011958223287;-12.6290066761908;32.1254204693507;0.00379348146748104;7.37309596311673
34087624158.83;34.657682794613;-0.0103457867029399;-8.69870422720444;-12.6592399030322;32.1272442242423;0.00351833994363233;7.37306867819996
34087624873.4918;34.6576842332552;-0.0103457865414645;-8.69614778829499;-12.6459942141013;32.1291536929895;0.00360622533594439;7.37306626785903
34087624943.0207;34.6576843740973;-0.0103457865252676;-8.69343299661832;-12.6327314171655;32.1311849059463;0.00369511807751364;7.37306602419807
34087624952.3811;34.6576843931914;-0.0103457865231465;-8.69039315242706;-12.6447385127089;32.1334597062918;0.00356953896343126;7.37306598999387
34087624955.7469;34.6576844001171;-0.0103457865224423;-8.68662857319163;-12.6794236047553;32.1362769046107;0.00326738664283374;7.37306597708312
34087624957.8211;34.6576844044268;-0.0103457865220325;-8.68238909540174;-12.7042754063863;32.1394494841213;0.0030559913630456;7.3730659686921
34087624959.3246;34.657684407585;-0.0103457865217469;-8.67767875078278;-12.7212250777691;32.1429744281558;0.00290763398138533;7.37306596225875
34087624960.4864;34.6576844100546;-0.0103457865215386;-8.67251244333175;-12.7464852563511;32.14684059259;0.00271122452065884;7.37306595698483
34087624961.4522;34.6576844121346;-0.0103457865213745;-8.66679812354001;-12.7696968873029;32.1511168546732;0.00253686466940282;7.37306595232152
34087624962.2792;34.6576844139414;-0.0103457865212427;-8.66058840527211;-12.797633337961;32.1557638442358;0.00234538367432498;7.37306594806223
34087624963.007;34.6576844155565;-0.0103457865211351;-8.65386398019422;-12.8303237016954;32.1607960095911;0.00214223478952792;7.37306594405606
34087624963.6802;34.6576844170761;-0.0103457865210449;-8.64636289208901;-12.8727605700493;32.1664093835874;0.00190987483758916;7.37306594008547
34087624964.2936;34.6576844184871;-0.0103457865209714;-8.63828954689724;-12.9216214553392;32.1724509991007;0.00167553012137015;7.373065936197
34087624964.8396;34.657684419767;-0.0103457865209141;-8.62998611334632;-12.9792765766583;32.1786647975979;0.00143971840456238;7.37306593247903
34087624965.3589;34.6576844210098;-0.0103457865208691;-8.62099832021084;-13.0625325209781;32.1853907294536;0.00116446002744333;7.37306592867939
34087624965.8475;34.6576844222051;-0.0103457865208372;-8.61147197645252;-13.1839193573254;32.192519678706;0.000861603766813634;7.37306592483379
34087624966.2923;34.6576844233178;-0.0103457865208178;-8.60179342869814;-13.3607441316647;32.199762525583;0.000560921343799239;7.37306592107141
34087624966.7231;34.6576844244216;-0.0103457865208092;-8.59139195928099;-13.7009121376303;32.2075463608379;0.000250286521365508;7.37306591715656
34087624967.1372;34.6576844255099;-0.0103457865208113;-8.58033834158715;-14.2858928248447;32.2158182216653;-6.34621356199166e-05;7.37306591310958
34087624967.5303;34.657684426571;-0.0103457865208234;-8.56878165606437;-13.5129446309354;32.2244665453174;-0.000366456780467493;7.37306590897528
34087624967.9135;34.6576844276352;-0.0103457865208452;-8.55640449548749;-13.2456395442582;32.2337288604815;-0.000659288498918608;7.37306590463589
34087624968.2836;34.6576844286943;-0.010345786520876;-8.54329430195087;-13.0798642998979;32.2435397311781;-0.000937287262533264;7.37306590011794
34087624968.6374;34.6576844297398;-0.0103457865209148;-8.52958366064639;-12.959608515236;32.2537999390997;-0.00119827371602633;7.37306589545754
34087624968.9832;34.6576844307962;-0.0103457865209622;-8.51496019132085;-12.8629984838161;32.2647432509331;-0.00144773782394876;7.37306589054219
34087624969.3168;34.657684431852;-0.0103457865210171;-8.49957913178315;-12.7833395870205;32.2762534966587;-0.00167927824793524;7.3730658854182
34087624969.6423;34.657684432922;-0.0103457865210798;-8.48325066456799;-12.7155656662928;32.2884727246756;-0.00189117840993446;7.37306588000849
34087624969.9601;34.6576844340086;-0.0103457865211495;-8.46599168853669;-12.6586133256185;32.3013882899006;-0.00207300118956246;7.37306587428967
34087624970.272;34.6576844351209;-0.0103457865212263;-8.44774083383021;-12.6088347042594;32.3150461179187;-0.00223003104797417;7.37306586820318
34087624970.5754;34.6576844362516;-0.010345786521309;-8.42869664128522;-12.5646366435074;32.3292976329188;-0.00236404787472861;7.37306586177683
34087624970.874;34.6576844374169;-0.0103457865213985;-8.40868553514622;-12.5233685851921;32.3442727280755;-0.00248378694624843;7.37306585490825
34087624971.1655;34.6576844386102;-0.0103457865214941;-8.38788680548644;-12.4842136046396;32.3598372333829;-0.00259226579481087;7.37306584762336
34087624971.4542;34.6576844398532;-0.0103457865215976;-8.36599474191042;-12.4454612131158;32.3762199235457;-0.00269624697114319;7.37306583977653
34087624971.7396;34.6576844411485;-0.0103457865217096;-8.34301755630072;-12.4059113818331;32.3934146526819;-0.00280261153221608;7.37306583133138
34087624972.0193;34.6576844424901;-0.0103457865218303;-8.31909463874229;-12.3652654438437;32.4113171093449;-0.00291424375750244;7.37306582230866
34087624972.2967;34.6576844439004;-0.0103457865219622;-8.29386184986946;-12.3227378861048;32.4301997930427;-0.00303440529831291;7.3730658125412
34087624972.5701;34.6576844453776;-0.0103457865221063;-8.26738808544746;-12.2783725289602;32.4500111461152;-0.00316395579242368;7.37306580201621
34087624972.8431;34.6576844469509;-0.0103457865222664;-8.23922768061239;-12.2315041081143;32.471084676775;-0.00330537218928404;7.37306579050289
34087624973.1143;34.6576844486258;-0.0103457865224447;-8.20935459791075;-12.1822158254125;32.4934398696089;-0.00345887177324447;7.37306577792563
34087624973.38;34.6576844503892;-0.0103457865226412;-8.17807297841169;-12.1311794916852;32.516849123793;-0.0036224461876603;7.37306576434857
34087624973.6432;34.6576844522748;-0.0103457865228612;-8.14490964973823;-12.0778069457267;32.541666532449;-0.0037978909835437;7.37306574948952
34087624973.9054;34.6576844543119;-0.0103457865231105;-8.10951400759852;-12.0218168791678;32.5681544662221;-0.00398556849864256;7.37306573308102
34087624974.1661;34.6576844565225;-0.0103457865233943;-8.07170933377068;-11.9632696137884;32.5964451700913;-0.00418417615649984;7.37306571490386
34087624974.4242;34.6576844589232;-0.0103457865237174;-8.03144189572273;-11.9024041838623;32.6265788541029;-0.00439146321195389;7.3730656947724
34087624974.6814;34.6576844615654;-0.0103457865240901;-7.98817520122548;-11.8387280783015;32.6589569960993;-0.00460733121057285;7.37306567221545
34087624974.9362;34.6576844644797;-0.0103457865245206;-7.94180425983098;-11.7723964671598;32.693658164401;-0.00482915683554453;7.37306564691375
34087624975.1892;34.6576844677239;-0.0103457865250217;-7.89193794035541;-11.7031267310821;32.7309750574613;-0.00505557028371104;7.37306561831666
34087624975.4409;34.6576844713784;-0.0103457865256111;-7.83803314521269;-11.6304260170449;32.7713140959468;-0.00528568143203792;7.37306558566606
34087624975.6941;34.6576844755916;-0.01034578652632;-7.77889605990386;-11.5529720979441;32.8155686568867;-0.00552082392494176;7.3730655476006
34087624975.9465;34.6576844804631;-0.0103457865271734;-7.71437844931782;-11.470853477504;32.8638496696164;-0.00575762542033531;7.37306550314751
34087624976.1959;34.6576844861211;-0.0103457865282036;-7.64432388756273;-11.3840853844977;32.9162741926014;-0.00599306757199387;7.37306545107597
34087624976.4427;34.6576844927944;-0.0103457865294637;-7.5679191864915;-11.2918406341325;32.9734507642129;-0.00622648508351757;7.3730653892703
34087624976.6896;34.6576845009108;-0.0103457865310508;-7.48323924025743;-11.1920085355926;33.0368200124224;-0.00645994680740468;7.37306531388459
34087624976.9359;34.6576845109609;-0.0103457865330823;-7.38921661781506;-11.083572679421;33.1071807324468;-0.0066921572611946;7.37306522049804
34087624977.1822;34.6576845237777;-0.0103457865357563;-7.28379227989534;-10.9644134974859;33.1860737750847;-0.00692364284438695;7.37306510177008
34087624977.4266;34.6576845404558;-0.0103457865393413;-7.16581261360441;-10.8334700611072;33.2743624213872;-0.00715240824416451;7.37306494814075
34087624977.6701;34.6576845630788;-0.0103457865443438;-7.03202379924336;-10.6873864589132;33.3744816087783;-0.00737992365433431;7.3730647419511
34087624977.9094;34.6576845945445;-0.0103457865514883;-6.88114642427962;-10.5250082401937;33.4873887374006;-0.00760360360207101;7.37306445893818
34087624978.143;34.6576846400187;-0.0103457865620712;-6.71060277575347;-10.343765271133;33.6150127505774;-0.00782295415130118;7.37306405692493
34087624978.3702;34.6576847091959;-0.010345786578543;-6.51641544822288;-10.1396349476402;33.760329985743;-0.00803872521376381;7.37306345914101
34087624978.5906;34.6576848214802;-0.0103457866058542;-6.2929483673569;-9.9069276614436;33.9275579218527;-0.00825226767459887;7.37306251740666
34087624978.8037;34.6576850194283;-0.0103457866549626;-6.0321496084577;-9.63754515766151;34.1227216731808;-0.00846541229425657;7.37306092140493
34087624979.0089;34.6576854091309;-0.0103457867534325;-5.72146065511986;-9.31889057647622;34.3552181930145;-0.00868086075056563;7.37305794362885
34087624979.2053;34.6576863091896;-0.010345786984754;-5.33881935799838;-8.92887415588357;34.6415544744122;-0.00890312711405224;7.37305158007321
34087624979.3917;34.6576889387454;-0.0103457876712295;-4.85058446788153;-8.43384178023938;35.0068952898731;-0.00913894961923439;7.37303493163267
34087624979.5672;34.6576998974001;-0.0103457905734544;-4.20432847080607;-7.78135465866161;35.4904259540065;-0.00939907302684943;7.37297572460296
34087624979.7319;34.6577855284538;-0.0103458135519746;-3.28416171366128;-6.85547094446471;36.1784898579416;-0.00970825564608839;7.37261903773415
34087624979.8881;34.660352556082;-0.0103465108581987;-1.78412432989782;-5.35013133109822;37.2905938813533;-0.0101296000585865;7.36564685565352
34087624980.0397;34.6918603551578;-0.0103551695089285;-0.682542997511812;-4.24351084328456;37.8835127666316;-0.0104107590846683;7.21101216016943
34087624980.1954;34.7727079954287;-0.0103776474468289;-0.284484824863607;-3.84039570632384;37.2752896718838;-0.0103635881474672;6.60560165281103
34087624980.3635;34.9256151420406;-0.0104206847696942;-0.0411851990487382;-3.59176773486776;35.5126448867606;-0.00999540700129312;5.30624873787626
34087624980.5482;35.1704437828248;-0.0104905031986339;0.122485003535935;-3.42240714591605;32.264878024667;-0.00920106032692483;3.05442997090519
34087624980.7431;35.4825626225995;-0.0105807132554307;0.204464503169109;-3.33460052443966;27.635279507451;-0.00798727861400636;-0.0797929673104977
34087624980.945;35.7490548900111;-0.0106587802829405;0.120424190228565;-3.41279277832179;25.4016739072667;-0.00744124095972739;-1.53005955618319
34087624981.1534;35.9785477265412;-0.0107269181030409;0.042005069826071;-3.48537582875287;25.4602804211741;-0.00755931223507699;-1.45169233174885
34087624981.3686;36.1850135035339;-0.0107890463881045;-0.0179373062119463;-3.5394960152321;25.5071494463673;-0.007675438879251;-1.39040580293327
34087624981.587;36.3719210324454;-0.0108460326888043;-0.0678059627074291;-3.58366229306256;25.5453824965508;-0.00778854044520004;-1.33992621890905
34087624981.8082;36.5432039924115;-0.0108989281897632;-0.110986675900052;-3.62128210078685;25.5782908141441;-0.00789907242701461;-1.29634830160248
34087624982.0325;36.7021783405106;-0.0109486396920262;-0.149399547819855;-3.65426971302798;25.6074981903132;-0.00800750070347109;-1.25762707168275
34087624982.2603;36.8512607483537;-0.0109958300419656;-0.18427708807119;-3.68385028867864;25.6339559428806;-0.00811413880937553;-1.22251065581034
34087624982.4894;36.9905506872896;-0.011040442413238;-0.216067805982614;-3.71053224615267;25.6580012752202;-0.00821785326165032;-1.19054949874088
34087624982.7194;37.1212587140848;-0.0110827825114443;-0.245345472217003;-3.73489586967693;25.680092408103;-0.00831852229097669;-1.16115055713237
34087624982.9508;37.2448102795066;-0.0111232430109343;-0.272635925883841;-3.75745293836249;25.7006476527504;-0.00841641332261209;-1.13377141871218
34087624983.1841;37.3621539129969;-0.0111620759171786;-0.298304670266117;-3.77856430783306;25.7199467125034;-0.0085115847327047;-1.1080424493684
34087624983.4185;37.4737056447061;-0.011199365547924;-0.322569251033875;-3.79845748476568;25.738148654414;-0.00860377552805899;-1.08374859643762
34087624983.6532;37.5796154901629;-0.0112351107755089;-0.345561248217794;-3.81727951603079;25.7553541454776;-0.00869259124579365;-1.06075680982885
34087624983.8885;37.680562135361;-0.0112694944661772;-0.367505511513027;-3.83524491089333;25.7717387772695;-0.00877817675231909;-1.03883734399234
34087624984.1248;37.7771318321553;-0.0113026762152629;-0.388590411242358;-3.85253200412496;25.787447562589;-0.00886067413470453;-1.01779912413016
34087624984.3619;37.8696357597554;-0.0113347269014076;-0.408936653860027;-3.86925949520615;25.8025698450124;-0.00894005356622081;-0.997522102548105
34087624984.5995;37.9581791823639;-0.0113656490351546;-0.428610534947039;-3.88549738610175;25.8171542243978;-0.00901615808803593;-0.977940659741607
34087624984.837;38.0429033270562;-0.0113954598377854;-0.447675951926703;-3.90130947596224;25.8312506119208;-0.00908891221617024;-0.958989499115055
34087624985.0751;38.1242628533131;-0.011424290841882;-0.466271054477002;-3.91681969776008;25.8449555891412;-0.0091585589880927;-0.940535015272169
34087624985.3149;38.2028044355652;-0.0114523119767444;-0.484720990615854;-3.93233491634564;25.8583782556905;-0.00922544572757466;-0.922341739729545
34087624985.561;38.2799459414312;-0.011480013933727;-0.503879786477814;-3.9486574483429;25.8719453163995;-0.00929076387822923;-0.90369755831729
34087624985.816;38.3561242762822;-0.0115075439473149;-0.524671541369737;-3.96669659099907;25.8861093656661;-0.00935495563097862;-0.883838022458637
34087624986.0813;38.4312336513023;-0.0115348548032551;-0.548175447857097;-3.98753428468999;25.9014832912334;-0.0094181542399379;-0.861814037772164
34087624986.3591;38.5050449884533;-0.0115618533594495;-0.575468384373527;-4.01225091740871;25.9187910391759;-0.00948052106048087;-0.836603463831389
34087624986.6526;38.5774483683014;-0.0115884891468377;-0.607887286330527;-4.04218058660202;25.9388563633682;-0.00954239794657636;-0.806987445564349
34087624986.968;38.6485386076369;-0.0116147875878747;-0.647034811227393;-4.07891478315474;25.9627111543634;-0.00960439625518851;-0.771475201242217
34087624987.3152;38.7185537805465;-0.0116408290397392;-0.695447684175407;-4.12497465647762;25.9916527579178;-0.00966733846458775;-0.727931552627772
34087624987.7191;38.7889044016831;-0.0116671371796149;-0.758969157016176;-4.18614695099778;26.0285451458372;-0.00973356873605835;-0.671521323888514
34087624988.2339;38.861342406343;-0.011694377329164;-0.851682578629327;-4.27643957004839;26.0797422663441;-0.00980722871747508;-0.590957478810212
34087624989.0736;38.9389348979767;-0.0117237377416034;-1.03432947795901;-4.45638702400046;26.1689080896174;-0.00990211705310124;-0.440058276927972
34087624990.8041;38.9877609685346;-0.0117422966870318;-1.54950624226012;-4.96960472189551;26.3260181353071;-0.010006603610278;-0.077497384560156
34087624997.5065;38.9929308188974;-0.0117442533810806;-3.11275015886471;-6.53470520771087;26.4158803612903;-0.00999792881214356;0.764166867149813
34087625042.6737;38.9934316931342;-0.0117444421135009;-4.95509508105092;-8.37897726525677;26.4294836825573;-0.00995878817091708;1.69442850999355
34087625414.4076;38.9934913043133;-0.0117444644802803;-6.79490445388852;-10.2206287116432;26.4424024954886;-0.00992148439966074;2.62296500200977
34087628467.1258;38.9934987775477;-0.0117444672727924;-8.61117811251293;-12.0386916549113;26.4563852221903;-0.00988591707432584;3.54044446863084
34087650263.3176;38.9934998407947;-0.011744467667646;-10.3117464136148;-13.7419444933974;26.4740476103694;-0.00983155619222307;4.40252977158923
34087741966.2526;38.9935000628106;-0.011744467749431;-11.6159993036503;-15.0497095765232;26.4941155979556;-0.00975976035596993;5.06806452330759
34088057997.1192;38.9935001229696;-0.011744467771379;-12.7204284955207;-16.1583344761931;26.5183705744875;-0.00967477457416496;5.63648494689114
34088985771.2149;38.9935001425556;-0.0117444677784464;-13.6754968370381;-17.118182501081;26.547953443335;-0.00957955606075927;6.13378475423771
34091460919.7839;38.9935001499364;-0.0117444677810764;-14.5254986761356;-17.9736473159592;26.5854955948532;-0.00947318722890838;6.58386926798346
34097965175.347;38.993500153067;-0.0117444677821755;-15.3175706178944;-18.7721898081953;26.637314474996;-0.00935128401817673;7.01452776197087
34118388692.1222;38.9935001545268;-0.0117444677826777;-16.1458224520747;-19.6092325815591;26.7261944190015;-0.00919447621907266;7.48803838626547
34185976683.2371;38.9935001553123;-0.0117444677829408;-16.9347270220773;-20.4097517430348;26.8912649314279;-0.00900713164774928;7.9927817640871
34311230218.3667;38.993500155828;-0.0117444677831094;-17.3854001496106;-20.8709188168516;27.0878742735982;-0.00885638031144879;8.34948191412758
34488797055.7134;38.9935001562621;-0.0117444677832485;-17.6118288014898;-21.1060999311027;27.2983590824362;-0.00874712660615099;8.6033306579924
34713848523.4765;38.9935001567134;-0.0117444677833906;-17.6978167340468;-21.1994917154309;27.5234669285089;-0.00867018085099219;8.79672936293268
34963630047.8084;38.9935001572311;-0.0117444677835514;-17.6834472126885;-21.1914535189992;27.7524021570562;-0.00861577351204793;8.94250659367093
35227839268.3919;38.993500157893;-0.0117444677837544;-17.6011351242932;-21.1144449633899;27.9853393719229;-0.00858263688554082;9.05698645405933
35496778902.6503;38.9935001588045;-0.011744467784031;-17.469903018491;-20.9877848331645;28.2211982521122;-0.00856433476894554;9.14895840604603
35761754628.3432;38.9935001601174;-0.011744467784426;-17.3050010627003;-20.8265932514039;28.4565985746509;-0.00856230706849939;9.22378905331773
36014962232.3489;38.9935001620432;-0.0117444677850018;-17.1188564408084;-20.6431812127736;28.6874479394214;-0.008577626720685;9.28495766995477
36254637295.1764;38.9935001649348;-0.0117444677858629;-16.918487991827;-20.44459860897;28.91357817902;-0.00860976353154587;9.33586131498618
36485205305.8618;38.9935001694982;-0.0117444677872194;-16.703512103045;-20.230365986575;29.1401751232963;-0.00866240079374272;9.37977307076187
36704970755.6172;38.9935001768239;-0.0117444677893994;-16.4771072273322;-20.0034988173766;29.3666083549428;-0.00873900929541483;9.4178609539666
36916948029.9097;38.9935001891124;-0.0117444677930721;-16.2367895624403;-19.7613061188555;29.5970674394739;-0.00884569835791262;9.45168230336188
37120576546.7356;38.9935002103064;-0.0117444677994596;-15.9826253657735;-19.5035054366234;29.832442660665;-0.00899101544509385;9.48186508839269
37314741759.0238;38.9935002477369;-0.0117444678108945;-15.7149463776384;-19.2299397456343;30.0730914893489;-0.00918723250794135;9.50881402434756
37500840262.6818;38.9935003169393;-0.0117444678324664;-15.4296214909512;-18.9358547482251;30.3230534123752;-0.00945234737508848;9.53316252616237
37675348517.514;38.9935004465686;-0.0117444678740316;-15.1291130378009;-18.6230860511104;30.5803455061231;-0.00980549165890529;9.55481688357586
37841682880.0773;38.9935007082561;-0.0117444679614162;-14.8031989430901;-18.2795470480888;30.8536948495486;-0.0103028902817686;9.57449702973582
37998860898.9907;38.9935012717954;-0.0117444681605907;-14.4454676081973;-17.8971580522304;31.1480539571751;-0.0110088124834313;9.59230618354371
38147086544.583;38.9935026231018;-0.0117444686803393;-14.0401695225965;-17.4551300623297;31.4755190027171;-0.0121063258823882;9.60845164680504
38284598205.3167;38.99350637066;-0.0117444703198266;-13.5645911334144;-16.9236314535083;31.8530314831972;-0.013935111588153;9.62289614264218
38412026143.4849;38.9935201400104;-0.0117444779572417;-12.9663512060127;-16.2223182617454;32.3200444345761;-0.0179268875153086;9.63580999609857
38530762084.8261;38.9936192691347;-0.0117445529785088;-12.0783809297413;-15.1993978045375;33.0015402192202;-0.0249756807589987;9.64716607516991
38644066239.0431;39.0099538043045;-0.0117499575690444;-9.84113905294416;-13.3214830368889;34.6541628947997;-0.0114659865648013;9.63271644674485
38751199088.997;39.1350347488762;-0.0117382905111993;-8.93273150595367;-12.9629613070954;34.1282352512735;0.0031833473610971;8.82711856017352
38846982161.8483;39.2739433572846;-0.0117218749935794;-8.83855960513084;-12.7660341840776;32.5428753875671;0.0038457526171358;7.72077987698497
38919537233.2126;39.3836643414938;-0.0117134181537741;-8.82037807899242;-12.9334596696208;32.1681337531932;0.00247938674579625;7.46130713801794
38958994652.7905;39.4524414767958;-0.0117091785423121;-8.75868459733657;-12.9688026223874;32.1306079249536;0.00198061889380087;7.40538767534605
38971210328.3523;39.4759288416287;-0.0117073973139424;-8.71608319590011;-12.8361978861659;32.1222113242483;0.00243607550334054;7.37847684563921
38973085936.5155;39.4796385233579;-0.0117069620525493;-8.70380546317223;-12.6343919664547;32.12337601863;0.00376907412001196;7.37311624955184
38973193544.9102;39.4798528239722;-0.0117069332325345;-8.70082273674858;-12.5721519531812;32.1251047142155;0.00432031422961923;7.37277995216101
38973202011.8607;39.4798697828146;-0.0117069310944449;-8.69833081206686;-12.5977011315459;32.1269283435016;0.0040504090538018;7.37275241599241
38973202731.4741;39.4798712326687;-0.0117069309077447;-8.69577496340834;-12.5859542951332;32.1288373385122;0.00413728728121667;7.37274998512646
38973202801.4784;39.4798713745953;-0.0117069308890777;-8.69306100489268;-12.574050524289;32.1308679234916;0.00422603352073278;7.37274973942221
38973202810.8847;39.4798713937995;-0.0117069308866237;-8.6900227357608;-12.5835522161873;32.1331415461812;0.00410604501873095;7.3727497049991
38973202814.2577;39.4798714007458;-0.0117069308858009;-8.68625947582041;-12.6127292506954;32.1359577618481;0.00380646177607651;7.37274969204257
38973202816.3333;39.4798714050623;-0.0117069308853187;-8.68202345483123;-12.6339308537041;32.1391277585164;0.00359026650302783;7.37274968363383
38973202817.8401;39.47987140823;-0.0117069308849794;-8.67730778421306;-12.6474455086632;32.1426566905013;0.00344305567378666;7.37274967717758
38973202819.0034;39.4798714107048;-0.0117069308847297;-8.67213786692397;-12.6682059067062;32.1465255598221;0.00324388911841021;7.37274967189006
38973202819.9685;39.4798714127851;-0.0117069308845312;-8.66642975871996;-12.6867510109524;32.1507971765205;0.00306810694299571;7.37274966722356
38973202820.7952;39.4798714145928;-0.0117069308843695;-8.66022574379221;-12.7087602606096;32.155439901273;0.00287554347805318;7.3727496629605
38973202821.5232;39.4798714162096;-0.0117069308842353;-8.65350327483648;-12.7342032406778;32.1604706062373;0.00267068353732502;7.37274965894854
38973202822.1963;39.4798714177304;-0.0117069308841201;-8.64600665700796;-12.7666752550731;32.1660806388778;0.00243629317341106;7.3727496549737
38973202822.8094;39.4798714191416;-0.0117069308840236;-8.63794323517596;-12.8029299745411;32.1721148322504;0.00220035558920541;7.37274965108369
38973202823.3538;39.4798714204188;-0.0117069308839456;-8.62966975399141;-12.8440815756663;32.1783062200433;0.00196404465862326;7.37274964737297
38973202823.8732;39.4798714216628;-0.0117069308838804;-8.62068855732487;-12.9010596385744;32.1850272199949;0.00168765161567363;7.37274964356988
38973202824.3568;39.4798714228463;-0.0117069308838294;-8.61127476611276;-12.9768696880179;32.1920719464879;0.0013872476817991;7.37274963976288
38973202824.8018;39.4798714239601;-0.0117069308837918;-8.60161029370123;-13.0734407621561;32.1993042650847;0.00108646569848659;7.3727496359989
38973202825.2348;39.47987142507;-0.0117069308837651;-8.59117669954878;-13.210453073136;32.2071121456084;0.00077388318774285;7.37274963206532
38973202825.6486;39.4798714261581;-0.0117069308837496;-8.58014673451346;-13.4257436793727;32.2153663112612;0.000459691135514249;7.37274962802059
38973202826.0417;39.4798714272195;-0.0117069308837444;-8.56861093582184;-13.8832281616395;32.2239990093335;0.000156157270652415;7.37274962388745
38973202826.4267;39.4798714282892;-0.0117069308837491;-8.55619299298446;-13.9221497164061;32.2332918481608;-0.000138786727975209;7.3727496195277
38973202826.7983;39.4798714293534;-0.0117069308837629;-8.54304201695823;-13.4293737198752;32.2431332424158;-0.000418895345755776;7.37274961498985
38973202827.1531;39.4798714304021;-0.011706930883785;-8.52930776360277;-13.2043431079919;32.2534111242757;-0.000681616834488943;7.3727496103158
38973202827.4992;39.4798714314604;-0.0117069308838156;-8.5146755783083;-13.0537299231982;32.2643609625134;-0.000932542691667185;7.37274960539193
38973202827.8336;39.4798714325195;-0.0117069308838539;-8.49926529667098;-12.9415020871916;32.2758930798756;-0.00116584678011982;7.37274960025258
38973202828.1592;39.4798714335906;-0.0117069308838996;-8.48293799085425;-12.8523855134711;32.2881114420334;-0.00137909797541652;7.37274959483747
38973202828.477;39.479871434678;-0.0117069308839522;-8.46568553830798;-12.781196991077;32.3010221282545;-0.00156208554111585;7.37274958911492
38973202828.7894;39.479871435793;-0.0117069308840116;-8.44740866106229;-12.7211762512687;32.314699432339;-0.00172041226720985;7.37274958301367
38973202829.093;39.4798714369253;-0.0117069308840766;-8.42835565867592;-12.6694831757996;32.3289575420994;-0.00185551377894793;7.37274957657796
38973202829.392;39.4798714380932;-0.0117069308841479;-8.4083191750072;-12.6222225171001;32.3439516300326;-0.00197646776998908;7.37274956969388
38973202829.6835;39.4798714392874;-0.0117069308842249;-8.38752213080786;-12.5781942608184;32.3595148756275;-0.0020860747777881;7.37274956240238
38973202829.9723;39.4798714405317;-0.0117069308843091;-8.36562698748611;-12.5351366260886;32.3758998719789;-0.00219135232871281;7.37274955454681
38973202830.2578;39.4798714418288;-0.0117069308844012;-8.34264013222553;-12.4915046748756;32.3931018387986;-0.00229925952200611;7.3727495460899
38973202830.5375;39.4798714431718;-0.0117069308845012;-8.31871183953092;-12.4469159671203;32.4110083194433;-0.00241261717257879;7.37274953705642
38973202830.8149;39.4798714445828;-0.0117069308846115;-8.29348677869485;-12.400514831774;32.4298852216034;-0.00253464626912664;7.37274952728261
38973202831.0883;39.4798714460612;-0.0117069308847329;-8.26701740377718;-12.3523259947184;32.4496932916032;-0.00266625697966491;7.37274951674945
38973202831.3612;39.4798714476357;-0.0117069308848692;-8.23886048768795;-12.3016584151956;32.470764213405;-0.00280992405721377;7.37274950522687
38973202831.6325;39.4798714493125;-0.0117069308850222;-8.20897947351177;-12.2486142818982;32.4931253437193;-0.00296590118464253;7.37274949263467
38973202831.8982;39.4798714510772;-0.0117069308851922;-8.17770300374311;-12.1939860090411;32.5165307463183;-0.00313199599724551;7.37274947904742
38973202832.1614;39.4798714529642;-0.0117069308853842;-8.14454209779905;-12.1371368515321;32.5413463442423;-0.00331009732625373;7.37274946417604
38973202832.4236;39.4798714550037;-0.0117069308856034;-8.10913802041946;-12.0777844862158;32.567840592856;-0.00350060007594876;7.37274944774886
38973202832.6844;39.4798714572168;-0.0117069308858547;-8.07132213582349;-12.016037800249;32.5961396887111;-0.0037021201197389;7.37274942954992
38973202832.9426;39.4798714596201;-0.0117069308861429;-8.03104591595305;-11.952177960499;32.6262799471115;-0.00391233030545543;7.37274940939584
38973202833.1996;39.4798714622634;-0.0117069308864773;-7.98779610247562;-11.8857387912129;32.6586454590706;-0.00413100270504316;7.37274938682754
38973202833.4545;39.4798714651803;-0.0117069308868659;-7.94142713733171;-11.8168308516798;32.6933451511906;-0.00435567678335599;7.37274936150471
38973202833.7074;39.4798714684276;-0.0117069308873208;-7.89155541957436;-11.7451791633608;32.7306660867367;-0.00458491300541856;7.37274933287953
38973202833.9589;39.4798714720823;-0.011706930887858;-7.83768440946613;-11.6703429426826;32.7709798453257;-0.00481760172499557;7.37274930022156
38973202834.2118;39.4798714762921;-0.0117069308885065;-7.7786378014845;-11.5909868909125;32.8151667013629;-0.0050550508123655;7.37274926218472
38973202834.4641;39.4798714811652;-0.0117069308892916;-7.71414711611871;-11.5070497010391;32.8634275676703;-0.00529432103438414;7.37274921771883
38973202834.7136;39.4798714868264;-0.0117069308902431;-7.6441018119878;-11.418613177839;32.9158451655237;-0.00553214614984115;7.372749165619
38973202834.9603;39.4798714935009;-0.0117069308914106;-7.56773280450083;-11.3248883913946;32.972995028899;-0.00576770195524468;7.37274910380272
38973202835.2072;39.4798715016184;-0.0117069308928857;-7.4830878693345;-11.2236996892344;33.0363380795933;-0.00600316225789148;7.37274902840403
38973202835.4535;39.4798715116775;-0.0117069308947808;-7.3890402066147;-11.1139566282505;33.1067175407721;-0.00623734407343387;7.37274893493943
38973202835.7001;39.4798715245099;-0.0117069308972829;-7.28355900707744;-10.9935613396094;33.185653137622;-0.00647065190296827;7.372748816075
38973202835.9443;39.47987154119;-0.011706930900642;-7.16563164265587;-10.8616103086304;33.2739026468723;-0.00670077562161409;7.37274866242183
38973202836.1878;39.4798715638152;-0.0117069309053397;-7.03189121031321;-10.7146017417445;33.3739856305432;-0.0069294304984038;7.37274845619967
38973202836.4271;39.4798715952828;-0.0117069309120622;-6.88105886206356;-10.5513853916145;33.4868590662811;-0.00715398268717645;7.37274817314673
38973202836.6607;39.4798716407648;-0.0117069309220395;-6.71055568124022;-10.369384252471;33.6144527981857;-0.00737390392124681;7.37274777108304
38973202836.8878;39.4798717099383;-0.0117069309375912;-6.51641685416189;-10.1645802047376;33.7597337408515;-0.00758989315332699;7.37274717328148
38973202837.1083;39.4798718222163;-0.0117069309634153;-6.29300320843643;-9.93127165705085;33.9269216917131;-0.00780325874530429;7.3727462316008
38973202837.3214;39.479872020099;-0.0117069310099008;-6.03227753233693;-9.66136828784449;34.1220307550967;-0.00801574909322899;7.37274463594603
38973202837.5266;39.4798724095983;-0.0117069311032092;-5.72168719741289;-9.34227296776053;34.3544534790043;-0.0082299514587195;7.37274165939297
38973202837.723;39.4798733089157;-0.0117069313225866;-5.33918565399134;-8.95190678727789;34.6406851859772;-0.00845016794252171;7.37273530013192
38973202837.9094;39.479875934777;-0.0117069319739011;-4.85117730507763;-8.45665833315203;35.0058565025943;-0.0086827976513273;7.37271867067218
38973202838.0848;39.4798868697991;-0.0117069347279319;-4.2052660468098;-7.80411691338281;35.4891293473217;-0.00893808495797585;7.37265957025477
38973202838.2496;39.4799721984666;-0.0117069565211647;-3.28572820692303;-6.8785015132141;36.1767242017376;-0.00923965877251012;7.3723039465324
38973202838.4058;39.4825241747085;-0.0117076168115711;-1.78671007279857;-5.37385171240705;37.2881242611667;-0.00964781345494657;7.3653710372666
38973202838.5574;39.5139634299098;-0.0117158520910868;-0.68345605000748;-4.26524995476984;37.883045965098;-0.00992318267178518;7.21123816723053
38973202838.7131;39.59470401015;-0.0117372642230066;-0.284985795028638;-3.8614177507589;37.2766046741515;-0.00988563092353774;6.6068121232507
38973202838.8812;39.7474872051163;-0.011778312006655;-0.0415078311576405;-3.61229370620205;35.5159859630443;-0.0095419689854797;5.30872375578892
38973202839.0658;39.9921230876224;-0.0118449555704204;0.122268560274378;-3.44249338527444;32.2711863976452;-0.00879129768880131;3.058834495836
38973202839.2607;40.3042114334729;-0.0119311899892676;0.204413571316372;-3.35418333911833;27.6431093610181;-0.00763818163212914;-0.0744547465863592
38973202839.4626;40.5707977264749;-0.0120059076076889;0.120593800631969;-3.43182099444325;25.4014918559058;-0.00711941696045672;-1.53018462739323
38973202839.671;40.8003220266863;-0.0120711572506326;0.0421123229776781;-3.50413820949421;25.4600717285662;-0.00723784186719289;-1.45180402556597
38973202839.8861;41.0068154376247;-0.0121306961129134;-0.0178483840945687;-3.55795405075042;25.506958540341;-0.00735449758340468;-1.3904964479685
38973202840.1046;41.1937484655123;-0.0121853467025637;-0.0677315526158809;-3.60182274111145;25.545203848609;-0.00746823859239282;-1.34000141847286
38973202840.3258;41.365059823007;-0.0122361107039853;-0.110922169851019;-3.63915247875885;25.5781196290704;-0.00757946069776682;-1.29641356356282
38973202840.55;41.524041792124;-0.0122838450883352;-0.149341788024326;-3.67185833412326;25.6073319306553;-0.00768860916330759;-1.2576856703011
38973202840.7779;41.6731349179281;-0.012329188675488;-0.184224055646443;-3.7011658012713;25.6337933621695;-0.00779598748839345;-1.22256443333295
38973202841.0069;41.8124444431072;-0.0123720842780263;-0.21602120569962;-3.7275892451058;25.6578437406252;-0.00790045523215177;-1.19059668928878
38973202841.2369;41.9431736593425;-0.0124128195098658;-0.245303889809459;-3.75170635487231;25.6799387036034;-0.00800187048342381;-1.16119268029363
38973202841.4684;42.0667420820476;-0.0124517668320607;-0.272598147023742;-3.77402804684363;25.7004967850048;-0.00810049612144154;-1.13380974532624
38973202841.7016;42.1840894779932;-0.0124891631023583;-0.298269434053884;-3.79491460050345;25.7197977782412;-0.00819638562886569;-1.10807821338121
38973202841.936;42.2956476198554;-0.0125250919437269;-0.322537229202515;-3.81459528882433;25.7380022159893;-0.00828927932400717;-1.08378108622603
38973202842.1707;42.401562713878;-0.0125595486106597;-0.34553266733718;-3.8332172585094;25.7552103500326;-0.00837877464969471;-1.06078581377197
38973202842.406;42.5025170926323;-0.0125927083635135;-0.36747928249031;-3.85099315808362;25.771596771052;-0.0084650095431315;-1.03886397704619
38973202842.6423;42.5990952418138;-0.0126247226587978;-0.388566423564996;-3.86810135556915;25.7873072599854;-0.00854812891118418;-1.01782349873301
38973202842.8795;42.6916039210958;-0.0126556567242697;-0.408914345874904;-3.88465982620857;25.802430852796;-0.00862809945542008;-0.997544762239306
38973202843.1171;42.7801514947905;-0.0126855124523283;-0.428590174862789;-3.9007391740777;25.8170167454101;-0.00870476512313597;-0.977961334868394
38973202843.3546;42.8648792619966;-0.0127143050292703;-0.447657383381323;-3.91640260909672;25.8311145106741;-0.00877804734587367;-0.959008358363389
38973202843.5926;42.9462432578537;-0.0127421606746968;-0.466254155786967;-3.9317731991184;25.8448208178038;-0.00884819086412622;-0.940552151423417
38973202843.8324;43.024785341921;-0.0127692408318163;-0.484704397353014;-3.94715563838055;25.8582441493825;-0.00891554282925139;-0.922358279218115
38973202844.0785;43.1019252190573;-0.0127960196513474;-0.503862031422851;-3.96334954578773;25.8718110977528;-0.00898130235682512;-0.903714754138382
38973202844.3335;43.1781060082059;-0.0128226412001021;-0.524651052111589;-3.98126320156185;25.8859743222675;-0.00904591216743481;-0.883857136806383
38973202844.5989;43.2532132914616;-0.0128490564152079;-0.548150084927759;-4.00197798649575;25.9013460158193;-0.00910949773281916;-0.861837080631404
38973202844.8765;43.3270224585925;-0.0128751763342088;-0.575433425332915;-4.02657190423333;25.9186486373895;-0.0091722075907026;-0.836634730269731
38973202845.17;43.3994099740893;-0.0129009468375074;-0.607835682698977;-4.0563764531987;25.9387044873155;-0.00923437508475982;-0.807033364845751
38973202845.4852;43.4704843527711;-0.0129263969811808;-0.646958335218845;-4.09298116868315;25.9625450330131;-0.00929660608327901;-0.771543075004563
38973202845.8324;43.5404995498508;-0.0129516099933895;-0.695347332818491;-4.1389149143145;25.9914739370321;-0.00935973013043408;-0.728019849566546
38973202846.236;43.61082817061;-0.0129770791678383;-0.758805435558636;-4.19992266786037;26.0283327466915;-0.00942603651517699;-0.671663741428947
38973202846.7501;43.6832284711911;-0.0130034514676945;-0.851364493894984;-4.28995685805713;26.0794544141943;-0.00949961790734066;-0.591227492007699
38973202847.5881;43.7608048669922;-0.0130318931516047;-1.03347750463905;-4.46925179751904;26.1684157828054;-0.00959407565199711;-0.440731840453784
38973202849.3126;43.8098273548613;-0.0130499518875632;-1.54626465380731;-4.97997265341949;26.3252953079281;-0.00969762200289031;-0.0795197789599088
38973202855.9773;43.8150421340553;-0.0130518646066403;-3.10654440344907;-6.54212913809061;26.4156956188402;-0.00968896343747596;0.761021912627469
38973202900.7885;43.815547086473;-0.0130520489711004;-4.94813666483437;-8.38570991496792;26.4293233488184;-0.00964967739096702;1.69092353350479
38973203269.7312;43.8156071521666;-0.013052070806347;-6.78833237536842;-10.2278007702552;26.4422412060405;-0.00961235646132123;2.61965255669513
38973206298.0655;43.815614683678;-0.01305207353266;-8.60432167956178;-12.045628102973;26.4562102531879;-0.00957681746792437;3.53698070602704
38973227973.7562;43.8156157533619;-0.0130520739174186;-10.3067174769927;-13.7507845585901;26.4738685128203;-0.00952248562941265;4.39997700028967
38973319216.0109;43.8156159765282;-0.0130520739970252;-11.6115672626557;-15.0592472528623;26.4939187467905;-0.00945074858321075;5.06579833842419
38973634100.9608;43.8156160369426;-0.0130520740183625;-12.7170121551208;-16.1690126541085;26.5181659819826;-0.0093657591576822;5.63472144067319
38974558790.2192;43.8156160565968;-0.0130520740252258;-13.6725401819499;-17.1294615890203;26.5477284408132;-0.00927055979581699;6.13223745462894
38977024621.0554;43.8156160640008;-0.013052074027778;-14.5224940635047;-17.9850368009215;26.5852188958707;-0.00916426213166405;6.58226344975914
38983507841.6811;43.8156160671406;-0.0130520740288439;-15.3148946160414;-18.7840972754024;26.636979247545;-0.00904237081752801;7.01304714468488
39003830248.2911;43.8156160686041;-0.0130520740293305;-16.1425840746155;-19.6208182379765;26.7256097439597;-0.0088857370859094;7.48610991522594
39071203401.9917;43.815616069391;-0.013052074029585;-16.9325335124124;-20.4227026329359;26.8904598286883;-0.00869819437077694;7.99122845110417
39196227945.0841;43.8156160699072;-0.0130520740297479;-17.384199175635;-20.8851374339273;27.0869626453421;-0.00854716426374009;8.34835369606955
39373595001.4449;43.8156160703413;-0.0130520740298821;-17.6112778701902;-21.1211815464375;27.2973846954908;-0.00843756951611945;8.60248553059991
39598510571.9457;43.8156160707924;-0.0130520740300191;-17.6977311979785;-21.2151959899722;27.5224578742938;-0.00836031081452015;8.79609377141
39848205808.0138;43.8156160713097;-0.0130520740301739;-17.683679548688;-21.2075932711595;27.7513625150193;-0.00830559190336277;8.94200950192655
40112437901.4409;43.815616071971;-0.0130520740303694;-17.6015687445972;-21.1308650473833;27.9843346219302;-0.00827215536188347;9.05661331812033
40381070660.2911;43.8156160728799;-0.0130520740306352;-17.4706597735561;-21.0045764863554;28.2199166415355;-0.00825351630846727;9.14856185495696
40646153089.1028;43.8156160741907;-0.0130520740310153;-17.3058472435034;-20.8434982179365;28.4553854767553;-0.0082511313137921;9.22348299197108
40899406354.9411;43.8156160761127;-0.0130520740315692;-17.1197951251163;-20.6601708194114;28.6862412249058;-0.00826604855130298;9.28470212568252
41136613297.1106;43.8156160789533;-0.0130520740323844;-16.9217251416947;-20.4638358809445;28.9099526153917;-0.00829729709066852;9.33513886081363
41367172399.8876;43.8156160834788;-0.0130520740336812;-16.7071104200863;-20.2499019170871;29.1363809275681;-0.00834918548519875;9.37911852937264
41587603819.3557;43.8156160907721;-0.0130520740357739;-16.4803517807721;-20.0225799026682;29.3633268041773;-0.00842514020477162;9.41737205191307
41797414984.2989;43.8156161027642;-0.0130520740392305;-16.242933833605;-19.7831702184111;29.5911724235304;-0.00852954348717009;9.450897084888
42000807338.3394;43.8156161235914;-0.0130520740452867;-15.9897025126031;-19.5261372604953;29.825877811235;-0.00867278312610286;9.48109876069918
42195375700.1197;43.8156161604786;-0.013052074056165;-15.7221969822647;-19.2525117476413;30.0665472395987;-0.00886683837883787;9.50814818783597
42380885872.6971;43.8156162280393;-0.0130520740765076;-15.4386738384882;-18.9599620226734;30.3151030287437;-0.00912789980710794;9.53245805715505
42556428488.435;43.8156163559586;-0.0130520741161653;-15.1374463093094;-18.6460549683899;30.5731722463872;-0.0094783304119179;9.55427210579263
42722167018.0653;43.8156166102907;-0.0130520741983476;-14.8140223511653;-18.3046447945817;30.8445910519176;-0.00996681904004413;9.57390743560305
42879914367.9286;43.8156171613129;-0.0130520743870662;-14.4567929517211;-17.9221475607022;31.1387049005439;-0.0106646335402994;9.59180368226573
43028226643.2555;43.8156184716091;-0.0130520748760858;-14.0538076349677;-17.481850745332;31.4644809771018;-0.0117429567638889;9.60797704128044
43165949769.1717;43.8156220810575;-0.013052076409431;-13.5815660252326;-16.95336693426;31.8395537143609;-0.0135258965877462;9.62245979875889
43293029623.9134;43.8156350187343;-0.0130520833878186;-12.9922204117209;-16.2603216254399;32.2998836512556;-0.0174220695936088;9.63535551666507
43411951842.1413;43.8157243458259;-0.0130521499485133;-12.1242798073767;-15.2520451551358;32.9664849099713;-0.0245644641406535;9.64677472194728
43525211453.4849;43.8281173865481;-0.0130564311438516;-9.96089719024538;-13.4225100231282;34.5729584668506;-0.0119432826807625;9.63842172152294
43632763277.0978;43.9502679849442;-0.0130445782833521;-8.94472217968512;-12.9577946054725;34.1917490750951;0.00331778998500429;8.87563166539417
43729544820.2209;44.090620401562;-0.013026370841741;-8.83857264758051;-12.7255436164879;32.5786505933213;0.00422631752797867;7.74477083644002
43803304970.0463;44.2016063974607;-0.01301658912108;-8.82255360680525;-12.8774065337972;32.1711048350511;0.00283539160329247;7.46446130754144
43844020678.6756;44.2720797932749;-0.0130115434714732;-8.76173679898364;-12.9068449099849;32.1313851181105;0.00230049522677662;7.40751434040863
43856907754.6255;44.2967451564548;-0.013009450185922;-8.71806687351445;-12.7893259122623;32.1224868071854;0.00272615233815776;7.37973403467099
43858950030.754;44.3007722091297;-0.0130089440618426;-8.70512715071818;-12.6058574612602;32.1235452010266;0.00403731985968405;7.37397142547794
43859069583.9666;44.3010096162632;-0.0130089097128311;-8.7020674866393;-12.5416470079486;32.1252806276076;0.00464801379978114;7.3736011652384
43859078871.9048;44.3010281661248;-0.0130089071858894;-8.69957864578107;-12.5653240883705;32.127098335249;0.00437649120449878;7.37357121249393
43859079659.4325;44.3010297482409;-0.0130089069666271;-8.69702744736501;-12.555301879174;32.129003540465;0.00445269373567369;7.37356857421732
43859079735.67;44.3010299023575;-0.0130089069448291;-8.69431951469879;-12.543751563387;32.1310295852868;0.00454456786614611;7.37356830881949
43859079745.6467;44.3010299226666;-0.0130089069420275;-8.69129774797072;-12.551592917822;32.1332908559714;0.0044326152393942;7.37356827260744
43859079749.0825;44.3010299297207;-0.0130089069411164;-8.6875823208861;-12.576432783842;32.1360712769316;0.00415090046045502;7.37356825951919
43859079751.1879;44.3010299340854;-0.0130089069405852;-8.68337470418352;-12.5980769000063;32.1392200225722;0.00391140815561567;7.37356825106239
43859079752.7096;44.3010299372742;-0.0130089069402103;-8.67869619537712;-12.6084329975802;32.1427211446412;0.00377872979814698;7.37356824459834
43859079753.8813;44.3010299397587;-0.0130089069399344;-8.67356793841977;-12.6281147895578;32.1465588410634;0.00356933770033565;7.37356823931898
43859079754.8541;44.3010299418488;-0.0130089069397134;-8.66789108616407;-12.6435463013602;32.150807068731;0.00340045211976365;7.37356823465649
43859079755.6896;44.3010299436695;-0.0130089069395317;-8.66169134937498;-12.6626017796381;32.1554465938525;0.00320881083502802;7.37356823038548
43859079756.4223;44.3010299452912;-0.0130089069393804;-8.65498832490299;-12.6852248641814;32.160462750235;0.00299975475084092;7.3735682263817
43859079757.0916;44.3010299467979;-0.0130089069392509;-8.6476026683527;-12.7131670404432;32.1659897485149;0.0027658749888192;7.37356822246362
43859079757.7052;44.3010299482048;-0.0130089069391402;-8.63960848874359;-12.7437573135223;32.171972127498;0.00253121397152595;7.37356821860596
43859079758.2528;44.3010299494844;-0.0130089069390489;-8.63135921582004;-12.7781217146531;32.1781454016933;0.0022950836068959;7.37356821490803
43859079758.782;44.3010299507472;-0.0130089069389699;-8.62227239940105;-12.8258210045428;32.1849454441861;0.00201420733030834;7.37356821106626
43859079759.2606;44.3010299519139;-0.0130089069389076;-8.61301510200036;-12.8857470306401;32.1918730629818;0.00171796502448882;7.37356820732964
43859079759.7065;44.3010299530252;-0.0130089069388587;-8.60339937221073;-12.9594303550643;32.1990689085632;0.00141844444443702;7.37356820359184
43859079760.1394;44.3010299541301;-0.0130089069388207;-8.59303781028769;-13.0572126837886;32.2068228877164;0.00110604554675635;7.37356819969369
43859079760.5519;44.30102995521;-0.0130089069387942;-8.58211971325182;-13.1911750792715;32.2149933413202;0.00079250622077477;7.37356819569815
43859079760.9498;44.3010299562795;-0.0130089069387781;-8.57052321001166;-13.3925732613015;32.2236714701836;0.000485428163819338;7.37356819155266
43859079761.3356;44.3010299573466;-0.0130089069387718;-8.55815514519373;-13.7887112429866;32.2329269863179;0.000189558667266541;7.37356818722161
43859079761.7043;44.3010299583974;-0.0130089069387747;-8.54518915284586;-14.1031023767184;32.2426299527978;-8.92313030475649e-05;7.37356818275886
43859079762.0612;44.3010299594472;-0.0130089069387862;-8.53146457625519;-13.4899227082844;32.2529005957944;-0.00035490379724394;7.3735681781001
43859079762.4072;44.3010299604995;-0.013008906938806;-8.51693312637467;-13.2426242978834;32.263775052244;-0.000606769873327909;7.37356817322385
43859079762.7423;44.3010299615554;-0.0130089069388335;-8.50158758598503;-13.0855104812507;32.2752587234818;-0.000841292150921927;7.37356816812072
43859079763.0685;44.3010299626222;-0.0130089069388685;-8.48533906197265;-12.9703228080488;32.2874181321558;-0.00105693814499436;7.37356816274793
43859079763.3863;44.3010299637034;-0.0130089069389101;-8.46818729525886;-12.8829719625944;32.3002534728954;-0.00124285728733603;7.37356815707883
43859079763.6995;44.301029964815;-0.0130089069389583;-8.44996129761188;-12.8122491353365;32.3138927032529;-0.00140314140676273;7.37356815101846
43859079764.0043;44.301029965945;-0.0130089069390122;-8.43093478457532;-12.7528637270714;32.3281309912232;-0.00154046435889254;7.37356814461815
43859079764.3045;44.3010299671105;-0.0130089069390721;-8.41091713593803;-12.6998400647587;32.3431109852851;-0.0016628721594547;7.37356813777045
43859079764.5949;44.3010299682927;-0.0130089069391369;-8.39029432350709;-12.6515143218734;32.3585438473946;-0.00177324592918658;7.3735681305739
43859079764.8829;44.3010299695253;-0.0130089069392084;-8.36856435919915;-12.6049160390786;32.37480523479;-0.00187869156091397;7.37356812281546
43859079765.1671;44.3010299708068;-0.013008906939287;-8.34580537943361;-12.5582065240889;32.3918366744548;-0.00198625237412492;7.37356811448388
43859079765.4475;44.3010299721432;-0.0130089069393736;-8.32194800173875;-12.5103892267531;32.4096900877091;-0.0021000694303353;7.37356810552314
43859079765.7254;44.301029973546;-0.0130089069394697;-8.29681237414513;-12.4609070931832;32.4285000646376;-0.00222245073322743;7.37356809583437
43859079766.0007;44.3010299750233;-0.013008906939577;-8.27030116896908;-12.409459484536;32.4483394391095;-0.00235523453548075;7.37356808533758
43859079766.2722;44.3010299765769;-0.0130089069396965;-8.24244099449487;-12.3562492548223;32.4691882988957;-0.00249840690468237;7.37356807399397
43859079766.542;44.3010299782296;-0.0130089069398315;-8.21289928232756;-12.3007877386496;32.4912955177087;-0.0026538634418395;7.37356806161174
43859079766.8084;44.3010299799827;-0.0130089069399836;-8.18172706240177;-12.2434407530874;32.5146229076368;-0.00282075281941916;7.37356804814641
43859079767.0726;44.3010299818593;-0.0130089069401566;-8.1486408778617;-12.1839337545126;32.5393825902725;-0.00299996668342539;7.37356803339248
43859079767.334;44.3010299838717;-0.0130089069403538;-8.11357416424978;-12.1224873026323;32.5656243781812;-0.00319040833254916;7.37356801721572
43859079767.5941;44.3010299860541;-0.0130089069405809;-8.07612523752385;-12.0588049835375;32.5936488670183;-0.00339197963813905;7.37356799930381
43859079767.8522;44.3010299884289;-0.0130089069408431;-8.03614225507115;-11.993019490884;32.6235696863644;-0.00360291689011425;7.37356797942745
43859079768.1094;44.3010299910424;-0.0130089069411491;-7.99316102432629;-11.9247443964317;32.6557342093992;-0.00382275161523703;7.37356795715372
43859079768.3649;44.3010299939282;-0.0130089069415065;-7.94703410154219;-11.854104768889;32.6902527738306;-0.00404899845807014;7.37356793214273
43859079768.6183;44.301029997138;-0.0130089069419263;-7.89744971688357;-11.7809330901586;32.7273586889128;-0.00427984048929494;7.37356790389327
43859079768.87;44.3010300007416;-0.0130089069424227;-7.84398454284153;-11.7048782761673;32.7673687467317;-0.00451385740276805;7.37356787173582
43859079769.1234;44.3010300048963;-0.0130089069430246;-7.7852836468953;-11.6243251383155;32.8112968952273;-0.00475315421572562;7.37356783423966
43859079769.3753;44.3010300096802;-0.0130089069437515;-7.72143521709712;-11.5396956009992;32.8590771391216;-0.00499338414577752;7.37356779061821
43859079769.6245;44.3010300152332;-0.0130089069446344;-7.65207181493949;-11.4507173564037;32.9109844457692;-0.00523233246891502;7.37356773954343
43859079769.8717;44.3010300217913;-0.0130089069457224;-7.57625682741037;-11.3563851993226;32.9677197171733;-0.00546966259956429;7.37356767884633
43859079770.1189;44.3010300297479;-0.0130089069470971;-7.49231886577096;-11.2548519986346;33.0305337151932;-0.00570666604509103;7.37356760496761
43859079770.365;44.3010300395632;-0.013008906948859;-7.39930427059099;-11.1452148164563;33.1001400955816;-0.00594181719250044;7.37356751375255
43859079770.6106;44.3010300520014;-0.0130089069511741;-7.29540216949338;-11.0255950746166;33.1778939968399;-0.00617526942002092;7.37356739844582
43859079770.8549;44.3010300681892;-0.0130089069542917;-7.17883165585685;-10.8942042468887;33.2651281284128;-0.00640643773502299;7.37356724921558
43859079771.099;44.301030090119;-0.0130089069586537;-7.04648216565237;-10.7478310771608;33.3641702249835;-0.00663638261270769;7.37356704916261
43859079771.3389;44.3010301205127;-0.0130089069648839;-6.89727266008065;-10.5855506264043;33.475829237775;-0.00686204208885121;7.37356677541314
43859079771.5731;44.3010301642328;-0.0130089069740994;-6.7287768426431;-10.4049400172633;33.6019208027137;-0.00708273396042737;7.37356638820516
43859079771.8009;44.301030230368;-0.0130089069884045;-6.53710369483652;-10.2020441694068;33.7453566172386;-0.00729917115770634;7.37356581530967
43859079772.0219;44.3010303369662;-0.0130089070120207;-6.3167786007948;-9.97131858541728;33.9102333491578;-0.0075126091297592;7.37356491835789
43859079772.2358;44.3010305232364;-0.0130089070542139;-6.06001635656792;-9.70491753185574;34.1023765493124;-0.00772473287360363;7.37356341001602
43859079772.4418;44.3010308854877;-0.0130089071379734;-5.7548598932699;-9.39083599643836;34.3307331774432;-0.00793792470827483;7.37356062536059
43859079772.639;44.3010317068978;-0.0130089073315402;-5.38044103239604;-9.00817013292251;34.6109170393755;-0.00815612749268083;7.37355476686974
43859079772.8263;44.3010340407642;-0.0130089078912129;-4.90446557709034;-8.524607424998;34.9670861521351;-0.00838528051294035;7.37353980267964
43859079773.0028;44.3010433604716;-0.0130089101621678;-4.27715075306311;-7.89034451950697;35.4364542148923;-0.00863488371351883;7.37348850352786
43859079773.1684;44.3011102952699;-0.0130089267130045;-3.39345792766956;-7.00028993287213;36.0973254998329;-0.0089257150989353;7.37320016555561
43859079773.3254;44.3028582469262;-0.0130093648267172;-1.95327939219334;-5.55422196271039;37.1678215840585;-0.0093158939763219;7.36835733729697
43859079773.4775;44.3305440756478;-0.0130163937837521;-0.73989235477385;-4.3352589939146;37.8870254468898;-0.00961886590882594;7.2421964110303
43859079773.6318;44.4053434875086;-0.0130356272954523;-0.314437472500482;-3.90427706957519;37.3828159456399;-0.00961241285179354;6.69258374843737
43859079773.7991;44.5509628625785;-0.0130735782583579;-0.0605273282122856;-3.6445236916959;35.7387480380885;-0.00931414449782123;5.46715223158665
43859079773.9816;44.7857819673763;-0.0131356541634368;0.109609290493667;-3.46820107718985;32.6558435396227;-0.00863277732697595;3.32225275502281
43859079774.1763;45.0952298211401;-0.0132186729086627;0.201097622816196;-3.37031368707396;28.1165083710126;-0.00754310368194192;0.243578400253411
43859079774.378;45.3680807672336;-0.013292961860752;0.131305364657946;-3.433695867065;25.4001176047637;-0.00691567372888793;-1.53637732435197
43859079774.5856;45.6001638501113;-0.0133570854478963;0.0484248692954653;-3.51020080621709;25.4548836036563;-0.00703307809758862;-1.45834545786657
43859079774.7996;45.8080549788834;-0.0134153698961643;-0.0126643894430244;-3.56494765704199;25.5028055461932;-0.00714997777599318;-1.39578198733649
43859079775.0184;45.9971197318291;-0.0134691440768391;-0.0634132185075171;-3.60944998801594;25.5417991076664;-0.00726465033050926;-1.34435418615961
43859079775.2396;46.1699339908872;-0.0135189888793452;-0.107173696001564;-3.64713339005972;25.5751572453625;-0.00737664049776145;-1.3001858426107
43859079775.4633;46.329800172503;-0.0135657306053565;-0.14594187207386;-3.67999372873329;25.6046255858081;-0.00748628873008645;-1.26111259966615
43859079775.6904;46.4794361324979;-0.0136100648354679;-0.181043244478993;-3.70934004759338;25.6312575495405;-0.00759404404050829;-1.22576787044611
43859079775.9198;46.6198851919133;-0.0136522148086634;-0.213162434016482;-3.73588396632215;25.655564951576;-0.00769945615533015;-1.19346737787364
43859079776.1499;46.751489044404;-0.0136922000200147;-0.24268160658909;-3.76005081339872;25.6778448569377;-0.00780170210991896;-1.16382155658084
43859079776.3811;46.8755989974811;-0.0137303574063631;-0.270126090795263;-3.78235408286377;25.6985165146877;-0.00790096361265565;-1.1362876229566
