t;slip_2;slip_3;slip_rate_2;slip_rate_3;shear_stress_2;shear_stress_3;state
0;0;0;-9;-19.9999946455258;32.2450204656692;-3.22454180212452e-10;7.60205999132796
2.75290596933567;2.75789474713298e-09;6.28465948479484e-14;-8.99921368985302;-13.6415096257738;32.2456088848085;0.000734809303116326;7.60205999130641
4.14266986779145;4.15692755594608e-09;1.79956003996553e-13;-8.99711312665183;-13.0743492360935;32.2471807169719;0.00269932789044217;7.60205999125391
4.53699849954151;4.55601826685141e-09;2.4014015854408e-13;-8.9947866924263;-12.8163761478008;32.2489214299014;0.00486324040698768;7.60205999121537
4.76767445190194;4.79088214499495e-09;2.93147121196792e-13;-8.99218609449268;-12.6386694028299;32.2508671116047;0.00727877152508601;7.60205999117811
4.9873801291553;5.01637277275665e-09;3.66528061142465e-13;-8.98871278367331;-12.4762580089628;32.2534654519248;0.010496177312827;7.60205999112543
5.21288402987488;5.25003230058579e-09;4.70329442624193e-13;-8.98457056386306;-12.3369509250839;32.2565637810314;0.014329721169226;7.60205999104912
5.45239842829069;5.50086928292679e-09;6.14901607348443e-13;-8.97994005874607;-12.2192469422655;32.260026820408;0.0185933583954077;7.6020599909407
5.71815584936622;5.78248747968382e-09;8.17842051016765e-13;-8.97482468740006;-12.1171167952165;32.2638518693368;0.0232500615663742;7.60205999078636
5.99956377975508;6.08433056067405e-09;1.0790826573617e-12;-8.9695551070019;-12.0322956490768;32.267791636927;0.0279272840211823;7.60205999058421
6.28986890825026;6.39956515215442e-09;1.39683731323438e-12;-8.96422084044062;-11.960762785358;32.2717792162192;0.0325297679137704;7.60205999033442
6.58844947401121;6.72783989068766e-09;1.77355512209153e-12;-8.95882407252446;-11.8990453852093;32.2758130254801;0.0370387121968893;7.60205999003403
6.8952149944288;7.06940872458245e-09;2.21248472430693e-12;-8.95332830747982;-11.8444116730936;32.279920380833;0.0414809877433615;7.60205998967948
7.21020731237747;7.42470663907327e-09;2.71736503018038e-12;-8.94770730402147;-11.7951115320422;32.2841209200099;0.0458759147750949;7.60205998926672
7.53296554631792;7.79363101957089e-09;3.29132973559466e-12;-8.94193997376154;-11.7499921431211;32.2884304280631;0.0502336533951368;7.60205998879197
7.86281226116904;8.17585518000369e-09;3.93723667207887e-12;-8.93599402763835;-11.7081422145119;32.2928730560257;0.0545705710551438;7.60205998825163
8.19826470711623;8.57013087331101e-09;4.65630614378008e-12;-8.92983095878758;-11.668860111827;32.297477598804;0.0589032764344201;7.60205998764331
8.53853328912094;8.97603403879433e-09;5.45119849881631e-12;-8.92339941303798;-11.6315135311355;32.3022824370168;0.0632585294791463;7.60205998696333
8.88323296844904;9.39366843828387e-09;6.32577324598226e-12;-8.91664461618087;-11.5956439461959;32.3073285125948;0.0676552834250371;7.60205998620675
9.2314899213424;9.82258526837642e-09;7.28280389357181e-12;-8.90952670812372;-11.5609739501185;32.3126456276359;0.0720983416847408;7.60205998536923
9.58239275141097;1.02623108357238e-08;8.32506508443263e-12;-8.90200515294378;-11.5272103039747;32.3182640638601;0.0766024877583372;7.60205998444628
9.93497649042743;1.07123234038986e-08;9.45542362436461e-12;-8.89403763584647;-11.4940460592026;32.3242153993046;0.081193183273511;7.6020599834334
10.2884272035517;1.11723166922108e-08;1.06774377267885e-11;-8.88557736722627;-11.4612526444041;32.3305345640513;0.0858890122530697;7.60205998232543
10.641922016781;1.16420010542372e-08;1.19947164052416e-11;-8.87657694510505;-11.4287053834829;32.3372569776676;0.09069320288323;7.60205998111693
10.9948143887179;1.21213578947079e-08;1.34117916340896e-11;-8.86698334164598;-11.3962493643968;32.3444222446662;0.0956166172768273;7.60205997980154
11.3465004242221;1.26104761820713e-08;1.49342114228496e-11;-8.85674122329432;-11.3636207036322;32.3520716003047;0.1006984103522;7.60205997837222
11.6964339709822;1.31095814326756e-08;1.65690827080152e-11;-8.84579343990866;-11.3305020126307;32.3602475431682;0.105999364713389;7.60205997682113
12.0440274567524;1.36188976436411e-08;1.83246155502972e-11;-8.83408412926082;-11.2966626701622;32.3689915976247;0.11157082102976;7.60205997514002
12.3891532250271;1.41394180597271e-08;2.02128894477597e-11;-8.8215396181448;-11.2619123967065;32.3783585989472;0.117457850827061;7.60205997331754
12.7312497621132;1.46715877527e-08;2.22458886089885e-11;-8.80809854012945;-11.2260114785508;32.3883940384985;0.123730416788628;7.60205997134346
13.0700857559222;1.52164729558161e-08;2.44416512752008e-11;-8.79368452388713;-11.188404141615;32.399154162148;0.130561176407912;7.60205996920464
13.4054949524442;1.57754059971617e-08;2.68254282042557e-11;-8.77821518256473;-11.1483093540521;32.4106991099342;0.138227428113399;7.60205996688596
13.737501181957;1.6350253562877e-08;2.94328674821241e-11;-8.76159353594159;-11.1049320292002;32.4230993610587;0.147067271093083;7.60205996436883
14.0658476329766;1.69426366377636e-08;3.23089841316402e-11;-8.74372968481525;-11.0575258303337;32.436419316021;0.157484117289054;7.60205996163432
14.3907561939399;1.75553586565046e-08;3.55228778900049e-11;-8.72449766725863;-11.0047296384522;32.4507479424766;0.170213005370516;7.60205995865653
14.7120175492776;1.81907970199942e-08;3.91812797020512e-11;-8.70378505617012;-10.9435670837458;32.4661572722152;0.186917025189643;7.60205995540952
15.0298463585213;1.88526368747555e-08;4.3496488279384e-11;-8.68144034478765;-10.8671914684463;32.4827278728745;0.211788010232092;7.60205995185868
15.3440628682033;1.95443133956062e-08;4.89612295129359e-11;-8.65732596648387;-10.7596593981088;32.5004529384174;0.256776918006767;7.60205994796793
15.6549323663574;2.0270972501359e-08;5.52789822301576e-11;-8.63124739203502;-10.6920154888863;32.5197560020139;0.282734744832341;7.60205994368893
15.962276978039;2.10376290323851e-08;6.13574534211661e-11;-8.60302476382682;-10.7038312408456;32.5410803323067;0.25800343611431;7.60205993897041
16.2664304205474;2.18517349149213e-08;6.59140112824521e-11;-8.57241184345109;-10.8244558467968;32.5644967957858;0.182263778037577;7.60205993374243
16.5671900402388;2.27207555487496e-08;6.79583266168177e-11;-8.5391894386308;-11.1676716407085;32.5897741424643;0.0766653545721405;7.60205992792982
16.8648816932089;2.36555623427799e-08;6.78459312751543e-11;-8.50304479743988;-12.4230183457164;32.6169116615652;-0.00392165413604032;7.60205992142975
17.1593642955297;2.46680463163791e-08;6.6390929647294e-11;-8.46367148470052;-11.3061961630713;32.6463431409609;-0.0469147992979344;7.60205991412546
17.4508815844679;2.57746711544495e-08;6.45138032374008e-11;-8.42066390276756;-11.1911707964776;32.6785142578721;-0.0554313440646097;7.60205990586065
17.7392885003858;2.69947574348999e-08;6.20704613227119e-11;-8.37361512680905;-11.0720214252069;32.7137043319334;-0.0655123873284144;7.60205989644887
18.0248828973342;2.83554965156555e-08;5.89567934238047e-11;-8.32197482479306;-10.9624773935692;32.7523288795146;-0.0749444742852316;7.60205988563452
18.3074862385881;2.98900759969848e-08;5.50789817635217e-11;-8.26518790525351;-10.8625905800611;32.7948060190401;-0.0828709641466081;7.60205987310285
18.5874116984771;3.16461277168682e-08;5.0337548873024e-11;-8.20250509762296;-10.7711327923805;32.8416991991437;-0.0886743317406318;7.60205985841142
18.8644962561884;3.36852806421621e-08;4.46026256353552e-11;-8.13316252594553;-10.6840847134355;32.8935807296365;-0.0925100605043336;7.60205984098769
19.1391803058109;3.60994251493999e-08;3.75599587496162e-11;-8.05607017871666;-10.5910962945141;32.9512619695752;-0.0961271211481689;7.60205981999471
19.411254974371;3.90141375610825e-08;2.87495823272769e-11;-7.97009239846993;-10.4896936447982;33.0155920425629;-0.0997970820501803;7.60205979429525
19.6812620111902;4.26267212633606e-08;1.73872139577159e-11;-7.87355716439193;-10.3759062176647;33.0878204802323;-0.104068455107416;7.60205976213887
19.949030758449;4.72307729218772e-08;2.24858351752676e-12;-7.76461969890313;-10.2476732995322;33.16932719949;-0.109064411884678;7.60205972095644
20.2150223527025;5.3315491105019e-08;-1.87820884255856e-11;-7.64062744401019;-10.1020147635812;33.2620963184996;-0.114964114156125;7.60205966656456
20.4790030645242;6.16926731514904e-08;-4.9271512559214e-11;-7.49847424230093;-9.937422973856;33.3684530358874;-0.121447153905743;7.60205959217586
20.7414503082691;7.38666249765607e-08;-9.58940466538935e-11;-7.33361043728675;-9.75044614088988;33.4918027170504;-0.128263421484251;7.60205948559382
21.0022114888079;9.27461978347937e-08;-1.71905781625723e-10;-7.14025077418753;-9.53536229310535;33.6364745129323;-0.13542503346143;7.60205932404595
21.2616746032362;1.24682828939398e-07;-3.07036693495623e-10;-6.9097865249235;-9.2833209193595;33.808910022618;-0.143052935850368;7.60205906002259
21.5198604133942;1.85220939780027e-07;-5.75947326270365e-10;-6.62990350565842;-8.98232439520135;34.0183243410413;-0.151109590264029;7.60205858371852
21.7768803029196;3.19664494863635e-07;-1.20151510098528e-09;-6.28142674460524;-8.61369236404975;34.2790668704116;-0.159500985882823;7.60205759850477
22.0329066909942;6.96385729337783e-07;-3.03208686442715e-09;-5.83226462881981;-8.14569797030415;34.6151519343904;-0.168202675930374;7.60205511199992
22.2879399270934;2.22256564571072e-06;-1.07500837960189e-08;-5.22299104746796;-7.51909218008993;35.0710435483731;-0.177356682256274;7.60204654795423
22.5419994380216;1.44397238121213e-05;-7.48245743235067e-08;-4.31796526132498;-6.59825029603979;35.7481906307578;-0.187486080702701;7.60199494419041
22.7952402880056;0.000607039460795011;-3.2875241307126e-06;-2.6307723081404;-4.89666364921;37.008775142525;-0.200638083452823;7.60068456386298
23.0476810744923;0.0415114731095386;-0.000231846860672354;-0.790389140641969;-3.04316055784845;38.156705786072;-0.213206016589038;7.44750786502407
23.2993642408661;0.144438377762527;-0.000823142695796593;-0.388325256758989;-2.62904934908734;37.287628083224;-0.214210456066909;6.66581864950422
23.5504045481388;0.307989848013162;-0.00178732709724771;-0.186089005237282;-2.41558335661897;35.2713495812007;-0.207935061862832;5.21753128585974
23.8008264715661;0.523493370156283;-0.00308944747521707;-0.0652179743592023;-2.28402121133682;32.2668503956365;-0.194963511571491;3.14963448478443
24.0506639720227;0.76908192872181;-0.00460929569015222;-0.00744949615886022;-2.21585740852567;28.5325722293532;-0.17657654421519;0.62567416080276
24.2998040203313;0.984297212194147;-0.00597296555463857;-0.0635704348933059;-2.26173430111779;25.6660411684307;-0.162627887375637;-1.26153055249373
24.5482753630679;1.15711836088856;-0.00709390551662908;-0.157679419472026;-2.34569395469102;25.6046774544392;-0.166075196174685;-1.25546058548014
24.7962021578331;1.30778714864668;-0.00809403884015794;-0.216300171751074;-2.39426556800171;25.6504605507918;-0.170266720416528;-1.19554294462938
25.0435623206035;1.44249348085527;-0.00900883153867081;-0.263941746714346;-2.43200706842295;25.6873154076707;-0.174442939645532;-1.14707979888017
25.2904531751762;1.56469867646141;-0.00985745530040364;-0.30541533240966;-2.46378981494106;25.71882917457;-0.178598049397425;-1.10526888846973
25.5368471139178;1.67658158023893;-0.0106514257172466;-0.34286629063384;-2.49182569902185;25.7469462778225;-0.182711683183388;-1.06773849728617
25.7828711343805;1.77974631104377;-0.0113990068014566;-0.377446262072325;-2.51731920731164;25.77269280305;-0.186761284388579;-1.03322736274509
26.0284225636384;1.8753214267737;-0.0121056186436888;-0.409797633762118;-2.54096155475419;25.7966419816404;-0.190721325052453;-1.00103143934941
26.2735848767138;1.96426535094165;-0.0127758982480033;-0.440337423790197;-2.56319770560126;25.8191626255668;-0.194572684646983;-0.970695923208659
26.5183863336878;2.04734203811116;-0.0134134277554912;-0.469334828308069;-2.58431370774625;25.840491170544;-0.198299621355736;-0.941928355697885
26.7628378086674;2.1251841104372;-0.0140211267410122;-0.49697827278629;-2.60450415072197;25.8607890078144;-0.201890504391989;-0.914526786736465
27.0068656426605;2.1983042455777;-0.0146012712158094;-0.523402379721376;-2.62390320466133;25.8801675550209;-0.205336549023338;-0.888349544582915
27.2506094366068;2.26720032026959;-0.0151562854244615;-0.548739087801171;-2.64262946534452;25.8987289728746;-0.208635435766964;-0.863262451505596
27.4939779805158;2.33224068474496;-0.0156877813299992;-0.573081477391649;-2.6607645204821;25.9165414226749;-0.211784416691964;-0.839173476411304
27.7369663251082;2.3937669337765;-0.0161973454011261;-0.59652500333416;-2.67838664359999;25.933671027582;-0.21478421317878;-0.815990743051498
27.9797090329979;2.45210738849982;-0.0166866344141501;-0.619176382533559;-2.69558072856162;25.9501863589292;-0.217638705964265;-0.793615089231159
28.2223220200001;2.50753219477258;-0.0171569734744705;-0.641209861016775;-2.71250299764476;25.9661357920618;-0.220350574587257;-0.771927085751389
28.4661122607581;2.56049620499576;-0.0176114265536521;-0.663035455535449;-2.72952726589009;25.9816805154423;-0.222933547946971;-0.750613980487577
28.7125954810014;2.6113811276917;-0.0180526100626201;-0.685198240221271;-2.74716808875264;25.9970414462657;-0.22540008632;-0.729255589426653
28.9632527549996;2.66043797284451;-0.018482139300299;-0.708380696949205;-2.76608758100803;26.0125127948679;-0.227758934682588;-0.707314073865294
29.2192618886685;2.7077503981207;-0.0189002421791749;-0.733280249032008;-2.78697230204017;26.0284506686443;-0.230015056165724;-0.684202789389683
29.4828542717176;2.75347212585154;-0.0193078255949469;-0.760810223288314;-2.81071635180947;26.045297991308;-0.232179142104781;-0.659169101157409
29.7565378201642;2.79765620018303;-0.0197049544590608;-0.791982931226786;-2.83831723846684;26.0635764432599;-0.234260843171788;-0.631358267099891
30.0447205090615;2.84046081253648;-0.0200926931537364;-0.828177320886851;-2.87112874532392;26.083940888394;-0.236277182200593;-0.599643198747431
30.3531434396233;2.88194209170899;-0.0204712322889275;-0.871294518999912;-2.91103587380869;26.107161108265;-0.238241982536699;-0.562558956302236
30.691214850714;2.92218506111488;-0.0208410650803579;-0.924318427839015;-2.96100303084107;26.1343433646873;-0.240174552262258;-0.517874368776069
31.081404035316;2.96178509660696;-0.0212074830730589;-0.993579652133412;-3.02729843605334;26.1677321219258;-0.242129274847985;-0.460924244929863
31.5752592665588;3.00154095150905;-0.0215778607500368;-1.09419856158744;-3.12495485501603;26.2120748524415;-0.244199688738405;-0.380975962024272
32.3706433474928;3.04267369682394;-0.0219638652104746;-1.28638919812173;-3.31398457148186;26.283095145262;-0.246650007980597;-0.237415669040812
34.0004431007116;3.07105927388719;-0.0222315176713693;-1.75903652008772;-3.78456300690769;26.3912579308843;-0.248847684708702;0.071187006993294
40.1669032023999;3.07725687279141;-0.0222893700891555;-2.99781245969447;-5.02771441203045;26.4890972219549;-0.247266456404351;0.755933670287992
81.1510112979723;3.07809481536537;-0.0222971282060636;-4.68940123182587;-6.72285916856606;26.5612712684003;-0.245918341104856;1.64994087811098
417.22499053121;3.07821283425033;-0.0222982108041518;-6.45448338108803;-8.49196763240448;26.6291546457159;-0.244271685149197;2.57782638214514
2764.99801101639;3.07823228376633;-0.0222983877335566;-8.08174730926442;-10.1228560910588;26.6944847044717;-0.24283582641132;3.43509809991493
13854.9753814861;3.07823659949355;-0.0222984265173274;-9.40987667246777;-11.4562806282945;26.7559447494367;-0.240445323438081;4.14021116313128
56600.43056785;3.0782378228506;-0.0222984373176888;-10.543336718124;-12.5974516574638;26.8241012082271;-0.236815562902363;4.75245652991212
197974.395439087;3.07823824552371;-0.0222984409664211;-11.5243648154346;-13.5882274402888;26.9042571379663;-0.232251421215174;5.29649812312265
613491.683734786;3.07823841820478;-0.0222984424201883;-12.3813443878335;-14.4560942469669;26.9982672058837;-0.22729298498849;5.78777019211668
1722963.8247116;3.07823850020703;-0.0222984430916274;-13.1312906182213;-15.218109765131;27.1083474482921;-0.221964691940788;6.23626125234353
4529312.76952404;3.07823854529005;-0.022298443449457;-13.7941286360117;-15.8944654069103;27.2406227949076;-0.216212232749137;6.65602601924957
11884061.0966082;3.07823857458891;-0.022298443673543;-14.3997170518926;-16.51615313809;27.4145055109162;-0.209673879348761;7.07496209867446
35977685.158929;3.07823859972071;-0.0222984438564879;-14.9816786854948;-17.1195818372575;27.6990750864535;-0.201633233984283;7.55603200756633
101074609.114596;3.07823862923522;-0.0222984440614822;-15.3435248635359;-17.5018186196095;28.0997711437677;-0.195168186539236;8.00464135667956
210515600.146679;3.07823867154873;-0.0222984443456376;-15.4127009400512;-17.5856240808598;28.5249435307035;-0.191558599196546;8.32328359542709
365828190.093246;3.07823875333017;-0.0222984448837977;-15.2785518860636;-17.4602951462427;28.9845401814203;-0.190731820834102;8.56327617387083
563122879.790071;3.07823895235013;-0.0222984461810332;-14.9962187680839;-17.182096588838;29.476188356716;-0.192129256577546;8.75060121881746
792388247.915318;3.07823961079122;-0.0222984504539687;-14.5418215346296;-16.7296121158522;30.0382305875216;-0.194932281394002;8.89893278820239
1038418987.28447;3.07824259752612;-0.0222984700826017;-13.9157926948731;-16.0980993164734;30.6824247888053;-0.20164295661696;9.01635371370115
1296299540.3926;3.07826910159027;-0.0222986502863165;-12.9881061189246;-15.1556548536309;31.5206143156438;-0.214311728132508;9.11258660618208
1554920839.32718;3.08009914080361;-0.022311889631207;-11.1502038929214;-13.2907977927702;33.0082933613986;-0.23879716722602;9.18770828138376
1806223424.63935;3.13889673269456;-0.0227799727172415;-9.63083741697027;-11.7298740081027;33.8895421944557;-0.269792026926839;9.01696529141361
2045295193.38954;3.21214821841087;-0.0233768279855666;-9.51371185699193;-11.6026592629922;33.1758903019941;-0.270318133680061;8.48159724211616
2272378126.78771;3.29714302933575;-0.0239727098728281;-9.42679208357219;-11.5810243111102;32.7220403414774;-0.229407783152266;8.13470297336673
2490401677.4947;3.38687480184266;-0.024500717200128;-9.38555716161105;-11.6158634588389;32.5890641686579;-0.191763343018477;8.02507934511107
2699826073.0295;3.4803727285203;-0.024960073374984;-9.35022529013265;-11.6588777118878;32.5351074292074;-0.159845282438609;7.97124899632318
2901309320.26668;3.57829215393009;-0.0253467213095036;-9.31337008524571;-11.716923247108;32.5016654705583;-0.128337168749148;7.93038517772977
3093321737.08522;3.67875660675275;-0.0256510647665391;-9.28131689081254;-11.7999653445662;32.4754502055181;-0.0983799792527658;7.89677394195697
3276172227.3601;3.78093368413668;-0.0258737503626634;-9.25274265293726;-11.9144040024831;32.4514964060823;-0.0707250687466889;7.8664346156144
3450742107.79049;3.88426815781204;-0.0260191952748929;-9.22772408267377;-12.0792707805415;32.4302790557436;-0.0456461326319539;7.83971932771037
3617293053.43824;3.98817313314274;-0.0260940153463414;-9.20491075930233;-12.347528984297;32.4119982343265;-0.0233392868432404;7.81608273058288
3774891368.19999;4.09150452949664;-0.0261056165370606;-9.18331927095407;-13.1330490026724;32.3951032525752;-0.00363705305899405;7.7939932600783
3922941824.88142;4.19333421317639;-0.026062583789911;-9.16253535667467;-12.5366106796554;32.3793522803374;0.0136833625441487;7.77307914163182
4061077425.10922;4.29310008497234;-0.0259755820797103;-9.14132361717567;-12.2007778294598;32.363959540206;0.0282232769400492;7.75219491163085
4190362570.43935;4.39054173232227;-0.0258549231719781;-9.12280401042058;-12.0299892384238;32.3481585333282;0.0400557008417954;7.73238600273146
4312268888.91857;4.48478890589051;-0.0257088718782015;-9.11175788118054;-11.9215208074826;32.3354634922917;0.0501090494188173;7.71839008275612
4426180248.66783;4.57459113108363;-0.0255450841094253;-9.10327993791791;-11.8422855693149;32.3285216478943;0.058963087130144;7.7095228347298
4527212958.3772;4.65707958451524;-0.0253773986412059;-9.08806883984234;-11.7799665731074;32.3226664856006;0.0657066684882392;7.69801379455179
4610714916.72695;4.72936666360572;-0.0252215243180965;-9.06263598446752;-11.7289220804497;32.3136614153869;0.0696787055678937;7.67928618687282
4678219569.37325;4.7939411912894;-0.0250770384189784;-9.0192724685854;-11.6695082420398;32.3009806949905;0.0722736411015416;7.64913565523727
4723733015.55801;4.8446509063423;-0.0249614411329058;-8.95304855046331;-11.5951920825533;32.287172430862;0.0736014687535268;7.60679977531189
4748845530.51427;4.87851245502293;-0.0248844265868819;-8.87018339143269;-11.5133174486747;32.2785396610738;0.0734141578034938;7.55959898346432
4759492609.11398;4.89578136892344;-0.0248457158294802;-8.78996543596161;-11.4393987914993;32.2840394898842;0.0723693237363538;7.52316312172357
4762718279.15602;4.9017836903431;-0.024832407159405;-8.73030069293643;-11.3844852818411;32.3025141039883;0.0716228726772124;7.50567334737696
4764201784.41987;4.90502238824115;-0.0248252845810773;-8.66091865222355;-11.3186518577262;32.336886162964;0.0711156186279443;7.49394706325253
4765044803.86759;4.90738561813137;-0.0248201214978362;-8.55233162255849;-11.2129284665694;32.4026695347283;0.0707919617710452;7.48360583111065
4765563606.43491;4.90974006653638;-0.0248150060152443;-8.34311293872404;-11.0061155054584;32.5415234519255;0.0707025885036999;7.47177074923056
4765897480.91429;4.9153341268415;-0.024802910003521;-7.77585607997413;-10.4409410247497;32.931053754404;0.0712066711022772;7.44840538743049
4766110820.37497;5.00012837928755;-0.0246203275385032;-6.40070477711356;-9.06761212674166;33.5451688527767;0.0722308345424004;7.17114843618227
4766245937.55103;5.16271920439668;-0.0242715479745668;-5.91961452490866;-8.58815952955141;32.2534604016552;0.0691880851627367;6.06755283649006
4766328645.99688;5.31313978643022;-0.0239499861140659;-5.74024259543661;-8.41028532747993;30.587941783425;0.0653894256743208;4.86505527763479
4766377171.78253;5.42251749734618;-0.0237169199428487;-5.64704374538522;-8.3184933338063;29.9355636824748;0.0637878334834042;4.38257088699791
4766403719.51509;5.51382371844812;-0.023522964098248;-5.4635270648931;-8.13632456284618;29.7938745420615;0.0632891826098118;4.1961431178321
4766417069.31285;5.6029560269595;-0.0233342062636298;-5.17543953183044;-7.84956970006754;29.694659124457;0.0628851608319274;3.98580863477711
4766423048.6195;5.70409869286753;-0.0231206920912077;-4.77171643021157;-7.44722411928234;29.5574391704978;0.0623963399298145;3.69226374217222
4766425207.39498;5.82489182579133;-0.0228665193403505;-4.25216523162242;-6.92907848778748;29.3618896393172;0.0617832494227929;3.30183206590941
4766425869.14579;6.01264132693255;-0.0224729102555046;-3.54711568710294;-6.2256293650651;29.0468474619717;0.0608955175788441;2.73881248640677
4766426013.85774;6.35823747190541;-0.0217516475531118;-2.62193551579035;-5.30241093045927;28.4637805162939;0.0594042021421001;1.88664732339374
4766426036.4471;6.77598152259748;-0.020884693836396;-1.73299360265253;-4.41590796344766;27.4632545166789;0.0569951158775342;0.773679059432878
4766426041.48471;6.99126694024537;-0.0204410513065946;-1.36920993316143;-4.05519137393233;26.6861623686432;0.0549926544643219;0.0725757856783368
4766426044.08332;7.12439259170755;-0.0201690676582152;-1.29047918729481;-3.98019813824862;26.5203472842905;0.0541826517387489;-0.0775789932880246
4766426045.85561;7.23083231196506;-0.0199536438184793;-1.22143228732483;-3.91524224927132;26.4655373555843;0.0535637228660517;-0.148724195976335
4766426047.1746;7.31573604558264;-0.0197834911444865;-1.19131431918977;-3.88940232929588;26.4245410854687;0.0529565206752435;-0.191175399952525
4766426048.26731;7.38889591796533;-0.0196384237519092;-1.17423255409743;-3.87693568816974;26.4038253325208;0.0523556694443186;-0.213558180153255
4766426049.2064;7.4532043012054;-0.0195123401917553;-1.16443643340168;-3.87204556138067;26.3915693277814;0.0517435340657467;-0.226645814113497
4766426050.03292;7.51086713582327;-0.0194006219083876;-1.15636187133211;-3.86913360533911;26.3842260034022;0.0511178553155985;-0.235590298879413
4766426050.7675;7.56280399712914;-0.0193012317289331;-1.15056342309231;-3.86869564876671;26.3779660902582;0.050478806717195;-0.242672859373045
4766426051.43777;7.61021975318964;-0.0192116598372495;-1.15032275428157;-3.87407368795833;26.3726082071805;0.0498198194442579;-0.246373859022006
4766426052.05147;7.65320052560834;-0.01913155039622;-1.15468117080603;-3.8842716854312;26.3704091657869;0.0491503204598399;-0.245664756568778
4766426052.63351;7.6934862638354;-0.0190575351704965;-1.1598063622064;-3.89563662066667;26.37180151183;0.0484517580547543;-0.242172725959301
4766426053.1792;7.73103600302526;-0.0189895803759783;-1.16233797935533;-3.90472480062629;26.3752027638833;0.0477319289791203;-0.238635256503348
4766426053.70066;7.76704383095243;-0.0189254565975219;-1.16082372552384;-3.91020154508343;26.3785809308026;0.0469757376929628;-0.237136176304879
4766426054.19611;7.80168372471335;-0.0188648079499052;-1.15542079086869;-3.91217622112577;26.3802282557646;0.0461873578070026;-0.238737911477762
4766426054.67427;7.83571395222193;-0.0188062952044946;-1.14771350057948;-3.91232787752358;26.3791568303152;0.045357230931498;-0.243308374038046
4766426055.12761;7.86854529388612;-0.0187508967884711;-1.14013409049305;-3.91292537381775;26.3754674398438;0.0445050078364778;-0.249564082685874
4766426055.56548;7.90064799937745;-0.0186977923589192;-1.13479696075029;-3.91620784734299;26.3700413886119;0.0436214326415953;-0.255859007760934
4766426055.98646;7.93161662057934;-0.0186476162598844;-1.13334891609744;-3.9237738921859;26.3643396667791;0.0427161322256762;-0.260393582173843
4766426056.39556;7.96149901182561;-0.0186002493967841;-1.1364086227409;-3.93634934609121;26.3597908253279;0.0417831556078491;-0.261903999066379
4766426056.79167;7.9899421704233;-0.018556190526401;-1.14384275223365;-3.95378721697679;26.3574279543992;0.0408280429856615;-0.259766661364079
4766426057.18187;8.0172308193607;-0.0185149488523233;-1.15529636213312;-3.97594211058499;26.3576724680395;0.0398346777763568;-0.253877489010879
4766426057.55579;8.04252440290937;-0.0184776904024993;-1.16977438137114;-4.00155996345452;26.3604552965584;0.0388299941411306;-0.244780136764572
4766426057.92484;8.06651438332821;-0.0184433115531273;-1.18705534670203;-4.03079390302507;26.3655391487945;0.0377831445955514;-0.232743909127151
4766426058.2881;8.08909246242656;-0.0184118972220627;-1.20653091022526;-4.06309008410431;26.3726268983845;0.0366939290459014;-0.21827150006206
4766426058.64572;8.11027191586425;-0.0183833497573305;-1.22750965727741;-4.0978568605838;26.3814441651097;0.035559149300254;-0.201891941750415
4766426058.98683;8.12952059367591;-0.0183582501438413;-1.24848655507244;-4.13322042452879;26.3913894586467;0.0344134636849798;-0.184759599321459
4766426059.32869;8.14789372276542;-0.0183351487525689;-1.26966856464753;-4.17021355514668;26.4026701903069;0.0331973074227818;-0.166632459887472
4766426059.66335;8.16506560103791;-0.0183143884721445;-1.28978793101902;-4.20737251667339;26.4147592032364;0.0319346433569032;-0.148496592372458
4766426059.99395;8.18131825383322;-0.0182955631995842;-1.30837705615847;-4.24456004098238;26.4274539767834;0.0306106351039734;-0.130721115786352
4766426060.31515;8.19652731156695;-0.0182787410421759;-1.32466599262888;-4.28088660867416;26.4402303549084;0.0292445281441925;-0.114041195858909
4766426060.63318;8.21110915080806;-0.018263412732115;-1.33865757354099;-4.31697560281597;26.4530380732348;0.0278072171100204;-0.0984890158340185
4766426060.94621;8.2250897276485;-0.0182495182366533;-1.35005856117721;-4.3527408707489;26.4655343233495;0.0263025804116609;-0.0844402301038464
4766426061.25669;8.23867886694099;-0.0182368341989072;-1.35885518383599;-4.38878960837691;26.4775689541955;0.0247140364677904;-0.072002049898195
4766426061.55838;8.2517000535342;-0.0182254932062585;-1.36490775323196;-4.42490724667577;26.4886880556913;0.023070709751612;-0.0615475705291879
4766426061.85435;8.26437119839436;-0.0182152819976938;-1.36842618481702;-4.46216489396124;26.4988374687769;0.02135443632773;-0.0530080234624556
4766426062.14771;8.2768976517532;-0.0182060472869861;-1.36957382257346;-4.50197865324951;26.5079633389667;0.0195421134676323;-0.0463377213544122
4766426062.43624;8.28924831631247;-0.018197829920304;-1.36849974013871;-4.54545739984623;26.5158548335481;0.0176420063073704;-0.0416029777616794
4766426062.71963;8.30146537819233;-0.018190619987735;-1.36542073981998;-4.59445631042175;26.5224017417917;0.0156522681156069;-0.038769016733347
4766426062.99858;8.31362616228628;-0.0181844023124528;-1.36055844007385;-4.65189198073967;26.5275450685494;0.0135632423037248;-0.0377644364838632
4766426063.27406;8.32581523696639;-0.0181791828339965;-1.35412276960721;-4.72246639814942;26.5312430855848;0.0113609322560268;-0.0385121418210242
4766426063.54705;8.33811348282627;-0.0181749975259761;-1.34631151411262;-4.8144272594091;26.5334617362808;0.00902980079257029;-0.0409359796861123
4766426063.81628;8.35049366648854;-0.0181719313031069;-1.33738849251779;-4.94351186161434;26.5341778524629;0.0065717686559631;-0.0449194977221258
4766426064.08132;8.36295914111916;-0.0181700606337741;-1.32760638063371;-5.151318173221;26.5334231423039;0.00398181877836528;-0.0503151496662974
4766426064.34241;8.37553655314898;-0.0181694681189188;-1.31719306791294;-5.64408511299268;26.5312618111396;0.00124987292441315;-0.0569660671578177
4766426064.59885;8.38820093009118;-0.0181702449732303;-1.30639898510152;-5.51864323305081;26.5278015607617;-0.00162726023655648;-0.064675045278994
4766426064.85209;8.40102908423821;-0.0181725069806151;-1.29536913875317;-5.04903929022788;26.5231472318519;-0.00467686576086441;-0.0732994975155054
4766426065.10064;8.41394288717648;-0.0181763514169118;-1.28435867142585;-4.81058015738054;26.5174731821896;-0.00789424593870838;-0.0825953177558465
4766426065.34404;8.42690761646513;-0.0181818704736019;-1.27356154794874;-4.64446014578217;26.5109643676623;-0.0112856591139318;-0.0923419038835312
4766426065.58226;8.43990423383046;-0.0181891599223373;-1.26314480170288;-4.51428044868934;26.5038004353344;-0.0148652598698704;-0.102335659249132
4766426065.81527;8.45290947286856;-0.0181983132861505;-1.25325854271251;-4.40579615736369;26.4961625484661;-0.0186485626869807;-0.112380427568838
4766426066.04304;8.46589549120863;-0.0182094193956547;-1.24402568226052;-4.31193974292966;26.4882345276711;-0.0226536899557619;-0.122291866090559
4766426066.26552;8.47882975919204;-0.018222558916995;-1.23555435504012;-4.2287166652371;26.4801888231174;-0.0269004018305994;-0.131900605583688
4766426066.48262;8.49167453968479;-0.0182378003597698;-1.22792579235252;-4.1536263994368;26.4721909409957;-0.0314115436676433;-0.141055353127441
4766426066.69424;8.50439076150793;-0.0182552011058336;-1.22119929376371;-4.08498951972442;26.4643870840229;-0.0362135928255978;-0.149628660648293
4766426066.90026;8.51693695218343;-0.0182748035453173;-1.21540628942232;-4.02160805124462;26.4569074840518;-0.0413368440904684;-0.157517663020547
4766426067.10043;8.52926309323033;-0.0182966205179701;-1.21055435536561;-3.96258700112892;26.4498647011233;-0.046815623207559;-0.164643202036714
4766426067.29448;8.54132187588022;-0.0183206519563617;-1.2066247512245;-3.90714845254261;26.4433446200193;-0.0526978241132357;-0.170957055130709
4766426067.48149;8.55302432579673;-0.0183467756120082;-1.20358760110141;-3.85483044183739;26.4374273224288;-0.0590168941100064;-0.176420426701801
4766426067.6607;8.56429570349045;-0.0183748269772839;-1.20138684330546;-3.80540984268645;26.4321529198685;-0.0657823734353032;-0.181034324512033
4766426067.83141;8.57506757623612;-0.0184045689078273;-1.19995219848815;-3.75887425760894;26.4275296668214;-0.0729683473192434;-0.184828193777948
4766426067.99312;8.58528998118794;-0.0184357191623553;-1.19920370911096;-3.71529519065636;26.4235354438064;-0.0805191986114421;-0.187856677639731
4766426068.14823;8.59509785155517;-0.0184685690989829;-1.19906074607209;-3.67410092704068;26.420071489179;-0.0884899210145128;-0.190225749573355
4766426068.30062;8.60472428459666;-0.0185039274974551;-1.19948972489696;-3.63446253345511;26.4170250844174;-0.0970311324412848;-0.192026898162125
4766426068.45949;8.6147349604793;-0.0185443514684833;-1.20056475830763;-3.59438918471074;26.4142297308916;-0.106662933641318;-0.193332563581416
4766426068.63342;8.62564610396614;-0.0185931083105796;-1.20250941235221;-3.55234411005875;26.4116203111816;-0.118021287372134;-0.194071811827431
4766426068.82166;8.63737281736538;-0.0186514113307171;-1.20554672244397;-3.5090319814709;26.4093414987827;-0.131302293899487;-0.194034348950099
4766426069.01856;8.64951935179072;-0.018718764390672;-1.20977941727652;-3.46587447146321;26.4075830651506;-0.146431192895527;-0.193040376083572
4766426069.22181;8.66190007196738;-0.0187954596174835;-1.21529061281357;-3.42326818467006;26.4064528617653;-0.163580863037328;-0.190973474795462
4766426069.43085;8.67443332174591;-0.0188823739504722;-1.22216703513957;-3.38113932847941;26.4060230464913;-0.183117860134034;-0.187737800316221
4766426069.64316;8.6869234670276;-0.0189794754749561;-1.23039092260755;-3.33973236425619;26.406342640039;-0.205289535755259;-0.183304722557941
4766426069.85989;8.69939377958703;-0.0190884825470753;-1.24004766116624;-3.29847032521455;26.4074374417838;-0.23083602948841;-0.177605679944273
4766426070.07866;8.71166677777144;-0.0192094395036059;-1.25104661664892;-3.25736643586555;26.4092971503506;-0.260277738122346;-0.170683044952976
4766426070.3007;8.72377211744135;-0.0193445910100559;-1.26344152620911;-3.21559761537556;26.4119078348938;-0.29487889059225;-0.162501391898168
4766426070.52458;8.73559958174256;-0.0194950441666594;-1.2771325416685;-3.17262288361406;26.4152023563859;-0.336018818203524;-0.153130606719819
4766426070.75055;8.74713303856007;-0.0196636390366593;-1.29209364011669;-3.12720877824547;26.4190910220044;-0.386191519753874;-0.142599548035766
4766426070.9783;8.75833226371632;-0.0198541588374645;-1.30825552628823;-3.07750338358019;26.4234105678098;-0.449511716010557;-0.130972100800158
4766426071.20754;8.76916525453125;-0.0200731636220531;-1.32554281578314;-3.01983758774284;26.4278483079954;-0.534277682378883;-0.118322810869573
4766426071.43833;8.77961998314861;-0.0203355793356919;-1.34390627796259;-2.94422920455311;26.4315821152155;-0.663437831551981;-0.104716147570315
4766426071.67028;8.78966950418147;-0.0206527181837668;-1.36325400738568;-2.86414992646331;26.4339832238074;-0.834193287642083;-0.0902476028570249
4766426071.90356;8.79931696462499;-0.0209904402179782;-1.38346661413441;-2.83932022418076;26.4387073921111;-0.925521705391408;-0.0749817465226698
4766426072.13798;8.80855532131976;-0.0212960383105312;-1.40440667387929;-2.88485076112634;26.4486542581196;-0.87490216701064;-0.0590060814160962
4766426072.3733;8.81737923070861;-0.0215213540742097;-1.42598916800766;-3.01885863060871;26.4631064355714;-0.675727137834281;-0.0424131920336706
4766426072.60969;8.82580101489405;-0.0216351027176901;-1.44821994538932;-3.31767782735018;26.478271470545;-0.357628193167287;-0.0252641058099472
4766426072.84674;8.83381391390316;-0.0216761613056143;-1.4710643713918;-3.7614500313663;26.4895669451765;-0.135734172146101;-0.00765916715912299
4766426073.08488;8.84144130019459;-0.021702085323269;-1.49445680104029;-3.96313023442697;26.4992293874321;-0.0900657793150873;0.0103644753729922
4766426073.32355;8.84867806443065;-0.0217245932544995;-1.51824883818674;-4.02545768275469;26.5088924673089;-0.082448496204745;0.0287004421138926
4766426073.56303;8.85554665365258;-0.0217468036669498;-1.54240346866802;-4.03271438917823;26.5186588068888;-0.0857512846814143;0.0473099735689166
4766426073.80312;8.86205578564431;-0.0217698713754378;-1.56683958725815;-4.01735821098941;26.5284980278767;-0.0940143263202492;0.0661205056373652
4766426074.04381;8.86822106021563;-0.0217939784862884;-1.59150604159054;-3.9993132994304;26.5383797817994;-0.103768884223149;0.0850801292125915
4766426074.2851;8.87405785564862;-0.0218187981663348;-1.61637359979282;-3.9877518936379;26.5482647473819;-0.112890616842727;0.104143017380585
4766426074.52691;8.87957936978544;-0.0218437884743603;-1.64141921579633;-3.98570579504417;26.5581075753445;-0.120201682444012;0.123263381107906
4766426074.76965;8.88480858633715;-0.0218684483299323;-1.66669390568383;-3.9931400041509;26.5678757447479;-0.1252883624613;0.142442727563599
4766426075.01357;8.88976315043701;-0.0218923511799534;-1.69224254072308;-4.00879830570886;26.5775330986998;-0.12822092413906;0.161678721687256
4766426075.2598;8.89447445790862;-0.0219152809259347;-1.71820646623073;-4.03094867094483;26.5870778709647;-0.129398249984133;0.18104167176356
4766426075.50917;8.89896337084977;-0.021937116336783;-1.74470734566298;-4.05768716046969;26.5964934485965;-0.129373273482694;0.200582933106513
4766426075.76378;8.90326737656283;-0.0219579264890947;-1.77200272291287;-4.08760030317577;26.605811811237;-0.128640859952485;0.220454226825834
4766426076.02555;8.90741286715602;-0.0219777906456499;-1.80034118670459;-4.11984699133796;26.6150501156744;-0.127532679266431;0.240792398776829
4766426076.29613;8.91141537520375;-0.0219967665873137;-1.82995629336299;-4.15408517061094;26.6242033262439;-0.126225687278306;0.261711448048607
4766426076.58107;8.91533490161976;-0.0220151317715027;-1.86152818868484;-4.19076649609417;26.633378431066;-0.124792346969466;0.283623174287601
4766426076.88252;8.91917043680355;-0.0220328882883631;-1.89538075036782;-4.22984894322816;26.642539216636;-0.123340987407197;0.306665665375389
4766426077.21257;8.92302151561024;-0.0220505212478455;-1.93299543779617;-4.27225263413077;26.6519010295815;-0.122031231916104;0.33172401637375
4766426077.58669;8.92697230430598;-0.0220684739304398;-1.97632573591834;-4.31888018581388;26.6616469377074;-0.121152539853232;0.359898137320484
4766426078.05412;8.93132023282437;-0.0220882160466193;-2.03144049583628;-4.37432918800273;26.6725233628545;-0.121108719428496;0.394722345729464
4766426078.77077;8.93678586295716;-0.0221133304197573;-2.11766629381573;-4.45538419030659;26.6864897278096;-0.122623456853945;0.447171278163583
4766426080.18104;8.9440249910577;-0.0221474451826321;-2.28961680581868;-4.61636071067697;26.7058785311297;-0.125852823820881;0.546110855257473
4766426084.97888;8.95152983288415;-0.0221826870285337;-2.80570371024023;-5.13398660577441;26.7353194839523;-0.125545885066259;0.823823985785068
4766426115.38655;8.9537222306847;-0.0221928171609055;-4.14206384050516;-6.47736807783365;26.7856268786919;-0.123764923443158;1.52561102201143
4766426367.70991;8.95403848427116;-0.0221942614901428;-5.90192198914852;-8.24229124579362;26.8501803189944;-0.122624697774823;2.44866764583933
4766428432.75783;8.95408452655159;-0.0221944686471186;-7.65177331002397;-9.99863057320047;26.9185166661109;-0.121113864388241;3.36924727151935
4766444871.61578;8.95409173060182;-0.0221945002679997;-9.35829491055982;-11.7158976756456;26.9948589466293;-0.118489071818801;4.27350798703903
4766517083.54174;8.95409343790257;-0.0221945074813476;-10.6262988945976;-13.0004720508452;27.0718386628212;-0.114378552710949;4.95893153078917
4766775269.33767;8.95409398409039;-0.0221945096833529;-11.6745903390002;-14.0691139857748;27.1615722280952;-0.109504321446715;5.54301858028632
4767548001.06148;8.95409420171271;-0.0221945105162096;-12.5503253108119;-14.9674584486007;27.2649531850818;-0.104344994027702;6.04994570124919
4769631988.18818;8.95409430618019;-0.0221945108932402;-13.2999138998417;-15.7425184243944;27.3865102598785;-0.0988398712537308;6.50594375576864
4775086970.66777;8.95409436591172;-0.0221945110945209;-13.9605897642399;-16.4329912894475;27.5381117751296;-0.092796721555153;6.93755903610343
4791601877.00515;8.95409440890385;-0.0221945112266269;-14.5844871089351;-17.0969537125043;27.7648444960651;-0.0853156378121084;7.40098148228935
4849480124.19639;8.95409445534016;-0.0221945113536758;-15.0956576983672;-17.6585442538735;28.1581868972316;-0.0770403295172653;7.91935977821349
4965704769.87883;8.95409452070577;-0.0221945115176946;-15.2499489201919;-17.8504047355197;28.611628055558;-0.0717937693320905;8.29945989411977
5136364145.8381;8.9540946476003;-0.0221945118192497;-15.1286872293257;-17.752763483334;29.1044904908499;-0.0691645804442293;8.56812759286137
5354557050.37105;8.95409497145042;-0.0221945125675218;-14.8284965661025;-17.4647810664833;29.6304850990823;-0.0684627376162908;8.76947108577978
5602579341.7549;8.95409610495842;-0.022194515159933;-14.340066125847;-16.9807868271364;30.2246994788283;-0.0691259782113825;8.9222774266884
5866802284.80505;8.95410223951924;-0.0221945294953779;-13.6341870489638;-16.2655593487118;30.9313793351081;-0.072281471839882;9.04150632899439
6136180218.95761;8.95418254892232;-0.0221947234580757;-12.525595620094;-15.1426438020381;31.9029358293296;-0.0770517431717878;9.13635717556105
6400407314.29184;8.9636418757826;-0.0222200269674728;-10.4461171181013;-13.0187965919918;33.5441359643971;-0.0897298901001459;9.19319166499208
6656320928.32667;9.03737594748774;-0.0224625459493236;-9.54042517304913;-12.023347653701;33.628720277256;-0.110608336335995;8.79690128808089
6900465969.63362;9.1260664791959;-0.0227837560599717;-9.43977064945583;-11.8808587010003;32.9456354329942;-0.119319063703754;8.29019663493578
7133650743.49134;9.217255341567;-0.023113926661299;-9.40775839142593;-11.8489617884206;32.6250078532732;-0.118126470504528;8.05996318063547
7355034153.14425;9.31341961610127;-0.023367414846908;-9.36213131235697;-11.941187349117;32.5469322783612;-0.0857934284882717;7.98491714266196
7565898190.74657;9.41379979177394;-0.0235349041874058;-9.32235456669253;-12.100015345581;32.5111687682736;-0.054246510123344;7.94108869372656
7766838253.40648;9.51697657041252;-0.0236254661540778;-9.28948456904374;-12.3461206881297;32.4819181093232;-0.0285105468892786;7.90508834720042
7959740069.60408;9.62299563847921;-0.0236333655742231;-9.25995233425308;-13.3877411034109;32.4568897068146;-0.00241834429483697;7.87359140395114
8145300798.5083;9.73142206411183;-0.0235551525041299;-9.2333509286792;-12.37520673625;32.434714139798;0.0233966817191418;7.84547972237046
8322438516.04782;9.84076463587071;-0.0233947075567415;-9.20952176002532;-12.0429849992213;32.4151992721435;0.047564776080732;7.82054387168181
8490284730.75227;9.94966539681908;-0.0231611344126271;-9.18788063699732;-11.856488644623;32.3977320765986;0.069487486381254;7.7980788926075
8648310920.12498;10.0569574965596;-0.0228662916202185;-9.16816132304255;-11.729138552018;32.3820983190431;0.0889872443126944;7.77780519749531
8797730116.31541;10.1633607225285;-0.0225167387711562;-9.14745160052103;-11.63089354953;32.367485490951;0.106332741957057;7.7577214957586
8937569090.47307;10.2680788424228;-0.022123443288801;-9.12560639306488;-11.5509092715158;32.3515168855495;0.121504334219045;7.73616493493916
9067677337.93075;10.3690077337154;-0.0217043099777378;-9.11028932447409;-11.4919526487949;32.3357589509987;0.134282597790298;7.71801131135892
9189144051.83853;10.4641740840137;-0.0212783273670307;-9.10597386838001;-11.4550654116203;32.326442968673;0.144699282125523;7.70965893571226
9304208428.03393;10.5551272766148;-0.020846693059517;-9.10212293925349;-11.4258249310098;32.32467256998;0.153402395906539;7.70657714228377
9411500979.11847;10.6447378473192;-0.0204005896172984;-9.07821032836032;-11.3811339972386;32.321609751716;0.160904916182892;7.69259857939267
9506827741.7757;10.7368131619035;-0.0199242148685508;-9.01507163308342;-11.3012661117007;32.3032122642424;0.167128775997998;7.64875808698454
9582723518.32017;10.8327016469256;-0.019415631959326;-8.89845115180523;-11.1738558471566;32.2588845448329;0.171097888827734;7.56084463853764
9632296290.28078;10.9294966390328;-0.0188988874520124;-8.70939031527806;-10.9819673349958;32.1905580912873;0.171850771604066;7.42066550309761
9656105038.45331;11.0212386827321;-0.0184129603300691;-8.41416815096618;-10.690165421652;32.1190638964504;0.170124009116941;7.22528049787578
9662986677.23206;11.0799814953986;-0.0181046436208084;-8.06873713535895;-10.348694810506;32.0987986942873;0.168473308229826;7.03901931472385
9663859240.63416;11.0906777779528;-0.0180487099467844;-7.91156412665217;-10.1931236463724;32.130252920623;0.168017541053053;6.98144694187911
9663916925.66392;11.091455163954;-0.0180446524893757;-7.87042640523895;-10.1528091513285;32.1530761142692;0.167818479736361;6.97612639990526
9663921211.19699;11.0915167003294;-0.0180443318690949;-7.84287293830591;-10.1260138600232;32.1730329697864;0.167629744203736;6.97568291813757
9663921664.1549;11.0915236349784;-0.0180442958025831;-7.81503337022626;-10.0989537103429;32.1937908764786;0.167437132805277;6.97563158576837
9663921719.54663;11.0915245449131;-0.0180442910792689;-7.78443467722273;-10.0691980635373;32.2166801695116;0.167231235893606;6.97562470432271
9663921728.28726;11.0915247010469;-0.0180442902705782;-7.74804596992312;-10.0337604859493;32.2439110066261;0.167006432052538;6.97562349761827
9663921731.60546;11.0915247675296;-0.0180442899271617;-7.69819384530869;-9.98508127403181;32.2812183779663;0.166748712393743;6.97562297389559
9663921733.69734;11.0915248162421;-0.0180442896763179;-7.63289626047735;-9.92113324963993;32.3300845907043;0.166482984118218;6.97562258265099
9663921735.2102;11.0915248588214;-0.0180442894578145;-7.55060041416407;-9.84034144668519;32.3916714740283;0.1662234632366;6.9756222343721
9663921736.38072;11.0915249005311;-0.0180442892445907;-7.44814123408121;-9.73954277418342;32.4683474893976;0.165981102587204;6.97562188820494
9663921737.35868;11.091524947633;-0.0180442890048296;-7.31728521247336;-9.61054431085439;32.5662740273188;0.165771159245054;6.97562149600177
9663921738.18253;11.0915250054121;-0.0180442887120669;-7.15407277205304;-9.44932766374572;32.6884139875864;0.165629983204855;6.97562101691931
9663921738.90309;11.0915250869484;-0.0180442883009706;-6.94632386557293;-9.24373130367622;32.8438819707684;0.165594933335086;6.97562035631499
9663921739.56108;11.0915252279318;-0.0180442875940262;-6.66904711304988;-8.96882988377452;33.0513795739336;0.165732171624688;6.97561927721016
9663921740.15344;11.0915255266412;-0.0180442861049189;-6.29733926052458;-8.59966219488603;33.3295416883941;0.16615231909874;6.97561718591582
9663921740.68475;11.0915263961337;-0.0180442817968101;-5.78607986530335;-8.09105905371628;33.7121300122646;0.167034816661946;6.9756119016541
9663921741.18676;11.0915315436806;-0.0180442564607828;-4.98911235657843;-7.29697415030449;34.3084959708399;0.168865093951469;6.97558848875718
9663921741.65232;11.091691270762;-0.0180434757611837;-3.46459617595792;-5.77549077566076;35.4487902639166;0.173263394720502;6.97521657753879
9663921742.0929;11.1295294022908;-0.0178599010513216;-1.06609921911934;-3.38021605115556;37.0995809942477;0.17999157309996;6.87893326779263
9663921742.51015;11.2513015062183;-0.0172737276482837;-0.534842246332096;-2.85236394706916;36.1715215985919;0.17411856430696;5.99321459880384
9663921742.91041;11.4391920852098;-0.0163767986742533;-0.328440259812349;-2.64958721101452;33.8575497670813;0.161625013551937;4.34392120213589
9663921743.29061;11.6697671747137;-0.0152857088925089;-0.217196899514549;-2.5421487968615;30.5948890834177;0.144776137458444;2.10833517137038
9663921743.66072;11.911042839713;-0.0141546708399134;-0.185819017754332;-2.51485532248745;26.8841986570437;0.126026185420525;-0.386666131420271
9663921744.02036;12.0862607672664;-0.0133415175208391;-0.312294202926019;-2.64570030318271;25.7191056271698;0.119357513220091;-1.10188403024227
9663921744.36572;12.2388658723284;-0.0126407818897713;-0.354705123268276;-2.69271998437992;25.759657279061;0.118283786719946;-1.05358773068912
9663921744.70284;12.3733636428186;-0.0120301710227837;-0.39906704816455;-2.74201760432392;25.793418371976;0.117100391309738;-1.00885324439026
9663921745.03077;12.4960630511496;-0.0114798376715148;-0.426941803030249;-2.77515843885346;25.8150719227512;0.115786174014504;-0.980452203864349
9663921745.35003;12.6095197328396;-0.0109774977765456;-0.449306163119792;-2.80313857011198;25.834839726724;0.114386129415753;-0.956066501457139
9663921745.66218;12.7149949140939;-0.0105169128512505;-0.47122234885464;-2.83106290959592;25.8502715977778;0.112881962098918;-0.934802136314609
9663921745.96857;12.8123643727056;-0.0100979833296285;-0.497842097479403;-2.86412388693432;25.8657601747225;0.111286749365618;-0.91114829788462
9663921746.26914;12.900944168388;-0.00972286880857624;-0.530618551961791;-2.90378934972819;25.8854510140032;0.10961877349714;-0.881608542020301
9663921746.56323;12.980418813732;-0.0093919481125419;-0.568246425650674;-2.94875109508114;25.9082114136192;0.107877969343401;-0.847592303482266
9663921746.85052;13.0512634538374;-0.00910220517086554;-0.608017260612434;-2.99631139393811;25.9335132779465;0.1060638096824;-0.810806642648683
9663921747.1358;13.1150134687667;-0.00884647945543075;-0.65078267059242;-3.04748855911087;25.9598143126472;0.104134753458827;-0.77185631933824
9663921747.41673;13.171494726211;-0.00862456614809265;-0.696701936246552;-3.10242294703032;25.9874149854102;0.102103838857814;-0.730460886709435
9663921747.69118;13.2211471191082;-0.00843374614119022;-0.742520511690087;-3.15783678775227;26.0163169432064;0.0999837769945604;-0.688246468003325
9663921747.96435;13.2658644403526;-0.00826597142918922;-0.785961004531438;-3.21171028213634;26.0458877435198;0.0977214464858954;-0.646774436011991
9663921748.23439;13.306265791315;-0.00811828498739929;-0.825036102848054;-3.26209136321753;26.074464180481;0.0953147542015969;-0.608149682141087
9663921748.50162;13.343173541483;-0.00798713851288043;-0.859753745379299;-3.30911469717462;26.1010024016253;0.0927462235113849;-0.573065692559453
9663921748.76636;13.3771637407017;-0.00787004540351582;-0.891472096285984;-3.3542944676188;26.124976625201;0.0899981410947679;-0.541194691360518
9663921749.02726;13.4083822788548;-0.00776608268552619;-0.922055994324695;-3.39959093202498;26.1463487049208;0.0870715170432285;-0.511629707991806
9663921749.2866;13.4372521017215;-0.00767348470312073;-0.953425866637848;-3.4472684618254;26.1660129980586;0.0839256971683673;-0.482813019264754
9663921749.54426;13.463846374523;-0.00759168302395848;-0.986271594332932;-3.4982974950977;26.1848816154563;0.0805424273415724;-0.453790250544856
9663921749.80121;13.488352133944;-0.00751978117485688;-1.02056820069362;-3.55309630702742;26.203764375352;0.0768839308197656;-0.424032828799046
9663921750.05424;13.5106338097646;-0.00745777958491049;-1.05522877145334;-3.6107737962474;26.2228084934772;0.0729682916376208;-0.393985740296378
9663921750.30576;13.5310888382622;-0.00740420970857894;-1.0897694129292;-3.67164885803039;26.2422598138947;0.068726113632849;-0.363726716484419
9663921750.55519;13.5498636439895;-0.00735836636049293;-1.12336939635443;-3.73566852015314;26.261952493955;0.0641250752250111;-0.333776875370056
9663921750.80366;13.5672291745379;-0.00731932084809943;-1.15558977298753;-3.80370670287897;26.2817745475004;0.0590932336307538;-0.304430496139063
9663921751.05079;13.5833351181684;-0.00728651294648439;-1.18594836638874;-3.87695608724072;26.3014802962511;0.053576269586381;-0.276092725038935
9663921751.30124;13.598612043921;-0.00725901360075626;-1.21467868600449;-3.95939229282056;26.321240202387;0.0473797474727297;-0.248532944232353
9663921751.54982;13.6128844735301;-0.00723705563053375;-1.2409699032907;-4.05387562126248;26.3404742161735;0.0405245192533649;-0.222543787307577
9663921751.79598;13.6262660824643;-0.00722034200093145;-1.26471677434606;-4.16815433484408;26.3590142402915;0.032922408871622;-0.198289924296763
9663921752.04066;13.6389300662769;-0.00720861913350669;-1.28602884335379;-4.31956533655323;26.3768355687327;0.0244166567988252;-0.175732761937157
9663921752.28364;13.6509694658364;-0.00720184311488902;-1.30495036444964;-4.55458060177496;26.3938492837531;0.0148549944916391;-0.154909065731278
9663921752.52479;13.6624697362146;-0.00720007911470723;-1.32157903939036;-5.13578846483331;26.4099931344679;0.00405096846928044;-0.135810843022293
9663921752.76281;13.6734508025529;-0.00720346964944545;-1.33597927249457;-4.84635558932292;26.4251450494056;-0.0081590775879393;-0.11848641863571
9663921752.99535;13.6838802612495;-0.00721210038074023;-1.34822545685659;-4.43043962968549;26.4391469771395;-0.0218792920956774;-0.103002860382908
9663921753.22166;13.693792703312;-0.00722607601269414;-1.3585391242611;-4.20934833112884;26.4519716210187;-0.0372948479797286;-0.0892659242618792
9663921753.44142;13.7032281008698;-0.00724555340970557;-1.36717136387173;-4.05240065097821;26.4636284052925;-0.0546286040048789;-0.0771415182120278
9663921753.65414;13.7122117876362;-0.00727070312328049;-1.37436718358666;-3.92728874125815;26.4741340264203;-0.0741139918638966;-0.0664930740644616
9663921753.85928;13.7207562159126;-0.00730167093804254;-1.38035748852819;-3.8211299365772;26.4835134594347;-0.0959849521260436;-0.0571847687545643
9663921754.05607;13.7288595412475;-0.00733851680966864;-1.38534970300282;-3.72762414379886;26.4918010654744;-0.120458387250518;-0.0490853927265651
9663921754.24345;13.7365013107069;-0.00738110390615411;-1.38952008386129;-3.64343598377201;26.4990346321428;-0.14767743918954;-0.0420762958862551
9663921754.42013;13.743649231057;-0.00742901636651732;-1.39302079550176;-3.5667520269943;26.5052579814171;-0.177664559797287;-0.0360464455104294
9663921754.58578;13.7503048348796;-0.00748186623666887;-1.3959974408633;-3.4961409787584;26.5105542517645;-0.210511230413191;-0.0308608232288185
9663921754.74194;13.7565417968071;-0.00753990889890678;-1.39859769355676;-3.42982346256346;26.5150528640187;-0.246755435660236;-0.026348816940501
9663921754.89184;13.7624962644061;-0.00760451677481952;-1.40096548676568;-3.36552296002422;26.5188932033733;-0.287738464091738;-0.0223265681884819
9663921755.04086;13.7683844515383;-0.00767924330253494;-1.40325518548202;-3.29976198676943;26.522199488346;-0.336591183438601;-0.0185933210618102
9663921755.20083;13.7746695663322;-0.0077745799463709;-1.40571315468272;-3.22476650964265;26.5250754582828;-0.402349321313799;-0.0148384896383938
9663921755.37726;13.7815571660549;-0.00790457648971715;-1.40850861029565;-3.13264470575595;26.5271584655645;-0.500673535649024;-0.0109448514262002
9663921755.56794;13.7889464807823;-0.00807744980619384;-1.41170864251938;-3.04258484327145;26.5282294041184;-0.620628998296225;-0.0069566893805736
9663921755.76645;13.7965758649169;-0.00828334696565502;-1.41529536576369;-2.98413449248987;26.5291486443069;-0.71595246121845;-0.00296505858007926
9663921755.97231;13.8044141738406;-0.00850505475298841;-1.41933781181265;-2.96777924004037;26.5312517392093;-0.750440582987062;0.00108960100696278
9663921756.18587;13.8124605552988;-0.00872239425797841;-1.42393502173765;-2.99239696566234;26.5350268481544;-0.716733308011551;0.00529477676861584
9663921756.40273;13.8205345157526;-0.00890619457193494;-1.42907337087029;-3.07181373989135;26.5404660187843;-0.604182546438015;0.00964894607210318
9663921756.62276;13.8286191017844;-0.00903188100142892;-1.43482377812555;-3.24319317610419;26.5466452189611;-0.412705491593726;0.0142318517924562
9663921756.84687;13.8367319611607;-0.00910077441676364;-1.44129769687447;-3.51229393002009;26.5513685427209;-0.225470993134515;0.0191394022653073
9663921757.07419;13.8448253120337;-0.00914606969824884;-1.44851602652262;-3.70059143249695;26.5544084988675;-0.148614514123422;0.0244223583094936
9663921757.30251;13.8528074397649;-0.00918753431273887;-1.45640918781707;-3.74085022900633;26.5570322277145;-0.137955334768057;0.0300839900512225
9663921757.53248;13.8606902749775;-0.00922768634453901;-1.46500130319271;-3.75797622446907;26.5597433477222;-0.135284784058915;0.0361823802716472
9663921757.76461;13.8684781133327;-0.00926761029774575;-1.47431800593927;-3.76450139674623;26.5626191847321;-0.136171902523365;0.0427651760542727
9663921757.99838;13.8761419161813;-0.00930752557402989;-1.48434159768166;-3.76764678196444;26.565700710958;-0.138361764323558;0.0498433205661847
9663921758.23264;13.8836352011347;-0.00934716996433281;-1.49501631903733;-3.77150682407039;26.5690040695954;-0.140567451237254;0.0573954168210726
9663921758.46786;13.8909654548933;-0.00938634093134266;-1.50635163245606;-3.77850634869059;26.57255590809;-0.141996818271407;0.0654412010781824
9663921758.7043;13.8981331108001;-0.00942468454474218;-1.51834851549857;-3.79003262652523;26.5763726039461;-0.142171188174082;0.0739903299378161
9663921758.94181;13.9051267642052;-0.00946174261658727;-1.53098601485759;-3.80680730142934;26.5804571295556;-0.140844910797062;0.0830334384672745
9663921759.17952;13.9119163165312;-0.00949697831968842;-1.54419759879197;-3.82905579657078;26.5847921646083;-0.137966952567211;0.0925256644035968
9663921759.41766;13.9185059199765;-0.00953009339300035;-1.55797326292481;-3.85680682212066;26.5893745848372;-0.133620952459275;0.102460530784552
9663921759.65654;13.9249013487009;-0.0095608706769656;-1.57230694583437;-3.8899463174604;26.5941998886601;-0.127981606407566;0.112833031466544
9663921759.89613;13.9311001159864;-0.0095891349633913;-1.58717316735599;-3.92824047418523;26.5992550143185;-0.121283624276799;0.123622950276066
9663921760.13617;13.937094536427;-0.00961477612540418;-1.60253265085601;-3.97134214860167;26.6045159685711;-0.113800943891885;0.134795920051639
9663921760.37932;13.9429466090591;-0.00963804027978974;-1.61856242951808;-4.01918486593291;26.6100104015268;-0.105784638895948;0.146460027514769
9663921760.6305;13.9487590751244;-0.00965931211395957;-1.6356323431182;-4.07218783482268;26.6158166248517;-0.097405684811326;0.158853247180333
9663921760.89098;13.9545381121414;-0.00967863326119337;-1.65392037534735;-4.12974294165268;26.6219192034164;-0.0890054898532365;0.172055236185199
9663921761.16222;13.9602885210393;-0.00969609816613438;-1.67364316761485;-4.19117566887039;26.628306409534;-0.0808743949243894;0.186167073167408
9663921761.44692;13.9660329336792;-0.00971189998646057;-1.69514825760061;-4.25568676738214;26.6349886434792;-0.0732679442296675;0.201369775233825
9663921761.74974;13.9718165383779;-0.00972631093965984;-1.71898077728881;-4.32248667139097;26.6420170327131;-0.0663836621963852;0.217970095170622
9663921762.07789;13.9777063384585;-0.00973965981820693;-1.74598168145949;-4.3906374533894;26.6494869719005;-0.0603994634894836;0.236452142488416
9663921762.44739;13.9838678343589;-0.00975249230951906;-1.77791837890222;-4.45929356385224;26.6576412765211;-0.0555196263394969;0.257861735863448
9663921762.89067;13.9906010383639;-0.0097656261296871;-1.8184556453009;-4.52828635286991;26.6669653475709;-0.0520167110693878;0.284355529161938
9663921763.51427;13.9988288528614;-0.00978113467102298;-1.87962161914432;-4.60433515883204;26.6790493661245;-0.0502871254600948;0.323010193321818
9663921764.65569;14.0101622293243;-0.00980288761173224;-2.00308993017611;-4.71993126910888;26.6975201435754;-0.0512424143561422;0.397086690546734
9663921767.60657;14.0232258463511;-0.00982856297642625;-2.3538875548093;-5.06043437388914;26.7261840460526;-0.0525279117456324;0.59163877238209
9663921783.25706;14.0279829901387;-0.0098373713497269;-3.51718154974372;-6.24963211633737;26.7757881040353;-0.0495783073983548;1.20642490576901
9663921904.41608;14.0286476577854;-0.00983858913897939;-5.26075122402471;-7.99778362674176;26.8411035677041;-0.0491776718958307;2.12184981967868
9663922894.28593;14.0287416598106;-0.00983875363705086;-7.02244088572512;-9.77941728494018;26.9087148815153;-0.047088684492734;3.04786664636406
9663931373.07868;14.028755360153;-0.00983877648747278;-8.79160259932431;-11.5694397963097;26.9824874086917;-0.0450033440624948;3.98173626754348
9663976390.00284;14.0287581891221;-0.00983878080317085;-10.2017476074469;-13.0183247654211;27.0578764909772;-0.0412778009143708;4.73717576116926
9664144519.69536;14.0287590109488;-0.00983878190747466;-11.3108641540652;-14.182555848558;27.1417354224953;-0.0364708527682563;5.34775942812778
9664682191.96132;14.0287593159801;-0.00983878225765778;-12.2461733234291;-15.1862224186274;27.2399522241513;-0.0312721144122995;5.88103282390072
9666171085.20323;14.0287594530422;-0.009838782386755;-13.0359460651123;-16.0619466661478;27.3538877865151;-0.0257643066744117;6.35204089900872
9670080848.77618;14.028759526612;-0.00983878243969836;-13.7254509190645;-16.868339012004;27.4926618678734;-0.0197846648506705;6.78951129726747
9681000485.14421;14.0287595746511;-0.00983878246184429;-14.3566130709316;-17.6929143360622;27.6832840455338;-0.0127619295754514;7.23245296673329
9719506134.90678;14.028759618908;-0.00983878246803296;-14.9395438958514;-18.7939269106043;28.0141024722743;-0.00391736192771632;7.74495146941603
9816194323.28031;14.0287596772179;-0.0098387824625913;-15.2196307300121;-19.2496420628681;28.459553258717;0.00265593074068699;8.18262067969572
9967276576.53825;14.0287597767384;-0.00983878243903365;-15.1813008452723;-18.8070814819597;28.936236161072;0.00684953995793004;8.48194965833173
10168421338.2639;14.0287600042553;-0.00983878237369439;-14.9464952412298;-18.4883345312633;29.4425801872933;0.00845544709422535;8.70285853324763
10408545898.7223;14.0287607382489;-0.0098387821586592;-14.5147443131861;-18.0479270398279;30.0187245731726;0.00879446671377298;8.87193131327799
10666648787.1966;14.0287639267971;-0.00983878132826317;-13.9081998740561;-17.4925076008443;30.6660438548828;0.007986381013402;9.00116230243605
10933807543.3841;14.0287906906133;-0.00983877712251815;-12.9992213734567;-16.8029264738591;31.4996489063843;0.00494994772832573;9.10364195061295
11202133603.9382;14.0305931201344;-0.00983893903335628;-11.1728045627273;-15.2193869336721;32.985475887736;-0.00296305957304675;9.18317874631993
11459255810.8123;14.0932966449884;-0.00986854677226735;-9.61284763176405;-12.9387343445955;33.8756616071708;-0.0159956198098792;8.99797452643335
11703385138.5623;14.172677491442;-0.00995000166759487;-9.48790422966282;-12.4767027652943;33.139843595809;-0.0340057156337621;8.44387844976692
11938388153.9989;14.2621747218553;-0.0100642067746072;-9.41926383912769;-12.313387909868;32.6816372351022;-0.0417041942028257;8.10341585041376
12163711691.5953;14.3578606043549;-0.0101069557957931;-9.37195869440155;-12.7218803858316;32.5660592503777;-0.0145493475157281;8.00252493454849
12378429891.0884;14.4573841627606;-0.0100695372014409;-9.33394296118789;-12.7587813877677;32.5223702303847;0.0122276715032816;7.9543258290614
12585631182.8927;14.5614339179155;-0.00994805439932961;-9.29915139611971;-12.231877657948;32.4899810621148;0.037933524534404;7.91530250649647
12784376372.4081;14.6686123244682;-0.00973627623681131;-9.26818932967502;-11.9724154498167;32.4635549484382;0.0641460555061486;7.88219226226433
12974346947.5349;14.7778371668024;-0.00943558773337116;-9.24036491105448;-11.800569513982;32.4404918468844;0.0893064502163363;7.8529099412094
13153977169.8578;14.887108698068;-0.00905555464566575;-9.21587237834694;-11.6745579971539;32.4201789309019;0.112753436877544;7.82714007551993
13324830380.761;14.9964723137661;-0.00860247387938175;-9.19375028494092;-11.576447518707;32.402164588991;0.134238407056436;7.80409706496851
13486874587.0079;15.1051154376066;-0.00808762896540746;-9.1736312633306;-11.4979570810038;32.3859701616911;0.153472685913787;7.78327392510555
13640351734.2626;15.2128791909179;-0.00751997529749003;-9.1535710091334;-11.4319602697735;32.3712596732954;0.170518042700163;7.76347158193271
13783808867.6676;15.3189306566919;-0.00691235090733463;-9.13120547298074;-11.3730869502078;32.3558728462521;0.185383741400018;7.74206239391974
13916251819.1018;15.4213582201929;-0.00628558127210943;-9.11161200820773;-11.3249209019807;32.3391014814902;0.19788781599666;7.72110914169975
14039210347.4902;15.5182713262158;-0.00566194318505928;-9.10337614398855;-11.2948260260154;32.3260673083378;0.208018993563704;7.70832471770496
14155657292.1543;15.6096602438588;-0.00505026024790596;-9.10523456417104;-11.2796017319409;32.3220058378772;0.216337166206866;7.7065764464892
14266712650.4645;15.6977216017152;-0.00444119888460405;-9.10075413991486;-11.2608784673956;32.3243185549536;0.223565636575828;7.7059139640409
14370923859.384;15.7880612851796;-0.00379852210908223;-9.06203586950047;-11.2099218279829;32.3207206815961;0.229929702580321;7.68418051323123
14458517840.3944;15.8849629768115;-0.00309585861212681;-8.9561429061201;-11.0957268720757;32.2928921519006;0.23416553564901;7.61266112216263
14516605209.5457;15.9898049325196;-0.00233207584795129;-8.74354659356522;-10.8811118535012;32.2310872136567;0.234806273100869;7.46507243498891
14540316933.4572;16.0795197433613;-0.00168124698786851;-8.42209898381838;-10.5614963267388;32.1693765400599;0.23337014776828;7.26311109423327
14545742881.3638;16.1205598908531;-0.00138464171806581;-8.12126670697564;-10.2622967569722;32.1731758217809;0.232521910330257;7.11522929752658
14546226854.5619;16.1251332624451;-0.00135164584767766;-8.02458482184985;-10.166361722642;32.2051431884772;0.232353026451372;7.08824584853089
14546256388.8709;16.1254345711302;-0.00134947461295849;-7.99131516344699;-10.1336200387243;32.2269563350339;0.232227910921784;7.08618440381675
14546258861.5942;16.1254616000298;-0.00134928009299874;-7.96134716022046;-10.1042113549442;32.2490970647552;0.232088362676592;7.0859925872876
14546259080.468;16.1254641723914;-0.00134926160554168;-7.92986168263506;-10.0733165209999;32.2726324425052;0.231942083155294;7.08597380746354
14546259102.9522;16.1254644589692;-0.00134925954897055;-7.89463596182339;-10.0387347631049;32.2989918152252;0.231787582094983;7.08597166083088
14546259107.7359;16.1254645266281;-0.00134925906427737;-7.84943447498768;-9.99429261183871;32.3328191304106;0.231625001946135;7.08597114087033
14546259110.2234;16.1254645669736;-0.00134925877583612;-7.78997145230279;-9.93570924316885;32.3773194056602;0.231474470212912;7.08597082323442
14546259111.9763;16.1254646009065;-0.00134925853379984;-7.71312775278911;-9.85986796244778;32.4348265335798;0.231350994081699;7.08597055069402
14546259113.293;16.1254646327062;-0.00134925830755749;-7.61709297916318;-9.76494124247471;32.506695160245;0.231272798332766;7.0859702904882
14546259114.3437;16.1254646660925;-0.00134925807068651;-7.49787826605691;-9.64693502705643;32.5959101783448;0.231263104514357;7.08597001386
14546259115.2441;16.1254647067704;-0.00134925778297333;-7.34507607894799;-9.49547487289431;32.7102598324998;0.231358361541147;7.08596967778896
14546259116.0261;16.1254647621316;-0.00134925739271549;-7.15002646216504;-9.30188031247968;32.8562244048474;0.231613466038881;7.0859692282126
14546259116.7166;16.1254648493733;-0.00134925677992608;-6.89845047822565;-9.05186339209122;33.0444889367654;0.232105870881674;7.08596854707193
14546259117.3405;16.1254650195671;-0.00134925558906394;-6.56413373608721;-8.71921594264509;33.2946697937997;0.232965979903483;7.08596731389334
14546259117.9364;16.1254655189582;-0.00134925210969316;-6.07677116399027;-8.23371129047536;33.6593761723461;0.234512467466984;7.08596421657956
14546259118.4777;16.1254679170023;-0.00134923547627908;-5.35358683665251;-7.51246260452163;34.2005406665782;0.237223223976298;7.08595248236748
14546259118.9632;16.1255036773171;-0.00134898855064426;-4.13275237074132;-6.29358752430034;35.1139625537277;0.242462561018524;7.08584326496192
14546259119.433;16.1408200410418;-0.00124374440539748;-1.48678819191031;-3.64974591781094;37.0545548831532;0.254614935127903;7.05946738374547
14546259119.8708;16.2503739884064;-0.000494763741021044;-0.601650969134524;-2.76680839334832;36.6984622892482;0.25089409672787;6.37896607110106
14546259120.2895;16.4293359743814;0.000722198368224455;-0.369062264597546;-2.53654599870728;34.5802439667567;0.235149640336854;4.84735485618783
14546259120.6918;16.6612636946187;0.0022904032337027;-0.23919312693158;-2.40914298903563;31.3708203932334;0.212117262759189;2.63800028198021
14546259121.0903;16.9172190827173;0.0040103874067237;-0.192264531699244;-2.36490435735614;27.4431679898684;0.18441422527095;-0.00977479928925268
14546259121.4677;17.103080911052;0.00525132702185212;-0.307696644008827;-2.48313620004527;25.7248055606262;0.171756248164005;-1.10019205839647
14546259121.833;17.262417590776;0.00630791811982967;-0.360246810426359;-2.53865562613656;25.7642592266515;0.17084758507586;-1.04756076576778
14546259122.1876;17.4010843006468;0.00722078773949577;-0.407790989582604;-2.58935444681956;25.7985396534307;0.16983674815189;-1.00088926115696
14546259122.5322;17.5270140935582;0.00804344055436364;-0.437178022464042;-2.62208992356937;25.8222311839359;0.168687096822056;-0.970371664524222
14546259122.864;17.6418547600616;0.00878760161395803;-0.460773790829626;-2.64920255463586;25.8427122949762;0.167459322117941;-0.944894973556344
14546259123.1898;17.7488375420356;0.00947486815919173;-0.483649827990838;-2.67583851123175;25.8588774976959;0.16611964162397;-0.922662171459398
14546259123.5137;17.8484495701465;0.0101088333773844;-0.512112251193941;-2.70835860221727;25.8754804318356;0.164680459869319;-0.897344078767951
14546259123.8321;17.9387946613807;0.0106781256972282;-0.547148362277003;-2.74771759816107;25.8965059356091;0.163181881146188;-0.865784466240197
14546259124.1407;18.0186974164637;0.0111763950935247;-0.586771682886142;-2.79186922350228;25.9206417194674;0.161639764333;-0.829853280684896
14546259124.4448;18.0901942154738;0.0116173282323942;-0.628686288781369;-2.83860014719224;25.9473793340501;0.160021981034346;-0.791038318830767
14546259124.7434;18.1535437723852;0.0120034570835818;-0.673336798544929;-2.88834812725513;25.9747247815355;0.158321401581877;-0.750449544107363
14546259125.033;18.2087121834946;0.0123356212489619;-0.720203020168319;-2.94054071833357;26.0029751085365;0.156561632837396;-0.708148479910907
14546259125.3257;18.258648605045;0.0126322901915945;-0.768044647379272;-2.99418998118724;26.0334121911131;0.154662761729163;-0.663899118732409
14546259125.6191;18.3037544608614;0.0128964037484375;-0.813097011627193;-3.04553924501144;26.0645123164856;0.152618566496254;-0.620601839832599
14546259125.903;18.3436471517448;0.0131264668701036;-0.852259329802647;-3.09130565326242;26.093652997984;0.150483387594149;-0.581558977153306
14546259126.1783;18.3794411267433;0.0133296181208933;-0.886076050504655;-3.13206648032151;26.119955542388;0.148245665345298;-0.547085421767985
14546259126.4536;18.4127574088967;0.0135154509637819;-0.917072987078463;-3.17060704769314;26.1437788529205;0.145825777489998;-0.515678749021763
14546259126.7303;18.4439928373129;0.0136863887884661;-0.947438055394298;-3.2092473494508;26.1652969542546;0.143191214923509;-0.48612881419174
14546259127.0082;18.47316834325;0.0138427407359925;-0.978871238201615;-3.24978633895141;26.1851597360639;0.140326640088056;-0.457151423825822
14546259127.2786;18.4995231127322;0.0139808438781772;-1.01110311935518;-3.29175878131551;26.2037582786926;0.137311819698754;-0.428619666057086
14546259127.548;18.5238310480383;0.0141051183806473;-1.04469506355682;-3.33606110226181;26.2223451676276;0.134061937316634;-0.399416212990274
14546259127.8104;18.5457466114908;0.0142142197986693;-1.07818855097603;-3.38111079661378;26.2408879887539;0.130634017050776;-0.370291735571109
14546259128.0713;18.5659292076486;0.0143117790925377;-1.11147565147163;-3.42718403354022;26.2598375620079;0.126935662271464;-0.340999237298429
14546259128.3314;18.5846013332512;0.0143991192288766;-1.1439233148427;-3.47390320941725;26.2791275789736;0.122922405004329;-0.311899606656734
14546259128.5917;18.6019951819546;0.0144775175285721;-1.17506840343826;-3.52115744778249;26.298631550776;0.11853431825542;-0.283309005915662
14546259128.8503;18.6181543231247;0.0145473607629771;-1.20426509128018;-3.56855902322306;26.3179901144111;0.113751933551464;-0.255790382561875
14546259129.1093;18.6333539386396;0.0146099644136731;-1.23146207011714;-3.61669501282816;26.3371536446299;0.108476557547525;-0.229402672825101
14546259129.3652;18.6475416638074;0.0146652558294782;-1.25615331323346;-3.66540836961435;26.3557008063503;0.102711604212862;-0.204680195642707
14546259129.6212;18.6610191501286;0.0147144696913289;-1.27859958711531;-3.71612104103111;26.3737331182261;0.0963052921914164;-0.181424893106824
14546259129.8737;18.6737206389237;0.014757424502296;-1.29851919736608;-3.76936201463536;26.3909077417986;0.0892506753803913;-0.160006383868442
14546259130.1263;18.6859140937564;0.0147949819670377;-1.31625689204112;-3.82768739772031;26.4073848520545;0.0813382621337874;-0.140145358523678
14546259130.3795;18.6977064103989;0.0148272872381611;-1.33191782115703;-3.89424356310116;26.4231348072508;0.0723866700459244;-0.121808867201051
14546259130.6289;18.7089651086744;0.0148538532296021;-1.34535702607009;-3.97251917821117;26.4378340204747;0.0623826356403196;-0.105284916656975
14546259130.876;18.7198312093793;0.0148748335753355;-1.3568507599229;-4.07111184497331;26.4515594280266;0.0510728620194699;-0.0903835138923882
14546259131.1203;18.7303324405805;0.0148900116264872;-1.36655927000395;-4.20658347815649;26.4642590180749;0.0382503603026216;-0.0770583829063019
14546259131.3606;18.7404750861109;0.0148990900124443;-1.37465971988353;-4.42280232539333;26.4758801951325;0.0236977875491072;-0.0652547659300442
14546259131.5952;18.7502244386817;0.0149017551506948;-1.38133470088796;-4.94459073477984;26.4863553179392;0.00724046013942912;-0.0549247167444705
14546259131.8234;18.7595897944092;0.0148977335185243;-1.38682213704743;-4.75394406871469;26.4956982776958;-0.0113776727412854;-0.045937584422905
14546259132.0448;18.7685821953651;0.0148867215155678;-1.39135671243307;-4.30336605622425;26.5039485316764;-0.0324564664120715;-0.038146424834527
14546259132.259;18.7772034461399;0.0148684059319074;-1.39515060428741;-4.06790011948614;26.5111577592604;-0.0563221440319497;-0.0314062988724611
14546259132.4652;18.7854427831273;0.0148425203275954;-1.39838359771493;-3.90121755524735;26.5173865158501;-0.0833099284313746;-0.0255812037994827
14546259132.6626;18.7932797420552;0.0148089075044494;-1.40119768423955;-3.76884026449601;26.5227049715419;-0.113756241389106;-0.0205460291700067
14546259132.8501;18.8006837393142;0.0147676097039767;-1.40369845326639;-3.65723778089018;26.5271854753681;-0.147962563266561;-0.0161906829396525
14546259133.0266;18.8076137331058;0.0147189858215797;-1.40596102439437;-3.55984423759252;26.530894755322;-0.18615241878466;-0.0124223987785546
14546259133.1924;18.8140902132304;0.0146631074892846;-1.40805584429336;-3.47215144537625;26.533921778483;-0.228931652642882;-0.00913172356197988
14546259133.3492;18.8201899720434;0.0145992480157401;-1.41005263278333;-3.39013996204299;26.5363491481615;-0.277813818273543;-0.00620353975223181
14546259133.5012;18.8260761896136;0.0145246592825875;-1.41204119467862;-3.30920427444493;26.5382310471946;-0.336286080205998;-0.00350548908234379
14546259133.657;18.8320791892584;0.0144306569399449;-1.41417749381075;-3.21940713462839;26.5394944240291;-0.415588005340988;-0.000852005886747148
14546259133.8242;18.8384865197293;0.0143053369843201;-1.41662873275826;-3.12528562451003;26.5399907745047;-0.519091450211325;0.00190785841073517
14546259134.0086;18.8455042809386;0.0141400760914919;-1.4195591533058;-3.04758764514397;26.5400109742297;-0.624989334698047;0.00489258801222874
14546259134.2028;18.8528386335142;0.0139489083206052;-1.4229227176925;-3.00686982505328;26.5405455457757;-0.691771615528575;0.00802443487697912
14546259134.4043;18.8603803076291;0.0137500978658564;-1.42672904227162;-3.00575758564721;26.5424205824751;-0.699700176082021;0.0113170900267733
14546259134.6126;18.8681007045455;0.0135628276943596;-1.43102502316099;-3.04619604355339;26.545848914491;-0.643910634723377;0.0148234279187083
14546259134.8275;18.8759804800075;0.0134108327662816;-1.43586327684821;-3.15054802287831;26.5507188313455;-0.512143349598631;0.0186026607271062
14546259135.0454;18.8838683626218;0.0133164415083135;-1.44121560155216;-3.36324426641548;26.5557624120391;-0.317782596794381;0.0226439216447648
14546259135.2661;18.8917517197175;0.0132696619006871;-1.44713106089098;-3.67378568556717;26.5592604601994;-0.157601865307002;0.0269926430279471
14546259135.4904;18.899643675797;0.013238804441517;-1.45364166540312;-3.86146616202691;26.5617014742846;-0.10385595288131;0.0317042952994617
14546259135.7182;18.9075274143855;0.0132099309354628;-1.4607494762255;-3.89698216897255;26.5640543419252;-0.0972885357950795;0.0368138369000268
14546259135.9468;18.9153042949868;0.0131817993410968;-1.46838225348027;-3.90999333812812;26.5665429367889;-0.0961001265050202;0.0422901030932222
14546259136.1765;18.9229703858053;0.0131536334733051;-1.47654753225952;-3.91139835578912;26.5692006525488;-0.0976174964044458;0.0481521222865302
14546259136.4078;18.9305381935055;0.0131251477619796;-1.48527424841461;-3.90961726758781;26.5720570238691;-0.100018919045002;0.0544298329493723
14546259136.6409;18.9380018948394;0.0130964316803526;-1.49457546663753;-3.90940453991003;26.5751284349146;-0.102245993407356;0.061138170283397
14546259136.8751;18.9453310930653;0.0130678591845839;-1.50443049434204;-3.91353878507139;26.5784146644202;-0.10361455880104;0.068264845143657
14546259137.1094;18.9524926045421;0.0130399158977755;-1.51480408609624;-3.92353128999731;26.58190649016;-0.103719143558954;0.0757849400661798
14546259137.3445;18.9594996810229;0.0130129357470131;-1.52572243477267;-3.9402149203872;26.5856126256371;-0.102365635471607;0.0837168709986586
14546259137.5806;18.9663533488888;0.0129872869760714;-1.53719609926961;-3.96405259454879;26.5895349023036;-0.0995071403366279;0.0920671737862373
14546259137.8176;18.9730431734518;0.0129633333554439;-1.54921387080025;-3.99525743257417;26.5936665512655;-0.0952214207807948;0.100826227219008
14546259138.0547;18.9795490572898;0.0129413950368746;-1.56173813347807;-4.03384109955866;26.5979911226616;-0.0896903813662773;0.109965093959849
14546259138.292;18.9858665367147;0.0129216508711133;-1.57475200867482;-4.07985705636877;26.6024993326893;-0.0831414114966109;0.119470114214378
14546259138.5298;18.9920041839565;0.0129041663765243;-1.58826326635191;-4.13361210729835;26.6071899194741;-0.0757966774320671;0.129345243969931
14546259138.7693;18.9979878840073;0.0128889009249227;-1.60233924419793;-4.19559940274633;26.6120681436016;-0.0678919790121855;0.139628498597479
14546259139.0156;19.0039309733256;0.0128756000458669;-1.6173171543972;-4.26744906722764;26.6172126693673;-0.0595704199543177;0.150541583707563
14546259139.271;19.0098724653417;0.012864198953519;-1.63343513163244;-4.35038418607143;26.6226461407868;-0.0510860313157623;0.162219274870778
14546259139.537;19.0158145397592;0.0128546551379072;-1.65089494248675;-4.44511098892011;26.6283570965805;-0.0427689241699682;0.174755248351595
14546259139.8157;19.0217732383429;0.012846852031304;-1.66999130057011;-4.55287517795784;26.6343554299642;-0.0348785413139397;0.188303590078374
14546259140.1104;19.0277744494386;0.0128406170888228;-1.69114496055109;-4.67455141275296;26.6406650615747;-0.027678248885307;0.203090588181899
14546259140.428;19.0338953369775;0.0128357188911804;-1.7151133800795;-4.81189147528377;26.6473863905159;-0.0213243854528211;0.21956176450986
14546259140.7783;19.0402243081372;0.0128319078633864;-1.74302404426601;-4.9633150448123;26.6546473661937;-0.0160502551501123;0.238366041834821
14546259141.1887;19.0470704424803;0.0128288136381625;-1.77780473260845;-5.12269822759562;26.6628792509009;-0.0120507354057775;0.261255089547152
14546259141.7196;19.0549911934579;0.0128259369127837;-1.82619721547459;-5.26606517032572;26.6729534990322;-0.0096873090034032;0.292181756787467
14546259142.6005;19.065708825685;0.0128220486489475;-1.9148284187243;-5.35517154289076;26.6878876072177;-0.00968213370722863;0.346475511577108
14546259144.4689;19.0795826401374;0.0128158583963843;-2.12928209018666;-5.4797696035008;26.7112820796409;-0.0119181053578975;0.469333851278508
14546259152.2678;19.0885563812812;0.0128126103126495;-2.93906197189656;-6.38040829290796;26.7523872405948;-0.00968314022790892;0.901687501407609
14546259205.9555;19.0900105061844;0.0128121250694731;-4.56727288844658;-8.04391516373631;26.8146851304961;-0.0089480917056162;1.75741721991527
14546259648.6965;19.0902077100492;0.0128120749468692;-6.35123430397116;-9.94611610142126;26.8817575171728;-0.00683244055490357;2.69421202209319
14546263315.1164;19.0902364021466;0.0128120693490507;-8.10647990907929;-11.8162233912811;26.9516281056493;-0.00525825354339403;3.61851865450438
14546288186.2829;19.0902414345868;0.0128120689730213;-9.69391753902692;-13.8204743312299;27.0271127107203;-0.00201949536418331;4.4626721327859
14546391041.0777;19.0902427234052;0.0128120690994461;-10.9020328149308;-14.9103923321041;27.1070391065774;0.00265902588523806;5.12013231538463
14546738686.221;19.0902431614496;0.0128120692254325;-11.8996180036636;-15.4408123029535;27.1996321862587;0.00782291717039964;5.68079124302165
14547749706.9642;19.0902433449318;0.0128120693149447;-12.7411660713681;-16.0528780457628;27.3070479526388;0.0133217959897178;6.17333605548885
14550431587.1453;19.090243436887;0.0128120693793471;-13.4648629689306;-16.6195374818231;27.4345609136225;0.0192142528220965;6.6203840186413
14557540472.0851;19.0902434920747;0.0128120694309972;-14.1099591754382;-17.138730438926;27.5983298303426;0.0258292346161963;7.05235712565105
14580219887.0585;19.0902435352046;0.0128120694840177;-14.720853722809;-17.6311875075864;27.8575028851692;0.0342458854287533;7.53097563460497
14652613963.4747;19.0902435864259;0.0128120695610165;-15.1502526691122;-17.973219019859;28.2781805532067;0.0425094134273853;8.02675618262119
14783122096.0722;19.0902436640191;0.0128120696907562;-15.2258134896266;-18.0025647102261;28.7420826634094;0.0480581461148028;8.37449607397966
14965287473.8959;19.0902438236433;0.012812069967962;-15.0573672919002;-17.8176634847175;29.2389297915443;0.0507767943725681;8.62224166625746
15192983476.537;19.0902442723411;0.0128120707532484;-14.7054014041643;-17.4623273656532;29.7844033236406;0.0521270253849021;8.8107153429937
15444673589.5998;19.0902459390614;0.0128120736384976;-14.1790034434708;-16.9406828273044;30.3919784656329;0.0526113673372749;8.95346483185324
15710551342.009;19.0902566599218;0.0128120909846703;-13.3944523577533;-16.1854783314713;31.1475320399412;0.0503961856961974;9.06600573643398
15979034167.1036;19.0905053554385;0.0128124545506768;-12.0332485528522;-14.8683332391986;32.3001204829992;0.0472192903601899;9.15549557305022
16244265588.0218;19.1206034880166;0.0128481778011632;-9.94508542106131;-12.8706740031235;33.8649878472974;0.0401941030875967;9.15696176274717
16493464617.5648;19.1951295581879;0.0128841076319689;-9.5242381256314;-12.8410911746083;33.4018480949644;0.0161033950654905;8.63708033458531
16731967027.3968;19.2852828258089;0.0129029524660946;-9.4225112990928;-13.1023004524204;32.8126097969042;0.00685885498299442;8.19251799772023
16960680188.4951;19.3785212504472;0.012950080373572;-9.3896962293747;-12.6860129993091;32.5984075219498;0.0164770558872635;8.03299448255263
17179612357.5714;19.4761602508913;0.0130801842126292;-9.35068625508598;-12.2260194681123;32.5359841473473;0.0433541558785042;7.97179795984717
17387972942.4726;19.5775860865904;0.0133060163373745;-9.31266697313154;-11.9650298472811;32.5017525049198;0.0723675558159364;7.92995079787893
17589923381.6674;19.6835287591192;0.0136253839999248;-9.2801738776675;-11.8009538622875;32.4736950491797;0.0978930192591486;7.89500210183655
17784351572.9745;19.7925986421074;0.0140372814446169;-9.25105438889358;-11.6739701384008;32.449290407848;0.12254326707676;7.86419196588124
17968787853.1346;19.9024071843543;0.0145325068350382;-9.22521022833421;-11.5710434514309;32.4277247364576;0.146245750234825;7.83692596009799
18143377572.5955;20.0120233258166;0.0151010143762944;-9.20214415648783;-11.4872824371499;32.4088219837434;0.168083454272403;7.81283331101356
18308364119.9354;20.1207086443;0.0157305792174386;-9.18127765185215;-11.4184080678922;32.3919352793403;0.18763181516181;7.79118843035292
18465160206.4206;20.2287897049884;0.0164149722828358;-9.16158562068957;-11.3600296184047;32.376682676402;0.205016280957696;7.77122135119715
18612637548.3188;20.3355857017982;0.0171418449534828;-9.14017032766503;-11.3072669610441;32.3618551578469;0.220260578938914;7.75067321326131
18749293629.5629;20.4395905881814;0.0178918404080276;-9.11857521880859;-11.2605703314216;32.3454687314688;0.233248219072463;7.728987613883
18875980673.0121;20.5390555453554;0.0186420895006854;-9.10506210096663;-11.2275267220764;32.3302166762083;0.243861922991762;7.71209252358457
18994396824.8411;20.6324017457829;0.0193709151849453;-9.1033142986212;-11.2107872746664;32.3222034865795;0.25236433797008;7.705907964115
19107295422.2148;20.7214559852779;0.0200860200139835;-9.10303394717176;-11.1983188355814;32.3223019836996;0.259547825743427;7.70587122100242
19213605827.6117;20.80957415036;0.0208108582846554;-9.08151032916854;-11.1663346587126;32.322260800248;0.265874937373527;7.69511590984708
19308929221.4742;20.9030275877441;0.0215943200582543;-9.00860421629198;-11.0851816850538;32.3060523486769;0.270836020370639;7.64786086760895
19380261426.6877;21.0034697061927;0.0224432590187448;-8.85136978636471;-10.9244091851256;32.2585680317368;0.272650115656228;7.53752842948357
19418773347.0909;21.1074276431306;0.0233194279752506;-8.56873752305798;-10.6430073136772;32.1868451528426;0.271274280362406;7.34828498485862
19430173266.7901;21.1754970211163;0.0238904376874766;-8.22395001012126;-10.3002582970207;32.1532069227262;0.269721774686003;7.15340814437283
19431856592.3608;21.1912440706508;0.0240222214040591;-8.02896892704155;-10.1063063692448;32.1852260643922;0.269351328358089;7.07730825082724
19431949903.1066;21.192213217059;0.0240303229164593;-7.98354227015313;-10.0613655596276;32.2095763244647;0.269253726564829;7.07086333769945
19431957369.5613;21.1922964420924;0.0240310178639785;-7.9528604558095;-10.0311624253439;32.2316621204272;0.269141539478757;7.07027782782648
19431958010.1729;21.1923041071612;0.024031081795641;-7.92207872275855;-10.0008787816;32.254615817619;0.269024488643173;7.07022219802525
19431958073.0521;21.192304919337;0.0240310885614614;-7.8888568838556;-9.96818643939046;32.279469841034;0.268903736987863;7.07021614795386
19431958081.8147;21.1923050432409;0.024031089592227;-7.84955160762645;-9.92947665281065;32.308884158808;0.268779977971419;7.07021520122335
19431958085.089;21.1923050956945;0.0240310900278548;-7.79533876257128;-9.8759988290336;32.3494555353123;0.268662411795778;7.07021479170962
19431958087.135;21.1923051341753;0.0240310903468307;-7.72567121544563;-9.80715690405852;32.4015924982551;0.268584327589132;7.0702144843658
19431958088.6224;21.1923051683891;0.024031090629841;-7.63822070849014;-9.72061998352241;32.4670371949415;0.26856127094975;7.07021420571301
19431958089.7695;21.1923052022007;0.0240310909088849;-7.53053207700218;-9.61392530626147;32.5476267809454;0.268612425292752;7.07021392591487
19431958090.7314;21.1923052410711;0.0240310912288637;-7.39351365611446;-9.47801164691033;32.6501647795575;0.268774081647128;7.07021360338303
19431958091.5558;21.1923052907278;0.0240310916365083;-7.22014532220783;-9.30584120277547;32.7799043087993;0.269098824641556;7.07021319501098
19431958092.2791;21.1923053633167;0.0240310922306438;-6.99844411743931;-9.08542890327472;32.9458122695636;0.269659319106519;7.07021261430438
19431958092.9456;21.1923054968394;0.0240310933199307;-6.69825985577444;-8.78667286383421;33.1704504013247;0.27060658494541;7.07021161531945
19431958093.5596;21.1923058185219;0.0240310959348797;-6.28075610351016;-8.37072021522886;33.4828794665282;0.272181553011329;7.07020946621948
19431958094.1071;21.1923069233569;0.0240311048830773;-5.6950780980533;-7.78663996424309;33.9211501368354;0.274731655340587;7.0702032151448
19431958094.6191;21.1923160883116;0.0240311788214558;-4.7471178652727;-6.84037826830896;34.6304776760887;0.279381779355475;7.07016664541473
19431958095.0952;21.1932881166621;0.0240389886879215;-2.68999225158225;-4.78502757514651;36.1673789302423;0.290590701109528;7.06849615853074
19431958095.5419;21.2652285548905;0.0246145370432803;-0.793121770847482;-2.89001303261187;37.1674998458248;0.297352837094891;6.78829457907414
19431958095.9641;21.4104303100055;0.025771014721417;-0.463498500507257;-2.56233311179243;35.6561862518265;0.283988189089554;5.61366677077141
19431958096.3707;21.6188338465143;0.0274229965702159;-0.290230709492504;-2.39113052276654;32.936330274832;0.26108107708508;3.70970796069207
19431958096.7584;21.8600573824749;0.0293256311320075;-0.206109328023198;-2.30917362573451;29.3825169200498;0.231752643795324;1.29309719936265
19431958097.1347;22.0860668737876;0.0310988367160509;-0.221368852174069;-2.32673643970966;26.0348533144859;0.204261984790337;-0.936063814213924
19431958097.498;22.2512492385807;0.0323875656730405;-0.342352263963345;-2.45015435628386;25.7454989187249;0.200862664790303;-1.06891404644864
19431958097.8493;22.3960197647184;0.0335103801398503;-0.38502069321452;-2.49539284633918;25.7765145139352;0.199918064624867;-1.02686236587241
19431958098.1901;22.5258905542589;0.0345113509723205;-0.418936207750619;-2.53202626590235;25.8098987950267;0.198928149849879;-0.987604755753182
19431958098.5232;22.6447429100616;0.0354213143564535;-0.447526220076831;-2.56351009731897;25.8309948142266;0.197768561657279;-0.959220824319336
19431958098.8464;22.7544805600036;0.0362556076808609;-0.469121126018806;-2.58815801286502;25.8485102552596;0.196516323825413;-0.936727145714919
19431958099.1628;22.8564130952118;0.0370248005602239;-0.49203693499816;-2.61431450567294;25.8640209624811;0.195172431602894;-0.914912839459659
19431958099.4745;22.950116209871;0.0377262965450429;-0.521885579796526;-2.64761441714056;25.8811383790442;0.193755722224063;-0.888558934643804
19431958099.7793;23.0346556400757;0.038353905163602;-0.556974717528421;-2.6863451350368;25.9022580164967;0.192294652707402;-0.856910946530032
19431958100.0778;23.1102941727185;0.0389104956261612;-0.596195779026288;-2.72940311392166;25.926455822302;0.190781305962222;-0.821140574290318
19431958100.3718;23.1780771180072;0.0394046355453497;-0.637213730983885;-2.77448422688755;25.9525804009715;0.189195171845223;-0.783184703407936
19431958100.6614;23.2384025788578;0.0398400766894429;-0.681292746829616;-2.82286393278355;25.9793116868499;0.187523825664395;-0.743293268166454
19431958100.9465;23.2917673559401;0.0402212610357414;-0.727741039389018;-2.87386068138893;26.0074645279299;0.185771194165564;-0.701267707838527
19431958101.2283;23.3392485150206;0.040556663450486;-0.773530310010072;-2.92448543714488;26.0369593092157;0.183922616760703;-0.658675419909676
19431958101.506;23.3816979309495;0.040853000300216;-0.815689909354093;-2.97177596870666;26.0663651816352;0.181967746146973;-0.617957753049872
19431958101.7804;23.4201785121472;0.0411182694772617;-0.853152665777106;-3.01470749856602;26.0944050422148;0.179884012548927;-0.580501649456099
19431958102.0528;23.45556202761;0.0413589171044732;-0.886351227994552;-3.05377062334058;26.1202746048482;0.177647190324137;-0.546628241172167
19431958102.3203;23.4879861870621;0.0415762946950713;-0.916377513122623;-3.09003146884117;26.1432990088322;0.175269534965917;-0.516242385715595
19431958102.5881;23.518331913526;0.0417765868604502;-0.94578625420021;-3.12621983119951;26.1640763319399;0.172691845420015;-0.487667357100244
19431958102.8525;23.546294748796;0.0419580788956441;-0.975712366839769;-3.16343600038722;26.1829979732426;0.16994004877448;-0.460074042765306
19431958103.1159;23.5722044090964;0.042123201252689;-1.00708656059916;-3.20274240027771;26.2011484155572;0.166980011836949;-0.432272618887073
19431958103.3759;23.5959503133544;0.0422715712686944;-1.03949014190428;-3.24373271078901;26.2190993511547;0.163823122847596;-0.404090372264637
19431958103.6349;23.617858000677;0.042405521434906;-1.07257338681051;-3.28622666380789;26.2373907874285;0.160423270844554;-0.375341506339327
19431958103.8928;23.6380817201961;0.0425262580303447;-1.10559070952869;-3.32961281764028;26.2561223506024;0.156750335616098;-0.34633230473361
19431958104.1481;23.6566770093766;0.0426343937513784;-1.13763254259055;-3.37306629876785;26.2750746372629;0.152795372717362;-0.317664098525327
19431958104.4018;23.6738976861289;0.0427316548847808;-1.16826416112883;-3.41637504966668;26.2941272670125;0.148507323875583;-0.289634784911057
19431958104.6567;23.690081559197;0.0428200900249148;-1.19740106047071;-3.45985865569072;26.3132862126089;0.143786295394435;-0.262282876525948
19431958104.913;23.7053574163515;0.0429004725425889;-1.22472034673856;-3.5035643306641;26.3323554625543;0.138562504674479;-0.23590086887435
19431958105.1656;23.7195786027657;0.0429721812900917;-1.24953309981145;-3.54689679210814;26.3507982819293;0.132870963466275;-0.211191518420819
19431958105.4157;23.7329477484742;0.0430363798148386;-1.27192911744637;-3.59050772578214;26.3685714826203;0.126621657493137;-0.188138866994768
19431958105.6634;23.7455971400027;0.0430937760217091;-1.29196959823366;-3.63515604122687;26.3856041871339;0.119723829633268;-0.166759681309018
19431958105.9114;23.7577443734435;0.0431453042153855;-1.30990273842205;-3.6823351975825;26.4019894284685;0.111996433701372;-0.146867875988938
19431958106.1586;23.7694232948272;0.0431909825318873;-1.32572616783274;-3.73341881345578;26.4176000830194;0.103323882246459;-0.128549390237672
19431958106.4039;23.7806460816897;0.0432307183565529;-1.33947576690933;-3.79039425133709;26.4323104940217;0.0935872406887231;-0.111869904845476
19431958106.6497;23.7915888434557;0.0432648442383789;-1.35142126505905;-3.85746432686376;26.4462323184984;0.0824747004585535;-0.0966198211087408
19431958106.893;23.8021709538479;0.0432927873041218;-1.36156549587873;-3.93986373110632;26.4591616551297;0.0698679248495552;-0.0829330212730861
19431958107.1323;23.8123784786851;0.0433142201160553;-1.3700564576745;-4.04789774983169;26.4710157834257;0.055581378642245;-0.0707896273600817
19431958107.3656;23.8221688050186;0.043328811978577;-1.37706647342569;-4.20375291221408;26.4817147722191;0.039469321872386;-0.0601552377641622
19431958107.5924;23.8315654671393;0.0433363583723834;-1.38284282356281;-4.47807696961674;26.4912858522759;0.0212749668885398;-0.0508859632707099
19431958107.8125;23.8405810421076;0.0433366026953175;-1.38761988124641;-5.95464907513975;26.499766647066;0.000718146181708104;-0.0428366622109695
19431958108.0254;23.8492190429471;0.0433292695799755;-1.39161098191597;-4.46273570780713;26.5072068085939;-0.0225029388779862;-0.0358637051882624
19431958108.2302;23.8574681036554;0.0433141222329879;-1.39499751308953;-4.13106543873722;26.5136631045145;-0.0486857436450728;-0.0298334994588185
19431958108.4261;23.8653045433724;0.0432910417043134;-1.39792401454143;-3.92879705920834;26.5192015169635;-0.0781065398506693;-0.0246233738836307
19431958108.612;23.8726980903831;0.0432601023701996;-1.40050167462453;-3.7788435507985;26.523893099668;-0.110992949584058;-0.0201225313266122
19431958108.7869;23.8796148129422;0.0432216422125926;-1.40281380526741;-3.65770310142826;26.5278082027024;-0.147506810592507;-0.0162332221381789
19431958108.9512;23.8860797629573;0.0431757936740402;-1.40493867367855;-3.55417834823723;26.5310414760917;-0.188154506237966;-0.0128408315390507
19431958109.107;23.8921865414246;0.0431218681542323;-1.40695690347291;-3.46097472893809;26.5336903082389;-0.23430406882541;-0.0098195013862365
19431958109.2587;23.8981006201348;0.0430574492707377;-1.40896473560622;-3.37183864246663;26.5358260597585;-0.289040503370625;-0.00703244246808636
19431958109.4151;23.9041696031229;0.0429746069883066;-1.41112801464537;-3.27599187890757;26.5374360162294;-0.362238907866309;-0.00428243689997525
19431958109.5839;23.9106815777416;0.0428607478894603;-1.41362139388525;-3.17096635084442;26.5382957377957;-0.464010782372798;-0.00141593148453947
19431958109.7696;23.9177968717646;0.0427061062239742;-1.41659995340612;-3.07946628602546;26.5384977284443;-0.576779747252062;0.00166737960476676
19431958109.965;23.9252250675637;0.0425222211347557;-1.42002478835634;-3.02636161628648;26.5389187559259;-0.65697129897998;0.00489087324866623
19431958110.1674;23.9328536608458;0.0423275976444047;-1.42390561975167;-3.01715482401812;26.5405720236949;-0.677112879417883;0.00826956259398439
19431958110.3765;23.9406530281242;0.0421415605285961;-1.42829220141096;-3.05075197561867;26.5437352397518;-0.633143660312933;0.0118596875552142
19431958110.5924;23.9486157174274;0.0419877940595823;-1.43324743005878;-3.14744555869871;26.5483887095713;-0.512672519857115;0.0157302928405269
19431958110.8111;23.9565795277413;0.041891592310706;-1.43873626301507;-3.35667420298666;26.5534505162799;-0.320762082178251;0.0198687130120781
19431958111.0326;23.9645324230831;0.0418480577097676;-1.44481184226435;-3.70650254170756;26.5570929145382;-0.145375035433844;0.0243241880265052
19431958111.2574;23.972481687689;0.0418250054611857;-1.4515064124037;-3.98912007180459;26.5595914695748;-0.0770207478488951;0.0291519776467192
19431958111.4856;23.9804135332207;0.0418045897096744;-1.45882332479382;-4.04823220167453;26.5619802379449;-0.068367794861373;0.0343908429482018
19431958111.7147;23.9882376719856;0.0417849604110974;-1.46669562509537;-4.06722738834145;26.564512352478;-0.0666453855414665;0.0400159194896259
19431958111.9449;23.99594350466;0.0417651997433196;-1.47512343545694;-4.06614139316447;26.5672220447579;-0.0681283997187644;0.0460427699819365
19431958112.1766;24.003544265162;0.0417449636194267;-1.48413501408269;-4.05886473266872;26.5701395182098;-0.0707398470196395;0.052502353244433
19431958112.41;24.0110339499034;0.0417243000711307;-1.49374086621798;-4.0529995042057;26.5732813502141;-0.073313937971528;0.0594090771905096
19431958112.6446;24.0183840872811;0.0417035296012607;-1.50391967201124;-4.05276880708139;26.5766482221711;-0.0751019256896172;0.0667513264869799
19431958112.8793;24.0255607609192;0.0416831033686529;-1.514630854358;-4.06036577811996;26.5802301367707;-0.0756525921231975;0.0745011785636581
19431958113.1148;24.0325768348898;0.0416633770827173;-1.52589737137185;-4.07694620653009;26.584035361772;-0.0747432659725103;0.0826751728568035
19431958113.3513;24.0394328242325;0.0416447316828007;-1.5377255921059;-4.10322402315357;26.588064792122;-0.072308324338935;0.09127707407009
19431958113.5886;24.0461189845226;0.0416275304143203;-1.55010160683928;-4.13971791629683;26.5923110217131;-0.0684131790965456;0.100295367939336
19431958113.8261;24.0526155749966;0.0416120849557623;-1.56298370342133;-4.18686838785924;26.5967562469198;-0.0632330293925711;0.109698002218546
19431958114.0637;24.0589195535326;0.0415985785660771;-1.57635431147794;-4.24542976146734;26.6013907424645;-0.0569939677753903;0.119470509352527
19431958114.302;24.0650393801065;0.0415870954548824;-1.59021863288205;-4.31689817773274;26.6062119127205;-0.0499233248153146;0.129614529178066
19431958114.5418;24.0710006235975;0.0415776272869908;-1.60464265649904;-4.40371356741348;26.6112237996328;-0.0422662713099115;0.14016645069304
19431958114.7883;24.0769142145555;0.0415700333429202;-1.61996230887474;-4.51134619579631;26.6165043602815;-0.0341796121684801;0.151346790237506
19431958115.0439;24.0828172921686;0.0415642848153857;-1.63641101100625;-4.64793288843144;26.6220742393638;-0.0259250744813335;0.163286477295107
19431958115.3098;24.0887139605943;0.0415603367056233;-1.65419206097267;-4.82840955061551;26.6279224479318;-0.0178287047838995;0.176080063754603
19431958115.5884;24.0946198880727;0.0415580864658346;-1.67359595370303;-5.09265526386841;26.6340572917776;-0.0101479430064568;0.189878314265657
19431958115.8828;24.1005613725468;0.0415573860762156;-1.69504174960927;-5.62359701569859;26.640502288143;-0.00314041572117731;0.204906252846841
19431958116.1999;24.1066143794688;0.0415580766911776;-1.71928325642267;-5.66201844396584;26.6473572468979;0.00304031762235205;0.221607107424564
19431958116.5492;24.1128626033655;0.0415599896460257;-1.74742350814207;-5.26147537225799;26.6547447472011;0.00816061076412909;0.240613867326876
19431958116.9579;24.1196081962988;0.0415630319680542;-1.78235916079608;-5.1281741086471;26.663094357005;0.0120252911957754;0.26366141195142
19431958117.484;24.1273785723833;0.0415671890478107;-1.8306137974516;-5.10226747968962;26.6732475301916;0.0142699421677347;0.294573255370547
19431958118.353;24.1378681088438;0.0415727610977866;-1.91826512675777;-5.19300642064108;26.6882032481711;0.0141767944491682;0.348391479394033
19431958120.1861;24.1515114027952;0.0415787945153889;-2.12827128953721;-5.48262713986073;26.7115033713397;0.0118125179445014;0.468961668747911
19431958127.7277;24.1606443218776;0.0415835498731931;-2.91685384243031;-6.20028025241244;26.7519925774867;0.0139293138957009;0.890306368464112
19431958179.1255;24.1621604121043;0.0415843862358947;-4.53021929234737;-7.78854968367749;26.8138130742293;0.0147920438690792;1.73829484311637
19431958603.5884;24.1623657948243;0.0415845156188562;-6.31527585353255;-9.51596266718904;26.8808453755635;0.0169338656197293;2.67561167839393
19431962111.0145;24.1623956788548;0.041584536208702;-8.06954936451166;-11.23133543982;26.9505386047127;0.0185686946095045;3.59931469503905
19431986235.1718;24.1624008708864;0.0415845404072553;-9.66711481891675;-12.7593524870136;27.0260862586723;0.0218547322651147;4.44857611793555
19432086255.9562;24.1624021932292;0.0415845417040267;-10.8787462081818;-13.8872268271614;27.1056674545642;0.0265815001393547;5.10756644821583
19432426494.1178;24.1624026404898;0.0415845422274399;-11.8812223721719;-14.8129383114801;27.1980852652428;0.0318289558374179;5.67055679332382
19433416069.2969;24.1624028270477;0.0415845424830222;-12.7246353236313;-15.587918063748;27.3050380970282;0.03740761732245;6.16372795914353
19436051675.0485;24.1624029202615;0.0415845426305052;-13.4513999426199;-16.2521384953071;27.432223156218;0.0434032701872975;6.61209415322047
19443020619.0566;24.1624029759401;0.0415845427316307;-14.0974791302568;-16.8383062235685;27.5949257071173;0.0501189698465891;7.04385010699666
19465236652.9474;24.1624030191997;0.0415845428227937;-14.7105833417484;-17.3868478751956;27.8519799003008;0.0586937069895955;7.5221626075327
19536903175.918;24.1624030703401;0.0415845429445084;-15.146552659548;-17.7699734611433;28.2722501737273;0.0672883026804211;8.02096098884533
19666450083.2855;24.1624031472369;0.0415845431401894;-15.2265187384296;-17.8208782629259;28.7349852590795;0.073122571224322;8.37012690321493
19848223563.5052;24.1624033054278;0.041584543552381;-15.0603488552847;-17.6444314476574;29.2323659293019;0.0761695472467836;8.61936865322178
20074998270.3459;24.1624037455705;0.0415845447031524;-14.7120011541843;-17.2946055590487;29.7757174493403;0.0778498589053697;8.80823428570848
20326306711.2606;24.1624053744999;0.041584548923507;-14.1883048121485;-16.7748581325368;30.3820359543782;0.078716097133419;8.95149515974461
20592437099.9526;24.1624157969406;0.0415845747094903;-13.4071250370502;-16.0137107702493;31.1358862706358;0.0770327672041104;9.06458244167833
20860584594.0745;24.16264727977;0.0415851113508638;-12.0638549605953;-14.6986895903463;32.2753576787053;0.0748232269054984;9.15427358012467
21123499867.8642;24.1901042639867;0.041641240340798;-9.98116298265842;-12.6706285897553;33.8462803053642;0.0691903200867245;9.16251751001099
21374552392.9648;24.2650555728872;0.0417417623272941;-9.52498537240672;-12.3975035314418;33.4162598550663;0.0448166799376753;8.64708576571615
21614828771.4184;24.3558319683462;0.0418385534698033;-9.42273814363333;-12.394875461216;32.8176259395958;0.0349920867982151;8.19598014252653
21843822874.0871;24.449062510741;0.0419622571914905;-9.39026608715255;-12.2674415322219;32.599305433235;0.0432546599314486;8.03388091706235
22063248230.7066;24.5468502024835;0.0421722974005319;-9.35100261804199;-12.0189843710188;32.5362206586503;0.0698852224322401;7.97213004739647
22271895876.3513;24.6483663096155;0.0424805358691874;-9.31287853316013;-11.8305266501349;32.5019034447993;0.0986871662955531;7.9301885822071
22473876352.8815;24.7542757839707;0.042884578184327;-9.28037457991777;-11.6988825415655;32.4737985382664;0.12388682714799;7.8952156533336
22668641422.9297;24.8634980198873;0.0433837359300472;-9.2512000085603;-11.5912732567047;32.4493219936331;0.1482970045482;7.86434231292915
22853000605.3113;24.9732224533394;0.0439648350700638;-9.22536142629561;-11.5014145406793;32.4277414394534;0.171736887312101;7.83708072959594
23027591071.9819;25.0828012339997;0.0446185334269494;-9.2022940623155;-11.4266431324829;32.4088194031812;0.193336628358157;7.81298501940143
23192841232.5379;25.1916292417903;0.0453331107588212;-9.18140121108095;-11.3640926549061;32.3918913866874;0.212688918884957;7.79130863964298
23349773393.8722;25.2997719064143;0.0461009035767555;-9.16171488972831;-11.3104679107354;32.3766223584139;0.229868000776405;7.77134142272214
23497373992.4296;25.4066289395474;0.0469095882631486;-9.14028500675988;-11.2613088994653;32.3617903744746;0.244911200814495;7.7507897921554
23634131685.7168;25.5106982009403;0.0477387364367618;-9.11862929460576;-11.2173196184331;32.3453732960032;0.257704406030008;7.72905899189694
23760894477.0155;25.6102132097953;0.0485640728402696;-9.10510320774094;-11.18636079256;32.33006782861;0.268132236672951;7.71212607872704
23879375707.1593;25.7035708753954;0.0493625859487346;-9.10349957096552;-11.1713675046934;32.3220616794858;0.276459247109252;7.70602156713084
23992402163.6213;25.7926400735254;0.0501437580567331;-9.10345256959535;-11.1604333838045;32.3222856838461;0.283479233821388;7.7061879456263
24098890184.961;25.8808162579717;0.0509339274782499;-9.08194945532253;-11.1295805383946;32.3224110966092;0.289649422217877;7.69555636047779
24194344408.5746;25.9744214049716;0.0517870667458559;-9.00849541997502;-11.0487752178404;32.3061819674252;0.294446120819267;7.64801503221775
24265673407.7508;26.0752218701901;0.0527122948891884;-8.84980359394899;-10.8870172958892;32.2582872422801;0.296092633576018;7.53667975450704
24303976102.0361;26.1795504636364;0.0536671826413816;-8.56482597187184;-10.6032770012275;32.1861390930676;0.294589900957313;7.34597837020305
24315206429.3899;26.2473962589816;0.0542854625567461;-8.21886947773974;-10.2592072769306;32.1530563604236;0.293011362960803;7.15088741572181
24316838706.1747;26.2627661365401;0.0544252266629907;-8.02612339609155;-10.0673981522175;32.185376317362;0.29267379248783;7.07610589093732
24316929885.5959;26.2637192033975;0.0544338843444239;-7.98077346382434;-10.0224952296171;32.209809910728;0.292594660158742;7.06975498008764
24316937202.9671;26.2638013143909;0.054434629485536;-7.94995378160094;-9.99211656268176;32.232009256593;0.292499143035255;7.06917635607556
24316937833.0484;26.2638089088607;0.0544346983307847;-7.91889912019588;-9.96152260640568;32.255167932506;0.292398958336578;7.06912116244052
24316937894.4974;26.2638097089987;0.0544347055759972;-7.8853499983002;-9.92846373004078;32.2802670839738;0.292296346919414;7.06911519377709
24316937903.0843;26.2638098315209;0.0544347066840237;-7.84561845066183;-9.88928308769533;32.3100004963055;0.292194695610129;7.0691142561855
24316937906.3289;26.2638098840344;0.0544347071581879;-7.79088979872677;-9.8352326805506;32.3509579386585;0.292108546137344;7.06911384557433
24316937908.3649;26.2638099227811;0.054434707507433;-7.72055758881876;-9.76566203521653;32.4035923242339;0.292071185333966;7.06911353571177
24316937909.8365;26.2638099570399;0.0544347078156326;-7.63300956094671;-9.67894969041891;32.4691099647093;0.292099124005911;7.0691132561832
24316937910.9891;26.2638099915613;0.0544347081255349;-7.52356943051164;-9.57043192074008;32.5510101949703;0.292214647069048;7.0691129706303
24316937911.9444;26.2638100308511;0.0544347084774232;-7.38586315850445;-9.43373816595294;32.6540627476751;0.292457131164805;7.06911264436065
24316937912.7685;26.263810081606;0.0544347089308417;-7.21051829720867;-9.25949704422922;32.7852810631165;0.292887046196442;7.06911222741565
24316937913.4935;26.2638101566106;0.0544347095990601;-6.98528099349228;-9.03545063372553;32.9538346831378;0.293586660164184;7.06911162929716
24316937914.1568;26.2638102944901;0.0544347108237351;-6.68219512283186;-8.73367388123338;33.1806433091171;0.294717580730283;7.06911060050033
24316937914.7706;26.2638106331742;0.0544347138221351;-6.25821320554926;-8.31111845770071;33.4979186948613;0.296559999287043;7.06910835339087
24316937915.3155;26.26381181207;0.0544347242239364;-5.66482537036669;-7.71919224378638;33.9419561698203;0.299481496686528;7.06910173416153
24316937915.834;26.2638227089548;0.0544348200214947;-4.67742830196163;-6.73337622300687;34.680783265171;0.304888452794399;7.06905978109879
24316937916.3172;26.2654542967154;0.0544491091118361;-2.47159883136371;-4.52920468813168;36.3275004453779;0.318148338855677;7.06641499085916
24316937916.7628;26.3443638022377;0.0551374763195256;-0.751751288671867;-2.81106043729605;37.108811623911;0.323718782283258;6.72852809533552
24316937917.1919;26.498693348403;0.0564781450255253;-0.444136497822348;-2.50526410472675;35.451407938292;0.307968204322912;5.46728454921626
24316937917.606;26.7169965296933;0.0583661103832189;-0.278021839378932;-2.34108788286547;32.5663777421991;0.281645886420056;3.45652561016912
24316937917.9974;26.9623790641049;0.0604784419576285;-0.20275955819365;-2.26784111514207;28.9039508761854;0.248814481468131;0.971756863435073
24316937918.3757;27.1778786124977;0.0623244262106883;-0.244407164584436;-2.31162553695151;25.8664323048492;0.22157367416172;-1.03699237613852
24316937918.7411;27.3420013974695;0.0637230194633231;-0.347611373480478;-2.41708882260596;25.7532961402444;0.219459998933412;-1.06099092130804
24316937919.0935;27.4843997175594;0.0649298570566617;-0.39356607708621;-2.46542211282038;25.7826439197885;0.218510049264678;-1.01841100314991
24316937919.4368;27.613592838717;0.0660184290399559;-0.424463197070271;-2.49884543485118;25.8136853647025;0.217504263553684;-0.982228575397982
24316937919.769;27.7309227965573;0.0670010024782953;-0.451959609075382;-2.52900350390971;25.8349387069212;0.216353308411748;-0.954286914117179
24316937920.094;27.8400827692211;0.0679092213588226;-0.473785278051939;-2.55365817029392;25.8517131438518;0.21508812615332;-0.93217366530252
24316937920.4098;27.9405599664613;0.0687394875540205;-0.497407167100305;-2.58025732352627;25.867120710803;0.213745969067454;-0.910075913318447
24316937920.7204;28.0325748489458;0.0694943125548259;-0.528242412777862;-2.61425421244125;25.8849695207038;0.212341977860024;-0.882740711155009
24316937921.0247;28.1155845980273;0.0701700520945759;-0.564203233777262;-2.6535530032005;25.906597232457;0.210892241984324;-0.850318131800562
24316937921.3228;28.189821263234;0.0707695039981313;-0.603820617583879;-2.69668472860915;25.9312841585206;0.209391917150004;-0.814023538624758
24316937921.6159;28.2561746886018;0.0713007431114541;-0.645138869030157;-2.74171217326764;25.957465109782;0.207820782010906;-0.775880617665298
24316937921.9057;28.3153687797789;0.0717703868719722;-0.689840996979304;-2.79035079722288;25.9844233331552;0.206159467041245;-0.735526835452326
24316937922.1915;28.367778972223;0.0721822378919152;-0.736549334041837;-2.84122494258029;26.012928515623;0.204415413133766;-0.693136726326104
24316937922.4713;28.414037591542;0.0725421003725745;-0.781614239050586;-2.89067033591597;26.0423214700258;0.202592609643055;-0.650975496373118
24316937922.7487;28.4557422024888;0.0728630636042904;-0.823049300655586;-2.93677809057865;26.0715851556449;0.200649761202395;-0.610716059401684
24316937923.0218;28.4934710082343;0.0731501357502578;-0.859590848040904;-2.97827285063193;26.0991946786122;0.198584388675003;-0.574009066070983
24316937923.2948;28.5284584507007;0.0734130939624437;-0.892266761559065;-3.01629222049753;26.1247321107799;0.196347957021502;-0.540620027403523
24316937923.5658;28.5608597962611;0.0736534198162984;-0.922344960991724;-3.05210751292395;26.1476238833577;0.193941020885577;-0.510298169644057
24316937923.8321;28.5906394195154;0.0738712112265668;-0.951526943544859;-3.08740539557706;26.1679195850846;0.191377441599684;-0.482159516658004
24316937924.0957;28.6181525066953;0.0740694003225924;-0.981455362563916;-3.12391493008902;26.1865606405118;0.188633530924136;-0.454753834008083
24316937924.3582;28.6436376320373;0.0742499858500958;-1.01283117345668;-3.1624350052347;26.2045515912885;0.185683323452558;-0.427059565782031
24316937924.6189;28.6671182795852;0.0744134206105857;-1.04534236114661;-3.20270799991513;26.222521297704;0.182519305695649;-0.398812547454269
24316937924.877;28.6886701669627;0.0745605431928166;-1.07824257006568;-3.24404854013924;26.2407580955769;0.179130858615554;-0.37019330627691
24316937925.1343;28.708599074144;0.0746937086657175;-1.11101005465343;-3.28610190339392;26.259449164059;0.175466318059612;-0.341337823375313
24316937925.389;28.7269340384099;0.0748133827429705;-1.14271585367057;-3.32799583400716;26.2783341695245;0.171521217487624;-0.312884456704061
24316937925.6419;28.7439204737696;0.0749214136030098;-1.17294340457704;-3.36949782182202;26.2972825681944;0.167246275771553;-0.285128829368544
24316937925.8947;28.7598176011797;0.0750196176073118;-1.20149115948156;-3.41068061779881;26.3162062424336;0.162567535905832;-0.258230782882073
24316937926.1496;28.7748834762829;0.075109651199879;-1.22830718701116;-3.4518969698676;26.3350764808868;0.157378282367359;-0.232235742491115
24316937926.4022;28.7889966037507;0.0751908889927834;-1.25276696119107;-3.49263210939406;26.3534088606484;0.151695134634883;-0.207779365817801
24316937926.6515;28.8022424257201;0.0752639573807333;-1.27476629298932;-3.53311568064471;26.3710185052101;0.14547136562958;-0.185037228273562
24316937926.8988;28.8147950019671;0.0753298878704691;-1.29444963650041;-3.57409620283022;26.3878968684002;0.138598398399871;-0.163942936540082
24316937927.1459;28.8268410238126;0.075389612728271;-1.31202385327725;-3.61671237528839;26.404101222334;0.130913027646929;-0.144354993632196
24316937927.3923;28.8384317092655;0.075443263863826;-1.32752296626589;-3.66205316793124;26.4195347893626;0.12229113179253;-0.126320959750075
24316937927.638;28.8496364428721;0.0754909752659043;-1.3410522956469;-3.7118316520504;26.434150600393;0.112560497390872;-0.109819436282788
24316937927.8828;28.8605018639174;0.0755326842441769;-1.35272525293772;-3.76854226199673;26.4478927013478;0.101525249452601;-0.0948307923392809
24316937928.1264;28.8710696852107;0.0755682068175631;-1.36268312904078;-3.83616416944811;26.4607169500899;0.0889448007899937;-0.0813133343829083
24316937928.3659;28.8812622443641;0.0755969668798777;-1.37100506648028;-3.92049848437808;26.4724613621756;0.0746966121988442;-0.0693344969611638
24316937928.5995;28.8910495329472;0.0756186291799573;-1.37787541417315;-4.03283324041397;26.4830635546526;0.05861521961656;-0.0588422566078251
24316937928.8268;28.9004468708185;0.0756329788088593;-1.38353386684595;-4.19969803871973;26.492542404918;0.0404538133446596;-0.0497022056763963
24316937929.0473;28.9094663521874;0.07563976257021;-1.38821386434668;-4.51192486889371;26.5009366799084;0.0199319697721614;-0.0417690476420562
24316937929.2605;28.9181104792447;0.0756387021175909;-1.39212743609518;-5.30335730884655;26.5082971451288;-0.00325201063675368;-0.0348992162246509
24316937929.4658;28.9263686572681;0.0756295452435651;-1.39545497075253;-4.35059197207889;26.5146828000592;-0.0294001424465287;-0.0289582777034681
24316937929.6622;28.9342186397109;0.075612141341743;-1.39833958735;-4.05256164805;26.520161513794;-0.0587968559996438;-0.0238231346587864
24316937929.8487;28.9416275676769;0.0755865368348263;-1.40088920914404;-3.86232816473269;26.5248038507912;-0.0916670437036697;-0.0193850480625068
24316937930.0242;28.9485630999038;0.0755530237199334;-1.40318531900946;-3.71905031766121;26.5286822291151;-0.128188976191576;-0.0155458119573401
24316937930.189;28.9550439573069;0.0755117831878349;-1.40530130576369;-3.60160951158059;26.5318878386358;-0.168834014388427;-0.0121958848564918
24316937930.3452;28.9611585582534;0.0754622581257869;-1.40731404733395;-3.49885713821172;26.5345172039268;-0.21491567846153;-0.00921284185018082
24316937930.4969;28.9670708159933;0.0754022261818523;-1.40931690786739;-3.40268785960314;26.5366435782974;-0.269448046684589;-0.00646229360403075
24316937930.6526;28.9731078594142;0.0753244752138648;-1.41146621982271;-3.3015847146827;26.5382599563032;-0.341785747830245;-0.00375797268244744
24316937930.8207;28.9795877759168;0.0752163614451222;-1.41394501785946;-3.19163342093701;26.5391572508781;-0.442790938504928;-0.000933877031635239
24316937931.0054;28.9866608561909;0.0750682422786529;-1.4169031832612;-3.09590051085971;26.5393929725369;-0.555768153816042;0.00210512799371912
24316937931.2003;28.9940649786521;0.0748902796103;-1.42031388687409;-3.03945857118121;26.5397916752991;-0.637900327663891;0.00529546833998509
24316937931.4023;29.0016688352869;0.0747010944826666;-1.42417727971752;-3.02832420736785;26.5413690360915;-0.660353361429744;0.0086430782658028
24316937931.6106;29.0094362204485;0.0745199137950807;-1.42853693278855;-3.06069987036686;26.544410584686;-0.61917034642255;0.0121996114705798
24316937931.8258;29.0173683340674;0.0743698744793299;-1.43345804587606;-3.15664189735088;26.548911185509;-0.502183990244584;0.016036280331438
24316937932.0443;29.0253198240844;0.0742764213136393;-1.43891599269098;-3.36877049319885;26.5538607588527;-0.312085199617298;0.0201483572469192
24316937932.2654;29.0332584179508;0.0742365532997817;-1.44494975995824;-3.74406874368516;26.5574494821155;-0.133372834257447;0.0245737436425418
24316937932.4897;29.0411863890492;0.0742185159212486;-1.45158670530282;-4.09457534405758;26.5599138997033;-0.0604279726639661;0.0293631489202752
24316937932.7176;29.0491103790011;0.0742033189394769;-1.45884680292278;-4.17603337653251;26.5622883808043;-0.0509423427827435;0.034566568326841
24316937932.9467;29.0569317942941;0.074188876767298;-1.46665881376937;-4.20031164163886;26.5648101091206;-0.0490516801783769;0.0401551033750054
24316937933.1766;29.0646336484737;0.0741742312430937;-1.47501641549637;-4.19590678638232;26.5675090978869;-0.0505196655857701;0.0461390335681664
24316937933.4081;29.0722289317712;0.0741590251849653;-1.48394735836322;-4.18247468933586;26.5704133204653;-0.0531950203331301;0.0525483904370607
24316937933.6413;29.0797163395964;0.0741432790209526;-1.49346822977845;-4.17062494800536;26.5735399082606;-0.0558846703108043;0.0594014804050852
24316937933.8758;29.0870695454217;0.0741272809770582;-1.50356177857009;-4.16597161710569;26.5768898418048;-0.0578221608871728;0.0666892279013166
24316937934.1104;29.0942519427322;0.0741114624966316;-1.51418580067873;-4.1712904646541;26.5804518373909;-0.0585406708847582;0.0743822022366774
24316937934.3457;29.1012704083918;0.0740962007191169;-1.52535522263703;-4.18799228379879;26.584231023957;-0.0578078798083485;0.0824908948848667
24316937934.582;29.1081304343841;0.074081868096468;-1.53708448272383;-4.21708457709192;26.5882308097336;-0.0555506756863912;0.0910247813978772
24316937934.8192;29.1148249190196;0.0740688213523778;-1.5493657078189;-4.25958071311814;26.5924458604822;-0.0518254734700163;0.0999766909110471
24316937935.0567;29.1213348655457;0.0740573665293275;-1.56216152256291;-4.31675055900687;26.5968600078311;-0.0467995126937593;0.10931773485839
24316937935.2942;29.1276475317411;0.0740477070312037;-1.57543544232184;-4.39069370492603;26.601457210592;-0.0407049443235652;0.119019674176071
24316937935.5322;29.1337771465081;0.0740399282572286;-1.58920452691992;-4.48572655528669;26.6062394015489;-0.03376458888523;0.129093001189944
24316937935.772;29.139750633606;0.0740340427872496;-1.60353743007147;-4.60998421130568;26.6112128307648;-0.0262191064705218;0.13957681125259
24316937936.0181;29.1456723914671;0.0740299854183154;-1.61875090708919;-4.78295705268662;26.6164495289797;-0.0182366043988038;0.150678024016971
24316937936.2732;29.1515812452128;0.074027749157737;-1.63507773828142;-5.05705857090115;26.6219715006491;-0.0100753323651568;0.162528054364398
24316937936.5386;29.1574867694143;0.0740272934696788;-1.65273597920972;-5.76532678530382;26.6277734333382;-0.00205467930621504;0.175232503232737
24316937936.8165;29.1634000042066;0.0740285284896221;-1.67199892928025;-5.35215008213149;26.6338593389049;0.00556266554677473;0.188930578885641
24316937937.1102;29.1693521609085;0.0740313268235986;-1.69329900706981;-5.02107381780374;26.6402579249321;0.0125245927871355;0.203857363052224
24316937937.426;29.1754065416069;0.0740355673791702;-1.71733151309259;-4.87197848001561;26.6470538940525;0.0186638928876594;0.220416682026872
24316937937.7736;29.1816554224049;0.0740411382280169;-1.74521435091553;-4.79509521622555;26.6543792218328;0.0237622580022717;0.239255161500857
24316937938.1785;29.1883805285559;0.0740481035126198;-1.77968502410114;-4.7644453013776;26.6626334555794;0.0276148548604343;0.262007973731447
24316937938.6957;29.196085681238;0.0740567317064949;-1.82691289579365;-4.77777424961356;26.6726139455094;0.0298678681362724;0.292291926425656
24316937939.5426;29.2064591814068;0.0740683245034129;-1.91185838893614;-4.86359547930331;26.6872570676715;0.0298240657875989;0.344548368769156
24316937941.2987;29.2200298714567;0.0740822479918528;-2.11194912426424;-5.10080299714926;26.7100413404425;0.0274044245699282;0.459815222476213
24316937948.1764;29.229737328265;0.0740928600553176;-2.85034262985387;-5.81164825816944;26.7491346283726;0.0292418003920292;0.855133308774032
24316937994.626;29.2314132136868;0.0740947558319849;-4.44273712236341;-7.38919427168577;26.8104367837934;0.0303282073087102;1.6922904501488
24316938376.7382;29.2316394276842;0.0740950286214177;-6.2276714403851;-9.14636337182308;26.8772852544027;0.0324110774887592;2.62942408869861
24316941520.1116;29.2316723561605;0.0740950702696384;-7.97982434579833;-10.8777995289371;26.9466053116519;0.0340822986855346;3.55181808864686
24316963778.5918;29.2316779611969;0.0740950780163296;-9.59891706968873;-12.4583792632833;27.022172323441;0.0373472015673247;4.41185729795821
24317057085.0343;29.2316793679461;0.0740950801998226;-10.8216949498434;-13.6307598198395;27.101061769267;0.0420650525757708;5.07596042782886
24317377368.5644;29.2316798384279;0.0740950810191086;-11.8329917784099;-14.5920990997453;27.1927102376203;0.0473527465067717;5.64284904940481
24318316733.2649;29.2316800327333;0.0740950813962447;-12.6843492844871;-15.3963361047352;27.2988983404241;0.0529856542205242;6.13948365090003
24320826577.4999;29.2316801288982;0.0740950816032541;-13.4166303658176;-16.0836566180131;27.424856506343;0.059036161443615;6.58979058486394
24327418201.7346;29.2316801857304;0.0740950817387645;-14.0643981076383;-16.6870197521637;27.5845291226186;0.0657724364913636;7.02036881872393
24348221252.8786;29.231680229145;0.0740950818547684;-14.6804906649481;-17.2536547598861;27.8342983125471;0.074373151118804;7.49531110203461
24416764729.9947;29.23168027949;0.074095082003253;-15.1340100730642;-17.6642845327946;28.249117797398;0.0833163872501945;7.99924609729884
24542747802.6529;29.2316803536281;0.0740950822341883;-15.23027094875;-17.7368219591938;28.7076325006611;0.0894224094452769;8.35374186143945
24721539522.2459;29.2316805042275;0.074095082712913;-15.0745241262962;-17.5722615386789;29.2032611760617;0.0928311947998124;8.60702593174568
24947095475.4408;29.2316809180308;0.0740950840319471;-14.7364603114357;-17.232998274079;29.7442349591109;0.0948123345829936;8.79944552109516
25197237057.3971;29.2316824192569;0.0740950887793638;-14.2217398041312;-16.7217285358781;30.3466991868377;0.0959671788412377;8.9446193853427
25461408338.7225;29.2316915293036;0.0740951165471826;-13.4623649979133;-15.9783438363224;31.0855030156068;0.0947499656001545;9.05855548437069
25730435212.6909;29.2318701874716;0.0740956351297411;-12.1777727888556;-14.7149777592472;32.1833436115923;0.0934170592581292;9.14977015660245
25995486693.1678;29.2548402404721;0.0741559023338475;-10.0621682370987;-12.6432491900652;33.8004047799081;0.0886831168265845;9.17238264026667
26249015592.8083;29.3302030374974;0.0743010365087778;-9.52687046296582;-12.2422577831572;33.4517061908029;0.0644215179059875;8.67171665863647
26489482572.1637;29.4207597810205;0.0744506795857621;-9.42413465136853;-12.2059988183444;32.8384195557051;0.0542647842053319;8.21057275865555
26718927306.4912;29.5135796184812;0.0746208090546409;-9.39303729166692;-12.1298985490467;32.6034603641211;0.0597588785663233;8.03804374480272
26938661480.2626;29.6110677451981;0.0748804443182278;-9.35294587977466;-11.9275339271737;32.5378382607539;0.0866564011215949;7.9741930377327
27150139737.5827;29.7136882579698;0.0752460189416776;-9.31403154256123;-11.7622896816242;32.5029526157729;0.115788299459796;7.9314872868752
27352880416.1691;29.8197578165371;0.0757057088602134;-9.28135013433308;-11.644475916435;32.4745965322304;0.140740141054714;7.89626590594362
27547145611.5961;29.9284491430634;0.0762579849395926;-9.25220011017805;-11.5462387662005;32.4500937173066;0.164883538608277;7.86539480732913
27732654112.9819;30.0386609203588;0.0768980633899233;-9.22613581106616;-11.4621306110766;32.4283109606437;0.188334346255005;7.83789327206401
27906813835.8178;30.1477691321045;0.0776042482526181;-9.20309028701924;-11.3920293208002;32.4093830560341;0.209764373893371;7.81381118427881
28072805154.3777;30.2569162217501;0.0783762069537435;-9.18207321483878;-11.3324913080685;32.3923413369188;0.229099555709912;7.7920031708567
28229914169.1742;30.3650095749134;0.0791981599002166;-9.16240211594626;-11.2813541486187;32.3770222923833;0.246198198986945;7.77201553579779
28378165205.1022;30.4721597990543;0.0800630100677631;-9.14100465289719;-11.2340568628619;32.362177635681;0.261207430733714;7.75147652245639
28515582646.0615;30.5765921589339;0.0809475566589618;-9.11920676472379;-11.1913211434963;32.3457593091894;0.27396997606558;7.72967793292553
28642974135.5228;30.6765483531631;0.0818267373717676;-9.10533070313987;-11.1610622633111;32.3302963431686;0.284366298691015;7.71246813154586
28761596541.5259;30.7700199848347;0.0826729550750358;-9.103486904583;-11.1466846217933;32.3220611794393;0.292618197489723;7.70609286848977
28874859629.3046;30.8592436104201;0.0834998747258608;-9.10360853044994;-11.1366250846124;32.3221353870702;0.299559771672816;7.70624531848269
28981619727.2834;30.9474562226228;0.0843340429245612;-9.08287828084142;-11.1071553346301;32.3224012284614;0.305651522352265;7.69609552758065
29077217179.6316;31.0406045726147;0.0852289586753648;-9.01127115226519;-11.0286641667037;32.3068052569827;0.310385196142898;7.64990189418366
29149255610.1967;31.1410472984946;0.0862004613072533;-8.85564575231043;-10.8701202611966;32.2598538104837;0.312023918174825;7.54073068074229
29188203689.982;31.2437283823863;0.0871909738320224;-8.57899560659499;-10.5946260795415;32.1886208103609;0.310507357921227;7.35480409988268
29200186070.339;31.313945580876;0.0878654333045329;-8.23209960320317;-10.2495872427536;32.1521308017326;0.308831876620901;7.15696590699165
29202008843.6418;31.3310298604865;0.0880291805862416;-8.02813598836272;-10.0465585598673;32.1833096844236;0.308466590184145;7.07581286348433
29202112595.3626;31.3321152813356;0.088039573656769;-7.9803971491058;-9.99925143407152;32.2082644570635;0.308399054934245;7.0686156813877
29202120800.5232;31.3322074855556;0.0880404556739235;-7.94933628844326;-9.96861005478838;32.2305389351682;0.308314394325132;7.06796663630245
29202121499.6823;31.3322159235778;0.0880405363101741;-7.91833538253091;-9.9380457193743;32.2536482968846;0.308225459802485;7.06790534208767
29202121567.7875;31.3322168112881;0.0880405447843364;-7.8849090272798;-9.90508347839764;32.2786546476332;0.308134959606588;7.06789872322457
29202121577.0176;31.3322169430098;0.0880405460402596;-7.84554884887909;-9.86624308855784;32.3081100834563;0.308047234532109;7.06789771582087
29202121580.3634;31.3322169971154;0.0880405465553768;-7.79125892166552;-9.81259525508526;32.3487392340925;0.307978944073527;7.06789729305588
29202121582.4331;31.3322170364231;0.0880405469289886;-7.72142185455561;-9.74347929102337;32.4010030962348;0.307964756867969;7.0678969788683
29202121583.9302;31.3322170712034;0.0880405472589629;-7.63390316599385;-9.65675650466362;32.4664987741223;0.308022270379529;7.06789669537671
29202121585.0885;31.3322171057487;0.0880405475860509;-7.52545751203264;-9.54918165927987;32.5476547355117;0.308173686155217;7.06789640954806
29202121586.0547;31.3322171453026;0.0880405479597325;-7.38785751655244;-9.4125455083095;32.6506276483177;0.308463329835171;7.06789608133316
29202121586.881;31.3322171957939;0.0880405484355993;-7.21390586120608;-9.23963711299624;32.7808031692194;0.30895009871357;7.06789566615168
29202121587.6088;31.3322172702513;0.0880405491355195;-6.99015807066224;-9.01701721585009;32.9482418068145;0.309722744828627;7.06789507168991
29202121588.2801;31.332217408547;0.0880405504317968;-6.68605803816046;-8.71416871859385;33.1758088193202;0.310964519226262;7.06789404137043
29202121588.8939;31.332217741879;0.0880405535465034;-6.26519304345987;-8.29465297013278;33.4907508654525;0.312942795588117;7.06789182239749
29202121589.441;31.3322189005087;0.0880405643383627;-5.67413424181278;-7.70498260311782;33.9330441862493;0.316063584617003;7.06788530222708
29202121589.9631;31.3322296248317;0.0880406638822009;-4.68735085944051;-6.71970636487957;34.6714103618915;0.321822202523312;7.06784401048688
29202121590.4423;31.3336578060703;0.0880538729404439;-2.52574245784735;-4.5596539263488;36.2854548141205;0.335599343464259;7.0654842719889
29202121590.8872;31.4103033038179;0.0887601362328961;-0.763724121537458;-2.79924413579475;37.1243057292367;0.342088383073328;6.74495966574266
29202121591.3179;31.5636166813384;0.0901672644712941;-0.448623973099904;-2.48587034583696;35.4924508530593;0.325753894754736;5.49703916365577
29202121591.7349;31.782544606662;0.0921680847307927;-0.279818810872311;-2.31891189611544;32.6086005208467;0.298015652683738;3.4857144007988
29202121592.1281;32.0287281925315;0.0944080944115914;-0.203345901415021;-2.24435509941588;28.9397023631417;0.263320615888804;0.996005265217996
29202121592.5103;32.2462689589217;0.096378191659541;-0.24473513094249;-2.28778812081269;25.866369934122;0.234251561522225;-1.03681153830899
29202121592.8788;32.4116033866761;0.0978680740558762;-0.348109872825751;-2.39332118060217;25.7537902129527;0.232075794487211;-1.06035378481741
29202121593.232;32.5540538593041;0.0991450838168302;-0.394318050990179;-2.44178772863802;25.7831567872606;0.231135371319632;-1.01763490426956
29202121593.5773;32.6837871451842;0.100301659306919;-0.425191585802873;-2.47506901924012;25.814098408025;0.230133333283894;-0.981531352111238
29202121593.9102;32.8012137990136;0.10134244524355;-0.452583250060762;-2.50498852024055;25.8354041653369;0.228986558380023;-0.953607450391309
29202121594.2355;32.9102985344616;0.102303341202389;-0.474436329844336;-2.52952394565287;25.8521027369801;0.227723713546487;-0.931531623433901
29202121594.5525;33.010958821335;0.103184268460419;-0.498260422099695;-2.55617853754488;25.8675544092056;0.226379583105097;-0.909303787957101
29202121594.8639;33.1030070983567;0.103984277829658;-0.529331451209211;-2.59025204168996;25.8855708622237;0.224976500244557;-0.881739183188012
29202121595.1674;33.1855691823765;0.104696654534264;-0.565325074568926;-2.62939601220504;25.9072159028545;0.223537200029552;-0.849289089701437
29202121595.4658;33.259653913057;0.105331007737351;-0.605021421254077;-2.67241899056429;25.9319883488463;0.222043594144078;-0.812898387586547
29202121595.7579;33.3256300409867;0.105891402135225;-0.646268004838189;-2.71716104340443;25.9581003472217;0.220485416021105;-0.774837870942074
29202121596.0473;33.3845736132146;0.106387801098563;-0.690962033345692;-2.7655676198629;25.9850377686653;0.218835495086812;-0.734502577915376
29202121596.3327;33.4368044966143;0.10682370682108;-0.737631666366014;-2.81616646722481;26.0135460845613;0.217102466263462;-0.69213030101619
29202121596.6125;33.4829527813955;0.1072052011261;-0.782633576194199;-2.8653010810386;26.0429443287242;0.215289365454979;-0.649997642693963
29202121596.8901;33.5245824394226;0.10754586636272;-0.823985736816538;-2.91106076214435;26.0721971020405;0.21335489206222;-0.609787600198436
29202121597.1632;33.5622501183671;0.107850813730518;-0.860434567012104;-2.95217853809601;26.0997720583745;0.211296714115529;-0.573150754407518
29202121597.4362;33.5971675596995;0.108130240701825;-0.893015164240956;-2.9897892528837;26.1252459641369;0.209067390846617;-0.539852561183323
29202121597.7074;33.6295430433198;0.108386122351489;-0.923070654562029;-3.0252477771866;26.1480994074431;0.206663130979208;-0.509568481298664
29202121597.9732;33.6592242957067;0.108617630230776;-0.952185709937307;-3.06010215512562;26.1683117520169;0.204107639370557;-0.481519814636537
29202121598.2365;33.6866615251788;0.108828615159768;-0.98207590018296;-3.09616472167457;26.1868994959565;0.201370227132868;-0.454169756704565
29202121598.499;33.7121132166714;0.10902133414816;-1.01345809594731;-3.13425023900925;26.2048786607826;0.198422085537368;-0.426481148580134
29202121598.7599;33.735580681039;0.109196074587615;-1.04599286488066;-3.17406560841235;26.2228591729408;0.195257308751818;-0.398216179405018
29202121599.018;33.7570990846534;0.109353413906726;-1.07887288938554;-3.21484567215367;26.2410929872721;0.191870910934916;-0.36961014056859
29202121599.2753;33.7770023840287;0.109496063651177;-1.11161352725316;-3.25626760476616;26.2597840387178;0.188207563570816;-0.340769301408249
29202121599.5302;33.7953251100683;0.10962453913784;-1.14329846062323;-3.29746827726418;26.2786765949241;0.184261105967766;-0.312322632182863
29202121599.7831;33.8122873224079;0.109740632851765;-1.17347145909846;-3.33814524984819;26.2976137237279;0.179987585548374;-0.284603211164794
29202121600.0351;33.8281185604042;0.10984610314738;-1.20187719527017;-3.37826190984713;26.3164661376801;0.175324599612711;-0.25782524988089
29202121600.2888;33.8431087287601;0.109942959612559;-1.22852745568694;-3.41820535093945;26.3352395689418;0.170160744944433;-0.231979361454975
29202121600.5413;33.8572121268969;0.110030983857228;-1.25294181545095;-3.45766327449902;26.3535556354311;0.164481765787341;-0.207558429100242
29202121600.7908;33.8704593199133;0.110110482184939;-1.27491396218491;-3.49667983322759;26.3711617144229;0.158257168406729;-0.184834294224372
29202121601.0376;33.8829886502571;0.110182367546058;-1.29453046278838;-3.53581786385726;26.3880005412867;0.151397632279284;-0.163802016765206
29202121601.2846;33.8950286186265;0.110247900961594;-1.31206779752667;-3.57623033995741;26.4041877998099;0.14371770405872;-0.144246403790392
29202121601.5309;33.9066121012311;0.110307136218611;-1.32753062969975;-3.61878950333778;26.4196018011175;0.135103746982157;-0.126246338919316
29202121601.777;33.9178368625303;0.110360366872985;-1.34105808892548;-3.66507339812334;26.4342330863473;0.125357812744621;-0.109738594339374
29202121602.0215;33.9286872512943;0.110407275775538;-1.35268983785541;-3.71687986424424;26.4479444629185;0.114340976764512;-0.0947945733187994
29202121602.265;33.939255936349;0.110447921551883;-1.36262722978892;-3.77763276286201;26.4607592260589;0.101764608923037;-0.0812977222398852
29202121602.5044;33.9494452724931;0.110481611559532;-1.37092791843887;-3.85157269862115;26.4724899555885;0.0875286060320273;-0.0693431913224026
29202121602.738;33.959232571868;0.110508020184015;-1.37778274271077;-3.94669983429645;26.4830836020726;0.0714580992380431;-0.0588695557138351
29202121602.9652;33.9686301332017;0.11052693063948;-1.38342876416491;-4.07974194390785;26.492556172699;0.05331024569661;-0.0497457156932911
29202121603.1857;33.9776505919204;0.110538096775973;-1.38809917900023;-4.29542487003792;26.5009468940948;0.0328046720739932;-0.0418262850217608
29202121603.3989;33.9862956068128;0.110541241741498;-1.39200512972176;-4.83115498638264;26.5083057759687;0.00964344293560026;-0.0349687488858364
29202121603.6041;33.9945548373195;0.110536109837702;-1.39532698320702;-4.60198806377278;26.5146926126169;-0.0164750035216755;-0.0290382665927562
29202121603.8005;34.0024065945692;0.110522539722265;-1.398207671061;-4.16059099316295;26.5201757545453;-0.0458345609716502;-0.0239116253823374
29202121603.987;34.0098166091799;0.110500567017496;-1.4007544407941;-3.92868998463855;26.5248252482614;-0.0786533070236195;-0.0194808818584231
29202121604.1625;34.0167532695052;0.110470469579153;-1.40304859848221;-3.76566949351865;26.5287139122878;-0.115105294743567;-0.0156477695427035
29202121604.3272;34.0232354336631;0.110432439620942;-1.40516347685029;-3.63675765380032;26.5319335471668;-0.155659174852263;-0.0123026015377967
29202121604.4834;34.0293509401274;0.110385974629871;-1.40717548680335;-3.52648205834876;26.5345810284505;-0.201607025967526;-0.00932358594195058
29202121604.6351;34.0352639026481;0.110328946331679;-1.40917778110414;-3.42489249554206;26.5367314704347;-0.255936788038381;-0.00657657345637445
29202121604.7907;34.0413000812263;0.110254378584123;-1.41132622680352;-3.3195372818512;26.5383848526787;-0.32784112606964;-0.0038757959943875
29202121604.9588;34.0477817927262;0.110149699462523;-1.41380501712681;-3.20563464420317;26.5393350057485;-0.428608134793691;-0.00105394547991591
29202121605.1434;34.0548536573965;0.110005268468179;-1.41676252530139;-3.10663606538646;26.5396173996013;-0.542027245890265;0.00198202790822245
29202121605.3383;34.06226000726;0.109830769189107;-1.42017475570786;-3.04798534219314;26.5400285214229;-0.625303412466154;0.0051711435522167
29202121605.5402;34.0698655426277;0.109644822927069;-1.42404038677384;-3.03578272460378;26.5415856309786;-0.648910089558506;0.00851791980147976
29202121605.7486;34.0776339107282;0.109466641169299;-1.42840245835724;-3.06786901563322;26.5445813562972;-0.608848615841975;0.012073744119938
29202121605.9637;34.085567161479;0.109319321317572;-1.43332650011214;-3.16451640852915;26.5490133551072;-0.493013120831214;0.015910168103448
29202121606.1822;34.0935212614312;0.10922843541159;-1.43878863373185;-3.38088313704405;26.5538907957667;-0.303412634593435;0.0200232433603298
29202121606.4033;34.1014617040723;0.109191553094923;-1.44482615715828;-3.77785267774569;26.5574270697082;-0.123355772382535;0.0244498421796263
29202121606.6276;34.1093912036888;0.10917699945096;-1.4514660421956;-4.18774007841408;26.5598670035835;-0.0487474452059748;0.0292404682965435
29202121606.8554;34.1173158931133;0.109165372867394;-1.45872850574098;-4.29225863914196;26.5622379425053;-0.0389703700162577;0.0344451749745006
29202121607.0845;34.1251397618193;0.109154461430203;-1.46654430365827;-4.32208390041707;26.5647598255629;-0.0370481304352876;0.0400362414579482
29202121607.3145;34.1328439589749;0.109143284733774;-1.47490593354494;-4.31331986649295;26.5674607077043;-0.0385421656830244;0.0460230392747541
29202121607.5459;34.1404409831529;0.109131483483519;-1.48384066967355;-4.29255615821956;26.5703674043504;-0.0412745237822569;0.0524352097169273
29202121607.7792;34.1479298009369;0.109119072284664;-1.4933651455298;-4.27396467506909;26.5734964807836;-0.0440401887998658;0.0592910530974364
29202121608.0136;34.1552844388097;0.109106324558922;-1.50346307404723;-4.2645916564997;26.5768488620841;-0.0460654061068941;0.0665821581308007
29202121608.2483;34.162468497392;0.10909365471285;-1.51409242068387;-4.26769094720848;26.5804131008859;-0.0468773658589527;0.074279194450289
29202121608.4836;34.169488733087;0.109081443944275;-1.52526683180953;-4.28487552471162;26.584193789307;-0.0462396780120096;0.0823917085203848
29202121608.7198;34.1763502899058;0.109070069260907;-1.53700160350493;-4.31748495121595;26.5881945966743;-0.0440763376110163;0.0909297863570174
29202121608.957;34.1830461784668;0.109059886222412;-1.54928860946234;-4.36721944107756;26.5924101363034;-0.0404414639834147;0.0998860665549618
29202121609.1946;34.1895573956455;0.109051195278601;-1.56209071101723;-4.43668595017068;26.5968243996126;-0.0355005062911934;0.109231828063149
29202121609.4321;34.1958711970424;0.109044197097593;-1.57537130197612;-4.53067704750199;26.6014214070097;-0.0294848618735918;0.118938740544944
29202121609.6701;34.2020020100478;0.109038985359968;-1.58914747675708;-4.65968300293841;26.6062032094242;-0.022617644705699;0.129017327385371
29202121609.9099;34.2079768419437;0.109035586064709;-1.60348803673487;-4.84842483894329;26.6111762676793;-0.0151400486068059;0.139506830861475
29202121610.1561;34.2138990027459;0.109033978985412;-1.61870789581304;-5.18515078469028;26.6164120843964;-0.00722281718925374;0.150612851366092
29202121610.4111;34.2198078433672;0.109034173295717;-1.63503972360768;-6.11804616449638;26.6219328263287;0.000875453619019633;0.162466786053933
29202121610.6765;34.225712815818;0.109036132722661;-1.65270165933013;-5.13179045945757;26.6277334097869;0.00883579029846684;0.175174344849487
29202121610.9542;34.2316245625014;0.109039771968639;-1.67196511550275;-4.88266952125907;26.6338174822269;0.016395664145817;0.188873480842162
29202121611.2479;34.2375753285532;0.109044977707746;-1.69326510804581;-4.75135558573393;26.640214808836;0.0233049000506663;0.203801218203461
29202121611.5635;34.24362630056;0.109051652596698;-1.71728745937218;-4.6746685582581;26.6470076572746;0.0293945859981324;0.220354976648956
29202121611.9108;34.2498727999547;0.109059726071471;-1.74516056033342;-4.63373676999444;26.654331523526;0.0344501871432516;0.239188927617556
29202121612.3151;34.2565890773767;0.109069364186842;-1.77957995311084;-4.6227164592379;26.6625768372536;0.038261819086451;0.261911117878736
29202121612.831;34.2642771867993;0.109081031760643;-1.82667181836223;-4.64551081765146;26.6725372157012;0.0404785857367076;0.292114184015099
29202121613.6736;34.2746167524937;0.109096685686277;-1.91116332699448;-4.73104235760106;26.6871300891748;0.0404038585522918;0.344110013300587
29202121615.4142;34.2881493338043;0.109115911357511;-2.10930229926625;-4.95680143305055;26.7098047847158;0.0379464873501964;0.458327096314691
29202121622.183;34.2979547763757;0.109130475056505;-2.83904783296726;-5.66724333917344;26.7486682683591;0.0397289107865812;0.849168063577845
29202121667.8716;34.2996588813138;0.109133073686277;-4.42831077736261;-7.24506270252808;26.8098960929062;0.0408830422431388;1.68471009690903
29202122043.8008;34.299888574783;0.109133441007502;-6.21395743892309;-9.0100600624896;26.8767410379338;0.0429807493808133;2.62219808648914
29202125133.3038;34.2999220107164;0.109133496457819;-7.96567516866135;-10.7459845836606;26.9459974653495;0.0446873755414253;3.54433242994955
29202147114.2878;34.2999276833146;0.10913350652991;-9.588265101764;-12.338927513131;27.0215728635983;0.0479786709351676;4.40612669896825
29202239518.6198;34.2999291030561;0.109133509292246;-10.8134830793441;-13.5244158458761;27.1004064621332;0.0527282111909191;5.07141379471618
29202557400.4903;34.2999295768234;0.109133510303852;-11.8267006294781;-14.4972543892918;27.1920099624827;0.0580614063329223;5.63923412432699
29203490273.0194;34.2999297721639;0.109133510759981;-12.6790300837214;-15.3107345240083;27.2980834892545;0.0637422981546094;6.13627962698785
29205980626.3218;34.2999298687254;0.1091335110059;-13.4114566642709;-16.0054688197385;27.4237548066587;0.0698416935546682;6.58646923491156
29212521382.8692;34.299929925734;0.109133511164296;-14.0596876439924;-16.6158839335514;27.5830375491506;0.0766382891423941;7.01702035377344
29233103611.0004;34.2999299691576;0.109133511297406;-14.6757672743216;-17.1892802369593;27.8315336275883;0.0853147604526733;7.49110776056792
29301075710.6716;34.2999300193381;0.109133511465158;-15.1317956186498;-17.6076629106045;28.245055770983;0.0944224238393667;7.99543276728978
29426720362.0319;34.2999300931811;0.109133511724214;-15.2308343571819;-17.6857504683916;28.7037010370899;0.100698218379288;8.3514062880262
29604748249.4506;34.2999302422824;0.109133512256731;-15.0770067503018;-17.5241546043483;29.1982072445083;0.104281755306881;8.60490086726514
29829998939.0606;34.2999306513244;0.109133513720792;-14.7408982024147;-17.1871069477365;29.7385414370994;0.106441483524483;8.79787122023866
30079941545.6926;34.2999321307408;0.109133518976839;-14.2277498645742;-16.6771810895466;30.3403520327124;0.107792709985694;8.94339469277323
30343990906.6895;34.2999410463354;0.109133549629363;-13.4715348084811;-15.9352188698387;31.0771470822338;0.106845708162451;9.0575682070272
30613072043.8414;34.3001119610156;0.109134112582366;-12.1971038875891;-14.6794111143977;32.1677159628461;0.105952936692686;9.1490047752814
30878083376.6656;34.3221748202914;0.109200617707032;-10.0796026513836;-12.6004093344138;33.7899478923121;0.101854644900345;9.1741225836712
31131337312.0685;34.397365827896;0.109375133309761;-9.52739029806944;-12.1617219412097;33.461655114259;0.0776632884251116;8.67862735795018
31370532152.3203;34.4872984743361;0.109559624145022;-9.42483443356597;-12.1127770100284;32.8470187801539;0.0673834716365991;8.21666910627786
31600901654.4078;34.5802933108398;0.109764401744806;-9.39396614842235;-12.0511425353514;32.6048398207179;0.0717968985253279;8.03943077493458
31820596028.4335;34.6776172047198;0.110059526285069;-9.35359945905898;-11.8718136120142;32.5383951380622;0.0986692838024776;7.97489939091571
32032410488.8964;34.7802831819367;0.110463114455026;-9.31452906054056;-11.720017178202;32.5034011621863;0.127773470316317;7.93205030202203
32235843851.6968;34.8866252253845;0.110962899240022;-9.28171717676805;-11.6096391474275;32.4748813689576;0.152624973872354;7.89666010647456
32429973360.4112;34.9951478908716;0.111553615897975;-9.25257110329486;-11.5167123375237;32.4503594460439;0.176635616120468;7.86578361285116
32615974130.1149;35.1055812994373;0.112234901865279;-9.22641426438409;-11.4361852976988;32.4284923299349;0.200057908672271;7.83818497562349
32790350709.045;35.2147656788352;0.112980879246545;-9.20332764312719;-11.3687624935917;32.4095193229106;0.221430652314047;7.81405709958253
32956588818.1721;35.3240248862394;0.113792805806028;-9.18227254466484;-11.3112138422242;32.3924370731707;0.240714541236129;7.79220737334965
33113725523.5957;35.4320842891;0.114653014935171;-9.1626150800668;-11.2616735960727;32.3771050523198;0.257738619721354;7.77222157573989
33261990129.4255;35.5391813643074;0.115555377500569;-9.14125987679668;-11.2156564170608;32.3622787810289;0.272673262518605;7.75171912690005
33399456925.6039;35.643598456805;0.116476592010291;-9.119426214976;-11.1738370412904;32.3458815202267;0.285369901358294;7.72991936354759
33526954075.7305;35.7436232907009;0.117391473507951;-9.1053926384838;-11.1441356327158;32.3303552017135;0.295711001305792;7.71259059870599
33645641600.6625;35.8371550812849;0.118270899830341;-9.10344582469973;-11.1302056128256;32.3219973258907;0.303905389420694;7.706083416754
33758917137.499;35.9263630056731;0.119128654925205;-9.10373269436502;-11.1207728227257;32.3220120235994;0.31078371881885;7.70627992998556
33865938870.5629;36.0146673402344;0.119994221247019;-9.08348995732402;-11.0921716292783;32.3224120232929;0.316826930706889;7.69646461223327
33961683359.1788;36.1076352724748;0.120919417896451;-9.01278061222398;-11.0148797325485;32.3071981137533;0.321514211697079;7.65097594260111
34034129879.0162;36.2080420412014;0.12192509509245;-8.85825453689774;-10.8575589253138;32.2606868925899;0.323124003955238;7.5426487972386
34073481854.1433;36.3109182367299;0.122952792911866;-8.58265163984632;-10.5831011000135;32.1895066107117;0.321562102699901;7.35728057544572
34085645989.491;36.3816354582502;0.123656276557395;-8.23555605488927;-10.2378272383172;32.1524107729369;0.319847056442611;7.15893726909155
34087509090.5188;36.399036977622;0.123829020205665;-8.02964923611186;-10.0328343179597;32.1833576713976;0.319481908387572;7.07665748189584
34087615755.676;36.4001503497271;0.123840061909861;-7.98138224155684;-9.98498646931958;32.2084447270012;0.319422516214371;7.06928458576561
34087624158.83;36.4002445802758;0.123840995554916;-7.95025060189655;-9.95426052066376;32.2307512668068;0.319345286082282;7.06862155297719
34087624873.4918;36.4002531876724;0.123841080754973;-7.91922875428268;-9.92366068584963;32.2538745157581;0.319264007264138;7.06855904579991
34087624943.0207;36.4002540921006;0.123841089698186;-7.88579139857614;-9.89067190996822;32.2788889461336;0.319181760853905;7.06855230388688
34087624952.3811;36.4002542253989;0.12384109101475;-7.84646825660143;-9.85185067424597;32.30831667759;0.319103754055311;7.06855128463854
34087624955.7469;36.4002542797079;0.123841091550385;-7.79222193942589;-9.79822462108731;32.3489132149345;0.319048724810194;7.06855086036978
34087624957.8211;36.4002543190011;0.123841091937303;-7.72252197655579;-9.72922034993249;32.4010744789975;0.319051682411119;7.06855054631401
34087624959.3246;36.4002543538524;0.123841092279874;-7.63489065343584;-9.64235922650096;32.4666544297474;0.319130979660666;7.0685502623427
34087624960.4864;36.4002543884347;0.123841092619142;-7.52629876830518;-9.53460987905024;32.5479197723033;0.319309710537325;7.06854997629077
34087624961.4522;36.4002544278725;0.123841093005218;-7.3889421312622;-9.39818279833368;32.6507104682723;0.319633263292391;7.0685496489682
34087624962.2792;36.400254478271;0.123841093497449;-7.2150858228435;-9.22533394159856;32.7808144700283;0.320163354091411;7.06854923453533
34087624963.007;36.4002545524647;0.12384109422027;-6.99168282535653;-9.0030191744536;32.94799482262;0.320990840512915;7.06854864198374
34087624963.6802;36.4002546908382;0.123841095564599;-6.68705323918108;-8.69960081024427;33.1759576880687;0.322311571311062;7.06854761175779
34087624964.2936;36.4002550226943;0.123841098779006;-6.26684767798578;-8.28069661805274;33.4904055887263;0.324392994746817;7.06854540102764
34087624964.8396;36.4002561681736;0.123841109840187;-5.67817011560361;-7.69335587013367;33.9309159879591;0.32764974126691;7.06853893875719
34087624965.3589;36.4002664877609;0.123841209158843;-4.70175478532853;-6.71838627866284;34.661523370276;0.333592403691187;7.06849881959161
34087624965.8475;36.4018070747323;0.123855984034953;-2.50125856699015;-4.51942093980011;36.3044762792287;0.348175175589913;7.06601165269379
34087624966.2923;36.4792527676519;0.124596068592735;-0.759161358645539;-2.77887728592943;37.1183002142297;0.354708954934163;6.73872691660117
34087624966.7231;36.6332458781517;0.126062013399349;-0.446810415424522;-2.46819408752945;35.4734706421479;0.337691406398907;5.48350783549707
34087624967.1372;36.8506787126754;0.128123455825659;-0.2797527755668;-2.30290669309487;32.6041283077296;0.309114000715021;3.48274435151271
34087624967.5303;37.0967760996078;0.13044675210603;-0.203417929079385;-2.22842033434615;28.9357860450065;0.273169922386958;0.993467594393429
34087624967.9135;37.3145159043068;0.132493000418881;-0.245480836979576;-2.27246033168419;25.8631174052323;0.243053218628042;-1.03857523334887
34087624968.2836;37.4804116779729;0.134044546283086;-0.348418875901835;-2.37748958005378;25.7541471836352;0.240866537259238;-1.05992459659831
34087624968.6374;37.6229727615625;0.135371165731895;-0.394876009640944;-2.42613063741444;25.7835617320397;0.239932059942404;-1.01704942065779
34087624968.9832;37.7527403365961;0.136572282233104;-0.425623368591705;-2.45920442419516;25.8143321294512;0.238935036586424;-0.981123610981985
34087624969.3168;37.8702901288991;0.13765420669581;-0.452953327619687;-2.48897825327222;25.8356838962823;0.237790793760492;-0.95320010732121
34087624969.6423;37.9793803546637;0.138652298000678;-0.474842142739511;-2.51345771114029;25.8523432961911;0.236528972907924;-0.931132894931078
34087624969.9601;38.0801383946967;0.139568365432911;-0.498809727396884;-2.54016199481276;25.8678245125284;0.235183927465192;-0.90881391227775
34087624970.272;38.1721693805906;0.140399519655967;-0.530029702013141;-2.57428216064913;25.8859517397302;0.233782327738179;-0.881101165929188
34087624970.5754;38.2545664540302;0.141138481299883;-0.566117497361071;-2.61340738739971;25.9076533117927;0.232347597822468;-0.848566554724239
34087624970.874;38.3285674822763;0.141797257749816;-0.605889784296707;-2.65638947306965;25.9325019265776;0.230857894301771;-0.812087352532848
34087624971.1655;38.3942620801326;0.142377580574055;-0.647086302948664;-2.70094630962386;25.9585631411632;0.229308758510472;-0.774086144591705
34087624971.4542;38.4529749303619;0.142891985326323;-0.69173672949268;-2.7491649211983;25.9854636234836;0.227668149742142;-0.733797699522389
34087624971.7396;38.5050948297741;0.143344667960546;-0.738392942088464;-2.79960267652858;26.0139853758632;0.225942098112222;-0.691423557851537
34087624972.0193;38.551160288182;0.143741118501122;-0.783342675247626;-2.84852905816556;26.0433852210596;0.224135708319733;-0.649316341237953
34087624972.2967;38.5927096068635;0.144095229655375;-0.824603787560008;-2.89402808730849;26.0726084333468;0.222208251776207;-0.609172021186008
34087624972.5701;38.6303647892782;0.144412848384216;-0.861015142120562;-2.93493379463167;26.1001802805925;0.220153125058735;-0.572556484796518
34087624972.8431;38.6652391719464;0.144703754519743;-0.893532837413517;-2.97228648497667;26.1256119537377;0.217927895212945;-0.539318481481083
34087624973.1143;38.6975824831091;0.144970341637056;-0.923557416085236;-3.00750273652265;26.1484248974843;0.215526270041551;-0.509077480343249
34087624973.38;38.727215558854;0.145211511632474;-0.952648113182323;-3.04210156917081;26.168591820022;0.212974151710094;-0.481071929141746
34087624973.6432;38.7546192141151;0.145431516554968;-0.982538436438727;-3.07791453384016;26.1871558478814;0.210238493287282;-0.453738284745128
34087624973.9054;38.7800092530226;0.145632364684607;-1.01387986248803;-3.1156754370734;26.2050999063391;0.207295676952335;-0.426094178410454
34087624974.1661;38.8034417080153;0.145814774836375;-1.04639351318497;-3.15516230003905;26.223068028271;0.204133703462104;-0.397848769336073
34087624974.4242;38.8249456313533;0.145979281129217;-1.07926794957051;-3.19560313705032;26.2413054393959;0.200747547753531;-0.369243906499583
34087624974.6814;38.844814666203;0.14612840388411;-1.111956089962;-3.23658894323181;26.2599777899549;0.197088598468984;-0.340442636584157
34087624974.9362;38.8631260960783;0.146262987734725;-1.14361829254032;-3.27734760083732;26.2788706194827;0.193142295378556;-0.312008059800583
34087624975.1892;38.8800804142569;0.14638475193393;-1.17376532614461;-3.31752603844292;26.2978072000749;0.188868192801274;-0.284302972331955
34087624975.4409;38.8958840907773;0.146495374514375;-1.20210109294328;-3.35701543978094;26.3166294954494;0.184211152363151;-0.257581158587556
34087624975.6941;38.9108410163379;0.146597068534047;-1.22866807880928;-3.39621499693643;26.3353597117245;0.179057425788889;-0.231806913079871
34087624975.9465;38.9249340049496;0.146689786957577;-1.25303934480086;-3.43487640697477;26.3536579793938;0.173381934053912;-0.207420696084936
34087624976.1959;38.9381775863369;0.146773733621529;-1.27497925361426;-3.47298125650321;26.3712525714815;0.167158611622107;-0.184721760570037
34087624976.4427;38.9507004435931;0.146849807435656;-1.29456023029676;-3.51102846942794;26.3880750243628;0.160302195696915;-0.163719722220151
34087624976.6896;38.9627377816585;0.14691938662891;-1.31206877264371;-3.55011984143662;26.4042496322446;0.152623975325821;-0.144188681283123
34087624976.9359;38.9743223899056;0.146982532680845;-1.32750861153023;-3.59104376105153;26.4196545926583;0.144009779653157;-0.126208089619407
34087624977.1822;38.9855567094281;0.147039589818522;-1.34102479656969;-3.63526158724273;26.4342881178873;0.134255111180894;-0.109706698502443
34087624977.4266;38.9964041438951;0.14709013613179;-1.35263183490327;-3.68426938535256;26.4479849326465;0.123240950270973;-0.0947872142847677
34087624977.6701;39.0069728918367;0.147134337225514;-1.36254982412802;-3.74114034870292;26.4607887208702;0.110665502547796;-0.0813101988338596
34087624977.9094;39.0171623242119;0.147171454323494;-1.37083383417197;-3.80940981219494;26.472509153028;0.0964315459211867;-0.0693740514884226
34087624978.143;39.0269502899852;0.147201156181837;-1.37767514903837;-3.89558396858952;26.4830941531143;0.0803636965279941;-0.0589165156264196
34087624978.3702;39.0363489949275;0.147223229914535;-1.38331029120866;-4.01250252787357;26.4925594355726;0.062220239815222;-0.0498070098822217
34087624978.5906;39.0453708393611;0.14723743318486;-1.38797234574515;-4.19087932701954;26.5009446552513;0.0417209677668265;-0.0418999826190623
34087624978.8037;39.054017113019;0.147243490201509;-1.39187195438445;-4.54644216402599;26.5082996095944;0.0185699896168889;-0.0350533805638682
34087624979.0089;39.0622775800777;0.147241143234533;-1.39518931303669;-4.94168693806119;26.5146845251911;-0.00753336203685738;-0.0291322358936237
34087624979.2053;39.0701303546425;0.14723022545425;-1.39806704999029;-4.25495582999761;26.5201679644629;-0.036871218512744;-0.0240134237245014
34087624979.3917;39.0775409804401;0.147210764294034;-1.40061198475055;-3.98129814065754;26.5248198734267;-0.0696572439852503;-0.0195893580917561
34087624979.5672;39.0844781190083;0.147183028991494;-1.40290534348256;-3.80105280545462;26.5287135713965;-0.106064177565814;-0.0157615560490588
34087624979.7319;39.0909610701627;0.147147218375571;-1.40502025254727;-3.66278121128066;26.5319410832954;-0.146557505863625;-0.0124204474398905
34087624979.8881;39.0970778371739;0.147102861867951;-1.40703293431481;-3.54659752783767;26.5345996983584;-0.19241899708529;-0.00944446796808029
34087624980.0397;39.1029924257495;0.147047893451005;-1.40903652475938;-3.44084783508919;26.5367657439011;-0.246624762677868;-0.00669955295757496
34087624980.1954;39.1090314280784;0.146975467029451;-1.41118697629544;-3.33225514527644;26.5384437171293;-0.318278484988554;-0.00399997295854505
34087624980.3635;39.1155169397294;0.146873093350215;-1.41366873923284;-3.21542467130105;26.5394290168446;-0.418924387077142;-0.00117837197690239
34087624980.5482;39.1225922804521;0.146731086212817;-1.41662985922611;-3.11406704503655;26.5397431227176;-0.532671583718117;0.00185763261463478
34087624980.7431;39.1300021153925;0.146558915746848;-1.42004694684174;-3.05389682583272;26.5401643662352;-0.6166712892539;0.00504765978309669
34087624980.945;39.1376113703292;0.146375151492837;-1.42391828701379;-3.04099938583932;26.5417102850226;-0.640984909985102;0.00839601678082143
34087624981.1534;39.1453823797891;0.14619903725231;-1.42828662639979;-3.07296958977502;26.5446780137543;-0.601581536164404;0.011954013312379
34087624981.3686;39.1533177619156;0.146053655798464;-1.4332175361702;-3.17027637353336;26.5490660642041;-0.486396465997738;0.015793305828951
34087624981.587;39.1612746919492;0.145964639466456;-1.43868721919598;-3.38996306360964;26.5538938598185;-0.29706560469443;0.0199101649346793
34087624981.8082;39.1692174021396;0.145929884530429;-1.44473211883964;-3.80368434191159;26.5573919303879;-0.116207243556062;0.0243410076393183
34087624982.0325;39.1771487640869;0.14591775499214;-1.45137883124423;-4.26688233085097;26.559815177549;-0.0406182818619356;0.0291361507662351
34087624982.2603;39.1850747969352;0.145908603548896;-1.45864761866633;-4.39621389588141;26.5621856842567;-0.0306688528042745;0.0343455744306684
34087624982.4894;39.1929003903752;0.145900139483321;-1.4664702725572;-4.4324085345962;26.5647099966143;-0.0287320634677418;0.0399420787526513
34087624982.7194;39.2006060370836;0.145891367033427;-1.4748386372658;-4.41852683437408;26.5674146786629;-0.0302455229135282;0.0459344895022512
34087624982.9508;39.208204126749;0.145881925773287;-1.48377976386893;-4.38945421412343;26.5703257182995;-0.0330158458438157;0.0523522257375049
34087624983.1841;39.2156936468458;0.145871827100572;-1.49331021161353;-4.36349990459026;26.5734592090862;-0.0358309563203753;0.0592134820839197
34087624983.4185;39.2230494689089;0.145861333751783;-1.50341435248412;-4.34913145894104;26.5768159930921;-0.0379127985354291;0.0665102763721927
34087624983.6532;39.2302348106623;0.145850849212185;-1.51405015340428;-4.3499482182909;26.5803844315813;-0.0387849461645525;0.0742132405154526
34087624983.8885;39.2372552930486;0.145840758901236;-1.52523044785902;-4.36769285198887;26.5841687457499;-0.0382085609259097;0.0823313061969183
34087624984.1248;39.2441174432228;0.145831440317079;-1.53697106096586;-4.40408134738869;26.5881727465667;-0.0361059025248246;0.0908749252751915
34087624984.3619;39.2508137174207;0.145823248956676;-1.54926359781685;-4.46174079214058;26.5923909631272;-0.0325297100942757;0.0998365270928941
34087624984.5995;39.2573254352885;0.145816480795949;-1.56207126470952;-4.54529617680359;26.5968075444601;-0.0276442364284268;0.109187629268283
34087624984.837;39.2636397453984;0.145811334572356;-1.57535723790624;-4.66419449371972;26.6014064970961;-0.0216804026601004;0.118899733987909
34087624985.0751;39.2697708794101;0.145807909900679;-1.58913865672123;-4.84206052346618;26.6061899620253;-0.0148614375472679;0.128983401738046
34087624985.3149;39.2757458625569;0.145806241874656;-1.60348395203697;-5.15761781479434;26.6111643972556;-0.00742899412988019;0.139477640266821
34087624985.561;39.2816677595546;0.14580634081208;-1.61870704964958;-6.39580729918506;26.6164010817273;0.000444681521288099;0.150587373555409
34087624985.816;39.2875760471201;0.145808227537755;-1.63504139180444;-5.13079425716165;26.6219226133069;0.00850132366928077;0.162444623729301
34087624986.0813;39.2934803008784;0.145811868822859;-1.65270458140244;-4.86261491168462;26.6277238646692;0.0164219117634075;0.175154743942196
34087624986.3591;39.2993908104284;0.145817182398024;-1.67196653397566;-4.71820462892051;26.6338081781364;0.0239439155786967;0.188854687303186
34087624986.6526;39.3053390383679;0.145824063182698;-1.69325852363562;-4.63000815888415;26.6402044469916;0.0308168268495745;0.203778979894792
34087624986.968;39.3113865730874;0.145832431542073;-1.7172664172007;-4.57620446510759;26.6469953945363;0.0368731465064465;0.220325340657344
34087624987.3152;39.3176312779134;0.145842248316708;-1.74512793484772;-4.54867102889924;26.654319497306;0.0419010113128263;0.239154563739034
34087624987.7191;39.3243414216265;0.145853746089496;-1.77950527157943;-4.54562337114545;26.66255980534;0.045686063918066;0.261853052236125
34087624988.2339;39.3320177987902;0.145867525861502;-1.82649275278885;-4.57240702558592;26.6725072505808;0.0478794958756185;0.291995661849038
34087624989.0736;39.3423336058069;0.145885997197301;-1.91064596706021;-4.65765087239778;26.687065527811;0.0477854760231694;0.343799187818961
34087624990.8041;39.3558440541922;0.145908912709986;-2.10748825399971;-4.8780284385563;26.7096732722341;0.04530314903139;0.457322712213862
34087624997.5065;39.365713758122;0.145926273535522;-2.83192400688218;-5.58665775908564;26.7484027498388;0.0470504846754806;0.84541952429934
34087625042.6737;39.3674373277705;0.145929375527593;-4.41839493702749;-7.16318309121854;26.8095489025291;0.0482504482600014;1.6795112260308
34087625414.4076;39.3676694569038;0.145929810477629;-6.20450251600285;-8.93179279504796;26.8763906666804;0.0503594138057177;2.6172279239947
34087628467.1258;39.3677032502993;0.145929875807785;-7.95585488630691;-10.6695730196542;26.9456021143351;0.0520918473513912;3.53914985373734
34087650263.3176;39.3677089696438;0.145929887534538;-9.58103435858725;-12.2692028573173;27.0211947094806;0.0554033529038228;4.40225098331362
34087741966.2526;39.3677103989681;0.145929890708247;-10.8072524736465;-13.4608161008854;27.0999431502267;0.0601734278901358;5.06798211243288
34088057997.1192;39.3677108752897;0.145929891856323;-11.8218292316157;-14.4397588476394;27.1915058764633;0.0655395784431884;5.63645578563441
34088985771.2149;39.3677110714514;0.145929892368369;-12.674827885596;-15.258133844233;27.2974833958087;0.0712552145131255;6.13377278584972
34091460919.7839;39.3677111683346;0.145929892641783;-13.4073528781876;-15.9567804500918;27.4229317666491;0.07739026096898;6.5838637538918
34097965175.347;39.3677112254915;0.145929892816336;-14.0561286762142;-16.5712688934968;27.5819697606514;0.0842335415465463;7.01452500133705
34118388692.1222;39.3677112689299;0.145929892961446;-14.6722567404906;-17.1484330755741;27.8295659790603;0.0929672743183744;7.48803695228481
34185976683.2371;39.3677113190118;0.145929893142676;-15.1301890882988;-17.5716403192621;28.24228765703;0.102199469435576;7.99278083120705
34311230218.3667;39.3677113925624;0.145929893420973;-15.2312035726074;-17.653281697501;28.7005401117272;0.108595528904908;8.34948091394989
34488797055.7134;39.3677115406799;0.145929893990783;-15.078755480548;-17.4936314509964;29.194542155549;0.112311880348626;8.60332905820172
34713848523.4765;39.3677119464287;0.145929895554628;-14.7440246588978;-17.1580882988716;29.7344830000055;0.114603201951414;8.79672582928068
34963630047.8084;39.367713410361;0.145929901157228;-14.2320393162852;-16.6491706696503;30.3357921397606;0.116097799035069;8.94249596541109
35227839268.3919;39.3677222142705;0.14592993383924;-13.4772723981049;-15.9076391813588;31.071906876674;0.115345624144767;9.05693883821459
35496778902.6503;39.3678878723895;0.145930525053767;-12.2104420843094;-14.657909713225;32.1569196169463;0.114764299748779;9.14846336322552
35761754628.3432;39.389330245971;0.146001055323685;-10.0919332319627;-12.574830544354;33.7824380405907;0.111120369413397;9.17527251596052
36014962232.3489;39.464447903364;0.146196297094001;-9.5277347080831;-12.112904006834;33.4681392273704;0.0869885853568431;8.68313002718052
36254637295.1764;39.55450631296;0.146406146974619;-9.42509857670082;-12.0577141234067;32.8500063614917;0.0765455435443041;8.2187935574675
36485205305.8618;39.6475047210934;0.146635690987814;-9.39432353780164;-12.0019330822537;32.6053734707104;0.0804784557972525;8.03996240138198
36704970755.6172;39.7448079241354;0.146956540139558;-9.35383227952653;-11.8356585207556;32.5385983892729;0.107293299354561;7.97515262288088
36916948029.9097;39.8475119784873;0.147387377712479;-9.31470171531046;-11.6919757328114;32.5035547606607;0.136350533898073;7.93224527256039
37120576546.7356;39.953922926105;0.147915349869205;-9.28185228727522;-11.5862275779179;32.4749813891574;0.161128966027807;7.8968046285135
37314741759.0238;40.0624345560367;0.148534217685896;-9.25269513496216;-11.4965735235081;32.4504394408339;0.18507262880551;7.86591314502837
37500840262.6818;40.1728997826927;0.149244266854341;-9.2265172931674;-11.418454458012;32.4285488166791;0.208444456397519;7.83829213639246
37675348517.514;40.2821458488501;0.150018788530254;-9.20341016797281;-11.3527823988682;32.4095521309003;0.229773954476881;7.81414166313359
37841682880.0773;40.3914510876902;0.150859053200782;-9.18234100065595;-11.2965658744688;32.3924534131561;0.249011250363008;7.7922769678869
37998860898.9907;40.4995222614697;0.151746876228791;-9.16268194214306;-11.2480654051863;32.3771118071723;0.265983466613054;7.77228659207657
38147086544.583;40.6065702464304;0.152675901795249;-9.1413448539001;-11.2028956847877;32.3622920587807;0.280859062623516;7.75179975625371
38284598205.3167;40.711003297365;0.153623528571924;-9.11950156131155;-11.1617022032006;32.3458963594542;0.293507057693642;7.72999807704359
38412026143.4849;40.8109632265169;0.154562805111056;-9.10543871647398;-11.1324711812752;32.3303664851651;0.303793279954141;7.71265370543814
38530762084.8261;40.9045311427882;0.155465844705612;-9.10345524171154;-11.1188754069417;32.3219710506666;0.31194474341184;7.70610419325513
38644066239.0431;40.9937535863982;0.156345812259404;-9.10377171980043;-11.109779174139;32.3219630295504;0.318779419057506;7.70630117861099
38751199088.997;41.0821212672746;0.157233755031965;-9.08362920068374;-11.0815376815596;32.322384876771;0.324784217019201;7.696551299187
38846982161.8483;41.175051653583;0.15818134730147;-9.01313102318709;-11.004667256614;32.3072493415152;0.329430458014144;7.65122108716841
38919537233.2126;41.2754663492548;0.159211622765143;-8.85887049723533;-10.8477144165188;32.2608281143069;0.331002742393365;7.54308692436321
38958994652.7905;41.3784077603054;0.160265038554887;-8.58353856304394;-10.5735288562619;32.1896325050061;0.329401615936283;7.35784354093004
38971210328.3523;41.4493061423873;0.160987559695168;-8.23628116510872;-10.2280669310429;32.1523061830364;0.327662215185538;7.15926495820078
38973085936.5155;41.4668260352847;0.161165735241215;-8.02961066734213;-10.0222940158184;32.1831709622256;0.327299606984082;7.0765483755817
38973193544.9102;41.4679498782351;0.161177153820106;-7.98114052682805;-9.97423409576588;32.2083093034994;0.327246009399643;7.06910816035911
38973202011.8607;41.4680448842879;0.161178118229048;-7.94997574376252;-9.94346579017613;32.2306324629864;0.327173998255931;7.06843964672283
38973202731.4741;41.4680535570569;0.161178206183012;-7.91894147482859;-9.91284383286151;32.2537643101751;0.327098121526312;7.06837665980054
38973202801.4784;41.4680544682902;0.161178215414868;-7.88549529233993;-9.87983588053809;32.2787852903406;0.327021717324064;7.06836986660548
38973202810.8847;41.4680546023335;0.161178216771351;-7.84617454262918;-9.84100534240805;32.3082112428013;0.326950581423127;7.06836884159238
38973202814.2577;41.468054656794;0.161178217321709;-7.791926481167;-9.78736318295831;32.3488090986641;0.3269050241448;7.06836841611799
38973202816.3333;41.4680546961405;0.161178217718708;-7.72225265541816;-9.71836860644402;32.400950802251;0.326920235948258;7.06836810161051
38973202817.8401;41.4680547311016;0.161178218070848;-7.63447169684229;-9.63134108469166;32.4666427151138;0.327015240915904;7.06836781677633
38973202819.0034;41.4680547657714;0.161178218419393;-7.52572056122418;-9.52341376235526;32.5480271888861;0.327213692669065;7.06836753002679
38973202819.9685;41.4680548052321;0.161178218815274;-7.38839821166127;-9.38699865094037;32.6507921450205;0.327561825624272;7.0683672024624
38973202820.7952;41.468054855673;0.161178219320166;-7.21456441876097;-9.21414824575261;32.7808791660486;0.328123072785146;7.06836678764629
38973202821.5232;41.468054929995;0.16117822006228;-6.99104833420097;-8.99169501705644;32.9481439407235;0.328991192695563;7.06836619412907
38973202822.1963;41.4680550685859;0.161178221442364;-6.68634231503237;-8.68817154979973;33.1761636755763;0.330367205834806;7.06836516234555
38973202822.8094;41.4680554006231;0.161178224739128;-6.26632700522618;-8.26942592151654;33.4904686918507;0.332523474042076;7.06836294990879
38973202823.3538;41.4680565389109;0.161178236007264;-5.67968064232178;-7.68408063579607;33.929458348652;0.335874422817884;7.06835651425531
38973202823.8732;41.4680667919534;0.161178337174927;-4.70465686507532;-6.71046790571029;34.6590232796775;0.341983599522325;7.06831660499162
38973202824.3568;41.4694557099511;0.161191995206035;-2.5417725551773;-4.54906106320381;36.2741305661921;0.356704430715519;7.06603352061015
38973202824.8018;41.545566186442;0.161937827144659;-0.766982279829727;-2.77578574355065;37.1291094631225;0.363840524551275;6.74990191020204
38973202825.2348;41.6995223966436;0.163440831230299;-0.449028115507183;-2.4594651662956;35.4948930984964;0.346520411723025;5.4989698976115
38973202825.6486;41.9161708307763;0.165547487643718;-0.281086226570568;-2.29324807118167;32.6397858863477;0.317384312263215;3.50727122714254
38973202826.0417;42.1619752630247;0.167927758662173;-0.203876218416496;-2.21783951927703;28.9803378667145;0.280633907607787;1.02349394698571
38973202826.4267;42.3813534381767;0.170042677424715;-0.244261113387689;-2.26016084289226;25.869994962879;0.24940009504566;-1.03456532174055
38973202826.7983;42.5479451784888;0.171641153508535;-0.348410156290874;-2.36635747859214;25.7540271690629;0.247114271179839;-1.05998517371599
38973202827.1531;42.6908530887964;0.173005654250001;-0.394905436798926;-2.41498792953287;25.7835415317169;0.246184143774071;-1.01702440291158
38973202827.4992;42.8207529374919;0.174239481891604;-0.425698066539961;-2.4480522161832;25.8143522314248;0.245192443663806;-0.981049202931446
38973202827.8336;42.9385484503285;0.175352200832884;-0.453073341357963;-2.47781660772447;25.8357476463449;0.244049413054498;-0.953074086209052
38973202828.1592;43.0476393143222;0.176376714728255;-0.474966803589948;-2.50223733187974;25.8523994934623;0.242789740039638;-0.931009809083083
38973202828.477;43.1483627102122;0.17731685222603;-0.498943437024928;-2.52888242156856;25.8678765868147;0.241446990068184;-0.908689279892618
38973202828.7894;43.2405050172119;0.178171304232216;-0.530231867523595;-2.56300327535703;25.8860475450216;0.240045924367252;-0.88091333489427
38973202829.093;43.3229081083128;0.178930247069434;-0.566364166083968;-2.60209860280023;25.9077757775179;0.238613874697193;-0.848338903550592
38973202829.392;43.3969592125288;0.179607364588938;-0.606200283803016;-2.64506777198054;25.93267232378;0.237126332468475;-0.811796022005946
38973202829.6835;43.462602222438;0.180203090029167;-0.647410423692879;-2.68955276322939;25.9587357565801;0.235581508339534;-0.77378677929916
38973202829.9723;43.5212792966584;0.180731351219136;-0.692087506801414;-2.737707252221;25.9856484702747;0.233945024788771;-0.733477108500368
38973202830.2578;43.5733796173368;0.181196439228956;-0.738765066269349;-2.78807031931945;26.014192555594;0.232222928481855;-0.691077663519966
38973202830.5375;43.6194155660487;0.181603742496323;-0.783703886122913;-2.83688308968402;26.0436016412753;0.230420884966609;-0.648970032421112
38973202830.8149;43.6609204463392;0.181967485602382;-0.824919217812885;-2.88222361242011;26.0728088059801;0.22849853782025;-0.60885964133979
38973202831.0883;43.6985469670726;0.182293934712727;-0.861291301433657;-2.92296987368515;26.1003624722325;0.226447727365;-0.572276226900574
38973202831.3612;43.7333991832804;0.182593056022556;-0.893778614320283;-2.96016165996907;26.1257738422635;0.224226076339608;-0.539067347245414
38973202831.6325;43.7657347408073;0.182867368445273;-0.923795897918672;-2.99523077550214;26.1485746914709;0.221826355343422;-0.508838475467255
38973202831.8982;43.7953483634186;0.183115510910493;-0.952877190318609;-3.02966763536349;26.1687234245116;0.219276500800809;-0.480850198660033
38973202832.1614;43.8227360542645;0.183341979547436;-0.982766339970928;-3.06531369065722;26.1872768881691;0.216542421757369;-0.453524648985954
38973202832.4236;43.8481189129469;0.183548876454364;-1.01411643793895;-3.10290297171919;26.2052206939567;0.213600019397427;-0.425876863207344
38973202832.6844;43.8715443810044;0.18373686312711;-1.04663738079023;-3.14219859675882;26.2231923816765;0.210438086979691;-0.397625949536528
38973202832.9426;43.8930397449754;0.183906467426784;-1.07951145131032;-3.1824193965815;26.2414329474139;0.207052081718435;-0.36901972041612
38973202833.1996;43.9128899310763;0.184060215362032;-1.1121749352766;-3.22313022587986;26.2600970262156;0.203395357436744;-0.340236896132018
38973202833.4545;43.9311928162255;0.184199128943427;-1.14382099618045;-3.26359584249482;26.2789873623605;0.199449880179024;-0.311812699292964
38973202833.7074;43.9481410502718;0.184324913954221;-1.17395394817295;-3.30344950955456;26.2979231624092;0.195175765204289;-0.284115872635049
38973202833.9589;43.9639276613902;0.184439202244076;-1.20225424294211;-3.34254141956294;26.3167302566807;0.190521833536468;-0.257422694220945
38973202834.2118;43.9788600212261;0.184544311582336;-1.22876654711392;-3.38125369210693;26.3354295893263;0.185375895528473;-0.231697223267513
38973202834.4641;43.992947504926;0.18464037216842;-1.25311710644794;-3.41940530097203;26.3537192692835;0.179702335238007;-0.20732800622755
38973202834.7136;44.0061899140676;0.184727485006135;-1.27504426135686;-3.45692910201988;26.3713106083474;0.173478985342466;-0.184638623798085
38973202834.9603;44.0187081278707;0.184806529686134;-1.29460714293925;-3.49427686207705;26.3881244603638;0.166624479062295;-0.163652472116275
38973202835.2072;44.0307421598395;0.184878971738348;-1.31210084628998;-3.53252126220016;26.4042921860857;0.158947650977054;-0.144134672115377
38973202835.4535;44.0423315687249;0.184944915792998;-1.32753718083615;-3.57242281954883;26.4197007701436;0.150328822516651;-0.126154803661484
38973202835.7001;44.0535728483512;0.18500469185343;-1.34105160331954;-3.61534006504791;26.4343403675001;0.140565912406482;-0.109651817151623
38973202835.9443;44.0644167433784;0.185057809599375;-1.35264470951651;-3.66259037687725;26.4480290209729;0.129553051073845;-0.0947464929786783
38973202836.1878;44.074983286864;0.185104522147836;-1.36255197780194;-3.71705136106532;26.460827012102;0.116977956492029;-0.0812806993159334
38973202836.4271;44.0851714006477;0.185144063577942;-1.37082773225393;-3.78186914639505;26.4725435482381;0.10274347662717;-0.069353531853692
38973202836.6607;44.0949602856538;0.185176100694601;-1.3776627384977;-3.86274254254135;26.4831263011155;0.0866741213410175;-0.0589031884177254
38973202836.8878;44.1043588967926;0.185200412427906;-1.38329274816829;-3.97054050651562;26.4925901550058;0.0685293578927701;-0.0498000623019099
38973202837.1083;44.1133818124202;0.185216764982803;-1.38795084582052;-4.12971212641112;26.5009750605902;0.0480286713704308;-0.0418984489437193
38973202837.3214;44.1220282664343;0.185224879459663;-1.39184735068828;-4.41942486060761;26.5083305395542;0.0248773930226335;-0.0350566859036665
38973202837.5266;44.13028924462;0.185224497775781;-1.39516244133982;-5.73049009635787;26.5147171005049;-0.00122506559366431;-0.0291396747570863
38973202837.723;44.1381426852442;0.185215447874634;-1.39803865167207;-4.33645478089354;26.520203458529;-0.030560518781907;-0.0240242829811389
38973202837.9094;44.1455535099621;0.185197751109876;-1.40058255204243;-4.02255521554243;26.5248594302308;-0.0633403454335238;-0.0196031768328188
38973202838.0848;44.1524911271585;0.185171668397958;-1.40287538034795;-3.82773296839539;26.5287586745415;-0.0997376981816331;-0.0157776777759888
38973202838.2496;44.1589749784438;0.185137402449722;-1.40499012551122;-3.68196041626837;26.5319932896913;-0.140216650361598;-0.0124383256520061
38973202838.4058;44.1650926185044;0.185094507684985;-1.40700277859635;-3.5611824094987;26.5346606853872;-0.186051813476234;-0.00946384619067266
38973202838.5574;44.1710071718656;0.185040969324278;-1.40900634466841;-3.45226322964376;26.5368379512541;-0.240210666049857;-0.00672030801213216
38973202838.7131;44.1770455616671;0.184970037121717;-1.41115651616951;-3.3412342155485;26.538532353052;-0.311744788660286;-0.00402224568818585
38973202838.8812;44.1835310874596;0.184869275528227;-1.41363822797777;-3.22228839179552;26.5395415521124;-0.412328403719085;-0.00120169150223076
38973202839.0658;44.1906048868085;0.184729019259511;-1.41659886147936;-3.1193293171618;26.5398789633869;-0.526221371569585;0.00183289208033244
38973202839.2607;44.1980153888757;0.184558529375621;-1.42001634725997;-3.05816536502741;26.5403105970839;-0.610600257723676;0.00502234416080804
38973202839.4626;44.205624882079;0.184376390727582;-1.42388828154921;-3.04484190640298;26.5418518188586;-0.635298156866081;0.0083702635746
38973202839.671;44.2133955653549;0.184201840502275;-1.42825714100641;-3.07679593525054;26.5448018594896;-0.596266889386136;0.0119277978036599
38973202839.8861;44.2213309127801;0.184057933835938;-1.43318863648994;-3.17467366959806;26.5491592559767;-0.481466128428133;0.0157667302501989
38973202840.1046;44.2292880750404;0.183970340616535;-1.43865937905908;-3.39694710451724;26.5539497929778;-0.292308473067315;0.0198836939889128
38973202840.3258;44.2372314188378;0.183937138605307;-1.44470496662178;-3.82354393426817;26.5574172765257;-0.111006106379992;0.0243146021071103
38973202840.55;44.24516260096;0.183926731954191;-1.4513517371687;-4.33337866473705;26.5598265023519;-0.0348496408044765;0.0291096810354026
38973202840.7779;44.2530887385652;0.183919331601142;-1.45862006784085;-4.48842923650314;26.5621950262795;-0.0248001776848955;0.0343189162941463
38973202841.0069;44.2609150885133;0.18391259734312;-1.46644275460423;-4.53171226539301;26.5647192757437;-0.0228578679806739;0.0399156746600608
38973202841.2369;44.2686217383241;0.183905523535849;-1.47481092211027;-4.51202332419409;26.5674246349941;-0.0243858026710681;0.0459082275732154
38973202841.4684;44.27622069689;0.18389774971452;-1.48375157368245;-4.47387109541363;26.5703365580474;-0.0271817575098032;0.0523259310563722
38973202841.7016;44.2837103501933;0.183889285961944;-1.49328117603338;-4.44017993170814;26.5734708097238;-0.0300295985539069;0.0591868901022766
38973202841.936;44.2910665521753;0.183880387479269;-1.50338485583122;-4.42072254191664;26.5768282878276;-0.0321488516300412;0.0664836481357842
38973202842.1707;44.298252267754;0.18387144985029;-1.51402050023553;-4.41926820123287;26.5803972111055;-0.033060831005791;0.0741867664545526
38973202842.406;44.3052733512321;0.183862859707462;-1.52520030642088;-4.43760405824825;26.5841815296224;-0.0325251675173279;0.0823047063934403
38973202842.6423;44.3121362049583;0.18385499669304;-1.53694055940846;-4.47785622964978;26.5881851932444;-0.0304630248560305;0.0908482481070401
38973202842.8795;44.3188329568796;0.18384821586591;-1.54923261563143;-4.54381415392412;26.5924026618856;-0.0269262603049835;0.0998096377866272
38973202843.1171;44.3253451406575;0.183842810048966;-1.56204019226578;-4.64290550524825;26.5968183000788;-0.0220782361043787;0.109160765160219
38973202843.3546;44.331659901888;0.18383897639573;-1.57532621121993;-4.79207031793107;26.6014160819873;-0.0161495583319562;0.118872948762162
38973202843.5926;44.3377915688604;0.183836818484884;-1.58910786570616;-5.04265292691692;26.6061982268644;-0.00936349022008933;0.128956795985921
38973202843.8324;44.3437667888987;0.183836377906565;-1.60345291531372;-5.73578369641864;26.6111710549971;-0.00196215452152504;0.139450853143429
38973202844.0785;44.3496887505374;0.183837686529083;-1.61867538444826;-5.27432658525561;26.6164059475921;0.00588163691122335;0.150560138045851
38973202844.3335;44.3555973905408;0.183840773744505;-1.63500898881176;-4.91692958409122;26.6219257067384;0.013909735502688;0.162416911082899
38973202844.5989;44.3615015920841;0.183845608165971;-1.65267096413848;-4.73948762852512;26.6277251730175;0.0218030575700665;0.17512627816809
38973202844.8765;44.3674119556025;0.18385210992528;-1.67192953697655;-4.63051284194948;26.6338072728972;0.0292988077331458;0.188824036048197
38973202845.17;44.3733587717133;0.183860178866015;-1.69321484428896;-4.56068282792624;26.6402007426035;0.0361467711410113;0.203744005829698
38973202845.4852;44.379404642913;0.18386974902467;-1.71721251628559;-4.5177522694704;26.6469884886654;0.0421801753778897;0.220283891205281
38973202845.8324;44.3856487944375;0.183880803672926;-1.74506621504572;-4.49699471997455;26.6543108591885;0.0471888021753049;0.239108684267669
38973202846.236;44.392355676194;0.183893621343635;-1.77941688622426;-4.49812842575287;26.6625461238494;0.0509553841686515;0.261790940642438
38973202846.7501;44.4000251572914;0.183908899171068;-1.8263388817347;-4.52704326287214;26.6724834389172;0.0531323558952462;0.29189430102203
38973202847.5881;44.4103271730033;0.183929368122158;-1.91028489515368;-4.61211151478343;26.6870182868437;0.0530241156034894;0.343578538013425
38973202849.3126;44.423825863961;0.183954902272267;-2.10636834691817;-4.8295385943622;26.7095859866093;0.0505239048789835;0.456695540080584
38973202855.9773;44.4337333361971;0.183974255752403;-2.82781746358125;-5.53702125649773;26.7482442699239;0.0522506247623964;0.843251654966518
38973202900.7885;44.4354698203389;0.183977719792822;-4.41171629922274;-7.11180417002877;26.8093102316489;0.0534807845331951;1.67600390742819
38973203269.7312;44.4357035961119;0.183978203402932;-6.19815936999309;-8.88246350042302;26.8761509112408;0.0555984828118208;2.61388789435695
38973206298.0655;44.4357376303153;0.183978275840585;-7.94928822584789;-10.6212394452273;26.9453325667439;0.0573498556040344;3.5356783924798
38973227973.7562;44.4357433806212;0.183978288753155;-9.57628199768557;-12.2249602502479;27.020939868226;0.060676734296934;4.39969692824109
38973319216.0109;44.4357448162566;0.183978292221096;-10.8031518622422;-13.4201243341253;27.0996299977834;0.065462244134872;5.065715587854
38973634100.9608;44.4357452942239;0.183978293466557;-11.8187536692756;-14.4028218432688;27.1911773030398;0.0708532600928097;5.63469218727907
38974558790.2192;44.4357454908961;0.183978294018415;-12.6722528785409;-15.2241679454728;27.297102796579;0.0765951883247519;6.13222545409054
38977024621.0554;44.4357455879736;0.183978294311383;-13.4048445615415;-15.9251438805818;27.4224125055372;0.0827573052035826;6.58225792106856
38983507841.6811;44.4357456452203;0.183978294497429;-14.0540407815619;-16.5421704783445;27.5813219349745;0.0896366011797108;7.01304437794057
39003830248.2911;44.435745688661;0.183978294651054;-14.6700784723498;-17.1215128878906;27.8283138129578;0.0984130012821243;7.48610847800123
39071203401.9917;44.4357457386881;0.183978294841907;-15.1292814842152;-17.5477865896245;28.2406442508223;0.107738145214075;7.99122751774727
39196227945.0841;44.4357458120606;0.183978295133934;-15.2314619747146;-17.6315734521026;28.698659122191;0.114222096822151;8.34835269708816
39373595001.4449;44.4357459596733;0.183978295730782;-15.0797490003171;-17.473008900873;29.1925340131567;0.118035296238392;8.60248393500632
39598510571.9457;44.4357463635003;0.183978297366369;-14.7458242424694;-17.1383458150255;29.732184850922;0.120421838031844;8.79609025126464
39848205808.0138;44.4357478187009;0.183978303220202;-14.2344873706592;-16.629969942652;30.3332158083926;0.122021366125677;8.94199892824404
40112437901.4409;44.4357565526976;0.183978337350546;-13.4807725447343;-15.8888448989328;31.0687292969999;0.121409071253163;9.05656603444338
40381070660.2911;44.4359183741129;0.183978946659478;-12.2201229769297;-14.644321427898;32.1490938112305;0.121051530559787;9.14807526834739
40646153089.1028;44.4569687690916;0.184052319052305;-10.1001206920256;-12.5578482585908;33.7774170837094;0.117733178758626;9.17601128780981
40899406354.9411;44.532063042936;0.184262404870614;-9.52794823247568;-12.0811583178709;33.4721703915334;0.0936426700370583;8.68592699407176
41136613297.1106;44.6210505582323;0.184487905089735;-9.42579831447331;-12.0219804268487;32.85755782607;0.0832632135515797;8.22418463011235
41367172399.8876;44.7138240478102;0.184733340586247;-9.39535838097409;-11.9728448999257;32.606920746;0.0862627440169491;8.04150834009291
41587603819.3557;44.811292962385;0.18507253487477;-9.35440736756183;-11.8128249664616;32.5391150805641;0.113236943666354;7.97578364484002
41797414984.2989;44.9127505969544;0.185516001247275;-9.31554386237086;-11.6749679017122;32.5043588959508;0.142074967461658;7.93320476917341
42000807338.3394;45.0188330231101;0.186060321888957;-9.28269117912597;-11.5724798189136;32.4757003043738;0.166636404061961;7.89770772308636
42195375700.1197;45.1273849177228;0.186697750491321;-9.2534348144327;-11.4846406752462;32.4510401168674;0.190556058194665;7.86669024023407
42380885872.6971;45.2373070930317;0.187422539169474;-9.22728241515246;-11.4081563287854;32.4291689194788;0.213826686095998;7.83909711714379
42556428488.435;45.3470505603498;0.188219174724688;-9.20400388792959;-11.3431228796199;32.4100162207057;0.235266589414603;7.81475959057763
42722167018.0653;45.4558025300396;0.189073359710896;-9.1829863500917;-11.287871547954;32.3929494980953;0.25442822966026;7.79294386339154
42879914367.9286;45.5641118903851;0.189981443723326;-9.16329608090117;-11.2398360422516;32.3775289416172;0.271458683719731;7.77288734628939
43028226643.2555;45.6710434476327;0.190927543955615;-9.14207120615042;-11.195239948552;32.362760960238;0.286336573132349;7.75249289420058
43165949769.1717;45.7754848028488;0.191892987218002;-9.12013437284123;-11.1542801153241;32.3464275147523;0.299006465798793;7.73068760271945
43293029623.9134;45.8751131217727;0.192846050660105;-9.10569390741402;-11.1249548986696;32.3308130102554;0.309282704620072;7.71309898683776
43411951842.1413;45.9688525734355;0.193766739857354;-9.10334059265286;-11.1111499539401;32.3220447850743;0.317460332215938;7.70611658171051
43525211453.4849;46.0579826961307;0.194660981523053;-9.10405056262141;-11.1026201657576;32.3218091217718;0.32428440075554;7.70635892327017
43632763277.0978;46.1463181062909;0.195563659490579;-9.08548294863588;-11.0760849361657;32.3225778216603;0.330296523221307;7.69762895812029
43729544820.2209;46.239280037174;0.196527590150965;-9.01748740665599;-11.001746748005;32.3084920010837;0.335009672613644;7.65425238892049
43803304970.0463;46.3394844043268;0.197573278151516;-8.8669351406426;-10.8484196657642;32.2634433037368;0.336686877805753;7.54889031392627
43844020678.6756;46.4426452832602;0.198647195506813;-8.59624696411345;-10.5787911368409;32.1925916432843;0.335128812735832;7.36619880007557
43856907754.6255;46.5152683925701;0.199400093779227;-8.24907954903294;-10.2334180874182;32.1529088907873;0.333335625353651;7.16609032580836
43858950030.754;46.5341310472005;0.199595236647649;-8.03451164803918;-10.0197617766195;32.1826845408572;0.332944725856092;7.07869711077843
43859069583.9666;46.5353713657835;0.199608056240942;-7.98402800036594;-9.96968700371015;32.2082392852807;0.332895543089831;7.07052833955164
43859078871.9048;46.535474917424;0.199609125563948;-7.95276233426061;-9.93881040674797;32.2305497387682;0.332827835484131;7.06980089017286
43859079659.4325;46.5354843470653;0.199609222848132;-7.92177063646237;-9.90822357235869;32.2536416511161;0.332755942921193;7.06973249913807
43859079735.67;46.5354853327912;0.199609233007648;-7.88841268296136;-9.87529581199191;32.2785958000131;0.332683685912192;7.06972515978609
43859079745.6467;46.5354854739151;0.199609234460555;-7.84938760515155;-9.8367504073061;32.3078004162132;0.332617112589736;7.06972408192242
43859079749.0825;46.5354855288647;0.199609235025509;-7.79606007533476;-9.78401146884391;32.3477093844705;0.332576944665012;7.06972365286305
43859079751.1879;46.5354855683252;0.199609235430596;-7.72717176120047;-9.71578700162913;32.3992632541571;0.332598199768132;7.06972333772447
43859079752.7096;46.5354856031457;0.199609235787444;-7.64048947055985;-9.62984016579184;32.4641329763873;0.3327002394019;7.06972305419762
43859079753.8813;46.5354856374683;0.19960923613854;-7.53323049276128;-9.52338518654017;32.544400789584;0.332905971899471;7.06972277035677
43859079754.8541;46.5354856764178;0.199609236536152;-7.39753951335174;-9.38858187713012;32.6459449003933;0.333262831207666;7.06972244699814
43859079755.6896;46.5354857261769;0.199609237042983;-7.22505951867527;-9.21706865594444;32.7750187803062;0.333836494955985;7.06972203774144
43859079756.4223;46.5354857987878;0.199609237780803;-7.00395386553503;-8.99700558465921;32.9404796714757;0.334717331001288;7.06972145686245
43859079757.0916;46.5354859302255;0.199609239112858;-6.70690811342876;-8.70110590407222;33.1627669092923;0.336087970185551;7.06972047040906
43859079757.7052;46.5354862401585;0.19960924224493;-6.29660803808864;-8.29204404242326;33.4698017210588;0.338233901527554;7.069718383894
43859079758.2528;46.5354872767934;0.199609252690059;-5.72281928418489;-7.71953131526555;33.8991701259045;0.341567888828994;7.0697124479047
43859079758.782;46.5354964759848;0.19960934508187;-4.75985576519172;-6.75797193997564;34.6197150358903;0.347702100238034;7.06967631731211
43859079759.2606;46.5364220760942;0.199618610783775;-2.71354888716051;-4.71309396038538;36.1486069190119;0.361864926992371;7.0680800808903
43859079759.7065;46.6066858716208;0.200319588443276;-0.802498399880808;-2.80352582878396;37.1739252291306;0.370860852395625;6.7976341677987
43859079760.1394;46.7557595330663;0.201801349152398;-0.462963178231707;-2.46558602197556;35.6347216048474;0.354201606390946;5.59939507722754
43859079760.5519;46.9677627604738;0.203900485827546;-0.289176253565818;-2.29347800948743;32.8663929876564;0.325424531238956;3.66275430258511
43859079760.9498;47.2153600297446;0.206342023382327;-0.205931908430879;-2.21201435018813;29.2092859971128;0.288030513908056;1.17751964860547
43859079761.3356;47.4404919598986;0.208552359730657;-0.233920167858939;-2.24189889703133;25.9356458606632;0.254635140932669;-0.995854114852817
43859079761.7043;47.6065318096486;0.210175099311514;-0.346512508812866;-2.35647601119248;25.7507876836389;0.25166743089332;-1.06308334891374
43859079762.0612;47.7513424641359;0.21158354269467;-0.391759058466796;-2.40382018102028;25.7809874245918;0.250748546631023;-1.02028910313445
43859079762.4072;47.8817796138715;0.212845726036781;-0.423694793476776;-2.43797364947369;25.8130198250502;0.249781321493266;-0.98292610849013
43859079762.7423;48.0002258304122;0.213985723641278;-0.45166087620331;-2.46827813032059;25.8343655213008;0.248645466846629;-0.954688918133979
43859079763.0685;48.1098584432357;0.215034905151247;-0.473486428204326;-2.49257556448874;25.8513212581666;0.247396532599219;-0.932455661455773
43859079763.3863;48.2110284280885;0.215997305510114;-0.497063821597426;-2.51875973029373;25.8668066846349;0.246063336594042;-0.910329299989673
43859079763.6995;48.3039077674997;0.216875212875532;-0.527989900852354;-2.55246032608682;25.884675012066;0.244665250513338;-0.882936889686805
43859079764.0043;48.3871102308438;0.217656408684881;-0.563870672887381;-2.59124695247215;25.9062541353386;0.243236273939873;-0.850588017517204
43859079764.3045;48.4618834431528;0.218353511124027;-0.603688771768192;-2.63413820808163;25.9310435958829;0.241752269055729;-0.814125871836186
43859079764.5949;48.5277170568568;0.218962782313099;-0.644533983823853;-2.67817103673604;25.9569495611881;0.240224114005547;-0.776404408274319
43859079764.8829;48.5866770333048;0.219504201553084;-0.688815213468623;-2.7258388299508;25.9836763084766;0.238603593937489;-0.736417037341541
43859079765.1671;48.6389592355823;0.219980358931603;-0.735192518655919;-2.77579587315696;26.0119360568097;0.236902325140997;-0.694357799733488
43859079765.4475;48.6854625140784;0.220400206674348;-0.780405632557313;-2.82479738182643;26.0413462842132;0.235110314993238;-0.652112444741557
43859079765.7254;48.7273223369106;0.220774640152691;-0.821996853957526;-2.87041956749533;26.0706488592683;0.233200311768897;-0.611750550254351
43859079766.0007;48.765416083044;0.221112032792172;-0.85892699267116;-2.91164507205051;26.0985150042291;0.231152033012472;-0.574679593725704
43859079766.2722;48.8002743548;0.221417542616887;-0.891475600690219;-2.94875627100968;26.1239628852341;0.228959352253782;-0.541415796312975
43859079766.542;48.8326078298856;0.221697749002446;-0.921423632775589;-2.98359798820506;26.1468273330034;0.226592036934243;-0.511179184413194
43859079766.8084;48.8624619741849;0.221953373305623;-0.950534806713331;-3.01793729287153;26.1671822963566;0.224054914237232;-0.483038435900265
43859079767.0726;48.8901055242868;0.222187024074697;-0.980411449462298;-3.0534380508189;26.1858827496821;0.221330169995738;-0.455621229359634
43859079767.334;48.9155600959422;0.222399197418841;-1.01152431537515;-3.09059928707199;26.2037782568985;0.21841826046964;-0.428124534732593
43859079767.5941;48.9390683194875;0.222592208325305;-1.04384630150124;-3.12948426299942;26.2216638300819;0.215289219753386;-0.400030858423224
43859079767.8522;48.9607003196009;0.222766922472578;-1.07666971909303;-3.16943832273905;26.2398506997401;0.211930155119164;-0.371486119780185
43859079768.1094;48.9806990471722;0.222925564854441;-1.10938815456119;-3.20997129714807;26.2584887845262;0.208298712507634;-0.342693522090871
43859079768.3649;48.999154387141;0.223069104293353;-1.14117941596142;-3.25033022150796;26.2773909737432;0.204376725805975;-0.314189190144345
43859079768.6183;49.0162322909149;0.223199077031502;-1.17148128542919;-3.29006357924972;26.2963497921733;0.200130451081427;-0.286392933216157
43859079768.87;49.032110409812;0.223317047516237;-1.19992850673526;-3.32895419248364;26.3151670229621;0.19551516333335;-0.259619926505821
43859079769.1234;49.0471477366667;0.223425772585099;-1.22665369074039;-3.36749463909125;26.3339259528181;0.190403383545454;-0.233748696344303
43859079769.3753;49.0612759123364;0.223524844239574;-1.25112844329696;-3.40526511390536;26.3522163032806;0.184790855470619;-0.209317384285636
43859079769.6245;49.0745618847968;0.223614845433873;-1.27320597835426;-3.44235105375169;26.3698324992567;0.178633248375278;-0.186536719602624
43859079769.8717;49.0871528387586;0.223696839540349;-1.29297644795896;-3.47925244638049;26.3867278714459;0.171834174056615;-0.165392968990924
43859079770.1189;49.099241952242;0.223772034372476;-1.31065403343669;-3.51686049375386;26.4029684123224;0.164227656574716;-0.145735303743663
43859079770.365;49.1108557801995;0.223840486247504;-1.32623289442998;-3.55582293392022;26.4184210895298;0.155710112590573;-0.1276554687653
43859079770.6106;49.1220839904676;0.223902546630191;-1.33984654368714;-3.59734263139019;26.433066279174;0.146100417580416;-0.111099898447152
43859079770.8549;49.1329589795305;0.223958149800285;-1.35159106469602;-3.64292034090291;26.4468303754614;0.135221065447503;-0.0960695432473035
43859079771.099;49.143572612619;0.224007400374465;-1.36165381946173;-3.69510659150912;26.4597297994458;0.12278141465897;-0.0824596089605246
43859079771.3389;49.1538053105583;0.22404941918806;-1.37006532949317;-3.75661169789611;26.4715487521065;0.10870086063259;-0.0703977869203568
43859079771.5731;49.1636328868263;0.224083862269409;-1.37701223630931;-3.83235666181483;26.4822283372631;0.0928132756268783;-0.059828768760617
43859079771.8009;49.1730692076137;0.224110533406145;-1.38273354554735;-3.93149471591803;26.4917860551356;0.0748772815366558;-0.050619670411265
43859079772.0219;49.1821278777887;0.224129202479158;-1.38746405934053;-4.07340575248519;26.5002613847345;0.0546145631865514;-0.0426243550588686
43859079772.2358;49.1908123323189;0.224139597282094;-1.39141710509407;-4.31334339031663;26.5077043695919;0.0317282291306037;-0.0356994454521924
43859079772.4418;49.1991126506567;0.22414145067596;-1.39477517358545;-5.04590220130143;26.5141736409784;0.00592040025185306;-0.0297100928353049
43859079772.639;49.2070070163176;0.224134577881279;-1.39768378119415;-4.45786765000766;26.5197365994817;-0.023087948096431;-0.0245327277085879
43859079772.8263;49.2144593062436;0.224118983305085;-1.40025182770215;-4.07956799350309;26.524462525854;-0.0555047852390144;-0.0200594047221003
43859079773.0028;49.2214414603798;0.224094897350495;-1.40256360245747;-3.86478917118279;26.5284272184212;-0.0915136619535509;-0.0161886820818268
43859079773.1684;49.2279640336452;0.224062564384492;-1.40469092056764;-3.70946434100803;26.5317197221439;-0.131520054565059;-0.0128141913362645
43859079773.3254;49.2341171753024;0.224021577646631;-1.40671189570988;-3.58316545506486;26.5344420877849;-0.176748770421352;-0.00981140309794997
43859079773.4775;49.2400523590515;0.223970147541466;-1.40871571363014;-3.47093247020751;26.5366714233377;-0.229948028522924;-0.00705097270838763
43859079773.6318;49.2460433348925;0.223902702533478;-1.41083808730219;-3.35938584512685;26.5384210123416;-0.298763350862161;-0.004368475917104
43859079773.7991;49.2525066088831;0.22380601142299;-1.41329392424842;-3.23835994305318;26.5395230027589;-0.397033446928129;-0.00155422707030188
43859079773.9816;49.2595038280537;0.223671296682811;-1.41619866023792;-3.13170901972843;26.5399172310988;-0.510962707758418;0.00144752854802588
43859079774.1763;49.2669152520389;0.223503567266277;-1.41958819343229;-3.06488061585296;26.5402938413607;-0.600638690958317;0.00463300422337054
43859079774.378;49.2745218922712;0.223322576162762;-1.42342722323748;-3.04696287138382;26.5417080412205;-0.63152888540826;0.00797025601958778
43859079774.5856;49.2822748678494;0.223147563470231;-1.42775019954339;-3.07414906911346;26.5445036814812;-0.599205429492648;0.0115047175338238
43859079774.7996;49.290179463299;0.22300089855609;-1.43262069873207;-3.16417411441958;26.5487169580486;-0.492595138866757;0.0153079135493859
43859079775.0184;49.2981587697595;0.22290824876748;-1.43805864473514;-3.37317935726597;26.5535332089248;-0.308319933674657;0.0194104160345665
43859079775.2396;49.3061146930214;0.222872151984603;-1.44406268412115;-3.78728477248802;26.5571365258241;-0.120492262108623;0.0238190747896551
43859079775.4633;49.3140405529722;0.222862101123491;-1.45065207996386;-4.34749520233873;26.5595757447738;-0.0336804597452794;0.0285772227877942
43859079775.6904;49.3219515068844;0.222855810721566;-1.4578503642969;-4.55740082317617;26.5619264744074;-0.021120739074503;0.0337384420554002
43859079775.9198;49.3298045865193;0.222850295375881;-1.46564126762464;-4.61910853116108;26.5644419392746;-0.0186566400771614;0.0393133718183436
43859079776.1499;49.3375310217094;0.222844486210481;-1.47397104326537;-4.59783646732917;26.5671353867277;-0.0199746558236787;0.04527850604284
43859079776.3811;49.3451356173639;0.222837983218566;-1.48285657517144;-4.55081948816719;26.570029216521;-0.0227210877502027;0.0516562267244888
