t;slip_2;slip_3;slip_rate_2;slip_rate_3;shear_stress_2;shear_stress_3;state
0;0;0;-9;-19.9999946455258;25.8553468326107;-2.58556656085691e-10;7.60205999132796
2.75290596933567;2.75672141798512e-09;2.35325933769776e-14;-8.99939849705149;-14.068121586867;25.8570780963472;0.000220727455733569;7.60205999131142
4.14266986779145;4.15349750227906e-09;6.73038151381788e-14;-8.99781423553028;-13.5017523569354;25.8616379563027;0.000810434473228711;7.60205999127151
4.53699849954151;4.55141628732966e-09;8.98072689751521e-14;-8.9960638699287;-13.2436091329659;25.8666758861557;0.00146283505224827;7.60205999124241
4.76767445190194;4.78524467739402e-09;1.09617799640554e-13;-8.99410508279716;-13.0661062131431;25.8723136796745;0.00219196763658596;7.60205999121435
4.9873801291553;5.00930528252445e-09;1.37013945810314e-13;-8.99147577479463;-12.9041518046663;25.8798813406418;0.00316436265827075;7.60205999117469
5.21288402987488;5.2409590768864e-09;1.75689748876192e-13;-8.98831464051201;-12.7657147184421;25.8889796571237;0.00432229949676966;7.60205999111721
5.45239842829069;5.48903247476266e-09;2.29464592924356e-13;-8.98475143091447;-12.6487524665935;25.8992351629047;0.00561417444907425;7.60205999103534
5.71815584936622;5.76681287266913e-09;3.0489915923552e-13;-8.98078380503034;-12.546915002875;25.9106545778176;0.00703634599722246;7.60205999091851
5.99956377975508;6.06375500288972e-09;4.02159817259241e-13;-8.97666451240052;-12.4613991286818;25.9225104406855;0.00849067938326846;7.60205999076505
6.28986890825026;6.37306259687473e-09;5.20828263584004e-13;-8.97246412535049;-12.3885194517228;25.9345996329228;0.00995002613690413;7.60205999057489
6.58844947401121;6.69432935658581e-09;6.62168929170975e-13;-8.96819574359449;-12.3247944045007;25.9468844494518;0.0114152796924643;7.60205999034564
6.8952149944288;7.02773154401178e-09;8.27819000406765e-13;-8.96383809966684;-12.2676149175596;25.9594260967239;0.0128978781314006;7.60205999007451
7.21020731237747;7.3736054932302e-09;1.01967947073468e-12;-8.95938210957555;-12.2153144575518;25.9722507129697;0.0144071221568586;7.60205998975841
7.53296554631792;7.73174501751669e-09;1.23951661839249e-12;-8.95482507803427;-12.1667762499069;25.9853660471336;0.0159506236124788;7.60205998939459
7.86281226116904;8.10170927154178e-09;1.48908183424499e-12;-8.95015239850125;-12.1211281093262;25.9988141284778;0.0175379096474618;7.60205998898058
8.19826470711623;8.4821560838424e-09;1.76956858019478e-12;-8.94533701330411;-12.0777186188413;26.012672821504;0.0191780025939467;7.60205998851495
8.53853328912094;8.87252781278721e-09;2.08278921930215e-12;-8.94034349310992;-12.0359714798868;26.0270440814124;0.0208831910120427;7.60205998799533
8.88323296844904;9.272752041673e-09;2.43113699915147e-12;-8.93513750285048;-11.9954278324285;26.0420267098408;0.022666499258191;7.60205998741856
9.2314899213424;9.682199459486e-09;2.81669756833999e-12;-8.92970165922837;-11.955807183069;26.0576707164923;0.0245374861730504;7.60205998678205
9.58239275141097;1.01001901967562e-08;3.24161303817024e-12;-8.9240202130019;-11.9168843281928;26.0740214043095;0.0265059822323627;7.6020599860834
9.93497649042743;1.052597067221e-08;3.70803836288344e-12;-8.9180765363882;-11.8784801564336;26.0911266012343;0.0285817760528887;7.60205998532038
10.2884272035517;1.0958959718723e-08;4.2184039792843e-12;-8.91185195225221;-11.8404474541817;26.1090400295266;0.0307748115468922;7.60205998449059
10.641922016781;1.13985554661191e-08;4.77520784743949e-12;-8.90532956339708;-11.8026808021619;26.1278102849399;0.0330941914685321;7.6020599835917
10.9948143887179;1.18443662814811e-08;5.38133395381818e-12;-8.89849167057582;-11.7650792809698;26.1474882655935;0.0355502260328485;7.60205998262107
11.3465004242221;1.22960478103767e-08;6.03989765371962e-12;-8.89132279315914;-11.7275573353274;26.1681184776814;0.0381538137418573;7.60205998157597
11.6964339709822;1.27533205998079e-08;6.75428809393477e-12;-8.88381021965896;-11.6900499442867;26.1897374510527;0.0409158351408789;7.60205998045361
12.0440274567524;1.32158349158463e-08;7.52794009483822e-12;-8.87594644892153;-11.6525259756701;26.2123667146948;0.0438456697533996;7.60205997925145
12.3891532250271;1.36838502086686e-08;8.36557342273891e-12;-8.86771734214871;-11.61492343762;26.2360468898261;0.0469561307169228;7.60205997796544
12.7312497621132;1.41570296973808e-08;9.27111727448196e-12;-8.85912276735304;-11.5772391917638;26.2607782806652;0.050256376029243;7.60205997659316
13.0700857559222;1.46354729094258e-08;1.02495883410959e-11;-8.85015914089452;-11.5394415501678;26.2865711115742;0.053759043133304;7.60205997513107
13.4054949524442;1.51193659395287e-08;1.13065677409041e-11;-8.84082559960846;-11.5015084431437;26.3134277659634;0.057477064881573;7.60205997357544
13.737501181957;1.56091744441964e-08;1.24487470782246e-11;-8.83111991093436;-11.4634119332889;26.3413545535869;0.0614251296198909;7.60205997192157
14.0658476329766;1.61049449313566e-08;1.36823215051696e-11;-8.82105165653258;-11.4251669690105;26.370323774865;0.0656145492347957;7.60205997016617
14.3907561939399;1.66074523121983e-08;1.50159312060456e-11;-8.81061870958281;-11.3867324086967;26.4003413988049;0.0700641477880693;7.6020599683034
14.7120175492776;1.71168106732841e-08;1.64571733773802e-11;-8.79983504775942;-11.3481215259588;26.4313670359073;0.0747882114607226;7.60205996632973
15.0298463585213;1.76338103086021e-08;1.80163295010806e-11;-8.78870302405168;-11.3093036560262;26.4633937194639;0.0798077204565502;7.60205996423905
15.3440628682033;1.81586038403733e-08;1.97025868899722e-11;-8.77724052656917;-11.2703051344791;26.4963697642906;0.085137671462983;7.60205996202774
15.6549323663574;1.86920953184261e-08;2.15285038898796e-11;-8.76545062566093;-11.2310970800246;26.5302860848209;0.0908020134670109;7.60205995968903
15.962276978039;1.9234435504124e-08;2.35051122784305e-11;-8.75335381806007;-11.1917049693996;26.5650834288818;0.0968188751871791;7.6020599572193
16.2664304205474;1.97866928668648e-08;2.56480371935562e-11;-8.74095122168216;-11.1520857820329;26.6007582479221;0.103218954524765;7.60205995461079
16.5671900402388;2.03489734284183e-08;2.79705000205932e-11;-8.72826645709733;-11.112270755517;26.6372422218246;0.110023374637108;7.60205995186009
16.8648816932089;2.09223820547238e-08;3.04913253082192e-11;-8.71530243541125;-11.072223910749;26.6745265452165;0.117266845955694;7.60205994895896
17.1593642955297;2.15071396335985e-08;3.32271506251647e-11;-8.70208378300008;-11.0319712781494;26.7125398925126;0.124976307375942;7.60205994590339
17.4508815844679;2.2104235390559e-08;3.62000562718265e-11;-8.68862033140592;-10.9914831905524;26.7512534045804;0.133192961722919;7.60205994268545
17.7392885003858;2.27138606948745e-08;3.94302030045543e-11;-8.67494268504072;-10.950783419382;26.7905783923959;0.141951947613555;7.60205993930136
18.0248828973342;2.3337144432734e-08;4.29450998101158e-11;-8.66106388697062;-10.9098371037828;26.8304765502021;0.151305658385809;7.60205993574225
18.3074862385881;2.39741660396678e-08;4.67689199957024e-11;-8.64702312897777;-10.8686798307905;26.8708342668422;0.161296316097767;7.60205993200508
18.5874116984771;2.46260979375974e-08;5.09347160751827e-11;-8.6328401695253;-10.8273443934662;26.9115937878227;0.171963071986369;7.60205992808061
18.8644962561884;2.52929778994802e-08;5.54692646624911e-11;-8.61856465452676;-10.7860782629636;26.9526117315283;0.183268255813839;7.60205992396631
19.1391803058109;2.59762886317094e-08;6.04095731820043e-11;-8.60421519960147;-10.7450793702838;26.9938341161381;0.195164311591058;7.602059919651
19.411254974371;2.66758775549326e-08;6.57791616779746e-11;-8.58984518422792;-10.7047471044264;27.035107672607;0.207503861663966;7.60205991513361
19.6812620111902;2.7393521858822e-08;7.16127626450475e-11;-8.5754658406165;-10.665438363751;27.0764009842828;0.220099174633882;7.60205991040093
19.949030758449;2.81291132383949e-08;7.79231548281828e-11;-8.5611232556919;-10.6277035358197;27.117583689631;0.232632672014068;7.60205990545188
20.2150223527025;2.88842807915763e-08;8.47280345038705e-11;-8.54682459084167;-10.5920474620846;27.1586385077549;0.244728823983753;7.60205990027397
20.4790030645242;2.96586728442765e-08;9.20132872694366e-11;-8.53261130828001;-10.5591275711629;27.1994511784441;0.255884440224699;7.60205989486801
20.7414503082691;3.04540213385869e-08;9.97671694587345e-11;-8.51848455287202;-10.5295228179602;27.2400244770528;0.26556401645269;7.60205988922062
21.0022114888079;3.12701613981579e-08;1.07941135772203e-10;-8.50447824317467;-10.5038100949794;27.280267441591;0.273222695632881;7.60205988333154
21.2616746032362;3.21086170348463e-08;1.16486812510708e-10;-8.49059553806875;-10.4823291662526;27.3201765087457;0.278451699370457;7.60205987718861
21.5198604133942;3.29697603010476e-08;1.25332517231083e-10;-8.47685695992;-10.4651999318113;27.3596959125016;0.281040101897158;7.60205987078779
21.7768803029196;3.38542461284824e-08;1.34404494574585e-10;-8.4632758541992;-10.4522647756435;27.398787502127;0.281023360407695;7.60205986412307
22.0329066909942;3.4762953891827e-08;1.4363352748767e-10;-8.4498604910246;-10.4431285345976;27.4374248562051;0.278660431067763;7.60205985718677
22.2879399270934;3.56961445013711e-08;1.52951321055238e-10;-8.43662642171432;-10.4372836970873;27.4755588416901;0.274340078888604;7.60205984997581
22.5419994380216;3.66541077254384e-08;1.62298871997577e-10;-8.42358662076599;-10.434237617071;27.5131474051954;0.268465991692437;7.60205984248708
22.7952402880056;3.76376388462725e-08;1.71630207011343e-10;-8.41074565613564;-10.4335899807722;27.5501732639418;0.261384607937111;7.60205983471356
23.0476810744923;3.86469976420869e-08;1.80902108994718e-10;-8.39811395263235;-10.434990692666;27.5866027503084;0.253408676692378;7.60205982665243
23.2993642408661;3.96825085958899e-08;1.90081032456688e-10;-8.38569947179137;-10.4380624205548;27.6224095607047;0.244849156121197;7.60205981830046
23.5504045481388;4.07447856719595e-08;1.99146173056807e-10;-8.37350564831094;-10.4423689134375;27.6575807212887;0.236021150739004;7.60205980965213
23.8008264715661;4.18340493682472e-08;2.08083404642956e-10;-8.3615393175139;-10.4474693351865;27.6920940922213;0.227209131132424;7.6020598007051
24.0506639720227;4.29505318262209e-08;2.16886595423816e-10;-8.34980572238504;-10.4530175123731;27.7259331142847;0.218612193177998;7.60205979145705
24.2998040203313;4.40937471685276e-08;2.2554836329169e-10;-8.33831550013316;-10.4588370037019;27.7590667230369;0.210321348293534;7.60205978191165
24.5482753630679;4.52637998635235e-08;2.34066475569839e-10;-8.32707088565673;-10.4649329466588;27.7914888486309;0.20232509476027;7.60205977206789
24.7962021578331;4.64612438261795e-08;2.42439552278544e-10;-8.31606826713455;-10.4714383958639;27.8232106218208;0.19455263384704;7.60205976192108
25.0435623206035;4.76859189430565e-08;2.50657937876725e-10;-8.30530886414186;-10.4785432439639;27.8542292631208;0.186920427687139;7.60205975147252
25.2904531751762;4.89382466152376e-08;2.58712922055584e-10;-8.29478702580607;-10.4864403111847;27.8845616198481;0.1793537807011;7.60205974071867
25.5368471139178;5.02180082660331e-08;2.66589861446003e-10;-8.28450092803206;-10.4952725162595;27.914213242935;0.171812122756743;7.60205972966144
25.7828711343805;5.15257939435608e-08;2.74278852171197e-10;-8.27444093456055;-10.5051081743131;27.9432119324099;0.164289226493597;7.60205971829589
26.0284225636384;5.28609643763714e-08;2.8176448613174e-10;-8.26460575995333;-10.5159138795676;27.9715612111266;0.156822577392356;7.60205970662762
26.2735848767138;5.42238773274434e-08;2.89039996893061e-10;-8.25498559177828;-10.5275902227904;27.9992890999843;0.149465986801308;7.60205969465372
26.5183863336878;5.56146032717623e-08;2.96100199917593e-10;-8.24557244165822;-10.5399968083669;28.0264183915146;0.14227979617616;7.60205968237372
26.7628378086674;5.70331179564063e-08;3.02942503843426e-10;-8.23635882604171;-10.5529903010209;28.0529705232198;0.135315448208029;7.602059669788
27.0068656426605;5.84788870521596e-08;3.09564590120586e-10;-8.22734042792457;-10.5664445303657;28.0789579230092;0.128610635325573;7.60205965690142
27.2506094366068;5.99526518962587e-08;3.15971640850474e-10;-8.21850537433468;-10.580275404102;28.104414885132;0.122181237138248;7.60205964370763
27.4939779805158;6.14537659943509e-08;3.22163862169126e-10;-8.20985073993707;-10.5944179734539;28.1293499842871;0.116035923501015;7.6020596302125
27.7369663251082;6.29820866525648e-08;3.28144456909272e-10;-8.20137095883785;-10.6088410677765;28.1537794406074;0.110170823336586;7.6020596164175
27.9797090329979;6.45383717459757e-08;3.33920104446025e-10;-8.19305703469372;-10.6235455101344;28.1777293696985;0.104572506614895;7.60205960231598
28.2223220200001;6.6123278457352e-08;3.39496898433202e-10;-8.1849103403545;-10.638529443331;28.2011960109388;0.0992312413192008;7.60205958790193
28.4661122607581;6.77455032440459e-08;3.44906542238123e-10;-8.17690528336044;-10.6538476460925;28.2242532580566;0.0941196053952182;7.60205957309636
28.7125954810014;6.94156921103888e-08;3.50181711975271e-10;-8.1690217749928;-10.6695509209734;28.2469591203545;0.0892159604945812;7.60205955780139
28.9632527549996;7.11448205017031e-08;3.55350837601604e-10;-8.16125307050301;-10.6856632251815;28.269333149182;0.0845094760775469;7.60205954191499
29.2192618886685;7.29422489499533e-08;3.60433193256572e-10;-8.15360384889272;-10.7021904069671;28.2913619864998;0.0799958205395157;7.60205952534889
29.4828542717176;7.48253528935577e-08;3.65465388230053e-10;-8.1460585635517;-10.7191753968277;28.3130905068902;0.0756607154992082;7.60205950794043
29.7565378201642;7.68144126279403e-08;3.70483894466596e-10;-8.1386008662418;-10.7366742238749;28.3345658804386;0.0714896557014869;7.60205948949865
30.0447205090615;7.89449384976111e-08;3.75551890381321e-10;-8.13118107729901;-10.7548316331095;28.3559312385274;0.0674517712837252;7.60205946969009
30.3531434396233;8.12644411050651e-08;3.80744109736417e-10;-8.12375179434772;-10.7737936276431;28.3773231241424;0.0635227940238023;7.60205944806661
30.691214850714;8.38513309754974e-08;3.86179072438401e-10;-8.1162305060908;-10.7938118782936;28.398979143482;0.0596652351471969;7.60205942388863
31.081404035316;8.68915998221067e-08;3.9214439804505e-10;-8.10836323795719;-10.8156410734592;28.4216305338119;0.0557662131081511;7.60205939540742
31.5752592665588;9.08177463091293e-08;3.99268370622143e-10;-8.09963315909507;-10.8408774194366;28.4467651976694;0.0516165089216696;7.6020593585564
32.3706433474928;9.73086764984692e-08;4.0987759437681e-10;-8.08826995635934;-10.8748932856024;28.479479432522;0.0465488244215426;7.60205929758945
34.0004431007116;1.11076468619867e-07;4.29602529328259e-10;-8.07326994771064;-10.917118668033;28.5226611158975;0.040864041975104;7.60205916809193
40.1669032023999;1.65514905911811e-07;5.01102105073242e-10;-8.05413027600062;-10.9357324610194;28.5777531691905;0.0375340904145374;7.60205865375695
81.1510112979723;5.49695149515087e-07;1.00502890824712e-09;-8.02808046073345;-10.9102480298248;28.6527251305451;0.0375835988905398;7.60205502385234
417.22499053121;3.96235031681615e-06;5.53878088736918e-09;-7.99334248112433;-10.8699771300407;28.7526598026145;0.0381982421002182;7.60202256487732
2764.99801101639;3.02882949551997e-05;4.09862222157988e-08;-7.95027214393244;-10.8210712152502;28.8762519785698;0.0388813872343596;7.60177304361434
13854.9753814861;0.000173735532030154;2.37368382094837e-07;-7.88823847220182;-10.7518286277162;29.0527856174008;0.0397738493008871;7.6004283217296
56600.43056785;0.000891886338217765;1.24408056027096e-06;-7.774674293797;-10.6279846238479;29.3699506959227;0.0411711395200932;7.59394907214443
197974.395439087;0.00515208777241655;7.44312404459095e-06;-7.52093930383413;-10.358044755276;30.0499398067779;0.0437258393624405;7.56033054290546
613491.683734786;0.0764113362222851;0.000115956879683637;-6.76574786038425;-9.58310430346325;31.6523053463943;0.0482002070255828;7.17865451710896
1722963.8247116;0.232240842032242;0.000352680393565436;-6.85246670813096;-9.67087500271034;28.8362979055277;0.0438057589418521;5.46391929664128
4529312.76952404;0.367873423808497;0.000560013116242508;-7.31577764208923;-10.1314738199024;28.0743087997218;0.0429153733158694;5.84578338434538
11884061.0966082;0.514778998632974;0.000785569182805591;-7.69952953928583;-10.5133133037598;27.5594491607646;0.0423142617751194;6.2397666839236
35977685.158929;0.699939986037969;0.00107029264372794;-8.11435264160212;-10.9274788756311;27.0023999546897;0.0415217961194633;6.66531336850477
101074609.114596;0.915064467757623;0.00139962066904561;-8.48087063017688;-11.2959317771174;26.5119727839594;0.0405864343027002;7.04247850117734
210515600.146679;1.12095000878352;0.00171257666326853;-8.72555416914206;-11.5436967428481;26.1858177609925;0.0398037112810215;7.29510425491659
365828190.093246;1.31673085468976;0.00200689504604428;-8.89943646130481;-11.7223892734646;25.9546044880309;0.0390176944181749;7.47500859842049
563122879.790071;1.5041230681787;0.00228581228516668;-9.02236385497086;-11.8496400384505;25.7939637258524;0.0383921029294132;7.60407556303007
792388247.915318;1.68452429426174;0.00255168772962314;-9.10409897209777;-11.9356602280535;25.6896062269318;0.0378613583831892;7.6915320703992
1038418987.28447;1.85645499754445;0.00280261742947499;-9.15563593209232;-11.991437304628;25.6255764950161;0.0374000576723751;7.74786005198568
1296299540.3926;2.02493885040924;0.00304687979290387;-9.1848603076854;-12.0235620381036;25.5915016049603;0.0371017195976513;7.78129354055052
1554920839.32718;2.18836839319773;0.00328232131414396;-9.19933372291404;-12.0407812334634;25.5757178382074;0.0368451493646293;7.79858095518552
1806223424.63935;2.34540312225525;0.00350772693029734;-9.20420124693995;-12.0472322238595;25.5720034010417;0.0367057224696882;7.80545966926414
2045295193.38954;2.49506154054638;0.0037221648835818;-9.20342714370131;-12.0472266412199;25.5749750220565;0.0366450839294767;7.80595642686752
2272378126.78771;2.63857277494505;0.00392774009207182;-9.19929859569314;-12.0432137563089;25.5819298943641;0.0366452883890695;7.80266377299318
2490401677.4947;2.77828435556103;0.00412826721152453;-9.19327100219943;-12.0363302929646;25.5910615107836;0.0367306834971694;7.79717356631389
2699826073.0295;2.91473588707997;0.00432471310905509;-9.1860488560917;-12.0277843069323;25.6015714494017;0.0368579496733062;7.79030710020918
2901309320.26668;3.04844350219096;0.00451818646635706;-9.17808279908023;-12.0176177736769;25.6129648560214;0.0370616609759898;7.782600391245
3093321737.08522;3.17834359609063;0.00470729444876117;-9.16971984901586;-12.0066194528627;25.62478568269;0.0373044497083571;7.77441604187271
3276172227.3601;3.30451128329515;0.00489233793851764;-9.16114798711775;-11.9948223188949;25.6368363227731;0.0376001951418166;7.76598353819283
3450742107.79049;3.42740209127133;0.00507410857520543;-9.15244991483692;-11.9824455860266;25.6490196109092;0.0379380581987543;7.75739699183403
3617293053.43824;3.54704861961795;0.00525269338093332;-9.14364700120299;-11.9697025972073;25.6613510414632;0.0383022178226414;7.74870783554632
3774891368.19999;3.66258567253445;0.00542676777599272;-9.13483028366166;-11.9568166745618;25.6736980304007;0.0386813869729707;7.74000254588212
3922941824.88142;3.77332983432737;0.00559539749484141;-9.12608891099044;-11.9434756354398;25.6859241809518;0.039111860190897;7.73136146553479
4061077425.10922;3.87872430610372;0.00575785849589498;-9.11748778756936;-11.9295564941831;25.6979751075512;0.0396123125877198;7.7228730930618
4190362570.43935;3.97935160916964;0.00591432595590634;-9.10883279473472;-11.9171245953871;25.7102209909208;0.0399773506018008;7.71441125657608
4312268888.91857;4.07621400275548;0.00606509342918918;-9.0998710191707;-11.9077185594137;25.7229822558621;0.0400381293136126;7.70570350351184
4426180248.66783;4.16854780817943;0.00620957216552195;-9.09120630118196;-11.8967631015455;25.7349440554949;0.040268590465436;7.69703302503645
4527212958.3772;4.25175752277693;0.00634348156875524;-9.08428796855731;-11.8776509263612;25.7438541614888;0.0414295874509985;7.6896829496928
4610714916.72695;4.32137837443229;0.00646064160476934;-9.07895732939667;-11.8529171644904;25.7509667917104;0.0433344913913088;7.68418597890652
4678219569.37325;4.37848252503906;0.00655947399621927;-9.07266603086647;-11.8344344027631;25.7614978492488;0.0445864339583022;7.67912495423358
4723733015.55801;4.41783322812936;0.00662700149852382;-9.06318722420994;-11.8286590342296;25.7802792014624;0.0442400700997279;7.67344475686771
4748845530.51427;4.44023559144983;0.00666468222198504;-9.04959637208859;-11.8237709758542;25.8103130044103;0.0434128869733257;7.66737452916551
4759492609.11398;4.4500775382302;0.00668103215647513;-9.03414944787422;-11.8137144432666;25.8476964843496;0.0429394868382848;7.66264596970662
4762718279.15602;4.45313037887172;0.00668607552017564;-9.02391580608973;-11.8058996524891;25.8738770490892;0.0427442463015535;7.6604580848055
4764201784.41987;4.45455841009303;0.00668842449820669;-9.01655138903778;-11.8004101366085;25.8931787374736;0.0425918615089405;7.6591919022343
4765044803.86759;4.45538049004454;0.00668977113488377;-9.01092353656572;-11.796587154769;25.9081299958133;0.0424397140728071;7.65835855188273
4765563606.43491;4.45589155594199;0.00669060472933343;-9.0065252143551;-11.7940473022554;25.9199386244498;0.0422777514228009;7.65778994245585
4765897480.91429;4.45622315193241;0.00669114315148722;-9.00297395329322;-11.7924603028578;25.9295688463192;0.0421026028914021;7.65739479332382
4766110820.37497;4.45643645234796;0.00669148783936356;-9.00007949132956;-11.7916451845801;25.937498928264;0.041914317888007;7.6571267675083
4766245937.55103;4.45657229964762;0.00669170624432666;-8.99765954985911;-11.7914480567304;25.944197898235;0.0417111094485798;7.65694870603926
4766328645.99688;4.45665585015651;0.00669183983770895;-8.99560076077247;-11.791764914836;25.9499542149985;0.0414927712586967;7.65683532547841
4766377171.78253;4.45670507370384;0.00669191808166017;-8.99379966732445;-11.792521801886;25.9550355964005;0.041257175668514;7.65676654285512
4766403719.51509;4.45673210335607;0.00669196077570489;-8.99218697575505;-11.7936601332237;25.9596196980584;0.0410039002555903;7.65672780044588
4766417069.31285;4.45674574251423;0.00669198217152798;-8.99068712134197;-11.7951456882813;25.9639071113123;0.0407297251849183;7.65670780261102
4766423048.6195;4.4567518721687;0.0066919917141344;-8.9892148330766;-11.796983814886;25.9681314154069;0.0404270189905446;7.65669862422275
4766425207.39498;4.456754092612;0.00669199514290855;-8.98776778852926;-11.7990685974462;25.9722917446661;0.0401060105487584;7.65669523136218
4766425869.14579;4.45675477580083;0.00669199618796735;-8.98615372288203;-11.8015537527466;25.9769363508893;0.0397363434205223;7.65669416639327
4766426013.85774;4.45675492588058;0.00669199641490488;-8.98418230165351;-11.8045980746338;25.9826108534451;0.0392886418247158;7.65669392723935
4766426036.4471;4.45675494944161;0.00669199645002879;-8.98170963769745;-11.8083010016837;25.9897284795633;0.0387445283426591;7.65669388866191
4766426041.48471;4.45675495473447;0.00669199645778089;-8.97853410804739;-11.8128055231702;25.9988693206375;0.0380787817834026;7.65669387967679
4766426044.08332;4.45675495749011;0.00669199646173218;-8.97451759254406;-11.8180012164176;26.0104308649259;0.0372961430999866;7.65669387478867
4766426045.85561;4.4567549593892;0.00669199646439318;-8.96999134485984;-11.8234925288563;26.023459582497;0.036463961355593;7.65669387125165
4766426047.1746;4.45675496081801;0.0066919964663471;-8.96526597080668;-11.8293336873684;26.0370614404813;0.0356060872199852;7.65669386845447
4766426048.26731;4.45675496201549;0.00669199646794162;-8.96023654623533;-11.8358747939694;26.0515384741688;0.034689267385791;7.65669386599223
4766426049.2064;4.45675496305714;0.0066919964692892;-8.95498213986681;-11.8431496554138;26.066663088117;0.0337223571130396;7.65669386374349
4766426050.03292;4.45675496398547;0.00669199647045348;-8.94955785771173;-11.8512020079739;26.0822766614098;0.0327115668600255;7.65669386164165
4766426050.7675;4.45675496482105;0.00669199647146737;-8.94404853440204;-11.8600456550972;26.0981350030699;0.0316673959798699;7.65669385966068
4766426051.43777;4.45675496559343;0.00669199647237176;-8.93841835433812;-11.8698902803491;26.1143412081768;0.0305778642487289;7.65669385774687
4766426052.05147;4.45675496630995;0.00669199647317931;-8.93272519016266;-11.8807868171277;26.1307286924277;0.0294503115751881;7.65669385589439
4766426052.63351;4.45675496699883;0.00669199647392358;-8.92681349075373;-11.893227066662;26.1477451989908;0.0282501441595904;7.65669385403884
4766426053.1792;4.45675496765371;0.00669199647459921;-8.92078069799012;-11.9072328949309;26.1651102413092;0.0269941944494738;7.65669385220274
4766426053.70066;4.45675496828859;0.00669199647522145;-8.91453556176174;-11.9232670777744;26.1830864698516;0.025661930472455;7.6566938503521
4766426054.19611;4.45675496890074;0.00669199647578838;-8.90813951711101;-11.9414701261303;26.2014970380857;0.0242658493303247;7.65669384849842
4766426054.67427;4.45675496950059;0.00669199647630984;-8.90152938397053;-11.9623495402153;26.2205237930024;0.0227940347934591;7.65669384661331
4766426055.12761;4.45675497007811;0.00669199647677826;-8.89486137489418;-11.9857922516846;26.2397170784384;0.0212827758608612;7.65669384473164
4766426055.56548;4.45675497064472;0.00669199647720367;-8.88805245088158;-12.012527178524;26.2593159052832;0.0197155401600491;7.65669384282019
4766426055.98646;4.4567549711982;0.00669199647758502;-8.8811665295424;-12.0429534832352;26.2791362853348;0.0181060674332854;7.65669384088912
4766426056.39556;4.4567549717448;0.00669199647792665;-8.87415360775648;-12.0782600377984;26.2993221418487;0.0164375892828358;7.65669383891913
4766426056.79167;4.45675497228278;0.00669199647822743;-8.86705980390938;-12.1195772224091;26.3197407221591;0.0147151328797378;7.65669383691832
4766426057.18187;4.45675497282166;0.00669199647849148;-8.85978075201435;-12.169597398172;26.3406924207732;0.0129065610780455;7.65669383485218
4766426057.55579;4.45675497334677;0.00669199647871176;-8.85253481867179;-12.2298073444989;26.3615486927329;0.0110585553206979;7.65669383277841
4766426057.92484;4.45675497387395;0.00669199647889382;-8.84512457000909;-12.3068616305163;26.3828778104029;0.00911139984332165;7.6566938306367
4766426058.2881;4.45675497440196;0.00669199647903502;-8.83757980004253;-12.4103953480143;26.4045940000462;0.0070609631687722;7.65669382843156
4766426058.64572;4.45675497493103;0.00669199647913308;-8.82990907312803;-12.5619228422403;26.4266725904094;0.00489811203988203;7.65669382616177
4766426058.98683;4.45675497544451;0.00669199647918524;-8.82236700834729;-12.8155374989777;26.4483806968821;0.00268675828561154;7.65669382390085
4766426059.32869;4.45675497596843;0.00669199647919133;-8.81458512094002;-13.7495613402661;26.4707788940845;0.000307461329744967;7.65669382153632
4766426059.66335;4.45675497649066;0.00669199647914798;-8.80674716086864;-12.8876827550256;26.4933382677522;-0.00219887777880231;7.65669381912144
4766426059.99395;4.45675497701609;0.00669199647905156;-8.798787046117;-12.53511962327;26.5162489774855;-0.00486608298568002;7.65669381663399
4766426060.31515;4.45675497753599;0.00669199647890151;-8.79084382059976;-12.3305342788149;26.5391107867691;-0.00765942043591344;7.65669381411582
4766426060.63318;4.45675497806043;0.00669199647869135;-8.7827732701953;-12.1799242248814;26.5623387150711;-0.0106442570952886;7.65669381151938
4766426060.94621;4.4567549785864;0.00669199647841796;-8.77462754047559;-12.0587947115038;26.5857826155207;-0.0138191801458015;7.65669380885914
4766426061.25669;4.45675497911814;0.00669199647807375;-8.76634721040402;-11.9552258649262;26.6096134266669;-0.0172250269799875;7.65669380611336
4766426061.55838;4.4567549796447;0.00669199647766242;-8.75810890744627;-11.8653737695475;26.6333227332659;-0.0208046536244472;7.65669380333871
4766426061.85435;4.4567549801712;0.00669199647717648;-8.74984234778755;-11.7846556302325;26.6571127229713;-0.0246036661845428;7.65669380051012
4766426062.14771;4.45675498070323;0.00669199647660461;-8.74146804698593;-11.7101038717185;26.6812120241591;-0.0286793780780977;7.65669379759786
4766426062.43624;4.45675498123673;0.006691996475945;-8.73305547194098;-11.640904696621;26.7054205926299;-0.0330179569942592;7.65669379462374
4766426062.71963;4.45675498177101;0.00669199647519287;-8.72462242278774;-11.5760942682935;26.7296870629897;-0.0376289438375183;7.65669379159223
4766426062.99858;4.45675498230725;0.00669199647434022;-8.71615714858273;-11.5147474713151;26.7540450834725;-0.0425401612555184;7.6566937884972
4766426063.27406;4.45675498284733;0.00669199647337645;-8.70763631119365;-11.4561205294995;26.7785616134885;-0.0477862584088632;7.65669378532816
4766426063.54705;4.45675498339324;0.00669199647228869;-8.69903340988003;-11.3996214526018;26.8033126687543;-0.0534072762696125;7.65669378207313
4766426063.81628;4.45675498394243;0.00669199647107272;-8.69039258381278;-11.3451922327203;26.8281709915954;-0.0594006800147893;7.65669377874702
4766426064.08132;4.45675498449398;0.00669199646972171;-8.68173202198686;-11.2926564843029;26.8530839740848;-0.0657763405030583;7.65669377535563
4766426064.34241;4.45675498504827;0.00669199646822545;-8.67304940384292;-11.241777086531;26.8780579871257;-0.0725554773744742;7.65669377189709
4766426064.59885;4.45675498560367;0.0066919964665793;-8.66437113456534;-11.1925152277173;26.903016750614;-0.079736448649197;7.65669376838194
4766426064.85209;4.45675498616328;0.00669199646476343;-8.65565136676718;-11.1444467552422;26.9280917384402;-0.0873796276476505;7.65669376479134
4766426065.10064;4.45675498672364;0.0066919964627789;-8.64694493582737;-11.0977559873889;26.9531248565257;-0.095454865833094;7.65669376114761
4766426065.34404;4.45675498728346;0.00669199646062186;-8.63827278841555;-11.0524676628583;26.978055506605;-0.10394791184486;7.65669375746009
4766426065.58226;4.45675498784236;0.00669199645828673;-8.62964415451168;-11.0086639424104;27.0028569066857;-0.112820995401966;7.65669375373266
4766426065.81527;4.45675498839994;0.0066919964557696;-8.62106875431473;-10.9664697466853;27.0275009972683;-0.122012661232079;7.65669374996912
4766426066.04304;4.45675498895578;0.00669199645306858;-8.61255556666303;-10.9259740350164;27.0519619455512;-0.13145596556187;7.65669374617373
4766426066.26552;4.45675498950936;0.00669199645018474;-8.60411568223657;-10.8873261271166;27.0762080828306;-0.141051399045369;7.65669374235143
4766426066.48262;4.45675499006003;0.00669199644712279;-8.59576104263655;-10.8506536929488;27.1002054789819;-0.150688438821783;7.65669373850828
4766426066.69424;4.45675499060711;0.00669199644389089;-8.58750357986924;-10.816099216676;27.1239205011789;-0.160234793867562;7.65669373465057
4766426066.90026;4.45675499114981;0.00669199644050136;-8.57935549851191;-10.7837794380711;27.1473189427319;-0.169552034652722;7.65669373078568
4766426067.10043;4.45675499168691;0.00669199643697301;-8.57133419640143;-10.753810108684;27.1703518824757;-0.178492244489247;7.65669372692419
4766426067.29448;4.45675499221714;0.00669199643332855;-8.56345564571661;-10.726294874172;27.1929746984151;-0.186903524094596;7.65669372307694
4766426067.48149;4.45675499273726;0.00669199642960932;-8.55576534702427;-10.7014111792514;27.2150580958732;-0.194609229646073;7.65669371926996
4766426067.6607;4.45675499324432;0.00669199642585863;-8.54830425684924;-10.6792526183916;27.2364857615054;-0.201466438759461;7.65669371552733
4766426067.83141;4.45675499373537;0.00669199642212269;-8.54111481443899;-10.6598439844242;27.2571368866565;-0.207372453137026;7.65669371187394
4766426067.99312;4.45675499420801;0.00669199641844445;-8.5342329769956;-10.6431167399419;27.2769088926616;-0.212281129709164;7.65669370833101
4766426068.14823;4.45675499466833;0.00669199641479734;-8.52757305638828;-10.6286857240394;27.2960483624372;-0.216265434101529;7.65669370485617
4766426068.30062;4.4567549951275;0.00669199641110884;-8.52098161864152;-10.6161054444053;27.314996569364;-0.21942056273949;7.65669370136726
4766426068.45949;4.45675499561386;0.00669199640716137;-8.51407029104293;-10.60470909872;27.3348707593999;-0.221859595680262;7.65669369764931
4766426068.63342;4.45675499615575;0.00669199640273423;-8.50647088318448;-10.5942571261918;27.3567315169981;-0.223500225275147;7.65669369348202
4766426068.82166;4.45675499675347;0.00669199639784336;-8.49822174120316;-10.5853368740058;27.380470957781;-0.224040112018843;7.65669368885561
4766426069.01856;4.45675499739122;0.00669199639264835;-8.48957921773848;-10.5786451010749;27.4053531299211;-0.223238717674261;7.65669368388452
4766426069.22181;4.45675499806324;0.0066919963872339;-8.48065677541592;-10.5744825893815;27.4310519552341;-0.221012404117264;7.6566936786083
4766426069.43085;4.45675499876913;0.00669199638164573;-8.4714954511353;-10.5729609201409;27.4574489067488;-0.217367552381871;7.65669367302558
4766426069.64316;4.4567549995015;0.00669199637598503;-8.46222366848444;-10.574088247069;27.4841728357895;-0.212431097272844;7.65669366719042
4766426069.85989;4.45675500026554;0.0066919963702557;-8.45280989492346;-10.5778208189522;27.5113131146474;-0.20630055471062;7.65669366105886
4766426070.07866;4.45675500105371;0.00669199636455486;-8.44337751381059;-10.5840589989962;27.5385123740446;-0.19918608280392;7.65669365468787
4766426070.3007;4.45675500187128;0.00669199635888382;-8.43389321114589;-10.5927556202684;27.5658649528694;-0.191209389585936;7.65669364803277
4766426070.52458;4.45675500271382;0.00669199635330826;-8.42443584282043;-10.6037354736856;27.5931417042926;-0.182600314162355;7.65669364112699
4766426070.75055;4.45675500358286;0.00669199634784742;-8.41501231723522;-10.6167934020668;27.6203209738259;-0.173559198686005;7.65669363395611
4766426070.9783;4.4567550044778;0.00669199634252835;-8.40565125259183;-10.6316081510127;27.6473186475189;-0.164322154141419;7.65669362652338
4766426071.20754;4.45675500539806;0.00669199633737041;-8.39637694375094;-10.6478152520669;27.6740634458657;-0.155108152136301;7.65669361883191
4766426071.43833;4.45675500634435;0.0066919963323805;-8.38719814182993;-10.6651257695658;27.7005294448012;-0.146069802530573;7.65669361087468
4766426071.67028;4.45675500731544;0.00669199632757174;-8.37813878268999;-10.6833665326803;27.7266474889248;-0.137299707153064;7.65669360266063
4766426071.90356;4.45675500831241;0.00669199632294498;-8.36919830465061;-10.7026026857585;27.7524194665199;-0.128794248670065;7.65669359417976
4766426072.13798;4.45675500933479;0.00669199631850945;-8.36038795565269;-10.7230552932676;27.7778134181921;-0.120512117888687;7.65669358543514
4766426072.3733;4.45675501038175;0.00669199631427716;-8.3517187358372;-10.7450748892159;27.8027981236717;-0.112391211572835;7.65669357643302
4766426072.60969;4.45675501145436;0.00669199631025467;-8.34318406073267;-10.7691288865973;27.8273929404645;-0.104358467940988;7.65669356716375
4766426072.84674;4.45675501255098;0.00669199630645963;-8.33479680646019;-10.7956384734586;27.8515609852974;-0.0963846498365589;7.6566935576407
4766426073.08488;4.45675501367375;0.00669199630289697;-8.32653973465577;-10.8250578621403;27.8753519871418;-0.0884508951624826;7.65669354784493
4766426073.32355;4.45675501482023;0.00669199629958439;-8.31842856348214;-10.857626399733;27.8987206002889;-0.080609541566432;7.65669353779729
4766426073.56303;4.45675501599194;0.00669199629652471;-8.31044923477651;-10.8935961528015;27.921707242165;-0.0729113351673173;7.65669352748409
4766426073.80312;4.45675501718802;0.0066919962937242;-8.30260423507999;-10.9331255972772;27.944304712468;-0.0654292506047175;7.65669351691257
4766426074.04381;4.4567550184086;0.00669199629118317;-8.2948926903724;-10.9764484331883;27.9665155836084;-0.058221396351251;7.65669350608122
4766426074.2851;4.45675501965375;0.00669199628889933;-8.28732570506083;-11.0238816136362;27.9883080189247;-0.0513358475076176;7.65669349498886
4766426074.52691;4.45675502092302;0.00669199628686883;-8.27992224129594;-11.0758748621274;28.0096276198464;-0.0448079127710464;7.6566934836393
4766426074.76965;4.45675502221852;0.00669199628508249;-8.27269480386009;-11.1331657265818;28.0304386211721;-0.0386508430305021;7.65669347201336
4766426075.01357;4.45675502354161;0.00669199628353206;-8.26565896540733;-11.1967963470033;28.0506964325254;-0.0328704966970632;7.65669346009838
4766426075.2598;4.45675502489849;0.00669199628220535;-8.25880514328709;-11.2685728876177;28.0704288806143;-0.0274461418656967;7.65669344783864
4766426075.50917;4.45675502629394;0.00669199628109435;-8.25213559072422;-11.3511352201866;28.0896296909992;-0.0223638404089449;7.65669343519009
4766426075.76378;4.45675502774023;0.00669199628018961;-8.24561818741647;-11.44935134039;28.1083915172414;-0.0175833994044464;7.65669342204098
4766426076.02555;4.45675502924922;0.00669199627948809;-8.23923291467504;-11.5718754368687;28.1267721396306;-0.0130760740912787;7.65669340828237
4766426076.29613;4.4567550308316;0.00669199627899178;-8.23297633032032;-11.7365367559068;28.1447815968798;-0.00882749453368011;7.65669339381438
4766426076.58107;4.45675503252201;0.00669199627870504;-8.22676925213907;-11.9972701755269;28.1626479164807;-0.00477719052611103;7.65669337831815
4766426076.88252;4.45675503433576;0.00669199627864483;-8.22062979120276;-12.6995611401742;28.1803190529239;-0.000935437027940165;7.65669336164859
4766426077.21257;4.45675503635028;0.00669199627884379;-8.21440713727475;-12.2198263938914;28.1982291462816;0.00278485494389812;7.65669334308997
4766426077.58669;4.45675503866786;0.00669199627937237;-8.20797433326477;-11.8498986638489;28.2167436425748;0.0064355039603868;7.65669332169123
4766426078.05412;4.45675504161151;0.00669199628043906;-8.2008367357777;-11.6416820925759;28.2372861882648;0.0102324021122236;7.65669329446142
4766426078.77077;4.45675504622031;0.00669199628282632;-8.19171839141157;-11.4774067974087;28.2635289771659;0.0146398956373561;7.6566932517846
4766426080.18104;4.45675505555591;0.00669199628930907;-8.1791609655057;-11.337543876502;28.2996691268951;0.0196516240372598;7.6566931652585
4766426084.97888;4.45675508862899;0.00669199631654172;-8.16157067201712;-11.2459553659027;28.35029493613;0.0233438716903414;7.6566928578025
4766426115.38655;4.45675530840614;0.00669199650065818;-8.14100065705469;-11.2178905909168;28.4094967808773;0.0237998164259101;7.65669080317031
4766426367.70991;4.45675727494716;0.00669199812604751;-8.10825443820439;-11.1910000420832;28.5037206864487;0.0235589510466238;7.65667241871094
4766428432.75783;4.45677481645665;0.00669201241640323;-8.07086317293257;-11.1598870962076;28.6110952616657;0.0233082978984812;7.65650780515493
4766444871.61578;4.45693828152272;0.00669214326509524;-8.00244668820106;-11.0991022568489;28.805754511247;0.0230581089324012;7.65499813146982
4766517083.54174;4.45789307896633;0.00669289545651276;-7.87869768064234;-10.9822805543625;29.1492782079758;0.0229638621696284;7.64654287604285
4766775269.33767;4.46483797983416;0.00669833898469476;-7.57026629496318;-10.6760518702479;29.9601348907947;0.0234832493246979;7.59517561555927
4767548001.06148;4.58477673824542;0.00678134225744685;-6.80906919341055;-9.96893352558691;31.066709714141;0.0214996270936121;6.87068546105915
4769631988.18818;4.7281474023319;0.00687154404840083;-7.16243473501399;-10.3636798713596;28.2884060268194;0.0177976778102487;5.69392546783948
4775086970.66777;4.86722082714966;0.00695488083420538;-7.59354921034477;-10.8159566138018;27.6957408302674;0.0165960824240481;6.1270054106031
4791601877.00515;5.03135530070475;0.00704842194544082;-8.00267630843747;-11.2468735901087;27.1477230933455;0.0154716320749714;6.54763261646017
4849480124.19639;5.24579650069703;0.00716404009108118;-8.43120714146243;-11.6994893706973;26.575091749512;0.0143282299689227;6.98912920638885
4965704769.87883;5.46517593517408;0.00727724444570829;-8.72410231827449;-12.0114350977243;26.1855453113759;0.0135122864392441;7.292115248957
5136364145.8381;5.67297723884141;0.00738110722432511;-8.91448188540867;-12.2156702162449;25.9340545379117;0.0129623006091417;7.49019723570877
5354557050.37105;5.87050942622899;0.0074772098823394;-9.04320275060211;-12.3561052239732;25.7657391012078;0.0125354558468505;7.62527805727046
5602579341.7549;6.05706809237741;0.00756579708284027;-9.12367528747876;-12.447119737971;25.664142037506;0.0121865927930184;7.71215122869422
5866802284.80505;6.23513675816984;0.00764874400563576;-9.17138302095345;-12.5031702466506;25.6054243625196;0.0119273716590842;7.76466485420655
6136180218.95761;6.40616946739898;0.00772674373594715;-9.19728284282489;-12.5382689169135;25.5756044146998;0.0116637937613723;7.79454806892853
6400407314.29184;6.5696584146743;0.00779998311571114;-9.20848895319803;-12.5572326927907;25.5641360470283;0.011452159301838;7.80843568447239
6656320928.32667;6.72698053558177;0.00786913410775499;-9.21130359736834;-12.5682949750998;25.5629369315762;0.0112361976699548;7.81304721746948
6900465969.63362;6.87781286019382;0.00793418996411267;-9.20915348359777;-12.5743615099545;25.5675697356905;0.0110276106160808;7.81200771187242
7133650743.49134;7.02358538998768;0.00799591443192699;-9.20402449835129;-12.5772428349648;25.575804227526;0.0108295637531956;7.80764606195556
7355034153.14425;7.16413937879125;0.00805424083436494;-9.1973018969509;-12.5792798819298;25.5857746260982;0.0106174588158731;7.80137960082196
7565898190.74657;7.30040542580321;0.00810969170767051;-9.18961486058086;-12.5800941277672;25.5968668892866;0.0104161576124139;7.79400802958662
7766838253.40648;7.432733722759;0.00816240726045532;-9.18141381011837;-12.5811277683829;25.608522290984;0.0102016533094394;7.78602422576873
7959740069.60408;7.56231106032411;0.00821291578653958;-9.17280726438551;-12.5819716212839;25.6206624960672;0.00998679185955897;7.77758454356463
8145300798.5083;7.68952575189751;0.00826136228295889;-9.16394880047189;-12.5832236948372;25.6330930360611;0.00976171489808571;7.76885438795077
8322438516.04782;7.81350053268996;0.00830745356696835;-9.15497769533228;-12.5846922375387;25.6456452161155;0.00953452556807162;7.75998888863845
8490284730.75227;7.93343029298117;0.00835095065164381;-9.14598458577513;-12.5864514013966;25.6582314257104;0.00930593259118277;7.75110381082243
8648310920.12498;8.04868624682116;0.00839167573311504;-9.13706569846887;-12.5888671059032;25.6706940175278;0.00907060390770044;7.74227887329516
8797730116.31541;8.15991798730109;0.00842994424124302;-9.1281776629415;-12.5915648638895;25.6831276998203;0.00883610178975697;7.73349395194887
8937569090.47307;8.26616913561886;0.00846552529973521;-9.11929459694855;-12.5944093657083;25.6956442032246;0.00860487847769029;7.724773926044
9067677337.93075;8.36709859424633;0.00849840259024498;-9.11028688325362;-12.5974088078398;25.7084328643646;0.00837439957894249;7.71599603546086
9189144051.83853;8.46329905327202;0.00852892537578293;-9.10128013818578;-12.5998331172761;25.7210911141672;0.00816086904190518;7.70713287866976
9304208428.03393;8.55619529860659;0.0085577565113694;-9.09294272624019;-12.6010791388436;25.7323071474752;0.00798623920320654;7.69859329956975
9411500979.11847;8.64420465954143;0.00858460200213692;-9.08604070414439;-12.6016982237999;25.7412010943907;0.00785183722485758;7.69126260295016
9506827741.7757;8.72356586037591;0.00860838361539032;-9.07960661380689;-12.6029735322693;25.7504237100108;0.00771644848293161;7.68505137383146
9582723518.32017;8.78800931216801;0.00862689185544341;-9.07103881437046;-12.6128524852142;25.7652400737611;0.00739980921334015;7.67847426165149
9632296290.28078;8.83127155662895;0.00863768323114043;-9.05913415698506;-12.6621663914545;25.7881918929127;0.00643263128695108;7.67091567567987
9656105038.45331;8.85265131530823;0.00864117451643039;-9.04673376259878;-12.8337512228817;25.8143968926583;0.0042154556322398;7.66457722108617
9662986677.23206;8.85894050461763;0.00864148002507529;-9.03909720499048;-13.3526683686415;25.8323069176991;0.00125485061631456;7.66185783399357
9663859240.63416;8.85974222437126;0.00864146126759056;-9.03677440909014;-13.6676223919189;25.8383664714748;-0.000604528904613297;7.66143956663468
9663916925.66392;8.85979533509124;0.00864145770049272;-9.03588093218533;-13.2087480995968;25.840893820978;-0.00173556292490023;7.66141001121357
9663921211.19699;8.85979928782191;0.00864145727401038;-9.03510762649691;-13.0021038012199;25.843116076609;-0.00278835909813692;7.66140773325803
9663921664.1549;8.85979970636671;0.0086414572113333;-9.03431590280132;-12.8589490911791;25.8453943353183;-0.00387034762847629;7.66140748428153
9663921719.54663;8.85979975765141;0.0086414572013292;-9.03345705264595;-12.7432669296445;25.8478660654192;-0.00504213904254724;7.66140745279211
9663921728.28726;8.85979976576216;0.0086414571993319;-9.03248196955302;-12.6410991320378;25.8506722945388;-0.00636582476937686;7.66140744763341
9663921731.60546;8.85979976884984;0.00864145719837663;-9.03127027196652;-12.5407750289839;25.8541594058579;-0.00799881523543288;7.66140744558743
9663921733.69734;8.85979977080275;0.00864145719762966;-9.02985347019681;-12.4472377530574;25.8582366646067;-0.00989041746435117;7.66140744423267
9663921735.2102;8.85979977222034;0.00864145719697111;-9.02824908135196;-12.3612094579354;25.8628536094996;-0.0120147866970003;7.66140744319939
9663921736.38072;8.85979977332168;0.00864145719635924;-9.02645624107496;-12.2817178206894;25.8680126739834;-0.0143714796890798;7.66140744235321
9663921737.35868;8.85979977424616;0.00864145719575114;-9.02442695788979;-12.2063492221862;25.8738518916572;-0.0170191875231649;7.66140744160222
9663921738.18253;8.85979977502891;0.00864145719514992;-9.02221885809073;-12.1368098212841;25.8802053743932;-0.0198781862389608;7.66140744092825
9663921738.90309;8.85979977571736;0.00864145719453892;-9.01980827391458;-12.0716306121158;25.8871411545682;-0.0229753297678638;7.66140744029922
9663921739.56108;8.85979977634991;0.00864145719389386;-9.01711685542586;-12.0086159453144;25.8948845675697;-0.0264067460855926;7.66140743968474
9663921740.15344;8.85979977692321;0.00864145719322782;-9.01420316214099;-11.949085587753;25.9032670273226;-0.0300934595329415;7.66140743909164
9663921740.68475;8.85979977744109;0.00864145719254901;-9.01112235116689;-11.8936008614701;25.9121297646928;-0.0339644510415603;7.6614074385211
9663921741.18676;8.85979977793422;0.00864145719182272;-9.00774710469433;-11.8396014911648;25.9218389312749;-0.038177845955011;7.66140743794253
9663921741.65232;8.85979977839534;0.00864145719106476;-9.00416147760505;-11.7883319160308;25.9321526097631;-0.0426253669089649;7.66140743736616
9663921742.0929;8.85979977883561;0.00864145719026094;-9.00031456892064;-11.738867840719;25.9432170889562;-0.047366419608657;7.66140743678016
9663921742.51015;8.85979977925651;0.00864145718941133;-8.99621051179723;-11.691171481676;25.9550203400429;-0.0523914482400887;7.66140743618376
9663921742.91041;8.8597997796644;0.00864145718850403;-8.9917954642952;-11.6445952051562;25.9677170505626;-0.0577609103639298;7.66140743556867
9663921743.29061;8.85979978005605;0.00864145718754806;-8.98711036235586;-11.5995608367481;25.9811893305693;-0.063417417605623;7.66140743494033
9663921743.66072;8.85979978044181;0.00864145718651663;-8.98202443665379;-11.5548926821093;25.9958130168638;-0.0695080586744448;7.6614074342821
9663921744.02036;8.85979978082143;0.00864145718540676;-8.97651641004168;-11.5106031354471;26.0116490264418;-0.0760468378431986;7.66140743359287
9663921744.36572;8.85979978119096;0.00864145718422885;-8.9706319155972;-11.4671628501152;26.0285658959963;-0.0829696591183787;7.66140743287911
9663921744.70284;8.859799781557;0.00864145718295836;-8.96424907093167;-11.4238085704586;26.046913721782;-0.0904058995745062;7.6614074321271
9663921745.03077;8.85979978191877;0.00864145718159326;-8.95734834728651;-11.3806214253616;26.0667482925407;-0.0983589265156633;7.66140743133647
9663921745.35003;8.85979978227708;0.0086414571801256;-8.94988557526402;-11.3375097658721;26.0881961753414;-0.106861154275793;7.66140743050354
9663921745.66218;8.85979978263397;0.00864145717854087;-8.94183129482364;-11.294418813602;26.1113415434736;-0.115942234672971;7.66140742962113
9663921745.96857;8.85979978299128;0.00864145717682392;-8.9332205779837;-11.2515075504464;26.1360829531423;-0.125589556677428;7.66140742868198
9663921746.26914;8.85979978334925;0.00864145717496648;-8.92410684728849;-11.2090369738691;26.1622663199482;-0.135751687115929;7.66140742768292
9663921746.56323;8.85979978370724;0.00864145717296639;-8.91459808276457;-11.1674271716551;26.18958088725;-0.146318573880133;7.66140742662381
9663921746.85052;8.85979978406496;0.00864145717082181;-8.9047873128568;-11.1269806974455;26.2177590704721;-0.157181773110956;7.66140742550464
9663921747.1358;8.8597997844286;0.00864145716848859;-8.89459414297847;-11.087307498703;26.2470315231877;-0.168409597201845;7.66140742430442
9663921747.41673;8.85979978479542;0.00864145716597864;-8.88415344263839;-11.0489416876088;26.2770109572198;-0.179799184325666;7.66140742303005
9663921747.69118;8.8597997851626;0.00864145716331087;-8.87358124468741;-11.0123128194691;26.307364693837;-0.191137442468626;7.66140742169094
9663921747.96435;8.85979978553734;0.00864145716042969;-8.86270375969612;-10.9768664811591;26.3385924623269;-0.202502244410889;7.66140742026
9663921748.23439;8.85979978591737;0.00864145715735059;-8.85161649435659;-10.9430075579129;26.3704211481252;-0.213661366758619;7.66140741874371
9663921748.50162;8.85979978630332;0.00864145715406951;-8.84033413265682;-10.910854476734;26.4028100422003;-0.224455270197598;7.66140741713804
9663921748.76636;8.85979978669593;0.0086414571505838;-8.82887439544026;-10.8805342248381;26.4357100479812;-0.234709760562115;7.66140741543853
9663921749.02726;8.85979978709324;0.00864145714691842;-8.81733332251875;-10.8523501285974;26.4688474427436;-0.244184574106568;7.66140741365242
9663921749.2866;8.85979978749896;0.00864145714304859;-8.80564213879536;-10.8261775511244;26.5024218393626;-0.252784330777461;7.6614074117622
9663921749.54426;8.85979978791318;0.00864145713898481;-8.79383145914294;-10.8021301565632;26.5363474856566;-0.260340927702581;7.66140740976571
9663921749.80121;8.85979978833776;0.0086414571347224;-8.78187821254215;-10.7801809183761;26.570692636076;-0.266747384486346;7.66140740765208
9663921750.05424;8.85979978876752;0.00864145713033113;-8.76995089171264;-10.7605866512986;26.6049745781857;-0.271848592447779;7.66140740544579
9663921750.30576;8.85979978920667;0.00864145712578668;-8.75795546481979;-10.7430884942496;26.6394643733744;-0.275671874284381;7.66140740312488
9663921750.55519;8.85979978965439;0.00864145712111675;-8.74593665048278;-10.7276338919416;26.6740337383128;-0.278221991333001;7.66140740069253
9663921750.80366;8.85979979011298;0.00864145711631669;-8.73385625367456;-10.7140313035084;26.7087922792208;-0.279562683552214;7.66140739813508
9663921751.05079;8.85979979058199;0.00864145711141024;-8.72175032807217;-10.7021667358918;26.7436355726421;-0.279771864922619;7.66140739545349
9663921751.30124;8.85979979107099;0.00864145710631689;-8.70940718675837;-10.6917113082192;26.7791721309558;-0.278928586085306;7.66140739259066
9663921751.54982;8.8597997915703;0.00864145710115632;-8.69709916306566;-10.6827707440419;26.8146168821706;-0.277140512227795;7.6614073895996
9663921751.79598;8.85979979207887;0.00864145709595627;-8.68487147441905;-10.6752173922209;26.8498382300626;-0.274533758379959;7.6614073864859
9663921752.04066;8.85979979259875;0.00864145709071184;-8.67269353117746;-10.6689003995375;26.8849230119426;-0.271207645764316;7.66140738323677
9663921752.28364;8.85979979312959;0.00864145708544162;-8.66058854561286;-10.6637265380474;26.9198032106915;-0.26725995339965;7.6614073798536
9663921752.52479;8.85979979367124;0.00864145708016106;-8.64857085152782;-10.6596070894927;26.9544364491322;-0.262781034657648;7.66140737633695
9663921752.76281;8.85979979422067;0.0086414570749111;-8.63671024735354;-10.6564682872144;26.9886205351355;-0.257882960480395;7.66140737270626
9663921752.99535;8.85979979477194;0.0086414570697557;-8.62512641229389;-10.6542243723079;27.0220094925396;-0.252708402405117;7.66140736900204
9663921753.22166;8.85979979532257;0.00864145706472107;-8.61385477642339;-10.6527521232514;27.0545002311168;-0.247367231731229;7.66140736524362
9663921753.44142;8.85979979587088;0.00864145705982322;-8.60291015707531;-10.6519264612369;27.0860492218456;-0.241952079557851;7.66140736144588
9663921753.65414;8.85979979641477;0.00864145705507873;-8.59231103628102;-10.651632426585;27.1166025483625;-0.23654506144736;7.66140735762655
9663921753.85928;8.85979979695175;0.00864145705050501;-8.58208143187139;-10.6517704113615;27.1460905239434;-0.231216228833403;7.66140735380704
9663921754.05607;8.85979979747869;0.00864145704612219;-8.57225293709445;-10.6522596832437;27.1744218081556;-0.226023484625099;7.66140735001371
9663921754.24345;8.85979979799136;0.00864145704195658;-8.56287407856099;-10.653035170696;27.2014564020105;-0.22101974078244;7.66140734628151
9663921754.42013;8.85979979848476;0.00864145703803769;-8.55400720248348;-10.6540376932154;27.2270145740322;-0.216256680859105;7.66140734265207
9663921754.58578;8.85979979895629;0.0086414570343736;-8.5456720632966;-10.6552183864478;27.2510394340336;-0.211756499455073;7.66140733914984
9663921754.74194;8.85979979940895;0.00864145703092992;-8.53779701560434;-10.6565485041049;27.273737562115;-0.207488088025695;7.66140733575822
9663921754.89184;8.85979979985111;0.00864145702763545;-8.53022645085526;-10.6580231046535;27.2955575120765;-0.203373946100933;7.66140733241861
9663921755.04086;8.85979980029835;0.00864145702437289;-8.52269840809912;-10.6596783536671;27.3172543143689;-0.199276964998697;7.66140732901575
9663921755.20083;8.85979980078745;0.00864145702088659;-8.51462807277681;-10.6616612775397;27.3405133886958;-0.194882777461837;7.66140732526926
9663921755.37726;8.85979980133803;0.00864145701706294;-8.5057542034893;-10.6640982136456;27.3660874543674;-0.190050361644825;7.66140732102282
9663921755.56794;8.85979980194632;0.00864145701295847;-8.49620698616498;-10.667055376186;27.3936011619546;-0.184842033778539;7.66140731629626
9663921755.76645;8.85979980259414;0.00864145700871966;-8.48632628079944;-10.6705410932536;27.4220750307327;-0.179426052455234;7.66140731122186
9663921755.97231;8.85979980328185;0.00864145700436552;-8.47615449922681;-10.6746576965151;27.4513868529226;-0.173804530456657;7.66140730579114
9663921756.18587;8.85979980401272;0.00864145699989873;-8.46569588346178;-10.679540226852;27.4815244178935;-0.167956368644074;7.66140729997291
9663921756.40273;8.859799804773;0.00864145699542209;-8.45518954058825;-10.6852082307606;27.5117987333615;-0.16199450961647;7.66140729387073
9663921756.62276;8.85979980556335;0.00864145699094781;-8.44466081338106;-10.6917576334898;27.5421367831627;-0.155919635448078;7.66140728747622
9663921756.84687;8.85979980638822;0.00864145698646898;-8.43408810489422;-10.6993074145427;27.5726007588437;-0.149712624181338;7.66140728075056
9663921757.07419;8.85979980724547;0.00864145698201505;-8.42353538246616;-10.707901346949;27.6030062627808;-0.143413627004621;7.66140727370767
9663921757.30251;8.85979980812734;0.00864145697763942;-8.41312427901621;-10.7174870613943;27.633002738604;-0.137108789850539;7.66140726640858
9663921757.53248;8.85979980903693;0.00864145697333822;-8.40283891785566;-10.7280939446671;27.6626358350088;-0.130809273213843;7.66140725882642
9663921757.76461;8.85979980997679;0.00864145696911156;-8.39267200516982;-10.7397374096123;27.691926473445;-0.124533950572043;7.66140725093834
9663921757.99838;8.85979981094535;0.00864145696497718;-8.38265918340779;-10.7523756110653;27.7207719015397;-0.118328372612574;7.66140724275606
9663921758.23264;8.85979981193808;0.00864145696096143;-8.37285694864176;-10.765922057152;27.7490093423624;-0.112248972594003;7.66140723431635
9663921758.46786;8.85979981295719;0.00864145695706122;-8.36324895225455;-10.7803830079618;27.7766859101143;-0.106303208364407;7.66140722560014
9663921758.7043;8.85979981400408;0.00864145695327717;-8.35382646243826;-10.7957678368477;27.8038267969075;-0.100499337766528;7.66140721659492
9663921758.94181;8.8597998150783;0.00864145694961602;-8.34459518430565;-10.8120729741327;27.8304156284438;-0.0948509974881286;7.6614072073036
9663921759.17952;8.85979981617592;0.00864145694609404;-8.33558565314725;-10.8292524260591;27.856364535061;-0.0893835633500979;7.66140719775981
9663921759.41766;8.85979981729807;0.00864145694270965;-8.32678194723877;-10.8473513261549;27.8817194676375;-0.0840911272553193;7.66140718795371
9663921759.65654;8.85979981844626;0.00864145693946075;-8.31816585958906;-10.866440383098;27.9065329554977;-0.0789644037770111;7.66140717787208
9663921759.89613;8.85979981962047;0.0086414569363498;-8.30973082466381;-10.8865864528918;27.9308239975772;-0.0739993866302179;7.66140716751468
9663921760.13617;8.85979982081941;0.00864145693338196;-8.30148152878317;-10.9078395378286;27.9545791867815;-0.0691982242714699;7.66140715689294
9663921760.37932;8.85979982205688;0.00864145693052833;-8.29333713197529;-10.9304734693909;27.9780313785113;-0.0645179880135636;7.66140714588464
9663921760.6305;8.85979982335954;0.00864145692774221;-8.28516203882764;-10.9549940646719;28.0015710505482;-0.0598894566054035;7.6614071342517
9663921760.89098;8.85979982473614;0.00864145692502422;-8.27696725108279;-10.9815268120946;28.025166524147;-0.0553335636267003;7.6614071219117
9663921761.16222;8.8597998261969;0.00864145692237491;-8.26876512543671;-11.0102093312071;28.0487822338193;-0.0508709449479145;7.66140710876828
9663921761.44692;8.8597998277595;0.00864145691978597;-8.26054460867596;-11.0412726407562;28.0724500233701;-0.046510636754186;7.66140709465703
9663921761.74974;8.85979982945354;0.00864145691723902;-8.25225746620289;-11.0751591799945;28.0963087852503;-0.0422422997001138;7.6614070793049
9663921762.07789;8.85979983132535;0.00864145691470683;-8.24382006701458;-11.1125854239699;28.120599301621;-0.0380416385736036;7.66140706228367
9663921762.44739;8.85979983347612;0.00864145691212156;-8.23500968231853;-11.1550986850091;28.1459627551804;-0.0338319558933245;7.66140704266331
9663921762.89067;8.8597998361141;0.00864145690936135;-8.22540604646363;-11.2057356464903;28.1736088970985;-0.0294790091194585;7.66140701852869
9663921763.51427;8.8597998399271;0.00864145690604364;-8.21363951876411;-11.2740675961008;28.2074801675356;-0.0245434841317667;7.66140698357561
9663921764.65569;8.85979984717921;0.00864145690128834;-8.19698490462988;-11.3802708642146;28.2554202996742;-0.0185274569248092;7.66140691704914
9663921767.60657;8.85979986691461;0.00864145689196931;-8.17470507661175;-11.5005803274317;28.3195493153323;-0.0133724532037573;7.6614067352334
9663921783.25706;8.85979997723872;0.00864145684347041;-8.15185739968746;-11.5087959369405;28.385309073451;-0.0124782904475447;7.66140570659584
9663921904.41608;8.85980089028954;0.00864145643978611;-8.12286081111601;-11.4773139149363;28.4687551810328;-0.0125868012291625;7.66139718867613
9663922894.28593;8.8598089553446;0.00864145277804371;-8.08897075926312;-11.4318903066257;28.566184838514;-0.0129697825444052;7.66132128523931
9663931373.07868;8.8598874382637;0.00864141655882124;-8.03355887205043;-11.3693948970177;28.724577394708;-0.0132561565094076;7.66058927618211
9663976390.00284;8.86041105570004;0.0086411723128049;-7.93436171793721;-11.2655483288627;29.0030091015849;-0.0135287118866377;7.6558584059028
9664144519.69536;8.86358783722676;0.00863967032468392;-7.72365707011702;-11.0489779208106;29.5705715796049;-0.0139810203722527;7.6298713743195
9664682191.96132;8.91261084950856;0.00861434195133158;-7.04011764190166;-10.3269103361447;31.146479214919;-0.0160922313306962;7.36830732892586
9666171085.20323;9.07504303877967;0.00852042418288582;-6.96219146085933;-10.2001157937813;28.7810833978829;-0.0166411296819312;5.63802488473112
9670080848.77618;9.2122672482289;0.00843948724879058;-7.45471975851444;-10.6840037467795;27.8811900843284;-0.0164447516470251;5.98393482391909
9681000485.14421;9.36407709137841;0.00834953894089952;-7.85690824472943;-11.0842151784778;27.3429941361748;-0.0162008997848837;6.39778128336315
9719506134.90678;9.56141468972541;0.0082341262949586;-8.29031461786492;-11.5232710585392;26.7630682633667;-0.0156523467785469;6.84378035644897
9816194323.28031;9.78471748742824;0.00810730630258568;-8.63647925875443;-11.8821857002908;26.3018125805785;-0.0149375453652036;7.20129553530585
9967276576.53825;9.99553968633401;0.00799164359573955;-8.8552971145478;-12.1160201014717;26.012092920811;-0.014270931114321;7.42852402875349
10168421338.2639;10.1955075978369;0.00788600896441166;-9.00254841623524;-12.2797024060889;25.8184566477457;-0.0136388039908077;7.58232222553569
10408545898.7223;10.3865028433767;0.00778864280896063;-9.09941402645181;-12.3920285608854;25.6943782528927;-0.0130985607527515;7.68569967131859
10666648787.1966;10.5664353192048;0.00770047224097995;-9.15668330904998;-12.4664692263794;25.6233771768095;-0.0125559752838626;7.74839370020738
10933807543.3841;10.739040438965;0.00761876835625995;-9.18971573936988;-12.5145267067173;25.5839852887345;-0.0121103649046615;7.78559796380249
11202133603.9382;10.906260515075;0.00754255415447127;-9.20537443781192;-12.5466269490675;25.5672184472485;-0.011652818197695;7.80450802411424
11459255810.8123;11.0645084685484;0.00747276203362281;-9.21080148472111;-12.5663331910737;25.5627487868089;-0.011273943285761;7.81195816222443
11703385138.5623;11.2149756878774;0.00740857487213088;-9.21017806004828;-12.5801717846461;25.5655901385378;-0.0109059147246618;7.81265760297078
11938388153.9989;11.3611853183739;0.00734805760597534;-9.20609745539278;-12.5891941342421;25.5725503644949;-0.0105846710057945;7.80946064282215
12163711691.5953;11.5033864938057;0.00729090582634102;-9.19990337479545;-12.5957768027485;25.581930498712;-0.0102815806553174;7.80381616345589
12378429891.0884;11.6412117211623;0.00723701280626989;-9.19254013918886;-12.6003363353679;25.5926651015442;-0.0100073552603128;7.7968283004255
12585631182.8927;11.7767226232588;0.00718535288514929;-9.18441822231656;-12.6032387199923;25.6042474343752;-0.00976093718179278;7.78894785043626
12784376372.4081;11.9093061892643;0.00713602177168948;-9.17580692992266;-12.6051757075722;25.6164365851487;-0.00953125170555673;7.78053174175425
12974346947.5349;12.0386495756677;0.00708893293775233;-9.16694211029394;-12.6057684014106;25.6288895581459;-0.00933046951958644;7.77180436031596
13153977169.8578;12.1634927821424;0.00704438485351829;-9.15801449284609;-12.6055503752302;25.64139648281;-0.00914967760481137;7.76299226696619
13324830380.761;12.2847177329463;0.00700189523059373;-9.14903112851721;-12.6043402681102;25.6539680722975;-0.00899177457018532;7.75411617951634
13486874587.0079;12.4021001775923;0.00696139902299623;-9.14003035778139;-12.602219153652;25.666550515763;-0.00885479903858733;7.74521387547564
13640351734.2626;12.5155980937091;0.00692281776275683;-9.13105583046395;-12.5996673086121;25.6790976676434;-0.00872907612514221;7.73633846256221
13783808867.6676;12.6238821968937;0.00688648187701429;-9.12215744437784;-12.5963863971616;25.6915956180076;-0.00862108892685284;7.72757660552617
13916251819.1018;12.7259298110381;0.0068524964826721;-9.11322599481274;-12.5907365367236;25.7042674954296;-0.00856041245485008;7.71886738372446
14039210347.4902;12.822663681296;0.00682039251756499;-9.10418009277661;-12.5831999820276;25.7170999635692;-0.00853497205979019;7.71004536647509
14155657292.1543;12.9161389042969;0.00678978274631228;-9.09543158808762;-12.5802680138777;25.729119848976;-0.00842536073011537;7.70125232626003
14266712650.4645;13.0068405491857;0.00676121311748109;-9.08792435453412;-12.5896349194811;25.7388045087961;-0.00810732917001105;7.69328603390881
14370923859.384;13.0931944617605;0.00673556553141192;-9.08163241440792;-12.6088679381186;25.7470370973957;-0.00764701135469782;7.68668662512695
14458517840.3944;13.1669888241362;0.0067141502349191;-9.07445108024904;-12.6117501732593;25.7585814370754;-0.00747520055665505;7.68058963171855
14516605209.5457;13.2170471505508;0.00669758527809115;-9.0646053813136;-12.5448913988386;25.7770475920383;-0.00852996316692369;7.67399387871574
14540316933.4572;13.2378909254158;0.00668857288074316;-9.05598675592749;-12.4201227985007;25.7949892325627;-0.0111531953332299;7.66940785865179
14545742881.3638;13.2427071989359;0.00668598821072961;-9.05176447697588;-12.3220705155496;25.8049386175949;-0.0138483104764144;7.66793655636144
14546226854.5619;13.24313810517;0.00668573265798413;-9.0504385343393;-12.277340760542;25.8085243814643;-0.0153059731797774;7.66778300129231
14546256388.8709;13.2431644489707;0.0066857159776386;-9.04964838225156;-12.2481217710474;25.8107830007339;-0.0163428498554099;7.66777296795533
14546258861.5942;13.2431666587387;0.00668571448499246;-9.04882885162995;-12.2192186616578;25.8131397967443;-0.0174361671385364;7.66777208437151
14546259080.468;13.2431668547262;0.00668571434387653;-9.04796526268974;-12.1906176719472;25.8156245181809;-0.0185878956815802;7.66777200207013
14546259102.9522;13.2431668749032;0.00668571432836884;-9.04702119611902;-12.1613314014317;25.8183408582411;-0.0198434931148553;7.66777199315901
14546259107.7359;13.2431668792071;0.00668571432481478;-9.045901595594;-12.1290346301934;25.8215622031186;-0.0213230575433201;7.66777199114663
14546259110.2234;13.2431668814519;0.00668571432281171;-9.04458790767649;-12.0940703306047;25.8253418934107;-0.0230443072362338;7.66777199002976
14546259111.9763;13.2431668830393;0.00668571432127411;-9.04306727341693;-12.056905934371;25.8297168820394;-0.0250196358808315;7.66777198918648
14546259113.293;13.2431668842364;0.00668571432001278;-9.04136122136174;-12.0186844667074;25.8346251792008;-0.0272194233062852;7.66777198850476
14546259114.3437;13.2431668851958;0.00668571431891259;-9.03947554097773;-11.9799794718805;25.8400500777489;-0.0296339415592721;7.66777198791782
14546259115.2441;13.243166886022;0.00668571431787916;-9.03735555111061;-11.9401561439773;25.8461488273311;-0.0323292215836925;7.66777198737359
14546259116.0261;13.2431668867434;0.00668571431689494;-9.03502628128696;-11.9001370248085;25.8528493507565;-0.0352693675489446;7.66777198686097
14546259116.7166;13.2431668873842;0.0066857143159425;-9.03249658539291;-11.8603398170315;25.8601261054816;-0.038440356501346;7.66777198636963
14546259117.3405;13.2431668879667;0.00668571431499997;-9.02975701382005;-11.8207811833677;25.8680061912217;-0.0418541750798571;7.66777198588756
14546259117.9364;13.2431668885271;0.00668571431401074;-9.02667557987237;-11.7799156083847;25.8768691321436;-0.0456742790531576;7.66777198538657
14546259118.4777;13.24316688904;0.00668571431302648;-9.02343061281526;-11.7403322369661;25.8862018921498;-0.0496782981774172;7.66777198489122
14546259118.9632;13.2431668895035;0.00668571431206433;-9.02011110879102;-11.7029128261049;25.8957484573749;-0.053755975893534;7.66777198440919
14546259119.433;13.2431668899559;0.00668571431104811;-9.01647585360229;-11.6649571015346;25.9062024433394;-0.0581999359971469;7.6677719839037
14546259119.8708;13.2431668903811;0.00668571431001713;-9.01266212216905;-11.6280262876359;25.9171689607304;-0.0628381505683938;7.66777198339342
14546259120.2895;13.2431668907915;0.00668571430894423;-9.00857750982079;-11.5912647087646;25.9289136049311;-0.0677793066206228;7.66777198286537
14546259120.6918;13.2431668911899;0.00668571430782219;-9.00419129212629;-11.5545354101209;25.941524561176;-0.0730552409735819;7.66777198231615
14546259121.0903;13.2431668915891;0.00668571430660962;-8.99933709728289;-11.5167219391073;25.9554799435069;-0.0788577210496417;7.66777198172656
14546259121.4677;13.2431668919716;0.00668571430535829;-8.99420548047929;-11.4795172781471;25.9702316954413;-0.0849501258453935;7.66777198112089
14546259121.833;13.2431668923465;0.00668571430403882;-8.98867798741148;-11.4421621985286;25.9861201232805;-0.0914654826794175;7.66777198048557
14546259122.1876;13.2431668927155;0.00668571430264172;-8.98270991559487;-11.4045346394625;26.003273440352;-0.0984471842249176;7.66777197981642
14546259122.5322;13.2431668930794;0.00668571430116019;-8.97626366614931;-11.3665962024462;26.0217993964539;-0.105926540388143;7.66777197911054
14546259122.864;13.2431668934355;0.0066857142996036;-8.96937157213315;-11.3286958485951;26.0416047437317;-0.113852734652582;7.66777197837247
14546259123.1898;13.2431668937912;0.00668571429793348;-8.96190921343772;-11.290216785637;26.0630465221862;-0.122382017121947;7.66777197758493
14546259123.5137;13.2431668941514;0.00668571429611612;-8.95383297743942;-11.2509819657735;26.0862492944202;-0.131602049252385;7.66777197673325
14546259123.8321;13.2431668945126;0.00668571429416007;-8.94526415214948;-11.2116732353156;26.1108639317855;-0.141387872121208;7.66777197582215
14546259124.1407;13.2431668948698;0.00668571429208915;-8.93640920812558;-11.1731703725296;26.136296761016;-0.151524509988156;7.66777197486307
14546259124.4448;13.2431668952294;0.00668571428986121;-8.92718677411888;-11.1350686814017;26.1627810616457;-0.162107086206324;7.66777197383832
14546259124.7434;13.2431668955903;0.00668571428747719;-8.91770062755063;-11.0977706955978;26.190018446603;-0.173007820983201;7.6677719727494
14546259125.033;13.2431668959482;0.00668571428496533;-8.90811245364011;-11.061897960164;26.2175447313802;-0.183995207494388;7.66777197160953
14546259125.3257;13.2431668963184;0.00668571428220889;-8.89804011480228;-11.0261141611191;26.2464571634758;-0.195432434844649;7.66777197036866
14546259125.6191;13.2431668966984;0.00668571427921367;-8.88756550862753;-10.9909019601158;26.2765209564731;-0.207124470929799;7.66777196903001
14546259125.903;13.2431668970752;0.00668571427608369;-8.87706831020997;-10.9576104525704;26.3066472308426;-0.218536185671748;7.66777196763789
14546259126.1783;13.2431668974496;0.00668571427282053;-8.86655908125526;-10.9262483887027;26.336806934221;-0.229548158271105;7.66777196619166
14546259126.4536;13.2431668978333;0.00668571426932333;-8.85574557347653;-10.8960087418192;26.3678402491804;-0.240331883731707;7.66777196464614
14546259126.7303;13.2431668982291;0.00668571426556369;-8.84458413196493;-10.8669395462294;26.3998743265578;-0.250753177599915;7.6677719629862
14546259127.0082;13.2431668986372;0.0066857142615404;-8.83310669788788;-10.8393082943869;26.4328198244563;-0.260580491659278;7.66777196120679
14546259127.2786;13.2431668990448;0.00668571425739224;-8.82169990000048;-10.8141063491037;26.4655692710355;-0.269323835636727;7.66777195936195
14546259127.548;13.243166899462;0.00668571425303052;-8.810113359062;-10.7907854296674;26.498843701983;-0.277047893856162;7.66777195740676
14546259127.8104;13.2431668998792;0.00668571424857344;-8.79863241965985;-10.769890409472;26.5318254777772;-0.28347133049029;7.66777195538548
14546259128.0713;13.2431669003052;0.00668571424394419;-8.78703652502697;-10.7509419597765;26.5651494817366;-0.288673441143396;7.6677719532561
14546259128.3314;13.2431669007415;0.00668571423914412;-8.77530845258076;-10.7338695411549;26.5988663040463;-0.292618673993678;7.66777195100938
14546259128.5917;13.2431669011903;0.00668571423416789;-8.76341553911242;-10.718563687617;26.6330704564238;-0.295306556537237;7.66777194863189
14546259128.8503;13.2431669016487;0.0066857142290671;-8.75145725386778;-10.7050458223492;26.6674757880355;-0.296751785686716;7.66777194613658
14546259129.1093;13.2431669021207;0.00668571422381662;-8.73935512132256;-10.6930958423457;26.7023074688042;-0.297035304736083;7.66777194349963
14546259129.3652;13.2431669026002;0.00668571421850371;-8.72728892143889;-10.682734099109;26.7370469588882;-0.29625675472315;7.66777194075334
14546259129.6212;13.2431669030934;0.00668571421307723;-8.71512725874689;-10.6736903382821;26.7720712174953;-0.294522780646763;7.66777193786085
14546259129.8737;13.2431669035938;0.006685714207627;-8.70305514863918;-10.6659587765102;26.8068460390971;-0.291972596592269;7.66777193485951
14546259130.1263;13.2431669041084;0.00668571420209271;-8.69092691617119;-10.6593217927579;26.8417897241159;-0.288679931274108;7.66777193170671
14546259130.3795;13.243166904639;0.00668571419647155;-8.67872577859336;-10.6536906079916;26.8769495507207;-0.28471814581236;7.66777192838873
14546259130.6289;13.2431669051763;0.006685714190877;-8.66668240757226;-10.6490806043378;26.9116596593802;-0.28024784714562;7.66777192496298
14546259130.876;13.2431669057235;0.00668571418528509;-8.65472859852443;-10.6453642664219;26.9461154757697;-0.275334414960998;7.6677719214083
14546259131.1203;13.2431669062793;0.00668571417972169;-8.64290269312076;-10.642459066604;26.9802054425123;-0.270077794742028;7.66777191773455
14546259131.3606;13.2431669068411;0.0066857141742195;-8.63125697069744;-10.6402749923718;27.0137778724978;-0.264586269325934;7.66777191395903
14546259131.5952;13.243166907404;0.00668571416882944;-8.61988217028135;-10.6387172056258;27.0465702929294;-0.258986523427887;7.66777191011592
14546259131.8234;13.2431669079657;0.00668571416357329;-8.60880898972233;-10.6376788059982;27.0784934726217;-0.253369702909136;7.66777190622364
14546259132.0448;13.2431669085244;0.00668571415846626;-8.59805602623754;-10.6370638841183;27.1094932603055;-0.247806983866783;7.66777190229846
14546259132.259;13.2431669090779;0.006685714153524;-8.58764458247597;-10.6367950275645;27.1395079019003;-0.242354743061688;7.66777189835933
14546259132.4652;13.2431669096232;0.0066857141487656;-8.57760452595169;-10.6368152439039;27.1684511314862;-0.23705775222753;7.66777189443037
14546259132.6626;13.243166910157;0.00668571414421301;-8.56797240190003;-10.6370867266054;27.1962175834802;-0.231949896137168;7.66777189054072
14546259132.8501;13.243166910675;0.00668571413989203;-8.55879556163265;-10.6375823054458;27.2226708368658;-0.227061753868703;7.66777188672557
14546259133.0266;13.2431669111723;0.00668571413583302;-8.55013655937254;-10.6382740975641;27.2476306897724;-0.222428895909212;7.66777188302725
14546259133.1924;13.2431669116481;0.00668571413202888;-8.54198392211796;-10.639137430339;27.2711303376058;-0.218046756486594;7.66777187945618
14546259133.3492;13.2431669121063;0.00668571412843794;-8.53425414103636;-10.6401575283763;27.2934105943304;-0.213872241603619;7.66777187598794
14546259133.5012;13.2431669125583;0.0066857141249663;-8.52675259276465;-10.6413429105864;27.3150324976186;-0.209802859802502;7.66777187254125
14546259133.657;13.2431669130298;0.00668571412141992;-8.51906696482428;-10.6427611161707;27.3371844480375;-0.205617290359675;7.66777186892092
14546259133.8242;13.2431669135456;0.00668571411762861;-8.5108331523892;-10.6445166003343;27.3609157944276;-0.201116258789775;7.66777186493409
14546259134.0086;13.2431669141263;0.00668571411346942;-8.50178631336276;-10.6467485835603;27.3869897168931;-0.196147161869706;7.66777186041488
14546259134.2028;13.2431669147515;0.00668571410911617;-8.49230556477616;-10.6494707084952;27.4143134663711;-0.190902770260949;7.66777185551338
14546259134.4043;13.2431669154147;0.00668571410463437;-8.48253322663976;-10.6527440260673;27.4424768544785;-0.185443880768401;7.66777185027285
14546259134.6126;13.2431669161164;0.00668571410004234;-8.47250844702106;-10.6566606191357;27.4713670504346;-0.179774504133607;7.66777184468509
14546259134.8275;13.2431669168579;0.00668571409535359;-8.46225926396479;-10.6613201075164;27.5009032252779;-0.173894607333632;7.66777183873448
14546259135.0454;13.2431669176274;0.00668571409066057;-8.4519872450456;-10.6667233175873;27.5305044604229;-0.167910593541454;7.66777183251112
14546259135.2661;13.2431669184256;0.00668571408597333;-8.44171225388366;-10.6729246406758;27.5601134576594;-0.161833569881364;7.66777182600572
14546259135.4904;13.2431669192562;0.00668571408128692;-8.43142060805704;-10.6799866645431;27.589769551822;-0.155661788663547;7.66777181918627
14546259135.7182;13.2431669201199;0.00668571407661444;-8.42113782865256;-10.6879336861072;27.6193990831316;-0.149423315271908;7.66777181204448
14546259135.9468;13.2431669210074;0.00668571407201702;-8.41099673162933;-10.696674388271;27.6486192414533;-0.143217401946063;7.6677718046532
14546259136.1765;13.2431669219197;0.00668571406749917;-8.40100410769319;-10.7061894433148;27.677410389065;-0.137069275643525;7.66777179700459
14546259136.4078;13.2431669228596;0.00668571406305528;-8.39114334166938;-10.7164807906926;27.7058203480399;-0.130988619406709;7.66777178907281
14546259136.6409;13.2431669238282;0.00668571405869015;-8.38141993847386;-10.7275323710033;27.7338332319934;-0.124996389081925;7.66777178084898
14546259136.8751;13.2431669248227;0.00668571405442244;-8.37186993337525;-10.7392916401893;27.7613452322827;-0.119129357661223;7.66777177235368
14546259137.1094;13.2431669258396;0.00668571405027182;-8.36253091388868;-10.7516960262976;27.788248111587;-0.113421674702235;7.667771763617
14546259137.3445;13.2431669268816;0.00668571404623078;-8.35337778937894;-10.7647666787915;27.8146142148502;-0.107865894996061;7.66777175461526
14546259137.5806;13.24316692795;0.00668571404229889;-8.34440006173197;-10.7785174823;27.8404738540196;-0.102461144404055;7.66777174533772
14546259137.8176;13.243166929044;0.00668571403848226;-8.33560153613246;-10.7929485178381;27.8658161472125;-0.0972130984901485;7.66777173578973
14546259138.0547;13.243166930161;0.00668571403479246;-8.32699866237337;-10.8080419537357;27.8905938024501;-0.0921328422896547;7.66777172599452
14546259138.292;13.2431669313005;0.00668571403123225;-8.31858691783101;-10.8238201108718;27.9148199390201;-0.087217099129254;7.66777171595584
14546259138.5298;13.2431669324644;0.00668571402779733;-8.31034534074177;-10.8403483032634;27.9385550164505;-0.0824519588997657;7.66777170565705
14546259138.7693;13.2431669336586;0.00668571402447392;-8.30223755453568;-10.8577253517174;27.9619038647451;-0.0778177986433097;7.66777169504634
14546259139.0156;13.2431669349094;0.0066857140212004;-8.29411491807555;-10.8763148193648;27.9852945682697;-0.0732369047642008;7.66777168388866
14546259139.271;13.2431669362319;0.00668571401795662;-8.28593726782704;-10.8962789178172;28.0088427770505;-0.0686994904297885;7.66777167204763
14546259139.537;13.2431669376351;0.00668571401474149;-8.27772274292793;-10.9176342607652;28.0324962467068;-0.0642318239895558;7.66777165943752
14546259139.8157;13.2431669391337;0.0066857140115449;-8.26946777383134;-10.9404554305043;28.0562652582295;-0.0598469748112254;7.66777164592074
14546259140.1104;13.2431669407489;0.00668571400834934;-8.26115805041034;-10.9648375568754;28.0801910199232;-0.0555546673356882;7.66777163129947
14546259140.428;13.243166942524;0.00668571400510766;-8.25269930546336;-10.9911578673973;28.1045449513084;-0.0513237045161922;7.66777161517517
14546259140.7783;13.243166944521;0.00668571400176187;-8.24398696408438;-11.019858053519;28.1296281100112;-0.0471295074681801;7.66777159697551
14546259141.1887;13.2431669469123;0.00668571399812464;-8.23460894048893;-11.052479672717;28.1566268023961;-0.0428262346637267;7.66777157511638
14546259141.7196;13.243166950083;0.0066857139938295;-8.2238025167144;-11.0919856833436;28.1877365549857;-0.0381836145437819;7.6677715460599
14546259142.6005;13.2431669555269;0.00668571398756061;-8.20901840521501;-11.1477370138873;28.2302954001989;-0.0325084912490462;7.66777149612725
14546259144.4689;13.2431669676278;0.00668571397620471;-8.18865976731594;-11.2162564541612;28.2888980866554;-0.0265472380539881;7.6677713848917
14546259152.2678;13.2431670210672;0.00668571393098099;-8.16417389256425;-11.2366691804765;28.3593755566971;-0.0239994548068896;7.66777088888716
14546259205.9555;13.2431674098271;0.00668571360249933;-8.14019323246523;-11.2133634765724;28.4283920129255;-0.0240205004514038;7.66776725477793
14546259648.6965;13.2431708776411;0.00668571064323846;-8.10609391949362;-11.1749664744579;28.5264887611831;-0.0243430933213675;7.6677346888104
14546263315.1164;13.2432026188001;0.00668568343255066;-8.06261942628976;-11.129502686155;28.6511731500138;-0.0245617411090945;7.6674372739817
14546288186.2829;13.2434603420605;0.00668546167537603;-7.98454253840682;-11.0498184756225;28.8723574881006;-0.024843129839965;7.66507278635572
14546391041.0777;13.2449672032064;0.00668415910422195;-7.83415130724848;-10.8974230857526;29.2856772739951;-0.0253153242076036;7.65201668679951
14546738686.221;13.2585067292646;0.00667223695458177;-7.40953270410431;-10.46478159799;30.3749594446441;-0.0267464909965538;7.56324146082885
14547749706.9642;13.4209457574835;0.00652213656291209;-6.79406968344083;-9.82837824064154;30.2481020465403;-0.0279504994226576;6.2949030769829
14550431587.1453;13.5597761233086;0.00639217013809978;-7.28595490283742;-10.3146081985953;28.1078940704909;-0.0263132815334436;5.81086531745667
14557540472.0851;13.702572777883;0.00625892161437254;-7.69708345210072;-10.7271390789166;27.5571917640927;-0.0257145738573237;6.2335479453698
14580219887.0585;13.8775759055579;0.00609793930171016;-8.11258603701249;-11.1488536853769;27.0006342442841;-0.0248374106322956;6.66072986867237
14652613963.4747;14.0982277016769;0.00590088904094597;-8.51599556489269;-11.5651260179533;26.462096637002;-0.0236316365169048;7.07669556130882
14783122096.0722;14.3153747449983;0.00571332782211555;-8.77888365514675;-11.8424945292676;26.1130300836876;-0.0225551850715478;7.34902183529919
14965287473.8959;14.519512497066;0.00554316376772407;-8.95054251080897;-12.0295980142104;25.8865834780155;-0.021578399655847;7.52783528193608
15192983476.537;14.7147345803025;0.0053859053257038;-9.06682646347955;-12.1607414376057;25.7355041369774;-0.0207308784851109;7.65051489288717
15444673589.5998;14.8981921436336;0.00524325957500137;-9.13733053490307;-12.2466073169313;25.6472510711821;-0.0199417855338012;7.72713338824659
15710551342.009;15.0741890843103;0.00511102679970028;-9.17917688020377;-12.3033428858174;25.5961397227025;-0.0192312922003802;7.77345698265969
15979034167.1036;15.2433023173699;0.00498826765484424;-9.20073891667075;-12.3398626545488;25.5719898303185;-0.0185626845814737;7.79878648902798
16244265588.0218;15.4069790258458;0.00487335975066558;-9.20963808909885;-12.3632750683683;25.5632931031719;-0.0179465023566377;7.81008932605169
16493464617.5648;15.5603082165412;0.00476916916238411;-9.21092150333454;-12.3787178565622;25.5639203723179;-0.0173712512946324;7.81297628470697
16731967027.3968;15.708041295622;0.00467178785385957;-9.20801502194743;-12.3890171655992;25.5694310355056;-0.0168546182612546;7.81106860095082
16960680188.4951;15.8515290964042;0.00458008136247357;-9.20247617714998;-12.3968910784025;25.5781034878834;-0.0163475787794797;7.80621122486574
17179612357.5714;15.991102719876;0.00449342203031294;-9.19550622650186;-12.4024942420432;25.5883687399527;-0.0158874641993684;7.79966596868725
17387972942.4726;16.1263473689342;0.00441181011065216;-9.18769547659772;-12.4070619745238;25.5995825206006;-0.0154477909963133;7.79213755895716
17589923381.6674;16.2600013955576;0.00433336410982913;-9.17926275462324;-12.41067399384;25.6115531890112;-0.0150322737990182;7.78391877400187
17784351572.9745;16.3913208056895;0.00425833324733584;-9.17043031283949;-12.4135192973399;25.6239886082269;-0.0146405619996523;7.77524183121336
17968787853.1346;16.5184869003155;0.00418752504688534;-9.16147502052413;-12.4157627972972;25.6365488826986;-0.014274857598507;7.76641207198422
18143377572.5955;16.6413792503348;0.00412075099240387;-9.15249381799411;-12.4174109199902;25.649113698762;-0.0139365494699588;7.75753553275051
18308364119.9354;16.7599395083965;0.00405781327254385;-9.14350939825387;-12.4185375291692;25.6616867593245;-0.0136225079027153;7.74865832622287
18465160206.4206;16.8749702574431;0.00399808379859676;-9.13452127101415;-12.4191465289933;25.674248738575;-0.0133312995338316;7.73976659603396
18612637548.3188;16.9854109888161;0.0039419533448995;-9.12559602735838;-12.4195267487727;25.6867468282948;-0.0130550453220884;7.73095311534365
18749293629.5629;17.0898679833977;0.00388986350628693;-9.11669143648136;-12.418875950836;25.6993343849146;-0.0128155532898728;7.72223914202967
18875980673.0121;17.1887397440803;0.00384128652452543;-9.10765993291524;-12.4163016736986;25.7121752503814;-0.0126327260641862;7.71345037211078
18994396824.8411;17.2830753916274;0.00379568347447134;-9.09873510878499;-12.4144170532888;25.7246429602674;-0.0124356191009762;7.70461742930122
19107295422.2148;17.3747060584901;0.00375263040640788;-9.09064769913195;-12.418684440639;25.7353705081134;-0.0120918759631559;7.69623217483199
19213605827.6117;17.4623232737109;0.00371323675703101;-9.08398632858726;-12.4311495591094;25.7439019401845;-0.0115747372713045;7.68912193191165
19308929221.4742;17.5420941808771;0.00367887856862765;-9.07735496548756;-12.443169239613;25.7536916032814;-0.0110923921968627;7.68291009297311
19380261426.6877;17.6030416740386;0.00365213356605395;-9.06832980300633;-12.4260430062868;25.7697485328403;-0.0113082910401024;7.67628243296995
19418773347.0909;17.6367566398033;0.00363488394868357;-9.05777245231198;-12.348815709297;25.790722042273;-0.0131953296360943;7.66999375713085
19430173266.7901;17.6468888746859;0.00362857769942082;-9.05119654325991;-12.2571306593766;25.8053156160091;-0.0160610916016743;7.66709943839489
19431856592.3608;17.6483933294916;0.0036275212989594;-9.0487889747065;-12.2023395384339;25.8114411458978;-0.0181243186776956;7.66656311117765
19431949903.1066;17.6484768920893;0.00362745913182056;-9.04791972847296;-12.1763707806519;25.8138932841933;-0.0192044758383968;7.66653036480493
19431957369.5613;17.6484835910076;0.0036274538721678;-9.04710975672295;-12.1521573617058;25.8162196710777;-0.0202695936730129;7.66652760876021
19431958010.1729;17.6484841668768;0.00362745339539651;-9.04627090832028;-12.1282846821883;25.8186328510565;-0.0213756567963374;7.6665273604575
19431958073.0521;17.6484842235177;0.00362745334592737;-9.04537693134702;-12.1041725270663;25.8212049341258;-0.0225517842906599;7.66652733486813
19431958081.8147;17.6484842314293;0.00362745333861342;-9.04436793477372;-12.0784844924913;25.8241079248887;-0.0238730974229796;7.66652733110883
19431958085.089;17.6484842343942;0.00362745333568569;-9.04311286983959;-12.0485835297136;25.8277188073994;-0.0255044163587455;7.66652732961668
19431958087.135;17.648484236253;0.00362745333371766;-9.04167941366739;-12.016883453668;25.8318428298683;-0.0273496233414389;7.66652732862096
19431958088.6224;17.6484842376093;0.00362745333217384;-9.04006663123742;-11.9838258324557;25.8364826398603;-0.0294085889781582;7.66652732784552
19431958089.7695;17.6484842386596;0.00362745333088699;-9.03828860508471;-11.9500673386422;25.8415976784355;-0.0316621664161605;7.66652732720299
19431958090.7314;17.6484842395444;0.00362745332971694;-9.03628786681836;-11.914930106315;25.8473532171196;-0.0341801400776354;7.66652732662253
19431958091.5558;17.6484842403065;0.00362745332862834;-9.03408785019049;-11.8792539282845;25.8536817819575;-0.0369280453882217;7.6665273260852
19431958092.2791;17.6484842409789;0.00362745332759081;-9.03168818285318;-11.8433147813466;25.8605843788798;-0.0399035685446233;7.66652732557527
19431958092.9456;17.6484842416024;0.00362745332654913;-9.02899497896735;-11.806081860687;25.8683309799421;-0.043219678036648;7.66652732506593
19431958093.5596;17.6484842421807;0.00362745332550228;-9.02603324830089;-11.7682970920981;25.8768495347162;-0.0468433080092271;7.66652732455608
19431958094.1071;17.6484842427;0.00362745332448719;-9.02294658231716;-11.7318721788905;25.8857269600538;-0.0505981652858295;7.66652732406245
19431958094.6191;17.6484842431894;0.00362745332345519;-9.01962992496441;-11.6955684312913;25.895265324246;-0.0546112175086697;7.66652732356195
19431958095.0952;17.6484842436481;0.00362745332241345;-9.01612469664096;-11.6599126467922;25.9053454096592;-0.0588303506828045;7.66652732305776
19431958095.5419;17.6484842440823;0.00362745332135339;-9.01241421471863;-11.6247617384189;25.9160150974697;-0.0632733313273975;7.66652732254575
19431958095.9641;17.6484842444963;0.00362745332026829;-9.00848016113903;-11.5900000871761;25.9273269605075;-0.0679575664437285;7.66652732202275
19431958096.3707;17.6484842448989;0.00362745331913567;-9.00424241411121;-11.555052124259;25.9395112505244;-0.0729712992225214;7.66652732147834
19431958096.7584;17.6484842452868;0.00362745331796563;-8.99973548425144;-11.5203312995959;25.9524685936087;-0.0782677517442008;7.66652732091721
19431958097.1347;17.6484842456676;0.00362745331673471;-8.99486839480325;-11.4852644158232;25.9664603674945;-0.083949232802451;7.66652732032858
19431958097.498;17.6484842460397;0.00362745331544563;-8.98964311092287;-11.4500373845923;25.9814807142023;-0.0900056193451419;7.66652731971377
19431958097.8493;17.6484842464042;0.00362745331409335;-8.98403196528703;-11.414632103936;25.9976089533135;-0.0964568929304255;7.66652731907059
19431958098.1901;17.6484842467626;0.00362745331266941;-8.97799490404864;-11.3789552622891;26.0149599630706;-0.103338654740623;7.66652731839528
19431958098.5232;17.6484842471183;0.0036274533111565;-8.97145384495699;-11.3427222039179;26.0337578448985;-0.110730816409439;7.66652731768014
19431958098.8464;17.6484842474691;0.00362745330955959;-8.96442584312716;-11.3061966285429;26.0539532316389;-0.118604957931128;7.66652731692762
19431958099.1628;17.6484842478186;0.00362745330785685;-8.95687948087364;-11.2692003342831;26.0756358197343;-0.127032268461317;7.66652731612811
19431958099.4745;17.6484842481692;0.00362745330602949;-8.94883255297598;-11.2318153868111;26.098753809163;-0.136030701236467;7.66652731527372
19431958099.7793;17.6484842485189;0.00362745330408188;-8.94038276912948;-11.1945323327718;26.1230259356011;-0.145503660084743;7.66652731436727
19431958100.0778;17.6484842488683;0.00362745330200531;-8.931595680635;-11.1575925529774;26.1482633531393;-0.155398197848665;7.66652731340577
19431958100.3718;17.6484842492198;0.0036274532997804;-8.92248063832711;-11.1210221644408;26.1744387686931;-0.165705091246652;7.66652731238169
19431958100.6614;17.6484842495735;0.00362745329739958;-8.9130999520625;-11.0850662493184;26.2013729186873;-0.176342807645598;7.66652731129281
19431958100.9465;17.6484842499296;0.00362745329485823;-8.90349154347319;-11.0499319746688;26.2289569478643;-0.18721497707439;7.66652731013814
19431958101.2283;17.6484842502897;0.00362745329213901;-8.89363155153574;-11.0156068840745;26.2572595949916;-0.198277788045814;7.66652730891085
19431958101.506;17.6484842506527;0.0036274532892469;-8.88357080786864;-10.9823471499906;26.2861354365574;-0.209387330032269;7.66652730761337
19431958101.7804;17.6484842510201;0.00362745328616934;-8.87329686446624;-10.9501881918496;26.3156209627428;-0.220456188734767;7.66652730624001
19431958102.0528;17.6484842513937;0.00362745328288833;-8.86278264815586;-10.9191442000536;26.3457949328118;-0.2313927540947;7.66652730478208
19431958102.3203;17.6484842517696;0.0036274532794405;-8.85216620829753;-10.8897004285838;26.3762625536263;-0.241924045874135;7.66652730325351
19431958102.5881;17.6484842521556;0.00362745327575553;-8.84126427324207;-10.8614499530953;26.4075515180551;-0.252082359889113;7.6665273016214
19431958102.8525;17.6484842525465;0.00362745327188898;-8.83025647928991;-10.8349699884134;26.4391483010418;-0.261537490174711;7.66652729990573
19431958103.1159;17.6484842529459;0.00362745326781155;-8.81906794677058;-10.8101616932572;26.4712700398766;-0.270197316787035;7.66652729808883
19431958103.3759;17.6484842533508;0.0036274532635679;-8.80781472351639;-10.7873389770416;26.50358574508;-0.277830794794435;7.66652729618401
19431958103.6349;17.6484842537645;0.00362745325913386;-8.79642112168885;-10.7663706924138;26.5363147386985;-0.28437475434825;7.66652729417336
19431958103.8928;17.6484842541877;0.00362745325451892;-8.78489669204104;-10.7472855223335;26.5694312986716;-0.289729974657445;7.66652729205261
19431958104.1481;17.648484254618;0.00362745324976712;-8.77332677425724;-10.7301771404743;26.602691279908;-0.293815841940087;7.66652728983229
19431958104.4018;17.6484842550571;0.00362745324487603;-8.76168161809313;-10.7149087124735;26.6361806371521;-0.296650344542196;7.66652728750183
19431958104.6567;17.6484842555107;0.00362745323980329;-8.74984183715994;-10.7012407727982;26.6702428221046;-0.298282678406808;7.66652728503007
19431958104.913;17.6484842559794;0.00362745323455976;-8.73781690320335;-10.6891026549541;26.7048503659537;-0.298747580773324;7.66652728240944
19431958105.1656;17.6484842564543;0.0036274532292647;-8.72585728588288;-10.6785981591032;26.7392814048922;-0.298132181941713;7.66652727968765
19431958105.4157;17.6484842569375;0.0036274532239127;-8.71393184396032;-10.6695164922398;26.7736240868833;-0.296566787730666;7.66652727685323
19431958105.6634;17.6484842574295;0.00362745321851346;-8.70204519657955;-10.6617059992932;26.8078636592519;-0.29417204755034;7.66652727390217
19431958105.9114;17.6484842579357;0.00362745321302568;-8.69009495635953;-10.6549838552189;26.8422937905643;-0.291025287254039;7.66652727080202
19431958106.1586;17.6484842584545;0.00362745320748155;-8.67813957273138;-10.649295426521;26.8767449672434;-0.287224059825825;7.66652726756004
19431958106.4039;17.6484842589833;0.00362745320192266;-8.66625351683715;-10.6445882403752;26.9110014737443;-0.282875370955732;7.66652726419107
19431958106.6497;17.6484842595281;0.00362745319630175;-8.65432211420335;-10.6407420174062;26.9453927868754;-0.278012687204786;7.66652726065679
19431958106.893;17.6484842600823;0.00362745319069891;-8.64249843257652;-10.6377290939482;26.9794767110693;-0.272773929806166;7.66652725699806
19431958107.1323;17.6484842606422;0.00362745318515891;-8.6308589630751;-10.6354675978047;27.0130317305677;-0.267278911522849;7.66652725323929
19431958107.3656;17.6484842612024;0.00362745317973889;-8.61950583180201;-10.6338627569947;27.0457624910996;-0.261662992970393;7.66652724941865
19431958107.5924;17.6484842617613;0.00362745317445426;-8.60845536668041;-10.6328017831502;27.077621134643;-0.256014221509465;7.66652724555001
19431958107.8125;17.6484842623171;0.00362745316932058;-8.59772599615115;-10.6321845267593;27.1085539440043;-0.250407781710126;7.6665272416496
19431958108.0254;17.6484842628675;0.00362745316435356;-8.5873386149544;-10.6319283186268;27.138500291933;-0.244904147837766;7.66652723773625
19431958108.2302;17.6484842634096;0.00362745315957352;-8.57732518139303;-10.631970539829;27.1673678426324;-0.23955332577544;7.66652723383487
19431958108.4261;17.6484842639397;0.00362745315500501;-8.56772661719412;-10.6322674605169;27.195038580362;-0.234395265893806;7.66652722997643
19431958108.612;17.6484842644534;0.0036274531506742;-8.55859161042712;-10.6327855815001;27.2213722030868;-0.229464783457607;7.66652722619659
19431958108.7869;17.6484842649463;0.00362745314660769;-8.54997569918895;-10.6334926821427;27.2462087153223;-0.224796267615928;7.66652722253453
19431958108.9512;17.648484265418;0.0036274531427958;-8.54186151378975;-10.6343629501331;27.2695983096352;-0.220382600975126;7.66652721899789
19431958109.107;17.6484842658736;0.00362745313918681;-8.53414610849151;-10.6353836772785;27.2918378336266;-0.216169895831643;7.66652721555332
19431958109.2587;17.6484842663247;0.00362745313568503;-8.52663178869515;-10.6365637438045;27.3134971873732;-0.212053456120253;7.66652721211749
19431958109.4151;17.6484842667982;0.00362745313208532;-8.51888601088997;-10.6379761415188;27.3358231156108;-0.207798316590644;7.66652720848552
19431958109.5839;17.6484842673191;0.00362745312821625;-8.51054387051348;-10.6397270603745;27.3598672857731;-0.20320331871523;7.66652720446298
19431958109.7696;17.6484842679045;0.00362745312398128;-8.50139998481153;-10.6419424755043;27.3862215093628;-0.198147969299771;7.66652719991208
19431958109.965;17.6484842685341;0.00362745311955264;-8.49182777480299;-10.6446383164185;27.4138094321683;-0.192823005487201;7.66652719497939
19431958110.1674;17.6484842692015;0.00362745311499779;-8.4819730128402;-10.6478755863635;27.4422109152998;-0.18729083435917;7.6665271897097
19431958110.3765;17.6484842699069;0.00362745311033544;-8.47187561601466;-10.6517469498982;27.4713109203642;-0.181554931679705;7.66652718409533
19431958110.5924;17.648484270653;0.00362745310557172;-8.46154796718318;-10.6563609610821;27.5010737443596;-0.175604910771768;7.66652717811154
19431958110.8111;17.6484842714268;0.00362745310080588;-8.45120511005515;-10.6617178303851;27.5308796319042;-0.169553737450024;7.66652717185559
19431958111.0326;17.6484842722294;0.00362745309604748;-8.44086595131826;-10.667875375249;27.5606740503083;-0.163410670116844;7.66652716531767
19431958111.2574;17.6484842730636;0.00362745309129478;-8.43052375445785;-10.6748934110916;27.5904763249484;-0.157177197740829;7.66652715847058
19431958111.4856;17.6484842739306;0.00362745308655893;-8.42019944467088;-10.6827996653796;27.6202260410224;-0.150878378410438;7.66652715130354
19431958111.7147;17.6484842748221;0.00362745308189643;-8.41001436703598;-10.6915133691703;27.6495734325351;-0.144607038969163;7.66652714388131
19431958111.9449;17.6484842757382;0.0036274530773157;-8.39998348596845;-10.7010081810449;27.6784753044708;-0.138394065619055;7.66652713620178
19431958112.1766;17.6484842766821;0.00362745307281057;-8.39008897016208;-10.7112852098859;27.7069829796074;-0.132249183132843;7.6665271282384
19431958112.41;17.6484842776545;0.00362745306838593;-8.38033634253714;-10.722326166155;27.7350805159242;-0.126194261767963;7.66652711998246
19431958112.6446;17.6484842786533;0.00362745306405945;-8.37075855395296;-10.7340801105627;27.7626729866725;-0.120265128875823;7.666527111452
19431958112.8793;17.6484842796746;0.00362745305985148;-8.3613942813893;-10.7464814868483;27.7896490128068;-0.114497460979214;7.66652710267814
19431958113.1148;17.6484842807212;0.0036274530557547;-8.352218939794;-10.7595487395825;27.8160794841318;-0.108884514467871;7.66652709363778
19431958113.3513;17.6484842817941;0.00362745305176901;-8.34322273771216;-10.7732926881849;27.841992678756;-0.103426151411365;7.66652708432117
19431958113.5886;17.6484842828928;0.00362745304790031;-8.33440858189935;-10.7877128721129;27.8673803044899;-0.0981277530103531;7.66652707473305
19431958113.8261;17.6484842840145;0.00362745304416024;-8.3257927818174;-10.802790052797;27.8921954752431;-0.0930005312090776;7.66652706489691
19431958114.0637;17.6484842851589;0.00362745304055096;-8.31736916308013;-10.8185480814557;27.9164560701108;-0.088040270125866;7.66652705481484
19431958114.302;17.648484286328;0.00362745303706833;-8.30911714638092;-10.8350503162324;27.940221449836;-0.0832332157471479;7.66652704447071
19431958114.5418;17.6484842875274;0.00362745303369866;-8.30100101603968;-10.8523927732775;27.963594544168;-0.0785599573945388;7.66652703381332
19431958114.7883;17.6484842887833;0.00362745303038061;-8.29287529131065;-10.8709297898968;27.9869943423771;-0.0739437993269094;7.66652702261135
19431958115.0439;17.64848429011;0.00362745302709455;-8.28470217249397;-10.8908150070136;28.0105296909378;-0.069375877138856;7.666527010732
19431958115.3098;17.6484842915171;0.00362745302383822;-8.27649724247202;-10.9120694340322;28.0341557087981;-0.0648806645619977;7.66652699808689
19431958115.5884;17.6484842930189;0.00362745302060139;-8.26825755242533;-10.934764140195;28.0578808918351;-0.0604711571980107;7.66652698454024
19431958115.8828;17.6484842946369;0.00362745301736589;-8.2599678850027;-10.9589955067299;28.0817490628903;-0.0561560474679255;7.66652696989399
19431958116.1999;17.648484296414;0.00362745301408404;-8.25153448154641;-10.9851365727732;28.1060301804298;-0.05190359232363;7.66652695375143
19431958116.5492;17.6484842984107;0.00362745301069894;-8.24285836911992;-11.0136080567513;28.131009176765;-0.0476909116905796;7.66652693555395
19431958116.9579;17.6484843007977;0.00362745300702229;-8.23353265714156;-11.0459265424881;28.1578574101858;-0.0433716275859587;7.66652691373478
19431958117.484;17.6484843039471;0.00362745300269581;-8.22282942431294;-11.0849211206353;28.1886702480668;-0.038724239096368;7.66652688487297
19431958118.353;17.6484843093273;0.00362745299639907;-8.20822078051307;-11.1399060094053;28.2307241723352;-0.0330397528434758;7.66652683552197
19431958120.1861;17.648484321216;0.00362745298505305;-8.18805758251561;-11.2083469446837;28.2887645222467;-0.0269975664266441;7.66652672624377
19431958127.7277;17.6484843729574;0.00362745294076753;-8.16362515791482;-11.2312017309213;28.3590883592854;-0.0242725661170318;7.66652624614498
19431958179.1255;17.6484847454017;0.00362745262335601;-8.13988301166764;-11.2093216481487;28.4274186000316;-0.024226952518556;7.66652276446847
19431958603.5884;17.648488072331;0.00362744976992042;-8.10579618885956;-11.1724716812989;28.5254814618902;-0.0244656912561015;7.66649153212111
19431962111.0145;17.6485184209543;0.00362742371783438;-8.06284953898929;-11.1291460314328;28.6486661596632;-0.0245927963923722;7.66620713960024
19431986235.1718;17.6487678372118;0.00362721000459719;-7.98552739241333;-11.0526207278347;28.8677907244539;-0.0247354726193295;7.6639177739075
19432086255.9562;17.6502217172463;0.00362596866696442;-7.83756168358217;-10.906200334417;29.2747771965687;-0.024995103971101;7.6512944527417
19432426494.1178;17.6630757012598;0.00361495372908885;-7.42274526765227;-10.4898009710275;30.3413103947545;-0.026000316221955;7.56616974018808
19433416069.2969;17.8232282086598;0.00347227811417554;-6.79091505109582;-9.84109904062771;30.3253637387396;-0.0270160610603911;6.34045980503454
19436051675.0485;17.9623686497263;0.00334685449859118;-7.27742707092482;-10.3225011306157;28.119612228042;-0.0253475079383053;5.80229675995849
19443020619.0566;18.104828626248;0.00321898822209092;-7.68947410676707;-10.7364109566103;27.5673835822749;-0.024743361451994;6.22572588398758
19465236652.9474;18.2792052266036;0.0030647753024719;-8.10517832285299;-11.1585457697873;27.0105425414908;-0.0238872338222105;6.65310614927669
19536903175.918;18.4999349988576;0.00287530047754041;-8.51145541921852;-11.5777648199439;26.4681403119548;-0.0227202982210297;7.07200431406891
19666450083.2855;18.7170545762159;0.00269504887250922;-8.77572806474474;-11.8565479091327;26.1171995065776;-0.0216823705501702;7.34574096014768
19848223563.5052;18.9216417283886;0.00253122601830631;-8.94865216520051;-12.0451560341053;25.8890654026096;-0.0207306301586396;7.52586010551547
20074998270.3459;19.1166941929805;0.00238038354636841;-9.06544317196395;-12.1770709733762;25.7372619437449;-0.0199037331859973;7.64903103009376
20326306711.2606;19.300228076759;0.0022435186844595;-9.13649082101045;-12.2639151123006;25.6482871014612;-0.0191264370375265;7.72621263596244
20592437099.9526;19.4765696265748;0.00211662591383867;-9.17873981490295;-12.3216575882441;25.5966532510792;-0.0184189730272976;7.77296146247825
20860584594.0745;19.6455559420102;0.00199932361966275;-9.20052220603684;-12.3590672367244;25.5722154242058;-0.0177510204225171;7.79852235922186
21123499867.8642;19.8078464553628;0.00189055201469465;-9.20952268272249;-12.3833002799589;25.5633768486872;-0.0171332844464853;7.80992524846803
21374552392.9648;19.9623092073064;0.00179058804622516;-9.21094082583036;-12.3999211050381;25.5638567143465;-0.0165442123385529;7.81297282012289
21614828771.4184;20.1111240145177;0.00169741083290756;-9.20806493139275;-12.4114013597415;25.5693439622901;-0.0160096986409646;7.81110831621104
21843822874.0871;20.2547657372662;0.00161045051817072;-9.20254369287004;-12.4205031950804;25.5779992984573;-0.0154848523588529;7.80627336613141
22063248230.7066;20.3946324019531;0.00152843961530156;-9.19557259420861;-12.4274152197338;25.5882692012004;-0.0150036970192049;7.79972901170258
22271895876.3513;20.530043553457;0.00145152599975082;-9.18775905730705;-12.4334102614235;25.5994891970001;-0.0145405252708294;7.7921993962837
22473876352.8815;20.6636961944409;0.00137794816938106;-9.17933184762953;-12.4385624150892;25.6114525178101;-0.014099497735361;7.78398630320535
22668641422.9297;20.7952253964471;0.00130773385346697;-9.17048888616752;-12.4430854024576;25.6239034082496;-0.0136788243326689;7.77529946667223
22853000605.3113;20.9223188430214;0.00124188176078681;-9.16154161615339;-12.4470951926546;25.6364526009378;-0.0132832502239243;7.76647772973272
23027591071.9819;21.0451916781318;0.00118002056948122;-9.15256464672464;-12.4506022465522;25.6490114541218;-0.0129131748521732;7.75760534530081
23192841232.5379;21.1639247606519;0.00112188260625455;-9.14357014711611;-12.4536820772478;25.6615986614802;-0.0125652686484134;7.74871820409045
23349773393.8722;21.279040153952;0.00106700615418489;-9.13457855443662;-12.45632593093;25.6741650667617;-0.0122390850460949;7.73982276399438
23497373992.4296;21.3895592621617;0.00101568892693416;-9.12565074677282;-12.4588249359303;25.6866662171452;-0.0119270640971687;7.73100639454102
23634131685.7168;21.4940810783254;0.000968299816361341;-9.11674481948418;-12.460273209198;25.6992555526939;-0.0116517767077321;7.72229103629934
23760894477.0155;21.5930002475354;0.000924316196666808;-9.10771133352014;-12.4597008263489;25.7121003022318;-0.0114326803416633;7.71350104436004
23879375707.1593;21.6873775106457;0.000883234618823622;-9.09878217576095;-12.4600024392077;25.7245753294718;-0.0111976773753827;7.70466465220963
23992402163.6213;21.7791029703941;0.000844689843663439;-9.09069021485861;-12.4672145953899;25.7353052802435;-0.0108144626194927;7.696272250932
24098890184.961;21.8668558683342;0.000809716365782233;-9.08403929000082;-12.4835619352864;25.7438100707644;-0.0102600665416558;7.68916430241361
24194344408.5746;21.9467213224414;0.000779487734892254;-9.07743618425291;-12.4993766719814;25.7535499619159;-0.00974757565217536;7.68297355815984
24265673407.7508;22.0076504688023;0.000755967283782617;-9.06844103689102;-12.4818204834183;25.7695652550316;-0.00994781374594017;7.6763757895413
24303976102.0361;22.0411687074297;0.000740588740195752;-9.05794813563081;-12.3963141162652;25.7904352921261;-0.0118329407960178;7.67014185680172
24315206429.3899;22.0511442310133;0.000734912828704252;-9.05145671603613;-12.2963568011567;25.8048673884937;-0.0146825519602307;7.66730202565088
24316838706.1747;22.0526020302584;0.000733968885904838;-9.04909608285577;-12.2378481259445;25.810886442252;-0.0167128639176331;7.66678473375545
24316929885.5959;22.0526836260383;0.000733912662514433;-9.04822913340312;-12.2099798000879;25.8133334369432;-0.0177866199142015;7.66675292730324
24316937202.9671;22.0526901865282;0.000733907872914166;-9.04741881534838;-12.1840558190186;25.8156609849721;-0.0188471742385487;7.66675024185529
24316937833.0484;22.0526907525333;0.000733907435492474;-9.04657627079701;-12.1584962631647;25.8180848696275;-0.0199528083783307;7.66674999897021
24316937894.4974;22.0526908078476;0.000733907390227582;-9.04567751553473;-12.132753366885;25.8206707678004;-0.0211296191306959;7.66674997408826
24316937903.0843;22.0526908155952;0.000733907383491779;-9.04466345428118;-12.1054439118521;25.8235884050534;-0.0224510229296741;7.66674997042079
24316937906.3289;22.0526908185312;0.000733907380754598;-9.04340515713362;-12.0738579769379;25.8272086795841;-0.0240782351656255;7.6667499689481
24316937908.3649;22.0526908203798;0.000733907378899853;-9.04196820373423;-12.0405080793164;25.8313428694909;-0.0259183355680786;7.66674996796088
24316937909.8365;22.0526908217207;0.000733907377448931;-9.04036489625555;-12.0061375279494;25.8359555401256;-0.0279545108162262;7.66674996719641
24316937910.9891;22.0526908227753;0.000733907376215824;-9.03857168022757;-11.9706561563641;25.8411144110269;-0.0302152897137968;7.66674996655297
24316937911.9444;22.0526908236535;0.000733907375104485;-9.03657808423846;-11.9342962948365;25.8468495535349;-0.0327106673366251;7.66674996597818
24316937912.7685;22.0526908244149;0.000733907374060461;-9.03437365532726;-11.8972860225943;25.8531909788355;-0.0354488203160885;7.66674996544253
24316937913.4935;22.0526908250885;0.000733907373059638;-9.0319621809108;-11.8600115340556;25.8601277238435;-0.0384221189683378;7.66674996493259
24316937914.1568;22.0526908257085;0.000733907372059871;-9.02927666240454;-11.8217961955528;25.867852427864;-0.0417100625902895;7.66674996442684
24316937914.7706;22.0526908262862;0.000733907371048202;-9.02631270786254;-11.7829692419543;25.8763776141205;-0.0453155177207096;7.6667499639183
24316937915.3155;22.0526908268027;0.000733907370069862;-9.02323928322108;-11.7458111256074;25.8852172068443;-0.0490320409641753;7.66674996342808
24316937915.834;22.052690827298;0.000733907369054724;-9.01987778785377;-11.7082055633224;25.8948847978816;-0.0530745362096344;7.66674996292209
24316937916.3172;22.0526908277635;0.000733907368024385;-9.01631032440578;-11.6712292144746;25.9051441475354;-0.0573412456599527;7.66674996241045
24316937916.7628;22.0526908281963;0.000733907366993042;-9.01259817302886;-11.6354775010494;25.9158189440494;-0.0617569172737483;7.66674996189972
24316937917.1919;22.052690828617;0.000733907365913852;-9.008583306286;-11.5994875389739;25.9273635102448;-0.0665049733845216;7.66674996136754
24316937917.606;22.052690829027;0.000733907364781928;-9.00424192610748;-11.5632647676666;25.9398461199919;-0.071605198644399;7.66674996081164
24316937917.9974;22.0526908294187;0.000733907363620532;-8.99965766159796;-11.5276227835637;25.9530261712523;-0.0769525264273457;7.66674996024297
24316937918.3757;22.0526908298017;0.000733907362401392;-8.9947214198906;-11.4918000574622;25.9672171462045;-0.0826697781358403;7.66674995964824
24316937918.7411;22.0526908301761;0.000733907361122183;-8.98941743527602;-11.4558386770233;25.9824641575003;-0.0887685437049484;7.66674995902646
24316937919.0935;22.052690830542;0.00073390735978172;-8.98373308252701;-11.4198161808364;25.9988032862123;-0.0952511570108933;7.66674995837718
24316937919.4368;22.0526908309035;0.000733907358361619;-8.97758498263024;-11.3833834304936;26.016473945178;-0.102199786306509;7.66674995769197
24316937919.769;22.0526908312586;0.000733907356866816;-8.97098773540457;-11.346784341997;26.0354338677705;-0.109589315113498;7.66674995697331
24316937920.094;22.0526908316118;0.000733907355273778;-8.9638461192403;-11.3096227600025;26.0559563285238;-0.117525031669407;7.66674995621056
24316937920.4098;22.0526908319611;0.000733907353586588;-8.95624839972132;-11.2723106618768;26.0777870646005;-0.125952987385443;7.6667499554059
24316937920.7204;22.052690832311;0.00073390735177781;-8.94817105075931;-11.2347152468549;26.1009930661909;-0.134931340570679;7.66674995454747
24316937921.0247;22.0526908326607;0.000733907349845237;-8.93968870879029;-11.1971962585169;26.1253593268284;-0.144395853689878;7.66674995363513
24316937921.3228;22.0526908330103;0.000733907347782746;-8.93087555481377;-11.1600471742819;26.1506722214751;-0.154280571064775;7.66674995266716
24316937921.6159;22.0526908333612;0.000733907345576659;-8.92176442899765;-11.1233794142391;26.1768369970215;-0.164551628018779;7.66674995163854
24316937921.9057;22.0526908337158;0.000733907343205852;-8.91236058992815;-11.0872232382603;26.2038382462193;-0.175187155701273;7.66674995054108
24316937922.1915;22.0526908340733;0.00073390734067014;-8.90271739933399;-11.0518651751345;26.2315227731021;-0.186069729754505;7.6667499493758
24316937922.4713;22.0526908344313;0.000733907337983968;-8.89292084102038;-11.0176730609438;26.2596440166691;-0.197031931366455;7.66674994814972
24316937922.7487;22.0526908347947;0.00073390733510725;-8.8828621367727;-10.9843360209156;26.2885147273537;-0.208109624443464;7.66674994684554
24316937923.0218;22.0526908351608;0.000733907332059255;-8.87263625096427;-10.9522497686389;26.317863080662;-0.219097340275977;7.66674994547141
24316937923.2948;22.0526908355359;0.000733907328784983;-8.86209802027603;-10.9210642175431;26.3481067426194;-0.230029331305454;7.66674994400246
24316937923.5658;22.0526908359174;0.000733907325303909;-8.85134475822938;-10.8911946918401;26.3789678149379;-0.240662189981738;7.66674994244544
24316937923.8321;22.052690836302;0.000733907321653358;-8.84050897218384;-10.8630877465839;26.4100677379267;-0.250721016972415;7.66674994081369
24316937924.0957;22.0526908366923;0.000733907317813545;-8.82954308484304;-10.8366845534354;26.4415450417281;-0.260102999090362;7.6667499390948
24316937924.3582;22.0526908370911;0.000733907313766386;-8.81840372057868;-10.8119676990534;26.4735264211052;-0.2686877194207;7.6667499372759
24316937924.6189;22.0526908374974;0.000733907309530578;-8.8071389431747;-10.7891162335223;26.5058760982533;-0.276289813452751;7.6667499353588
24316937924.877;22.0526908379104;0.000733907305130357;-8.79579883756576;-10.7682533167089;26.538452187023;-0.282762042832974;7.66674993334703
24316937925.1343;22.0526908383332;0.000733907300546391;-8.7843164271288;-10.7492521958804;26.5714487093087;-0.288057683986093;7.66674993122339
24316937925.389;22.052690838763;0.000733907295828347;-8.77279196915611;-10.7322339153697;26.604578642696;-0.292088486827751;7.6667499290012
24316937925.6419;22.0526908392014;0.000733907290975681;-8.76119952420239;-10.7170652117821;26.6379169622771;-0.294872704596654;7.66674992667074
24316937925.8947;22.0526908396515;0.000733907285972569;-8.74948010563512;-10.7035696252077;26.6716332994587;-0.296455895879455;7.66674992421389
24316937926.1496;22.0526908401179;0.000733907280787617;-8.73754415958196;-10.6915568608288;26.7059850316229;-0.29689022578969;7.6667499216029
24316937926.4022;22.052690840593;0.000733907275524167;-8.72561016112855;-10.6811196987299;26.7403425329997;-0.296249365254446;7.66674991887743
24316937926.6515;22.052690841075;0.000733907270218883;-8.71374062434827;-10.6721365434442;26.7745243865196;-0.294663162616423;7.66674991604692
24316937926.8988;22.0526908415663;0.000733907264863881;-8.70190155166195;-10.6644228655141;26.8086270334682;-0.292249151488912;7.66674991309855
24316937927.1459;22.0526908420708;0.000733907259430694;-8.69001745092872;-10.6578128795068;26.8428666742223;-0.289090263998199;7.66674991000675
24316937927.3923;22.0526908425878;0.000733907253942956;-8.67812736798622;-10.6522387267764;26.8771296948622;-0.28528013293339;7.66674990677417
24316937927.638;22.0526908431177;0.000733907248411642;-8.66624147466782;-10.6476254554769;26.9113857201369;-0.280900220560927;7.6667499033971
24316937927.8828;22.0526908436602;0.000733907242854322;-8.65438218881659;-10.6439064173175;26.9455691212147;-0.276034351805786;7.66674989987632
24316937928.1264;22.0526908442149;0.000733907237286831;-8.64256739791825;-10.6410090963581;26.9796273472556;-0.270766074242693;7.66674989621287
24316937928.3659;22.0526908447751;0.000733907231786168;-8.63094230676793;-10.6388732735298;27.0131408298214;-0.265243112784944;7.66674989245138
24316937928.5995;22.0526908453361;0.000733907226401757;-8.61959303554869;-10.6373995884713;27.0458603604576;-0.259593759770282;7.66674988862482
24316937928.8268;22.0526908458959;0.000733907221152924;-8.60854485688253;-10.6364759238239;27.0777122968243;-0.253910641413348;7.66674988474985
24316937929.0473;22.0526908464525;0.000733907216054983;-8.59781620789366;-10.6360006957817;27.1086428972794;-0.24826945378428;7.66674988084264
24316937929.2605;22.0526908470039;0.000733907211123712;-8.58742816687236;-10.6358896881222;27.138591005481;-0.242731296026887;7.66674987692202
24316937929.4658;22.052690847547;0.000733907206378446;-8.57741121204444;-10.6360786757177;27.1674685526071;-0.23734588655027;7.66674987301229
24316937929.6622;22.0526908480784;0.000733907201842314;-8.56780460774511;-10.6365225344407;27.1951623010371;-0.232152694302459;7.66674986914361
24316937929.8487;22.0526908485936;0.000733907197542417;-8.55865944659277;-10.637186522187;27.2215250192439;-0.227187993667421;7.66674986535264
24316937930.0242;22.0526908490882;0.000733907193503847;-8.5500282557693;-10.6380375674891;27.2464053947309;-0.222484572933339;7.66674986167733
24316937930.189;22.0526908495614;0.000733907189720427;-8.54190210962848;-10.6390491328976;27.2698292825855;-0.218039609657104;7.66674985812897
24316937930.3452;22.0526908500179;0.000733907186143803;-8.53418354778908;-10.6402088711891;27.2920777207618;-0.213801760000353;7.66674985467677
24316937930.4969;22.0526908504692;0.000733907182680086;-8.52667770668628;-10.6415278686044;27.3137124484273;-0.209667236494499;7.66674985123894
24316937930.6526;22.0526908509405;0.000733907179138407;-8.51897849603573;-10.6430813401505;27.3359039583281;-0.205414263075295;7.6667498476233
24316937930.8207;22.0526908514591;0.000733907175331916;-8.51068330707354;-10.6449896341771;27.3598125870233;-0.200819920616018;7.66674984361834
24316937931.0054;22.0526908520411;0.00073390717117155;-8.50160015442549;-10.6473802698606;27.3859915237929;-0.195770997636878;7.66674983909316
24316937931.2003;22.0526908526687;0.000733907166811275;-8.4920645720454;-10.6502735221867;27.4134736144297;-0.19043866097873;7.66674983417563
24316937931.4023;22.0526908533339;0.000733907162329105;-8.48224696461771;-10.6537229560348;27.441767726016;-0.184899651508622;7.66674982892292
24316937931.6106;22.0526908540364;0.000733907157747757;-8.47219608378067;-10.6578184850839;27.4707333590619;-0.179162804586349;7.66674982333265
24316937931.8258;22.0526908547793;0.000733907153068552;-8.46191285821572;-10.6626748822611;27.5003678199479;-0.173211402635939;7.66674981737431
24316937932.0443;22.0526908555516;0.000733907148379754;-8.45158988425396;-10.6683029385125;27.5301160466839;-0.167145615104868;7.66674981113145
24316937932.2654;22.0526908563522;0.000733907143703017;-8.44127315627973;-10.6747504685232;27.5598454460777;-0.160990209486489;7.66674980461001
24316937932.4897;22.0526908571835;0.000733907139039933;-8.43096208562542;-10.6820755173076;27.5895576308422;-0.154750230795992;7.66674979778738
24316937932.7176;22.0526908580488;0.000733907134389829;-8.42065193304878;-10.6903280340644;27.6192661426133;-0.148434903327677;7.66674979063568
24316937932.9467;22.0526908589389;0.000733907129813443;-8.41047390693497;-10.6994214894688;27.6485927981209;-0.142142991039742;7.66674978322543
24316937933.1766;22.0526908598534;0.000733907125323011;-8.40045230402734;-10.7093236335737;27.6774675144486;-0.135911129008238;7.66674977556116
24316937933.4081;22.0526908607951;0.000733907120912859;-8.39056953894205;-10.7200377144222;27.7059409078314;-0.12974921175501;7.66674976761688
24316937933.6413;22.0526908617656;0.000733907116585278;-8.38082497453353;-10.7315545752337;27.7340147857358;-0.123675348280981;7.66674975937898
24316937933.8758;22.0526908627628;0.000733907112356545;-8.37124934953397;-10.7438281830188;27.7616005953444;-0.117724178426849;7.66674975086308
24316937934.1104;22.0526908637827;0.000733907108248214;-8.36188494248443;-10.7567897815883;27.7885765833393;-0.111933855316259;7.66674974210289
24316937934.3457;22.0526908648271;0.000733907104256621;-8.35271458137372;-10.7704511486919;27.8149922855002;-0.106302230316214;7.66674973308247
24316937934.582;22.0526908658979;0.00073390710037892;-8.34372211534678;-10.7848359480489;27.8408942999856;-0.100825259577913;7.66674972378612
24316937934.8192;22.0526908669948;0.000733907096619429;-8.33490713578809;-10.7999537786096;27.8662838841727;-0.0955063866150151;7.6667497142147
24316937935.0567;22.0526908681154;0.000733907092989096;-8.3262846946219;-10.8157925471213;27.8911177735909;-0.0903562226782173;7.66674970438943
24316937935.2942;22.0526908692577;0.000733907089495352;-8.31786183006807;-10.8323571319211;27.9153757938587;-0.0853784324333125;7.66674969432749
24316937935.5322;22.0526908704246;0.00073390708613098;-8.30961003395488;-10.849733665213;27.939140142047;-0.0805544255271358;7.66674968400398
24316937935.772;22.0526908716221;0.00073390708288214;-8.3014911998275;-10.8680370381529;27.9625206322628;-0.0758630814637755;7.66674967336527
24316937936.0181;22.0526908728748;0.000733907079693752;-8.29336886807446;-10.8876305155943;27.9859102697612;-0.0712324348938814;7.66674966219313
24316937936.2732;22.0526908741972;0.000733907076546833;-8.28520286121198;-10.9086953822884;28.0094247500478;-0.0666517671482116;7.66674965035399
24316937936.5386;22.0526908756;0.000733907073437252;-8.27700071092978;-10.9312925116448;28.0330423780749;-0.0621410279027837;7.66674963774852
24316937936.8165;22.0526908770965;0.000733907070358874;-8.26876602748866;-10.9555021757802;28.0567527643785;-0.0577166687557713;7.66674962425242
24316937937.1102;22.0526908787089;0.000733907067293394;-8.26047676571851;-10.9814748240241;28.0806193918084;-0.0533836942860749;7.66674960965762
24316937937.426;22.0526908804764;0.000733907064204405;-8.25205769623853;-11.0095848769283;28.1048588677067;-0.0491195328805719;7.66674959360523
24316937937.7736;22.0526908824607;0.000733907061037471;-8.24339694281778;-11.0403775630548;28.1297932751985;-0.0448937537780887;7.66674957552234
24316937938.1785;22.0526908848227;0.000733907057634047;-8.23411810922548;-11.0754681761226;28.1565061713425;-0.0405722130208452;7.66674955393396
24316937938.6957;22.0526908879141;0.000733907053692005;-8.22352918302961;-11.1179728398035;28.1869895426909;-0.0359422315399126;7.66674952560444
24316937939.5426;22.052690893146;0.000733907048080113;-8.2091289062637;-11.1786743912112;28.2284431783638;-0.0302789940175021;7.66674947761593
24316937941.2987;22.0526909045043;0.000733907038374867;-8.18923621756671;-11.2575445136859;28.285704433462;-0.0241690011770197;7.66674937322851
24316937948.1764;22.0526909515493;0.000733907003224295;-8.16493459779378;-11.2915157023866;28.3556517690214;-0.0211864664482381;7.66674893696036
24316937994.626;22.0526912868595;0.000733906754493018;-8.14153476379072;-11.2712510467557;28.422997304623;-0.0210840283214323;7.66674580189945
24316938376.7382;22.0526942697493;0.000733904532076622;-8.10755369199418;-11.2353654820207;28.5207607190635;-0.0212495293299277;7.66671781614706
24316941520.1116;22.0527212784726;0.000733884435937491;-8.06589192589309;-11.194283352546;28.6402939340609;-0.0213101273044178;7.66646459985397
24316963778.5918;22.0529486768797;0.000733716187560367;-7.99070808873927;-11.1215446230891;28.8535614258431;-0.0213482800780684;7.66437394560979
24317057085.0343;22.0542706237774;0.000732747644315382;-7.84869762129095;-10.9837926147463;29.2450319318471;-0.021426789666766;7.65283601520213
24317377368.5644;22.0653317793867;0.000724726167007508;-7.46173410451519;-10.6012802473211;30.2459733729668;-0.0219341809876444;7.57744953791695
24318316733.2649;22.2188070462168;0.000608647797624775;-6.78679583911715;-9.90808293753209;30.5270468228943;-0.0230886050271097;6.46729085526775
24320826577.4999;22.3587258942277;0.000501064891485249;-7.25377054846691;-10.3679034975792;28.1525609182506;-0.0216463640310918;5.77881834160024
24327418201.7346;22.5002065244047;0.000392611515334089;-7.66829545623365;-10.7837493656585;27.5957489020243;-0.0211537942126787;6.20395029658754
24348221252.8786;22.6722360468097;0.000262505853689873;-8.08252405314429;-11.2038308411617;27.0408531556612;-0.020450955406133;6.62979268182712
24416764729.9947;22.8918038297232;0.000101213192858051;-8.49439751520331;-11.6283515253216;26.4908583804651;-0.0194599634755505;7.05438031717479
24542747802.6529;23.1088067189215;-5.2917077608405e-05;-8.76384668022019;-11.9124242558413;26.1329142867214;-0.0185613802745619;7.33339271896269
24721539522.2459;23.3138570014973;-0.000193187195334075;-8.94048702926522;-12.1053822398981;25.899801870617;-0.0177174506263818;7.5173323673451
24947095475.4408;23.5100844906455;-0.000322560940541817;-9.06049444728408;-12.2414081434936;25.7435706615758;-0.016972862293487;7.64373040582845
25197237057.3971;23.6940178731844;-0.0004392267740279;-9.13352533449732;-12.331242204018;25.6519547908434;-0.0162706010453931;7.72296142292529
25461408338.7225;23.8698212679442;-0.000546509502981681;-9.1768583456454;-12.3913557905362;25.5988804070186;-0.0156215285374869;7.77083248282655
25730435212.6909;24.0396781204528;-0.00064617529122551;-9.19971259302168;-12.431249559369;25.5730659406797;-0.0150053397148615;7.79753491109816
25995486693.1678;24.2033764044409;-0.000738527341141311;-9.20928610754776;-12.4578836945619;25.5635528272404;-0.0144219380265356;7.80958916097255
26249015592.8083;24.3593439920315;-0.000823117981618435;-9.21099311670674;-12.4767051582875;25.5637019043935;-0.0138647391452605;7.81297128018491
26489482572.1637;24.5082082078851;-0.000900895082478146;-9.2082651338881;-12.4902036972007;25.5690075217241;-0.0133590417649796;7.81126991141589
26718927306.4912;24.6520375907198;-0.000973201876425281;-9.20283047832676;-12.50149898972;25.5775675135754;-0.0128585124084045;7.80653780581057
26938661480.2626;24.7919905771463;-0.00104101459748334;-9.19591543484287;-12.510586433802;25.5877682453608;-0.01239827912806;7.80005507172175
27150139737.5827;24.9291517165947;-0.00110502050582912;-9.18803463865481;-12.5190456576688;25.5990950182647;-0.0119457547237001;7.79246748762164
27352880416.1691;25.0632236901091;-0.00116531497900052;-9.1796028936124;-12.5266633909492;25.6110669018471;-0.0115177374191369;7.78425142635325
27547145611.5961;25.1943203339557;-0.00122215187832624;-9.17080342569267;-12.5337646218777;25.623459542996;-0.0111090409921265;7.77560934287067
27732654112.9819;25.3221243678808;-0.00127559175345486;-9.16181925519265;-12.5404983823602;25.636061401107;-0.0107194419298812;7.76675185876759
27906813835.8178;25.4446047574797;-0.001325044067189;-9.15288116573839;-12.5467611090605;25.648565916465;-0.0103557878341648;7.75791796346541
28072805154.3777;25.5637898733375;-0.00137153411511443;-9.14386335180182;-12.5527253808995;25.6611864053068;-0.0100095534347565;7.74900824666947
28229914169.1742;25.678955671979;-0.00141497645882459;-9.13487758159601;-12.5582878578867;25.6737441458219;-0.00968453855802522;7.74011823556406
28378165205.1022;25.7898909959242;-0.00145544579121038;-9.1259278808459;-12.5638716967653;25.6862740312034;-0.00937038198973305;7.7312789827238
28515582646.0615;25.8948548923339;-0.00149257377593727;-9.11700191271825;-12.5683404799226;25.6988881210081;-0.00909024872638041;7.72254164047818
28642974135.5228;25.9942110510586;-0.00152683038364693;-9.10794562280728;-12.5703960610428;25.7117652351149;-0.0088650554378089;7.71372943187895
28761596541.5259;26.088650927062;-0.00155850092190537;-9.0990113203343;-12.573511284015;25.7242573113306;-0.00862666396680921;7.7048945517255
28874859629.3046;26.1805276258249;-0.00158792919958149;-9.09088301509437;-12.5853235519314;25.7350517930362;-0.00824298500460409;7.69647539802341
28981619727.2834;26.2684720920892;-0.0016141912306412;-9.0842004461766;-12.6090806530575;25.7435929993655;-0.00768756770785584;7.68933096179408
29077217179.6316;26.3484193149642;-0.00163643077915639;-9.07764293630844;-12.633320352182;25.7532166139107;-0.00716397505392796;7.68315024303531
29149255610.1967;26.4099141288268;-0.00165389290148482;-9.06872575138659;-12.6154672163941;25.7690378991826;-0.00731739904257084;7.67657275582843
29188203689.982;26.4439692371823;-0.00166590268561746;-9.05830378454418;-12.510950849652;25.7896955565511;-0.0090949255908313;7.67033318884472
29200186070.339;26.4546097231577;-0.00167082165452569;-9.05158163765543;-12.3866690238089;25.8045604191326;-0.0119291384515413;7.66733860570169
29202008843.6418;26.4562377151687;-0.0016717058328469;-9.04908038970987;-12.314192796653;25.8108971889979;-0.0140181497151019;7.66676306404073
29202112595.3626;26.4563305692328;-0.00167176016958585;-9.04819439169049;-12.2809017380878;25.8133925411168;-0.0151055916186117;7.6667268694294
29202120800.5232;26.4563379262888;-0.0016717647764099;-9.04738302191998;-12.2506854609577;25.815722731197;-0.0161652285395527;7.66672385642461
29202121499.6823;26.456338554395;-0.00167176519645477;-9.04654301025613;-12.2212803645334;25.8181393978718;-0.0172658350303724;7.66672358675954
29202121567.7875;26.4563386157051;-0.00167176524023057;-9.04564792146019;-12.1919461880417;25.8207148598369;-0.0184361399057828;7.66672355917282
29202121577.0176;26.4563386240336;-0.00167176524659895;-9.04464126702379;-12.1611770747859;25.8236113174208;-0.01974609256585;7.66672355523105
29202121580.3634;26.4563386270613;-0.00167176524910343;-9.04338854161283;-12.1257825595423;25.8272157243126;-0.0213640493308485;7.66672355371304
29202121582.4331;26.4563386289403;-0.00167176525079066;-9.04195751841458;-12.0887266863341;25.8313330379263;-0.0231941067043737;7.6667235527101
29202121583.9302;26.4563386303045;-0.00167176525212295;-9.04035120299944;-12.0506380225421;25.835954569136;-0.0252311875977368;7.66672355193286
29202121585.0885;26.4563386313645;-0.00167176525324982;-9.03857020373483;-12.0119702684648;25.8410785224783;-0.0274732837086834;7.66672355128661
29202121586.0547;26.4563386322526;-0.00167176525427959;-9.0365732549595;-11.972307938418;25.8468235659918;-0.0299690167748097;7.66672355070579
29202121586.881;26.456338633016;-0.00167176525524481;-9.03438046307445;-11.9324988465042;25.8531317952968;-0.0326884837770989;7.66672355016924
29202121587.6088;26.4563386336922;-0.00167176525617696;-9.03197686775541;-11.8925791154263;25.8600461825186;-0.0356473334390412;7.66672354965791
29202121588.2801;26.4563386343197;-0.00167176525712178;-9.02927415115294;-11.8515189933253;25.8678206991803;-0.0389506760409526;7.66672354914659
29202121588.8939;26.4563386348974;-0.00167176525807149;-9.02632213588878;-11.810477703547;25.8763119190151;-0.0425350365108918;7.66672354863837
29202121589.441;26.456338635416;-0.00167176525899801;-9.02324736091918;-11.7712246984169;25.8851557863483;-0.0462459223429011;7.66672354814657
29202121589.9631;26.4563386359147;-0.00167176525996668;-9.01987189335133;-11.7315429223056;25.8948639889022;-0.0502970606020243;7.6667235476374
29202121590.4423;26.4563386363763;-0.00167176526093776;-9.01634443606619;-11.6932730255698;25.9050087377617;-0.0545073607045444;7.66672354713051
29202121590.8872;26.4563386368083;-0.00167176526191963;-9.0126506277871;-11.656153640362;25.9156312621227;-0.0588923357578819;7.66672354662129
29202121591.3179;26.4563386372306;-0.00167176526295595;-9.00863391510796;-11.6187108718594;25.9271816565538;-0.0636324073430821;7.66672354608791
29202121591.7349;26.4563386376435;-0.00167176526405018;-9.00427392472459;-11.581011238056;25.9397183393671;-0.0687429147747758;7.66672354552877
29202121592.1281;26.456338638037;-0.0016717652651735;-8.99967841913532;-11.5441004113356;25.9529313013061;-0.0740908240222592;7.66672354495797
29202121592.5103;26.4563386384238;-0.0016717652663631;-8.99469839732405;-11.5068775540241;25.967248774081;-0.0798448265757191;7.66672354435737
29202121592.8788;26.4563386388015;-0.00167176526761285;-8.98935097027627;-11.4696480709789;25.9826213424384;-0.0859777079988888;7.66672354373008
29202121593.232;26.4563386391682;-0.00167176526891696;-8.98365367314164;-11.4326679795864;25.9989983949295;-0.0924575350382188;7.66672354307898
29202121593.5773;26.456338639532;-0.00167176527030707;-8.97746557991619;-11.3951944839549;26.016784776188;-0.0994316669277577;7.66672354238905
29202121593.9102;26.456338639888;-0.00167176527176791;-8.97084620261148;-11.3577476550427;26.0358091242197;-0.106824194445974;7.66672354166781
29202121594.2355;26.4563386402416;-0.00167176527332516;-8.96369035439237;-11.3198421231192;26.0563733734948;-0.114752511683056;7.66672354090331
29202121594.5525;26.4563386405924;-0.00167176527498242;-8.95605528793839;-11.281726290193;26.0783123630314;-0.12319936821243;7.66672354009427
29202121594.8639;26.4563386409435;-0.00167176527676047;-8.94794453136152;-11.2434042049938;26.1016153400392;-0.132192772602316;7.66672353923172
29202121595.1674;26.4563386412923;-0.00167176527865142;-8.93947773519117;-11.2054268970728;26.12593798513;-0.141619393372732;7.66672353832025
29202121595.4658;26.4563386416424;-0.00167176528067917;-8.93065171579969;-11.1677345100738;26.151288924205;-0.151499187823483;7.66672353734989
29202121595.7579;26.4563386419924;-0.00167176528284161;-8.92156448376518;-11.1307117194674;26.1773862145968;-0.161725701949177;7.66672353632281
29202121596.0473;26.4563386423465;-0.00167176528517084;-8.91217343107969;-11.0941851961893;26.2043519316601;-0.172330305686953;7.66672353522564
29202121596.3327;26.4563386427038;-0.00167176528766596;-8.90253724246243;-11.0584685344104;26.2320175726611;-0.183189426334502;7.66672353405997
29202121596.6125;26.456338643062;-0.00167176529031362;-8.89274000349393;-11.0239266547441;26.2601419985118;-0.194137940847292;7.66672353283252
29202121596.8901;26.4563386434256;-0.00167176529315238;-8.88267687073101;-10.990258888866;26.2890266603559;-0.20520714997647;7.6667235315264
29202121597.1632;26.4563386437921;-0.0016717652961621;-8.87244725161515;-10.9578772965939;26.3183869548781;-0.216186824826951;7.6667235301503
29202121597.4362;26.4563386441672;-0.00167176529939517;-8.86191211368501;-10.9264432228004;26.3486229546296;-0.22710506162364;7.66672352868023
29202121597.7074;26.4563386445492;-0.00167176530283842;-8.8511496587883;-10.8963177285158;26.3795115835623;-0.237738041476616;7.66672352712019
29202121597.9732;26.4563386449332;-0.00167176530644095;-8.84033417859465;-10.8680607788366;26.4105543225751;-0.24777125255791;7.66672352548977
29202121598.2365;26.4563386453232;-0.00167176531023322;-8.82938440776551;-10.8415162708231;26.4419863692112;-0.257135603432537;7.6667235237717
29202121598.499;26.4563386457221;-0.00167176531423757;-8.8182454562408;-10.81664326847;26.4739674675909;-0.265718149086332;7.66672352195114
29202121598.7599;26.456338646129;-0.00167176531843337;-8.80697255846166;-10.7936441736305;26.5063412582218;-0.273324253011642;7.66672352003084
29202121599.018;26.4563386465421;-0.00167176532278851;-8.79563531266428;-10.7726812431951;26.5389098043433;-0.279793195221163;7.66672351801769
29202121599.2753;26.4563386469652;-0.00167176532732728;-8.78415377447681;-10.7535999945666;26.5719043703525;-0.285086374296116;7.66672351589229
29202121599.5302;26.4563386473954;-0.00167176533200217;-8.77262415020821;-10.736516883102;26.6050495853881;-0.289115476159228;7.66672351366712
29202121599.7831;26.4563386478338;-0.00167176533680652;-8.76103614697971;-10.7213196625331;26.6383754458076;-0.291893362916215;7.66672351133551
29202121600.0351;26.4563386482826;-0.00167176534174437;-8.74935685814392;-10.707854225527;26.6719765155778;-0.293466027118954;7.66672350888519
29202121600.2888;26.456338648747;-0.00167176534685456;-8.73747767526901;-10.6958966984559;26.7061649230647;-0.293895207023817;7.66672350628512
29202121600.5413;26.456338649222;-0.00167176535206394;-8.72554965609908;-10.685479303834;26.7405051384371;-0.293251308922619;7.66672350355979
29202121600.7908;26.4563386497043;-0.00167176535731819;-8.71367711703573;-10.6765271397227;26.774695495465;-0.291658419272841;7.66672350072736
29202121601.0376;26.4563386501948;-0.00167176536260972;-8.70186003576184;-10.6688771520892;26.8087345862197;-0.289240563373356;7.66672349778336
29202121601.2846;26.4563386506991;-0.00167176536798447;-8.68998268681151;-10.6623352045315;26.8429544993318;-0.286073610711263;7.66672349469236
29202121601.5309;26.4563386512159;-0.00167176537341104;-8.67810171514596;-10.6568440957556;26.8771909349712;-0.282254903789688;7.66672349146141
29202121601.777;26.4563386517468;-0.00167176537889278;-8.66619647278071;-10.6523171979024;26.9115023506564;-0.277854361333874;7.66672348807795
29202121602.0215;26.4563386522885;-0.0016717653843809;-8.65435654340608;-10.6487116811059;26.9456295433492;-0.272981488148137;7.66672348456205
29202121602.265;26.4563386528433;-0.00167176538988533;-8.64254376774067;-10.6459351017292;26.9796815064868;-0.267698220681625;7.66672348089852
29202121602.5044;26.4563386534032;-0.00167176539531961;-8.63092592891465;-10.6439318741914;27.0131736047362;-0.262161953411224;7.66672347713879
29202121602.738;26.4563386539641;-0.00167176540063882;-8.61958043369863;-10.6425990344496;27.0458817596027;-0.256497150210655;7.66672347331303
29202121602.9652;26.4563386545237;-0.00167176540582228;-8.60853546807899;-10.6418236021903;27.0777239381512;-0.250797972996821;7.66672346943882
29202121603.1857;26.4563386550803;-0.00167176541085527;-8.5978091002838;-10.641502495169;27.1086474681473;-0.245140154219417;7.66672346553216
29202121603.3989;26.4563386556316;-0.00167176541572181;-8.58742369063783;-10.6415499506576;27.1385875015504;-0.239585747925478;7.66672346161233
29202121603.6041;26.4563386561746;-0.00167176542040311;-8.57740902231168;-10.6419000737489;27.1674579767122;-0.234184395139515;7.66672345770336
29202121603.8005;26.456338656706;-0.00167176542487683;-8.56780384240103;-10.6425061264024;27.1951471496743;-0.228975559597341;7.6667234538352
29202121603.987;26.4563386572211;-0.00167176542911562;-8.55866047248811;-10.6433314926559;27.2215042489202;-0.223996431848034;7.66672345004497
29202121604.1625;26.4563386577156;-0.00167176543309539;-8.55003110858012;-10.6443413161219;27.2463789200393;-0.219279778879866;7.6667234463705
29202121604.3272;26.4563386581887;-0.00167176543682252;-8.54190601582069;-10.645508603268;27.2697993513985;-0.214822296513586;7.6667234428227
29202121604.4834;26.4563386586452;-0.00167176544034449;-8.53418873647021;-10.6468220259068;27.2920436866132;-0.210573040655956;7.66672343937121
29202121604.6351;26.4563386590963;-0.00167176544375396;-8.52668457810465;-10.6482960540841;27.3136731622359;-0.206428013043604;7.66672343593434
29202121604.7907;26.4563386595674;-0.00167176544723793;-8.51898835705305;-10.6500144844865;27.3358556370896;-0.202165267516731;7.66672343232036
29202121604.9588;26.456338660086;-0.00167176545098236;-8.51069337540865;-10.6521086837982;27.3597632107899;-0.197559094079469;7.66672342831583
29202121605.1434;26.4563386606676;-0.00167176545507106;-8.50161383478954;-10.654711660086;27.3859312281564;-0.192499536397264;7.66672342379289
29202121605.3383;26.4563386612953;-0.00167176545935592;-8.49207788449972;-10.6578415158372;27.4134138343424;-0.187154162592401;7.66672341887571
29202121605.5402;26.4563386619604;-0.00167176546375762;-8.48226027103787;-10.6615499040956;27.4417073902295;-0.181602363360998;7.66672341362362
29202121605.7486;26.4563386626627;-0.00167176546825339;-8.47221042563649;-10.6659289045445;27.4706694387957;-0.175853397793759;7.66672340803464
29202121605.9637;26.4563386634055;-0.00167176547284198;-8.46192814097185;-10.6710981695423;27.5003005587039;-0.169889841753143;7.66672340207768
29202121606.1822;26.4563386641777;-0.00167176547743725;-8.45160398492461;-10.6770684765129;27.5300515442313;-0.163810800622151;7.66672339583505
29202121606.4033;26.4563386649783;-0.00167176548201637;-8.44128656075583;-10.6838890189711;27.5597822872657;-0.157642503875927;7.66672338931417
29202121606.6276;26.4563386658096;-0.00167176548657768;-8.4309755036739;-10.6916219023479;27.5894937566163;-0.151390050186109;7.66672338249265
29202121606.8554;26.4563386666746;-0.00167176549112116;-8.42066570844974;-10.7003220070538;27.6192005500225;-0.145062382149746;7.66672337534242
29202121607.0845;26.4563386675648;-0.00167176549558864;-8.41048612340131;-10.7099032839357;27.6485310071307;-0.138756999886343;7.66672336793235
29202121607.3145;26.4563386684793;-0.00167176549996688;-8.40046288236759;-10.7203340433917;27.6774097555696;-0.132511717319608;7.66672336026818
29202121607.5459;26.4563386694209;-0.00167176550426089;-8.39057897542313;-10.7316210696082;27.7058857547629;-0.126336821087187;7.66672335232439
29202121607.7792;26.4563386703913;-0.00167176550846834;-8.38083364716789;-10.7437589934979;27.7339611550769;-0.120250407453989;7.66672334408732
29202121608.0136;26.4563386713885;-0.0016717655125734;-8.37125669377091;-10.7567050022901;27.7615501230466;-0.114286623925023;7.66672333557175
29202121608.2483;26.4563386724084;-0.00167176551655512;-8.36189038079726;-10.7703913972234;27.7885309469716;-0.108483720668959;7.66672332681129
29202121608.4836;26.4563386734529;-0.00167176552041688;-8.35271869537353;-10.7848337195579;27.8149498236253;-0.102840281478005;7.66672331779107
29202121608.7198;26.4563386745237;-0.0016717655241611;-8.34372476060316;-10.800063280085;27.8408554424554;-0.0973518156870875;7.6667233084947
29202121608.957;26.4563386756206;-0.00167176552778354;-8.33490838082088;-10.8160956510283;27.8662484481736;-0.0920219081849495;7.66672329892324
29202121609.1946;26.4563386767413;-0.00167176553127356;-8.32628444417813;-10.8329245844579;27.8910860495687;-0.0868610920727225;7.66672328909769
29202121609.4321;26.4563386778836;-0.00167176553462399;-8.31786008008665;-10.8505619359909;27.91534781038;-0.0818730911009893;7.66672327903533
29202121609.6701;26.4563386790506;-0.00167176553784178;-8.30960675675291;-10.8691073320444;27.9391159938908;-0.0770392569681236;7.66672326871122
29202121609.9099;26.4563386802483;-0.00167176554094006;-8.3014862347513;-10.8886938560704;27.9625007950148;-0.0723383149588685;7.66672325807158
29202121610.1561;26.4563386815009;-0.00167176554397022;-8.29336303621789;-10.9097220227509;27.9858923838298;-0.0676986757008059;7.66672324689957
29202121610.4111;26.4563386828232;-0.00167176554694967;-8.28519682372631;-10.932406587891;28.0094069156504;-0.0631094141789744;7.66672323506164
29202121610.6765;26.4563386842258;-0.0016717655498811;-8.27699489657496;-10.9568391860357;28.0330233673371;-0.0585902902653446;7.66672322245829
29202121610.9542;26.4563386857218;-0.00167176555276875;-8.26876142067444;-10.9831359802507;28.0567297518593;-0.0541579839716207;7.66672320896641
29202121611.2479;26.4563386873338;-0.00167176555562854;-8.26047298604138;-11.0115045387103;28.0805934825674;-0.0498166741263125;7.66672319437598
29202121611.5635;26.4563386891;-0.00167176555849085;-8.25205741086791;-11.0423956430847;28.1048223901;-0.0455451999335644;7.66672317833425
29202121611.9108;26.4563386910834;-0.00167176556140355;-8.24339846355553;-11.0765019633569;28.129751093521;-0.0413106843491529;7.66672316026093
29202121612.3151;26.4563386934416;-0.00167176556450101;-8.23413004444389;-11.1157029723507;28.1564334915821;-0.0369832194910281;7.66672313870669
29202121612.831;26.4563386965243;-0.00167176556803891;-8.22356254026073;-11.1637452161556;28.186854641662;-0.0323492294206944;7.66672311045729
29202121613.6736;26.4563387017297;-0.00167176557295937;-8.20920913353629;-11.2336604870045;28.2281726829878;-0.0266828006801295;7.66672306271003
29202121615.4142;26.4563387129832;-0.00167176558113626;-8.18939383141958;-11.328094440434;28.2852104681595;-0.0205522230980096;7.66672295928588
29202121622.183;26.4563387592646;-0.00167176560969538;-8.16510848043151;-11.3747703175903;28.35511066181;-0.017497238410687;7.66672253014636
29202121667.8716;26.4563390889215;-0.00167176581107483;-8.14174501220121;-11.3557919605794;28.4223516080504;-0.0173625320070732;7.66671944789996
29202122043.8008;26.4563420220682;-0.00167176760917777;-8.10777230278111;-11.3202915334499;28.5200916952649;-0.0174836332096121;7.66669193171942
29202125133.3038;26.4563685424481;-0.00167178381079526;-8.06630887905106;-11.2803302453798;28.6390608837395;-0.0174959450646998;7.66644327405855
29202147114.2878;26.4565927287765;-0.00167191941751036;-7.99143800638444;-11.2097659349078;28.8514710738389;-0.0174517922040835;7.66438164917709
29202239518.6198;26.4578974464583;-0.00167269518601353;-7.85017578383952;-11.0759601889984;29.2410019992033;-0.0173863270717555;7.65298668949428
29202557400.4903;26.4687566784753;-0.00167899870855938;-7.46646664750703;-10.7026824493003;30.2342602382769;-0.0175502596104651;7.5787250253974
29203490273.0194;26.6212623158005;-0.00177234708856371;-6.78653640675757;-9.99971551882826;30.5521411657735;-0.0187009013798393;6.48355892138516
29205980626.3218;26.761234464887;-0.00185998067253205;-7.25021933345133;-10.4535903906349;28.1575615020072;-0.0176288500700548;5.77533078555886
29212521382.8692;26.9026046007193;-0.00194836523495255;-7.66527030934298;-10.8692515684916;27.5997991105043;-0.0172553853252936;6.20083947998295
29233103611.0004;27.0742052720902;-0.00205430924481465;-8.07897340491415;-11.2884159810944;27.0456026638495;-0.0166976013115571;6.62613860635086
29301075710.6716;27.2934509620335;-0.00218573885432487;-8.49139962105565;-11.7136374679994;26.4948495359524;-0.0158826735861617;7.05128266503902
29426720362.0319;27.5107161633431;-0.00231146609227601;-8.76215383329292;-11.999714630764;26.1351514740651;-0.0151239148674624;7.33163297695287
29604748249.4506;27.7155523460813;-0.00242528869320667;-8.93908136441873;-12.1942595329471;25.9016490231412;-0.0143929310769015;7.51586439764727
29829998939.0606;27.9119157061109;-0.00253009950347672;-9.05960567442704;-12.3322600508204;25.7447032395857;-0.0137414801126686;7.64277910465525
30079941545.6926;28.0959266909428;-0.00262418554384366;-9.1329965450421;-12.4243151032016;25.6526068986517;-0.0131163485179334;7.72238145068807
30343990906.6895;28.2717743094833;-0.00271027174947416;-9.17654862967402;-12.4867515547221;25.5992461561437;-0.0125321115342632;7.77048254523498
30613072043.8414;28.4417190059937;-0.0027898391269749;-9.1995756383297;-12.5291482101899;25.573207462557;-0.0119732659733439;7.79736745365074
30878083376.6656;28.6054101057213;-0.0028630867315198;-9.20923937987049;-12.5584710200093;25.5635854985732;-0.0114390544413549;7.80952254660776
31131337312.0685;28.7612031536706;-0.00292967393055295;-9.2110081287665;-12.5801654559073;25.5636567846219;-0.010926112074565;7.81297147364038
31370532152.3203;28.9092527265498;-0.00299024376044432;-9.20834464831856;-12.5964954531512;25.5688721588854;-0.010460700473897;7.81133389997555
31600901654.4078;29.053630525004;-0.0030466477666954;-9.20292456845529;-12.6111150315912;25.5774242113017;-0.00999232022199141;7.80662456414684
31820596028.4335;29.1935203731659;-0.00309892822607566;-9.19603273678314;-12.6234795405658;25.5875951808172;-0.00956274703323281;7.80016662297563
32032410488.8964;29.3308617788878;-0.00314794849120363;-9.18815411765369;-12.6355799500212;25.5989226610986;-0.00913683655152171;7.79258373636496
32235843851.6968;29.4653603090466;-0.00319380754946009;-9.17970463988284;-12.6469970461586;25.6109205040275;-0.00873238312722932;7.78435095357045
32429973360.4112;29.5963305144955;-0.00323646746038704;-9.17091904669081;-12.6580716111536;25.6232946916533;-0.00834607738038448;7.77572325580625
32615974130.1149;29.7244445672328;-0.00327632390492438;-9.16191797160439;-12.6690161873016;25.6359205119905;-0.00797536743408288;7.76684930386086
32790350709.045;29.8470511826295;-0.00331279056334699;-9.15297424931913;-12.6795921839514;25.648432920978;-0.00762856587614209;7.75800987848738
32956588818.1721;29.9663902062231;-0.00334672657532532;-9.14394811014719;-12.6900697859006;25.6610652222598;-0.00729714548130343;7.74909207039638
33113725523.5957;30.0815529772351;-0.00337806120306921;-9.13496553715798;-12.7002531037148;25.6736182615586;-0.00698553242506867;7.74020509109923
33261990129.4255;30.1924746868207;-0.00340691987181347;-9.12602093278379;-12.710761194189;25.6861401920441;-0.00668280189595079;7.73137034708302
33399456925.6039;30.2974524037125;-0.00343311161624257;-9.11710068777427;-12.7200333866764;25.6987447727617;-0.00641178885544123;7.72263767769734
33526954075.7305;30.3968680386137;-0.00345706186577265;-9.10804578692669;-12.7261904347823;25.7116203774571;-0.00619419394620337;7.71382714818645
33645641600.6625;30.4913389380436;-0.00347896332363554;-9.09910702314381;-12.7339320488482;25.7241240828617;-0.00596369700151454;7.70499147570469
33758917137.499;30.5832081449731;-0.00349891372444879;-9.09096616176976;-12.7541845037711;25.7349430146094;-0.00558862370981091;7.69656453838852
33865938870.5629;30.6713556523327;-0.00351616508509181;-9.08426194366915;-12.792648625197;25.7435069169729;-0.00503826523680575;7.68939367054176
33961683359.1788;30.751410104594;-0.00353019132327098;-9.07772829347384;-12.8341725744989;25.7530688848217;-0.00451216225731011;7.68321768092526
34034129879.0162;30.8132363793383;-0.00354133740862987;-9.0688444483289;-12.8128951631653;25.7688067404841;-0.00464561904649628;7.67664855346079
34073481854.1433;30.8476365676365;-0.00354986751913976;-9.05840571525055;-12.6640118774434;25.7894767369334;-0.00639493844194824;7.67038486678515
34085645989.491;30.8584371064975;-0.0035537268561981;-9.05163581993104;-12.4985685341097;25.8044294295731;-0.00922065019612589;7.66735695279274
34087509090.5188;30.8601010067082;-0.00355445641388813;-9.04910912867681;-12.4071767658497;25.810822437298;-0.0113170753110936;7.66676991961418
34087615755.676;30.8601964628665;-0.00355450229599168;-9.04821862598301;-12.3663792569451;25.8133294145243;-0.0124074745395437;7.66673275806449
34087624158.83;30.8602039970373;-0.00355450622617738;-9.04740685699392;-12.3300292506915;25.8156607555302;-0.0134666896519807;7.66672967584396
34087624873.4918;30.8602046390353;-0.00355450658838832;-9.0465669062959;-12.2951390092585;25.8180773480456;-0.0145663853393716;7.66672940049342
34087624943.0207;30.8602047016236;-0.00355450662653081;-9.04567201415564;-12.2607564682891;25.8206523600902;-0.0157355800413335;7.66672937235903
34087624952.3811;30.8602047100692;-0.00355450663210473;-9.04466645475018;-12.2251323360674;25.8235457975145;-0.0170431549759146;7.66672936836576
34087624955.7469;30.8602047131148;-0.00355450663430504;-9.04341464508565;-12.1846083652163;25.8271477311689;-0.0186587577656464;7.66672936684024
34087624957.8211;30.8602047149978;-0.00355450663579825;-9.04198643736167;-12.142720002098;25.831257127006;-0.0204838684328762;7.66672936583615
34087624959.3246;30.8602047163679;-0.00355450663699254;-9.04037829661319;-12.100000135297;25.8358841142884;-0.0225217165957361;7.66672936505634
34087624960.4864;30.8602047174309;-0.0035545066380113;-9.03859550277185;-12.057078588157;25.8410134556339;-0.0247643228262832;7.6667293644087
34087624961.4522;30.8602047183186;-0.00355450663894726;-9.03660274652902;-12.0135974424013;25.8467466877092;-0.027252803863926;7.66672936382863
34087624962.2792;30.8602047190826;-0.00355450663983286;-9.03441160122558;-11.9702651923816;25.8530504536769;-0.0299680305376674;7.66672936329208
34087624963.007;30.8602047197587;-0.00355450664069359;-9.03201183957799;-11.9271831762005;25.859954110763;-0.0329197412701927;7.66672936278123
34087624963.6802;30.8602047203879;-0.00355450664157476;-9.02930484881812;-11.8830489966755;25.8677412567189;-0.036225497654785;7.66672936226888
34087624964.2936;30.8602047209653;-0.00355450664246279;-9.02635783002699;-11.839368657547;25.8762184671036;-0.0398006332153268;7.66672936176139
34087624964.8396;30.8602047214827;-0.00355450664333227;-9.02329342811139;-11.7978969208395;25.8850328755394;-0.0434955901925388;7.66672936127109
34087624965.3589;30.8602047219787;-0.00355450664424238;-9.01994165082113;-11.756325197886;25.894673355917;-0.0475145794824073;7.66672936076527
34087624965.8475;30.8602047224493;-0.00355450664518327;-9.01634829972234;-11.7154065485373;25.9050080493527;-0.0517994898691345;7.66672936024885
34087624966.2923;30.8602047228813;-0.00355450664611982;-9.01265370849028;-11.6766278553907;25.9156332688822;-0.0561807688992542;7.66672935973967
34087624966.7231;30.8602047233036;-0.00355450664711218;-9.00863467004138;-11.637641458931;25.9271908322424;-0.0609184262478005;7.66672935920612
34087624967.1372;30.8602047237136;-0.00355450664815514;-9.00430542007755;-11.598808993282;25.9396396436819;-0.0659873010035878;7.666729358651
34087624967.5303;30.860204724107;-0.00355450664923626;-8.99971278622045;-11.5606504684397;25.952844901571;-0.0713259047233656;7.66672935808056
34087624967.9135;30.8602047244949;-0.00355450665038773;-8.99472138975956;-11.5221685243901;25.9671956741898;-0.0770864269260831;7.66672935747862
34087624968.2836;30.8602047248741;-0.00355450665160261;-8.98935195193348;-11.4837182646175;25.9826321560306;-0.0832370791778944;7.66672935684882
34087624968.6374;30.8602047252416;-0.00355450665287081;-8.98364101729011;-11.4456891101699;25.9990490819648;-0.0897241537744213;7.66672935619628
34087624968.9832;30.8602047256058;-0.00355450665422452;-8.9774419672977;-11.4072645114117;26.016867680375;-0.0967013337373903;7.66672935550529
34087624969.3168;30.8602047259626;-0.00355450665565098;-8.97080539285065;-11.3689165851166;26.0359422236654;-0.104102727176828;7.66672935478235
34087624969.6423;30.8602047263166;-0.00355450665717301;-8.96363691758719;-11.3302031047045;26.0565435845021;-0.112034200339992;7.66672935401664
34087624969.9601;30.8602047266682;-0.00355450665879781;-8.9559792130472;-11.291290353792;26.0785484964897;-0.120495901330849;7.66672935320518
34087624970.272;30.8602047270199;-0.00355450666054246;-8.94785074141646;-11.2522567763406;26.1019032936923;-0.129498918474992;7.66672935234063
34087624970.5754;30.8602047273687;-0.00355450666239744;-8.93938008664102;-11.2136897247427;26.1262379834963;-0.13892078874153;7.66672935142844
34087624970.874;30.8602047277191;-0.00355450666439135;-8.93054193789578;-11.1754211849832;26.1516247653106;-0.148805652686858;7.66672935045629
34087624971.1655;30.8602047280684;-0.00355450666651272;-8.9214737608558;-11.1379992243303;26.1776683671669;-0.159003065745716;7.66672934943078
34087624971.4542;30.8602047284219;-0.00355450666880023;-8.91210163138924;-11.101107271469;26.2045808300141;-0.169578807535105;7.66672934833522
34087624971.7396;30.8602047287791;-0.00355450667125717;-8.90246849000866;-11.0650022154483;26.2322388396127;-0.180427043347389;7.66672934716932
34087624972.0193;30.8602047291372;-0.00355450667386699;-8.89267273359094;-11.0301072967074;26.2603601393511;-0.191366588463729;7.66672934594144
34087624972.2967;30.8602047295008;-0.0035545066766662;-8.88261484876466;-10.996133077992;26.2892308823189;-0.202422904141243;7.66672934463537
34087624972.5701;30.8602047298676;-0.00355450667964066;-8.87237511811184;-10.9634306656664;26.3186213360938;-0.213406472932139;7.66672934325724
34087624972.8431;30.8602047302427;-0.0035545066828344;-8.86184067628369;-10.9317400730131;26.3488564685056;-0.224317096531818;7.66672934178651
34087624973.1143;30.8602047306249;-0.00355450668623815;-8.85107770621786;-10.901383977662;26.3797476776366;-0.23494400393304;7.6667293402256
34087624973.38;30.8602047310088;-0.00355450668979838;-8.84026921791598;-10.8729467374132;26.4107713870746;-0.244964734103637;7.66672933859542
34087624973.6432;30.8602047313987;-0.00355450669354906;-8.82932233151574;-10.8462372796904;26.4421961228255;-0.254321205741877;7.666729336877
34087624973.9054;30.8602047317972;-0.00355450669750535;-8.81820081251046;-10.8212551922366;26.4741280531303;-0.262885895333737;7.6667293350585
34087624974.1661;30.8602047322039;-0.00355450670165551;-8.80693561536695;-10.7981467348861;26.5064805035747;-0.270483605569425;7.66672933313882
34087624974.4242;30.8602047326171;-0.00355450670596776;-8.7955974972386;-10.7770814502121;26.539052213027;-0.276950055114132;7.66672933112484
34087624974.6814;30.8602047330398;-0.00355450671045718;-8.78412846516392;-10.7579424999246;26.5720113745536;-0.282234691468206;7.66672932900112
34087624974.9362;30.86020473347;-0.00355450671508673;-8.77259852164442;-10.7408019890105;26.6051579131903;-0.286261124944129;7.66672932677531
34087624975.1892;30.8602047339086;-0.00355450671984532;-8.76100929575465;-10.7255676590174;26.6384875778905;-0.289035508941791;7.6667293244429
34087624975.4409;30.8602047343568;-0.00355450672472909;-8.74934580977378;-10.7121037036554;26.6720433515447;-0.290601863217707;7.66672932199541
34087624975.6941;30.8602047348203;-0.00355450672977967;-8.73749027970281;-10.7001692061023;26.7061637315034;-0.291026529840378;7.66672931940023
34087624975.9465;30.8602047352951;-0.00355450673493515;-8.72556958167179;-10.6897733137557;26.7404828068862;-0.290379205214466;7.66672931667646
34087624976.1959;30.8602047357773;-0.00355450674013667;-8.71369986474658;-10.680854151346;26.7746648884359;-0.288781758939298;7.6667293138447
34087624976.4427;30.8602047362675;-0.0035545067453728;-8.70188879625775;-10.6732532480102;26.808686437209;-0.28635916233607;7.66672931090227
34087624976.6896;30.8602047367717;-0.00355450675069177;-8.69001473915529;-10.6667720263774;26.8428965757835;-0.283186203265196;7.66672930781232
34087624976.9359;30.8602047372884;-0.00355450675606254;-8.67813419988094;-10.6613530882184;26.87713141598;-0.279359874205763;7.66672930458175
34087624977.1822;30.8602047378197;-0.00355450676149084;-8.66621974852026;-10.6569079475677;26.9114689710856;-0.274947139338576;7.66672930119595
34087624977.4266;30.8602047383612;-0.00355450676691781;-8.65438438179245;-10.6534009979001;26.9455825680506;-0.270066652561885;7.6667292976817
34087624977.6701;30.8602047389158;-0.00355450677236083;-8.64257349863382;-10.6507336526152;26.979628591161;-0.264774290392052;7.66672929401917
34087624977.9094;30.8602047394756;-0.00355450677773281;-8.63095763918148;-10.648849206407;27.0131144735304;-0.259228705877986;7.66672929026058
34087624978.143;30.8602047400364;-0.00355450678298965;-8.619613477154;-10.6476429552171;27.0458182617447;-0.253554105725506;7.66672928643585
34087624978.3702;30.8602047405959;-0.00355450678811092;-8.60856970129474;-10.647000652399;27.0776564823459;-0.247844977908623;7.66672928256268
34087624978.5906;30.8602047411523;-0.00355450679308199;-8.59784411622727;-10.6468179046956;27.1085772298884;-0.242177022935928;7.666729278657
34087624978.8037;30.8602047417034;-0.00355450679788699;-8.58745965923265;-10.647007613386;27.1385139984315;-0.236612731697681;7.66672927473826
34087624979.0089;30.8602047422464;-0.00355450680250752;-8.57744588017302;-10.6475025156878;27.1673814031605;-0.231201764558768;7.66672927083042
34087624979.2053;30.8602047427776;-0.00355450680692155;-8.56784153143858;-10.6482544999037;27.1950676881663;-0.225983731549642;7.66672926696339
34087624979.3917;30.8602047432925;-0.00355450681110218;-8.55869948169642;-10.6492253248595;27.2214205081393;-0.220996268785002;7.66672926317453
34087624979.5672;30.8602047437868;-0.00355450681502598;-8.55007124010306;-10.6503786191246;27.2462914918868;-0.21627186210662;7.66672925950135
34087624979.7319;30.8602047442598;-0.0035545068186997;-8.5419468461548;-10.6516869148994;27.2697094783121;-0.211807065067902;7.66672925595466
34087624979.8881;30.8602047447162;-0.00355450682217038;-8.5342298397691;-10.6531399227868;27.29195261303;-0.20755085439963;7.66672925250409
34087624980.0397;30.8602047451673;-0.00355450682552935;-8.52672521650727;-10.654755342943;27.3135830219822;-0.203398875982753;7.66672924906778
34087624980.1954;30.8602047456384;-0.00355450682896119;-8.51902738288923;-10.6566251403481;27.3357697235306;-0.199128558487163;7.66672924545385
34087624980.3635;30.860204746157;-0.00355450683264861;-8.51072934272557;-10.6588902387389;27.3596856539853;-0.194513705506022;7.66672924144869
34087624980.5482;30.8602047467388;-0.00355450683667289;-8.50164761312616;-10.661689666437;27.3858594731128;-0.189445512338847;7.66672923692557
34087624980.7431;30.8602047473665;-0.00355450684088808;-8.4921090455196;-10.6650383608409;27.4133490830192;-0.184091095062649;7.66672923200799
34087624980.945;30.8602047480317;-0.00355450684521594;-8.48228919517752;-10.6689871485107;27.4416485215637;-0.178530427187338;7.66672922675567
34087624981.1534;30.860204748734;-0.003554506849633;-8.47223770702667;-10.6736304394801;27.4706147169254;-0.172772908924381;7.66672922116678
34087624981.3686;30.8602047494767;-0.00355450685413798;-8.46195398042302;-10.6790923252008;27.5002493796012;-0.166800860731439;7.66672921521003
34087624981.587;30.8602047502491;-0.00355450685864666;-8.45162779119632;-10.6853830361063;27.5300055966203;-0.160713017284688;7.66672920896722
34087624981.8082;30.8602047510496;-0.00355450686313564;-8.44130869035844;-10.6925537215175;27.5597405317197;-0.154536151767765;7.66672920244634
34087624982.0325;30.8602047518809;-0.00355450686760305;-8.43099646944435;-10.7006703961362;27.5894547040808;-0.148275429327;7.66672919562515
34087624982.2603;30.8602047527459;-0.00355450687204845;-8.42068590648945;-10.7097925213263;27.6191630489908;-0.141939705255688;7.66672918847551
34087624982.4894;30.8602047536361;-0.00355450687641516;-8.41050471758324;-10.7198339069095;27.648497466753;-0.135625810206417;7.66672918106542
34087624982.7194;30.8602047545505;-0.00355450688068964;-8.40047997426751;-10.7307640835989;27.677379887124;-0.129372170779161;7.66672917340126
34087624982.9508;30.8602047554922;-0.00355450688487652;-8.39059490205253;-10.7425937451805;27.7058585923901;-0.123189238373129;7.66672916545771
34087624983.1841;30.8602047564625;-0.0035545068889733;-8.38084874944159;-10.7553213761974;27.733935723743;-0.117095142092435;7.66672915722113
34087624983.4185;30.8602047574597;-0.00355450689296482;-8.37127062285434;-10.7689074918221;27.7615274384517;-0.111123647547393;7.66672914870574
34087624983.6532;30.8602047584797;-0.00355450689683037;-8.36190284000824;-10.783285762665;27.7885118786196;-0.105313092890821;7.66672913994512
34087624983.8885;30.8602047595241;-0.00355450690057252;-8.35273009846857;-10.7984763182846;27.8149331945921;-0.0996625055718078;7.66672913092509
34087624984.1248;30.8602047605949;-0.00355450690419423;-8.34373505154154;-10.8145182145928;27.8408414287952;-0.0941670995090869;7.66672912162879
34087624984.3619;30.8602047616918;-0.00355450690769097;-8.33491769210899;-10.8314335328292;27.8662366834504;-0.0888305765279786;7.6667291120575
34087624984.5995;30.8602047628124;-0.00355450691105255;-8.32629264722219;-10.849222834445;27.8910769206692;-0.0836633203008169;7.66672910223192
34087624984.837;30.8602047639548;-0.00355450691427197;-8.31786719287622;-10.8679057163162;27.9153412825962;-0.0786691428535837;7.66672909216949
34087624985.0751;30.8602047651218;-0.00355450691735575;-8.3096127586005;-10.887596350501;27.9391121420691;-0.0738293438930994;7.66672908184521
34087624985.3149;30.8602047663195;-0.00355450692031631;-8.30149125641567;-10.9084466461088;27.9624992557885;-0.0691226844158087;7.66672907120556
34087624985.561;30.860204767572;-0.00355450692320214;-8.2933676723467;-10.9308971307157;27.9858914505054;-0.0644777222216639;7.66672906003442
34087624985.816;30.8602047688943;-0.00355450692602899;-8.28520109393688;-10.9552004971132;28.0094065364083;-0.0598831316178771;7.66672904819759
34087624986.0813;30.8602047702966;-0.0035545069287984;-8.27699897602332;-10.9814827947736;28.0330230447738;-0.0553587296169954;7.66672903559588
34087624986.3591;30.8602047717923;-0.00355450693151289;-8.26876593646028;-11.0099026396497;28.0567276893151;-0.0509213974779247;7.66672902210711
34087624986.6526;30.8602047734035;-0.00355450693418541;-8.26047964505593;-11.040725515394;28.0805847753234;-0.0465757950824873;7.66672900752359
34087624986.968;30.8602047751687;-0.00355450693684209;-8.25206716208032;-11.0745051516237;28.1048043136875;-0.0423002151404717;7.66672899149214
34087624987.3152;30.8602047771513;-0.00355450693952455;-8.24340870018717;-11.1121070258435;28.1297311566444;-0.0380598660838855;7.66672897342592
34087624987.7191;30.8602047795068;-0.00355450694234624;-8.23414663354982;-11.1557265837446;28.1563947938945;-0.0337285053188173;7.66672895189601
34087624988.2339;30.8602047825833;-0.00355450694552154;-8.22359307140897;-11.2098649415235;28.1867753027351;-0.0290919962758857;7.6667289237035
34087624989.0736;30.8602047877698;-0.00355450694982538;-8.20927158729577;-11.2902927655117;28.2280008353492;-0.0234238858732979;7.66672887612887
34087624990.8041;30.8602047989554;-0.00355450695665793;-8.18950147050926;-11.4035751230443;28.2849078964106;-0.017277508542113;7.66672877333027
34087624997.5065;30.8602048447708;-0.00355450697955863;-8.16521648903571;-11.4663794222311;28.354806714519;-0.0141730643185246;7.66672834854089
34087625042.6737;30.8602051705601;-0.00355450714022145;-8.14188695556489;-11.4489083860307;28.4219500340384;-0.0140162695576148;7.6667253023914
34087625414.4076;30.860208069984;-0.00355450857432036;-8.10792044456481;-11.4136530606684;28.5196727794033;-0.0141062612319833;7.66669810431603
34087628467.1258;30.8602342574644;-0.00355452145351946;-8.06659300098751;-11.3747978596099;28.6382552444825;-0.0140845085212539;7.66645255268928
34087650263.3176;30.8604563118769;-0.00355462906234145;-7.99192121333522;-11.3065327436657;28.8501212760511;-0.0139809316581395;7.66441020002586
34087741966.2526;30.8617478629431;-0.00355523904831124;-7.85127165334989;-11.1770633896408;29.2380519062473;-0.0138088240672993;7.65312419631594
34088057997.1192;30.8724555724186;-0.00356009572935131;-7.47003292275177;-10.8133899196794;30.225467551463;-0.013709323690553;7.57970956129318
34088985771.2149;31.0241882802133;-0.00363394940516758;-6.78636303424488;-10.0990701267571;30.5715098336128;-0.0148802351798817;6.49616754571567
34091460919.7839;31.1642042712881;-0.00370425967013218;-7.24742363344886;-10.5465825376829;28.1615087474126;-0.0141415500232111;5.77259290421774
34097965175.347;31.3055188853661;-0.00377527546578177;-7.66301052026065;-10.9618426399025;27.602824602798;-0.0138714354784411;6.19851637169714
34118388692.1222;31.4768183210996;-0.00386035739602783;-8.07637459403004;-11.3802931922741;27.0490787165725;-0.0134348827170928;6.6234646314223
34185976683.2371;31.6958759776196;-0.0039658827123542;-8.48931110103718;-11.8065128756261;26.4976293931624;-0.0127645423037586;7.04912494483738
34311230218.3667;31.913163843011;-0.00406665394345819;-8.76075451866198;-12.0944534278578;26.1370003864729;-0.0121215130976876;7.33017872293955
34488797055.7134;32.1179604013749;-0.00415743868280908;-8.93803920553317;-12.2913490084917;25.9030176466227;-0.0114826085176292;7.51477615001168
34713848523.4765;32.3144434372866;-0.0042406866098792;-9.05895678979613;-12.4319084216231;25.7455295558068;-0.0109081272940342;7.64208487570282
34963630047.8084;32.4985010069425;-0.0043149262134393;-9.13260662843962;-12.5269246675484;25.6530868849527;-0.010347170203284;7.72195389580723
35227839268.3919;32.6745354868015;-0.00438243203475665;-9.17635022852675;-12.5926067443701;25.5994794631079;-0.00981690568709682;7.77025852335379
35496778902.6503;32.8444291084864;-0.0044442616681975;-9.19947773546604;-12.6384581381497;25.5733078656418;-0.00930693121685313;7.79724794684819
35761754628.3432;33.0081110818311;-0.00450070337983868;-9.20920523799649;-12.6716059146187;25.5636089574867;-0.0088149832006668;7.80947429160061
36014962232.3489;33.1638723391095;-0.00455151992665026;-9.21101729963814;-12.6974715940524;25.5636268301502;-0.00834004079182872;7.81297086579288
36254637295.1764;33.3122097204709;-0.00459739247100469;-9.20837224185829;-12.7180700206245;25.5688234594067;-0.00790702233966816;7.8113562323332
36485205305.8618;33.4566999949216;-0.00463958520099981;-9.20296043655182;-12.7375614261046;25.5773677935356;-0.00746886928827096;7.80665768767657
36704970755.6172;33.5966216976206;-0.00467823039423847;-9.19607433479692;-12.7548639329494;25.5875319040512;-0.00706706033344601;7.80020621476096
36916948029.9097;33.7340558237752;-0.00471402121467467;-9.18819471806395;-12.7725176496078;25.5988621153537;-0.00666649763764515;7.79262326519294
37120576546.7356;33.8686721206702;-0.00474705893469679;-9.17974095843673;-12.7898285295603;25.6108662620564;-0.00628545464855366;7.78438648854983
37314741759.0238;33.9996551520359;-0.0047773252255949;-9.17095638477335;-12.807212220055;25.6232393508323;-0.00592077010173343;7.77576004405036
37500840262.6818;34.1278261991422;-0.00480517281187797;-9.16195294881701;-12.8249553229206;25.6358685357252;-0.00556987773063665;7.76688382520498
37675348517.514;34.2505168836713;-0.00483024247819402;-9.15300438585218;-12.8426674219615;25.6483876926073;-0.00524079332890162;7.75803962256325
37841682880.0773;34.3699176781019;-0.004853161407398;-9.1439747618316;-12.8607876551205;25.6610248656099;-0.00492562227078172;7.74911838961594
37998860898.9907;34.4851038527614;-0.00487392904600825;-9.13499145501531;-12.8790046928078;25.6735788153071;-0.0046288507127215;7.7402306275516
38147086544.583;34.5959887058285;-0.00489266289040237;-9.1260511252457;-12.8982964419781;25.6860945419011;-0.00433963057108695;7.73139997808765
38284598205.3167;34.7009934251078;-0.00490933484805799;-9.11713070887282;-12.9163529285189;25.6986989675459;-0.00408027014340151;7.7226668925761
38412026143.4849;34.8003463731409;-0.00492430083677479;-9.10808389795122;-12.9301592426534;25.7115630446129;-0.00387305027213306;7.71386423216216
38530762084.8261;34.8948480208975;-0.00493771707286279;-9.0991428186389;-12.9469515076655;25.7240713247924;-0.00365200207859879;7.70502717755953
38644066239.0431;34.9867337303358;-0.00494945131554909;-9.0909978604415;-12.9847907672538;25.7348978140987;-0.00328646900920052;7.69659743358502
38751199088.997;35.0749679297322;-0.00495885877187625;-9.08428570877037;-13.0564504473478;25.7434711016115;-0.00274474729475664;7.68941761146705
38846982161.8483;35.1550494076865;-0.00496577685832106;-9.07775668596295;-13.1413027812575;25.7530207496715;-0.00222475444150464;7.68324231946209
38919537233.2126;35.2169636668404;-0.00497143959892063;-9.06887709294861;-13.1076411058147;25.7687457277155;-0.00235683547903792;7.67667275754993
38958994652.7905;35.2514542125833;-0.0049769212450192;-9.05842861376074;-12.8572176864582;25.7894299808427;-0.00409876170973507;7.67039975459023
38971210328.3523;35.2623003906039;-0.00497983063210534;-9.05164076137552;-12.6231159828947;25.8044175933015;-0.00692179670743185;7.66736047913878
38973085936.5155;35.2639754778925;-0.00498041606724051;-9.04910467124396;-12.5056633309804;25.8108318703871;-0.00902076443856916;7.66676946417881
38973193544.9102;35.2640717795141;-0.00498045379211213;-9.04821255256352;-12.4552183820248;25.8133430825932;-0.0101120317406014;7.66673196314176
38973202011.8607;35.2640793709938;-0.00498045707710908;-9.04740058472394;-12.4111920468455;25.8156750490462;-0.0111709992766767;7.66672885651211
38973202731.4741;35.2640800174492;-0.00498045738434013;-9.04656067177313;-12.3696341494376;25.8180916231217;-0.0122701722665045;7.66672857916569
38973202801.4784;35.2640800804664;-0.00498045741713831;-9.04566588905983;-12.329275135527;25.8206664190605;-0.013438729133746;7.66672855083049
38973202810.8847;35.2640800889535;-0.00498045742198447;-9.04466064243214;-12.2880219133547;25.8235590672706;-0.0147453412106723;7.66672854681658
38973202814.2577;35.2640800920056;-0.0049804574239178;-9.04340903890413;-12.2417026968717;25.8271605447906;-0.0163599888823975;7.66672854528748
38973202816.3333;35.26408009389;-0.00498045742524428;-9.0419817231947;-12.1944579346212;25.8312675288333;-0.0181831660981698;7.66672854428245
38973202817.8401;35.264080095263;-0.00498045742631902;-9.04037144159218;-12.1467535913988;25.8359008490654;-0.0202228080363791;7.66672854350076
38973202819.0034;35.2640800963274;-0.00498045742724438;-9.03858702360781;-12.0993632096732;25.8410350537644;-0.0224664120102182;7.66672854285217
38973202819.9685;35.2640800972145;-0.00498045742810074;-9.03659598243292;-12.0519044074696;25.8467635626558;-0.0249515623919931;7.66672854227232
38973202820.7952;35.2640800979782;-0.00498045742891796;-9.03440636300292;-12.0050097932349;25.8530631695525;-0.0276635924066399;7.66672854173587
38973202821.5232;35.2640800986545;-0.00498045742971861;-9.03200679148195;-11.9587199170603;25.8599665309952;-0.03061363027666;7.66672854122482
38973202822.1963;35.2640800992837;-0.00498045743054356;-9.02930081789374;-11.91164847897;25.8677510325955;-0.0339164986138195;7.66672854071244
38973202822.8094;35.2640800998607;-0.00498045743137941;-9.02635676066146;-11.8653860712613;25.8762200290829;-0.0374862092189958;7.66672854020525
38973202823.3538;35.2640801003767;-0.00498045743220001;-9.02330277349494;-11.8218054760532;25.885004796756;-0.0411666519138578;7.66672853971639
38973202823.8732;35.2640801008728;-0.00498045743306558;-9.0199528170447;-11.7782038494826;25.8946403862408;-0.0451813134158214;7.6667285392106
38973202824.3568;35.2640801013384;-0.00498045743395379;-9.01640144941915;-11.7359324486595;25.90485470197;-0.049414017132544;7.66672853869987
38973202824.8018;35.2640801017706;-0.00498045743485088;-9.0127120776797;-11.6955933234523;25.9154652969044;-0.0537870548694853;7.66672853819098
38973202825.2348;35.264080102195;-0.00498045743580901;-9.00868035972248;-11.6550022406288;25.9270597424399;-0.0585371248483641;7.6667285376554
38973202825.6486;35.2640801026047;-0.00498045743681346;-9.00435992831204;-11.6149131761721;25.9394836432051;-0.0635928192354822;7.66672853710109
38973202826.0417;35.264080102998;-0.00498045743785781;-8.99977526443315;-11.5756171803969;25.9526664585471;-0.0689191748774261;7.66672853653132
38973202826.4267;35.2640801033876;-0.0049804574389787;-8.99476710355974;-11.535893957755;25.9670659440424;-0.0746957731149511;7.66672853592707
38973202826.7983;35.2640801037684;-0.00498045744016378;-8.98938015896733;-11.4963142889167;25.9825533015698;-0.0808625992015354;7.66672853529501
38973202827.1531;35.2640801041368;-0.00498045744140157;-8.98365824246035;-11.4573136583028;25.9990023699219;-0.0873577154051702;7.66672853464106
38973202827.4992;35.2640801045014;-0.0049804574427237;-8.97745415623474;-11.4180330713686;26.0168360605703;-0.0943355889639478;7.66672853394938
38973202827.8336;35.264080104859;-0.00498045744412119;-8.97080329628275;-11.3788534900228;26.0359523168612;-0.101747389092836;7.66672853322479
38973202828.1592;35.2640801052131;-0.00498045744561162;-8.96363341171704;-11.3394454016009;26.0565584280192;-0.109674348516072;7.66672853245884
38973202828.477;35.2640801055648;-0.00498045744720444;-8.9559768609413;-11.2999050445204;26.0785607722039;-0.118128703162354;7.6667285316474
38973202828.7894;35.264080105917;-0.00498045744892024;-8.94783521537646;-11.2602246924285;26.1019542158536;-0.127140392114855;7.66672853078133
38973202829.093;35.2640801062661;-0.00498045745074499;-8.93935934121876;-11.2211058717756;26.1263047274064;-0.136562499617346;7.6667285298684
38973202829.392;35.2640801066171;-0.00498045745271028;-8.93050908704936;-11.1823031601275;26.1517271453958;-0.146455708219855;7.6667285288947
38973202829.6835;35.2640801069663;-0.0049804574548003;-8.92144126113999;-11.1444489179786;26.1777706254234;-0.15664805293947;7.66672852786893
38973202829.9723;35.2640801073199;-0.00498045745705662;-8.91206773205828;-11.1071559201353;26.2046880258803;-0.167220995903908;7.66672852677287
38973202830.2578;35.2640801076773;-0.00498045745948282;-8.90243070339304;-11.0706788076092;26.2323581376741;-0.178069372667458;7.66672852560614
38973202830.5375;35.2640801080356;-0.00498045746206117;-8.89263316140944;-11.0354584920875;26.260485511412;-0.189006796174054;7.66672852437764
38973202830.8149;35.264080108399;-0.0049804574648269;-8.88257894861241;-11.0012090998915;26.2893466717451;-0.200055106817837;7.66672852307162
38973202831.0883;35.2640801087658;-0.00498045746776812;-8.87234159236136;-10.9682573393181;26.3187312621206;-0.211032431369239;7.66672852169339
38973202831.3612;35.264080109141;-0.00498045747092798;-8.86180925256949;-10.936342069816;26.3489613055965;-0.221937496322062;7.66672852022251
38973202831.6325;35.2640801095233;-0.00498045747429852;-8.85104444953574;-10.9057760803519;26.3798586935298;-0.232563114048064;7.66672851866086
38973202831.8982;35.2640801099071;-0.00498045747782385;-8.84023893515459;-10.8771697260619;26.4108747297277;-0.242578325819056;7.66672851703064
38973202832.1614;35.2640801102971;-0.00498045748153928;-8.8292940973325;-10.8503122128022;26.4422943875683;-0.251930657750425;7.66672851531204
38973202832.4236;35.2640801106956;-0.00498045748546085;-8.81817130502998;-10.8251968702291;26.4742307072396;-0.26049403561872;7.66672851349283
38973202832.6844;35.2640801111025;-0.00498045748957565;-8.80690436282567;-10.8019769439028;26.5065888209117;-0.268090398425088;7.66672851157231
38973202832.9426;35.2640801115158;-0.00498045749385159;-8.79556555238249;-10.780824443693;26.5391630765195;-0.274554351756206;7.66672850955766
38973202833.1996;35.2640801119383;-0.00498045749830108;-8.78410272147947;-10.7616295299339;26.572104873635;-0.279833142363111;7.66672850743454
38973202833.4545;35.2640801123686;-0.00498045750289197;-8.77257482803991;-10.744444300961;26.6052458673434;-0.283855820429209;7.66672850520862
38973202833.7074;35.2640801128072;-0.00498045750761149;-8.76098591145904;-10.7291804034427;26.6385748882693;-0.286626602096528;7.66672850287577
38973202833.9589;35.2640801132551;-0.00498045751245132;-8.74933105581412;-10.7157124320142;26.6721059764749;-0.288188025758055;7.66672850042962
38973202834.2118;35.264080113718;-0.00498045751745281;-8.73749399880532;-10.7037961962236;26.7061732309516;-0.28860873039149;7.66672849783815
38973202834.4641;35.2640801141926;-0.00498045752256413;-8.7255777065299;-10.6934170705604;26.7404795689128;-0.287958450314268;7.66672849511516
38973202834.7136;35.2640801146749;-0.0049804575277222;-8.7137087470392;-10.6845245435455;26.7746593407637;-0.286357233088609;7.6667284922834
38973202834.9603;35.2640801151649;-0.00498045753291241;-8.70190210210085;-10.6769643979968;26.8086679539544;-0.283931083522242;7.66672848934194
38973202835.2072;35.264080115669;-0.00498045753818444;-8.69003140412827;-10.6705342022577;26.842868160311;-0.280754108403291;7.66672848625278
38973202835.4535;35.264080116186;-0.00498045754351073;-8.67814613945309;-10.6651733053982;26.8771163114073;-0.276920753586539;7.66672848302087
38973202835.7001;35.2640801167176;-0.0049804575488943;-8.66622430597268;-10.6607968193821;26.9114747910732;-0.272499045275345;7.66672847963286
38973202835.9443;35.2640801172589;-0.00498045755427028;-8.65439335270102;-10.6573723273222;26.9455752783038;-0.26761378802701;7.66672847611982
38973202836.1878;35.2640801178134;-0.00498045755966152;-8.64258537573299;-10.6547963105984;26.9796124999019;-0.262315994941173;7.66672847245815
38973202836.4271;35.2640801183731;-0.00498045756498151;-8.63097123179572;-10.6530107209922;27.013092990577;-0.256764408944007;7.66672846870013
38973202836.6607;35.2640801189339;-0.0049804575701873;-8.6196277421582;-10.6519096908511;27.0457943823436;-0.251083279934098;7.66672846487569
38973202836.8878;35.2640801194933;-0.00498045757525695;-8.60858449117319;-10.6513779974609;27.0776306276945;-0.245367565170132;7.6667284610028
38973202837.1083;35.2640801200498;-0.00498045758017721;-8.59785903313406;-10.651310174198;27.1085505488931;-0.239692892392931;7.66672845709727
38973202837.3214;35.2640801206009;-0.0049804575849313;-8.58747480008446;-10.6516180287989;27.1384862185477;-0.234122088921844;7.66672845317875
38973202837.5266;35.2640801211438;-0.00498045758950177;-8.57746114191409;-10.6522332056468;27.1673528321757;-0.22870478937756;7.6667284492711
38973202837.723;35.264080121675;-0.00498045759386685;-8.56785672756168;-10.6531065123769;27.1950388774878;-0.223480636284828;7.66672844540421
38973202837.9094;35.2640801221899;-0.00498045759799971;-8.55871484709977;-10.654198432457;27.2213907974986;-0.21848756525633;7.66672844161559
38973202838.0848;35.2640801226842;-0.00498045760187776;-8.55008650013034;-10.6554714033845;27.2462616927157;-0.213757824254078;7.66672843794253
38973202838.2496;35.2640801231572;-0.00498045760550792;-8.54196174701993;-10.6568975582942;27.2696803418963;-0.209287955690452;7.66672843439586
38973202838.4058;35.2640801236136;-0.00498045760893654;-8.53424462978219;-10.6584673953352;27.2919234393969;-0.205027151873361;7.66672843094542
38973202838.5574;35.2640801240646;-0.0049804576122534;-8.52674032715635;-10.6602011931898;27.3135525747343;-0.2008710385085;7.66672842750946
38973202838.7131;35.2640801245356;-0.00498045761564091;-8.51904380602891;-10.6621974460529;27.3357351327873;-0.196597104732718;7.66672842389637
38973202838.8812;35.2640801250542;-0.00498045761927987;-8.51074618612153;-10.6646054784672;27.3596494607891;-0.191977899875352;7.6667284198917
38973202839.0658;35.2640801256358;-0.00498045762324889;-8.50166647706168;-10.6675690809155;27.3858170254049;-0.186905937641683;7.66672841536994
38973202839.2607;35.2640801262635;-0.00498045762740572;-8.49212796619031;-10.6711014030844;27.4133060142459;-0.181546540375429;7.66672841045281
38973202839.4626;35.2640801269286;-0.00498045763167144;-8.48230829753171;-10.675252148028;27.4416044520436;-0.175980946646795;7.66672840520107
38973202839.671;35.2640801276308;-0.00498045763602253;-8.47225746511057;-10.6801176320875;27.4705682617833;-0.170218781154657;7.66672839961308
38973202839.8861;35.2640801283735;-0.00498045764045789;-8.46197434521204;-10.6858258359537;27.5002006598666;-0.164242055644886;7.6667283936573
38973202840.1046;35.2640801291457;-0.00498045764489429;-8.45164771398169;-10.6923868610282;27.529957622581;-0.158148980218639;7.6667283874149
38973202840.3258;35.2640801299463;-0.00498045764930852;-8.44132835876476;-10.699853320442;27.5596927534609;-0.151967041921952;7.6667283808946
38973202840.55;35.2640801307774;-0.00498045765369782;-8.43101613372043;-10.7082946987982;27.589406391902;-0.145701422315864;7.6667283740742
38973202840.7779;35.2640801316423;-0.00498045765806204;-8.42070567371982;-10.717774562757;27.6191138866504;-0.139360870941244;7.66672836692552
38973202841.0069;35.2640801325325;-0.00498045766234551;-8.41052362351705;-10.7282069444789;27.6484502332383;-0.133041603931459;7.66672835951575
38973202841.2369;35.264080133447;-0.00498045766653454;-8.40049813676427;-10.7395622893411;27.6773342469173;-0.126782731992531;7.666728351852
38973202841.4684;35.2640801343887;-0.00498045767063329;-8.3906124925178;-10.7518550151141;27.7058140566884;-0.120594747517308;7.66672834390902
38973202841.7016;35.2640801353589;-0.00498045767463878;-8.38086601790408;-10.7650871058793;27.7338915789291;-0.114495844689312;7.66672833567326
38973202841.936;35.264080136356;-0.00498045767853655;-8.37128710379156;-10.7792225312293;27.7614850352194;-0.10851937067196;7.66672832715831
38973202842.1707;35.264080137376;-0.00498045768230614;-8.3619182641507;-10.7941963272161;27.7884720056141;-0.102703821605313;7.66672831839786
38973202842.406;35.2640801384203;-0.00498045768595008;-8.3527447820017;-10.8100329761948;27.8148949540612;-0.0970485899858196;7.66672830937828
38973202842.6423;35.2640801394911;-0.00498045768947108;-8.34374893148788;-10.8267787703726;27.8408050148358;-0.0915486511302811;7.66672830008235
38973202842.8795;35.264080140588;-0.00498045769286448;-8.33493090993518;-10.8444619605476;27.8662017017572;-0.0862078324625001;7.66672829051155
38973202843.1171;35.2640801417087;-0.00498045769612042;-8.3263050055311;-10.8630900723394;27.8910439539085;-0.081036318609586;7.6667282806862
38973202843.3546;35.264080142851;-0.00498045769923209;-8.31787870087018;-10.8826902036019;27.9153103188426;-0.0760380476292693;7.66672827062397
38973202843.5926;35.264080144018;-0.00498045770220578;-8.3096233950502;-10.9033904255706;27.9390832554663;-0.0711942831182294;7.6667282602998
38973202843.8324;35.2640801452156;-0.00498045770505317;-8.30150133387372;-10.9253601096891;27.9624715575525;-0.0664839446927088;7.66672824966066
38973202844.0785;35.264080146468;-0.00498045770782051;-8.29337736192092;-10.9490787089025;27.9858644529318;-0.0618354291683866;7.66672823849033
38973202844.3335;35.2640801477902;-0.00498045771052236;-8.2852103384474;-10.9748351868106;28.0093804082281;-0.0572372360247677;7.66672822665435
38973202844.5989;35.2640801491925;-0.00498045771315894;-8.27700785569644;-11.0027906177054;28.032997560906;-0.0527092427840531;7.66672821405378
38973202844.8765;35.2640801506879;-0.00498045771573169;-8.26877514033766;-11.0331467550934;28.0567008734204;-0.0482686316341276;7.66672820056756
38973202845.17;35.2640801522986;-0.00498045771825091;-8.26049002191242;-11.0662325360131;28.0805541918534;-0.0439200838509577;7.66672818598864
38973202845.4852;35.2640801540629;-0.00498045772073956;-8.2520792397708;-11.1027076937901;28.1047684492998;-0.0396416349172771;7.66672816996377
38973202845.8324;35.264080156045;-0.00498045772323372;-8.24342078165781;-11.1436157563395;28.1296949001108;-0.0353972927022952;7.66672815190203
38973202846.236;35.2640801583988;-0.00498045772583056;-8.23416247016466;-11.1914929101395;28.1563473377095;-0.0310631771959585;7.66672813038754
38973202846.7501;35.2640801614713;-0.00498045772871097;-8.22361751708659;-11.2516502246386;28.186702647414;-0.0264247913259786;7.66672810223124
38973202847.5881;35.2640801666461;-0.00498045773251582;-8.20931540937453;-11.3428693792709;28.2278718962065;-0.0207550683514769;7.66672805476391
38973202849.3126;35.2640801777913;-0.00498045773826783;-8.18957036185345;-11.476840473851;28.2847062500136;-0.0145976034186117;7.66672795233546
38973202855.9773;35.2640802233424;-0.0049804577566809;-8.16528148147042;-11.5586540748076;28.3546160220691;-0.0114617564812481;7.6667275300159
38973202900.7885;35.2640805464893;-0.00498045788504559;-8.14198721044639;-11.5429415559773;28.4216578737265;-0.0112900291120925;7.6667245085193
38973203269.7312;35.264083423449;-0.004980459030832;-8.10802508258403;-11.5078552020851;28.5193683334142;-0.011358207089522;7.66669752242203
38973206298.0655;35.2641093900502;-0.00498046928810467;-8.06678870846905;-11.4701719158884;28.6376917672054;-0.0113124012980757;7.66645403223027
38973227973.7562;35.2643300519823;-0.00498055469612129;-7.99224553020854;-11.4044743100662;28.8492064810911;-0.0111661920266596;7.66442427537569
38973319216.0109;35.2656129552102;-0.00498103371939236;-7.85200211045498;-11.2798393962602;29.2360753317305;-0.0109164589611182;7.65320988973553
38973634100.9608;35.2762262123297;-0.0049847641222867;-7.47230321818378;-10.9263961644628;30.2198527088897;-0.0106218312383193;7.5803255775326
38974558790.2192;35.4274799235227;-0.00504320822663498;-6.78628977326885;-10.1992551051767;30.5834091252389;-0.0118173626296075;6.50397859804608
38977024621.0554;35.5675241353915;-0.00509965087401428;-7.24569811549975;-10.6403559036597;28.1639490603095;-0.0113510428200245;5.77090666605692
38983507841.6811;35.7088168997753;-0.00515678755338099;-7.66167087885299;-11.0548758042793;27.604616221449;-0.0111628936765815;6.19713880592855
39003830248.2911;35.8799094285899;-0.00522522146850701;-8.07474409106948;-11.472703749632;27.0512578519613;-0.0108200135722985;6.62178666982603
39071203401.9917;36.0988858808108;-0.00531000408945596;-8.48808946171269;-11.9001800388047;26.4992536638677;-0.0102598985234575;7.04786258432156
39196227945.0841;36.3161854995129;-0.00539068601439324;-8.7599363118145;-12.1902190248622;26.1380797637544;-0.00970489779089602;7.32932817699439
39373595001.4449;36.5210150045664;-0.00546292582905243;-8.93748044281668;-12.3900963353299;25.9037498202743;-0.0091358033868492;7.51419260056227
39598510571.9457;36.717541788083;-0.00552872736382489;-9.05859777563535;-12.5337834985713;25.7459851295924;-0.00862032800538134;7.64170069151856
39848205808.0138;36.9016266753891;-0.00558691248799693;-9.13239212054825;-12.6325982910536;25.6533492395085;-0.00810845112150847;7.72171854950717
40112437901.4409;37.0777237261149;-0.00563933039905417;-9.17623348309418;-12.7025058559734;25.5996152220572;-0.00762010691422141;7.77012663388038
40381070660.2911;37.2474507128102;-0.00568677219387115;-9.19940807139769;-12.7529978614088;25.5733779484587;-0.0071482265315052;7.79716275138548
40646153089.1028;37.4112066341586;-0.00572962066757219;-9.20918392828841;-12.7914455845534;25.5636218331387;-0.00668899279366966;7.80944389425837
40899406354.9411;37.5669936944657;-0.00576767033478057;-9.21102367225164;-12.8232041918531;25.5636061642662;-0.00624369382976691;7.81297132275407
41136613297.1106;37.7137808938516;-0.00580120450937516;-9.20843921059711;-12.8496397739252;25.5687075692541;-0.00584128253261869;7.81140962371928
41367172399.8876;37.8582313434227;-0.00583185838969974;-9.2030633755812;-12.8762968158663;25.5772099948319;-0.00542774866084799;7.80675227760743
41587603819.3557;37.9985433214778;-0.00585953625530452;-9.19617875013986;-12.9011409011028;25.5873766923538;-0.00504735221530354;7.80030539542356
41797414984.2989;38.1345093110755;-0.00588434789548912;-9.18839830717674;-12.9271731206736;25.5985691913616;-0.00467133354374729;7.79282117586524
42000807338.3394;38.2688966124847;-0.00590696735356985;-9.17997638973308;-12.9538524269797;25.6105299007296;-0.00431064766864237;7.78461663289951
42195375700.1197;38.4000808775147;-0.00592725789157966;-9.17119047578755;-12.9817786596198;25.6229074927005;-0.00396314739640219;7.77599063939055
42380885872.6971;38.527764715705;-0.00594533957568745;-9.16223180029631;-13.0111288517152;25.6354746827011;-0.00363031501664856;7.76715909552656
42556428488.435;38.6511143375726;-0.00596128080086734;-9.15324474295176;-13.0418608689258;25.6480480039551;-0.00331465392812376;7.75827707192435
42722167018.0653;38.7700087973127;-0.00597524956086609;-9.1442618638499;-13.0742656259505;25.6606204185685;-0.00301483390251773;7.74940248130938
42879914367.9286;38.8855405980727;-0.00598753669522997;-9.13526052926726;-13.1085114644286;25.6731991272532;-0.00273041747079089;7.74049660802556
43028226643.2555;38.996418652021;-0.00599812538007018;-9.1263315027533;-13.1463350754329;25.6856970117096;-0.00245294484231231;7.73167578882857
43165949769.1717;39.1015141982107;-0.00600713505382044;-9.11742255977976;-13.1842978063668;25.6982810128894;-0.00220307269207086;7.72295113372801
43293029623.9134;39.200517218128;-0.00601485826709314;-9.10842826752785;-13.2162786819056;25.7110712676348;-0.00200571747240883;7.71420015688836
43411951842.1413;39.2950943913885;-0.0060214658489363;-9.0994766717986;-13.2552204502834;25.7236116561022;-0.0017971658853803;7.70536434222616
43525211453.4849;39.3868811376434;-0.00602663073339243;-9.09129509214818;-13.3410144566463;25.7345152456147;-0.00144809357779203;7.69691570390795
43632763277.0978;39.4754109835735;-0.00602978401955303;-9.08452807012738;-13.5328543937937;25.7431479144739;-0.00091692819744782;7.68967006212129
43729544820.2209;39.556276120335;-0.00603100241989107;-9.07803121701385;-13.9000025315685;25.7525615452745;-0.000388015539808619;7.68346577901658
43803304970.0463;39.6191613495443;-0.00603216438662239;-9.06927314200006;-13.8026280964159;25.7679875266802;-0.000476130000883491;7.67693012586032
43844020678.6756;39.6547201920716;-0.00603512625504026;-9.05881438194734;-13.1381962368789;25.7886164288497;-0.00214805891059159;7.6706002850448
43856907754.6255;39.6661566389219;-0.00603732392737767;-9.05186327205861;-12.7681914463822;25.8038962381515;-0.00495857758117395;7.66744214569454
43858950030.754;39.6679800845412;-0.00603782551792876;-9.04922164519823;-12.6097651143506;25.8105437489258;-0.00709992375201862;7.6668039154467
43859069583.9666;39.6680870511539;-0.0060378595151424;-9.0483130076829;-12.5461179264875;25.8130966625208;-0.00820418016379026;7.66676246103874
43859078871.9048;39.6680953767793;-0.00603786250169404;-9.04750245155971;-12.4927492893303;25.8154242124948;-0.00926045718652377;7.66675906806612
43859079659.4325;39.6680960840763;-0.00603786278544495;-9.04666395472869;-12.4433285460928;25.817836751561;-0.0103575075615385;7.66675876584315
43859079735.67;39.6680961526879;-0.0060378628160656;-9.04577110407292;-12.3961544667883;25.8204060664411;-0.0115233752671165;7.66675873511446
43859079745.6467;39.6680961616874;-0.00603786282053446;-9.04477112952478;-12.3487913009941;25.8232836354494;-0.0128230487681177;7.66675873087535
43859079749.0825;39.6680961647955;-0.00603786282226943;-9.04353565550436;-12.2967335238509;25.8268388137275;-0.0144169497173894;7.66675872932479
43859079751.1879;39.6680961667063;-0.00603786282346985;-9.04211826503748;-12.2440026691272;25.8309173683983;-0.0162276422963905;7.66675872831028
43859079752.7096;39.6680961680924;-0.00603786282444904;-9.04052107890362;-12.1914555054106;25.8355131545765;-0.0182508319230437;7.66675872752482
43859079753.8813;39.6680961691641;-0.00603786282529821;-9.03875178156599;-12.1398157018642;25.8406040153215;-0.0204756991879348;7.66675872687497
43859079754.8541;39.6680961700579;-0.00603786282609179;-9.03677209720439;-12.0884484172988;25.8463000303261;-0.0229467963486377;7.66675872629364
43859079755.6896;39.6680961708294;-0.00603786282685746;-9.03458458610273;-12.0378910710122;25.8525937708285;-0.025656513380777;7.66675872575436
43859079756.4223;39.6680961715098;-0.00603786282760989;-9.03219282823714;-11.9884897655102;25.8594748699896;-0.0285971507071637;7.66675872524263
43859079757.0916;39.6680961721352;-0.00603786282837985;-9.02952776995255;-11.9391633011303;25.8671419105003;-0.031850255056115;7.66675872473591
43859079757.7052;39.6680961727123;-0.00603786282916914;-9.02660994239865;-11.8906406004549;25.875535723585;-0.0353882178459102;7.66675872423134
43859079758.2528;39.6680961732309;-0.00603786282995172;-9.02356611326949;-11.8449121611288;25.8842915547747;-0.0390562224004979;7.66675872374264
43859079758.782;39.6680961737361;-0.00603786283079287;-9.02017798370564;-11.7987332687056;25.8940372531786;-0.0431165976814684;7.66675872323006
43859079759.2606;39.6680961741966;-0.00603786283163344;-9.01668693861396;-11.7553991039961;25.9040783906584;-0.0472776607854781;7.66675872272717
43859079759.7065;39.6680961746294;-0.00603786283249551;-9.01301819979561;-11.7136884280308;25.9146299859929;-0.0516267497365408;7.66675872222024
43859079760.1394;39.6680961750534;-0.00603786283341688;-9.00901668108428;-11.671927330794;25.9261379589791;-0.0563413407930549;7.66675872168783
43859079760.5519;39.6680961754615;-0.00603786283438204;-9.00474258699086;-11.6309218694695;25.9384290166477;-0.0613429117433297;7.66675872113859
43859079760.9498;39.6680961758591;-0.00603786283540407;-9.00013708915716;-11.5902145257686;25.9516721727338;-0.0666941757842056;7.66675872056537
43859079761.3356;39.6680961762493;-0.0060378628364925;-8.995153017551;-11.5495553401554;25.9660028621558;-0.0724440594045881;7.66675871996324
43859079761.7043;39.6680961766267;-0.00603786283763328;-8.98984620380811;-11.5095241293242;25.9812603488083;-0.0785203613083719;7.66675871933975
43859079762.0612;39.6680961769969;-0.00603786283884371;-8.984133169715;-11.4696166663654;25.9976844319108;-0.0850063113114142;7.66675871868598
43859079762.4072;39.6680961773609;-0.00603786284013003;-8.97797822571823;-11.429748440847;26.0153774539424;-0.0919305622483546;7.66675871799892
43859079762.7423;39.6680961777189;-0.00603786284149539;-8.97136275728468;-11.3899361020425;26.0343926224954;-0.0993056836034194;7.66675871727728
43859079763.0685;39.668096178073;-0.00603786284295236;-8.96423289389809;-11.3499753319284;26.0548844156687;-0.107188134581282;7.66675871651503
43859079763.3863;39.6680961784242;-0.00603786284450885;-8.95662312769307;-11.3099699579706;26.0767530960482;-0.115586385914497;7.66675871570872
43859079763.6995;39.6680961787769;-0.00603786284619218;-8.94850481557271;-11.2697387177481;26.1000803386314;-0.12456841597983;7.66675871484575
43859079764.0043;39.6680961791268;-0.00603786284798671;-8.94003648514953;-11.2300562672047;26.1244100783938;-0.133975908364045;7.6667587139349
43859079764.3045;39.6680961794786;-0.0060378628499219;-8.93118763683012;-11.1907105077381;26.1498294039705;-0.143861965349919;7.66675871296308
43859079764.5949;39.668096179826;-0.00603786285196527;-8.92218566261827;-11.1526344895641;26.1756847358678;-0.153974649573385;7.66675871194709
43859079764.8829;39.6680961801779;-0.0060378628541747;-8.91286881314874;-11.1150937148044;26.2024403999176;-0.164481417528794;7.66675871086051
43859079765.1671;39.6680961805329;-0.00603786285654655;-8.9033093369864;-11.0784585070258;26.2298888856111;-0.175245663809497;7.66675870970644
43859079765.4475;39.6680961808913;-0.0060378628590878;-8.893520248432;-11.0428410558274;26.2579930217543;-0.186183298929975;7.66675870848261
43859079765.7254;39.6680961812547;-0.00603786286181402;-8.88347870933156;-11.0082333838788;26.2868187844333;-0.197234714904339;7.66675870718211
43859079766.0007;39.6680961816233;-0.00603786286473151;-8.87319905849454;-10.9747717518904;26.3163256732602;-0.208282393080741;7.66675870580216
43859079766.2722;39.6680961819957;-0.00603786286782917;-8.86274757253157;-10.9427482746616;26.346324432975;-0.219138827365504;7.66675870434689
43859079766.542;39.668096182375;-0.00603786287113285;-8.85206861068347;-10.912077260978;26.3769760743793;-0.229729281936821;7.66675870280284
43859079766.8084;39.668096182759;-0.00603786287461958;-8.84125825595378;-10.8831219160904;26.4080064425241;-0.239812577634513;7.66675870117765
43859079767.0726;39.6680961831496;-0.00603786287830177;-8.83029346476394;-10.8558988827286;26.4394836016147;-0.249257107287349;7.66675869946196
43859079767.334;39.6680961835459;-0.0060378628821626;-8.81922700562169;-10.8306089432962;26.4712581485823;-0.257865146219064;7.66675869765844
43859079767.5941;39.6680961839505;-0.0060378628862164;-8.80801330726313;-10.8072040607778;26.5034630455648;-0.265528945491554;7.66675869575423
43859079767.8522;39.6680961843627;-0.00603786289044266;-8.79669600303648;-10.785810271496;26.5359749587337;-0.272095137167225;7.66675869375128
43859079768.1094;39.6680961847845;-0.00603786289484849;-8.7852387169111;-10.7663621820755;26.568900054789;-0.277491771811043;7.66675869163757
43859079768.3649;39.6680961852147;-0.00603786289940232;-8.77370092330121;-10.7489248304619;26.6020686023991;-0.28163816234697;7.66675868941849
43859079768.6183;39.668096185653;-0.00603786290408478;-8.76210455770945;-10.7334417766986;26.6354180609651;-0.284526222969718;7.66675868709321
43859079768.87;39.6680961861;-0.00603786290888129;-8.75045884243121;-10.7198023540735;26.6689218326538;-0.286194937201741;7.6667586846585
43859079769.1234;39.6680961865626;-0.00603786291384846;-8.73860724164595;-10.7077153087206;26.7030299240773;-0.286716360607452;7.66675868207399
43859079769.3753;39.6680961870352;-0.00603786291890651;-8.72672020885815;-10.6972316031919;26.737251041645;-0.286157649211901;7.66675867936849
43859079769.6245;39.6680961875157;-0.00603786292401572;-8.71487004663247;-10.6882456691337;26.7713757439522;-0.284639433932538;7.66675867655281
43859079769.8717;39.6680961880055;-0.0060378629291733;-8.70304610953563;-10.6805891423309;26.8054332967848;-0.282279798650971;7.66675867361926
43859079770.1189;39.6680961885089;-0.00603786293440882;-8.69116563253909;-10.674088418871;26.8396608747739;-0.279160673731908;7.66675867054033
43859079770.365;39.668096189024;-0.00603786293968747;-8.67929435301007;-10.6686851404269;26.8738679822632;-0.27538443632239;7.66675866732566
43859079770.6106;39.6680961895521;-0.00603786294500692;-8.66742248248097;-10.664290832116;26.9080817685629;-0.271028142789441;7.66675866396633
43859079770.8549;39.6680961900922;-0.00603786295034245;-8.65558769365277;-10.6608420500486;26.9421926626391;-0.266181936969841;7.66675866046751
43859079771.099;39.6680961906465;-0.00603786295570369;-8.64375319073985;-10.6582527999355;26.976305762267;-0.260905278901015;7.66675865681335
43859079771.3389;39.6680961912062;-0.00603786296099525;-8.63210911688315;-10.6564717180019;27.0098720217589;-0.255364148659059;7.66675865306126
43859079771.5731;39.6680961917669;-0.00603786296617211;-8.6207379293662;-10.6553925645259;27.0426528198765;-0.249686267624964;7.66675864924277
43859079771.8009;39.6680961923264;-0.00603786297121452;-8.60966596279831;-10.6548978080505;27.0745714660808;-0.243966247422417;7.66675864537469
43859079772.0219;39.6680961928831;-0.00603786297610835;-8.5989102393761;-10.6548797519415;27.1055783034508;-0.238280863313175;7.6667586414725
43859079772.2358;39.6680961934348;-0.0060378629808389;-8.58849180747498;-10.6552476207223;27.1356122620762;-0.232693264141765;7.66675863755475
43859079772.4418;39.6680961939786;-0.00603786298538815;-8.5784406701298;-10.6559303322283;27.1645866411835;-0.227254995559726;7.66675863364533
43859079772.639;39.6680961945109;-0.0060378629897345;-8.56879610448504;-10.6568760128201;27.1923881645559;-0.222007395929634;7.66675862977414
43859079772.8263;39.6680961950273;-0.00603786299385072;-8.55961227169186;-10.6580432359473;27.2188607596924;-0.216989630199034;7.66675862597899
43859079773.0028;39.6680961955234;-0.00603786299771581;-8.55093681944252;-10.6593939907256;27.2438671884789;-0.212232350120313;7.66675862229575
43859079773.1684;39.668096195998;-0.00603786300133166;-8.54277045543102;-10.6608984878321;27.2674055401205;-0.207737922889733;7.66675861873998
43859079773.3254;39.668096196456;-0.00603786300474565;-8.5350139733798;-10.6625476929413;27.2897618695266;-0.203453903385978;7.66675861528053
43859079773.4775;39.6680961969075;-0.00603786300804015;-8.52748945356779;-10.6643593539972;27.3114490497209;-0.199285106220557;7.66675861184375
43859079773.6318;39.6680961973736;-0.00603786301136613;-8.51985760969956;-10.6664163434395;27.3334449716508;-0.195045366525316;7.66675860827052
43859079773.7991;39.668096197889;-0.00603786301495407;-8.51159266250162;-10.6689010425025;27.3572648919768;-0.1904426848865;7.66675860429342
43859079773.9816;39.6680961984624;-0.00603786301883735;-8.5026154484959;-10.6719254916351;27.3831368041313;-0.18542707728529;7.66675859983742
43859079774.1763;39.6680961990882;-0.00603786302294821;-8.49307913152857;-10.6755580146696;27.4106191856048;-0.180069418831469;7.66675859493892
43859079774.378;39.668096199751;-0.00603786302716329;-8.48326620153208;-10.6798133422755;27.4388979003569;-0.174509680320088;7.66675858970998
43859079774.5856;39.6680962004492;-0.00603786303145311;-8.47324181990325;-10.6847798792173;27.4677851672824;-0.168766243102843;7.66675858415802
43859079774.7996;39.6680962011862;-0.00603786303581742;-8.4630018197407;-10.6905852733359;27.4972929785964;-0.162819526499476;7.66675857825145
43859079775.0184;39.6680962019578;-0.00603786304021009;-8.4526490111398;-10.6972948631994;27.5271250351427;-0.156716600904027;7.66675857201986
43859079775.2396;39.6680962027566;-0.00603786304457358;-8.44231455280248;-10.704919164842;27.5569033448335;-0.150530949460167;7.66675856551809
43859079775.4633;39.6680962035839;-0.00603786304890053;-8.43201129484813;-10.7135171988243;27.5865908077146;-0.14427534751214;7.66675855873373
43859079775.6904;39.6680962044436;-0.00603786305319508;-8.42172170201079;-10.7231615533878;27.6162378475259;-0.137950939670416;7.66675855163256
43859079775.9198;39.6680962053332;-0.00603786305742997;-8.41150474542215;-10.7338381802175;27.6456744441111;-0.131611474475975;7.66675854423268
43859079776.1499;39.6680962062463;-0.00603786306156512;-8.40145341369559;-10.7454596625454;27.6746326058096;-0.125335937908769;7.66675853658558
43859079776.3811;39.6680962071846;-0.00603786306560068;-8.3915598276673;-10.7580286310589;27.7031349916887;-0.119140691066564;7.66675852867418
